[2026-09-27T13:33:12Z] checkpoint fresh next_page=1 path=state/myfonts_crawl_checkpoint.json
[2026-09-27T13:33:12Z] === MyFonts crawl start source=myfonts ===
[2026-09-27T13:33:12Z] config max_pages=250 page_size=100 start_date=2026-09-14 end_date=2026-09-27 api_delay=0.5s detail_delay=0.35s max_debut_checks=5000 max_tech_specs_checks=5000 reuse_success_profile=False always_enrich_packages=True language_script_signal_mode=strong force_fresh_run=False start_page=1 browser_mode=False browser_headless=True browser_storage_state_path=state/myfonts_storage_state.json
[2026-09-27T13:33:14Z] #1 attempt=1/6 status=200 1.088s url=https://www.myfonts.com/products.json?limit=100&page=1
[2026-09-27T13:33:14Z] #2 attempt=1/2 status=200 0.444s url=https://www.myfonts.com/products/milago-display-package-1232373
[2026-09-27T13:33:15Z] #3 attempt=1/2 status=200 0.537s url=https://www.myfonts.com/collections/milago-font-oz-design/
[2026-09-27T13:33:16Z] #4 attempt=1/2 status=200 0.462s url=https://www.myfonts.com/collections/milago-font-oz-design/?tab=techSpecs
[2026-09-27T13:33:18Z] #5 attempt=1/2 status=200 0.531s url=https://www.myfonts.com/products/ot-replica-complete-family-package-1232355
[2026-09-27T13:33:19Z] #6 attempt=1/2 status=200 0.619s url=https://www.myfonts.com/collections/ot-replica-font-oz-design/
[2026-09-27T13:33:20Z] #7 attempt=1/2 status=200 0.537s url=https://www.myfonts.com/collections/ot-replica-font-oz-design/?tab=techSpecs
[2026-09-27T13:33:22Z] #8 attempt=1/2 status=200 0.378s url=https://www.myfonts.com/products/neue-alter-complete-family-package-1232399
[2026-09-27T13:33:23Z] #9 attempt=1/2 status=200 0.467s url=https://www.myfonts.com/collections/neue-alter-font-oz-design/
[2026-09-27T13:33:23Z] #10 attempt=1/2 status=200 0.404s url=https://www.myfonts.com/collections/neue-alter-font-oz-design/?tab=techSpecs
[2026-09-27T13:33:25Z] #11 attempt=1/2 status=200 0.429s url=https://www.myfonts.com/products/regular-prochamp-1232387
[2026-09-27T13:33:26Z] #12 attempt=1/2 status=200 0.501s url=https://www.myfonts.com/collections/prochamp-font-alpercakici/
[2026-09-27T13:33:27Z] #13 attempt=1/2 status=200 0.435s url=https://www.myfonts.com/collections/prochamp-font-alpercakici/?tab=techSpecs
[2026-09-27T13:33:29Z] #14 attempt=1/2 status=200 0.370s url=https://www.myfonts.com/products/brecksville-complete-family-package-1232374
[2026-09-27T13:33:29Z] #15 attempt=1/2 status=200 0.522s url=https://www.myfonts.com/collections/brecksville-font-oz-design/
[2026-09-27T13:33:30Z] #16 attempt=1/2 status=200 0.504s url=https://www.myfonts.com/collections/brecksville-font-oz-design/?tab=techSpecs
[2026-09-27T13:33:32Z] #17 attempt=1/2 status=200 0.651s url=https://www.myfonts.com/products/annuario-complete-family-package-1232306
[2026-09-27T13:33:33Z] #18 attempt=1/2 status=200 0.803s url=https://www.myfonts.com/collections/annuario-font-resistenza/
[2026-09-27T13:33:35Z] #19 attempt=1/2 status=200 0.606s url=https://www.myfonts.com/collections/annuario-font-resistenza/?tab=techSpecs
[2026-09-27T13:33:36Z] #20 attempt=1/2 status=200 0.324s url=https://www.myfonts.com/products/variable-hiro-variable-1232305
[2026-09-27T13:33:37Z] #21 attempt=1/2 status=200 0.421s url=https://www.myfonts.com/collections/hiro-variable-font-gg-design/
[2026-09-27T13:33:38Z] #22 attempt=1/2 status=200 0.323s url=https://www.myfonts.com/collections/hiro-variable-font-gg-design/?tab=techSpecs
[2026-09-27T13:33:39Z] #23 attempt=1/2 status=200 0.403s url=https://www.myfonts.com/products/314-bits-hand-314-bits-1232304
[2026-09-27T13:33:40Z] #24 attempt=1/2 status=200 0.427s url=https://www.myfonts.com/collections/314-bits-font-iam-314/
[2026-09-27T13:33:41Z] #25 attempt=1/2 status=200 0.351s url=https://www.myfonts.com/collections/314-bits-font-iam-314/?tab=techSpecs
[2026-09-27T13:33:43Z] #26 attempt=1/6 status=200 1.097s url=https://www.myfonts.com/products.json?limit=100&page=2
[2026-09-27T13:33:44Z] #27 attempt=1/2 status=200 0.547s url=https://www.myfonts.com/products/zia-glastyo-complete-family-package-1232291
[2026-09-27T13:33:45Z] #28 attempt=1/2 status=200 0.573s url=https://www.myfonts.com/collections/zia-glastyo-font-zia-creative-studio/
[2026-09-27T13:33:46Z] #29 attempt=1/2 status=200 0.483s url=https://www.myfonts.com/collections/zia-glastyo-font-zia-creative-studio/?tab=techSpecs
[2026-09-27T13:33:48Z] #30 attempt=1/2 status=200 0.593s url=https://www.myfonts.com/products/uprights-condensed-package-1232071
[2026-09-27T13:33:49Z] #31 attempt=1/2 status=200 0.848s url=https://www.myfonts.com/collections/skolasans-font-totem/
[2026-09-27T13:33:50Z] #32 attempt=1/2 status=200 0.781s url=https://www.myfonts.com/collections/skolasans-font-totem/?tab=techSpecs
[2026-09-27T13:33:53Z] #33 attempt=1/2 status=200 1.568s url=https://www.myfonts.com/products/fendrok-complete-family-package-1232074
[2026-09-27T13:33:57Z] #34 attempt=1/2 status=200 3.013s url=https://www.myfonts.com/collections/fendrok-font-stripes-studio/
[2026-09-27T13:34:00Z] #35 attempt=1/2 status=200 2.495s url=https://www.myfonts.com/collections/fendrok-font-stripes-studio/?tab=techSpecs
[2026-09-27T13:34:02Z] #36 attempt=1/2 status=200 0.452s url=https://www.myfonts.com/products/potbank-complete-family-package-1232277
[2026-09-27T13:34:03Z] #37 attempt=1/2 status=200 0.483s url=https://www.myfonts.com/collections/potbank-font-applied-systems-design-studio/
[2026-09-27T13:34:04Z] #38 attempt=1/2 status=200 0.446s url=https://www.myfonts.com/collections/potbank-font-applied-systems-design-studio/?tab=techSpecs
[2026-09-27T13:34:06Z] #39 attempt=1/2 status=200 0.406s url=https://www.myfonts.com/products/thin-genepi-1232270
[2026-09-27T13:34:07Z] #40 attempt=1/2 status=200 0.517s url=https://www.myfonts.com/collections/genepi-font-santi-rey/
[2026-09-27T13:34:08Z] #41 attempt=1/2 status=200 0.412s url=https://www.myfonts.com/collections/genepi-font-santi-rey/?tab=techSpecs
[2026-09-27T13:34:10Z] #42 attempt=1/2 status=200 0.734s url=https://www.myfonts.com/products/pixel-fonts-bundle-package-1232266
[2026-09-27T13:34:10Z] #43 attempt=1/2 status=404 0.321s url=https://www.myfonts.com/collections/pixel-fonts-bundle-font-gleb-guralnyk
[2026-09-27T13:34:11Z] #44 attempt=1/2 status=200 0.579s url=https://www.myfonts.com/products/heavy-music-fan-bundle-package-988768
[2026-09-27T13:34:12Z] #45 attempt=1/2 status=404 0.280s url=https://www.myfonts.com/collections/heavy-music-fan-bundle-font-gleb-guralnyk
[2026-09-27T13:34:13Z] #46 attempt=1/6 status=200 0.787s url=https://www.myfonts.com/products.json?limit=100&page=3
[2026-09-27T13:34:14Z] #47 attempt=1/6 status=200 0.782s url=https://www.myfonts.com/products.json?limit=100&page=4
[2026-09-27T13:34:15Z] #48 attempt=1/2 status=200 0.404s url=https://www.myfonts.com/products/jagera-complete-family-package-1231744
[2026-09-27T13:34:16Z] #49 attempt=1/2 status=200 0.490s url=https://www.myfonts.com/collections/jagera-font-alpercakici/
[2026-09-27T13:34:18Z] #50 attempt=1/2 status=200 1.583s url=https://www.myfonts.com/products/best-package-package-1231454
[2026-09-27T13:34:21Z] #51 attempt=1/2 status=200 2.082s url=https://www.myfonts.com/collections/agrelis-font-alterspieler/
[2026-09-27T13:34:23Z] #52 attempt=1/2 status=200 2.125s url=https://www.myfonts.com/collections/agrelis-font-alterspieler/?tab=techSpecs
[2026-09-27T13:34:26Z] #53 attempt=1/2 status=200 1.135s url=https://www.myfonts.com/products/grade-complete-package-1231288
[2026-09-27T13:34:29Z] #54 attempt=1/2 status=200 2.883s url=https://www.myfonts.com/collections/modisen-font-ajibatype/
[2026-09-27T13:34:34Z] #55 attempt=1/2 status=200 3.080s url=https://www.myfonts.com/collections/modisen-font-ajibatype/?tab=techSpecs
[2026-09-27T13:34:36Z] #56 attempt=1/2 status=200 0.517s url=https://www.myfonts.com/products/guka-complete-family-package-1232012
[2026-09-27T13:34:37Z] #57 attempt=1/2 status=200 0.609s url=https://www.myfonts.com/collections/guka-font-fontfabric/
[2026-09-27T13:34:38Z] #58 attempt=1/2 status=200 0.499s url=https://www.myfonts.com/collections/guka-font-fontfabric/?tab=techSpecs
[2026-09-27T13:34:39Z] #59 attempt=1/2 status=200 0.375s url=https://www.myfonts.com/products/rose-magnolia-complete-family-package-1231758
[2026-09-27T13:34:40Z] #60 attempt=1/2 status=200 0.378s url=https://www.myfonts.com/collections/rose-magnolia-font-font-liner/
[2026-09-27T13:34:41Z] #61 attempt=1/2 status=200 0.360s url=https://www.myfonts.com/collections/rose-magnolia-font-font-liner/?tab=techSpecs
[2026-09-27T13:34:43Z] #62 attempt=1/2 status=200 0.474s url=https://www.myfonts.com/products/hyperspace-capsule-complete-family-package-1232009
[2026-09-27T13:34:44Z] #63 attempt=1/2 status=200 0.717s url=https://www.myfonts.com/collections/hyperspace-race-capsule-font-swell-type/
[2026-09-27T13:34:45Z] #64 attempt=1/2 status=200 0.547s url=https://www.myfonts.com/collections/hyperspace-race-capsule-font-swell-type/?tab=techSpecs
[2026-09-27T13:34:47Z] #65 attempt=1/2 status=200 0.858s url=https://www.myfonts.com/products/polo-land-complete-family-package-1230892
[2026-09-27T13:34:49Z] #66 attempt=1/2 status=200 1.324s url=https://www.myfonts.com/collections/polo-land-font-abbastype/
[2026-09-27T13:34:51Z] #67 attempt=1/2 status=200 1.441s url=https://www.myfonts.com/collections/polo-land-font-abbastype/?tab=techSpecs
[2026-09-27T13:34:52Z] #68 attempt=1/2 status=200 0.377s url=https://www.myfonts.com/products/racing-sunday-pro-complete-family-package-1230989
[2026-09-27T13:34:53Z] #69 attempt=1/2 status=200 0.513s url=https://www.myfonts.com/collections/racing-sunday-pro-font-ahweproject/
[2026-09-27T13:34:54Z] #70 attempt=1/2 status=200 0.415s url=https://www.myfonts.com/collections/racing-sunday-pro-font-ahweproject/?tab=techSpecs
[2026-09-27T13:34:56Z] #71 attempt=1/2 status=200 0.375s url=https://www.myfonts.com/products/magnolia-complete-family-package-1231725
[2026-09-27T13:34:57Z] #72 attempt=1/2 status=200 0.589s url=https://www.myfonts.com/collections/magnolia-font-alpercakici/
[2026-09-27T13:34:58Z] #73 attempt=1/2 status=200 0.479s url=https://www.myfonts.com/collections/magnolia-font-alpercakici/?tab=techSpecs
[2026-09-27T13:35:00Z] #74 attempt=1/2 status=200 1.191s url=https://www.myfonts.com/products/verasity-complete-family-package-1231776
[2026-09-27T13:35:04Z] #75 attempt=1/2 status=200 3.069s url=https://www.myfonts.com/collections/verasity-font-groenstudio/
[2026-09-27T13:35:07Z] #76 attempt=1/2 status=200 2.524s url=https://www.myfonts.com/collections/verasity-font-groenstudio/?tab=techSpecs
[2026-09-27T13:35:09Z] #77 attempt=1/2 status=200 0.423s url=https://www.myfonts.com/products/piccole-complete-family-package-1231761
[2026-09-27T13:35:10Z] #78 attempt=1/2 status=200 0.469s url=https://www.myfonts.com/collections/piccole-font-glyphminds-studios/
[2026-09-27T13:35:11Z] #79 attempt=1/2 status=200 0.439s url=https://www.myfonts.com/collections/piccole-font-glyphminds-studios/?tab=techSpecs
[2026-09-27T13:35:12Z] #80 attempt=1/2 status=200 0.343s url=https://www.myfonts.com/products/caramile-complete-family-package-1231755
[2026-09-27T13:35:13Z] #81 attempt=1/2 status=200 0.376s url=https://www.myfonts.com/collections/caramile-font-font-liner/
[2026-09-27T13:35:14Z] #82 attempt=1/2 status=200 0.315s url=https://www.myfonts.com/collections/caramile-font-font-liner/?tab=techSpecs
[2026-09-27T13:35:16Z] #83 attempt=1/6 status=200 0.905s url=https://www.myfonts.com/products.json?limit=100&page=5
[2026-09-27T13:35:17Z] #84 attempt=1/6 status=200 0.820s url=https://www.myfonts.com/products.json?limit=100&page=6
[2026-09-27T13:35:19Z] #85 attempt=1/6 status=200 0.911s url=https://www.myfonts.com/products.json?limit=100&page=7
[2026-09-27T13:35:20Z] #86 attempt=1/6 status=200 0.863s url=https://www.myfonts.com/products.json?limit=100&page=8
[2026-09-27T13:35:21Z] #87 attempt=1/2 status=200 0.355s url=https://www.myfonts.com/products/favori-package-1232011
[2026-09-27T13:35:22Z] #88 attempt=1/2 status=404 0.261s url=https://www.myfonts.com/collections/favori-font-dgsa-type-foundry
[2026-09-27T13:35:22Z] #89 attempt=1/2 status=200 0.442s url=https://www.myfonts.com/products/regular-resquel-1231774
[2026-09-27T13:35:23Z] #90 attempt=1/2 status=200 0.326s url=https://www.myfonts.com/collections/resquel-font-heinzel-std/
[2026-09-27T13:35:24Z] #91 attempt=1/2 status=200 0.328s url=https://www.myfonts.com/collections/resquel-font-heinzel-std/?tab=techSpecs
[2026-09-27T13:35:26Z] #92 attempt=1/6 status=200 0.901s url=https://www.myfonts.com/products.json?limit=100&page=9
[2026-09-27T13:35:26Z] #93 attempt=1/2 status=200 0.349s url=https://www.myfonts.com/products/regular-sunner-heat-1231775
[2026-09-27T13:35:27Z] #94 attempt=1/2 status=200 0.315s url=https://www.myfonts.com/collections/sunner-heat-font-heinzel-std/
[2026-09-27T13:35:28Z] #95 attempt=1/2 status=200 0.297s url=https://www.myfonts.com/collections/sunner-heat-font-heinzel-std/?tab=techSpecs
[2026-09-27T13:35:29Z] #96 attempt=1/2 status=200 0.308s url=https://www.myfonts.com/products/kaligrafik-ahenk-1231718
[2026-09-27T13:35:30Z] #97 attempt=1/2 status=200 0.314s url=https://www.myfonts.com/collections/ahenk-font-dgsa-type-foundry/
[2026-09-27T13:35:30Z] #98 attempt=1/2 status=200 0.333s url=https://www.myfonts.com/collections/ahenk-font-dgsa-type-foundry/?tab=techSpecs
[2026-09-27T13:35:32Z] #99 attempt=1/2 status=200 0.328s url=https://www.myfonts.com/products/mama-summer-complete-family-package-1231475
[2026-09-27T13:35:32Z] #100 attempt=1/2 status=200 0.359s url=https://www.myfonts.com/collections/mama-summer-font-brown-cupple-typeface/
[2026-09-27T13:35:33Z] #101 attempt=1/2 status=200 0.319s url=https://www.myfonts.com/collections/mama-summer-font-brown-cupple-typeface/?tab=techSpecs
[2026-09-27T13:35:35Z] #102 attempt=1/2 status=200 0.343s url=https://www.myfonts.com/products/cs-calping-complete-family-package-1231700
[2026-09-27T13:35:36Z] #103 attempt=1/2 status=200 0.396s url=https://www.myfonts.com/collections/cs-calping-font-craft-supply-co/
[2026-09-27T13:35:36Z] #104 attempt=1/2 status=200 0.334s url=https://www.myfonts.com/collections/cs-calping-font-craft-supply-co/?tab=techSpecs
[2026-09-27T13:35:38Z] #105 attempt=1/2 status=200 0.339s url=https://www.myfonts.com/products/ekspato-complete-family-package-1231719
[2026-09-27T13:35:39Z] #106 attempt=1/2 status=200 0.410s url=https://www.myfonts.com/collections/ekspato-font-ekahermawan/
[2026-09-27T13:35:39Z] #107 attempt=1/2 status=200 0.350s url=https://www.myfonts.com/collections/ekspato-font-ekahermawan/?tab=techSpecs
[2026-09-27T13:35:41Z] #108 attempt=1/2 status=200 0.373s url=https://www.myfonts.com/products/qelion-complete-family-package-1231704
[2026-09-27T13:35:42Z] #109 attempt=1/2 status=200 0.393s url=https://www.myfonts.com/collections/qelion-font-dareco-studio/
[2026-09-27T13:35:43Z] #110 attempt=1/2 status=200 0.391s url=https://www.myfonts.com/collections/qelion-font-dareco-studio/?tab=techSpecs
[2026-09-27T13:35:44Z] #111 attempt=1/2 status=200 0.387s url=https://www.myfonts.com/products/matcho-complete-family-package-1231471
[2026-09-27T13:35:45Z] #112 attempt=1/2 status=200 0.403s url=https://www.myfonts.com/collections/matcho-font-bondangail/
[2026-09-27T13:35:46Z] #113 attempt=1/2 status=200 0.338s url=https://www.myfonts.com/collections/matcho-font-bondangail/?tab=techSpecs
[2026-09-27T13:35:47Z] #114 attempt=1/2 status=200 0.408s url=https://www.myfonts.com/products/theravin-complete-family-package-1231455
[2026-09-27T13:35:48Z] #115 attempt=1/2 status=200 0.324s url=https://www.myfonts.com/collections/theravin-font-artisan-themes/
[2026-09-27T13:35:49Z] #116 attempt=1/2 status=200 0.340s url=https://www.myfonts.com/collections/theravin-font-artisan-themes/?tab=techSpecs
[2026-09-27T13:35:51Z] #117 attempt=1/2 status=200 0.383s url=https://www.myfonts.com/products/ardnaree-complete-family-package-1231710
[2026-09-27T13:35:51Z] #118 attempt=1/2 status=200 0.438s url=https://www.myfonts.com/collections/ardnaree-font-designomatt/
[2026-09-27T13:35:52Z] #119 attempt=1/2 status=200 0.384s url=https://www.myfonts.com/collections/ardnaree-font-designomatt/?tab=techSpecs
[2026-09-27T13:35:54Z] #120 attempt=1/6 status=200 0.825s url=https://www.myfonts.com/products.json?limit=100&page=10
[2026-09-27T13:35:56Z] #121 attempt=1/2 status=200 1.624s url=https://www.myfonts.com/products/viscosity-complete-family-package-1231470
[2026-09-27T13:35:59Z] #122 attempt=1/2 status=200 2.578s url=https://www.myfonts.com/collections/viscosity-font-artisan-studio/
[2026-09-27T13:36:03Z] #123 attempt=1/2 status=200 2.532s url=https://www.myfonts.com/collections/viscosity-font-artisan-studio/?tab=techSpecs
[2026-09-27T13:36:05Z] #124 attempt=1/2 status=200 0.455s url=https://www.myfonts.com/products/rolotip-complete-family-package-1231459
[2026-09-27T13:36:06Z] #125 attempt=1/2 status=200 0.455s url=https://www.myfonts.com/collections/rolotip-font-benbenworld/
[2026-09-27T13:36:06Z] #126 attempt=1/2 status=200 0.368s url=https://www.myfonts.com/collections/rolotip-font-benbenworld/?tab=techSpecs
[2026-09-27T13:36:08Z] #127 attempt=1/2 status=200 0.379s url=https://www.myfonts.com/products/cs-celia-complete-family-package-1231696
[2026-09-27T13:36:09Z] #128 attempt=1/2 status=200 0.416s url=https://www.myfonts.com/collections/cs-celia-font-craft-supply-co/
[2026-09-27T13:36:10Z] #129 attempt=1/2 status=200 0.379s url=https://www.myfonts.com/collections/cs-celia-font-craft-supply-co/?tab=techSpecs
[2026-09-27T13:36:12Z] #130 attempt=1/6 status=200 0.766s url=https://www.myfonts.com/products.json?limit=100&page=11
[2026-09-27T13:36:13Z] #131 attempt=1/6 status=200 0.778s url=https://www.myfonts.com/products.json?limit=100&page=12
[2026-09-27T13:36:14Z] #132 attempt=1/2 status=200 0.302s url=https://www.myfonts.com/products/regular-supremus-1230998
[2026-09-27T13:36:15Z] #133 attempt=1/2 status=200 0.374s url=https://www.myfonts.com/collections/supremus-font-alit-design/
[2026-09-27T13:36:15Z] #134 attempt=1/2 status=200 0.323s url=https://www.myfonts.com/collections/supremus-font-alit-design/?tab=techSpecs
[2026-09-27T13:36:17Z] #135 attempt=1/2 status=200 0.317s url=https://www.myfonts.com/products/light-zeakoh-1231717
[2026-09-27T13:36:17Z] #136 attempt=1/2 status=200 0.342s url=https://www.myfonts.com/collections/zeakoh-font-dgsa-type-foundry/
[2026-09-27T13:36:18Z] #137 attempt=1/2 status=200 0.295s url=https://www.myfonts.com/collections/zeakoh-font-dgsa-type-foundry/?tab=techSpecs
[2026-09-27T13:36:20Z] #138 attempt=1/6 status=200 0.945s url=https://www.myfonts.com/products.json?limit=100&page=13
[2026-09-27T13:36:21Z] #139 attempt=1/2 status=200 0.413s url=https://www.myfonts.com/products/regular-bhezikr-1231458
[2026-09-27T13:36:21Z] #140 attempt=1/2 status=200 0.338s url=https://www.myfonts.com/collections/bhezikr-font-artoni/
[2026-09-27T13:36:22Z] #141 attempt=1/2 status=200 0.320s url=https://www.myfonts.com/collections/bhezikr-font-artoni/?tab=techSpecs
[2026-09-27T13:36:24Z] #142 attempt=1/6 status=200 0.905s url=https://www.myfonts.com/products.json?limit=100&page=14
[2026-09-27T13:36:25Z] #143 attempt=1/6 status=200 0.794s url=https://www.myfonts.com/products.json?limit=100&page=15
[2026-09-27T13:36:26Z] #144 attempt=1/2 status=200 0.296s url=https://www.myfonts.com/products/roge-regular-roge-brush-1231724
[2026-09-27T13:36:27Z] #145 attempt=1/2 status=200 0.327s url=https://www.myfonts.com/collections/roge-brush-font-ferry-ardana-putra/
[2026-09-27T13:36:27Z] #146 attempt=1/2 status=200 0.335s url=https://www.myfonts.com/collections/roge-brush-font-ferry-ardana-putra/?tab=techSpecs
[2026-09-27T13:36:29Z] #147 attempt=1/2 status=200 0.337s url=https://www.myfonts.com/products/regular-bramble-bold-1231694
[2026-09-27T13:36:29Z] #148 attempt=1/2 status=200 0.349s url=https://www.myfonts.com/collections/bramble-bold-font-claymoon-lab-studio/
[2026-09-27T13:36:30Z] #149 attempt=1/2 status=200 0.333s url=https://www.myfonts.com/collections/bramble-bold-font-claymoon-lab-studio/?tab=techSpecs
[2026-09-27T13:36:31Z] #150 attempt=1/2 status=200 0.298s url=https://www.myfonts.com/products/regular-varo-1231709
[2026-09-27T13:36:32Z] #151 attempt=1/2 status=200 0.329s url=https://www.myfonts.com/collections/varo-font-dareco-studio/
[2026-09-27T13:36:33Z] #152 attempt=1/2 status=200 0.379s url=https://www.myfonts.com/collections/varo-font-dareco-studio/?tab=techSpecs
[2026-09-27T13:36:34Z] #153 attempt=1/2 status=200 0.367s url=https://www.myfonts.com/products/ghostly-drips-complete-family-package-1230792
[2026-09-27T13:36:35Z] #154 attempt=1/2 status=200 0.387s url=https://www.myfonts.com/collections/ghostly-drips-font-aen-creative-studio/
[2026-09-27T13:36:35Z] #155 attempt=1/2 status=200 0.324s url=https://www.myfonts.com/collections/ghostly-drips-font-aen-creative-studio/?tab=techSpecs
[2026-09-27T13:36:37Z] #156 attempt=1/2 status=200 0.373s url=https://www.myfonts.com/products/renly-complete-family-package-1230014
[2026-09-27T13:36:38Z] #157 attempt=1/2 status=200 0.373s url=https://www.myfonts.com/collections/renly-font-craft-supply-co/
[2026-09-27T13:36:39Z] #158 attempt=1/2 status=200 0.392s url=https://www.myfonts.com/collections/renly-font-craft-supply-co/?tab=techSpecs
[2026-09-27T13:36:40Z] #159 attempt=1/2 status=200 0.360s url=https://www.myfonts.com/products/butterlike-complete-family-package-1229885
[2026-09-27T13:36:41Z] #160 attempt=1/2 status=200 0.438s url=https://www.myfonts.com/collections/butterlike-font-the-native-saint-club/
[2026-09-27T13:36:42Z] #161 attempt=1/2 status=200 0.341s url=https://www.myfonts.com/collections/butterlike-font-the-native-saint-club/?tab=techSpecs
[2026-09-27T13:36:43Z] #162 attempt=1/2 status=200 0.318s url=https://www.myfonts.com/products/mercer-complete-family-package-1230025
[2026-09-27T13:36:44Z] #163 attempt=1/2 status=200 0.401s url=https://www.myfonts.com/collections/mercer-font-mei-suseno/
[2026-09-27T13:36:45Z] #164 attempt=1/2 status=200 0.339s url=https://www.myfonts.com/collections/mercer-font-mei-suseno/?tab=techSpecs
[2026-09-27T13:36:47Z] #165 attempt=1/2 status=200 0.568s url=https://www.myfonts.com/products/mirano-variable-type-system-complete-family-package-1230661
[2026-09-27T13:36:48Z] #166 attempt=1/2 status=200 0.778s url=https://www.myfonts.com/collections/mirano-extended-font-unio-creative-solutions/
[2026-09-27T13:36:49Z] #167 attempt=1/2 status=200 0.562s url=https://www.myfonts.com/collections/mirano-extended-font-unio-creative-solutions/?tab=techSpecs
[2026-09-27T13:36:51Z] #168 attempt=1/2 status=200 0.348s url=https://www.myfonts.com/products/redika-complete-family-package-1230006
[2026-09-27T13:36:51Z] #169 attempt=1/2 status=200 0.417s url=https://www.myfonts.com/collections/redika-font-craft-supply-co/
[2026-09-27T13:36:52Z] #170 attempt=1/2 status=200 0.340s url=https://www.myfonts.com/collections/redika-font-craft-supply-co/?tab=techSpecs
[2026-09-27T13:36:54Z] #171 attempt=1/2 status=200 0.654s url=https://www.myfonts.com/products/butamah-complete-family-package-1230795
[2026-09-27T13:36:56Z] #172 attempt=1/2 status=200 1.404s url=https://www.myfonts.com/collections/butamah-font-abbastype/
[2026-09-27T13:36:58Z] #173 attempt=1/2 status=200 1.174s url=https://www.myfonts.com/collections/butamah-font-abbastype/?tab=techSpecs
[2026-09-27T13:37:00Z] #174 attempt=1/2 status=200 0.829s url=https://www.myfonts.com/products/heghan-complete-family-package-1229895
[2026-09-27T13:37:02Z] #175 attempt=1/2 status=200 1.531s url=https://www.myfonts.com/collections/heghan-font-abbastype/
[2026-09-27T13:37:03Z] #176 attempt=1/2 status=200 1.047s url=https://www.myfonts.com/collections/heghan-font-abbastype/?tab=techSpecs
[2026-09-27T13:37:05Z] #177 attempt=1/2 status=200 0.364s url=https://www.myfonts.com/products/guinsa-complete-family-package-1229892
[2026-09-27T13:37:06Z] #178 attempt=1/2 status=200 0.368s url=https://www.myfonts.com/collections/guinsa-font-craft-supply-co/
[2026-09-27T13:37:07Z] #179 attempt=1/2 status=200 0.341s url=https://www.myfonts.com/collections/guinsa-font-craft-supply-co/?tab=techSpecs
[2026-09-27T13:37:09Z] #180 attempt=1/2 status=200 0.383s url=https://www.myfonts.com/products/machou-display-complete-family-package-1229881
[2026-09-27T13:37:09Z] #181 attempt=1/2 status=200 0.426s url=https://www.myfonts.com/collections/machou-display-font-youandigraphics/
[2026-09-27T13:37:10Z] #182 attempt=1/2 status=200 0.358s url=https://www.myfonts.com/collections/machou-display-font-youandigraphics/?tab=techSpecs
[2026-09-27T13:37:12Z] #183 attempt=1/2 status=200 0.367s url=https://www.myfonts.com/products/paperclip-basic-family-package-798305
[2026-09-27T13:37:13Z] #184 attempt=1/2 status=200 0.473s url=https://www.myfonts.com/collections/paperclip-font-paragraph/
[2026-09-27T13:37:13Z] #185 attempt=1/2 status=200 0.398s url=https://www.myfonts.com/collections/paperclip-font-paragraph/?tab=techSpecs
[2026-09-27T13:37:17Z] #186 attempt=1/2 status=200 1.849s url=https://www.myfonts.com/products/avilona-complete-family-package-1230042
[2026-09-27T13:37:19Z] #187 attempt=1/2 status=200 1.952s url=https://www.myfonts.com/collections/avilona-font-logic-type/
[2026-09-27T13:37:22Z] #188 attempt=1/2 status=200 2.052s url=https://www.myfonts.com/collections/avilona-font-logic-type/?tab=techSpecs
[2026-09-27T13:37:24Z] #189 attempt=1/2 status=200 0.394s url=https://www.myfonts.com/products/hecolle-complete-family-package-1229997
[2026-09-27T13:37:25Z] #190 attempt=1/2 status=200 0.395s url=https://www.myfonts.com/collections/hecolle-font-craft-supply-co/
[2026-09-27T13:37:25Z] #191 attempt=1/2 status=200 0.357s url=https://www.myfonts.com/collections/hecolle-font-craft-supply-co/?tab=techSpecs
[2026-09-27T13:37:27Z] #192 attempt=1/2 status=200 0.379s url=https://www.myfonts.com/products/sfc-west-paras-complete-family-package-1230035
[2026-09-27T13:37:28Z] #193 attempt=1/2 status=200 0.350s url=https://www.myfonts.com/collections/sfc-west-paras-font-skilline-fonts-co/
[2026-09-27T13:37:29Z] #194 attempt=1/2 status=200 0.349s url=https://www.myfonts.com/collections/sfc-west-paras-font-skilline-fonts-co/?tab=techSpecs
[2026-09-27T13:37:30Z] #195 attempt=1/2 status=200 0.356s url=https://www.myfonts.com/products/tartaglia-complete-family-package-1230011
[2026-09-27T13:37:31Z] #196 attempt=1/2 status=200 0.429s url=https://www.myfonts.com/collections/tartaglia-font-tini-fitriani/
[2026-09-27T13:37:32Z] #197 attempt=1/2 status=200 0.351s url=https://www.myfonts.com/collections/tartaglia-font-tini-fitriani/?tab=techSpecs
[2026-09-27T13:37:33Z] #198 attempt=1/2 status=200 0.361s url=https://www.myfonts.com/products/sfc-sortvane-complete-family-package-1230038
[2026-09-27T13:37:34Z] #199 attempt=1/2 status=200 0.361s url=https://www.myfonts.com/collections/sfc-sortvane-font-skilline-fonts-co/
[2026-09-27T13:37:35Z] #200 attempt=1/2 status=200 0.379s url=https://www.myfonts.com/collections/sfc-sortvane-font-skilline-fonts-co/?tab=techSpecs
[2026-09-27T13:37:37Z] #201 attempt=1/2 status=200 0.883s url=https://www.myfonts.com/products/sallshabilla-complete-family-package-1230696
[2026-09-27T13:37:39Z] #202 attempt=1/2 status=200 1.397s url=https://www.myfonts.com/collections/sallshabilla-font-abbastype/
[2026-09-27T13:37:41Z] #203 attempt=1/2 status=200 1.392s url=https://www.myfonts.com/collections/sallshabilla-font-abbastype/?tab=techSpecs
[2026-09-27T13:37:43Z] #204 attempt=1/2 status=200 0.373s url=https://www.myfonts.com/products/heily-complete-family-package-1230001
[2026-09-27T13:37:43Z] #205 attempt=1/2 status=200 0.528s url=https://www.myfonts.com/collections/heily-font-craft-supply-co/
[2026-09-27T13:37:44Z] #206 attempt=1/2 status=200 0.304s url=https://www.myfonts.com/collections/heily-font-craft-supply-co/?tab=techSpecs
[2026-09-27T13:37:47Z] #207 attempt=1/6 status=200 0.915s url=https://www.myfonts.com/products.json?limit=100&page=16
[2026-09-27T13:37:47Z] #208 attempt=1/2 status=200 0.376s url=https://www.myfonts.com/products/revalyn-complete-family-package-1230018
[2026-09-27T13:37:48Z] #209 attempt=1/2 status=200 0.385s url=https://www.myfonts.com/collections/revalyn-font-craft-supply-co/
[2026-09-27T13:37:49Z] #210 attempt=1/2 status=200 0.360s url=https://www.myfonts.com/collections/revalyn-font-craft-supply-co/?tab=techSpecs
[2026-09-27T13:37:51Z] #211 attempt=1/2 status=200 0.622s url=https://www.myfonts.com/products/king-of-love-complete-family-package-1230614
[2026-09-27T13:37:52Z] #212 attempt=1/2 status=200 0.919s url=https://www.myfonts.com/collections/king-of-love-font-abbastype/
[2026-09-27T13:37:53Z] #213 attempt=1/2 status=200 0.806s url=https://www.myfonts.com/collections/king-of-love-font-abbastype/?tab=techSpecs
[2026-09-27T13:37:55Z] #214 attempt=1/2 status=200 0.397s url=https://www.myfonts.com/products/sfc-powen-complete-family-package-1230032
[2026-09-27T13:37:56Z] #215 attempt=1/2 status=200 0.374s url=https://www.myfonts.com/collections/sfc-powen-font-skilline-fonts-co/
[2026-09-27T13:37:56Z] #216 attempt=1/2 status=200 0.327s url=https://www.myfonts.com/collections/sfc-powen-font-skilline-fonts-co/?tab=techSpecs
[2026-09-27T13:37:58Z] #217 attempt=1/2 status=200 0.333s url=https://www.myfonts.com/products/hallory-complete-family-package-1229994
[2026-09-27T13:37:59Z] #218 attempt=1/2 status=200 0.398s url=https://www.myfonts.com/collections/hallory-font-craft-supply-co/
[2026-09-27T13:38:00Z] #219 attempt=1/2 status=200 0.313s url=https://www.myfonts.com/collections/hallory-font-craft-supply-co/?tab=techSpecs
[2026-09-27T13:38:02Z] #220 attempt=1/2 status=200 0.504s url=https://www.myfonts.com/products/krivze-hors-3202
[2026-09-27T13:38:02Z] #221 attempt=1/2 status=200 0.482s url=https://www.myfonts.com/collections/hors-font-dima-pole/
[2026-09-27T13:38:03Z] #222 attempt=1/2 status=200 0.443s url=https://www.myfonts.com/collections/hors-font-dima-pole/?tab=techSpecs
[2026-09-27T13:38:05Z] #223 attempt=1/2 status=200 0.475s url=https://www.myfonts.com/products/bold-diagond-386576
[2026-09-27T13:38:06Z] #224 attempt=1/2 status=200 0.418s url=https://www.myfonts.com/collections/diagond-font-paragraph/
[2026-09-27T13:38:07Z] #225 attempt=1/2 status=200 0.377s url=https://www.myfonts.com/collections/diagond-font-paragraph/?tab=techSpecs
[2026-09-27T13:38:08Z] #226 attempt=1/2 status=200 0.332s url=https://www.myfonts.com/products/light-diagond-386790
[2026-09-27T13:38:09Z] #227 attempt=1/2 status=200 0.230s url=https://www.myfonts.com/collections/diagond-font-paragraph/
[2026-09-27T13:38:10Z] #228 attempt=1/2 status=200 0.204s url=https://www.myfonts.com/collections/diagond-font-paragraph/?tab=techSpecs
[2026-09-27T13:38:11Z] #229 attempt=1/2 status=200 0.474s url=https://www.myfonts.com/products/regular-kuigaf-1230030
[2026-09-27T13:38:12Z] #230 attempt=1/2 status=200 0.336s url=https://www.myfonts.com/collections/kuigaf-font-yumnacreative/
[2026-09-27T13:38:13Z] #231 attempt=1/2 status=200 0.297s url=https://www.myfonts.com/collections/kuigaf-font-yumnacreative/?tab=techSpecs
[2026-09-27T13:38:15Z] #232 attempt=1/6 status=200 0.847s url=https://www.myfonts.com/products.json?limit=100&page=17
[2026-09-27T13:38:16Z] #233 attempt=1/6 status=200 0.929s url=https://www.myfonts.com/products.json?limit=100&page=18
[2026-09-27T13:38:17Z] #234 attempt=1/2 status=200 0.330s url=https://www.myfonts.com/products/regular-blug-1229891
[2026-09-27T13:38:18Z] #235 attempt=1/2 status=200 0.322s url=https://www.myfonts.com/collections/blug-font-sundaylab/
[2026-09-27T13:38:18Z] #236 attempt=1/2 status=200 0.334s url=https://www.myfonts.com/collections/blug-font-sundaylab/?tab=techSpecs
[2026-09-27T13:38:19Z] #237 attempt=1/2 status=200 0.317s url=https://www.myfonts.com/products/regular-waldien-1230031
[2026-09-27T13:38:20Z] #238 attempt=1/2 status=200 0.413s url=https://www.myfonts.com/collections/waldien-font-rasio-studio/
[2026-09-27T13:38:21Z] #239 attempt=1/2 status=200 0.299s url=https://www.myfonts.com/collections/waldien-font-rasio-studio/?tab=techSpecs
[2026-09-27T13:38:22Z] #240 attempt=1/2 status=200 0.285s url=https://www.myfonts.com/products/regular-kimpul-enak-1230004
[2026-09-27T13:38:23Z] #241 attempt=1/2 status=200 0.417s url=https://www.myfonts.com/collections/kimpul-enak-font-twinletter/
[2026-09-27T13:38:23Z] #242 attempt=1/2 status=200 0.327s url=https://www.myfonts.com/collections/kimpul-enak-font-twinletter/?tab=techSpecs
[2026-09-27T13:38:25Z] #243 attempt=1/2 status=200 0.358s url=https://www.myfonts.com/products/regular-drome-1230022
[2026-09-27T13:38:25Z] #244 attempt=1/2 status=200 0.372s url=https://www.myfonts.com/collections/drome-font-typerasa/
[2026-09-27T13:38:26Z] #245 attempt=1/2 status=200 0.301s url=https://www.myfonts.com/collections/drome-font-typerasa/?tab=techSpecs
[2026-09-27T13:38:28Z] #246 attempt=1/6 status=200 0.936s url=https://www.myfonts.com/products.json?limit=100&page=19
[2026-09-27T13:38:29Z] #247 attempt=1/2 status=200 0.323s url=https://www.myfonts.com/products/regular-mau-kopiga-1230009
[2026-09-27T13:38:30Z] #248 attempt=1/2 status=200 0.372s url=https://www.myfonts.com/collections/mau-kopiga-font-trabas-kriya/
[2026-09-27T13:38:30Z] #249 attempt=1/2 status=200 0.358s url=https://www.myfonts.com/collections/mau-kopiga-font-trabas-kriya/?tab=techSpecs
[2026-09-27T13:38:32Z] #250 attempt=1/6 status=200 0.862s url=https://www.myfonts.com/products.json?limit=100&page=20
[2026-09-27T13:38:33Z] #251 attempt=1/2 status=200 0.306s url=https://www.myfonts.com/products/regular-guttor-1229966
[2026-09-27T13:38:34Z] #252 attempt=1/2 status=200 0.355s url=https://www.myfonts.com/collections/guttor-font-dareco-studio/
[2026-09-27T13:38:34Z] #253 attempt=1/2 status=200 0.326s url=https://www.myfonts.com/collections/guttor-font-dareco-studio/?tab=techSpecs
[2026-09-27T13:38:36Z] #254 attempt=1/2 status=200 0.385s url=https://www.myfonts.com/products/regular-angela-queensha-1230041
[2026-09-27T13:38:36Z] #255 attempt=1/2 status=200 0.334s url=https://www.myfonts.com/collections/angela-queensha-font-unitype-studio/
[2026-09-27T13:38:37Z] #256 attempt=1/2 status=200 0.299s url=https://www.myfonts.com/collections/angela-queensha-font-unitype-studio/?tab=techSpecs
[2026-09-27T13:38:38Z] #257 attempt=1/2 status=200 0.322s url=https://www.myfonts.com/products/regular-naugh-1229907
[2026-09-27T13:38:39Z] #258 attempt=1/2 status=200 0.330s url=https://www.myfonts.com/collections/naugh-font-dareco-studio/
[2026-09-27T13:38:40Z] #259 attempt=1/2 status=200 0.303s url=https://www.myfonts.com/collections/naugh-font-dareco-studio/?tab=techSpecs
[2026-09-27T13:38:41Z] #260 attempt=1/6 status=200 0.727s url=https://www.myfonts.com/products.json?limit=100&page=21
[2026-09-27T13:38:43Z] #261 attempt=1/6 status=200 0.958s url=https://www.myfonts.com/products.json?limit=100&page=22
[2026-09-27T13:38:44Z] #262 attempt=1/2 status=200 0.350s url=https://www.myfonts.com/products/regular-mltp-celestial-harmony-1230028
[2026-09-27T13:38:44Z] #263 attempt=1/2 status=200 0.335s url=https://www.myfonts.com/collections/mltp-celestial-harmony-font-multype-studio/
[2026-09-27T13:38:45Z] #264 attempt=1/2 status=200 0.321s url=https://www.myfonts.com/collections/mltp-celestial-harmony-font-multype-studio/?tab=techSpecs
[2026-09-27T13:38:46Z] #265 attempt=1/2 status=200 0.311s url=https://www.myfonts.com/products/regular-regula-siruawn-1230021
[2026-09-27T13:38:47Z] #266 attempt=1/2 status=200 0.341s url=https://www.myfonts.com/collections/siruawn-font-dgsa-type-foundry/
[2026-09-27T13:38:48Z] #267 attempt=1/2 status=200 0.306s url=https://www.myfonts.com/collections/siruawn-font-dgsa-type-foundry/?tab=techSpecs
[2026-09-27T13:38:49Z] #268 attempt=1/6 status=200 0.753s url=https://www.myfonts.com/products.json?limit=100&page=23
[2026-09-27T13:38:51Z] #269 attempt=1/6 status=200 0.871s url=https://www.myfonts.com/products.json?limit=100&page=24
[2026-09-27T13:38:51Z] #270 attempt=1/2 status=200 0.312s url=https://www.myfonts.com/products/regular-rumblepomp-1230017
[2026-09-27T13:38:52Z] #271 attempt=1/2 status=200 0.346s url=https://www.myfonts.com/collections/rumblepomp-font-zorkslide/
[2026-09-27T13:38:53Z] #272 attempt=1/2 status=200 0.319s url=https://www.myfonts.com/collections/rumblepomp-font-zorkslide/?tab=techSpecs
[2026-09-27T13:38:55Z] #273 attempt=1/6 status=200 0.944s url=https://www.myfonts.com/products.json?limit=100&page=25
[2026-09-27T13:38:55Z] #274 attempt=1/2 status=200 0.354s url=https://www.myfonts.com/products/regular-glisenda-1230024
[2026-09-27T13:38:56Z] #275 attempt=1/2 status=200 0.363s url=https://www.myfonts.com/collections/glisenda-font-tower-of-babel/
[2026-09-27T13:38:57Z] #276 attempt=1/2 status=200 0.370s url=https://www.myfonts.com/collections/glisenda-font-tower-of-babel/?tab=techSpecs
[2026-09-27T13:38:58Z] #277 attempt=1/2 status=200 0.306s url=https://www.myfonts.com/products/regular-besquiat-1230023
[2026-09-27T13:38:59Z] #278 attempt=1/2 status=200 0.336s url=https://www.myfonts.com/collections/besquiat-font-tower-of-babel/
[2026-09-27T13:38:59Z] #279 attempt=1/2 status=200 0.276s url=https://www.myfonts.com/collections/besquiat-font-tower-of-babel/?tab=techSpecs
[2026-09-27T13:39:01Z] #280 attempt=1/2 status=200 0.368s url=https://www.myfonts.com/products/tv-hors-3219
[2026-09-27T13:39:01Z] #281 attempt=1/2 status=200 0.235s url=https://www.myfonts.com/collections/hors-font-dima-pole/
[2026-09-27T13:39:02Z] #282 attempt=1/2 status=200 0.245s url=https://www.myfonts.com/collections/hors-font-dima-pole/?tab=techSpecs
[2026-09-27T13:39:03Z] #283 attempt=1/2 status=200 0.337s url=https://www.myfonts.com/products/regular-arzawa-1230029
[2026-09-27T13:39:04Z] #284 attempt=1/2 status=200 0.333s url=https://www.myfonts.com/collections/arzawa-font-dgsa-type-foundry/
[2026-09-27T13:39:05Z] #285 attempt=1/2 status=200 0.311s url=https://www.myfonts.com/collections/arzawa-font-dgsa-type-foundry/?tab=techSpecs
[2026-09-27T13:39:06Z] #286 attempt=1/2 status=200 0.336s url=https://www.myfonts.com/products/regular-morkein-1230010
[2026-09-27T13:39:07Z] #287 attempt=1/2 status=200 0.353s url=https://www.myfonts.com/collections/morkein-font-tini-fitriani/
[2026-09-27T13:39:08Z] #288 attempt=1/2 status=200 0.305s url=https://www.myfonts.com/collections/morkein-font-tini-fitriani/?tab=techSpecs
[2026-09-27T13:39:09Z] #289 attempt=1/2 status=200 0.367s url=https://www.myfonts.com/products/regular-chufela-bite-1230000
[2026-09-27T13:39:09Z] #290 attempt=1/2 status=200 0.356s url=https://www.myfonts.com/collections/chufela-bite-font-twinletter/
[2026-09-27T13:39:10Z] #291 attempt=1/2 status=200 0.349s url=https://www.myfonts.com/collections/chufela-bite-font-twinletter/?tab=techSpecs
[2026-09-27T13:39:12Z] #292 attempt=1/6 status=200 0.928s url=https://www.myfonts.com/products.json?limit=100&page=26
[2026-09-27T13:39:13Z] #293 attempt=1/2 status=200 0.333s url=https://www.myfonts.com/products/regular-sonder-sans-1230612
[2026-09-27T13:39:14Z] #294 attempt=1/2 status=200 0.339s url=https://www.myfonts.com/collections/sonder-sans-font-hipfonts/
[2026-09-27T13:39:14Z] #295 attempt=1/2 status=200 0.303s url=https://www.myfonts.com/collections/sonder-sans-font-hipfonts/?tab=techSpecs
[2026-09-27T13:39:15Z] #296 attempt=1/2 status=200 0.318s url=https://www.myfonts.com/products/cosmic-astrogliph-regular-astrogliph-1230613
[2026-09-27T13:39:16Z] #297 attempt=1/2 status=200 0.322s url=https://www.myfonts.com/collections/astrogliph-font-astroglyph/
[2026-09-27T13:39:17Z] #298 attempt=1/2 status=200 0.308s url=https://www.myfonts.com/collections/astrogliph-font-astroglyph/?tab=techSpecs
[2026-09-27T13:39:18Z] #299 attempt=1/2 status=200 0.345s url=https://www.myfonts.com/products/net-blaarr-complete-family-package-1229542
[2026-09-27T13:39:19Z] #300 attempt=1/2 status=200 0.435s url=https://www.myfonts.com/collections/net-blaarr-font-casloop-studio/
[2026-09-27T13:39:20Z] #301 attempt=1/2 status=200 0.349s url=https://www.myfonts.com/collections/net-blaarr-font-casloop-studio/?tab=techSpecs
[2026-09-27T13:39:21Z] #302 attempt=1/2 status=200 0.474s url=https://www.myfonts.com/products/perupa-complete-family-package-1229552
[2026-09-27T13:39:22Z] #303 attempt=1/2 status=200 0.640s url=https://www.myfonts.com/collections/perupa-font-wahyu-sani-co/
[2026-09-27T13:39:23Z] #304 attempt=1/2 status=200 0.487s url=https://www.myfonts.com/collections/perupa-font-wahyu-sani-co/?tab=techSpecs
[2026-09-27T13:39:27Z] #305 attempt=1/2 status=200 2.004s url=https://www.myfonts.com/products/round-package-1229729
[2026-09-27T13:39:30Z] #306 attempt=1/2 status=200 3.197s url=https://www.myfonts.com/collections/gafisah-font-rotterlab-studio/
[2026-09-27T13:39:34Z] #307 attempt=1/2 status=200 2.775s url=https://www.myfonts.com/collections/gafisah-font-rotterlab-studio/?tab=techSpecs
[2026-09-27T13:39:36Z] #308 attempt=1/2 status=200 0.361s url=https://www.myfonts.com/products/wild-fragment-complete-family-package-1229488
[2026-09-27T13:39:37Z] #309 attempt=1/2 status=200 0.382s url=https://www.myfonts.com/collections/wild-fragment-font-sarid-ezra/
[2026-09-27T13:39:38Z] #310 attempt=1/2 status=200 0.341s url=https://www.myfonts.com/collections/wild-fragment-font-sarid-ezra/?tab=techSpecs
[2026-09-27T13:39:40Z] #311 attempt=1/2 status=200 0.403s url=https://www.myfonts.com/products/gazar-complete-family-package-1229321
[2026-09-27T13:39:41Z] #312 attempt=1/2 status=200 0.514s url=https://www.myfonts.com/collections/gazar-font-md-type/
[2026-09-27T13:39:41Z] #313 attempt=1/2 status=200 0.369s url=https://www.myfonts.com/collections/gazar-font-md-type/?tab=techSpecs
[2026-09-27T13:39:43Z] #314 attempt=1/2 status=200 0.369s url=https://www.myfonts.com/products/rough-city-markers-complete-family-package-1229567
[2026-09-27T13:39:44Z] #315 attempt=1/2 status=200 0.380s url=https://www.myfonts.com/collections/rough-city-markers-font-letterena-studios/
[2026-09-27T13:39:44Z] #316 attempt=1/2 status=200 0.362s url=https://www.myfonts.com/collections/rough-city-markers-font-letterena-studios/?tab=techSpecs
[2026-09-27T13:39:46Z] #317 attempt=1/2 status=200 0.441s url=https://www.myfonts.com/products/gazpacho-standard-pack-package-1229206
[2026-09-27T13:39:47Z] #318 attempt=1/2 status=200 0.480s url=https://www.myfonts.com/collections/gazpacho-font-monotype-imaging/
[2026-09-27T13:39:48Z] #319 attempt=1/2 status=200 0.479s url=https://www.myfonts.com/collections/gazpacho-font-monotype-imaging/?tab=techSpecs
[2026-09-27T13:39:50Z] #320 attempt=1/2 status=200 0.986s url=https://www.myfonts.com/products/britanica-extended-pack-package-1229239
[2026-09-27T13:39:52Z] #321 attempt=1/2 status=200 1.321s url=https://www.myfonts.com/collections/britanica-font-monotype-imaging/
[2026-09-27T13:39:54Z] #322 attempt=1/2 status=200 1.216s url=https://www.myfonts.com/collections/britanica-font-monotype-imaging/?tab=techSpecs
[2026-09-27T13:39:55Z] #323 attempt=1/2 status=200 0.352s url=https://www.myfonts.com/products/moneta-complete-family-package-1229232
[2026-09-27T13:39:56Z] #324 attempt=1/2 status=200 0.404s url=https://www.myfonts.com/collections/moneta-font-monotype-imaging/
[2026-09-27T13:39:57Z] #325 attempt=1/2 status=200 0.397s url=https://www.myfonts.com/collections/moneta-font-monotype-imaging/?tab=techSpecs
[2026-09-27T13:39:59Z] #326 attempt=1/2 status=200 1.118s url=https://www.myfonts.com/products/verrell-complete-family-package-1229320
[2026-09-27T13:40:02Z] #327 attempt=1/2 status=200 1.834s url=https://www.myfonts.com/collections/verrell-font-abbastype/
[2026-09-27T13:40:04Z] #328 attempt=1/2 status=200 1.488s url=https://www.myfonts.com/collections/verrell-font-abbastype/?tab=techSpecs
[2026-09-27T13:40:06Z] #329 attempt=1/2 status=200 0.363s url=https://www.myfonts.com/products/nordigh-complete-family-package-1229581
[2026-09-27T13:40:06Z] #330 attempt=1/2 status=200 0.398s url=https://www.myfonts.com/collections/nordigh-italic-font-figuree-studio/
[2026-09-27T13:40:07Z] #331 attempt=1/2 status=200 0.372s url=https://www.myfonts.com/collections/nordigh-italic-font-figuree-studio/?tab=techSpecs
[2026-09-27T13:40:09Z] #332 attempt=1/2 status=200 0.352s url=https://www.myfonts.com/products/cs-asteria-complete-family-package-1229595
[2026-09-27T13:40:10Z] #333 attempt=1/2 status=200 0.412s url=https://www.myfonts.com/collections/cs-asteria-font-craft-supply-co/
[2026-09-27T13:40:10Z] #334 attempt=1/2 status=200 0.359s url=https://www.myfonts.com/collections/cs-asteria-font-craft-supply-co/?tab=techSpecs
[2026-09-27T13:40:12Z] #335 attempt=1/2 status=200 0.398s url=https://www.myfonts.com/products/moneta-sans-complete-family-package-1229223
[2026-09-27T13:40:13Z] #336 attempt=1/2 status=200 0.478s url=https://www.myfonts.com/collections/moneta-sans-font-monotype-imaging/
[2026-09-27T13:40:14Z] #337 attempt=1/2 status=200 0.433s url=https://www.myfonts.com/collections/moneta-sans-font-monotype-imaging/?tab=techSpecs
[2026-09-27T13:40:16Z] #338 attempt=1/2 status=200 0.449s url=https://www.myfonts.com/products/denz-complete-family-package-1229192
[2026-09-27T13:40:17Z] #339 attempt=1/2 status=200 0.526s url=https://www.myfonts.com/collections/denz-font-paratype/
[2026-09-27T13:40:17Z] #340 attempt=1/2 status=200 0.406s url=https://www.myfonts.com/collections/denz-font-paratype/?tab=techSpecs
[2026-09-27T13:40:19Z] #341 attempt=1/2 status=200 0.316s url=https://www.myfonts.com/products/lithos-complete-family-package-1229730
[2026-09-27T13:40:20Z] #342 attempt=1/2 status=200 0.390s url=https://www.myfonts.com/collections/lithos-font-adobe/
[2026-09-27T13:40:20Z] #343 attempt=1/2 status=200 0.352s url=https://www.myfonts.com/collections/lithos-font-adobe/?tab=techSpecs
[2026-09-27T13:40:22Z] #344 attempt=1/2 status=200 0.373s url=https://www.myfonts.com/products/aspenleigh-complete-family-package-1229391
[2026-09-27T13:40:23Z] #345 attempt=1/2 status=200 0.430s url=https://www.myfonts.com/collections/aspenleigh-font-heinzel-std/
[2026-09-27T13:40:24Z] #346 attempt=1/2 status=200 0.328s url=https://www.myfonts.com/collections/aspenleigh-font-heinzel-std/?tab=techSpecs
[2026-09-27T13:40:25Z] #347 attempt=1/2 status=200 0.374s url=https://www.myfonts.com/products/south-coven-complete-family-package-1229578
[2026-09-27T13:40:26Z] #348 attempt=1/2 status=200 0.378s url=https://www.myfonts.com/collections/south-coven-font-bale-type/
[2026-09-27T13:40:27Z] #349 attempt=1/2 status=200 0.336s url=https://www.myfonts.com/collections/south-coven-font-bale-type/?tab=techSpecs
[2026-09-27T13:40:28Z] #350 attempt=1/2 status=200 0.355s url=https://www.myfonts.com/products/cs-austria-complete-family-package-1229590
[2026-09-27T13:40:29Z] #351 attempt=1/2 status=200 0.338s url=https://www.myfonts.com/collections/cs-austria-font-craft-supply-co/
[2026-09-27T13:40:30Z] #352 attempt=1/2 status=200 0.377s url=https://www.myfonts.com/collections/cs-austria-font-craft-supply-co/?tab=techSpecs
[2026-09-27T13:40:32Z] #353 attempt=1/2 status=200 0.452s url=https://www.myfonts.com/products/crisbon-complete-family-package-1229508
[2026-09-27T13:40:33Z] #354 attempt=1/2 status=200 0.589s url=https://www.myfonts.com/collections/crisbon-font-great-studio/
[2026-09-27T13:40:34Z] #355 attempt=1/2 status=200 0.488s url=https://www.myfonts.com/collections/crisbon-font-great-studio/?tab=techSpecs
[2026-09-27T13:40:35Z] #356 attempt=1/2 status=200 0.365s url=https://www.myfonts.com/products/bellview-complete-family-package-1229533
[2026-09-27T13:40:36Z] #357 attempt=1/2 status=200 0.428s url=https://www.myfonts.com/collections/bellview-font-dora-typefoundry/
[2026-09-27T13:40:37Z] #358 attempt=1/2 status=200 0.363s url=https://www.myfonts.com/collections/bellview-font-dora-typefoundry/?tab=techSpecs
[2026-09-27T13:40:39Z] #359 attempt=1/2 status=200 0.352s url=https://www.myfonts.com/products/starlone-complete-family-package-1229584
[2026-09-27T13:40:39Z] #360 attempt=1/2 status=200 0.363s url=https://www.myfonts.com/collections/starlone-font-bale-type/
[2026-09-27T13:40:40Z] #361 attempt=1/2 status=200 0.371s url=https://www.myfonts.com/collections/starlone-font-bale-type/?tab=techSpecs
[2026-09-27T13:40:42Z] #362 attempt=1/2 status=200 0.383s url=https://www.myfonts.com/products/malta-quarelina-complete-family-package-1229530
[2026-09-27T13:40:42Z] #363 attempt=1/2 status=200 0.426s url=https://www.myfonts.com/collections/malta-quarelina-font-vermilione/
[2026-09-27T13:40:43Z] #364 attempt=1/2 status=200 0.373s url=https://www.myfonts.com/collections/malta-quarelina-font-vermilione/?tab=techSpecs
[2026-09-27T13:40:45Z] #365 attempt=1/2 status=200 0.361s url=https://www.myfonts.com/products/bendor-signature-complete-family-package-1229474
[2026-09-27T13:40:46Z] #366 attempt=1/2 status=200 0.385s url=https://www.myfonts.com/collections/bendor-signature-font-lemonthe/
[2026-09-27T13:40:46Z] #367 attempt=1/2 status=200 0.335s url=https://www.myfonts.com/collections/bendor-signature-font-lemonthe/?tab=techSpecs
[2026-09-27T13:40:48Z] #368 attempt=1/2 status=200 0.335s url=https://www.myfonts.com/products/meskaro-complete-family-package-1229548
[2026-09-27T13:40:49Z] #369 attempt=1/2 status=200 0.378s url=https://www.myfonts.com/collections/meskaro-font-timelesstype-studio/
[2026-09-27T13:40:50Z] #370 attempt=1/2 status=200 0.319s url=https://www.myfonts.com/collections/meskaro-font-timelesstype-studio/?tab=techSpecs
[2026-09-27T13:40:51Z] #371 attempt=1/2 status=200 0.360s url=https://www.myfonts.com/products/scriptique-complete-family-package-1229315
[2026-09-27T13:40:52Z] #372 attempt=1/2 status=200 0.380s url=https://www.myfonts.com/collections/scriptique-font-scriptique/
[2026-09-27T13:40:53Z] #373 attempt=1/2 status=200 0.339s url=https://www.myfonts.com/collections/scriptique-font-scriptique/?tab=techSpecs
[2026-09-27T13:40:54Z] #374 attempt=1/2 status=200 0.437s url=https://www.myfonts.com/products/arosnes-complete-family-package-1229484
[2026-09-27T13:40:55Z] #375 attempt=1/2 status=200 0.578s url=https://www.myfonts.com/collections/arosnes-font-deorde-studio/
[2026-09-27T13:40:56Z] #376 attempt=1/2 status=200 0.426s url=https://www.myfonts.com/collections/arosnes-font-deorde-studio/?tab=techSpecs
[2026-09-27T13:40:58Z] #377 attempt=1/2 status=200 0.355s url=https://www.myfonts.com/products/pelmy-know-complete-family-package-1229599
[2026-09-27T13:40:59Z] #378 attempt=1/2 status=200 0.378s url=https://www.myfonts.com/collections/pelmy-know-font-letterena-studios/
[2026-09-27T13:40:59Z] #379 attempt=1/2 status=200 0.347s url=https://www.myfonts.com/collections/pelmy-know-font-letterena-studios/?tab=techSpecs
[2026-09-27T13:41:01Z] #380 attempt=1/2 status=200 0.366s url=https://www.myfonts.com/products/gekga-complete-family-package-1229480
[2026-09-27T13:41:02Z] #381 attempt=1/2 status=200 0.424s url=https://www.myfonts.com/collections/gekga-font-illushvara/
[2026-09-27T13:41:03Z] #382 attempt=1/2 status=200 0.339s url=https://www.myfonts.com/collections/gekga-font-illushvara/?tab=techSpecs
[2026-09-27T13:41:05Z] #383 attempt=1/6 status=200 0.868s url=https://www.myfonts.com/products.json?limit=100&page=27
[2026-09-27T13:41:07Z] #384 attempt=1/6 status=200 0.919s url=https://www.myfonts.com/products.json?limit=100&page=28
[2026-09-27T13:41:08Z] #385 attempt=1/6 status=200 1.054s url=https://www.myfonts.com/products.json?limit=100&page=29
[2026-09-27T13:41:09Z] #386 attempt=1/2 status=200 0.382s url=https://www.myfonts.com/products/regular-magroze-1229319
[2026-09-27T13:41:10Z] #387 attempt=1/2 status=200 0.334s url=https://www.myfonts.com/collections/magroze-font-bimaksara/
[2026-09-27T13:41:10Z] #388 attempt=1/2 status=200 0.283s url=https://www.myfonts.com/collections/magroze-font-bimaksara/?tab=techSpecs
[2026-09-27T13:41:12Z] #389 attempt=1/6 status=200 0.914s url=https://www.myfonts.com/products.json?limit=100&page=30
[2026-09-27T13:41:14Z] #390 attempt=1/6 status=200 0.978s url=https://www.myfonts.com/products.json?limit=100&page=31
[2026-09-27T13:41:15Z] #391 attempt=1/2 status=200 0.441s url=https://www.myfonts.com/products/heavy-italic-extreme-sans-561524
[2026-09-27T13:41:15Z] #392 attempt=1/2 status=200 0.426s url=https://www.myfonts.com/collections/extreme-sans-font-type-innovations/
[2026-09-27T13:41:16Z] #393 attempt=1/2 status=200 0.424s url=https://www.myfonts.com/collections/extreme-sans-font-type-innovations/?tab=techSpecs
[2026-09-27T13:41:18Z] #394 attempt=1/2 status=200 0.235s url=https://www.myfonts.com/collections/extreme-sans-font-type-innovations/
[2026-09-27T13:41:18Z] #395 attempt=1/2 status=200 0.349s url=https://www.myfonts.com/products/condensed-bold-innovage-559567
[2026-09-27T13:41:19Z] #396 attempt=1/2 status=200 0.431s url=https://www.myfonts.com/collections/innovage-font-type-innovations/
[2026-09-27T13:41:20Z] #397 attempt=1/2 status=200 0.433s url=https://www.myfonts.com/collections/innovage-font-type-innovations/?tab=techSpecs
[2026-09-27T13:41:22Z] #398 attempt=1/2 status=200 0.411s url=https://www.myfonts.com/collections/innovage-font-type-innovations/
[2026-09-27T13:41:23Z] #399 attempt=1/2 status=200 0.309s url=https://www.myfonts.com/products/regular-canuas-1229528
[2026-09-27T13:41:23Z] #400 attempt=1/2 status=200 0.349s url=https://www.myfonts.com/collections/canuas-font-cut-story/
[2026-09-27T13:41:24Z] #401 attempt=1/2 status=200 0.331s url=https://www.myfonts.com/collections/canuas-font-cut-story/?tab=techSpecs
[2026-09-27T13:41:25Z] #402 attempt=1/2 status=200 0.342s url=https://www.myfonts.com/products/regular-koga-1229483
[2026-09-27T13:41:26Z] #403 attempt=1/2 status=200 0.331s url=https://www.myfonts.com/collections/koga-font-sensatype-studio/
[2026-09-27T13:41:27Z] #404 attempt=1/2 status=200 0.337s url=https://www.myfonts.com/collections/koga-font-sensatype-studio/?tab=techSpecs
[2026-09-27T13:41:28Z] #405 attempt=1/2 status=200 0.349s url=https://www.myfonts.com/products/regular-honey-sunday-1229587
[2026-09-27T13:41:29Z] #406 attempt=1/2 status=200 0.339s url=https://www.myfonts.com/collections/honey-sunday-font-vadova-std/
[2026-09-27T13:41:29Z] #407 attempt=1/2 status=200 0.315s url=https://www.myfonts.com/collections/honey-sunday-font-vadova-std/?tab=techSpecs
[2026-09-27T13:41:31Z] #408 attempt=1/2 status=200 0.370s url=https://www.myfonts.com/products/regular-gravist-core-1229589
[2026-09-27T13:41:31Z] #409 attempt=1/2 status=200 0.383s url=https://www.myfonts.com/collections/gravist-core-font-rasio-studio/
[2026-09-27T13:41:32Z] #410 attempt=1/2 status=200 0.340s url=https://www.myfonts.com/collections/gravist-core-font-rasio-studio/?tab=techSpecs
[2026-09-27T13:41:33Z] #411 attempt=1/2 status=200 0.364s url=https://www.myfonts.com/products/regular-monster-chunk-1229588
[2026-09-27T13:41:34Z] #412 attempt=1/2 status=200 0.345s url=https://www.myfonts.com/collections/monster-chunk-font-rasio-studio/
[2026-09-27T13:41:35Z] #413 attempt=1/2 status=200 0.304s url=https://www.myfonts.com/collections/monster-chunk-font-rasio-studio/?tab=techSpecs
[2026-09-27T13:41:36Z] #414 attempt=1/2 status=200 0.281s url=https://www.myfonts.com/products/regular-norant-1229551
[2026-09-27T13:41:37Z] #415 attempt=1/2 status=200 0.337s url=https://www.myfonts.com/collections/norant-font-dareco-studio/
[2026-09-27T13:41:37Z] #416 attempt=1/2 status=200 0.321s url=https://www.myfonts.com/collections/norant-font-dareco-studio/?tab=techSpecs
[2026-09-27T13:41:39Z] #417 attempt=1/2 status=200 0.347s url=https://www.myfonts.com/products/regular-venadria-signature-1229529
[2026-09-27T13:41:39Z] #418 attempt=1/2 status=200 0.397s url=https://www.myfonts.com/collections/venadria-signature-font-lettertype-studio/
[2026-09-27T13:41:40Z] #419 attempt=1/2 status=200 0.381s url=https://www.myfonts.com/collections/venadria-signature-font-lettertype-studio/?tab=techSpecs
[2026-09-27T13:41:41Z] #420 attempt=1/2 status=200 0.365s url=https://www.myfonts.com/products/regular-groovy-waves-1229594
[2026-09-27T13:41:42Z] #421 attempt=1/2 status=200 0.335s url=https://www.myfonts.com/collections/groovy-waves-font-figuree-studio/
[2026-09-27T13:41:43Z] #422 attempt=1/2 status=200 0.342s url=https://www.myfonts.com/collections/groovy-waves-font-figuree-studio/?tab=techSpecs
[2026-09-27T13:41:44Z] #423 attempt=1/2 status=200 0.308s url=https://www.myfonts.com/products/regular-norsel-1229479
[2026-09-27T13:41:45Z] #424 attempt=1/2 status=200 0.328s url=https://www.myfonts.com/collections/norsel-font-cut-story/
[2026-09-27T13:41:45Z] #425 attempt=1/2 status=200 0.454s url=https://www.myfonts.com/collections/norsel-font-cut-story/?tab=techSpecs
[2026-09-27T13:41:47Z] #426 attempt=1/2 status=200 0.338s url=https://www.myfonts.com/products/regular-atron-1229547
[2026-09-27T13:41:47Z] #427 attempt=1/2 status=200 0.417s url=https://www.myfonts.com/collections/atron-font-dareco-studio/
[2026-09-27T13:41:48Z] #428 attempt=1/2 status=200 0.290s url=https://www.myfonts.com/collections/atron-font-dareco-studio/?tab=techSpecs
[2026-09-27T13:41:49Z] #429 attempt=1/2 status=200 0.425s url=https://www.myfonts.com/products/mosterina-complete-family-package-1227932
[2026-09-27T13:41:50Z] #430 attempt=1/2 status=200 0.410s url=https://www.myfonts.com/collections/mosterina-font-ahweproject/
[2026-09-27T13:41:51Z] #431 attempt=1/2 status=200 0.355s url=https://www.myfonts.com/collections/mosterina-font-ahweproject/?tab=techSpecs
[2026-09-27T13:41:53Z] #432 attempt=1/2 status=200 0.335s url=https://www.myfonts.com/products/houston-complete-family-package-1227885
[2026-09-27T13:41:53Z] #433 attempt=1/2 status=200 0.431s url=https://www.myfonts.com/collections/houston-font-unitype-studio/
[2026-09-27T13:41:54Z] #434 attempt=1/2 status=200 0.346s url=https://www.myfonts.com/collections/houston-font-unitype-studio/?tab=techSpecs
[2026-09-27T13:41:56Z] #435 attempt=1/2 status=200 0.430s url=https://www.myfonts.com/products/borne-times-complete-family-package-1227311
[2026-09-27T13:41:57Z] #436 attempt=1/2 status=200 0.359s url=https://www.myfonts.com/collections/borne-times-font-waftype/
[2026-09-27T13:41:57Z] #437 attempt=1/2 status=200 0.367s url=https://www.myfonts.com/collections/borne-times-font-waftype/?tab=techSpecs
[2026-09-27T13:41:59Z] #438 attempt=1/2 status=200 0.387s url=https://www.myfonts.com/products/geikin-complete-family-package-1227929
[2026-09-27T13:42:00Z] #439 attempt=1/2 status=200 0.429s url=https://www.myfonts.com/collections/geikin-font-agung-sudirman/
[2026-09-27T13:42:01Z] #440 attempt=1/2 status=200 0.357s url=https://www.myfonts.com/collections/geikin-font-agung-sudirman/?tab=techSpecs
[2026-09-27T13:42:02Z] #441 attempt=1/2 status=200 0.368s url=https://www.myfonts.com/products/garncoleia-complete-family-package-1228975
[2026-09-27T13:42:03Z] #442 attempt=1/2 status=200 0.422s url=https://www.myfonts.com/collections/garncoleia-font-sealoung/
[2026-09-27T13:42:04Z] #443 attempt=1/2 status=200 0.336s url=https://www.myfonts.com/collections/garncoleia-font-sealoung/?tab=techSpecs
[2026-09-27T13:42:06Z] #444 attempt=1/2 status=200 1.040s url=https://www.myfonts.com/products/selvorith-complete-family-package-1228173
[2026-09-27T13:42:07Z] #445 attempt=1/2 status=200 0.894s url=https://www.myfonts.com/collections/selvorith-font-donyadesign/
[2026-09-27T13:42:09Z] #446 attempt=1/2 status=200 1.268s url=https://www.myfonts.com/collections/selvorith-font-donyadesign/?tab=techSpecs
[2026-09-27T13:42:11Z] #447 attempt=1/2 status=200 0.427s url=https://www.myfonts.com/products/narrow-package-1227928
[2026-09-27T13:42:13Z] #448 attempt=1/2 status=200 1.051s url=https://www.myfonts.com/products/rejeki-complete-family-package-1227670
[2026-09-27T13:42:14Z] #449 attempt=1/2 status=200 1.424s url=https://www.myfonts.com/collections/rejeki-font-abbastype/
[2026-09-27T13:42:16Z] #450 attempt=1/2 status=200 1.216s url=https://www.myfonts.com/collections/rejeki-font-abbastype/?tab=techSpecs
[2026-09-27T13:42:19Z] #451 attempt=1/2 status=200 1.082s url=https://www.myfonts.com/products/demavonia-complete-family-package-1228881
[2026-09-27T13:42:20Z] #452 attempt=1/2 status=200 1.399s url=https://www.myfonts.com/collections/demavonia-font-salsatype/
[2026-09-27T13:42:22Z] #453 attempt=1/2 status=200 1.306s url=https://www.myfonts.com/collections/demavonia-font-salsatype/?tab=techSpecs
[2026-09-27T13:42:24Z] #454 attempt=1/2 status=200 0.431s url=https://www.myfonts.com/products/bonthe-complete-family-package-1228154
[2026-09-27T13:42:25Z] #455 attempt=1/2 status=200 0.626s url=https://www.myfonts.com/collections/bonthe-font-dora-typefoundry/
[2026-09-27T13:42:26Z] #456 attempt=1/2 status=200 0.518s url=https://www.myfonts.com/collections/bonthe-font-dora-typefoundry/?tab=techSpecs
[2026-09-27T13:42:28Z] #457 attempt=1/2 status=200 1.015s url=https://www.myfonts.com/products/pogalis-complete-family-package-1228794
[2026-09-27T13:42:30Z] #458 attempt=1/2 status=200 1.174s url=https://www.myfonts.com/collections/pogalis-font-salsatype/
[2026-09-27T13:42:32Z] #459 attempt=1/2 status=200 1.135s url=https://www.myfonts.com/collections/pogalis-font-salsatype/?tab=techSpecs
[2026-09-27T13:42:33Z] #460 attempt=1/2 status=200 0.373s url=https://www.myfonts.com/products/janked-complete-family-package-1227666
[2026-09-27T13:42:34Z] #461 attempt=1/2 status=200 0.380s url=https://www.myfonts.com/collections/janked-font-maulana-creative/
[2026-09-27T13:42:35Z] #462 attempt=1/2 status=200 0.353s url=https://www.myfonts.com/collections/janked-font-maulana-creative/?tab=techSpecs
[2026-09-27T13:42:37Z] #463 attempt=1/2 status=200 0.398s url=https://www.myfonts.com/products/eastline-complete-family-package-1228151
[2026-09-27T13:42:38Z] #464 attempt=1/2 status=200 0.386s url=https://www.myfonts.com/collections/eastline-font-din-studio/
[2026-09-27T13:42:38Z] #465 attempt=1/2 status=200 0.332s url=https://www.myfonts.com/collections/eastline-font-din-studio/?tab=techSpecs
[2026-09-27T13:42:40Z] #466 attempt=1/2 status=200 0.678s url=https://www.myfonts.com/products/barbie-love-complete-family-package-1227473
[2026-09-27T13:42:42Z] #467 attempt=1/2 status=200 1.395s url=https://www.myfonts.com/collections/barbie-love-font-abbastype/
[2026-09-27T13:42:44Z] #468 attempt=1/2 status=200 1.170s url=https://www.myfonts.com/collections/barbie-love-font-abbastype/?tab=techSpecs
[2026-09-27T13:42:46Z] #469 attempt=1/2 status=200 0.342s url=https://www.myfonts.com/products/dreadly-complete-family-package-1228791
[2026-09-27T13:42:46Z] #470 attempt=1/2 status=200 0.390s url=https://www.myfonts.com/collections/dreadly-font-ronin-design/
[2026-09-27T13:42:47Z] #471 attempt=1/2 status=200 0.326s url=https://www.myfonts.com/collections/dreadly-font-ronin-design/?tab=techSpecs
[2026-09-27T13:42:49Z] #472 attempt=1/2 status=200 0.381s url=https://www.myfonts.com/products/randeta-olindra-complete-family-package-1228140
[2026-09-27T13:42:50Z] #473 attempt=1/2 status=200 0.469s url=https://www.myfonts.com/collections/randeta-olindra-font-dgtype/
[2026-09-27T13:42:51Z] #474 attempt=1/2 status=200 0.497s url=https://www.myfonts.com/collections/randeta-olindra-font-dgtype/?tab=techSpecs
[2026-09-27T13:42:53Z] #475 attempt=1/2 status=200 1.081s url=https://www.myfonts.com/products/the-raylen-complete-family-package-1227472
[2026-09-27T13:42:55Z] #476 attempt=1/2 status=200 1.310s url=https://www.myfonts.com/collections/the-raylen-font-abbastype/
[2026-09-27T13:42:56Z] #477 attempt=1/2 status=200 1.066s url=https://www.myfonts.com/collections/the-raylen-font-abbastype/?tab=techSpecs
[2026-09-27T13:42:58Z] #478 attempt=1/2 status=200 0.484s url=https://www.myfonts.com/products/european-vintage-complete-family-package-1228770
[2026-09-27T13:42:59Z] #479 attempt=1/2 status=200 0.587s url=https://www.myfonts.com/collections/european-vintage-font-rastype-studio/
[2026-09-27T13:43:00Z] #480 attempt=1/2 status=200 0.464s url=https://www.myfonts.com/collections/european-vintage-font-rastype-studio/?tab=techSpecs
[2026-09-27T13:43:02Z] #481 attempt=1/2 status=200 1.104s url=https://www.myfonts.com/products/gorvain-soft-complete-family-package-1229066
[2026-09-27T13:43:04Z] #482 attempt=1/2 status=200 1.369s url=https://www.myfonts.com/collections/gorvain-soft-font-keren-studio/
[2026-09-27T13:43:06Z] #483 attempt=1/2 status=200 1.095s url=https://www.myfonts.com/collections/gorvain-soft-font-keren-studio/?tab=techSpecs
[2026-09-27T13:43:08Z] #484 attempt=1/2 status=200 0.391s url=https://www.myfonts.com/products/prixma-caps-complete-family-package-1228131
[2026-09-27T13:43:09Z] #485 attempt=1/2 status=200 0.462s url=https://www.myfonts.com/collections/prixma-caps-font-defharo/
[2026-09-27T13:43:09Z] #486 attempt=1/2 status=200 0.397s url=https://www.myfonts.com/collections/prixma-caps-font-defharo/?tab=techSpecs
[2026-09-27T13:43:11Z] #487 attempt=1/2 status=200 0.445s url=https://www.myfonts.com/products/civara-condensed-complete-family-package-1227378
[2026-09-27T13:43:12Z] #488 attempt=1/2 status=200 0.537s url=https://www.myfonts.com/collections/civara-condensed-font-md-type/
[2026-09-27T13:43:13Z] #489 attempt=1/2 status=200 0.405s url=https://www.myfonts.com/collections/civara-condensed-font-md-type/?tab=techSpecs
[2026-09-27T13:43:15Z] #490 attempt=1/2 status=200 1.354s url=https://www.myfonts.com/products/fatglos-package-package-1228695
[2026-09-27T13:43:19Z] #491 attempt=1/2 status=200 3.469s url=https://www.myfonts.com/collections/fatglos-font-nia-typework/
[2026-09-27T13:43:22Z] #492 attempt=1/2 status=200 2.083s url=https://www.myfonts.com/collections/fatglos-font-nia-typework/?tab=techSpecs
[2026-09-27T13:43:24Z] #493 attempt=1/2 status=200 0.370s url=https://www.myfonts.com/products/protica-complete-family-package-1228999
[2026-09-27T13:43:25Z] #494 attempt=1/2 status=200 0.360s url=https://www.myfonts.com/collections/protica-font-font-liner/
[2026-09-27T13:43:26Z] #495 attempt=1/2 status=200 0.327s url=https://www.myfonts.com/collections/protica-font-font-liner/?tab=techSpecs
[2026-09-27T13:43:27Z] #496 attempt=1/2 status=200 0.420s url=https://www.myfonts.com/products/metro-culture-complete-family-package-1227913
[2026-09-27T13:43:28Z] #497 attempt=1/2 status=200 0.396s url=https://www.myfonts.com/collections/metro-culture-font-the-native-saint-club/
[2026-09-27T13:43:29Z] #498 attempt=1/2 status=200 0.320s url=https://www.myfonts.com/collections/metro-culture-font-the-native-saint-club/?tab=techSpecs
[2026-09-27T13:43:31Z] #499 attempt=1/2 status=200 0.859s url=https://www.myfonts.com/products/bhagkuan-complete-family-package-1227356
[2026-09-27T13:43:33Z] #500 attempt=1/2 status=200 1.223s url=https://www.myfonts.com/collections/bhagkuan-font-abbastype/
[2026-09-27T13:43:34Z] #501 attempt=1/2 status=200 1.197s url=https://www.myfonts.com/collections/bhagkuan-font-abbastype/?tab=techSpecs
[2026-09-27T13:43:36Z] #502 attempt=1/2 status=200 0.519s url=https://www.myfonts.com/products/saint-hardvest-complete-family-package-1229034
[2026-09-27T13:43:37Z] #503 attempt=1/2 status=200 0.556s url=https://www.myfonts.com/collections/saint-hardvest-font-jafar07/
[2026-09-27T13:43:38Z] #504 attempt=1/2 status=200 0.485s url=https://www.myfonts.com/collections/saint-hardvest-font-jafar07/?tab=techSpecs
[2026-09-27T13:43:40Z] #505 attempt=1/2 status=200 0.329s url=https://www.myfonts.com/products/revanzo-complete-family-package-1228126
[2026-09-27T13:43:41Z] #506 attempt=1/2 status=200 0.372s url=https://www.myfonts.com/collections/revanzo-font-craft-supply-co/
[2026-09-27T13:43:41Z] #507 attempt=1/2 status=200 0.331s url=https://www.myfonts.com/collections/revanzo-font-craft-supply-co/?tab=techSpecs
[2026-09-27T13:43:43Z] #508 attempt=1/2 status=200 0.361s url=https://www.myfonts.com/products/kufi-20-naaem-complete-family-package-1229006
[2026-09-27T13:43:44Z] #509 attempt=1/2 status=200 0.421s url=https://www.myfonts.com/collections/kufi-20-naaem-font-grafikarfonts/
[2026-09-27T13:43:45Z] #510 attempt=1/2 status=200 0.384s url=https://www.myfonts.com/collections/kufi-20-naaem-font-grafikarfonts/?tab=techSpecs
[2026-09-27T13:43:46Z] #511 attempt=1/2 status=200 0.376s url=https://www.myfonts.com/products/sunday-brew-complete-family-package-1227910
[2026-09-27T13:43:47Z] #512 attempt=1/2 status=200 0.376s url=https://www.myfonts.com/collections/sunday-brew-font-cocodesign/
[2026-09-27T13:43:48Z] #513 attempt=1/2 status=200 0.322s url=https://www.myfonts.com/collections/sunday-brew-font-cocodesign/?tab=techSpecs
[2026-09-27T13:43:49Z] #514 attempt=1/2 status=200 0.333s url=https://www.myfonts.com/products/revenika-complete-family-package-1228123
[2026-09-27T13:43:50Z] #515 attempt=1/2 status=200 0.394s url=https://www.myfonts.com/collections/revenika-font-craft-supply-co/
[2026-09-27T13:43:51Z] #516 attempt=1/2 status=200 0.325s url=https://www.myfonts.com/collections/revenika-font-craft-supply-co/?tab=techSpecs
[2026-09-27T13:43:53Z] #517 attempt=1/2 status=200 0.482s url=https://www.myfonts.com/products/civara-complete-family-package-1227345
[2026-09-27T13:43:54Z] #518 attempt=1/2 status=200 0.581s url=https://www.myfonts.com/collections/civara-font-md-type/
[2026-09-27T13:43:54Z] #519 attempt=1/2 status=200 0.468s url=https://www.myfonts.com/collections/civara-font-md-type/?tab=techSpecs
[2026-09-27T13:43:57Z] #520 attempt=1/6 status=200 0.872s url=https://www.myfonts.com/products.json?limit=100&page=32
[2026-09-27T13:43:59Z] #521 attempt=1/2 status=200 1.766s url=https://www.myfonts.com/products/soft-package-1228503
[2026-09-27T13:44:03Z] #522 attempt=1/2 status=200 3.387s url=https://www.myfonts.com/collections/seghan-elegant-font-rotterlab-studio/
[2026-09-27T13:44:07Z] #523 attempt=1/2 status=200 3.471s url=https://www.myfonts.com/collections/seghan-elegant-font-rotterlab-studio/?tab=techSpecs
[2026-09-27T13:44:09Z] #524 attempt=1/2 status=200 0.353s url=https://www.myfonts.com/products/sharon-springs-complete-family-package-1227907
[2026-09-27T13:44:10Z] #525 attempt=1/2 status=200 0.416s url=https://www.myfonts.com/collections/sharon-springs-font-dora-typefoundry/
[2026-09-27T13:44:11Z] #526 attempt=1/2 status=200 0.346s url=https://www.myfonts.com/collections/sharon-springs-font-dora-typefoundry/?tab=techSpecs
[2026-09-27T13:44:13Z] #527 attempt=1/2 status=200 0.327s url=https://www.myfonts.com/products/daily-darling-complete-family-package-1228118
[2026-09-27T13:44:13Z] #528 attempt=1/2 status=200 0.468s url=https://www.myfonts.com/collections/daily-darling-font-cocodesign/
[2026-09-27T13:44:14Z] #529 attempt=1/2 status=200 0.311s url=https://www.myfonts.com/collections/daily-darling-font-cocodesign/?tab=techSpecs
[2026-09-27T13:44:16Z] #530 attempt=1/2 status=200 0.330s url=https://www.myfonts.com/products/pimzolo-complete-family-package-1227340
[2026-09-27T13:44:16Z] #531 attempt=1/2 status=200 0.333s url=https://www.myfonts.com/collections/pimzolo-font-pulpenitem-studio/
[2026-09-27T13:44:17Z] #532 attempt=1/2 status=200 0.333s url=https://www.myfonts.com/collections/pimzolo-font-pulpenitem-studio/?tab=techSpecs
[2026-09-27T13:44:19Z] #533 attempt=1/2 status=200 0.328s url=https://www.myfonts.com/products/esthary-complete-family-package-1228972
[2026-09-27T13:44:20Z] #534 attempt=1/2 status=200 0.388s url=https://www.myfonts.com/collections/esthary-font-vermilione/
[2026-09-27T13:44:20Z] #535 attempt=1/2 status=200 0.321s url=https://www.myfonts.com/collections/esthary-font-vermilione/?tab=techSpecs
[2026-09-27T13:44:22Z] #536 attempt=1/2 status=200 0.368s url=https://www.myfonts.com/products/gothic-saturday-complete-family-package-1227902
[2026-09-27T13:44:23Z] #537 attempt=1/2 status=200 0.412s url=https://www.myfonts.com/collections/gothic-saturday-font-sarid-ezra/
[2026-09-27T13:44:24Z] #538 attempt=1/2 status=200 0.385s url=https://www.myfonts.com/collections/gothic-saturday-font-sarid-ezra/?tab=techSpecs
[2026-09-27T13:44:25Z] #539 attempt=1/2 status=200 0.324s url=https://www.myfonts.com/products/caramigo-complete-family-package-1228370
[2026-09-27T13:44:26Z] #540 attempt=1/2 status=200 0.388s url=https://www.myfonts.com/collections/caramigo-font-hishand-studio/
[2026-09-27T13:44:27Z] #541 attempt=1/2 status=200 0.373s url=https://www.myfonts.com/collections/caramigo-font-hishand-studio/?tab=techSpecs
[2026-09-27T13:44:28Z] #542 attempt=1/2 status=200 0.352s url=https://www.myfonts.com/products/valortha-complete-family-package-1228115
[2026-09-27T13:44:29Z] #543 attempt=1/2 status=200 0.397s url=https://www.myfonts.com/collections/valortha-font-burntilldead/
[2026-09-27T13:44:30Z] #544 attempt=1/2 status=200 0.338s url=https://www.myfonts.com/collections/valortha-font-burntilldead/?tab=techSpecs
[2026-09-27T13:44:32Z] #545 attempt=1/2 status=200 0.358s url=https://www.myfonts.com/products/midnight-pumpkin-complete-family-package-1228788
[2026-09-27T13:44:32Z] #546 attempt=1/2 status=200 0.361s url=https://www.myfonts.com/collections/midnight-pumpkin-font-rillatype/
[2026-09-27T13:44:33Z] #547 attempt=1/2 status=200 0.313s url=https://www.myfonts.com/collections/midnight-pumpkin-font-rillatype/?tab=techSpecs
[2026-09-27T13:44:35Z] #548 attempt=1/2 status=200 0.448s url=https://www.myfonts.com/products/dexialis-static-package-1228107
[2026-09-27T13:44:36Z] #549 attempt=1/2 status=200 0.660s url=https://www.myfonts.com/collections/dexialis-font-bartama-graphic/
[2026-09-27T13:44:37Z] #550 attempt=1/2 status=200 0.467s url=https://www.myfonts.com/collections/dexialis-font-bartama-graphic/?tab=techSpecs
[2026-09-27T13:44:39Z] #551 attempt=1/2 status=200 0.422s url=https://www.myfonts.com/products/compart-pyapari-complete-family-package-1228349
[2026-09-27T13:44:40Z] #552 attempt=1/2 status=200 0.523s url=https://www.myfonts.com/collections/compart-pyapari-font-glyphminds-studios/
[2026-09-27T13:44:40Z] #553 attempt=1/2 status=200 0.422s url=https://www.myfonts.com/collections/compart-pyapari-font-glyphminds-studios/?tab=techSpecs
[2026-09-27T13:44:42Z] #554 attempt=1/2 status=200 0.379s url=https://www.myfonts.com/products/ravella-complete-family-package-1227891
[2026-09-27T13:44:43Z] #555 attempt=1/2 status=200 0.438s url=https://www.myfonts.com/collections/ravella-font-flawlessandco/
[2026-09-27T13:44:44Z] #556 attempt=1/2 status=200 0.376s url=https://www.myfonts.com/collections/ravella-font-flawlessandco/?tab=techSpecs
[2026-09-27T13:44:45Z] #557 attempt=1/2 status=200 0.359s url=https://www.myfonts.com/products/cresso-complete-family-package-1228505
[2026-09-27T13:44:46Z] #558 attempt=1/2 status=200 0.394s url=https://www.myfonts.com/collections/cresso-font-negara-studio/
[2026-09-27T13:44:47Z] #559 attempt=1/2 status=200 0.371s url=https://www.myfonts.com/collections/cresso-font-negara-studio/?tab=techSpecs
[2026-09-27T13:44:49Z] #560 attempt=1/2 status=200 0.620s url=https://www.myfonts.com/products/grelio-complete-family-package-1228301
[2026-09-27T13:44:50Z] #561 attempt=1/2 status=200 0.843s url=https://www.myfonts.com/collections/grelio-font-get-studio/
[2026-09-27T13:44:51Z] #562 attempt=1/2 status=200 0.690s url=https://www.myfonts.com/collections/grelio-font-get-studio/?tab=techSpecs
[2026-09-27T13:44:53Z] #563 attempt=1/2 status=200 0.364s url=https://www.myfonts.com/products/ikn-isolat-complete-family-package-1229014
[2026-09-27T13:44:54Z] #564 attempt=1/2 status=200 0.471s url=https://www.myfonts.com/collections/ikn-isolat-font-ikosa-nona/
[2026-09-27T13:44:55Z] #565 attempt=1/2 status=200 0.415s url=https://www.myfonts.com/collections/ikn-isolat-font-ikosa-nona/?tab=techSpecs
[2026-09-27T13:44:57Z] #566 attempt=1/2 status=200 0.363s url=https://www.myfonts.com/products/bora-complete-family-package-1227875
[2026-09-27T13:44:57Z] #567 attempt=1/2 status=200 0.503s url=https://www.myfonts.com/collections/bora-font-md-type/
[2026-09-27T13:44:58Z] #568 attempt=1/2 status=200 0.380s url=https://www.myfonts.com/collections/bora-font-md-type/?tab=techSpecs
[2026-09-27T13:45:00Z] #569 attempt=1/2 status=200 0.370s url=https://www.myfonts.com/products/durden-compressed-complete-family-package-1227314
[2026-09-27T13:45:01Z] #570 attempt=1/2 status=200 0.461s url=https://www.myfonts.com/collections/durden-compressed-font-glowtype/
[2026-09-27T13:45:01Z] #571 attempt=1/2 status=200 0.337s url=https://www.myfonts.com/collections/durden-compressed-font-glowtype/?tab=techSpecs
[2026-09-27T13:45:03Z] #572 attempt=1/2 status=200 0.338s url=https://www.myfonts.com/products/kalero-complete-family-package-1228298
[2026-09-27T13:45:04Z] #573 attempt=1/2 status=200 0.391s url=https://www.myfonts.com/collections/kalero-font-font-liner/
[2026-09-27T13:45:05Z] #574 attempt=1/2 status=200 0.365s url=https://www.myfonts.com/collections/kalero-font-font-liner/?tab=techSpecs
[2026-09-27T13:45:07Z] #575 attempt=1/2 status=200 1.018s url=https://www.myfonts.com/products/aotes-complete-family-package-1227976
[2026-09-27T13:45:08Z] #576 attempt=1/2 status=200 1.173s url=https://www.myfonts.com/collections/aotes-font-aqeela-studio/
[2026-09-27T13:45:10Z] #577 attempt=1/2 status=200 1.069s url=https://www.myfonts.com/collections/aotes-font-aqeela-studio/?tab=techSpecs
[2026-09-27T13:45:12Z] #578 attempt=1/2 status=200 0.372s url=https://www.myfonts.com/products/pumako-complete-family-package-1227867
[2026-09-27T13:45:13Z] #579 attempt=1/2 status=200 0.501s url=https://www.myfonts.com/collections/pumako-font-cassette-type/
[2026-09-27T13:45:13Z] #580 attempt=1/2 status=200 0.407s url=https://www.myfonts.com/collections/pumako-font-cassette-type/?tab=techSpecs
[2026-09-27T13:45:15Z] #581 attempt=1/2 status=200 0.344s url=https://www.myfonts.com/products/the-arkanes-decorative-complete-family-package-1229002
[2026-09-27T13:45:16Z] #582 attempt=1/2 status=200 0.359s url=https://www.myfonts.com/collections/the-arkanes-decorative-font-gleb-guralnyk/
[2026-09-27T13:45:17Z] #583 attempt=1/2 status=200 0.344s url=https://www.myfonts.com/collections/the-arkanes-decorative-font-gleb-guralnyk/?tab=techSpecs
[2026-09-27T13:45:18Z] #584 attempt=1/2 status=200 0.398s url=https://www.myfonts.com/products/public-office-complete-family-package-1227292
[2026-09-27T13:45:19Z] #585 attempt=1/2 status=200 0.504s url=https://www.myfonts.com/collections/public-office-font-bimaksara/
[2026-09-27T13:45:20Z] #586 attempt=1/2 status=200 0.558s url=https://www.myfonts.com/collections/public-office-font-bimaksara/?tab=techSpecs
[2026-09-27T13:45:22Z] #587 attempt=1/2 status=200 0.366s url=https://www.myfonts.com/products/hucki-complete-family-package-1228994
[2026-09-27T13:45:23Z] #588 attempt=1/2 status=200 0.444s url=https://www.myfonts.com/collections/hucki-font-ezinxo-foundry/
[2026-09-27T13:45:24Z] #589 attempt=1/2 status=200 0.351s url=https://www.myfonts.com/collections/hucki-font-ezinxo-foundry/?tab=techSpecs
[2026-09-27T13:45:25Z] #590 attempt=1/2 status=200 0.330s url=https://www.myfonts.com/products/venary-complete-family-package-1228295
[2026-09-27T13:45:26Z] #591 attempt=1/2 status=200 0.400s url=https://www.myfonts.com/collections/venary-font-font-liner/
[2026-09-27T13:45:27Z] #592 attempt=1/2 status=200 0.357s url=https://www.myfonts.com/collections/venary-font-font-liner/?tab=techSpecs
[2026-09-27T13:45:28Z] #593 attempt=1/2 status=200 0.311s url=https://www.myfonts.com/products/elegance-natural-valentine-complete-family-package-1227971
[2026-09-27T13:45:29Z] #594 attempt=1/2 status=200 0.407s url=https://www.myfonts.com/collections/elegance-natural-valentine-font-amorfa-type/
[2026-09-27T13:45:30Z] #595 attempt=1/2 status=200 0.370s url=https://www.myfonts.com/collections/elegance-natural-valentine-font-amorfa-type/?tab=techSpecs
[2026-09-27T13:45:31Z] #596 attempt=1/2 status=200 0.348s url=https://www.myfonts.com/products/molvan-complete-family-package-1227289
[2026-09-27T13:45:32Z] #597 attempt=1/2 status=200 0.371s url=https://www.myfonts.com/collections/molvan-font-jafar07/
[2026-09-27T13:45:33Z] #598 attempt=1/2 status=200 0.354s url=https://www.myfonts.com/collections/molvan-font-jafar07/?tab=techSpecs
[2026-09-27T13:45:35Z] #599 attempt=1/2 status=200 0.339s url=https://www.myfonts.com/products/helifier-complete-family-package-1227785
[2026-09-27T13:45:35Z] #600 attempt=1/2 status=200 0.380s url=https://www.myfonts.com/collections/helifier-font-maulana-creative/
[2026-09-27T13:45:36Z] #601 attempt=1/2 status=200 0.327s url=https://www.myfonts.com/collections/helifier-font-maulana-creative/?tab=techSpecs
[2026-09-27T13:45:38Z] #602 attempt=1/2 status=200 0.403s url=https://www.myfonts.com/products/ftc-foldyne-complete-family-package-1228282
[2026-09-27T13:45:39Z] #603 attempt=1/2 status=200 0.583s url=https://www.myfonts.com/collections/ftc-foldyne-font-fridaytype/
[2026-09-27T13:45:40Z] #604 attempt=1/2 status=200 0.443s url=https://www.myfonts.com/collections/ftc-foldyne-font-fridaytype/?tab=techSpecs
[2026-09-27T13:45:41Z] #605 attempt=1/2 status=200 0.346s url=https://www.myfonts.com/products/kelgat-complete-family-package-1228989
[2026-09-27T13:45:42Z] #606 attempt=1/2 status=200 0.413s url=https://www.myfonts.com/collections/kelgat-font-ekahermawan/
[2026-09-27T13:45:43Z] #607 attempt=1/2 status=200 0.346s url=https://www.myfonts.com/collections/kelgat-font-ekahermawan/?tab=techSpecs
[2026-09-27T13:45:45Z] #608 attempt=1/2 status=200 0.520s url=https://www.myfonts.com/products/nieflush-complete-family-package-1227952
[2026-09-27T13:45:46Z] #609 attempt=1/2 status=200 0.550s url=https://www.myfonts.com/collections/nieflush-font-almarkha-type/
[2026-09-27T13:45:47Z] #610 attempt=1/2 status=200 0.478s url=https://www.myfonts.com/collections/nieflush-font-almarkha-type/?tab=techSpecs
[2026-09-27T13:45:48Z] #611 attempt=1/2 status=200 0.327s url=https://www.myfonts.com/products/malograh-complete-family-package-1227277
[2026-09-27T13:45:49Z] #612 attempt=1/2 status=200 0.377s url=https://www.myfonts.com/collections/malograh-font-tini-fitriani/
[2026-09-27T13:45:50Z] #613 attempt=1/2 status=200 0.378s url=https://www.myfonts.com/collections/malograh-font-tini-fitriani/?tab=techSpecs
[2026-09-27T13:45:52Z] #614 attempt=1/2 status=200 0.913s url=https://www.myfonts.com/products/bestie-anime-complete-family-package-1227736
[2026-09-27T13:45:54Z] #615 attempt=1/2 status=200 1.373s url=https://www.myfonts.com/collections/bestie-anime-font-abbastype/
[2026-09-27T13:45:56Z] #616 attempt=1/2 status=200 1.262s url=https://www.myfonts.com/collections/bestie-anime-font-abbastype/?tab=techSpecs
[2026-09-27T13:45:57Z] #617 attempt=1/2 status=200 0.346s url=https://www.myfonts.com/products/circulation-complete-family-package-1228983
[2026-09-27T13:45:58Z] #618 attempt=1/2 status=200 0.395s url=https://www.myfonts.com/products/rekvo-complete-family-package-1228190
[2026-09-27T13:45:59Z] #619 attempt=1/2 status=200 0.484s url=https://www.myfonts.com/collections/rekvo-font-drizy-font/
[2026-09-27T13:46:00Z] #620 attempt=1/2 status=200 0.452s url=https://www.myfonts.com/collections/rekvo-font-drizy-font/?tab=techSpecs
[2026-09-27T13:46:02Z] #621 attempt=1/2 status=200 0.385s url=https://www.myfonts.com/products/quryn-complete-family-package-1228979
[2026-09-27T13:46:03Z] #622 attempt=1/2 status=200 0.391s url=https://www.myfonts.com/collections/quryn-font-sensatype-studio/
[2026-09-27T13:46:03Z] #623 attempt=1/2 status=200 0.355s url=https://www.myfonts.com/collections/quryn-font-sensatype-studio/?tab=techSpecs
[2026-09-27T13:46:05Z] #624 attempt=1/2 status=200 0.439s url=https://www.myfonts.com/products/wintertime-complete-family-package-1227939
[2026-09-27T13:46:06Z] #625 attempt=1/2 status=200 0.482s url=https://www.myfonts.com/collections/wintertime-font-almarkha-type/
[2026-09-27T13:46:07Z] #626 attempt=1/2 status=200 0.441s url=https://www.myfonts.com/collections/wintertime-font-almarkha-type/?tab=techSpecs
[2026-09-27T13:46:09Z] #627 attempt=1/2 status=200 0.417s url=https://www.myfonts.com/products/ventora-complete-family-package-1227276
[2026-09-27T13:46:10Z] #628 attempt=1/2 status=200 0.452s url=https://www.myfonts.com/collections/ventora-font-steptype/
[2026-09-27T13:46:10Z] #629 attempt=1/2 status=200 0.386s url=https://www.myfonts.com/collections/ventora-font-steptype/?tab=techSpecs
[2026-09-27T13:46:12Z] #630 attempt=1/2 status=200 0.317s url=https://www.myfonts.com/products/regular-roca-1228982
[2026-09-27T13:46:13Z] #631 attempt=1/2 status=200 0.403s url=https://www.myfonts.com/collections/roca-font-sensatype-studio/
[2026-09-27T13:46:13Z] #632 attempt=1/2 status=200 0.300s url=https://www.myfonts.com/collections/roca-font-sensatype-studio/?tab=techSpecs
[2026-09-27T13:46:15Z] #633 attempt=1/6 status=200 0.839s url=https://www.myfonts.com/products.json?limit=100&page=33
[2026-09-27T13:46:17Z] #634 attempt=1/6 status=200 0.950s url=https://www.myfonts.com/products.json?limit=100&page=34
[2026-09-27T13:46:18Z] #635 attempt=1/6 status=200 0.776s url=https://www.myfonts.com/products.json?limit=100&page=35
[2026-09-27T13:46:19Z] #636 attempt=1/2 status=200 0.311s url=https://www.myfonts.com/products/regular-sweetfae-lovely-1229027
[2026-09-27T13:46:20Z] #637 attempt=1/2 status=200 0.358s url=https://www.myfonts.com/collections/sweetfae-lovely-font-imoodev/
[2026-09-27T13:46:20Z] #638 attempt=1/2 status=200 0.325s url=https://www.myfonts.com/collections/sweetfae-lovely-font-imoodev/?tab=techSpecs
[2026-09-27T13:46:22Z] #639 attempt=1/6 status=200 0.815s url=https://www.myfonts.com/products.json?limit=100&page=36
[2026-09-27T13:46:23Z] #640 attempt=1/6 status=200 0.806s url=https://www.myfonts.com/products.json?limit=100&page=37
[2026-09-27T13:46:24Z] #641 attempt=1/2 status=200 0.328s url=https://www.myfonts.com/products/regular-solviant-1228787
[2026-09-27T13:46:25Z] #642 attempt=1/2 status=200 0.334s url=https://www.myfonts.com/collections/solviant-font-rhd-creative/
[2026-09-27T13:46:25Z] #643 attempt=1/2 status=200 0.295s url=https://www.myfonts.com/collections/solviant-font-rhd-creative/?tab=techSpecs
[2026-09-27T13:46:27Z] #644 attempt=1/6 status=200 0.924s url=https://www.myfonts.com/products.json?limit=100&page=38
[2026-09-27T13:46:28Z] #645 attempt=1/2 status=200 0.304s url=https://www.myfonts.com/products/regular-wilsome-1229029
[2026-09-27T13:46:29Z] #646 attempt=1/2 status=200 0.336s url=https://www.myfonts.com/collections/wilsome-font-inkstone-typewrk/
[2026-09-27T13:46:30Z] #647 attempt=1/2 status=200 0.325s url=https://www.myfonts.com/collections/wilsome-font-inkstone-typewrk/?tab=techSpecs
[2026-09-27T13:46:31Z] #648 attempt=1/2 status=200 0.341s url=https://www.myfonts.com/products/regular-alphabet-riot-1229013
[2026-09-27T13:46:31Z] #649 attempt=1/2 status=200 0.362s url=https://www.myfonts.com/collections/alphabet-riot-font-heinzel-std/
[2026-09-27T13:46:32Z] #650 attempt=1/2 status=200 0.314s url=https://www.myfonts.com/collections/alphabet-riot-font-heinzel-std/?tab=techSpecs
[2026-09-27T13:46:33Z] #651 attempt=1/2 status=200 0.321s url=https://www.myfonts.com/products/regular-the-separated-1229028
[2026-09-27T13:46:34Z] #652 attempt=1/2 status=200 0.311s url=https://www.myfonts.com/collections/the-separated-font-imoodev/
[2026-09-27T13:46:35Z] #653 attempt=1/2 status=200 0.297s url=https://www.myfonts.com/collections/the-separated-font-imoodev/?tab=techSpecs
[2026-09-27T13:46:36Z] #654 attempt=1/2 status=200 0.309s url=https://www.myfonts.com/products/regular-bagieska-1229012
[2026-09-27T13:46:36Z] #655 attempt=1/2 status=200 0.330s url=https://www.myfonts.com/collections/bagieska-font-heinzel-std/
[2026-09-27T13:46:37Z] #656 attempt=1/2 status=200 0.292s url=https://www.myfonts.com/collections/bagieska-font-heinzel-std/?tab=techSpecs
[2026-09-27T13:46:39Z] #657 attempt=1/6 status=200 0.991s url=https://www.myfonts.com/products.json?limit=100&page=39
[2026-09-27T13:46:40Z] #658 attempt=1/2 status=200 0.304s url=https://www.myfonts.com/products/regular-whops-1228998
[2026-09-27T13:46:41Z] #659 attempt=1/2 status=200 0.320s url=https://www.myfonts.com/collections/whops-font-flawlessandco/
[2026-09-27T13:46:41Z] #660 attempt=1/2 status=200 0.298s url=https://www.myfonts.com/collections/whops-font-flawlessandco/?tab=techSpecs
[2026-09-27T13:46:42Z] #661 attempt=1/2 status=200 0.397s url=https://www.myfonts.com/products/regular-zutron-1228997
[2026-09-27T13:46:43Z] #662 attempt=1/2 status=200 0.383s url=https://www.myfonts.com/collections/zutron-font-flawlessandco/
[2026-09-27T13:46:44Z] #663 attempt=1/2 status=200 0.297s url=https://www.myfonts.com/collections/zutron-font-flawlessandco/?tab=techSpecs
[2026-09-27T13:46:46Z] #664 attempt=1/6 status=200 0.768s url=https://www.myfonts.com/products.json?limit=100&page=40
[2026-09-27T13:46:47Z] #665 attempt=1/6 status=200 0.860s url=https://www.myfonts.com/products.json?limit=100&page=41
[2026-09-27T13:46:48Z] #666 attempt=1/2 status=200 0.329s url=https://www.myfonts.com/products/regular-hemlot-1227901
[2026-09-27T13:46:49Z] #667 attempt=1/2 status=200 0.344s url=https://www.myfonts.com/collections/hemlot-font-vuuuds/
[2026-09-27T13:46:49Z] #668 attempt=1/2 status=200 0.361s url=https://www.myfonts.com/collections/hemlot-font-vuuuds/?tab=techSpecs
[2026-09-27T13:46:50Z] #669 attempt=1/2 status=200 0.319s url=https://www.myfonts.com/products/regular-malvoria-veiled-1227937
[2026-09-27T13:46:51Z] #670 attempt=1/2 status=200 0.336s url=https://www.myfonts.com/collections/malvoria-veiled-font-alchemynoir/
[2026-09-27T13:46:52Z] #671 attempt=1/2 status=200 0.328s url=https://www.myfonts.com/collections/malvoria-veiled-font-alchemynoir/?tab=techSpecs
[2026-09-27T13:46:54Z] #672 attempt=1/6 status=200 0.755s url=https://www.myfonts.com/products.json?limit=100&page=42
[2026-09-27T13:46:54Z] #673 attempt=1/2 status=200 0.359s url=https://www.myfonts.com/products/regular-magical-fairytale-1227974
[2026-09-27T13:46:55Z] #674 attempt=1/2 status=200 0.313s url=https://www.myfonts.com/collections/magical-fairytale-font-anxietype-foundry/
[2026-09-27T13:46:56Z] #675 attempt=1/2 status=200 0.303s url=https://www.myfonts.com/collections/magical-fairytale-font-anxietype-foundry/?tab=techSpecs
[2026-09-27T13:46:57Z] #676 attempt=1/2 status=200 0.302s url=https://www.myfonts.com/products/regular-mltp-bralova-melody-1227890
[2026-09-27T13:46:58Z] #677 attempt=1/2 status=200 0.332s url=https://www.myfonts.com/collections/mltp-bralova-melody-font-multype-studio/
[2026-09-27T13:46:58Z] #678 attempt=1/2 status=200 0.312s url=https://www.myfonts.com/collections/mltp-bralova-melody-font-multype-studio/?tab=techSpecs
[2026-09-27T13:47:00Z] #679 attempt=1/2 status=200 0.317s url=https://www.myfonts.com/products/thin-fx-brangkal-variable-1227889
[2026-09-27T13:47:00Z] #680 attempt=1/2 status=200 0.394s url=https://www.myfonts.com/collections/fx-brangkal-variable-font-differentialtype/
[2026-09-27T13:47:01Z] #681 attempt=1/2 status=200 0.339s url=https://www.myfonts.com/collections/fx-brangkal-variable-font-differentialtype/?tab=techSpecs
[2026-09-27T13:47:02Z] #682 attempt=1/2 status=200 0.339s url=https://www.myfonts.com/products/regular-lazerkill-1227888
[2026-09-27T13:47:03Z] #683 attempt=1/2 status=200 0.373s url=https://www.myfonts.com/collections/lazerkill-font-inkstone-typewrk/
[2026-09-27T13:47:04Z] #684 attempt=1/2 status=200 0.359s url=https://www.myfonts.com/collections/lazerkill-font-inkstone-typewrk/?tab=techSpecs
[2026-09-27T13:47:05Z] #685 attempt=1/2 status=200 0.389s url=https://www.myfonts.com/products/regular-lemon-cake-1227884
[2026-09-27T13:47:06Z] #686 attempt=1/2 status=200 0.360s url=https://www.myfonts.com/collections/lemon-cake-font-unitype-studio/
[2026-09-27T13:47:06Z] #687 attempt=1/2 status=200 0.300s url=https://www.myfonts.com/collections/lemon-cake-font-unitype-studio/?tab=techSpecs
[2026-09-27T13:47:08Z] #688 attempt=1/2 status=200 0.349s url=https://www.myfonts.com/products/regular-regantis-1227883
[2026-09-27T13:47:08Z] #689 attempt=1/2 status=200 0.394s url=https://www.myfonts.com/collections/regantis-font-letterhanna-studio/
[2026-09-27T13:47:09Z] #690 attempt=1/2 status=200 0.333s url=https://www.myfonts.com/collections/regantis-font-letterhanna-studio/?tab=techSpecs
[2026-09-27T13:47:11Z] #691 attempt=1/6 status=200 0.753s url=https://www.myfonts.com/products.json?limit=100&page=43
[2026-09-27T13:47:12Z] #692 attempt=1/6 status=200 0.949s url=https://www.myfonts.com/products.json?limit=100&page=44
[2026-09-27T13:47:13Z] #693 attempt=1/2 status=200 0.370s url=https://www.myfonts.com/products/regular-evercharm-1227669
[2026-09-27T13:47:14Z] #694 attempt=1/2 status=200 0.347s url=https://www.myfonts.com/collections/evercharm-font-meow-creation-font/
[2026-09-27T13:47:14Z] #695 attempt=1/2 status=200 0.325s url=https://www.myfonts.com/collections/evercharm-font-meow-creation-font/?tab=techSpecs
[2026-09-27T13:47:16Z] #696 attempt=1/2 status=200 0.338s url=https://www.myfonts.com/products/regular-valeria-secret-1227938
[2026-09-27T13:47:16Z] #697 attempt=1/2 status=200 0.314s url=https://www.myfonts.com/collections/valeria-secret-font-alit-design/
[2026-09-27T13:47:17Z] #698 attempt=1/2 status=200 0.383s url=https://www.myfonts.com/collections/valeria-secret-font-alit-design/?tab=techSpecs
[2026-09-27T13:47:19Z] #699 attempt=1/6 status=200 0.892s url=https://www.myfonts.com/products.json?limit=100&page=45
[2026-09-27T13:47:21Z] #700 attempt=1/6 status=200 0.930s url=https://www.myfonts.com/products.json?limit=100&page=46
[2026-09-27T13:47:22Z] #701 attempt=1/2 status=200 0.698s url=https://www.myfonts.com/products/text-heavy-grange-269054
[2026-09-27T13:47:23Z] #702 attempt=1/2 status=200 1.134s url=https://www.myfonts.com/collections/grange-font-device/
[2026-09-27T13:47:25Z] #703 attempt=1/2 status=200 1.086s url=https://www.myfonts.com/collections/grange-font-device/?tab=techSpecs
[2026-09-27T13:47:26Z] #704 attempt=1/2 status=200 0.329s url=https://www.myfonts.com/products/regular-mltp-marser-dtroy-1229190
[2026-09-27T13:47:27Z] #705 attempt=1/2 status=200 0.407s url=https://www.myfonts.com/collections/mltp-marser-dtroy-font-multype-studio/
[2026-09-27T13:47:28Z] #706 attempt=1/2 status=200 0.297s url=https://www.myfonts.com/collections/mltp-marser-dtroy-font-multype-studio/?tab=techSpecs
[2026-09-27T13:47:30Z] #707 attempt=1/6 status=200 0.877s url=https://www.myfonts.com/products.json?limit=100&page=47
[2026-09-27T13:47:30Z] #708 attempt=1/2 status=200 0.328s url=https://www.myfonts.com/products/regular-timestoppers-1229053
[2026-09-27T13:47:31Z] #709 attempt=1/2 status=200 0.392s url=https://www.myfonts.com/collections/timestoppers-font-jointype/
[2026-09-27T13:47:32Z] #710 attempt=1/2 status=200 0.298s url=https://www.myfonts.com/collections/timestoppers-font-jointype/?tab=techSpecs
[2026-09-27T13:47:33Z] #711 attempt=1/2 status=200 0.323s url=https://www.myfonts.com/products/regular-calgrafi-1229054
[2026-09-27T13:47:34Z] #712 attempt=1/2 status=200 0.319s url=https://www.myfonts.com/collections/calgrafi-font-jointype/
[2026-09-27T13:47:34Z] #713 attempt=1/2 status=200 0.302s url=https://www.myfonts.com/collections/calgrafi-font-jointype/?tab=techSpecs
[2026-09-27T13:47:36Z] #714 attempt=1/2 status=200 0.329s url=https://www.myfonts.com/products/regular-sididek-handwriting-1229191
[2026-09-27T13:47:36Z] #715 attempt=1/2 status=200 0.298s url=https://www.myfonts.com/collections/sididek-handwriting-font-mvmet/
[2026-09-27T13:47:37Z] #716 attempt=1/2 status=200 0.304s url=https://www.myfonts.com/collections/sididek-handwriting-font-mvmet/?tab=techSpecs
[2026-09-27T13:47:38Z] #717 attempt=1/2 status=200 0.322s url=https://www.myfonts.com/products/regular-crushline-1229031
[2026-09-27T13:47:39Z] #718 attempt=1/2 status=200 0.363s url=https://www.myfonts.com/collections/crushline-font-inkstone-typewrk/
[2026-09-27T13:47:40Z] #719 attempt=1/2 status=200 0.303s url=https://www.myfonts.com/collections/crushline-font-inkstone-typewrk/?tab=techSpecs
[2026-09-27T13:47:41Z] #720 attempt=1/2 status=200 0.310s url=https://www.myfonts.com/products/regular-thread-casuals-1229032
[2026-09-27T13:47:42Z] #721 attempt=1/2 status=200 0.352s url=https://www.myfonts.com/collections/thread-casuals-font-inviline/
[2026-09-27T13:47:42Z] #722 attempt=1/2 status=200 0.345s url=https://www.myfonts.com/collections/thread-casuals-font-inviline/?tab=techSpecs
[2026-09-27T13:47:43Z] #723 attempt=1/2 status=200 0.307s url=https://www.myfonts.com/products/regular-brostory-1229033
[2026-09-27T13:47:44Z] #724 attempt=1/2 status=200 0.359s url=https://www.myfonts.com/collections/brostory-font-isolatype/
[2026-09-27T13:47:45Z] #725 attempt=1/2 status=200 0.349s url=https://www.myfonts.com/collections/brostory-font-isolatype/?tab=techSpecs
[2026-09-27T13:47:46Z] #726 attempt=1/2 status=200 0.312s url=https://www.myfonts.com/products/regular-doughaus-1229030
[2026-09-27T13:47:47Z] #727 attempt=1/2 status=200 0.318s url=https://www.myfonts.com/collections/doughaus-font-inkstone-typewrk/
[2026-09-27T13:47:48Z] #728 attempt=1/2 status=200 0.297s url=https://www.myfonts.com/collections/doughaus-font-inkstone-typewrk/?tab=techSpecs
[2026-09-27T13:47:49Z] #729 attempt=1/2 status=200 0.385s url=https://www.myfonts.com/products/mn-unfold-complete-family-package-1229172
[2026-09-27T13:47:49Z] #730 attempt=1/2 status=200 0.365s url=https://www.myfonts.com/collections/mn-unfold-font-mantra-naga-studio/
[2026-09-27T13:47:50Z] #731 attempt=1/2 status=200 0.336s url=https://www.myfonts.com/collections/mn-unfold-font-mantra-naga-studio/?tab=techSpecs
[2026-09-27T13:47:52Z] #732 attempt=1/2 status=200 0.373s url=https://www.myfonts.com/products/botelli-ziola-complete-family-package-1228706
[2026-09-27T13:47:53Z] #733 attempt=1/2 status=200 0.385s url=https://www.myfonts.com/collections/botelli-ziola-font-pakeh-type/
[2026-09-27T13:47:54Z] #734 attempt=1/2 status=200 0.349s url=https://www.myfonts.com/collections/botelli-ziola-font-pakeh-type/?tab=techSpecs
[2026-09-27T13:47:55Z] #735 attempt=1/2 status=200 0.383s url=https://www.myfonts.com/products/solana-vibe-complete-family-package-1229186
[2026-09-27T13:47:56Z] #736 attempt=1/2 status=200 0.376s url=https://www.myfonts.com/collections/solana-vibe-font-mei-suseno/
[2026-09-27T13:47:57Z] #737 attempt=1/2 status=200 0.368s url=https://www.myfonts.com/collections/solana-vibe-font-mei-suseno/?tab=techSpecs
[2026-09-27T13:47:59Z] #738 attempt=1/2 status=200 0.442s url=https://www.myfonts.com/products/nexvar-reguler-package-1228761
[2026-09-27T13:48:00Z] #739 attempt=1/2 status=200 0.743s url=https://www.myfonts.com/collections/nexvar-font-qiubare-studio/
[2026-09-27T13:48:01Z] #740 attempt=1/2 status=200 0.554s url=https://www.myfonts.com/collections/nexvar-font-qiubare-studio/?tab=techSpecs
[2026-09-27T13:48:02Z] #741 attempt=1/2 status=200 0.321s url=https://www.myfonts.com/products/ravixor-complete-family-package-1228733
[2026-09-27T13:48:03Z] #742 attempt=1/2 status=200 0.407s url=https://www.myfonts.com/collections/ravixor-font-pulpenitem-studio/
[2026-09-27T13:48:04Z] #743 attempt=1/2 status=200 0.317s url=https://www.myfonts.com/collections/ravixor-font-pulpenitem-studio/?tab=techSpecs
[2026-09-27T13:48:05Z] #744 attempt=1/2 status=200 0.365s url=https://www.myfonts.com/products/sketchey-modern-complete-family-package-1228737
[2026-09-27T13:48:06Z] #745 attempt=1/2 status=200 0.372s url=https://www.myfonts.com/collections/sketchey-modern-font-pulpenitem-studio/
[2026-09-27T13:48:07Z] #746 attempt=1/2 status=200 0.337s url=https://www.myfonts.com/collections/sketchey-modern-font-pulpenitem-studio/?tab=techSpecs
[2026-09-27T13:48:09Z] #747 attempt=1/2 status=200 0.349s url=https://www.myfonts.com/products/agerlas-complete-family-package-1228766
[2026-09-27T13:48:09Z] #748 attempt=1/2 status=200 0.373s url=https://www.myfonts.com/collections/agerlas-font-ragamkata/
[2026-09-27T13:48:10Z] #749 attempt=1/2 status=200 0.315s url=https://www.myfonts.com/collections/agerlas-font-ragamkata/?tab=techSpecs
[2026-09-27T13:48:12Z] #750 attempt=1/2 status=200 0.345s url=https://www.myfonts.com/products/hakorida-complete-family-package-1229164
[2026-09-27T13:48:13Z] #751 attempt=1/2 status=200 0.409s url=https://www.myfonts.com/collections/hakorida-font-made-deduk/
[2026-09-27T13:48:13Z] #752 attempt=1/2 status=200 0.308s url=https://www.myfonts.com/collections/hakorida-font-made-deduk/?tab=techSpecs
[2026-09-27T13:48:15Z] #753 attempt=1/2 status=200 0.355s url=https://www.myfonts.com/products/elian-complete-family-package-1229183
[2026-09-27T13:48:16Z] #754 attempt=1/2 status=200 0.427s url=https://www.myfonts.com/collections/elian-font-mei-suseno/
[2026-09-27T13:48:17Z] #755 attempt=1/2 status=200 0.336s url=https://www.myfonts.com/collections/elian-font-mei-suseno/?tab=techSpecs
[2026-09-27T13:48:18Z] #756 attempt=1/2 status=200 0.425s url=https://www.myfonts.com/products/milory-tr-complete-family-package-1228713
[2026-09-27T13:48:19Z] #757 attempt=1/2 status=200 0.551s url=https://www.myfonts.com/collections/milory-tr-font-product-type/
[2026-09-27T13:48:20Z] #758 attempt=1/2 status=200 0.532s url=https://www.myfonts.com/collections/milory-tr-font-product-type/?tab=techSpecs
[2026-09-27T13:48:22Z] #759 attempt=1/2 status=200 0.356s url=https://www.myfonts.com/products/kilgar-complete-family-package-1228763
[2026-09-27T13:48:23Z] #760 attempt=1/2 status=200 0.382s url=https://www.myfonts.com/collections/kilgar-font-ragamkata/
[2026-09-27T13:48:23Z] #761 attempt=1/2 status=200 0.336s url=https://www.myfonts.com/collections/kilgar-font-ragamkata/?tab=techSpecs
[2026-09-27T13:48:25Z] #762 attempt=1/2 status=200 0.408s url=https://www.myfonts.com/products/zorveth-complete-family-package-1229056
[2026-09-27T13:48:26Z] #763 attempt=1/2 status=200 0.466s url=https://www.myfonts.com/collections/zorveth-font-kaidosan/
[2026-09-27T13:48:27Z] #764 attempt=1/2 status=200 0.394s url=https://www.myfonts.com/collections/zorveth-font-kaidosan/?tab=techSpecs
[2026-09-27T13:48:28Z] #765 attempt=1/2 status=200 0.360s url=https://www.myfonts.com/products/nari-complete-family-package-1229176
[2026-09-27T13:48:29Z] #766 attempt=1/2 status=200 0.436s url=https://www.myfonts.com/collections/nari-font-md-type/
[2026-09-27T13:48:30Z] #767 attempt=1/2 status=200 0.335s url=https://www.myfonts.com/collections/nari-font-md-type/?tab=techSpecs
[2026-09-27T13:48:32Z] #768 attempt=1/2 status=200 0.356s url=https://www.myfonts.com/products/bobai-complete-family-package-1228710
[2026-09-27T13:48:32Z] #769 attempt=1/2 status=200 0.364s url=https://www.myfonts.com/collections/bobai-font-pandeka-studio/
[2026-09-27T13:48:33Z] #770 attempt=1/2 status=200 0.334s url=https://www.myfonts.com/collections/bobai-font-pandeka-studio/?tab=techSpecs
[2026-09-27T13:48:35Z] #771 attempt=1/2 status=200 0.323s url=https://www.myfonts.com/products/regular-yankee-town-1229168
[2026-09-27T13:48:35Z] #772 attempt=1/2 status=200 0.338s url=https://www.myfonts.com/collections/yankee-town-font-maghrib-type/
[2026-09-27T13:48:36Z] #773 attempt=1/2 status=200 0.306s url=https://www.myfonts.com/collections/yankee-town-font-maghrib-type/?tab=techSpecs
[2026-09-27T13:48:37Z] #774 attempt=1/2 status=200 0.291s url=https://www.myfonts.com/products/regular-elvanyra-1229159
[2026-09-27T13:48:38Z] #775 attempt=1/2 status=200 0.355s url=https://www.myfonts.com/collections/elvanyra-font-lettertype-studio/
[2026-09-27T13:48:39Z] #776 attempt=1/2 status=200 0.315s url=https://www.myfonts.com/collections/elvanyra-font-lettertype-studio/?tab=techSpecs
[2026-09-27T13:48:40Z] #777 attempt=1/2 status=200 0.316s url=https://www.myfonts.com/products/regular-kaglis-1229171
[2026-09-27T13:48:41Z] #778 attempt=1/2 status=200 0.336s url=https://www.myfonts.com/collections/kaglis-font-maikohatta/
[2026-09-27T13:48:41Z] #779 attempt=1/2 status=200 0.332s url=https://www.myfonts.com/collections/kaglis-font-maikohatta/?tab=techSpecs
[2026-09-27T13:48:42Z] #780 attempt=1/2 status=200 0.327s url=https://www.myfonts.com/products/regular-noctavell-1229065
[2026-09-27T13:48:43Z] #781 attempt=1/2 status=200 0.355s url=https://www.myfonts.com/collections/noctavell-font-letterhanna-studio/
[2026-09-27T13:48:44Z] #782 attempt=1/2 status=200 0.303s url=https://www.myfonts.com/collections/noctavell-font-letterhanna-studio/?tab=techSpecs
[2026-09-27T13:48:45Z] #783 attempt=1/2 status=200 0.291s url=https://www.myfonts.com/products/regular-broken-habit-1229162
[2026-09-27T13:48:46Z] #784 attempt=1/2 status=200 0.338s url=https://www.myfonts.com/collections/broken-habit-font-littlehand/
[2026-09-27T13:48:46Z] #785 attempt=1/2 status=200 0.306s url=https://www.myfonts.com/collections/broken-habit-font-littlehand/?tab=techSpecs
[2026-09-27T13:48:48Z] #786 attempt=1/2 status=200 0.328s url=https://www.myfonts.com/products/regular-bachata-1229055
[2026-09-27T13:48:49Z] #787 attempt=1/2 status=200 0.355s url=https://www.myfonts.com/collections/bachata-font-john-vargas-beltran/
[2026-09-27T13:48:49Z] #788 attempt=1/2 status=200 0.305s url=https://www.myfonts.com/collections/bachata-font-john-vargas-beltran/?tab=techSpecs
[2026-09-27T13:48:50Z] #789 attempt=1/2 status=200 0.305s url=https://www.myfonts.com/products/regular-deathscrwal-1228741
[2026-09-27T13:48:51Z] #790 attempt=1/2 status=200 0.344s url=https://www.myfonts.com/collections/deathscrwal-font-qiubare-studio/
[2026-09-27T13:48:52Z] #791 attempt=1/2 status=200 0.330s url=https://www.myfonts.com/collections/deathscrwal-font-qiubare-studio/?tab=techSpecs
[2026-09-27T13:48:53Z] #792 attempt=1/2 status=200 0.355s url=https://www.myfonts.com/products/regular-egosentris-1228512
[2026-09-27T13:48:54Z] #793 attempt=1/2 status=200 0.354s url=https://www.myfonts.com/collections/egosentris-font-nian-keun-studio/
[2026-09-27T13:48:55Z] #794 attempt=1/2 status=200 0.305s url=https://www.myfonts.com/collections/egosentris-font-nian-keun-studio/?tab=techSpecs
[2026-09-27T13:48:56Z] #795 attempt=1/2 status=200 0.325s url=https://www.myfonts.com/products/regular-megora-1229160
[2026-09-27T13:48:57Z] #796 attempt=1/2 status=200 0.343s url=https://www.myfonts.com/collections/megora-font-limitype/
[2026-09-27T13:48:57Z] #797 attempt=1/2 status=200 0.283s url=https://www.myfonts.com/collections/megora-font-limitype/?tab=techSpecs
[2026-09-27T13:48:58Z] #798 attempt=1/2 status=200 0.313s url=https://www.myfonts.com/products/regular-vasted-1229170
[2026-09-27T13:48:59Z] #799 attempt=1/2 status=200 0.350s url=https://www.myfonts.com/collections/vasted-font-maikohatta/
[2026-09-27T13:49:00Z] #800 attempt=1/2 status=200 0.327s url=https://www.myfonts.com/collections/vasted-font-maikohatta/?tab=techSpecs
[2026-09-27T13:49:01Z] #801 attempt=1/2 status=200 0.349s url=https://www.myfonts.com/products/regular-sholes-1229175
[2026-09-27T13:49:02Z] #802 attempt=1/2 status=200 0.336s url=https://www.myfonts.com/collections/sholes-font-marvadesign/
[2026-09-27T13:49:02Z] #803 attempt=1/2 status=200 0.317s url=https://www.myfonts.com/collections/sholes-font-marvadesign/?tab=techSpecs
[2026-09-27T13:49:04Z] #804 attempt=1/6 status=200 0.905s url=https://www.myfonts.com/products.json?limit=100&page=48
[2026-09-27T13:49:05Z] #805 attempt=1/2 status=200 0.315s url=https://www.myfonts.com/products/regular-kaigo-1229161
[2026-09-27T13:49:06Z] #806 attempt=1/2 status=200 0.354s url=https://www.myfonts.com/collections/kaigo-font-limitype/
[2026-09-27T13:49:07Z] #807 attempt=1/2 status=200 0.317s url=https://www.myfonts.com/collections/kaigo-font-limitype/?tab=techSpecs
[2026-09-27T13:49:08Z] #808 attempt=1/2 status=200 0.303s url=https://www.myfonts.com/products/regular-genibos-1228709
[2026-09-27T13:49:08Z] #809 attempt=1/2 status=200 0.343s url=https://www.myfonts.com/collections/genibos-font-pandeka-studio/
[2026-09-27T13:49:09Z] #810 attempt=1/2 status=200 0.302s url=https://www.myfonts.com/collections/genibos-font-pandeka-studio/?tab=techSpecs
[2026-09-27T13:49:10Z] #811 attempt=1/2 status=200 0.331s url=https://www.myfonts.com/products/regular-tomavoo-maknu-1228732
[2026-09-27T13:49:11Z] #812 attempt=1/2 status=200 0.346s url=https://www.myfonts.com/collections/tomavoo-maknu-font-product-type/
[2026-09-27T13:49:12Z] #813 attempt=1/2 status=200 0.327s url=https://www.myfonts.com/collections/tomavoo-maknu-font-product-type/?tab=techSpecs
[2026-09-27T13:49:13Z] #814 attempt=1/2 status=200 0.329s url=https://www.myfonts.com/products/regular-ayron-fexa-1229122
[2026-09-27T13:49:14Z] #815 attempt=1/2 status=200 0.335s url=https://www.myfonts.com/collections/ayron-fexa-font-letterhanna-studio/
[2026-09-27T13:49:14Z] #816 attempt=1/2 status=200 0.396s url=https://www.myfonts.com/collections/ayron-fexa-font-letterhanna-studio/?tab=techSpecs
[2026-09-27T13:49:16Z] #817 attempt=1/2 status=200 0.303s url=https://www.myfonts.com/products/regular-dazilia-1229163
[2026-09-27T13:49:16Z] #818 attempt=1/2 status=200 0.347s url=https://www.myfonts.com/collections/dazilia-font-luminatype-studio/
[2026-09-27T13:49:17Z] #819 attempt=1/2 status=200 0.295s url=https://www.myfonts.com/collections/dazilia-font-luminatype-studio/?tab=techSpecs
[2026-09-27T13:49:18Z] #820 attempt=1/2 status=200 0.329s url=https://www.myfonts.com/products/regular-halodia-signature-1228769
[2026-09-27T13:49:19Z] #821 attempt=1/2 status=200 0.362s url=https://www.myfonts.com/collections/halodia-signature-font-randy-studio/
[2026-09-27T13:49:20Z] #822 attempt=1/2 status=200 0.308s url=https://www.myfonts.com/collections/halodia-signature-font-randy-studio/?tab=techSpecs
[2026-09-27T13:49:21Z] #823 attempt=1/2 status=200 0.308s url=https://www.myfonts.com/products/regular-ghomy-1229167
[2026-09-27T13:49:22Z] #824 attempt=1/2 status=200 0.341s url=https://www.myfonts.com/collections/ghomy-font-maghrib-type/
[2026-09-27T13:49:22Z] #825 attempt=1/2 status=200 0.331s url=https://www.myfonts.com/collections/ghomy-font-maghrib-type/?tab=techSpecs
[2026-09-27T13:49:24Z] #826 attempt=1/6 status=200 0.830s url=https://www.myfonts.com/products.json?limit=100&page=49
[2026-09-27T13:49:25Z] #827 attempt=1/2 status=200 0.390s url=https://www.myfonts.com/products/linep-regular-linep-1229169
[2026-09-27T13:49:26Z] #828 attempt=1/2 status=200 0.353s url=https://www.myfonts.com/collections/linep-font-maikohatta/
[2026-09-27T13:49:26Z] #829 attempt=1/2 status=200 0.345s url=https://www.myfonts.com/collections/linep-font-maikohatta/?tab=techSpecs
[2026-09-27T13:49:28Z] #830 attempt=1/2 status=200 0.576s url=https://www.myfonts.com/products/bold-and-creative-display-font-bundle-package-1228504
[2026-09-27T13:49:29Z] #831 attempt=1/2 status=404 0.239s url=https://www.myfonts.com/collections/bold-and-creative-display-font-bundle-font-mei-suseno
[2026-09-27T13:49:29Z] #832 attempt=1/2 status=200 0.344s url=https://www.myfonts.com/products/regular-strafli-1228368
[2026-09-27T13:49:30Z] #833 attempt=1/2 status=200 0.377s url=https://www.myfonts.com/collections/strafli-font-hasnat-studio/
[2026-09-27T13:49:31Z] #834 attempt=1/2 status=200 0.336s url=https://www.myfonts.com/collections/strafli-font-hasnat-studio/?tab=techSpecs
[2026-09-27T13:49:32Z] #835 attempt=1/2 status=200 0.326s url=https://www.myfonts.com/products/regular-amiraq-1228139
[2026-09-27T13:49:33Z] #836 attempt=1/2 status=200 0.344s url=https://www.myfonts.com/collections/amiraq-font-dgsa-type-foundry/
[2026-09-27T13:49:33Z] #837 attempt=1/2 status=200 0.300s url=https://www.myfonts.com/collections/amiraq-font-dgsa-type-foundry/?tab=techSpecs
[2026-09-27T13:49:35Z] #838 attempt=1/2 status=200 0.330s url=https://www.myfonts.com/products/bold-egora-1228138
[2026-09-27T13:49:35Z] #839 attempt=1/2 status=200 0.353s url=https://www.myfonts.com/collections/egora-font-dgsa-type-foundry/
[2026-09-27T13:49:36Z] #840 attempt=1/2 status=200 0.297s url=https://www.myfonts.com/collections/egora-font-dgsa-type-foundry/?tab=techSpecs
[2026-09-27T13:49:37Z] #841 attempt=1/2 status=200 0.318s url=https://www.myfonts.com/products/regular-kovey-1228281
[2026-09-27T13:49:38Z] #842 attempt=1/2 status=200 0.340s url=https://www.myfonts.com/collections/kovey-font-flawlessandco/
[2026-09-27T13:49:38Z] #843 attempt=1/2 status=200 0.318s url=https://www.myfonts.com/collections/kovey-font-flawlessandco/?tab=techSpecs
[2026-09-27T13:49:40Z] #844 attempt=1/2 status=200 0.334s url=https://www.myfonts.com/products/regular-soila-yadelle-1228374
[2026-09-27T13:49:41Z] #845 attempt=1/2 status=200 0.320s url=https://www.myfonts.com/collections/soila-yadelle-font-hype-works-type/
[2026-09-27T13:49:41Z] #846 attempt=1/2 status=200 0.298s url=https://www.myfonts.com/collections/soila-yadelle-font-hype-works-type/?tab=techSpecs
[2026-09-27T13:49:43Z] #847 attempt=1/2 status=200 0.296s url=https://www.myfonts.com/products/grivor-racer-regular-grivor-racer-1228280
[2026-09-27T13:49:43Z] #848 attempt=1/2 status=200 0.383s url=https://www.myfonts.com/collections/grivor-racer-font-flawlessandco/
[2026-09-27T13:49:44Z] #849 attempt=1/2 status=200 0.298s url=https://www.myfonts.com/collections/grivor-racer-font-flawlessandco/?tab=techSpecs
[2026-09-27T13:49:45Z] #850 attempt=1/2 status=200 0.319s url=https://www.myfonts.com/products/regular-racend-1228129
[2026-09-27T13:49:46Z] #851 attempt=1/2 status=200 0.345s url=https://www.myfonts.com/collections/racend-font-dareco-studio/
[2026-09-27T13:49:47Z] #852 attempt=1/2 status=200 0.289s url=https://www.myfonts.com/collections/racend-font-dareco-studio/?tab=techSpecs
[2026-09-27T13:49:48Z] #853 attempt=1/2 status=200 0.350s url=https://www.myfonts.com/products/regular-donluv-1227344
[2026-09-27T13:49:49Z] #854 attempt=1/2 status=200 0.341s url=https://www.myfonts.com/collections/donluv-font-hasnat-studio/
[2026-09-27T13:49:49Z] #855 attempt=1/2 status=200 0.339s url=https://www.myfonts.com/collections/donluv-font-hasnat-studio/?tab=techSpecs
[2026-09-27T13:49:50Z] #856 attempt=1/2 status=200 0.339s url=https://www.myfonts.com/products/regular-cosmaze-1228369
[2026-09-27T13:49:51Z] #857 attempt=1/2 status=200 0.321s url=https://www.myfonts.com/collections/cosmaze-font-hasnat-studio/
[2026-09-27T13:49:52Z] #858 attempt=1/2 status=200 0.306s url=https://www.myfonts.com/collections/cosmaze-font-hasnat-studio/?tab=techSpecs
[2026-09-27T13:49:53Z] #859 attempt=1/2 status=200 0.345s url=https://www.myfonts.com/products/regular-qellon-1228375
[2026-09-27T13:49:54Z] #860 attempt=1/2 status=200 0.352s url=https://www.myfonts.com/collections/qellon-font-maikohatta/
[2026-09-27T13:49:54Z] #861 attempt=1/2 status=200 0.321s url=https://www.myfonts.com/collections/qellon-font-maikohatta/?tab=techSpecs
[2026-09-27T13:49:56Z] #862 attempt=1/2 status=200 0.324s url=https://www.myfonts.com/products/regular-degta-1228130
[2026-09-27T13:49:56Z] #863 attempt=1/2 status=200 0.348s url=https://www.myfonts.com/collections/degta-font-dareco-studio/
[2026-09-27T13:49:57Z] #864 attempt=1/2 status=200 0.287s url=https://www.myfonts.com/collections/degta-font-dareco-studio/?tab=techSpecs
[2026-09-27T13:49:58Z] #865 attempt=1/2 status=200 0.312s url=https://www.myfonts.com/products/regular-rhoots-terror-1228112
[2026-09-27T13:49:59Z] #866 attempt=1/2 status=200 0.327s url=https://www.myfonts.com/collections/rhoots-terror-font-bayuktx/
[2026-09-27T13:50:00Z] #867 attempt=1/2 status=200 0.276s url=https://www.myfonts.com/collections/rhoots-terror-font-bayuktx/?tab=techSpecs
[2026-09-27T13:50:01Z] #868 attempt=1/2 status=200 0.329s url=https://www.myfonts.com/products/regular-flowdissey-1228114
[2026-09-27T13:50:01Z] #869 attempt=1/2 status=200 0.343s url=https://www.myfonts.com/collections/flowdissey-font-beontype/
[2026-09-27T13:50:02Z] #870 attempt=1/2 status=200 0.342s url=https://www.myfonts.com/collections/flowdissey-font-beontype/?tab=techSpecs
[2026-09-27T13:50:03Z] #871 attempt=1/2 status=200 0.341s url=https://www.myfonts.com/products/regular-dhypan-1228113
[2026-09-27T13:50:04Z] #872 attempt=1/2 status=200 0.324s url=https://www.myfonts.com/collections/dhypan-font-bayuktx/
[2026-09-27T13:50:05Z] #873 attempt=1/2 status=200 0.298s url=https://www.myfonts.com/collections/dhypan-font-bayuktx/?tab=techSpecs
[2026-09-27T13:50:06Z] #874 attempt=1/2 status=200 0.705s url=https://www.myfonts.com/products/italic-package-1227272
[2026-09-27T13:50:08Z] #875 attempt=1/2 status=200 1.507s url=https://www.myfonts.com/collections/elmont-font-skinny-type/
[2026-09-27T13:50:10Z] #876 attempt=1/2 status=200 1.008s url=https://www.myfonts.com/collections/elmont-font-skinny-type/?tab=techSpecs
[2026-09-27T13:50:12Z] #877 attempt=1/2 status=200 0.355s url=https://www.myfonts.com/products/saarvabhaum-complete-family-package-1226939
[2026-09-27T13:50:13Z] #878 attempt=1/2 status=200 0.473s url=https://www.myfonts.com/collections/saarvabhaum-font-md-type/
[2026-09-27T13:50:13Z] #879 attempt=1/2 status=200 0.381s url=https://www.myfonts.com/collections/saarvabhaum-font-md-type/?tab=techSpecs
[2026-09-27T13:50:16Z] #880 attempt=1/2 status=200 1.423s url=https://www.myfonts.com/products/cavellia-complete-family-package-1226966
[2026-09-27T13:50:19Z] #881 attempt=1/2 status=200 2.068s url=https://www.myfonts.com/collections/cavellia-font-nia-typework/
[2026-09-27T13:50:22Z] #882 attempt=1/2 status=200 2.162s url=https://www.myfonts.com/collections/cavellia-font-nia-typework/?tab=techSpecs
[2026-09-27T13:50:24Z] #883 attempt=1/2 status=200 0.347s url=https://www.myfonts.com/products/impacted-xpress-complete-family-package-1226971
[2026-09-27T13:50:24Z] #884 attempt=1/2 status=200 0.365s url=https://www.myfonts.com/collections/impacted-xpress-font-tension-type/
[2026-09-27T13:50:25Z] #885 attempt=1/2 status=200 0.405s url=https://www.myfonts.com/collections/impacted-xpress-font-tension-type/?tab=techSpecs
[2026-09-27T13:50:27Z] #886 attempt=1/2 status=200 0.415s url=https://www.myfonts.com/products/lootta-complete-family-package-1228072
[2026-09-27T13:50:28Z] #887 attempt=1/2 status=200 0.311s url=https://www.myfonts.com/collections/lootta-font-artiveko/
[2026-09-27T13:50:28Z] #888 attempt=1/2 status=200 0.352s url=https://www.myfonts.com/collections/lootta-font-artiveko/?tab=techSpecs
[2026-09-27T13:50:30Z] #889 attempt=1/2 status=200 0.457s url=https://www.myfonts.com/products/gc-barcuda-complete-family-package-1227157
[2026-09-27T13:50:31Z] #890 attempt=1/2 status=200 0.488s url=https://www.myfonts.com/collections/gc-barcuda-font-onyx-studio/
[2026-09-27T13:50:32Z] #891 attempt=1/2 status=200 0.401s url=https://www.myfonts.com/collections/gc-barcuda-font-onyx-studio/?tab=techSpecs
[2026-09-27T13:50:33Z] #892 attempt=1/2 status=200 0.349s url=https://www.myfonts.com/products/man-udigital-complete-family-package-1226935
[2026-09-27T13:50:34Z] #893 attempt=1/2 status=200 0.352s url=https://www.myfonts.com/collections/man-udigital-font-kalam/
[2026-09-27T13:50:35Z] #894 attempt=1/2 status=200 0.319s url=https://www.myfonts.com/collections/man-udigital-font-kalam/?tab=techSpecs
[2026-09-27T13:50:36Z] #895 attempt=1/2 status=200 0.312s url=https://www.myfonts.com/products/kotorogo-complete-family-package-1227992
[2026-09-27T13:50:37Z] #896 attempt=1/2 status=200 0.343s url=https://www.myfonts.com/collections/kotorogo-font-artiveko/
[2026-09-27T13:50:38Z] #897 attempt=1/2 status=200 0.333s url=https://www.myfonts.com/collections/kotorogo-font-artiveko/?tab=techSpecs
[2026-09-27T13:50:40Z] #898 attempt=1/2 status=200 0.349s url=https://www.myfonts.com/products/anobrain-complete-family-package-1227258
[2026-09-27T13:50:40Z] #899 attempt=1/2 status=200 0.388s url=https://www.myfonts.com/collections/anobrain-font-dareco-studio/
[2026-09-27T13:50:41Z] #900 attempt=1/2 status=200 0.336s url=https://www.myfonts.com/collections/anobrain-font-dareco-studio/?tab=techSpecs
[2026-09-27T13:50:43Z] #901 attempt=1/2 status=200 0.383s url=https://www.myfonts.com/products/christmas-memory-complete-family-package-1227169
[2026-09-27T13:50:43Z] #902 attempt=1/2 status=200 0.396s url=https://www.myfonts.com/collections/christmas-memory-font-unitype-studio/
[2026-09-27T13:50:44Z] #903 attempt=1/2 status=200 0.332s url=https://www.myfonts.com/collections/christmas-memory-font-unitype-studio/?tab=techSpecs
[2026-09-27T13:50:46Z] #904 attempt=1/2 status=200 0.393s url=https://www.myfonts.com/products/logotika-complete-family-package-1228075
[2026-09-27T13:50:47Z] #905 attempt=1/2 status=200 0.493s url=https://www.myfonts.com/collections/logotika-font-asenbayu/
[2026-09-27T13:50:48Z] #906 attempt=1/2 status=200 0.432s url=https://www.myfonts.com/collections/logotika-font-asenbayu/?tab=techSpecs
[2026-09-27T13:50:49Z] #907 attempt=1/2 status=200 0.330s url=https://www.myfonts.com/products/shehe-connected-complete-family-package-1227154
[2026-09-27T13:50:50Z] #908 attempt=1/2 status=200 0.344s url=https://www.myfonts.com/collections/shehe-connected-font-panda-studio/
[2026-09-27T13:50:51Z] #909 attempt=1/2 status=200 0.326s url=https://www.myfonts.com/collections/shehe-connected-font-panda-studio/?tab=techSpecs
[2026-09-27T13:50:53Z] #910 attempt=1/6 status=200 0.756s url=https://www.myfonts.com/products.json?limit=100&page=50
[2026-09-27T13:50:53Z] #911 attempt=1/2 status=200 0.294s url=https://www.myfonts.com/products/regular-blissful-sunlit-1227019
[2026-09-27T13:50:54Z] #912 attempt=1/2 status=200 0.378s url=https://www.myfonts.com/collections/blissful-sunlit-font-gassstype/
[2026-09-27T13:50:55Z] #913 attempt=1/2 status=200 0.332s url=https://www.myfonts.com/collections/blissful-sunlit-font-gassstype/?tab=techSpecs
[2026-09-27T13:50:56Z] #914 attempt=1/2 status=200 0.341s url=https://www.myfonts.com/products/regular-magone-1226967
[2026-09-27T13:50:57Z] #915 attempt=1/2 status=200 0.351s url=https://www.myfonts.com/collections/magone-font-linecreative/
[2026-09-27T13:50:58Z] #916 attempt=1/2 status=200 0.308s url=https://www.myfonts.com/collections/magone-font-linecreative/?tab=techSpecs
[2026-09-27T13:50:59Z] #917 attempt=1/2 status=200 0.323s url=https://www.myfonts.com/products/regular-moonrise-glory-1226953
[2026-09-27T13:51:00Z] #918 attempt=1/2 status=200 0.372s url=https://www.myfonts.com/collections/moonrise-glory-font-unitype-studio/
[2026-09-27T13:51:00Z] #919 attempt=1/2 status=200 0.334s url=https://www.myfonts.com/collections/moonrise-glory-font-unitype-studio/?tab=techSpecs
[2026-09-27T13:51:02Z] #920 attempt=1/6 status=200 0.892s url=https://www.myfonts.com/products.json?limit=100&page=51
[2026-09-27T13:51:03Z] #921 attempt=1/2 status=200 0.338s url=https://www.myfonts.com/products/regular-zoppie-1227975
[2026-09-27T13:51:04Z] #922 attempt=1/2 status=200 0.358s url=https://www.myfonts.com/collections/zoppie-font-arif-novianto/
[2026-09-27T13:51:04Z] #923 attempt=1/2 status=200 0.328s url=https://www.myfonts.com/collections/zoppie-font-arif-novianto/?tab=techSpecs
[2026-09-27T13:51:05Z] #924 attempt=1/2 status=200 0.314s url=https://www.myfonts.com/products/regular-watford-velocity-1226952
[2026-09-27T13:51:06Z] #925 attempt=1/2 status=200 0.343s url=https://www.myfonts.com/collections/watford-velocity-font-unitype-studio/
[2026-09-27T13:51:07Z] #926 attempt=1/2 status=200 0.287s url=https://www.myfonts.com/collections/watford-velocity-font-unitype-studio/?tab=techSpecs
[2026-09-27T13:51:08Z] #927 attempt=1/2 status=200 0.306s url=https://www.myfonts.com/products/regular-christmas-statement-1227168
[2026-09-27T13:51:09Z] #928 attempt=1/2 status=200 0.311s url=https://www.myfonts.com/collections/christmas-statement-font-casloop-studio/
[2026-09-27T13:51:09Z] #929 attempt=1/2 status=200 0.292s url=https://www.myfonts.com/collections/christmas-statement-font-casloop-studio/?tab=techSpecs
[2026-09-27T13:51:11Z] #930 attempt=1/6 status=200 0.988s url=https://www.myfonts.com/products.json?limit=100&page=52
[2026-09-27T13:51:12Z] #931 attempt=1/2 status=200 0.330s url=https://www.myfonts.com/products/regular-bluemoon-royale-1226954
[2026-09-27T13:51:13Z] #932 attempt=1/2 status=200 0.383s url=https://www.myfonts.com/collections/bluemoon-royale-font-unitype-studio/
[2026-09-27T13:51:14Z] #933 attempt=1/2 status=200 0.333s url=https://www.myfonts.com/collections/bluemoon-royale-font-unitype-studio/?tab=techSpecs
[2026-09-27T13:51:15Z] #934 attempt=1/2 status=200 0.374s url=https://www.myfonts.com/products/regular-joorick-1227097
[2026-09-27T13:51:15Z] #935 attempt=1/2 status=200 0.364s url=https://www.myfonts.com/collections/joorick-font-gassstype/
[2026-09-27T13:51:16Z] #936 attempt=1/2 status=200 0.309s url=https://www.myfonts.com/collections/joorick-font-gassstype/?tab=techSpecs
[2026-09-27T13:51:17Z] #937 attempt=1/2 status=200 0.355s url=https://www.myfonts.com/products/regular-laras-faleko-1227275
[2026-09-27T13:51:18Z] #938 attempt=1/2 status=200 0.340s url=https://www.myfonts.com/collections/laras-faleko-font-trabas-kriya/
[2026-09-27T13:51:19Z] #939 attempt=1/2 status=200 0.341s url=https://www.myfonts.com/collections/laras-faleko-font-trabas-kriya/?tab=techSpecs
[2026-09-27T13:51:20Z] #940 attempt=1/2 status=200 0.308s url=https://www.myfonts.com/products/regular-dgsa-1226938
[2026-09-27T13:51:21Z] #941 attempt=1/2 status=200 0.357s url=https://www.myfonts.com/collections/dgsa-font-dgsa-type-foundry/
[2026-09-27T13:51:21Z] #942 attempt=1/2 status=200 0.341s url=https://www.myfonts.com/collections/dgsa-font-dgsa-type-foundry/?tab=techSpecs
[2026-09-27T13:51:23Z] #943 attempt=1/2 status=200 0.329s url=https://www.myfonts.com/products/regular-rundock-1228071
[2026-09-27T13:51:23Z] #944 attempt=1/2 status=200 0.360s url=https://www.myfonts.com/collections/rundock-font-arif-novianto/
[2026-09-27T13:51:24Z] #945 attempt=1/2 status=200 0.337s url=https://www.myfonts.com/collections/rundock-font-arif-novianto/?tab=techSpecs
[2026-09-27T13:51:25Z] #946 attempt=1/2 status=200 0.310s url=https://www.myfonts.com/products/regular-maroon-zack-1226955
[2026-09-27T13:51:26Z] #947 attempt=1/2 status=200 0.357s url=https://www.myfonts.com/collections/maroon-zack-font-unitype-studio/
[2026-09-27T13:51:27Z] #948 attempt=1/2 status=200 0.304s url=https://www.myfonts.com/collections/maroon-zack-font-unitype-studio/?tab=techSpecs
[2026-09-27T13:51:28Z] #949 attempt=1/6 status=200 0.818s url=https://www.myfonts.com/products.json?limit=100&page=53
[2026-09-27T13:51:29Z] #950 attempt=1/2 status=200 0.332s url=https://www.myfonts.com/products/um-magical-dream-regular-magical-dream-1227183
[2026-09-27T13:51:30Z] #951 attempt=1/2 status=200 0.346s url=https://www.myfonts.com/collections/magical-dream-font-unitype-studio/
[2026-09-27T13:51:31Z] #952 attempt=1/2 status=200 0.329s url=https://www.myfonts.com/collections/magical-dream-font-unitype-studio/?tab=techSpecs
[2026-09-27T13:51:33Z] #953 attempt=1/2 status=200 1.839s url=https://www.myfonts.com/products/senviro-complete-family-package-1226843
[2026-09-27T13:51:37Z] #954 attempt=1/2 status=200 3.017s url=https://www.myfonts.com/collections/senviro-font-stripes-studio/
[2026-09-27T13:51:40Z] #955 attempt=1/2 status=200 2.645s url=https://www.myfonts.com/collections/senviro-font-stripes-studio/?tab=techSpecs
[2026-09-27T13:51:43Z] #956 attempt=1/2 status=200 0.963s url=https://www.myfonts.com/products/the-modern-collection-calligraphy-font-bundle-package-1150050
[2026-09-27T13:51:43Z] #957 attempt=1/2 status=404 0.232s url=https://www.myfonts.com/collections/the-modern-collection-calligraphy-font-bundle-font-hrz-studio
[2026-09-27T13:51:45Z] #958 attempt=1/2 status=200 0.903s url=https://www.myfonts.com/products/editorial-heritage-duo-package-1226934
[2026-09-27T13:51:46Z] #959 attempt=1/2 status=404 0.302s url=https://www.myfonts.com/collections/editorial-heritage-duo-font-fontop
[2026-09-27T13:51:47Z] #960 attempt=1/6 status=200 0.939s url=https://www.myfonts.com/products.json?limit=100&page=54
[2026-09-27T13:51:48Z] #961 attempt=1/2 status=200 0.673s url=https://www.myfonts.com/products/lunaverac-expanded-width-package-1226796
[2026-09-27T13:51:50Z] #962 attempt=1/2 status=200 1.276s url=https://www.myfonts.com/collections/lunaverac-font-weformera-studio/
[2026-09-27T13:51:52Z] #963 attempt=1/2 status=200 1.273s url=https://www.myfonts.com/collections/lunaverac-font-weformera-studio/?tab=techSpecs
[2026-09-27T13:51:53Z] #964 attempt=1/2 status=200 0.320s url=https://www.myfonts.com/products/senren-complete-family-package-1226836
[2026-09-27T13:51:54Z] #965 attempt=1/2 status=200 0.414s url=https://www.myfonts.com/collections/senren-font-yk-type/
[2026-09-27T13:51:55Z] #966 attempt=1/2 status=200 0.395s url=https://www.myfonts.com/collections/senren-font-yk-type/?tab=techSpecs
[2026-09-27T13:51:58Z] #967 attempt=1/2 status=200 1.306s url=https://www.myfonts.com/products/azelith-complete-family-package-1226637
[2026-09-27T13:52:00Z] #968 attempt=1/2 status=200 2.241s url=https://www.myfonts.com/collections/azelith-font-nia-typework/
[2026-09-27T13:52:03Z] #969 attempt=1/2 status=200 2.011s url=https://www.myfonts.com/collections/azelith-font-nia-typework/?tab=techSpecs
[2026-09-27T13:52:05Z] #970 attempt=1/2 status=200 0.338s url=https://www.myfonts.com/products/dgsa-package-1226835
[2026-09-27T13:52:06Z] #971 attempt=1/2 status=200 0.238s url=https://www.myfonts.com/collections/dgsa-font-dgsa-type-foundry
[2026-09-27T13:52:06Z] #972 attempt=1/2 status=200 0.238s url=https://www.myfonts.com/collections/dgsa-font-dgsa-type-foundry?tab=techSpecs
[2026-09-27T13:52:08Z] #973 attempt=1/2 status=200 0.450s url=https://www.myfonts.com/products/register-complete-family-package-1226610
[2026-09-27T13:52:08Z] #974 attempt=1/2 status=200 0.616s url=https://www.myfonts.com/collections/register-font-blaze-type/
[2026-09-27T13:52:09Z] #975 attempt=1/2 status=200 0.477s url=https://www.myfonts.com/collections/register-font-blaze-type/?tab=techSpecs
[2026-09-27T13:52:11Z] #976 attempt=1/2 status=200 0.606s url=https://www.myfonts.com/products/the-sisters-bundle-package-1070166
[2026-09-27T13:52:12Z] #977 attempt=1/2 status=404 0.246s url=https://www.myfonts.com/collections/the-sisters-bundle-font-context
[2026-09-27T13:52:13Z] #978 attempt=1/6 status=200 0.960s url=https://www.myfonts.com/products.json?limit=100&page=55
[2026-09-27T13:52:14Z] #979 attempt=1/2 status=200 0.392s url=https://www.myfonts.com/products/limit-frwy-variable-concept-complete-family-package-1226831
[2026-09-27T13:52:15Z] #980 attempt=1/2 status=200 0.383s url=https://www.myfonts.com/collections/limit-frwy-variable-concept-font-bold-guys/
[2026-09-27T13:52:16Z] #981 attempt=1/2 status=200 0.348s url=https://www.myfonts.com/collections/limit-frwy-variable-concept-font-bold-guys/?tab=techSpecs
[2026-09-27T13:52:18Z] #982 attempt=1/2 status=200 0.572s url=https://www.myfonts.com/products/limit-frwy-complete-family-package-1226797
[2026-09-27T13:52:19Z] #983 attempt=1/2 status=200 0.909s url=https://www.myfonts.com/collections/limit-frwy-font-bold-guys/
[2026-09-27T13:52:20Z] #984 attempt=1/2 status=200 0.652s url=https://www.myfonts.com/collections/limit-frwy-font-bold-guys/?tab=techSpecs
[2026-09-27T13:52:22Z] #985 attempt=1/2 status=200 0.366s url=https://www.myfonts.com/products/qubix-complete-family-package-1226790
[2026-09-27T13:52:22Z] #986 attempt=1/2 status=200 0.381s url=https://www.myfonts.com/collections/qubix-font-xdcreative/
[2026-09-27T13:52:23Z] #987 attempt=1/2 status=200 0.346s url=https://www.myfonts.com/collections/qubix-font-xdcreative/?tab=techSpecs
[2026-09-27T13:52:25Z] #988 attempt=1/2 status=200 0.436s url=https://www.myfonts.com/products/regular-dreamboat-532649
[2026-09-27T13:52:26Z] #989 attempt=1/2 status=200 0.398s url=https://www.myfonts.com/collections/dreamboat-font-mark-simonson/
[2026-09-27T13:52:27Z] #990 attempt=1/2 status=200 0.375s url=https://www.myfonts.com/collections/dreamboat-font-mark-simonson/?tab=techSpecs
[2026-09-27T13:52:28Z] #991 attempt=1/2 status=200 0.550s url=https://www.myfonts.com/products/condensed-letterpress-cocogoose-narrows-567440
[2026-09-27T13:52:30Z] #992 attempt=1/2 status=200 0.713s url=https://www.myfonts.com/collections/cocogoose-narrows-font-zetafonts/
[2026-09-27T13:52:31Z] #993 attempt=1/2 status=200 0.546s url=https://www.myfonts.com/collections/cocogoose-narrows-font-zetafonts/?tab=techSpecs
[2026-09-27T13:52:32Z] #994 attempt=1/2 status=200 0.258s url=https://www.myfonts.com/collections/cocogoose-narrows-font-zetafonts/
[2026-09-27T13:52:33Z] #995 attempt=1/2 status=200 0.575s url=https://www.myfonts.com/products/extralight-italic-tt-quaris-1089118
[2026-09-27T13:52:34Z] #996 attempt=1/2 status=200 0.783s url=https://www.myfonts.com/collections/tt-quaris-font-typetype/
[2026-09-27T13:52:35Z] #997 attempt=1/2 status=200 0.675s url=https://www.myfonts.com/collections/tt-quaris-font-typetype/?tab=techSpecs
[2026-09-27T13:52:37Z] #998 attempt=1/2 status=200 0.381s url=https://www.myfonts.com/products/light-quad-560984
[2026-09-27T13:52:38Z] #999 attempt=1/2 status=200 0.364s url=https://www.myfonts.com/collections/quad-font-fontfabric/
[2026-09-27T13:52:39Z] #1000 attempt=1/2 status=200 0.306s url=https://www.myfonts.com/collections/quad-font-fontfabric/?tab=techSpecs
[2026-09-27T13:52:40Z] #1001 attempt=1/2 status=200 0.514s url=https://www.myfonts.com/collections/quad-font-fontfabric/
[2026-09-27T13:52:41Z] #1002 attempt=1/2 status=200 0.466s url=https://www.myfonts.com/products/wide-thin-heading-pro-extended-567611
[2026-09-27T13:52:42Z] #1003 attempt=1/2 status=200 0.769s url=https://www.myfonts.com/collections/heading-pro-extended-font-zetafonts/
[2026-09-27T13:52:43Z] #1004 attempt=1/2 status=200 0.657s url=https://www.myfonts.com/collections/heading-pro-extended-font-zetafonts/?tab=techSpecs
[2026-09-27T13:52:45Z] #1005 attempt=1/2 status=200 0.683s url=https://www.myfonts.com/collections/heading-pro-extended-font-zetafonts/
[2026-09-27T13:52:46Z] #1006 attempt=1/2 status=200 0.659s url=https://www.myfonts.com/products/heavy-italic-codec-567559
[2026-09-27T13:52:48Z] #1007 attempt=1/2 status=200 0.970s url=https://www.myfonts.com/collections/codec-font-zetafonts/
[2026-09-27T13:52:49Z] #1008 attempt=1/2 status=200 0.780s url=https://www.myfonts.com/collections/codec-font-zetafonts/?tab=techSpecs
[2026-09-27T13:52:51Z] #1009 attempt=1/2 status=200 0.278s url=https://www.myfonts.com/collections/codec-font-zetafonts/
[2026-09-27T13:52:52Z] #1010 attempt=1/2 status=200 0.339s url=https://www.myfonts.com/products/italic-northumbria-563488
[2026-09-27T13:52:52Z] #1011 attempt=1/2 status=200 0.338s url=https://www.myfonts.com/collections/northumbria-font-hanoded/
[2026-09-27T13:52:53Z] #1012 attempt=1/2 status=200 0.348s url=https://www.myfonts.com/collections/northumbria-font-hanoded/?tab=techSpecs
[2026-09-27T13:52:55Z] #1013 attempt=1/2 status=200 0.265s url=https://www.myfonts.com/collections/northumbria-font-hanoded/
[2026-09-27T13:52:55Z] #1014 attempt=1/2 status=200 0.370s url=https://www.myfonts.com/products/medium-shapiro-oh-yes-bv-776275
[2026-09-27T13:52:56Z] #1015 attempt=1/2 status=200 0.562s url=https://www.myfonts.com/collections/shapiro-oh-yes-bv-font-custom/
[2026-09-27T13:52:57Z] #1016 attempt=1/2 status=200 0.355s url=https://www.myfonts.com/collections/shapiro-oh-yes-bv-font-custom/?tab=techSpecs
[2026-09-27T13:52:58Z] #1017 attempt=1/2 status=200 0.209s url=https://www.myfonts.com/collections/shapiro-oh-yes-bv-font-custom/
[2026-09-27T13:52:59Z] #1018 attempt=1/2 status=404 0.271s url=https://www.myfonts.com/collections/medium-shapiro-oh-yes-bv-776275-font-custom
[2026-09-27T13:53:00Z] #1019 attempt=1/2 status=200 0.448s url=https://www.myfonts.com/products/display-medium-blacker-567252
[2026-09-27T13:53:01Z] #1020 attempt=1/2 status=200 0.649s url=https://www.myfonts.com/collections/blacker-font-zetafonts/
[2026-09-27T13:53:02Z] #1021 attempt=1/2 status=200 0.485s url=https://www.myfonts.com/collections/blacker-font-zetafonts/?tab=techSpecs
[2026-09-27T13:53:03Z] #1022 attempt=1/2 status=200 0.315s url=https://www.myfonts.com/collections/blacker-font-zetafonts/
[2026-09-27T13:53:04Z] #1023 attempt=1/2 status=200 0.342s url=https://www.myfonts.com/products/regular-whynot-564345
[2026-09-27T13:53:05Z] #1024 attempt=1/2 status=200 0.367s url=https://www.myfonts.com/collections/whynot-font-hanoded/
[2026-09-27T13:53:06Z] #1025 attempt=1/2 status=200 0.310s url=https://www.myfonts.com/collections/whynot-font-hanoded/?tab=techSpecs
[2026-09-27T13:53:07Z] #1026 attempt=1/2 status=200 0.289s url=https://www.myfonts.com/collections/whynot-font-hanoded/
[2026-09-27T13:53:08Z] #1027 attempt=1/2 status=200 0.327s url=https://www.myfonts.com/products/regular-nexa-custom-776117
[2026-09-27T13:53:09Z] #1028 attempt=1/2 status=200 0.310s url=https://www.myfonts.com/collections/nexa-custom-font-custom/
[2026-09-27T13:53:09Z] #1029 attempt=1/2 status=200 0.336s url=https://www.myfonts.com/collections/nexa-custom-font-custom/?tab=techSpecs
[2026-09-27T13:53:10Z] #1030 attempt=1/2 status=200 0.238s url=https://www.myfonts.com/collections/nexa-custom-font-custom/
[2026-09-27T13:53:11Z] #1031 attempt=1/2 status=404 0.233s url=https://www.myfonts.com/collections/regular-nexa-custom-776117-font-custom
[2026-09-27T13:53:12Z] #1032 attempt=1/2 status=200 0.501s url=https://www.myfonts.com/products/regular-roy-lichtenstein-560062
[2026-09-27T13:53:13Z] #1033 attempt=1/2 status=200 0.402s url=https://www.myfonts.com/collections/roy-lichtenstein-font-k-type/
[2026-09-27T13:53:13Z] #1034 attempt=1/2 status=200 0.343s url=https://www.myfonts.com/collections/roy-lichtenstein-font-k-type/?tab=techSpecs
[2026-09-27T13:53:15Z] #1035 attempt=1/2 status=200 0.275s url=https://www.myfonts.com/collections/roy-lichtenstein-font-k-type/
[2026-09-27T13:53:16Z] #1036 attempt=1/2 status=200 0.352s url=https://www.myfonts.com/products/black-facet-553005
[2026-09-27T13:53:16Z] #1037 attempt=1/2 status=200 0.382s url=https://www.myfonts.com/collections/facet-font-fontfabric/
[2026-09-27T13:53:17Z] #1038 attempt=1/2 status=200 0.318s url=https://www.myfonts.com/collections/facet-font-fontfabric/?tab=techSpecs
[2026-09-27T13:53:19Z] #1039 attempt=1/2 status=200 0.260s url=https://www.myfonts.com/collections/facet-font-fontfabric/
[2026-09-27T13:53:19Z] #1040 attempt=1/2 status=200 0.349s url=https://www.myfonts.com/products/expanded-bold-tt-supermolot-neue-for-espn-776446
[2026-09-27T13:53:20Z] #1041 attempt=1/2 status=200 0.311s url=https://www.myfonts.com/collections/tt-supermolot-neue-for-espn-font-custom/
[2026-09-27T13:53:21Z] #1042 attempt=1/2 status=200 0.336s url=https://www.myfonts.com/collections/tt-supermolot-neue-for-espn-font-custom/?tab=techSpecs
[2026-09-27T13:53:22Z] #1043 attempt=1/2 status=200 0.230s url=https://www.myfonts.com/collections/tt-supermolot-neue-for-espn-font-custom/
[2026-09-27T13:53:23Z] #1044 attempt=1/2 status=404 0.281s url=https://www.myfonts.com/collections/expanded-bold-tt-supermolot-neue-for-espn-776446-font-custom
[2026-09-27T13:53:23Z] #1045 attempt=1/2 status=200 0.343s url=https://www.myfonts.com/products/bold-file-560982
[2026-09-27T13:53:24Z] #1046 attempt=1/2 status=200 0.343s url=https://www.myfonts.com/collections/file-font-fontfabric/
[2026-09-27T13:53:25Z] #1047 attempt=1/2 status=200 0.290s url=https://www.myfonts.com/collections/file-font-fontfabric/?tab=techSpecs
[2026-09-27T13:53:26Z] #1048 attempt=1/2 status=200 0.278s url=https://www.myfonts.com/collections/file-font-fontfabric/
[2026-09-27T13:53:27Z] #1049 attempt=1/2 status=200 0.374s url=https://www.myfonts.com/products/regular-crayonista-579817
[2026-09-27T13:53:27Z] #1050 attempt=1/2 status=200 0.341s url=https://www.myfonts.com/collections/crayonista-font-hanoded/
[2026-09-27T13:53:28Z] #1051 attempt=1/2 status=200 0.341s url=https://www.myfonts.com/collections/crayonista-font-hanoded/?tab=techSpecs
[2026-09-27T13:53:29Z] #1052 attempt=1/2 status=200 0.234s url=https://www.myfonts.com/collections/crayonista-font-hanoded/
[2026-09-27T13:53:31Z] #1053 attempt=1/6 status=200 1.035s url=https://www.myfonts.com/products.json?limit=100&page=56
[2026-09-27T13:53:32Z] #1054 attempt=1/2 status=200 0.736s url=https://www.myfonts.com/products/extra-light-condessia-1089125
[2026-09-27T13:53:33Z] #1055 attempt=1/2 status=200 1.064s url=https://www.myfonts.com/collections/condessia-font-stefan-stoychev/
[2026-09-27T13:53:35Z] #1056 attempt=1/2 status=200 0.786s url=https://www.myfonts.com/collections/condessia-font-stefan-stoychev/?tab=techSpecs
[2026-09-27T13:53:36Z] #1057 attempt=1/2 status=200 0.414s url=https://www.myfonts.com/products/300-museo-slab-pour-u-500492
[2026-09-27T13:53:37Z] #1058 attempt=1/2 status=200 0.367s url=https://www.myfonts.com/collections/museo-slab-pour-u-font-exljbris/
[2026-09-27T13:53:38Z] #1059 attempt=1/2 status=200 0.327s url=https://www.myfonts.com/collections/museo-slab-pour-u-font-exljbris/?tab=techSpecs
[2026-09-27T13:53:39Z] #1060 attempt=1/2 status=200 0.226s url=https://www.myfonts.com/collections/museo-slab-pour-u-font-exljbris/
[2026-09-27T13:53:41Z] #1061 attempt=1/6 status=200 1.028s url=https://www.myfonts.com/products.json?limit=100&page=57
[2026-09-27T13:53:42Z] #1062 attempt=1/2 status=200 0.300s url=https://www.myfonts.com/products/bold-val-560986
[2026-09-27T13:53:42Z] #1063 attempt=1/2 status=200 0.423s url=https://www.myfonts.com/collections/val-font-fontfabric/
[2026-09-27T13:53:43Z] #1064 attempt=1/2 status=200 0.320s url=https://www.myfonts.com/collections/val-font-fontfabric/?tab=techSpecs
[2026-09-27T13:53:44Z] #1065 attempt=1/2 status=200 0.202s url=https://www.myfonts.com/collections/val-font-fontfabric/
[2026-09-27T13:53:45Z] #1066 attempt=1/2 status=200 0.364s url=https://www.myfonts.com/products/black-dreamboat-532653
[2026-09-27T13:53:46Z] #1067 attempt=1/2 status=200 0.242s url=https://www.myfonts.com/collections/dreamboat-font-mark-simonson/
[2026-09-27T13:53:46Z] #1068 attempt=1/2 status=200 0.268s url=https://www.myfonts.com/collections/dreamboat-font-mark-simonson/?tab=techSpecs
[2026-09-27T13:53:48Z] #1069 attempt=1/2 status=200 0.355s url=https://www.myfonts.com/products/extrabold-dreamboat-532652
[2026-09-27T13:53:49Z] #1070 attempt=1/2 status=200 0.247s url=https://www.myfonts.com/collections/dreamboat-font-mark-simonson/
[2026-09-27T13:53:49Z] #1071 attempt=1/2 status=200 0.215s url=https://www.myfonts.com/collections/dreamboat-font-mark-simonson/?tab=techSpecs
[2026-09-27T13:53:51Z] #1072 attempt=1/2 status=200 0.428s url=https://www.myfonts.com/products/thin-stolzl-duplicate-620561
[2026-09-27T13:53:52Z] #1073 attempt=1/2 status=200 0.363s url=https://www.myfonts.com/collections/stolzl-duplicate-font-inhouse-type/
[2026-09-27T13:53:52Z] #1074 attempt=1/2 status=200 0.368s url=https://www.myfonts.com/collections/stolzl-duplicate-font-inhouse-type/?tab=techSpecs
[2026-09-27T13:53:54Z] #1075 attempt=1/2 status=200 0.394s url=https://www.myfonts.com/products/light-dreamboat-532648
[2026-09-27T13:53:55Z] #1076 attempt=1/2 status=200 0.235s url=https://www.myfonts.com/collections/dreamboat-font-mark-simonson/
[2026-09-27T13:53:55Z] #1077 attempt=1/2 status=200 0.526s url=https://www.myfonts.com/collections/dreamboat-font-mark-simonson/?tab=techSpecs
[2026-09-27T13:53:57Z] #1078 attempt=1/2 status=200 0.410s url=https://www.myfonts.com/products/black-aesthet-nova-duplicate-616846
[2026-09-27T13:53:58Z] #1079 attempt=1/2 status=200 0.522s url=https://www.myfonts.com/collections/aesthet-nova-duplicate-font-inhouse-type/
[2026-09-27T13:53:59Z] #1080 attempt=1/2 status=200 0.544s url=https://www.myfonts.com/collections/aesthet-nova-duplicate-font-inhouse-type/?tab=techSpecs
[2026-09-27T13:54:01Z] #1081 attempt=1/2 status=200 0.391s url=https://www.myfonts.com/products/semibold-dreamboat-532650
[2026-09-27T13:54:02Z] #1082 attempt=1/2 status=200 0.259s url=https://www.myfonts.com/collections/dreamboat-font-mark-simonson/
[2026-09-27T13:54:02Z] #1083 attempt=1/2 status=200 0.225s url=https://www.myfonts.com/collections/dreamboat-font-mark-simonson/?tab=techSpecs
[2026-09-27T13:54:04Z] #1084 attempt=1/2 status=200 0.455s url=https://www.myfonts.com/products/narrow-tt-arlen-438121
[2026-09-27T13:54:05Z] #1085 attempt=1/2 status=200 0.469s url=https://www.myfonts.com/collections/tt-arlen-font-typetype/
[2026-09-27T13:54:06Z] #1086 attempt=1/2 status=200 0.394s url=https://www.myfonts.com/collections/tt-arlen-font-typetype/?tab=techSpecs
[2026-09-27T13:54:08Z] #1087 attempt=1/2 status=200 1.341s url=https://www.myfonts.com/products/display-medium-italic-sequel-geo-457172
[2026-09-27T13:54:10Z] #1088 attempt=1/2 status=200 1.503s url=https://www.myfonts.com/collections/sequel-geo-font-ogj-type-design/
[2026-09-27T13:54:12Z] #1089 attempt=1/2 status=200 1.320s url=https://www.myfonts.com/collections/sequel-geo-font-ogj-type-design/?tab=techSpecs
[2026-09-27T13:54:14Z] #1090 attempt=1/2 status=200 0.414s url=https://www.myfonts.com/products/bold-dreamboat-532651
[2026-09-27T13:54:14Z] #1091 attempt=1/2 status=200 0.212s url=https://www.myfonts.com/collections/dreamboat-font-mark-simonson/
[2026-09-27T13:54:15Z] #1092 attempt=1/2 status=200 0.276s url=https://www.myfonts.com/collections/dreamboat-font-mark-simonson/?tab=techSpecs
[2026-09-27T13:54:17Z] #1093 attempt=1/2 status=200 0.358s url=https://www.myfonts.com/products/expanded-tt-arlen-438124
[2026-09-27T13:54:18Z] #1094 attempt=1/2 status=200 0.283s url=https://www.myfonts.com/collections/tt-arlen-font-typetype/
[2026-09-27T13:54:19Z] #1095 attempt=1/2 status=200 0.254s url=https://www.myfonts.com/collections/tt-arlen-font-typetype/?tab=techSpecs
[2026-09-27T13:54:21Z] #1096 attempt=1/6 status=200 1.169s url=https://www.myfonts.com/products.json?limit=100&page=58
[2026-09-27T13:54:22Z] #1097 attempt=1/2 status=200 0.366s url=https://www.myfonts.com/products/chunky-tt-arlen-438123
[2026-09-27T13:54:23Z] #1098 attempt=1/2 status=200 0.208s url=https://www.myfonts.com/collections/tt-arlen-font-typetype/
[2026-09-27T13:54:23Z] #1099 attempt=1/2 status=200 0.291s url=https://www.myfonts.com/collections/tt-arlen-font-typetype/?tab=techSpecs
[2026-09-27T13:54:25Z] #1100 attempt=1/2 status=200 0.410s url=https://www.myfonts.com/products/variable-tt-arlen-438126
[2026-09-27T13:54:26Z] #1101 attempt=1/2 status=200 0.230s url=https://www.myfonts.com/collections/tt-arlen-font-typetype/
[2026-09-27T13:54:26Z] #1102 attempt=1/2 status=200 0.281s url=https://www.myfonts.com/collections/tt-arlen-font-typetype/?tab=techSpecs
[2026-09-27T13:54:28Z] #1103 attempt=1/2 status=200 0.382s url=https://www.myfonts.com/products/extra-tt-arlen-438125
[2026-09-27T13:54:29Z] #1104 attempt=1/2 status=200 0.295s url=https://www.myfonts.com/collections/tt-arlen-font-typetype/
[2026-09-27T13:54:29Z] #1105 attempt=1/2 status=200 0.322s url=https://www.myfonts.com/collections/tt-arlen-font-typetype/?tab=techSpecs
[2026-09-27T13:54:31Z] #1106 attempt=1/2 status=200 0.424s url=https://www.myfonts.com/products/standard-tt-arlen-438122
[2026-09-27T13:54:32Z] #1107 attempt=1/2 status=200 0.256s url=https://www.myfonts.com/collections/tt-arlen-font-typetype/
[2026-09-27T13:54:32Z] #1108 attempt=1/2 status=200 0.247s url=https://www.myfonts.com/collections/tt-arlen-font-typetype/?tab=techSpecs
[2026-09-27T13:54:34Z] #1109 attempt=1/2 status=200 0.448s url=https://www.myfonts.com/products/mini-tt-arlen-438120
[2026-09-27T13:54:35Z] #1110 attempt=1/2 status=200 0.252s url=https://www.myfonts.com/collections/tt-arlen-font-typetype/
[2026-09-27T13:54:35Z] #1111 attempt=1/2 status=200 0.250s url=https://www.myfonts.com/collections/tt-arlen-font-typetype/?tab=techSpecs
[2026-09-27T13:54:37Z] #1112 attempt=1/2 status=200 0.442s url=https://www.myfonts.com/products/bold-italic-freitag-479732
[2026-09-27T13:54:38Z] #1113 attempt=1/2 status=200 0.515s url=https://www.myfonts.com/collections/freitag-font-zetafonts/
[2026-09-27T13:54:39Z] #1114 attempt=1/2 status=200 0.391s url=https://www.myfonts.com/collections/freitag-font-zetafonts/?tab=techSpecs
[2026-09-27T13:54:40Z] #1115 attempt=1/2 status=200 0.394s url=https://www.myfonts.com/products/book-freitag-479727
[2026-09-27T13:54:41Z] #1116 attempt=1/2 status=200 0.273s url=https://www.myfonts.com/collections/freitag-font-zetafonts/
[2026-09-27T13:54:42Z] #1117 attempt=1/2 status=200 0.300s url=https://www.myfonts.com/collections/freitag-font-zetafonts/?tab=techSpecs
[2026-09-27T13:54:44Z] #1118 attempt=1/2 status=200 0.562s url=https://www.myfonts.com/products/regular-proxima-sera-458940
[2026-09-27T13:54:44Z] #1119 attempt=1/2 status=200 0.587s url=https://www.myfonts.com/collections/proxima-sera-font-mark-simonson/
[2026-09-27T13:54:46Z] #1120 attempt=1/2 status=200 0.476s url=https://www.myfonts.com/collections/proxima-sera-font-mark-simonson/?tab=techSpecs
[2026-09-27T13:54:47Z] #1121 attempt=1/2 status=200 0.470s url=https://www.myfonts.com/products/extrabold-proxima-sera-458948
[2026-09-27T13:54:48Z] #1122 attempt=1/2 status=200 0.297s url=https://www.myfonts.com/collections/proxima-sera-font-mark-simonson/
[2026-09-27T13:54:49Z] #1123 attempt=1/2 status=200 0.282s url=https://www.myfonts.com/collections/proxima-sera-font-mark-simonson/?tab=techSpecs
[2026-09-27T13:54:51Z] #1124 attempt=1/2 status=200 0.421s url=https://www.myfonts.com/products/semibold-italic-proxima-sera-458945
[2026-09-27T13:54:51Z] #1125 attempt=1/2 status=200 0.320s url=https://www.myfonts.com/collections/proxima-sera-font-mark-simonson/
[2026-09-27T13:54:52Z] #1126 attempt=1/2 status=200 0.279s url=https://www.myfonts.com/collections/proxima-sera-font-mark-simonson/?tab=techSpecs
[2026-09-27T13:54:54Z] #1127 attempt=1/2 status=200 0.440s url=https://www.myfonts.com/products/black-proxima-sera-458950
[2026-09-27T13:54:54Z] #1128 attempt=1/2 status=200 0.223s url=https://www.myfonts.com/collections/proxima-sera-font-mark-simonson/
[2026-09-27T13:54:55Z] #1129 attempt=1/2 status=200 0.284s url=https://www.myfonts.com/collections/proxima-sera-font-mark-simonson/?tab=techSpecs
[2026-09-27T13:54:57Z] #1130 attempt=1/2 status=200 0.483s url=https://www.myfonts.com/products/black-italic-proxima-sera-458951
[2026-09-27T13:54:57Z] #1131 attempt=1/2 status=200 0.238s url=https://www.myfonts.com/collections/proxima-sera-font-mark-simonson/
[2026-09-27T13:54:58Z] #1132 attempt=1/2 status=200 0.221s url=https://www.myfonts.com/collections/proxima-sera-font-mark-simonson/?tab=techSpecs
[2026-09-27T13:55:00Z] #1133 attempt=1/2 status=200 0.503s url=https://www.myfonts.com/products/medium-italic-proxima-sera-458943
[2026-09-27T13:55:00Z] #1134 attempt=1/2 status=200 0.235s url=https://www.myfonts.com/collections/proxima-sera-font-mark-simonson/
[2026-09-27T13:55:01Z] #1135 attempt=1/2 status=200 0.323s url=https://www.myfonts.com/collections/proxima-sera-font-mark-simonson/?tab=techSpecs
[2026-09-27T13:55:03Z] #1136 attempt=1/2 status=200 0.512s url=https://www.myfonts.com/products/medium-proxima-sera-458942
[2026-09-27T13:55:04Z] #1137 attempt=1/2 status=200 0.246s url=https://www.myfonts.com/collections/proxima-sera-font-mark-simonson/
[2026-09-27T13:55:04Z] #1138 attempt=1/2 status=200 0.260s url=https://www.myfonts.com/collections/proxima-sera-font-mark-simonson/?tab=techSpecs
[2026-09-27T13:55:06Z] #1139 attempt=1/2 status=200 0.439s url=https://www.myfonts.com/products/extralight-proxima-sera-458936
[2026-09-27T13:55:07Z] #1140 attempt=1/2 status=200 0.293s url=https://www.myfonts.com/collections/proxima-sera-font-mark-simonson/
[2026-09-27T13:55:08Z] #1141 attempt=1/2 status=200 0.293s url=https://www.myfonts.com/collections/proxima-sera-font-mark-simonson/?tab=techSpecs
[2026-09-27T13:55:10Z] #1142 attempt=1/6 status=200 0.948s url=https://www.myfonts.com/products.json?limit=100&page=59
[2026-09-27T13:55:11Z] #1143 attempt=1/2 status=200 0.391s url=https://www.myfonts.com/products/heavy-italic-freitag-479734
[2026-09-27T13:55:11Z] #1144 attempt=1/2 status=200 0.236s url=https://www.myfonts.com/collections/freitag-font-zetafonts/
[2026-09-27T13:55:12Z] #1145 attempt=1/2 status=200 0.206s url=https://www.myfonts.com/collections/freitag-font-zetafonts/?tab=techSpecs
[2026-09-27T13:55:14Z] #1146 attempt=1/2 status=200 0.356s url=https://www.myfonts.com/products/light-italic-freitag-479726
[2026-09-27T13:55:14Z] #1147 attempt=1/2 status=200 0.259s url=https://www.myfonts.com/collections/freitag-font-zetafonts/
[2026-09-27T13:55:15Z] #1148 attempt=1/2 status=200 0.209s url=https://www.myfonts.com/collections/freitag-font-zetafonts/?tab=techSpecs
[2026-09-27T13:55:17Z] #1149 attempt=1/2 status=200 0.412s url=https://www.myfonts.com/products/extralight-italic-proxima-sera-458937
[2026-09-27T13:55:17Z] #1150 attempt=1/2 status=200 0.281s url=https://www.myfonts.com/collections/proxima-sera-font-mark-simonson/
[2026-09-27T13:55:18Z] #1151 attempt=1/2 status=200 0.285s url=https://www.myfonts.com/collections/proxima-sera-font-mark-simonson/?tab=techSpecs
[2026-09-27T13:55:20Z] #1152 attempt=1/2 status=200 0.450s url=https://www.myfonts.com/products/thin-italic-proxima-sera-458935
[2026-09-27T13:55:20Z] #1153 attempt=1/2 status=200 0.252s url=https://www.myfonts.com/collections/proxima-sera-font-mark-simonson/
[2026-09-27T13:55:21Z] #1154 attempt=1/2 status=200 0.279s url=https://www.myfonts.com/collections/proxima-sera-font-mark-simonson/?tab=techSpecs
[2026-09-27T13:55:23Z] #1155 attempt=1/2 status=200 0.367s url=https://www.myfonts.com/products/light-freitag-479725
[2026-09-27T13:55:23Z] #1156 attempt=1/2 status=200 0.257s url=https://www.myfonts.com/collections/freitag-font-zetafonts/
[2026-09-27T13:55:24Z] #1157 attempt=1/2 status=200 0.505s url=https://www.myfonts.com/collections/freitag-font-zetafonts/?tab=techSpecs
[2026-09-27T13:55:26Z] #1158 attempt=1/2 status=200 0.515s url=https://www.myfonts.com/products/light-proxima-sera-458938
[2026-09-27T13:55:27Z] #1159 attempt=1/2 status=200 0.318s url=https://www.myfonts.com/collections/proxima-sera-font-mark-simonson/
[2026-09-27T13:55:27Z] #1160 attempt=1/2 status=200 0.272s url=https://www.myfonts.com/collections/proxima-sera-font-mark-simonson/?tab=techSpecs
[2026-09-27T13:55:29Z] #1161 attempt=1/2 status=200 0.434s url=https://www.myfonts.com/products/variable-freitag-479735
[2026-09-27T13:55:30Z] #1162 attempt=1/2 status=200 0.281s url=https://www.myfonts.com/collections/freitag-font-zetafonts/
[2026-09-27T13:55:31Z] #1163 attempt=1/2 status=200 0.515s url=https://www.myfonts.com/collections/freitag-font-zetafonts/?tab=techSpecs
[2026-09-27T13:55:32Z] #1164 attempt=1/2 status=200 0.423s url=https://www.myfonts.com/products/extrabold-italic-proxima-sera-458949
[2026-09-27T13:55:33Z] #1165 attempt=1/2 status=200 0.299s url=https://www.myfonts.com/collections/proxima-sera-font-mark-simonson/
[2026-09-27T13:55:34Z] #1166 attempt=1/2 status=200 0.260s url=https://www.myfonts.com/collections/proxima-sera-font-mark-simonson/?tab=techSpecs
[2026-09-27T13:55:35Z] #1167 attempt=1/2 status=200 0.492s url=https://www.myfonts.com/products/book-italic-freitag-479728
[2026-09-27T13:55:36Z] #1168 attempt=1/2 status=200 0.255s url=https://www.myfonts.com/collections/freitag-font-zetafonts/
[2026-09-27T13:55:37Z] #1169 attempt=1/2 status=200 0.252s url=https://www.myfonts.com/collections/freitag-font-zetafonts/?tab=techSpecs
[2026-09-27T13:55:39Z] #1170 attempt=1/2 status=200 0.539s url=https://www.myfonts.com/products/semibold-proxima-sera-458944
[2026-09-27T13:55:39Z] #1171 attempt=1/2 status=200 0.231s url=https://www.myfonts.com/collections/proxima-sera-font-mark-simonson/
[2026-09-27T13:55:40Z] #1172 attempt=1/2 status=200 0.255s url=https://www.myfonts.com/collections/proxima-sera-font-mark-simonson/?tab=techSpecs
[2026-09-27T13:55:42Z] #1173 attempt=1/2 status=200 0.368s url=https://www.myfonts.com/products/medium-freitag-479729
[2026-09-27T13:55:42Z] #1174 attempt=1/2 status=200 0.256s url=https://www.myfonts.com/collections/freitag-font-zetafonts/
[2026-09-27T13:55:43Z] #1175 attempt=1/2 status=200 0.200s url=https://www.myfonts.com/collections/freitag-font-zetafonts/?tab=techSpecs
[2026-09-27T13:55:45Z] #1176 attempt=1/2 status=200 0.435s url=https://www.myfonts.com/products/medium-italic-freitag-479730
[2026-09-27T13:55:45Z] #1177 attempt=1/2 status=200 0.428s url=https://www.myfonts.com/collections/freitag-font-zetafonts/
[2026-09-27T13:55:46Z] #1178 attempt=1/2 status=200 0.216s url=https://www.myfonts.com/collections/freitag-font-zetafonts/?tab=techSpecs
[2026-09-27T13:55:48Z] #1179 attempt=1/2 status=200 0.384s url=https://www.myfonts.com/products/heavy-freitag-479733
[2026-09-27T13:55:48Z] #1180 attempt=1/2 status=200 0.283s url=https://www.myfonts.com/collections/freitag-font-zetafonts/
[2026-09-27T13:55:49Z] #1181 attempt=1/2 status=200 0.220s url=https://www.myfonts.com/collections/freitag-font-zetafonts/?tab=techSpecs
[2026-09-27T13:55:51Z] #1182 attempt=1/2 status=200 0.402s url=https://www.myfonts.com/products/thin-proxima-sera-458934
[2026-09-27T13:55:51Z] #1183 attempt=1/2 status=200 0.249s url=https://www.myfonts.com/collections/proxima-sera-font-mark-simonson/
[2026-09-27T13:55:52Z] #1184 attempt=1/2 status=200 0.326s url=https://www.myfonts.com/collections/proxima-sera-font-mark-simonson/?tab=techSpecs
[2026-09-27T13:55:54Z] #1185 attempt=1/2 status=200 0.362s url=https://www.myfonts.com/products/bold-freitag-479731
[2026-09-27T13:55:54Z] #1186 attempt=1/2 status=200 0.301s url=https://www.myfonts.com/collections/freitag-font-zetafonts/
[2026-09-27T13:55:55Z] #1187 attempt=1/2 status=200 0.242s url=https://www.myfonts.com/collections/freitag-font-zetafonts/?tab=techSpecs
[2026-09-27T13:55:57Z] #1188 attempt=1/2 status=200 0.349s url=https://www.myfonts.com/products/variable-italic-freitag-479736
[2026-09-27T13:55:58Z] #1189 attempt=1/2 status=200 0.259s url=https://www.myfonts.com/collections/freitag-font-zetafonts/
[2026-09-27T13:55:58Z] #1190 attempt=1/2 status=200 0.251s url=https://www.myfonts.com/collections/freitag-font-zetafonts/?tab=techSpecs
[2026-09-27T13:56:00Z] #1191 attempt=1/2 status=200 0.432s url=https://www.myfonts.com/products/italic-proxima-sera-458941
[2026-09-27T13:56:00Z] #1192 attempt=1/2 status=200 0.215s url=https://www.myfonts.com/collections/proxima-sera-font-mark-simonson/
[2026-09-27T13:56:01Z] #1193 attempt=1/2 status=200 0.235s url=https://www.myfonts.com/collections/proxima-sera-font-mark-simonson/?tab=techSpecs
[2026-09-27T13:56:03Z] #1194 attempt=1/2 status=200 0.455s url=https://www.myfonts.com/products/bold-italic-proxima-sera-458947
[2026-09-27T13:56:04Z] #1195 attempt=1/2 status=200 0.300s url=https://www.myfonts.com/collections/proxima-sera-font-mark-simonson/
[2026-09-27T13:56:04Z] #1196 attempt=1/2 status=200 0.314s url=https://www.myfonts.com/collections/proxima-sera-font-mark-simonson/?tab=techSpecs
[2026-09-27T13:56:06Z] #1197 attempt=1/2 status=200 0.449s url=https://www.myfonts.com/products/bold-proxima-sera-458946
[2026-09-27T13:56:07Z] #1198 attempt=1/2 status=200 0.262s url=https://www.myfonts.com/collections/proxima-sera-font-mark-simonson/
[2026-09-27T13:56:08Z] #1199 attempt=1/2 status=200 0.638s url=https://www.myfonts.com/collections/proxima-sera-font-mark-simonson/?tab=techSpecs
[2026-09-27T13:56:10Z] #1200 attempt=1/2 status=200 0.428s url=https://www.myfonts.com/products/light-italic-proxima-sera-458939
[2026-09-27T13:56:10Z] #1201 attempt=1/2 status=200 0.271s url=https://www.myfonts.com/collections/proxima-sera-font-mark-simonson/
[2026-09-27T13:56:11Z] #1202 attempt=1/2 status=200 0.211s url=https://www.myfonts.com/collections/proxima-sera-font-mark-simonson/?tab=techSpecs
[2026-09-27T13:56:13Z] #1203 attempt=1/2 status=200 0.670s url=https://www.myfonts.com/products/monterchi-serif-pack-package-436778
[2026-09-27T13:56:15Z] #1204 attempt=1/2 status=200 1.575s url=https://www.myfonts.com/collections/monterchi-font-zetafonts/
[2026-09-27T13:56:16Z] #1205 attempt=1/2 status=200 1.000s url=https://www.myfonts.com/collections/monterchi-font-zetafonts/?tab=techSpecs
[2026-09-27T13:56:18Z] #1206 attempt=1/2 status=200 0.433s url=https://www.myfonts.com/products/moments-complete-family-package-1226630
[2026-09-27T13:56:19Z] #1207 attempt=1/2 status=200 0.516s url=https://www.myfonts.com/collections/moments-font-deartype/
[2026-09-27T13:56:20Z] #1208 attempt=1/2 status=200 0.453s url=https://www.myfonts.com/collections/moments-font-deartype/?tab=techSpecs
[2026-09-27T13:56:22Z] #1209 attempt=1/2 status=200 0.599s url=https://www.myfonts.com/products/photowall-complete-family-package-1226629
[2026-09-27T13:56:23Z] #1210 attempt=1/2 status=200 0.671s url=https://www.myfonts.com/collections/photowall-font-deartype/
[2026-09-27T13:56:24Z] #1211 attempt=1/2 status=200 0.620s url=https://www.myfonts.com/collections/photowall-font-deartype/?tab=techSpecs
[2026-09-27T13:56:26Z] #1212 attempt=1/2 status=200 0.524s url=https://www.myfonts.com/products/galiano-complete-family-package-1226609
[2026-09-27T13:56:27Z] #1213 attempt=1/2 status=200 0.593s url=https://www.myfonts.com/collections/galiano-font-deartype/
[2026-09-27T13:56:28Z] #1214 attempt=1/2 status=200 0.646s url=https://www.myfonts.com/collections/galiano-font-deartype/?tab=techSpecs
[2026-09-27T13:56:30Z] #1215 attempt=1/2 status=200 0.383s url=https://www.myfonts.com/products/straight-line-complete-family-package-584042
[2026-09-27T13:56:31Z] #1216 attempt=1/2 status=200 0.425s url=https://www.myfonts.com/collections/straight-line-font-k-type/
[2026-09-27T13:56:32Z] #1217 attempt=1/2 status=200 0.371s url=https://www.myfonts.com/collections/straight-line-font-k-type/?tab=techSpecs
[2026-09-27T13:56:33Z] #1218 attempt=1/2 status=200 0.539s url=https://www.myfonts.com/products/book-italic-singel-202062
[2026-09-27T13:56:35Z] #1219 attempt=1/2 status=200 0.734s url=https://www.myfonts.com/collections/singel-font-fontfabric/
[2026-09-27T13:56:36Z] #1220 attempt=1/2 status=200 0.680s url=https://www.myfonts.com/collections/singel-font-fontfabric/?tab=techSpecs
[2026-09-27T13:56:37Z] #1221 attempt=1/2 status=200 0.443s url=https://www.myfonts.com/products/55-temper-wide-308497
[2026-09-27T13:56:38Z] #1222 attempt=1/2 status=200 0.452s url=https://www.myfonts.com/collections/temper-wide-font-ogj-type-design/
[2026-09-27T13:56:39Z] #1223 attempt=1/2 status=200 0.456s url=https://www.myfonts.com/collections/temper-wide-font-ogj-type-design/?tab=techSpecs
[2026-09-27T13:56:41Z] #1224 attempt=1/2 status=200 0.478s url=https://www.myfonts.com/products/75-black-caviar-darbee-legend-245130
[2026-09-27T13:56:42Z] #1225 attempt=1/2 status=200 0.469s url=https://www.myfonts.com/collections/darbee-legend-font-ogj-type-design/
[2026-09-27T13:56:43Z] #1226 attempt=1/2 status=200 0.430s url=https://www.myfonts.com/collections/darbee-legend-font-ogj-type-design/?tab=techSpecs
[2026-09-27T13:56:45Z] #1227 attempt=1/2 status=200 0.748s url=https://www.myfonts.com/products/extrawide-semibold-acme-gothic-199462
[2026-09-27T13:56:46Z] #1228 attempt=1/2 status=200 0.776s url=https://www.myfonts.com/collections/acme-gothic-font-mark-simonson/
[2026-09-27T13:56:47Z] #1229 attempt=1/2 status=200 0.446s url=https://www.myfonts.com/collections/acme-gothic-font-mark-simonson/?tab=techSpecs
[2026-09-27T13:56:48Z] #1230 attempt=1/2 status=200 0.570s url=https://www.myfonts.com/products/compressed-black-acme-gothic-199359
[2026-09-27T13:56:49Z] #1231 attempt=1/2 status=200 0.326s url=https://www.myfonts.com/collections/acme-gothic-font-mark-simonson/
[2026-09-27T13:56:50Z] #1232 attempt=1/2 status=200 0.281s url=https://www.myfonts.com/collections/acme-gothic-font-mark-simonson/?tab=techSpecs
[2026-09-27T13:56:52Z] #1233 attempt=1/2 status=200 0.411s url=https://www.myfonts.com/products/classic-thin-sugo-pro-197786
[2026-09-27T13:56:53Z] #1234 attempt=1/2 status=200 0.856s url=https://www.myfonts.com/collections/sugo-pro-font-zetafonts/
[2026-09-27T13:56:54Z] #1235 attempt=1/2 status=200 0.684s url=https://www.myfonts.com/collections/sugo-pro-font-zetafonts/?tab=techSpecs
[2026-09-27T13:56:56Z] #1236 attempt=1/2 status=200 0.426s url=https://www.myfonts.com/products/display-light-italic-sugo-pro-197699
[2026-09-27T13:56:56Z] #1237 attempt=1/2 status=200 0.332s url=https://www.myfonts.com/collections/sugo-pro-font-zetafonts/
[2026-09-27T13:56:57Z] #1238 attempt=1/2 status=200 0.342s url=https://www.myfonts.com/collections/sugo-pro-font-zetafonts/?tab=techSpecs
[2026-09-27T13:56:59Z] #1239 attempt=1/2 status=200 0.658s url=https://www.myfonts.com/products/alt-extra-light-italic-galeria-207454
[2026-09-27T13:57:00Z] #1240 attempt=1/2 status=200 0.689s url=https://www.myfonts.com/collections/galeria-font-latinotype/
[2026-09-27T13:57:01Z] #1241 attempt=1/2 status=200 0.543s url=https://www.myfonts.com/collections/galeria-font-latinotype/?tab=techSpecs
[2026-09-27T13:57:03Z] #1242 attempt=1/2 status=200 0.468s url=https://www.myfonts.com/products/extra-light-italic-galeria-207286
[2026-09-27T13:57:04Z] #1243 attempt=1/2 status=200 0.318s url=https://www.myfonts.com/collections/galeria-font-latinotype/
[2026-09-27T13:57:05Z] #1244 attempt=1/2 status=200 0.279s url=https://www.myfonts.com/collections/galeria-font-latinotype/?tab=techSpecs
[2026-09-27T13:57:07Z] #1245 attempt=1/2 status=200 1.003s url=https://www.myfonts.com/products/extrabold-etna-255821
[2026-09-27T13:57:09Z] #1246 attempt=1/2 status=200 1.142s url=https://www.myfonts.com/collections/etna-font-mark-simonson/
[2026-09-27T13:57:10Z] #1247 attempt=1/2 status=200 0.841s url=https://www.myfonts.com/collections/etna-font-mark-simonson/?tab=techSpecs
[2026-09-27T13:57:12Z] #1248 attempt=1/2 status=200 0.537s url=https://www.myfonts.com/products/76-italic-sequel-100-wide-264386
[2026-09-27T13:57:13Z] #1249 attempt=1/2 status=200 0.463s url=https://www.myfonts.com/collections/sequel-100-wide-font-ogj-type-design/
[2026-09-27T13:57:13Z] #1250 attempt=1/2 status=200 0.418s url=https://www.myfonts.com/collections/sequel-100-wide-font-ogj-type-design/?tab=techSpecs
[2026-09-27T13:57:15Z] #1251 attempt=1/2 status=200 0.608s url=https://www.myfonts.com/products/italic-etna-255772
[2026-09-27T13:57:16Z] #1252 attempt=1/2 status=200 0.778s url=https://www.myfonts.com/collections/etna-font-mark-simonson/
[2026-09-27T13:57:17Z] #1253 attempt=1/2 status=200 0.383s url=https://www.myfonts.com/collections/etna-font-mark-simonson/?tab=techSpecs
[2026-09-27T13:57:19Z] #1254 attempt=1/2 status=200 0.619s url=https://www.myfonts.com/products/light-italic-etna-255749
[2026-09-27T13:57:20Z] #1255 attempt=1/2 status=200 0.305s url=https://www.myfonts.com/collections/etna-font-mark-simonson/
[2026-09-27T13:57:21Z] #1256 attempt=1/2 status=200 0.837s url=https://www.myfonts.com/collections/etna-font-mark-simonson/?tab=techSpecs
[2026-09-27T13:57:23Z] #1257 attempt=1/2 status=200 0.457s url=https://www.myfonts.com/products/bold-parkside-204538
[2026-09-27T13:57:24Z] #1258 attempt=1/2 status=200 0.386s url=https://www.myfonts.com/collections/parkside-font-mark-simonson/
[2026-09-27T13:57:25Z] #1259 attempt=1/2 status=200 0.381s url=https://www.myfonts.com/collections/parkside-font-mark-simonson/?tab=techSpecs
[2026-09-27T13:57:27Z] #1260 attempt=1/2 status=200 0.539s url=https://www.myfonts.com/products/86-sequel-100-black-233622
[2026-09-27T13:57:28Z] #1261 attempt=1/2 status=200 0.586s url=https://www.myfonts.com/collections/sequel-100-black-font-ogj-type-design/
[2026-09-27T13:57:29Z] #1262 attempt=1/2 status=200 0.462s url=https://www.myfonts.com/collections/sequel-100-black-font-ogj-type-design/?tab=techSpecs
[2026-09-27T13:57:30Z] #1263 attempt=1/2 status=200 0.414s url=https://www.myfonts.com/products/black-parkside-204530
[2026-09-27T13:57:31Z] #1264 attempt=1/2 status=200 0.240s url=https://www.myfonts.com/collections/parkside-font-mark-simonson/
[2026-09-27T13:57:32Z] #1265 attempt=1/2 status=200 0.247s url=https://www.myfonts.com/collections/parkside-font-mark-simonson/?tab=techSpecs
[2026-09-27T13:57:34Z] #1266 attempt=1/2 status=200 0.897s url=https://www.myfonts.com/products/super-heavy-shapiro-584113
[2026-09-27T13:57:35Z] #1267 attempt=1/2 status=200 0.998s url=https://www.myfonts.com/collections/shapiro-font-ogj-type-design/
[2026-09-27T13:57:36Z] #1268 attempt=1/2 status=200 0.892s url=https://www.myfonts.com/collections/shapiro-font-ogj-type-design/?tab=techSpecs
[2026-09-27T13:57:38Z] #1269 attempt=1/2 status=200 0.640s url=https://www.myfonts.com/products/light-mancunium-583897
[2026-09-27T13:57:40Z] #1270 attempt=1/2 status=200 0.811s url=https://www.myfonts.com/collections/mancunium-font-k-type/
[2026-09-27T13:57:41Z] #1271 attempt=1/2 status=200 0.671s url=https://www.myfonts.com/collections/mancunium-font-k-type/?tab=techSpecs
[2026-09-27T13:57:43Z] #1272 attempt=1/2 status=200 0.478s url=https://www.myfonts.com/products/light-italic-grange-text-571248
[2026-09-27T13:57:43Z] #1273 attempt=1/2 status=200 0.509s url=https://www.myfonts.com/collections/grange-text-font-device/
[2026-09-27T13:57:44Z] #1274 attempt=1/2 status=200 0.480s url=https://www.myfonts.com/collections/grange-text-font-device/?tab=techSpecs
[2026-09-27T13:57:46Z] #1275 attempt=1/2 status=200 0.425s url=https://www.myfonts.com/products/medium-italic-urbane-adscript-568675
[2026-09-27T13:57:47Z] #1276 attempt=1/2 status=200 0.562s url=https://www.myfonts.com/collections/urbane-adscript-font-device/
[2026-09-27T13:57:48Z] #1277 attempt=1/2 status=200 0.529s url=https://www.myfonts.com/collections/urbane-adscript-font-device/?tab=techSpecs
[2026-09-27T13:57:50Z] #1278 attempt=1/2 status=200 0.985s url=https://www.myfonts.com/products/bold-italic-tt-autonomous-570348
[2026-09-27T13:57:52Z] #1279 attempt=1/2 status=200 1.482s url=https://www.myfonts.com/collections/tt-autonomous-font-typetype/
[2026-09-27T13:57:54Z] #1280 attempt=1/2 status=200 1.547s url=https://www.myfonts.com/collections/tt-autonomous-font-typetype/?tab=techSpecs
[2026-09-27T13:57:56Z] #1281 attempt=1/2 status=200 0.571s url=https://www.myfonts.com/products/light-italic-etna-587251
[2026-09-27T13:57:57Z] #1282 attempt=1/2 status=200 0.295s url=https://www.myfonts.com/collections/etna-font-mark-simonson/
[2026-09-27T13:57:58Z] #1283 attempt=1/2 status=200 0.312s url=https://www.myfonts.com/collections/etna-font-mark-simonson/?tab=techSpecs
[2026-09-27T13:58:00Z] #1284 attempt=1/2 status=200 0.582s url=https://www.myfonts.com/products/medium-extended-grange-rough-568543
[2026-09-27T13:58:01Z] #1285 attempt=1/2 status=200 1.164s url=https://www.myfonts.com/collections/grange-rough-font-device/
[2026-09-27T13:58:03Z] #1286 attempt=1/2 status=200 0.957s url=https://www.myfonts.com/collections/grange-rough-font-device/?tab=techSpecs
[2026-09-27T13:58:05Z] #1287 attempt=1/2 status=200 1.129s url=https://www.myfonts.com/products/text-condensed-heavy-italic-blacker-pro-215994
[2026-09-27T13:58:08Z] #1288 attempt=1/2 status=200 1.851s url=https://www.myfonts.com/collections/blacker-pro-font-zetafonts/
[2026-09-27T13:58:09Z] #1289 attempt=1/2 status=200 1.312s url=https://www.myfonts.com/collections/blacker-pro-font-zetafonts/?tab=techSpecs
[2026-09-27T13:58:12Z] #1290 attempt=1/2 status=200 0.652s url=https://www.myfonts.com/products/heavy-italic-squad-593245
[2026-09-27T13:58:13Z] #1291 attempt=1/2 status=200 0.951s url=https://www.myfonts.com/collections/squad-font-fontfabric/
[2026-09-27T13:58:14Z] #1292 attempt=1/2 status=200 0.765s url=https://www.myfonts.com/collections/squad-font-fontfabric/?tab=techSpecs
[2026-09-27T13:58:16Z] #1293 attempt=1/2 status=200 0.699s url=https://www.myfonts.com/products/narrow-bold-italic-argot-584342
[2026-09-27T13:58:18Z] #1294 attempt=1/2 status=200 0.980s url=https://www.myfonts.com/collections/argot-font-k-type/
[2026-09-27T13:58:19Z] #1295 attempt=1/2 status=200 0.890s url=https://www.myfonts.com/collections/argot-font-k-type/?tab=techSpecs
[2026-09-27T13:58:21Z] #1296 attempt=1/2 status=200 0.759s url=https://www.myfonts.com/products/black-italic-tt-ramillas-570921
[2026-09-27T13:58:23Z] #1297 attempt=1/2 status=200 1.150s url=https://www.myfonts.com/collections/tt-ramillas-font-typetype/
[2026-09-27T13:58:24Z] #1298 attempt=1/2 status=200 1.026s url=https://www.myfonts.com/collections/tt-ramillas-font-typetype/?tab=techSpecs
[2026-09-27T13:58:26Z] #1299 attempt=1/2 status=200 0.754s url=https://www.myfonts.com/products/regular-moderna-sans-568129
[2026-09-27T13:58:28Z] #1300 attempt=1/2 status=200 1.196s url=https://www.myfonts.com/collections/moderna-sans-font-latinotype/
[2026-09-27T13:58:29Z] #1301 attempt=1/2 status=200 0.977s url=https://www.myfonts.com/collections/moderna-sans-font-latinotype/?tab=techSpecs
[2026-09-27T13:58:32Z] #1302 attempt=1/6 status=200 0.903s url=https://www.myfonts.com/products.json?limit=100&page=60
[2026-09-27T13:58:33Z] #1303 attempt=1/2 status=200 0.639s url=https://www.myfonts.com/products/bold-alkes-587812
[2026-09-27T13:58:34Z] #1304 attempt=1/2 status=200 0.931s url=https://www.myfonts.com/collections/alkes-font-fontfabric/
[2026-09-27T13:58:35Z] #1305 attempt=1/2 status=200 0.674s url=https://www.myfonts.com/collections/alkes-font-fontfabric/?tab=techSpecs
[2026-09-27T13:58:37Z] #1306 attempt=1/2 status=200 0.404s url=https://www.myfonts.com/products/no-77-placard-jt-energy-584258
[2026-09-27T13:58:38Z] #1307 attempt=1/2 status=200 0.507s url=https://www.myfonts.com/collections/jt-energy-font-ogj-type-design/
[2026-09-27T13:58:39Z] #1308 attempt=1/2 status=200 0.463s url=https://www.myfonts.com/collections/jt-energy-font-ogj-type-design/?tab=techSpecs
[2026-09-27T13:58:41Z] #1309 attempt=1/2 status=200 0.338s url=https://www.myfonts.com/products/italic-argot-machine-904740
[2026-09-27T13:58:41Z] #1310 attempt=1/2 status=200 0.458s url=https://www.myfonts.com/collections/argot-machine-font-k-type/
[2026-09-27T13:58:42Z] #1311 attempt=1/2 status=200 0.340s url=https://www.myfonts.com/collections/argot-machine-font-k-type/?tab=techSpecs
[2026-09-27T13:58:44Z] #1312 attempt=1/2 status=200 0.445s url=https://www.myfonts.com/products/italic-downhill-dive-568176
[2026-09-27T13:58:45Z] #1313 attempt=1/2 status=200 0.386s url=https://www.myfonts.com/collections/downhill-dive-font-hanoded/
[2026-09-27T13:58:45Z] #1314 attempt=1/2 status=200 0.330s url=https://www.myfonts.com/collections/downhill-dive-font-hanoded/?tab=techSpecs
[2026-09-27T13:58:47Z] #1315 attempt=1/2 status=200 0.387s url=https://www.myfonts.com/products/regular-nouveau-crayon-584480
[2026-09-27T13:58:48Z] #1316 attempt=1/2 status=200 0.443s url=https://www.myfonts.com/collections/nouveau-crayon-font-hanoded/
[2026-09-27T13:58:49Z] #1317 attempt=1/2 status=200 0.411s url=https://www.myfonts.com/collections/nouveau-crayon-font-hanoded/?tab=techSpecs
[2026-09-27T13:58:51Z] #1318 attempt=1/6 status=200 0.791s url=https://www.myfonts.com/products.json?limit=100&page=61
[2026-09-27T13:58:53Z] #1319 attempt=1/6 status=200 1.153s url=https://www.myfonts.com/products.json?limit=100&page=62
[2026-09-27T13:58:54Z] #1320 attempt=1/2 status=200 0.414s url=https://www.myfonts.com/products/icon-tt-trailers-583410
[2026-09-27T13:58:55Z] #1321 attempt=1/2 status=200 0.653s url=https://www.myfonts.com/collections/tt-trailers-font-typetype/
[2026-09-27T13:58:56Z] #1322 attempt=1/2 status=200 0.590s url=https://www.myfonts.com/collections/tt-trailers-font-typetype/?tab=techSpecs
[2026-09-27T13:58:57Z] #1323 attempt=1/2 status=200 0.324s url=https://www.myfonts.com/products/light-parkside-204568
[2026-09-27T13:58:58Z] #1324 attempt=1/2 status=200 0.270s url=https://www.myfonts.com/collections/parkside-font-mark-simonson/
[2026-09-27T13:58:59Z] #1325 attempt=1/2 status=200 0.279s url=https://www.myfonts.com/collections/parkside-font-mark-simonson/?tab=techSpecs
[2026-09-27T13:59:01Z] #1326 attempt=1/2 status=200 0.781s url=https://www.myfonts.com/products/black-recoleta-202980
[2026-09-27T13:59:02Z] #1327 attempt=1/2 status=200 0.753s url=https://www.myfonts.com/collections/recoleta-font-latinotype/
[2026-09-27T13:59:03Z] #1328 attempt=1/2 status=200 0.711s url=https://www.myfonts.com/collections/recoleta-font-latinotype/?tab=techSpecs
[2026-09-27T13:59:05Z] #1329 attempt=1/2 status=200 0.422s url=https://www.myfonts.com/products/regular-singel-202104
[2026-09-27T13:59:05Z] #1330 attempt=1/2 status=200 0.238s url=https://www.myfonts.com/collections/singel-font-fontfabric/
[2026-09-27T13:59:06Z] #1331 attempt=1/2 status=200 0.295s url=https://www.myfonts.com/collections/singel-font-fontfabric/?tab=techSpecs
[2026-09-27T13:59:08Z] #1332 attempt=1/2 status=200 0.466s url=https://www.myfonts.com/products/alt-bold-italic-galeria-207552
[2026-09-27T13:59:09Z] #1333 attempt=1/2 status=200 0.286s url=https://www.myfonts.com/collections/galeria-font-latinotype/
[2026-09-27T13:59:09Z] #1334 attempt=1/2 status=200 0.269s url=https://www.myfonts.com/collections/galeria-font-latinotype/?tab=techSpecs
[2026-09-27T13:59:11Z] #1335 attempt=1/2 status=200 0.526s url=https://www.myfonts.com/products/alt-light-italic-galeria-207474
[2026-09-27T13:59:12Z] #1336 attempt=1/2 status=200 0.524s url=https://www.myfonts.com/collections/galeria-font-latinotype/
[2026-09-27T13:59:13Z] #1337 attempt=1/2 status=200 0.278s url=https://www.myfonts.com/collections/galeria-font-latinotype/?tab=techSpecs
[2026-09-27T13:59:15Z] #1338 attempt=1/2 status=200 0.477s url=https://www.myfonts.com/products/black-galeria-207407
[2026-09-27T13:59:15Z] #1339 attempt=1/2 status=200 0.284s url=https://www.myfonts.com/collections/galeria-font-latinotype/
[2026-09-27T13:59:16Z] #1340 attempt=1/2 status=200 0.300s url=https://www.myfonts.com/collections/galeria-font-latinotype/?tab=techSpecs
[2026-09-27T13:59:18Z] #1341 attempt=1/2 status=200 0.522s url=https://www.myfonts.com/products/wide-regular-acme-gothic-199566
[2026-09-27T13:59:19Z] #1342 attempt=1/2 status=200 0.287s url=https://www.myfonts.com/collections/acme-gothic-font-mark-simonson/
[2026-09-27T13:59:19Z] #1343 attempt=1/2 status=200 0.261s url=https://www.myfonts.com/collections/acme-gothic-font-mark-simonson/?tab=techSpecs
[2026-09-27T13:59:21Z] #1344 attempt=1/2 status=200 0.466s url=https://www.myfonts.com/products/extrawide-bold-acme-gothic-199444
[2026-09-27T13:59:22Z] #1345 attempt=1/2 status=200 0.296s url=https://www.myfonts.com/collections/acme-gothic-font-mark-simonson/
[2026-09-27T13:59:22Z] #1346 attempt=1/2 status=200 0.269s url=https://www.myfonts.com/collections/acme-gothic-font-mark-simonson/?tab=techSpecs
[2026-09-27T13:59:24Z] #1347 attempt=1/2 status=200 0.426s url=https://www.myfonts.com/products/compressed-semibold-acme-gothic-199379
[2026-09-27T13:59:25Z] #1348 attempt=1/2 status=200 0.284s url=https://www.myfonts.com/collections/acme-gothic-font-mark-simonson/
[2026-09-27T13:59:26Z] #1349 attempt=1/2 status=200 0.251s url=https://www.myfonts.com/collections/acme-gothic-font-mark-simonson/?tab=techSpecs
[2026-09-27T13:59:28Z] #1350 attempt=1/2 status=200 0.459s url=https://www.myfonts.com/products/display-thin-italic-sugo-pro-197615
[2026-09-27T13:59:28Z] #1351 attempt=1/2 status=200 0.229s url=https://www.myfonts.com/collections/sugo-pro-font-zetafonts/
[2026-09-27T13:59:29Z] #1352 attempt=1/2 status=200 0.295s url=https://www.myfonts.com/collections/sugo-pro-font-zetafonts/?tab=techSpecs
[2026-09-27T13:59:31Z] #1353 attempt=1/2 status=200 0.535s url=https://www.myfonts.com/products/condensed-regular-acme-gothic-199415
[2026-09-27T13:59:32Z] #1354 attempt=1/2 status=200 0.230s url=https://www.myfonts.com/collections/acme-gothic-font-mark-simonson/
[2026-09-27T13:59:33Z] #1355 attempt=1/2 status=200 0.303s url=https://www.myfonts.com/collections/acme-gothic-font-mark-simonson/?tab=techSpecs
[2026-09-27T13:59:34Z] #1356 attempt=1/2 status=200 0.492s url=https://www.myfonts.com/products/condensed-bold-acme-gothic-199406
[2026-09-27T13:59:35Z] #1357 attempt=1/2 status=200 0.286s url=https://www.myfonts.com/collections/acme-gothic-font-mark-simonson/
[2026-09-27T13:59:36Z] #1358 attempt=1/2 status=200 0.241s url=https://www.myfonts.com/collections/acme-gothic-font-mark-simonson/?tab=techSpecs
[2026-09-27T13:59:37Z] #1359 attempt=1/2 status=200 0.419s url=https://www.myfonts.com/products/classic-extra-light-italic-sugo-pro-197755
[2026-09-27T13:59:38Z] #1360 attempt=1/2 status=200 0.267s url=https://www.myfonts.com/collections/sugo-pro-font-zetafonts/
[2026-09-27T13:59:39Z] #1361 attempt=1/2 status=200 0.272s url=https://www.myfonts.com/collections/sugo-pro-font-zetafonts/?tab=techSpecs
[2026-09-27T13:59:41Z] #1362 attempt=1/2 status=200 0.409s url=https://www.myfonts.com/products/classic-light-italic-sugo-pro-197745
[2026-09-27T13:59:41Z] #1363 attempt=1/2 status=200 0.245s url=https://www.myfonts.com/collections/sugo-pro-font-zetafonts/
[2026-09-27T13:59:42Z] #1364 attempt=1/2 status=200 0.359s url=https://www.myfonts.com/collections/sugo-pro-font-zetafonts/?tab=techSpecs
[2026-09-27T13:59:45Z] #1365 attempt=1/6 status=200 1.139s url=https://www.myfonts.com/products.json?limit=100&page=63
[2026-09-27T13:59:46Z] #1366 attempt=1/2 status=200 0.516s url=https://www.myfonts.com/products/bold-italic-galeria-207398
[2026-09-27T13:59:46Z] #1367 attempt=1/2 status=200 0.317s url=https://www.myfonts.com/collections/galeria-font-latinotype/
[2026-09-27T13:59:47Z] #1368 attempt=1/2 status=200 0.283s url=https://www.myfonts.com/collections/galeria-font-latinotype/?tab=techSpecs
[2026-09-27T13:59:49Z] #1369 attempt=1/2 status=200 0.511s url=https://www.myfonts.com/products/light-galeria-207296
[2026-09-27T13:59:50Z] #1370 attempt=1/2 status=200 0.278s url=https://www.myfonts.com/collections/galeria-font-latinotype/
[2026-09-27T13:59:50Z] #1371 attempt=1/2 status=200 0.361s url=https://www.myfonts.com/collections/galeria-font-latinotype/?tab=techSpecs
[2026-09-27T13:59:52Z] #1372 attempt=1/2 status=200 0.436s url=https://www.myfonts.com/products/italic-radcliffe-hand-205485
[2026-09-27T13:59:53Z] #1373 attempt=1/2 status=200 0.471s url=https://www.myfonts.com/collections/radcliffe-hand-font-zetafonts/
[2026-09-27T13:59:54Z] #1374 attempt=1/2 status=200 0.388s url=https://www.myfonts.com/collections/radcliffe-hand-font-zetafonts/?tab=techSpecs
[2026-09-27T13:59:56Z] #1375 attempt=1/2 status=200 0.472s url=https://www.myfonts.com/products/72-heavy-shapiro-pro-211833
[2026-09-27T13:59:57Z] #1376 attempt=1/2 status=200 0.685s url=https://www.myfonts.com/collections/shapiro-pro-font-ogj-type-design/
[2026-09-27T13:59:58Z] #1377 attempt=1/2 status=200 0.470s url=https://www.myfonts.com/collections/shapiro-pro-font-ogj-type-design/?tab=techSpecs
[2026-09-27T13:59:59Z] #1378 attempt=1/2 status=200 0.379s url=https://www.myfonts.com/products/alt-regular-galeria-207484
[2026-09-27T14:00:00Z] #1379 attempt=1/2 status=200 0.334s url=https://www.myfonts.com/collections/galeria-font-latinotype/
[2026-09-27T14:00:01Z] #1380 attempt=1/2 status=200 0.346s url=https://www.myfonts.com/collections/galeria-font-latinotype/?tab=techSpecs
[2026-09-27T14:00:03Z] #1381 attempt=1/2 status=200 0.805s url=https://www.myfonts.com/products/alt-thin-italic-galeria-207439
[2026-09-27T14:00:04Z] #1382 attempt=1/2 status=200 0.311s url=https://www.myfonts.com/collections/galeria-font-latinotype/
[2026-09-27T14:00:05Z] #1383 attempt=1/2 status=200 0.252s url=https://www.myfonts.com/collections/galeria-font-latinotype/?tab=techSpecs
[2026-09-27T14:00:07Z] #1384 attempt=1/2 status=200 0.481s url=https://www.myfonts.com/products/black-acme-gothic-199577
[2026-09-27T14:00:07Z] #1385 attempt=1/2 status=200 0.340s url=https://www.myfonts.com/collections/acme-gothic-font-mark-simonson/
[2026-09-27T14:00:08Z] #1386 attempt=1/2 status=200 0.229s url=https://www.myfonts.com/collections/acme-gothic-font-mark-simonson/?tab=techSpecs
[2026-09-27T14:00:10Z] #1387 attempt=1/2 status=200 0.483s url=https://www.myfonts.com/products/wide-light-acme-gothic-199536
[2026-09-27T14:00:10Z] #1388 attempt=1/2 status=200 0.351s url=https://www.myfonts.com/collections/acme-gothic-font-mark-simonson/
[2026-09-27T14:00:11Z] #1389 attempt=1/2 status=200 0.295s url=https://www.myfonts.com/collections/acme-gothic-font-mark-simonson/?tab=techSpecs
[2026-09-27T14:00:13Z] #1390 attempt=1/2 status=200 0.433s url=https://www.myfonts.com/products/compressed-light-acme-gothic-199339
[2026-09-27T14:00:14Z] #1391 attempt=1/2 status=200 0.234s url=https://www.myfonts.com/collections/acme-gothic-font-mark-simonson/
[2026-09-27T14:00:14Z] #1392 attempt=1/2 status=200 0.238s url=https://www.myfonts.com/collections/acme-gothic-font-mark-simonson/?tab=techSpecs
[2026-09-27T14:00:16Z] #1393 attempt=1/2 status=200 0.471s url=https://www.myfonts.com/products/condensed-semibold-acme-gothic-199425
[2026-09-27T14:00:17Z] #1394 attempt=1/2 status=200 0.322s url=https://www.myfonts.com/collections/acme-gothic-font-mark-simonson/
[2026-09-27T14:00:17Z] #1395 attempt=1/2 status=200 0.258s url=https://www.myfonts.com/collections/acme-gothic-font-mark-simonson/?tab=techSpecs
[2026-09-27T14:00:19Z] #1396 attempt=1/2 status=200 0.452s url=https://www.myfonts.com/products/semi-bold-demo-singel-202131
[2026-09-27T14:00:20Z] #1397 attempt=1/2 status=200 0.243s url=https://www.myfonts.com/collections/singel-font-fontfabric/
[2026-09-27T14:00:21Z] #1398 attempt=1/2 status=200 0.284s url=https://www.myfonts.com/collections/singel-font-fontfabric/?tab=techSpecs
[2026-09-27T14:00:22Z] #1399 attempt=1/2 status=200 0.346s url=https://www.myfonts.com/products/thin-parkside-204578
[2026-09-27T14:00:23Z] #1400 attempt=1/2 status=200 0.261s url=https://www.myfonts.com/collections/parkside-font-mark-simonson/
[2026-09-27T14:00:24Z] #1401 attempt=1/2 status=200 0.332s url=https://www.myfonts.com/collections/parkside-font-mark-simonson/?tab=techSpecs
[2026-09-27T14:00:25Z] #1402 attempt=1/2 status=200 0.524s url=https://www.myfonts.com/products/classic-extra-light-sugo-pro-197728
[2026-09-27T14:00:26Z] #1403 attempt=1/2 status=200 0.257s url=https://www.myfonts.com/collections/sugo-pro-font-zetafonts/
[2026-09-27T14:00:27Z] #1404 attempt=1/2 status=200 0.269s url=https://www.myfonts.com/collections/sugo-pro-font-zetafonts/?tab=techSpecs
[2026-09-27T14:00:29Z] #1405 attempt=1/2 status=200 0.496s url=https://www.myfonts.com/products/regular-italic-galeria-207336
[2026-09-27T14:00:29Z] #1406 attempt=1/2 status=200 0.286s url=https://www.myfonts.com/collections/galeria-font-latinotype/
[2026-09-27T14:00:30Z] #1407 attempt=1/2 status=200 0.292s url=https://www.myfonts.com/collections/galeria-font-latinotype/?tab=techSpecs
[2026-09-27T14:00:32Z] #1408 attempt=1/2 status=200 0.468s url=https://www.myfonts.com/products/thin-galeria-207255
[2026-09-27T14:00:32Z] #1409 attempt=1/2 status=200 0.238s url=https://www.myfonts.com/collections/galeria-font-latinotype/
[2026-09-27T14:00:33Z] #1410 attempt=1/2 status=200 0.270s url=https://www.myfonts.com/collections/galeria-font-latinotype/?tab=techSpecs
[2026-09-27T14:00:35Z] #1411 attempt=1/2 status=200 0.391s url=https://www.myfonts.com/products/display-bold-sugo-pro-197658
[2026-09-27T14:00:36Z] #1412 attempt=1/2 status=200 0.295s url=https://www.myfonts.com/collections/sugo-pro-font-zetafonts/
[2026-09-27T14:00:36Z] #1413 attempt=1/2 status=200 0.284s url=https://www.myfonts.com/collections/sugo-pro-font-zetafonts/?tab=techSpecs
[2026-09-27T14:00:38Z] #1414 attempt=1/2 status=200 0.568s url=https://www.myfonts.com/products/wide-black-acme-gothic-199515
[2026-09-27T14:00:39Z] #1415 attempt=1/2 status=200 0.293s url=https://www.myfonts.com/collections/acme-gothic-font-mark-simonson/
[2026-09-27T14:00:40Z] #1416 attempt=1/2 status=200 0.238s url=https://www.myfonts.com/collections/acme-gothic-font-mark-simonson/?tab=techSpecs
[2026-09-27T14:00:41Z] #1417 attempt=1/2 status=200 0.445s url=https://www.myfonts.com/products/alt-bold-galeria-207541
[2026-09-27T14:00:42Z] #1418 attempt=1/2 status=200 0.281s url=https://www.myfonts.com/collections/galeria-font-latinotype/
[2026-09-27T14:00:43Z] #1419 attempt=1/2 status=200 0.271s url=https://www.myfonts.com/collections/galeria-font-latinotype/?tab=techSpecs
[2026-09-27T14:00:45Z] #1420 attempt=1/2 status=200 0.425s url=https://www.myfonts.com/products/alt-regular-italic-galeria-207494
[2026-09-27T14:00:45Z] #1421 attempt=1/2 status=200 0.278s url=https://www.myfonts.com/collections/galeria-font-latinotype/
[2026-09-27T14:00:46Z] #1422 attempt=1/2 status=200 0.256s url=https://www.myfonts.com/collections/galeria-font-latinotype/?tab=techSpecs
[2026-09-27T14:00:48Z] #1423 attempt=1/2 status=200 0.488s url=https://www.myfonts.com/products/semi-bold-italic-singel-202139
[2026-09-27T14:00:48Z] #1424 attempt=1/2 status=200 0.241s url=https://www.myfonts.com/collections/singel-font-fontfabric/
[2026-09-27T14:00:49Z] #1425 attempt=1/2 status=200 0.304s url=https://www.myfonts.com/collections/singel-font-fontfabric/?tab=techSpecs
[2026-09-27T14:00:51Z] #1426 attempt=1/2 status=200 0.496s url=https://www.myfonts.com/products/classic-bold-sugo-pro-197804
[2026-09-27T14:00:52Z] #1427 attempt=1/2 status=200 0.300s url=https://www.myfonts.com/collections/sugo-pro-font-zetafonts/
[2026-09-27T14:00:52Z] #1428 attempt=1/2 status=200 0.265s url=https://www.myfonts.com/collections/sugo-pro-font-zetafonts/?tab=techSpecs
[2026-09-27T14:00:54Z] #1429 attempt=1/2 status=200 0.494s url=https://www.myfonts.com/products/medium-italic-galeria-207356
[2026-09-27T14:00:55Z] #1430 attempt=1/2 status=200 0.251s url=https://www.myfonts.com/collections/galeria-font-latinotype/
[2026-09-27T14:00:56Z] #1431 attempt=1/2 status=200 0.326s url=https://www.myfonts.com/collections/galeria-font-latinotype/?tab=techSpecs
[2026-09-27T14:00:57Z] #1432 attempt=1/2 status=200 0.422s url=https://www.myfonts.com/products/sem-ibold-recoleta-203103
[2026-09-27T14:00:58Z] #1433 attempt=1/2 status=200 0.324s url=https://www.myfonts.com/collections/recoleta-font-latinotype/
[2026-09-27T14:00:59Z] #1434 attempt=1/2 status=200 0.333s url=https://www.myfonts.com/collections/recoleta-font-latinotype/?tab=techSpecs
[2026-09-27T14:01:01Z] #1435 attempt=1/2 status=200 0.554s url=https://www.myfonts.com/products/bold-singel-202053
[2026-09-27T14:01:01Z] #1436 attempt=1/2 status=200 0.231s url=https://www.myfonts.com/collections/singel-font-fontfabric/
[2026-09-27T14:01:02Z] #1437 attempt=1/2 status=200 0.277s url=https://www.myfonts.com/collections/singel-font-fontfabric/?tab=techSpecs
[2026-09-27T14:01:04Z] #1438 attempt=1/2 status=200 0.513s url=https://www.myfonts.com/products/light-acme-gothic-199482
[2026-09-27T14:01:05Z] #1439 attempt=1/2 status=200 0.235s url=https://www.myfonts.com/collections/acme-gothic-font-mark-simonson/
[2026-09-27T14:01:05Z] #1440 attempt=1/2 status=200 0.280s url=https://www.myfonts.com/collections/acme-gothic-font-mark-simonson/?tab=techSpecs
[2026-09-27T14:01:07Z] #1441 attempt=1/2 status=200 0.432s url=https://www.myfonts.com/products/bold-acme-gothic-199348
[2026-09-27T14:01:08Z] #1442 attempt=1/2 status=200 0.358s url=https://www.myfonts.com/collections/acme-gothic-font-mark-simonson/
[2026-09-27T14:01:09Z] #1443 attempt=1/2 status=200 0.306s url=https://www.myfonts.com/collections/acme-gothic-font-mark-simonson/?tab=techSpecs
[2026-09-27T14:01:11Z] #1444 attempt=1/2 status=200 0.592s url=https://www.myfonts.com/products/bold-text-jt-collect-258964
[2026-09-27T14:01:11Z] #1445 attempt=1/2 status=200 0.577s url=https://www.myfonts.com/collections/jt-collect-font-ogj-type-design/
[2026-09-27T14:01:12Z] #1446 attempt=1/2 status=200 0.434s url=https://www.myfonts.com/collections/jt-collect-font-ogj-type-design/?tab=techSpecs
[2026-09-27T14:01:14Z] #1447 attempt=1/2 status=200 0.658s url=https://www.myfonts.com/products/condensed-bold-etna-255886
[2026-09-27T14:01:15Z] #1448 attempt=1/2 status=200 0.322s url=https://www.myfonts.com/collections/etna-font-mark-simonson/
[2026-09-27T14:01:16Z] #1449 attempt=1/2 status=200 0.276s url=https://www.myfonts.com/collections/etna-font-mark-simonson/?tab=techSpecs
[2026-09-27T14:01:18Z] #1450 attempt=1/2 status=200 0.641s url=https://www.myfonts.com/products/bold-etna-255803
[2026-09-27T14:01:18Z] #1451 attempt=1/2 status=200 0.302s url=https://www.myfonts.com/collections/etna-font-mark-simonson/
[2026-09-27T14:01:19Z] #1452 attempt=1/2 status=200 0.309s url=https://www.myfonts.com/collections/etna-font-mark-simonson/?tab=techSpecs
[2026-09-27T14:01:21Z] #1453 attempt=1/2 status=200 0.625s url=https://www.myfonts.com/products/light-etna-255740
[2026-09-27T14:01:22Z] #1454 attempt=1/2 status=200 0.302s url=https://www.myfonts.com/collections/etna-font-mark-simonson/
[2026-09-27T14:01:23Z] #1455 attempt=1/2 status=200 0.269s url=https://www.myfonts.com/collections/etna-font-mark-simonson/?tab=techSpecs
[2026-09-27T14:01:25Z] #1456 attempt=1/2 status=200 0.432s url=https://www.myfonts.com/products/ex-text-sequel-rounded-245052
[2026-09-27T14:01:25Z] #1457 attempt=1/2 status=200 0.385s url=https://www.myfonts.com/collections/sequel-rounded-font-ogj-type-design/
[2026-09-27T14:01:26Z] #1458 attempt=1/2 status=200 0.406s url=https://www.myfonts.com/collections/sequel-rounded-font-ogj-type-design/?tab=techSpecs
[2026-09-27T14:01:28Z] #1459 attempt=1/2 status=200 0.439s url=https://www.myfonts.com/products/condensed-light-acme-gothic-199398
[2026-09-27T14:01:28Z] #1460 attempt=1/2 status=200 0.272s url=https://www.myfonts.com/collections/acme-gothic-font-mark-simonson/
[2026-09-27T14:01:29Z] #1461 attempt=1/2 status=200 0.243s url=https://www.myfonts.com/collections/acme-gothic-font-mark-simonson/?tab=techSpecs
[2026-09-27T14:01:31Z] #1462 attempt=1/2 status=200 0.395s url=https://www.myfonts.com/products/plus-shapiro-base-254378
[2026-09-27T14:01:32Z] #1463 attempt=1/2 status=200 0.431s url=https://www.myfonts.com/collections/shapiro-base-font-ogj-type-design/
[2026-09-27T14:01:32Z] #1464 attempt=1/2 status=200 0.499s url=https://www.myfonts.com/collections/shapiro-base-font-ogj-type-design/?tab=techSpecs
[2026-09-27T14:01:35Z] #1465 attempt=1/2 status=200 0.681s url=https://www.myfonts.com/products/x-condensed-bold-etna-255953
[2026-09-27T14:01:35Z] #1466 attempt=1/2 status=200 0.300s url=https://www.myfonts.com/collections/etna-font-mark-simonson/
[2026-09-27T14:01:36Z] #1467 attempt=1/2 status=200 0.387s url=https://www.myfonts.com/collections/etna-font-mark-simonson/?tab=techSpecs
[2026-09-27T14:01:38Z] #1468 attempt=1/2 status=200 0.557s url=https://www.myfonts.com/products/regular-galeria-207324
[2026-09-27T14:01:39Z] #1469 attempt=1/2 status=200 0.226s url=https://www.myfonts.com/collections/galeria-font-latinotype/
[2026-09-27T14:01:39Z] #1470 attempt=1/2 status=200 0.262s url=https://www.myfonts.com/collections/galeria-font-latinotype/?tab=techSpecs
[2026-09-27T14:01:41Z] #1471 attempt=1/2 status=200 0.449s url=https://www.myfonts.com/products/wide-semibold-acme-gothic-199544
[2026-09-27T14:01:42Z] #1472 attempt=1/2 status=200 0.295s url=https://www.myfonts.com/collections/acme-gothic-font-mark-simonson/
[2026-09-27T14:01:43Z] #1473 attempt=1/2 status=200 0.301s url=https://www.myfonts.com/collections/acme-gothic-font-mark-simonson/?tab=techSpecs
[2026-09-27T14:01:44Z] #1474 attempt=1/2 status=200 0.479s url=https://www.myfonts.com/products/alt-regular-recoleta-203097
[2026-09-27T14:01:45Z] #1475 attempt=1/2 status=200 0.310s url=https://www.myfonts.com/collections/recoleta-font-latinotype/
[2026-09-27T14:01:46Z] #1476 attempt=1/2 status=200 0.319s url=https://www.myfonts.com/collections/recoleta-font-latinotype/?tab=techSpecs
[2026-09-27T14:01:48Z] #1477 attempt=1/2 status=200 0.519s url=https://www.myfonts.com/products/semibold-acme-gothic-199504
[2026-09-27T14:01:48Z] #1478 attempt=1/2 status=200 0.279s url=https://www.myfonts.com/collections/acme-gothic-font-mark-simonson/
[2026-09-27T14:01:49Z] #1479 attempt=1/2 status=200 0.343s url=https://www.myfonts.com/collections/acme-gothic-font-mark-simonson/?tab=techSpecs
[2026-09-27T14:01:51Z] #1480 attempt=1/2 status=200 0.443s url=https://www.myfonts.com/products/alt-medium-italic-galeria-207514
[2026-09-27T14:01:52Z] #1481 attempt=1/2 status=200 0.346s url=https://www.myfonts.com/collections/galeria-font-latinotype/
[2026-09-27T14:01:52Z] #1482 attempt=1/2 status=200 0.289s url=https://www.myfonts.com/collections/galeria-font-latinotype/?tab=techSpecs
[2026-09-27T14:01:54Z] #1483 attempt=1/2 status=200 0.451s url=https://www.myfonts.com/products/alt-medium-galeria-207504
[2026-09-27T14:01:55Z] #1484 attempt=1/2 status=200 0.269s url=https://www.myfonts.com/collections/galeria-font-latinotype/
[2026-09-27T14:01:55Z] #1485 attempt=1/2 status=200 0.324s url=https://www.myfonts.com/collections/galeria-font-latinotype/?tab=techSpecs
[2026-09-27T14:01:57Z] #1486 attempt=1/2 status=200 0.456s url=https://www.myfonts.com/products/classic-bold-italic-sugo-pro-197764
[2026-09-27T14:01:58Z] #1487 attempt=1/2 status=200 0.291s url=https://www.myfonts.com/collections/sugo-pro-font-zetafonts/
[2026-09-27T14:01:59Z] #1488 attempt=1/2 status=200 0.246s url=https://www.myfonts.com/collections/sugo-pro-font-zetafonts/?tab=techSpecs
[2026-09-27T14:02:00Z] #1489 attempt=1/2 status=200 0.507s url=https://www.myfonts.com/products/extrawide-black-acme-gothic-199433
[2026-09-27T14:02:01Z] #1490 attempt=1/2 status=200 0.307s url=https://www.myfonts.com/collections/acme-gothic-font-mark-simonson/
[2026-09-27T14:02:02Z] #1491 attempt=1/2 status=200 0.289s url=https://www.myfonts.com/collections/acme-gothic-font-mark-simonson/?tab=techSpecs
[2026-09-27T14:02:04Z] #1492 attempt=1/2 status=200 0.620s url=https://www.myfonts.com/products/xx-condensed-regular-etna-255996
[2026-09-27T14:02:04Z] #1493 attempt=1/2 status=200 0.333s url=https://www.myfonts.com/collections/etna-font-mark-simonson/
[2026-09-27T14:02:05Z] #1494 attempt=1/2 status=200 0.299s url=https://www.myfonts.com/collections/etna-font-mark-simonson/?tab=techSpecs
[2026-09-27T14:02:07Z] #1495 attempt=1/2 status=200 0.405s url=https://www.myfonts.com/products/alt-semi-bold-italic-galeria-207533
[2026-09-27T14:02:08Z] #1496 attempt=1/2 status=200 0.399s url=https://www.myfonts.com/collections/galeria-font-latinotype/
[2026-09-27T14:02:08Z] #1497 attempt=1/2 status=200 0.307s url=https://www.myfonts.com/collections/galeria-font-latinotype/?tab=techSpecs
[2026-09-27T14:02:10Z] #1498 attempt=1/2 status=200 0.501s url=https://www.myfonts.com/products/semi-bold-italic-galeria-207376
[2026-09-27T14:02:11Z] #1499 attempt=1/2 status=200 0.277s url=https://www.myfonts.com/collections/galeria-font-latinotype/
[2026-09-27T14:02:12Z] #1500 attempt=1/2 status=200 0.263s url=https://www.myfonts.com/collections/galeria-font-latinotype/?tab=techSpecs
[2026-09-27T14:02:13Z] #1501 attempt=1/2 status=200 0.475s url=https://www.myfonts.com/products/semi-bold-galeria-207368
[2026-09-27T14:02:14Z] #1502 attempt=1/2 status=200 0.310s url=https://www.myfonts.com/collections/galeria-font-latinotype/
[2026-09-27T14:02:15Z] #1503 attempt=1/2 status=200 0.238s url=https://www.myfonts.com/collections/galeria-font-latinotype/?tab=techSpecs
[2026-09-27T14:02:17Z] #1504 attempt=1/2 status=200 0.567s url=https://www.myfonts.com/products/xx-condensed-extrabold-etna-256026
[2026-09-27T14:02:17Z] #1505 attempt=1/2 status=200 0.342s url=https://www.myfonts.com/collections/etna-font-mark-simonson/
[2026-09-27T14:02:18Z] #1506 attempt=1/2 status=200 0.318s url=https://www.myfonts.com/collections/etna-font-mark-simonson/?tab=techSpecs
[2026-09-27T14:02:20Z] #1507 attempt=1/2 status=200 0.448s url=https://www.myfonts.com/products/semi-bold-singel-202121
[2026-09-27T14:02:21Z] #1508 attempt=1/2 status=200 0.345s url=https://www.myfonts.com/collections/singel-font-fontfabric/
[2026-09-27T14:02:21Z] #1509 attempt=1/2 status=200 0.293s url=https://www.myfonts.com/collections/singel-font-fontfabric/?tab=techSpecs
[2026-09-27T14:02:23Z] #1510 attempt=1/2 status=200 0.558s url=https://www.myfonts.com/products/xx-condensed-bold-etna-256019
[2026-09-27T14:02:24Z] #1511 attempt=1/2 status=200 0.353s url=https://www.myfonts.com/collections/etna-font-mark-simonson/
[2026-09-27T14:02:25Z] #1512 attempt=1/2 status=200 0.268s url=https://www.myfonts.com/collections/etna-font-mark-simonson/?tab=techSpecs
[2026-09-27T14:02:26Z] #1513 attempt=1/2 status=200 0.430s url=https://www.myfonts.com/products/book-singel-202087
[2026-09-27T14:02:27Z] #1514 attempt=1/2 status=200 0.299s url=https://www.myfonts.com/collections/singel-font-fontfabric/
[2026-09-27T14:02:28Z] #1515 attempt=1/2 status=200 0.276s url=https://www.myfonts.com/collections/singel-font-fontfabric/?tab=techSpecs
[2026-09-27T14:02:30Z] #1516 attempt=1/2 status=200 0.672s url=https://www.myfonts.com/products/x-condensed-light-etna-255922
[2026-09-27T14:02:30Z] #1517 attempt=1/2 status=200 0.326s url=https://www.myfonts.com/collections/etna-font-mark-simonson/
[2026-09-27T14:02:31Z] #1518 attempt=1/2 status=200 0.298s url=https://www.myfonts.com/collections/etna-font-mark-simonson/?tab=techSpecs
[2026-09-27T14:02:33Z] #1519 attempt=1/2 status=200 0.393s url=https://www.myfonts.com/products/hairline-parkside-204548
[2026-09-27T14:02:34Z] #1520 attempt=1/2 status=200 0.267s url=https://www.myfonts.com/collections/parkside-font-mark-simonson/
[2026-09-27T14:02:35Z] #1521 attempt=1/2 status=200 0.299s url=https://www.myfonts.com/collections/parkside-font-mark-simonson/?tab=techSpecs
[2026-09-27T14:02:37Z] #1522 attempt=1/6 status=200 1.016s url=https://www.myfonts.com/products.json?limit=100&page=64
[2026-09-27T14:02:38Z] #1523 attempt=1/2 status=200 0.631s url=https://www.myfonts.com/products/condensed-black-etna-255907
[2026-09-27T14:02:39Z] #1524 attempt=1/2 status=200 0.274s url=https://www.myfonts.com/collections/etna-font-mark-simonson/
[2026-09-27T14:02:39Z] #1525 attempt=1/2 status=200 0.324s url=https://www.myfonts.com/collections/etna-font-mark-simonson/?tab=techSpecs
[2026-09-27T14:02:41Z] #1526 attempt=1/2 status=200 0.432s url=https://www.myfonts.com/products/classic-regular-sugo-pro-197794
[2026-09-27T14:02:42Z] #1527 attempt=1/2 status=200 0.274s url=https://www.myfonts.com/collections/sugo-pro-font-zetafonts/
[2026-09-27T14:02:43Z] #1528 attempt=1/2 status=200 0.266s url=https://www.myfonts.com/collections/sugo-pro-font-zetafonts/?tab=techSpecs
[2026-09-27T14:02:44Z] #1529 attempt=1/2 status=200 0.443s url=https://www.myfonts.com/products/display-regular-sugo-pro-197626
[2026-09-27T14:02:45Z] #1530 attempt=1/2 status=200 0.303s url=https://www.myfonts.com/collections/sugo-pro-font-zetafonts/
[2026-09-27T14:02:46Z] #1531 attempt=1/2 status=200 0.286s url=https://www.myfonts.com/collections/sugo-pro-font-zetafonts/?tab=techSpecs
[2026-09-27T14:02:47Z] #1532 attempt=1/2 status=200 0.423s url=https://www.myfonts.com/products/display-light-sugo-pro-197719
[2026-09-27T14:02:48Z] #1533 attempt=1/2 status=200 0.286s url=https://www.myfonts.com/collections/sugo-pro-font-zetafonts/
[2026-09-27T14:02:49Z] #1534 attempt=1/2 status=200 0.269s url=https://www.myfonts.com/collections/sugo-pro-font-zetafonts/?tab=techSpecs
[2026-09-27T14:02:51Z] #1535 attempt=1/2 status=200 0.548s url=https://www.myfonts.com/products/extrawide-regular-acme-gothic-199472
[2026-09-27T14:02:51Z] #1536 attempt=1/2 status=200 0.263s url=https://www.myfonts.com/collections/acme-gothic-font-mark-simonson/
[2026-09-27T14:02:52Z] #1537 attempt=1/2 status=200 0.296s url=https://www.myfonts.com/collections/acme-gothic-font-mark-simonson/?tab=techSpecs
[2026-09-27T14:02:54Z] #1538 attempt=1/2 status=200 0.415s url=https://www.myfonts.com/products/display-italic-sugo-pro-197709
[2026-09-27T14:02:54Z] #1539 attempt=1/2 status=200 0.272s url=https://www.myfonts.com/collections/sugo-pro-font-zetafonts/
[2026-09-27T14:02:55Z] #1540 attempt=1/2 status=200 0.310s url=https://www.myfonts.com/collections/sugo-pro-font-zetafonts/?tab=techSpecs
[2026-09-27T14:02:57Z] #1541 attempt=1/2 status=200 0.465s url=https://www.myfonts.com/products/extrawide-light-acme-gothic-199454
[2026-09-27T14:02:58Z] #1542 attempt=1/2 status=200 0.271s url=https://www.myfonts.com/collections/acme-gothic-font-mark-simonson/
[2026-09-27T14:02:58Z] #1543 attempt=1/2 status=200 0.287s url=https://www.myfonts.com/collections/acme-gothic-font-mark-simonson/?tab=techSpecs
[2026-09-27T14:03:00Z] #1544 attempt=1/2 status=200 0.499s url=https://www.myfonts.com/products/light-italic-singel-202097
[2026-09-27T14:03:01Z] #1545 attempt=1/2 status=200 0.266s url=https://www.myfonts.com/collections/singel-font-fontfabric/
[2026-09-27T14:03:01Z] #1546 attempt=1/2 status=200 0.241s url=https://www.myfonts.com/collections/singel-font-fontfabric/?tab=techSpecs
[2026-09-27T14:03:03Z] #1547 attempt=1/2 status=200 0.453s url=https://www.myfonts.com/products/classic-italic-sugo-pro-197777
[2026-09-27T14:03:04Z] #1548 attempt=1/2 status=200 0.307s url=https://www.myfonts.com/collections/sugo-pro-font-zetafonts/
[2026-09-27T14:03:05Z] #1549 attempt=1/2 status=200 0.303s url=https://www.myfonts.com/collections/sugo-pro-font-zetafonts/?tab=techSpecs
[2026-09-27T14:03:06Z] #1550 attempt=1/2 status=200 0.500s url=https://www.myfonts.com/products/display-extra-light-sugo-pro-197679
[2026-09-27T14:03:07Z] #1551 attempt=1/2 status=200 0.276s url=https://www.myfonts.com/collections/sugo-pro-font-zetafonts/
[2026-09-27T14:03:08Z] #1552 attempt=1/2 status=200 0.298s url=https://www.myfonts.com/collections/sugo-pro-font-zetafonts/?tab=techSpecs
[2026-09-27T14:03:10Z] #1553 attempt=1/2 status=200 0.459s url=https://www.myfonts.com/products/bold-italic-singel-202070
[2026-09-27T14:03:10Z] #1554 attempt=1/2 status=200 0.279s url=https://www.myfonts.com/collections/singel-font-fontfabric/
[2026-09-27T14:03:11Z] #1555 attempt=1/2 status=200 0.249s url=https://www.myfonts.com/collections/singel-font-fontfabric/?tab=techSpecs
[2026-09-27T14:03:13Z] #1556 attempt=1/2 status=200 0.458s url=https://www.myfonts.com/products/display-thin-sugo-pro-197637
[2026-09-27T14:03:13Z] #1557 attempt=1/2 status=200 0.282s url=https://www.myfonts.com/collections/sugo-pro-font-zetafonts/
[2026-09-27T14:03:14Z] #1558 attempt=1/2 status=200 0.233s url=https://www.myfonts.com/collections/sugo-pro-font-zetafonts/?tab=techSpecs
[2026-09-27T14:03:16Z] #1559 attempt=1/2 status=200 0.503s url=https://www.myfonts.com/products/regular-acme-gothic-199492
[2026-09-27T14:03:16Z] #1560 attempt=1/2 status=200 0.279s url=https://www.myfonts.com/collections/acme-gothic-font-mark-simonson/
[2026-09-27T14:03:17Z] #1561 attempt=1/2 status=200 0.293s url=https://www.myfonts.com/collections/acme-gothic-font-mark-simonson/?tab=techSpecs
[2026-09-27T14:03:19Z] #1562 attempt=1/2 status=200 0.517s url=https://www.myfonts.com/products/alt-black-galeria-207562
[2026-09-27T14:03:20Z] #1563 attempt=1/2 status=200 0.263s url=https://www.myfonts.com/collections/galeria-font-latinotype/
[2026-09-27T14:03:21Z] #1564 attempt=1/2 status=200 0.284s url=https://www.myfonts.com/collections/galeria-font-latinotype/?tab=techSpecs
[2026-09-27T14:03:22Z] #1565 attempt=1/2 status=200 0.509s url=https://www.myfonts.com/products/regular-italic-singel-202115
[2026-09-27T14:03:23Z] #1566 attempt=1/2 status=200 0.244s url=https://www.myfonts.com/collections/singel-font-fontfabric/
[2026-09-27T14:03:24Z] #1567 attempt=1/2 status=200 0.305s url=https://www.myfonts.com/collections/singel-font-fontfabric/?tab=techSpecs
[2026-09-27T14:03:26Z] #1568 attempt=1/2 status=200 0.514s url=https://www.myfonts.com/products/light-singel-202076
[2026-09-27T14:03:26Z] #1569 attempt=1/2 status=200 0.269s url=https://www.myfonts.com/collections/singel-font-fontfabric/
[2026-09-27T14:03:27Z] #1570 attempt=1/2 status=200 0.301s url=https://www.myfonts.com/collections/singel-font-fontfabric/?tab=techSpecs
[2026-09-27T14:03:29Z] #1571 attempt=1/2 status=200 0.357s url=https://www.myfonts.com/products/regular-parkside-204559
[2026-09-27T14:03:29Z] #1572 attempt=1/2 status=200 0.241s url=https://www.myfonts.com/collections/parkside-font-mark-simonson/
[2026-09-27T14:03:30Z] #1573 attempt=1/2 status=200 0.249s url=https://www.myfonts.com/collections/parkside-font-mark-simonson/?tab=techSpecs
[2026-09-27T14:03:32Z] #1574 attempt=1/2 status=200 0.440s url=https://www.myfonts.com/products/black-italic-galeria-207417
[2026-09-27T14:03:32Z] #1575 attempt=1/2 status=200 0.311s url=https://www.myfonts.com/collections/galeria-font-latinotype/
[2026-09-27T14:03:33Z] #1576 attempt=1/2 status=200 0.265s url=https://www.myfonts.com/collections/galeria-font-latinotype/?tab=techSpecs
[2026-09-27T14:03:35Z] #1577 attempt=1/2 status=200 0.318s url=https://www.myfonts.com/products/bold-radcliffe-hand-205476
[2026-09-27T14:03:35Z] #1578 attempt=1/2 status=200 0.392s url=https://www.myfonts.com/collections/radcliffe-hand-font-zetafonts/
[2026-09-27T14:03:36Z] #1579 attempt=1/2 status=200 0.257s url=https://www.myfonts.com/collections/radcliffe-hand-font-zetafonts/?tab=techSpecs
[2026-09-27T14:03:38Z] #1580 attempt=1/2 status=200 0.509s url=https://www.myfonts.com/products/medium-galeria-207347
[2026-09-27T14:03:39Z] #1581 attempt=1/2 status=200 0.277s url=https://www.myfonts.com/collections/galeria-font-latinotype/
[2026-09-27T14:03:39Z] #1582 attempt=1/2 status=200 0.297s url=https://www.myfonts.com/collections/galeria-font-latinotype/?tab=techSpecs
[2026-09-27T14:03:41Z] #1583 attempt=1/2 status=200 0.482s url=https://www.myfonts.com/products/wide-bold-acme-gothic-199528
[2026-09-27T14:03:42Z] #1584 attempt=1/2 status=200 0.294s url=https://www.myfonts.com/collections/acme-gothic-font-mark-simonson/
[2026-09-27T14:03:43Z] #1585 attempt=1/2 status=200 0.333s url=https://www.myfonts.com/collections/acme-gothic-font-mark-simonson/?tab=techSpecs
[2026-09-27T14:03:44Z] #1586 attempt=1/2 status=200 0.442s url=https://www.myfonts.com/products/extra-light-galeria-207275
[2026-09-27T14:03:45Z] #1587 attempt=1/2 status=200 0.293s url=https://www.myfonts.com/collections/galeria-font-latinotype/
[2026-09-27T14:03:46Z] #1588 attempt=1/2 status=200 0.280s url=https://www.myfonts.com/collections/galeria-font-latinotype/?tab=techSpecs
[2026-09-27T14:03:48Z] #1589 attempt=1/2 status=200 0.498s url=https://www.myfonts.com/products/condensed-black-acme-gothic-199388
[2026-09-27T14:03:48Z] #1590 attempt=1/2 status=200 0.243s url=https://www.myfonts.com/collections/acme-gothic-font-mark-simonson/
[2026-09-27T14:03:49Z] #1591 attempt=1/2 status=200 0.275s url=https://www.myfonts.com/collections/acme-gothic-font-mark-simonson/?tab=techSpecs
[2026-09-27T14:03:51Z] #1592 attempt=1/2 status=200 0.365s url=https://www.myfonts.com/products/regular-radcliffe-hand-205541
[2026-09-27T14:03:51Z] #1593 attempt=1/2 status=200 0.251s url=https://www.myfonts.com/collections/radcliffe-hand-font-zetafonts/
[2026-09-27T14:03:52Z] #1594 attempt=1/2 status=200 0.227s url=https://www.myfonts.com/collections/radcliffe-hand-font-zetafonts/?tab=techSpecs
[2026-09-27T14:03:54Z] #1595 attempt=1/2 status=200 0.398s url=https://www.myfonts.com/products/bold-italic-radcliffe-hand-205521
[2026-09-27T14:03:54Z] #1596 attempt=1/2 status=200 0.238s url=https://www.myfonts.com/collections/radcliffe-hand-font-zetafonts/
[2026-09-27T14:03:55Z] #1597 attempt=1/2 status=200 0.285s url=https://www.myfonts.com/collections/radcliffe-hand-font-zetafonts/?tab=techSpecs
[2026-09-27T14:03:57Z] #1598 attempt=1/2 status=200 0.360s url=https://www.myfonts.com/products/display-extra-light-italic-sugo-pro-197689
[2026-09-27T14:03:57Z] #1599 attempt=1/2 status=200 0.249s url=https://www.myfonts.com/collections/sugo-pro-font-zetafonts/
[2026-09-27T14:03:58Z] #1600 attempt=1/2 status=200 0.282s url=https://www.myfonts.com/collections/sugo-pro-font-zetafonts/?tab=techSpecs
[2026-09-27T14:04:00Z] #1601 attempt=1/2 status=200 0.390s url=https://www.myfonts.com/products/script-regular-radcliffe-hand-205494
[2026-09-27T14:04:00Z] #1602 attempt=1/2 status=200 0.259s url=https://www.myfonts.com/collections/radcliffe-hand-font-zetafonts/
[2026-09-27T14:04:01Z] #1603 attempt=1/2 status=200 0.278s url=https://www.myfonts.com/collections/radcliffe-hand-font-zetafonts/?tab=techSpecs
[2026-09-27T14:04:03Z] #1604 attempt=1/2 status=200 0.401s url=https://www.myfonts.com/products/compressed-regular-acme-gothic-199368
[2026-09-27T14:04:03Z] #1605 attempt=1/2 status=200 0.287s url=https://www.myfonts.com/collections/acme-gothic-font-mark-simonson/
[2026-09-27T14:04:04Z] #1606 attempt=1/2 status=200 0.268s url=https://www.myfonts.com/collections/acme-gothic-font-mark-simonson/?tab=techSpecs
[2026-09-27T14:04:06Z] #1607 attempt=1/2 status=200 0.438s url=https://www.myfonts.com/products/display-bold-italic-sugo-pro-197667
[2026-09-27T14:04:07Z] #1608 attempt=1/2 status=200 0.350s url=https://www.myfonts.com/collections/sugo-pro-font-zetafonts/
[2026-09-27T14:04:07Z] #1609 attempt=1/2 status=200 0.256s url=https://www.myfonts.com/collections/sugo-pro-font-zetafonts/?tab=techSpecs
[2026-09-27T14:04:09Z] #1610 attempt=1/2 status=200 0.431s url=https://www.myfonts.com/products/compressed-bold-acme-gothic-199329
[2026-09-27T14:04:10Z] #1611 attempt=1/2 status=200 0.239s url=https://www.myfonts.com/collections/acme-gothic-font-mark-simonson/
[2026-09-27T14:04:10Z] #1612 attempt=1/2 status=200 0.223s url=https://www.myfonts.com/collections/acme-gothic-font-mark-simonson/?tab=techSpecs
[2026-09-27T14:04:12Z] #1613 attempt=1/2 status=200 0.437s url=https://www.myfonts.com/products/light-italic-galeria-207314
[2026-09-27T14:04:13Z] #1614 attempt=1/2 status=200 0.266s url=https://www.myfonts.com/collections/galeria-font-latinotype/
[2026-09-27T14:04:13Z] #1615 attempt=1/2 status=200 0.262s url=https://www.myfonts.com/collections/galeria-font-latinotype/?tab=techSpecs
[2026-09-27T14:04:15Z] #1616 attempt=1/2 status=200 0.461s url=https://www.myfonts.com/products/classic-light-sugo-pro-197735
[2026-09-27T14:04:16Z] #1617 attempt=1/2 status=200 0.283s url=https://www.myfonts.com/collections/sugo-pro-font-zetafonts/
[2026-09-27T14:04:16Z] #1618 attempt=1/2 status=200 0.276s url=https://www.myfonts.com/collections/sugo-pro-font-zetafonts/?tab=techSpecs
[2026-09-27T14:04:18Z] #1619 attempt=1/2 status=200 0.422s url=https://www.myfonts.com/products/classic-thin-italic-sugo-pro-197647
[2026-09-27T14:04:19Z] #1620 attempt=1/2 status=200 0.279s url=https://www.myfonts.com/collections/sugo-pro-font-zetafonts/
[2026-09-27T14:04:20Z] #1621 attempt=1/2 status=200 0.234s url=https://www.myfonts.com/collections/sugo-pro-font-zetafonts/?tab=techSpecs
[2026-09-27T14:04:21Z] #1622 attempt=1/2 status=200 0.407s url=https://www.myfonts.com/products/alt-light-galeria-207465
[2026-09-27T14:04:22Z] #1623 attempt=1/2 status=200 0.244s url=https://www.myfonts.com/collections/galeria-font-latinotype/
[2026-09-27T14:04:23Z] #1624 attempt=1/2 status=200 0.293s url=https://www.myfonts.com/collections/galeria-font-latinotype/?tab=techSpecs
[2026-09-27T14:04:25Z] #1625 attempt=1/2 status=200 0.471s url=https://www.myfonts.com/products/alt-extra-light-galeria-207446
[2026-09-27T14:04:25Z] #1626 attempt=1/2 status=200 0.304s url=https://www.myfonts.com/collections/galeria-font-latinotype/
[2026-09-27T14:04:26Z] #1627 attempt=1/2 status=200 0.276s url=https://www.myfonts.com/collections/galeria-font-latinotype/?tab=techSpecs
[2026-09-27T14:04:28Z] #1628 attempt=1/2 status=200 0.540s url=https://www.myfonts.com/products/xx-condensed-black-etna-256039
[2026-09-27T14:04:28Z] #1629 attempt=1/2 status=200 0.290s url=https://www.myfonts.com/collections/etna-font-mark-simonson/
[2026-09-27T14:04:29Z] #1630 attempt=1/2 status=200 0.313s url=https://www.myfonts.com/collections/etna-font-mark-simonson/?tab=techSpecs
[2026-09-27T14:04:31Z] #1631 attempt=1/2 status=200 0.485s url=https://www.myfonts.com/products/alt-thin-galeria-207430
[2026-09-27T14:04:32Z] #1632 attempt=1/2 status=200 0.266s url=https://www.myfonts.com/collections/galeria-font-latinotype/
[2026-09-27T14:04:33Z] #1633 attempt=1/2 status=200 0.334s url=https://www.myfonts.com/collections/galeria-font-latinotype/?tab=techSpecs
[2026-09-27T14:04:35Z] #1634 attempt=1/2 status=200 0.662s url=https://www.myfonts.com/products/x-condensed-extrabold-etna-255963
[2026-09-27T14:04:35Z] #1635 attempt=1/2 status=200 0.311s url=https://www.myfonts.com/collections/etna-font-mark-simonson/
[2026-09-27T14:04:36Z] #1636 attempt=1/2 status=200 0.313s url=https://www.myfonts.com/collections/etna-font-mark-simonson/?tab=techSpecs
[2026-09-27T14:04:38Z] #1637 attempt=1/2 status=200 0.415s url=https://www.myfonts.com/products/bold-galeria-207389
[2026-09-27T14:04:38Z] #1638 attempt=1/2 status=200 0.224s url=https://www.myfonts.com/collections/galeria-font-latinotype/
[2026-09-27T14:04:39Z] #1639 attempt=1/2 status=200 0.282s url=https://www.myfonts.com/collections/galeria-font-latinotype/?tab=techSpecs
[2026-09-27T14:04:41Z] #1640 attempt=1/2 status=200 0.743s url=https://www.myfonts.com/products/x-condensed-semibold-etna-255942
[2026-09-27T14:04:42Z] #1641 attempt=1/2 status=200 0.340s url=https://www.myfonts.com/collections/etna-font-mark-simonson/
[2026-09-27T14:04:43Z] #1642 attempt=1/2 status=200 0.267s url=https://www.myfonts.com/collections/etna-font-mark-simonson/?tab=techSpecs
[2026-09-27T14:04:45Z] #1643 attempt=1/2 status=200 0.477s url=https://www.myfonts.com/products/thin-italic-galeria-207266
[2026-09-27T14:04:45Z] #1644 attempt=1/2 status=200 0.366s url=https://www.myfonts.com/collections/galeria-font-latinotype/
[2026-09-27T14:04:46Z] #1645 attempt=1/2 status=200 0.279s url=https://www.myfonts.com/collections/galeria-font-latinotype/?tab=techSpecs
[2026-09-27T14:04:48Z] #1646 attempt=1/2 status=200 0.490s url=https://www.myfonts.com/products/alt-black-italic-galeria-207572
[2026-09-27T14:04:49Z] #1647 attempt=1/2 status=200 0.668s url=https://www.myfonts.com/collections/galeria-font-latinotype/
[2026-09-27T14:04:50Z] #1648 attempt=1/2 status=200 0.281s url=https://www.myfonts.com/collections/galeria-font-latinotype/?tab=techSpecs
[2026-09-27T14:04:51Z] #1649 attempt=1/2 status=200 0.466s url=https://www.myfonts.com/products/alt-semi-bold-galeria-207524
[2026-09-27T14:04:52Z] #1650 attempt=1/2 status=200 0.267s url=https://www.myfonts.com/collections/galeria-font-latinotype/
[2026-09-27T14:04:53Z] #1651 attempt=1/2 status=200 0.581s url=https://www.myfonts.com/collections/galeria-font-latinotype/?tab=techSpecs
[2026-09-27T14:04:55Z] #1652 attempt=1/2 status=200 0.519s url=https://www.myfonts.com/products/black-etna-255837
[2026-09-27T14:04:56Z] #1653 attempt=1/2 status=200 0.289s url=https://www.myfonts.com/collections/etna-font-mark-simonson/
[2026-09-27T14:04:56Z] #1654 attempt=1/2 status=200 0.302s url=https://www.myfonts.com/collections/etna-font-mark-simonson/?tab=techSpecs
[2026-09-27T14:04:59Z] #1655 attempt=1/2 status=200 0.617s url=https://www.myfonts.com/products/regular-etna-255760
[2026-09-27T14:04:59Z] #1656 attempt=1/2 status=200 0.253s url=https://www.myfonts.com/collections/etna-font-mark-simonson/
[2026-09-27T14:05:00Z] #1657 attempt=1/2 status=200 0.359s url=https://www.myfonts.com/collections/etna-font-mark-simonson/?tab=techSpecs
[2026-09-27T14:05:03Z] #1658 attempt=1/2 status=200 1.614s url=https://www.myfonts.com/products/black-outline-tt-lakes-neue-265166
[2026-09-27T14:05:05Z] #1659 attempt=1/2 status=200 2.081s url=https://www.myfonts.com/collections/tt-lakes-neue-font-typetype/
[2026-09-27T14:05:08Z] #1660 attempt=1/2 status=200 2.038s url=https://www.myfonts.com/collections/tt-lakes-neue-font-typetype/?tab=techSpecs
[2026-09-27T14:05:10Z] #1661 attempt=1/2 status=200 0.606s url=https://www.myfonts.com/products/condensed-semibold-etna-255876
[2026-09-27T14:05:11Z] #1662 attempt=1/2 status=200 0.321s url=https://www.myfonts.com/collections/etna-font-mark-simonson/
[2026-09-27T14:05:12Z] #1663 attempt=1/2 status=200 0.322s url=https://www.myfonts.com/collections/etna-font-mark-simonson/?tab=techSpecs
[2026-09-27T14:05:14Z] #1664 attempt=1/2 status=200 0.559s url=https://www.myfonts.com/products/regular-tt-trailers-256041
[2026-09-27T14:05:14Z] #1665 attempt=1/2 status=200 0.280s url=https://www.myfonts.com/collections/tt-trailers-font-typetype/
[2026-09-27T14:05:15Z] #1666 attempt=1/2 status=200 0.285s url=https://www.myfonts.com/collections/tt-trailers-font-typetype/?tab=techSpecs
[2026-09-27T14:05:17Z] #1667 attempt=1/2 status=200 0.690s url=https://www.myfonts.com/products/condensed-regular-etna-255866
[2026-09-27T14:05:18Z] #1668 attempt=1/2 status=200 0.336s url=https://www.myfonts.com/collections/etna-font-mark-simonson/
[2026-09-27T14:05:19Z] #1669 attempt=1/2 status=200 0.339s url=https://www.myfonts.com/collections/etna-font-mark-simonson/?tab=techSpecs
[2026-09-27T14:05:21Z] #1670 attempt=1/2 status=200 0.652s url=https://www.myfonts.com/products/xx-condensed-light-etna-255985
[2026-09-27T14:05:21Z] #1671 attempt=1/2 status=200 0.281s url=https://www.myfonts.com/collections/etna-font-mark-simonson/
[2026-09-27T14:05:22Z] #1672 attempt=1/2 status=200 0.332s url=https://www.myfonts.com/collections/etna-font-mark-simonson/?tab=techSpecs
[2026-09-27T14:05:24Z] #1673 attempt=1/2 status=200 0.601s url=https://www.myfonts.com/products/thin-tt-smalls-430791
[2026-09-27T14:05:25Z] #1674 attempt=1/2 status=200 0.808s url=https://www.myfonts.com/collections/tt-smalls-font-typetype/
[2026-09-27T14:05:26Z] #1675 attempt=1/2 status=200 0.613s url=https://www.myfonts.com/collections/tt-smalls-font-typetype/?tab=techSpecs
[2026-09-27T14:05:28Z] #1676 attempt=1/2 status=200 0.502s url=https://www.myfonts.com/products/xx-condensed-semibold-etna-256007
[2026-09-27T14:05:29Z] #1677 attempt=1/2 status=200 0.341s url=https://www.myfonts.com/collections/etna-font-mark-simonson/
[2026-09-27T14:05:30Z] #1678 attempt=1/2 status=200 0.320s url=https://www.myfonts.com/collections/etna-font-mark-simonson/?tab=techSpecs
[2026-09-27T14:05:32Z] #1679 attempt=1/2 status=200 0.675s url=https://www.myfonts.com/products/extrabold-italic-etna-255829
[2026-09-27T14:05:32Z] #1680 attempt=1/2 status=200 0.332s url=https://www.myfonts.com/collections/etna-font-mark-simonson/
[2026-09-27T14:05:33Z] #1681 attempt=1/2 status=200 0.349s url=https://www.myfonts.com/collections/etna-font-mark-simonson/?tab=techSpecs
[2026-09-27T14:05:35Z] #1682 attempt=1/2 status=200 0.726s url=https://www.myfonts.com/products/x-condensed-regular-etna-255930
[2026-09-27T14:05:36Z] #1683 attempt=1/2 status=200 0.333s url=https://www.myfonts.com/collections/etna-font-mark-simonson/
[2026-09-27T14:05:37Z] #1684 attempt=1/2 status=200 0.305s url=https://www.myfonts.com/collections/etna-font-mark-simonson/?tab=techSpecs
[2026-09-27T14:05:39Z] #1685 attempt=1/2 status=200 0.601s url=https://www.myfonts.com/products/semibold-italic-etna-255793
[2026-09-27T14:05:40Z] #1686 attempt=1/2 status=200 0.327s url=https://www.myfonts.com/collections/etna-font-mark-simonson/
[2026-09-27T14:05:40Z] #1687 attempt=1/2 status=200 0.318s url=https://www.myfonts.com/collections/etna-font-mark-simonson/?tab=techSpecs
[2026-09-27T14:05:42Z] #1688 attempt=1/2 status=200 0.609s url=https://www.myfonts.com/products/italic-demo-cocogoose-classic-437922
[2026-09-27T14:05:44Z] #1689 attempt=1/2 status=200 0.813s url=https://www.myfonts.com/collections/cocogoose-classic-font-zetafonts/
[2026-09-27T14:05:45Z] #1690 attempt=1/2 status=200 0.533s url=https://www.myfonts.com/collections/cocogoose-classic-font-zetafonts/?tab=techSpecs
[2026-09-27T14:05:46Z] #1691 attempt=1/2 status=200 0.610s url=https://www.myfonts.com/products/condensed-extrabold-etna-255895
[2026-09-27T14:05:47Z] #1692 attempt=1/2 status=200 0.278s url=https://www.myfonts.com/collections/etna-font-mark-simonson/
[2026-09-27T14:05:48Z] #1693 attempt=1/2 status=200 0.368s url=https://www.myfonts.com/collections/etna-font-mark-simonson/?tab=techSpecs
[2026-09-27T14:05:50Z] #1694 attempt=1/2 status=200 0.866s url=https://www.myfonts.com/products/black-outline-italic-tt-lakes-neue-265156
[2026-09-27T14:05:51Z] #1695 attempt=1/2 status=200 0.403s url=https://www.myfonts.com/collections/tt-lakes-neue-font-typetype/
[2026-09-27T14:05:52Z] #1696 attempt=1/2 status=200 0.432s url=https://www.myfonts.com/collections/tt-lakes-neue-font-typetype/?tab=techSpecs
[2026-09-27T14:05:54Z] #1697 attempt=1/2 status=200 0.738s url=https://www.myfonts.com/products/semibold-etna-255781
[2026-09-27T14:05:55Z] #1698 attempt=1/2 status=200 0.300s url=https://www.myfonts.com/collections/etna-font-mark-simonson/
[2026-09-27T14:05:56Z] #1699 attempt=1/2 status=200 0.374s url=https://www.myfonts.com/collections/etna-font-mark-simonson/?tab=techSpecs
[2026-09-27T14:05:58Z] #1700 attempt=1/2 status=200 0.688s url=https://www.myfonts.com/products/black-italic-etna-255845
[2026-09-27T14:05:59Z] #1701 attempt=1/2 status=200 0.360s url=https://www.myfonts.com/collections/etna-font-mark-simonson/
[2026-09-27T14:06:00Z] #1702 attempt=1/2 status=200 0.344s url=https://www.myfonts.com/collections/etna-font-mark-simonson/?tab=techSpecs
[2026-09-27T14:06:02Z] #1703 attempt=1/2 status=200 0.733s url=https://www.myfonts.com/products/x-condensed-black-etna-255974
[2026-09-27T14:06:02Z] #1704 attempt=1/2 status=200 0.289s url=https://www.myfonts.com/collections/etna-font-mark-simonson/
[2026-09-27T14:06:03Z] #1705 attempt=1/2 status=200 0.312s url=https://www.myfonts.com/collections/etna-font-mark-simonson/?tab=techSpecs
[2026-09-27T14:06:05Z] #1706 attempt=1/2 status=200 0.526s url=https://www.myfonts.com/products/icon-tt-trailers-256096
[2026-09-27T14:06:06Z] #1707 attempt=1/2 status=200 0.326s url=https://www.myfonts.com/collections/tt-trailers-font-typetype/
[2026-09-27T14:06:06Z] #1708 attempt=1/2 status=200 0.317s url=https://www.myfonts.com/collections/tt-trailers-font-typetype/?tab=techSpecs
[2026-09-27T14:06:09Z] #1709 attempt=1/2 status=200 0.773s url=https://www.myfonts.com/products/bold-italic-etna-255812
[2026-09-27T14:06:09Z] #1710 attempt=1/2 status=200 0.354s url=https://www.myfonts.com/collections/etna-font-mark-simonson/
[2026-09-27T14:06:10Z] #1711 attempt=1/2 status=200 0.266s url=https://www.myfonts.com/collections/etna-font-mark-simonson/?tab=techSpecs
[2026-09-27T14:06:12Z] #1712 attempt=1/2 status=200 0.645s url=https://www.myfonts.com/products/condensed-light-etna-255857
[2026-09-27T14:06:13Z] #1713 attempt=1/2 status=200 0.296s url=https://www.myfonts.com/collections/etna-font-mark-simonson/
[2026-09-27T14:06:13Z] #1714 attempt=1/2 status=200 0.318s url=https://www.myfonts.com/collections/etna-font-mark-simonson/?tab=techSpecs
[2026-09-27T14:06:15Z] #1715 attempt=1/2 status=200 0.366s url=https://www.myfonts.com/products/roman-proxima-vara-251448
[2026-09-27T14:06:16Z] #1716 attempt=1/2 status=200 0.339s url=https://www.myfonts.com/collections/proxima-vara-font-mark-simonson/
[2026-09-27T14:06:17Z] #1717 attempt=1/2 status=200 0.417s url=https://www.myfonts.com/collections/proxima-vara-font-mark-simonson/?tab=techSpecs
[2026-09-27T14:06:19Z] #1718 attempt=1/6 status=200 0.964s url=https://www.myfonts.com/products.json?limit=100&page=65
[2026-09-27T14:06:20Z] #1719 attempt=1/2 status=200 0.529s url=https://www.myfonts.com/products/battle-cry-complete-family-package-930788
[2026-09-27T14:06:21Z] #1720 attempt=1/2 status=200 0.818s url=https://www.myfonts.com/collections/battle-cry-font-comicraft/
[2026-09-27T14:06:22Z] #1721 attempt=1/2 status=200 0.448s url=https://www.myfonts.com/collections/battle-cry-font-comicraft/?tab=techSpecs
[2026-09-27T14:06:24Z] #1722 attempt=1/2 status=200 1.507s url=https://www.myfonts.com/products/proxima-nova-std-black-italic-package-571512
[2026-09-27T14:06:27Z] #1723 attempt=1/2 status=200 2.706s url=https://www.myfonts.com/collections/proxima-nova-font-mark-simonson/
[2026-09-27T14:06:31Z] #1724 attempt=1/2 status=200 2.408s url=https://www.myfonts.com/collections/proxima-nova-font-mark-simonson/?tab=techSpecs
[2026-09-27T14:06:33Z] #1725 attempt=1/2 status=200 0.743s url=https://www.myfonts.com/products/enamela-condensed-package-556530
[2026-09-27T14:06:34Z] #1726 attempt=1/2 status=200 0.995s url=https://www.myfonts.com/collections/enamela-font-k-type/
[2026-09-27T14:06:36Z] #1727 attempt=1/2 status=200 0.801s url=https://www.myfonts.com/collections/enamela-font-k-type/?tab=techSpecs
[2026-09-27T14:06:37Z] #1728 attempt=1/2 status=200 0.448s url=https://www.myfonts.com/products/pop-cubism-color-kit-package-928912
[2026-09-27T14:06:38Z] #1729 attempt=1/2 status=200 0.534s url=https://www.myfonts.com/collections/pop-cubism-font-k-type/
[2026-09-27T14:06:39Z] #1730 attempt=1/2 status=200 0.413s url=https://www.myfonts.com/collections/pop-cubism-font-k-type/?tab=techSpecs
[2026-09-27T14:06:42Z] #1731 attempt=1/2 status=200 1.715s url=https://www.myfonts.com/products/intro-goodies-package-157887
[2026-09-27T14:06:46Z] #1732 attempt=1/2 status=200 3.062s url=https://www.myfonts.com/collections/intro-rust-font-fontfabric/
[2026-09-27T14:06:50Z] #1733 attempt=1/2 status=200 3.387s url=https://www.myfonts.com/collections/intro-rust-font-fontfabric/?tab=techSpecs
[2026-09-27T14:06:52Z] #1734 attempt=1/2 status=200 0.473s url=https://www.myfonts.com/products/rolka-family-package-96008
[2026-09-27T14:06:53Z] #1735 attempt=1/2 status=200 0.508s url=https://www.myfonts.com/collections/rolka-font-fontfabric/
[2026-09-27T14:06:54Z] #1736 attempt=1/2 status=200 0.384s url=https://www.myfonts.com/collections/rolka-font-fontfabric/?tab=techSpecs
[2026-09-27T14:06:56Z] #1737 attempt=1/2 status=200 0.453s url=https://www.myfonts.com/products/near-myth-complete-family-package-929700
[2026-09-27T14:06:57Z] #1738 attempt=1/2 status=200 0.494s url=https://www.myfonts.com/collections/near-myth-font-comicraft/
[2026-09-27T14:06:57Z] #1739 attempt=1/2 status=200 0.322s url=https://www.myfonts.com/collections/near-myth-font-comicraft/?tab=techSpecs
[2026-09-27T14:06:59Z] #1740 attempt=1/2 status=200 0.457s url=https://www.myfonts.com/products/kare-package-102030
[2026-09-27T14:07:00Z] #1741 attempt=1/2 status=200 0.525s url=https://www.myfonts.com/collections/kare-font-fontfabric/
[2026-09-27T14:07:01Z] #1742 attempt=1/2 status=200 0.443s url=https://www.myfonts.com/collections/kare-font-fontfabric/?tab=techSpecs
[2026-09-27T14:07:03Z] #1743 attempt=1/2 status=200 0.394s url=https://www.myfonts.com/products/fang-adamantium-938456
[2026-09-27T14:07:03Z] #1744 attempt=1/2 status=200 0.562s url=https://www.myfonts.com/collections/adamantium-font-comicraft/
[2026-09-27T14:07:04Z] #1745 attempt=1/2 status=200 0.479s url=https://www.myfonts.com/collections/adamantium-font-comicraft/?tab=techSpecs
[2026-09-27T14:07:06Z] #1746 attempt=1/2 status=200 0.530s url=https://www.myfonts.com/products/great-heavy-elephantmen-great-and-tall-946433
[2026-09-27T14:07:07Z] #1747 attempt=1/2 status=200 0.756s url=https://www.myfonts.com/collections/elephantmen-great-and-tall-font-comicraft/
[2026-09-27T14:07:08Z] #1748 attempt=1/2 status=200 0.562s url=https://www.myfonts.com/collections/elephantmen-great-and-tall-font-comicraft/?tab=techSpecs
[2026-09-27T14:07:10Z] #1749 attempt=1/2 status=200 0.500s url=https://www.myfonts.com/products/ultralight-italic-116869-116869-regan-slab-561407
[2026-09-27T14:07:11Z] #1750 attempt=1/2 status=200 0.594s url=https://www.myfonts.com/collections/regan-slab-font-the-northern-block/
[2026-09-27T14:07:12Z] #1751 attempt=1/2 status=200 0.516s url=https://www.myfonts.com/collections/regan-slab-font-the-northern-block/?tab=techSpecs
[2026-09-27T14:07:14Z] #1752 attempt=1/2 status=200 0.510s url=https://www.myfonts.com/products/regular-duplicate-2-wiccan-sans-934600
[2026-09-27T14:07:15Z] #1753 attempt=1/2 status=200 0.593s url=https://www.myfonts.com/collections/wiccan-sans-font-comicraft/
[2026-09-27T14:07:16Z] #1754 attempt=1/2 status=200 0.516s url=https://www.myfonts.com/collections/wiccan-sans-font-comicraft/?tab=techSpecs
[2026-09-27T14:07:17Z] #1755 attempt=1/2 status=200 0.380s url=https://www.myfonts.com/products/book-italic-strato-pro-1004088
[2026-09-27T14:07:18Z] #1756 attempt=1/2 status=200 0.722s url=https://www.myfonts.com/collections/strato-pro-font-mostardesign/
[2026-09-27T14:07:20Z] #1757 attempt=1/2 status=200 0.620s url=https://www.myfonts.com/collections/strato-pro-font-mostardesign/?tab=techSpecs
[2026-09-27T14:07:21Z] #1758 attempt=1/2 status=200 0.483s url=https://www.myfonts.com/products/open-splashdown-939938
[2026-09-27T14:07:22Z] #1759 attempt=1/2 status=200 0.397s url=https://www.myfonts.com/collections/splashdown-font-comicraft/
[2026-09-27T14:07:23Z] #1760 attempt=1/2 status=200 0.357s url=https://www.myfonts.com/collections/splashdown-font-comicraft/?tab=techSpecs
[2026-09-27T14:07:25Z] #1761 attempt=1/2 status=200 0.430s url=https://www.myfonts.com/products/bold-italic-richard-starkings-935781
[2026-09-27T14:07:26Z] #1762 attempt=1/2 status=200 0.524s url=https://www.myfonts.com/collections/richard-starkings-font-comicraft/
[2026-09-27T14:07:26Z] #1763 attempt=1/2 status=200 0.349s url=https://www.myfonts.com/collections/richard-starkings-font-comicraft/?tab=techSpecs
[2026-09-27T14:07:28Z] #1764 attempt=1/2 status=200 0.421s url=https://www.myfonts.com/products/swash-spaghetti-western-935161
[2026-09-27T14:07:29Z] #1765 attempt=1/2 status=200 0.519s url=https://www.myfonts.com/collections/spaghetti-western-font-comicraft/
[2026-09-27T14:07:30Z] #1766 attempt=1/2 status=200 0.392s url=https://www.myfonts.com/collections/spaghetti-western-font-comicraft/?tab=techSpecs
[2026-09-27T14:07:32Z] #1767 attempt=1/2 status=200 0.507s url=https://www.myfonts.com/products/bold-italic-victory-speech-934335
[2026-09-27T14:07:32Z] #1768 attempt=1/2 status=200 0.462s url=https://www.myfonts.com/collections/victory-speech-font-comicraft/
[2026-09-27T14:07:33Z] #1769 attempt=1/2 status=200 0.413s url=https://www.myfonts.com/collections/victory-speech-font-comicraft/?tab=techSpecs
[2026-09-27T14:07:35Z] #1770 attempt=1/2 status=200 0.601s url=https://www.myfonts.com/products/mammoth-gardner-sans-569446
[2026-09-27T14:07:36Z] #1771 attempt=1/2 status=200 0.824s url=https://www.myfonts.com/collections/gardner-sans-font-lewis-mcguffie-type/
[2026-09-27T14:07:37Z] #1772 attempt=1/2 status=200 0.685s url=https://www.myfonts.com/collections/gardner-sans-font-lewis-mcguffie-type/?tab=techSpecs
[2026-09-27T14:07:39Z] #1773 attempt=1/2 status=200 0.378s url=https://www.myfonts.com/products/outline-belly-laugh-939603
[2026-09-27T14:07:40Z] #1774 attempt=1/2 status=200 0.448s url=https://www.myfonts.com/collections/belly-laugh-font-comicraft/
[2026-09-27T14:07:41Z] #1775 attempt=1/2 status=200 0.488s url=https://www.myfonts.com/collections/belly-laugh-font-comicraft/?tab=techSpecs
[2026-09-27T14:07:42Z] #1776 attempt=1/2 status=200 0.467s url=https://www.myfonts.com/products/bold-italic-cheese-and-crackers-939501
[2026-09-27T14:07:43Z] #1777 attempt=1/2 status=200 0.460s url=https://www.myfonts.com/collections/cheese-and-crackers-font-comicraft/
[2026-09-27T14:07:44Z] #1778 attempt=1/2 status=200 0.414s url=https://www.myfonts.com/collections/cheese-and-crackers-font-comicraft/?tab=techSpecs
[2026-09-27T14:07:47Z] #1779 attempt=1/2 status=200 1.157s url=https://www.myfonts.com/products/extra-2-dsert-561510
[2026-09-27T14:07:49Z] #1780 attempt=1/2 status=200 1.761s url=https://www.myfonts.com/collections/dsert-font-latinotype/
[2026-09-27T14:07:51Z] #1781 attempt=1/2 status=200 1.626s url=https://www.myfonts.com/collections/dsert-font-latinotype/?tab=techSpecs
[2026-09-27T14:07:53Z] #1782 attempt=1/2 status=200 0.467s url=https://www.myfonts.com/products/second-stage-regular-rocket-man-941540
[2026-09-27T14:07:54Z] #1783 attempt=1/2 status=200 0.541s url=https://www.myfonts.com/collections/rocket-man-font-comicraft/
[2026-09-27T14:07:55Z] #1784 attempt=1/2 status=200 0.534s url=https://www.myfonts.com/collections/rocket-man-font-comicraft/?tab=techSpecs
[2026-09-27T14:07:56Z] #1785 attempt=1/2 status=200 0.347s url=https://www.myfonts.com/products/outline-rugged-rock-942010
[2026-09-27T14:07:57Z] #1786 attempt=1/2 status=200 0.440s url=https://www.myfonts.com/collections/rugged-rock-font-comicraft/
[2026-09-27T14:07:58Z] #1787 attempt=1/2 status=200 0.388s url=https://www.myfonts.com/collections/rugged-rock-font-comicraft/?tab=techSpecs
[2026-09-27T14:08:00Z] #1788 attempt=1/2 status=200 0.579s url=https://www.myfonts.com/products/demibold-italic-urbane-568626
[2026-09-27T14:08:01Z] #1789 attempt=1/2 status=200 0.845s url=https://www.myfonts.com/collections/urbane-font-device/
[2026-09-27T14:08:02Z] #1790 attempt=1/2 status=200 0.667s url=https://www.myfonts.com/collections/urbane-font-device/?tab=techSpecs
[2026-09-27T14:08:04Z] #1791 attempt=1/2 status=200 0.462s url=https://www.myfonts.com/products/regular-ccdreamland-946685
[2026-09-27T14:08:05Z] #1792 attempt=1/2 status=200 0.572s url=https://www.myfonts.com/collections/ccdreamland-font-comicraft/
[2026-09-27T14:08:06Z] #1793 attempt=1/2 status=200 0.466s url=https://www.myfonts.com/collections/ccdreamland-font-comicraft/?tab=techSpecs
[2026-09-27T14:08:08Z] #1794 attempt=1/2 status=200 0.349s url=https://www.myfonts.com/products/alien-ancient-astronaut-945467
[2026-09-27T14:08:09Z] #1795 attempt=1/2 status=200 0.474s url=https://www.myfonts.com/collections/ancient-astronaut-font-comicraft/
[2026-09-27T14:08:10Z] #1796 attempt=1/2 status=200 0.399s url=https://www.myfonts.com/collections/ancient-astronaut-font-comicraft/?tab=techSpecs
[2026-09-27T14:08:11Z] #1797 attempt=1/2 status=200 0.505s url=https://www.myfonts.com/products/near-outline-italic-the-story-so-far-946492
[2026-09-27T14:08:12Z] #1798 attempt=1/2 status=200 0.535s url=https://www.myfonts.com/collections/the-story-so-far-font-comicraft/
[2026-09-27T14:08:13Z] #1799 attempt=1/2 status=200 0.474s url=https://www.myfonts.com/collections/the-story-so-far-font-comicraft/?tab=techSpecs
[2026-09-27T14:08:15Z] #1800 attempt=1/2 status=200 0.483s url=https://www.myfonts.com/products/bold-italic-tt-chocolates-condensed-567086
[2026-09-27T14:08:16Z] #1801 attempt=1/2 status=200 0.551s url=https://www.myfonts.com/collections/tt-chocolates-condensed-font-typetype/
[2026-09-27T14:08:17Z] #1802 attempt=1/2 status=200 0.464s url=https://www.myfonts.com/collections/tt-chocolates-condensed-font-typetype/?tab=techSpecs
[2026-09-27T14:08:18Z] #1803 attempt=1/2 status=200 0.405s url=https://www.myfonts.com/products/brush-regular-tim-sale-brush-941530
[2026-09-27T14:08:19Z] #1804 attempt=1/2 status=200 0.372s url=https://www.myfonts.com/collections/tim-sale-brush-font-comicraft/
[2026-09-27T14:08:20Z] #1805 attempt=1/2 status=200 0.386s url=https://www.myfonts.com/collections/tim-sale-brush-font-comicraft/?tab=techSpecs
[2026-09-27T14:08:22Z] #1806 attempt=1/2 status=200 0.412s url=https://www.myfonts.com/products/regular-crayon-en-folie-170295
[2026-09-27T14:08:22Z] #1807 attempt=1/2 status=200 0.451s url=https://www.myfonts.com/collections/crayon-en-folie-font-hanoded/
[2026-09-27T14:08:23Z] #1808 attempt=1/2 status=200 0.417s url=https://www.myfonts.com/collections/crayon-en-folie-font-hanoded/?tab=techSpecs
[2026-09-27T14:08:26Z] #1809 attempt=1/6 status=200 1.206s url=https://www.myfonts.com/products.json?limit=100&page=66
[2026-09-27T14:08:27Z] #1810 attempt=1/2 status=200 0.419s url=https://www.myfonts.com/products/regular-cheeky-monkey-942904
[2026-09-27T14:08:27Z] #1811 attempt=1/2 status=200 0.419s url=https://www.myfonts.com/collections/cheeky-monkey-font-comicraft/
[2026-09-27T14:08:28Z] #1812 attempt=1/2 status=200 0.419s url=https://www.myfonts.com/collections/cheeky-monkey-font-comicraft/?tab=techSpecs
[2026-09-27T14:08:30Z] #1813 attempt=1/2 status=200 0.973s url=https://www.myfonts.com/products/500-museo-576057
[2026-09-27T14:08:32Z] #1814 attempt=1/2 status=200 0.749s url=https://www.myfonts.com/collections/museo-font-exljbris/
[2026-09-27T14:08:33Z] #1815 attempt=1/2 status=200 0.540s url=https://www.myfonts.com/collections/museo-font-exljbris/?tab=techSpecs
[2026-09-27T14:08:34Z] #1816 attempt=1/2 status=200 0.353s url=https://www.myfonts.com/products/open-rumble-939685
[2026-09-27T14:08:35Z] #1817 attempt=1/2 status=200 0.501s url=https://www.myfonts.com/collections/rumble-font-comicraft/
[2026-09-27T14:08:36Z] #1818 attempt=1/2 status=200 0.368s url=https://www.myfonts.com/collections/rumble-font-comicraft/?tab=techSpecs
[2026-09-27T14:08:38Z] #1819 attempt=1/2 status=200 0.670s url=https://www.myfonts.com/products/black-italic-arquitecta-162684
[2026-09-27T14:08:39Z] #1820 attempt=1/2 status=200 0.848s url=https://www.myfonts.com/collections/arquitecta-font-latinotype/
[2026-09-27T14:08:40Z] #1821 attempt=1/2 status=200 0.478s url=https://www.myfonts.com/collections/arquitecta-font-latinotype/?tab=techSpecs
[2026-09-27T14:08:42Z] #1822 attempt=1/2 status=200 0.401s url=https://www.myfonts.com/products/twenty-four-cond-bold-raster-gothic-174000
[2026-09-27T14:08:43Z] #1823 attempt=1/2 status=200 0.575s url=https://www.myfonts.com/collections/raster-gothic-font-mark-simonson/
[2026-09-27T14:08:43Z] #1824 attempt=1/2 status=200 0.396s url=https://www.myfonts.com/collections/raster-gothic-font-mark-simonson/?tab=techSpecs
[2026-09-27T14:08:45Z] #1825 attempt=1/2 status=200 0.243s url=https://www.myfonts.com/collections/raster-gothic-font-mark-simonson/
[2026-09-27T14:08:46Z] #1826 attempt=1/2 status=200 0.424s url=https://www.myfonts.com/products/twelve-cond-raster-gothic-173961
[2026-09-27T14:08:46Z] #1827 attempt=1/2 status=200 0.245s url=https://www.myfonts.com/collections/raster-gothic-font-mark-simonson/
[2026-09-27T14:08:47Z] #1828 attempt=1/2 status=200 0.249s url=https://www.myfonts.com/collections/raster-gothic-font-mark-simonson/?tab=techSpecs
[2026-09-27T14:08:49Z] #1829 attempt=1/2 status=200 0.265s url=https://www.myfonts.com/collections/raster-gothic-font-mark-simonson/
[2026-09-27T14:08:49Z] #1830 attempt=1/2 status=200 0.430s url=https://www.myfonts.com/products/eighteen-cond-bold-raster-gothic-173981
[2026-09-27T14:08:50Z] #1831 attempt=1/2 status=200 0.344s url=https://www.myfonts.com/collections/raster-gothic-font-mark-simonson/
[2026-09-27T14:08:51Z] #1832 attempt=1/2 status=200 0.223s url=https://www.myfonts.com/collections/raster-gothic-font-mark-simonson/?tab=techSpecs
[2026-09-27T14:08:52Z] #1833 attempt=1/2 status=200 0.212s url=https://www.myfonts.com/collections/raster-gothic-font-mark-simonson/
[2026-09-27T14:08:53Z] #1834 attempt=1/2 status=200 0.390s url=https://www.myfonts.com/products/regular-qiber-175260
[2026-09-27T14:08:54Z] #1835 attempt=1/2 status=200 0.402s url=https://www.myfonts.com/collections/qiber-font-inhouse-type/
[2026-09-27T14:08:54Z] #1836 attempt=1/2 status=200 0.336s url=https://www.myfonts.com/collections/qiber-font-inhouse-type/?tab=techSpecs
[2026-09-27T14:08:56Z] #1837 attempt=1/2 status=200 0.780s url=https://www.myfonts.com/products/regular-nexa-slab-179230
[2026-09-27T14:08:57Z] #1838 attempt=1/2 status=200 0.981s url=https://www.myfonts.com/collections/nexa-slab-font-fontfabric/
[2026-09-27T14:08:59Z] #1839 attempt=1/2 status=200 0.685s url=https://www.myfonts.com/collections/nexa-slab-font-fontfabric/?tab=techSpecs
[2026-09-27T14:09:01Z] #1840 attempt=1/2 status=200 0.764s url=https://www.myfonts.com/products/regular-texta-narrow-158611
[2026-09-27T14:09:02Z] #1841 attempt=1/2 status=200 0.690s url=https://www.myfonts.com/collections/texta-narrow-font-latinotype/
[2026-09-27T14:09:03Z] #1842 attempt=1/2 status=200 0.612s url=https://www.myfonts.com/collections/texta-narrow-font-latinotype/?tab=techSpecs
[2026-09-27T14:09:05Z] #1843 attempt=1/2 status=200 0.455s url=https://www.myfonts.com/products/thin-italic-texta-narrow-158599
[2026-09-27T14:09:05Z] #1844 attempt=1/2 status=200 0.284s url=https://www.myfonts.com/collections/texta-narrow-font-latinotype/
[2026-09-27T14:09:06Z] #1845 attempt=1/2 status=200 0.281s url=https://www.myfonts.com/collections/texta-narrow-font-latinotype/?tab=techSpecs
[2026-09-27T14:09:08Z] #1846 attempt=1/2 status=200 0.483s url=https://www.myfonts.com/products/regular-cinematografica-190367
[2026-09-27T14:09:08Z] #1847 attempt=1/2 status=200 0.466s url=https://www.myfonts.com/collections/cinematografica-font-zetafonts/
[2026-09-27T14:09:09Z] #1848 attempt=1/2 status=200 0.457s url=https://www.myfonts.com/collections/cinematografica-font-zetafonts/?tab=techSpecs
[2026-09-27T14:09:11Z] #1849 attempt=1/2 status=200 0.649s url=https://www.myfonts.com/products/medium-super-bill-display-162931
[2026-09-27T14:09:12Z] #1850 attempt=1/2 status=200 0.592s url=https://www.myfonts.com/collections/bill-display-font-ogj-type-design/
[2026-09-27T14:09:13Z] #1851 attempt=1/2 status=200 0.421s url=https://www.myfonts.com/collections/bill-display-font-ogj-type-design/?tab=techSpecs
[2026-09-27T14:09:15Z] #1852 attempt=1/2 status=200 0.349s url=https://www.myfonts.com/products/fourteen-cond-raster-gothic-173953
[2026-09-27T14:09:16Z] #1853 attempt=1/2 status=200 0.287s url=https://www.myfonts.com/collections/raster-gothic-font-mark-simonson/
[2026-09-27T14:09:16Z] #1854 attempt=1/2 status=200 0.323s url=https://www.myfonts.com/collections/raster-gothic-font-mark-simonson/?tab=techSpecs
[2026-09-27T14:09:18Z] #1855 attempt=1/2 status=200 0.271s url=https://www.myfonts.com/collections/raster-gothic-font-mark-simonson/
[2026-09-27T14:09:19Z] #1856 attempt=1/2 status=200 0.350s url=https://www.myfonts.com/products/extralight-cinematografica-190337
[2026-09-27T14:09:19Z] #1857 attempt=1/2 status=200 0.323s url=https://www.myfonts.com/collections/cinematografica-font-zetafonts/
[2026-09-27T14:09:20Z] #1858 attempt=1/2 status=200 0.215s url=https://www.myfonts.com/collections/cinematografica-font-zetafonts/?tab=techSpecs
[2026-09-27T14:09:22Z] #1859 attempt=1/2 status=200 0.532s url=https://www.myfonts.com/products/thin-bill-display-lowercase-168952
[2026-09-27T14:09:23Z] #1860 attempt=1/2 status=200 0.487s url=https://www.myfonts.com/collections/bill-display-lowercase-font-ogj-type-design/
[2026-09-27T14:09:24Z] #1861 attempt=1/2 status=200 0.446s url=https://www.myfonts.com/collections/bill-display-lowercase-font-ogj-type-design/?tab=techSpecs
[2026-09-27T14:09:25Z] #1862 attempt=1/2 status=200 0.364s url=https://www.myfonts.com/products/twenty-eight-cond-raster-gothic-174036
[2026-09-27T14:09:26Z] #1863 attempt=1/2 status=200 0.290s url=https://www.myfonts.com/collections/raster-gothic-font-mark-simonson/
[2026-09-27T14:09:27Z] #1864 attempt=1/2 status=200 0.309s url=https://www.myfonts.com/collections/raster-gothic-font-mark-simonson/?tab=techSpecs
[2026-09-27T14:09:28Z] #1865 attempt=1/2 status=200 0.285s url=https://www.myfonts.com/collections/raster-gothic-font-mark-simonson/
[2026-09-27T14:09:29Z] #1866 attempt=1/2 status=200 0.423s url=https://www.myfonts.com/products/nine-cond-raster-gothic-173943
[2026-09-27T14:09:30Z] #1867 attempt=1/2 status=200 0.247s url=https://www.myfonts.com/collections/raster-gothic-font-mark-simonson/
[2026-09-27T14:09:30Z] #1868 attempt=1/2 status=200 0.276s url=https://www.myfonts.com/collections/raster-gothic-font-mark-simonson/?tab=techSpecs
[2026-09-27T14:09:32Z] #1869 attempt=1/2 status=200 0.299s url=https://www.myfonts.com/collections/raster-gothic-font-mark-simonson/
[2026-09-27T14:09:33Z] #1870 attempt=1/2 status=200 0.532s url=https://www.myfonts.com/products/twenty-four-cond-raster-gothic-173990
[2026-09-27T14:09:34Z] #1871 attempt=1/2 status=200 0.371s url=https://www.myfonts.com/collections/raster-gothic-font-mark-simonson/
[2026-09-27T14:09:34Z] #1872 attempt=1/2 status=200 0.286s url=https://www.myfonts.com/collections/raster-gothic-font-mark-simonson/?tab=techSpecs
[2026-09-27T14:09:36Z] #1873 attempt=1/2 status=200 0.229s url=https://www.myfonts.com/collections/raster-gothic-font-mark-simonson/
[2026-09-27T14:09:37Z] #1874 attempt=1/2 status=200 0.408s url=https://www.myfonts.com/products/bold-cinematografica-190345
[2026-09-27T14:09:37Z] #1875 attempt=1/2 status=200 0.229s url=https://www.myfonts.com/collections/cinematografica-font-zetafonts/
[2026-09-27T14:09:38Z] #1876 attempt=1/2 status=200 0.264s url=https://www.myfonts.com/collections/cinematografica-font-zetafonts/?tab=techSpecs
[2026-09-27T14:09:40Z] #1877 attempt=1/2 status=200 0.414s url=https://www.myfonts.com/products/heavy-cinematografica-190355
[2026-09-27T14:09:40Z] #1878 attempt=1/2 status=200 0.241s url=https://www.myfonts.com/collections/cinematografica-font-zetafonts/
[2026-09-27T14:09:41Z] #1879 attempt=1/2 status=200 0.264s url=https://www.myfonts.com/collections/cinematografica-font-zetafonts/?tab=techSpecs
[2026-09-27T14:09:43Z] #1880 attempt=1/2 status=200 0.405s url=https://www.myfonts.com/products/twenty-eight-cond-bold-raster-gothic-174015
[2026-09-27T14:09:43Z] #1881 attempt=1/2 status=200 0.290s url=https://www.myfonts.com/collections/raster-gothic-font-mark-simonson/
[2026-09-27T14:09:44Z] #1882 attempt=1/2 status=200 0.300s url=https://www.myfonts.com/collections/raster-gothic-font-mark-simonson/?tab=techSpecs
[2026-09-27T14:09:46Z] #1883 attempt=1/2 status=200 0.259s url=https://www.myfonts.com/collections/raster-gothic-font-mark-simonson/
[2026-09-27T14:09:47Z] #1884 attempt=1/2 status=200 0.358s url=https://www.myfonts.com/products/extrabold-cinematografica-190326
[2026-09-27T14:09:47Z] #1885 attempt=1/2 status=200 0.223s url=https://www.myfonts.com/collections/cinematografica-font-zetafonts/
[2026-09-27T14:09:48Z] #1886 attempt=1/2 status=200 0.273s url=https://www.myfonts.com/collections/cinematografica-font-zetafonts/?tab=techSpecs
[2026-09-27T14:09:50Z] #1887 attempt=1/2 status=200 0.532s url=https://www.myfonts.com/products/alt-medium-texta-narrow-158722
[2026-09-27T14:09:50Z] #1888 attempt=1/2 status=200 0.294s url=https://www.myfonts.com/collections/texta-narrow-font-latinotype/
[2026-09-27T14:09:51Z] #1889 attempt=1/2 status=200 0.299s url=https://www.myfonts.com/collections/texta-narrow-font-latinotype/?tab=techSpecs
[2026-09-27T14:09:53Z] #1890 attempt=1/2 status=200 0.416s url=https://www.myfonts.com/products/nine-cond-bold-raster-gothic-173921
[2026-09-27T14:09:54Z] #1891 attempt=1/2 status=200 0.285s url=https://www.myfonts.com/collections/raster-gothic-font-mark-simonson/
[2026-09-27T14:09:54Z] #1892 attempt=1/2 status=200 0.306s url=https://www.myfonts.com/collections/raster-gothic-font-mark-simonson/?tab=techSpecs
[2026-09-27T14:09:56Z] #1893 attempt=1/2 status=200 0.278s url=https://www.myfonts.com/collections/raster-gothic-font-mark-simonson/
[2026-09-27T14:09:57Z] #1894 attempt=1/2 status=200 0.365s url=https://www.myfonts.com/products/light-cinematografica-190315
[2026-09-27T14:09:57Z] #1895 attempt=1/2 status=200 0.215s url=https://www.myfonts.com/collections/cinematografica-font-zetafonts/
[2026-09-27T14:09:58Z] #1896 attempt=1/2 status=200 0.248s url=https://www.myfonts.com/collections/cinematografica-font-zetafonts/?tab=techSpecs
[2026-09-27T14:10:00Z] #1897 attempt=1/2 status=200 0.431s url=https://www.myfonts.com/products/eighteen-cond-raster-gothic-173970
[2026-09-27T14:10:00Z] #1898 attempt=1/2 status=200 0.265s url=https://www.myfonts.com/collections/raster-gothic-font-mark-simonson/
[2026-09-27T14:10:01Z] #1899 attempt=1/2 status=200 0.259s url=https://www.myfonts.com/collections/raster-gothic-font-mark-simonson/?tab=techSpecs
[2026-09-27T14:10:03Z] #1900 attempt=1/2 status=200 0.266s url=https://www.myfonts.com/collections/raster-gothic-font-mark-simonson/
[2026-09-27T14:10:04Z] #1901 attempt=1/2 status=200 0.373s url=https://www.myfonts.com/products/twelve-cond-bold-raster-gothic-173929
[2026-09-27T14:10:04Z] #1902 attempt=1/2 status=200 0.235s url=https://www.myfonts.com/collections/raster-gothic-font-mark-simonson/
[2026-09-27T14:10:05Z] #1903 attempt=1/2 status=200 0.282s url=https://www.myfonts.com/collections/raster-gothic-font-mark-simonson/?tab=techSpecs
[2026-09-27T14:10:07Z] #1904 attempt=1/2 status=200 0.579s url=https://www.myfonts.com/collections/raster-gothic-font-mark-simonson/
[2026-09-27T14:10:07Z] #1905 attempt=1/2 status=200 0.419s url=https://www.myfonts.com/products/alt-bold-texta-narrow-158660
[2026-09-27T14:10:08Z] #1906 attempt=1/2 status=200 0.343s url=https://www.myfonts.com/collections/texta-narrow-font-latinotype/
[2026-09-27T14:10:09Z] #1907 attempt=1/2 status=200 0.345s url=https://www.myfonts.com/collections/texta-narrow-font-latinotype/?tab=techSpecs
[2026-09-27T14:10:11Z] #1908 attempt=1/2 status=200 0.455s url=https://www.myfonts.com/products/italic-arquitecta-office-152769
[2026-09-27T14:10:12Z] #1909 attempt=1/2 status=200 0.512s url=https://www.myfonts.com/collections/arquitecta-office-font-latinotype/
[2026-09-27T14:10:13Z] #1910 attempt=1/2 status=200 0.422s url=https://www.myfonts.com/collections/arquitecta-office-font-latinotype/?tab=techSpecs
[2026-09-27T14:10:15Z] #1911 attempt=1/2 status=200 1.013s url=https://www.myfonts.com/products/cond-proxima-soft-204982
[2026-09-27T14:10:16Z] #1912 attempt=1/2 status=200 1.028s url=https://www.myfonts.com/collections/proxima-soft-font-mark-simonson/
[2026-09-27T14:10:17Z] #1913 attempt=1/2 status=200 0.565s url=https://www.myfonts.com/collections/proxima-soft-font-mark-simonson/?tab=techSpecs
[2026-09-27T14:10:19Z] #1914 attempt=1/2 status=200 0.578s url=https://www.myfonts.com/products/alt-light-italic-texta-narrow-158741
[2026-09-27T14:10:20Z] #1915 attempt=1/2 status=200 0.271s url=https://www.myfonts.com/collections/texta-narrow-font-latinotype/
[2026-09-27T14:10:21Z] #1916 attempt=1/2 status=200 0.269s url=https://www.myfonts.com/collections/texta-narrow-font-latinotype/?tab=techSpecs
[2026-09-27T14:10:22Z] #1917 attempt=1/2 status=200 0.466s url=https://www.myfonts.com/products/fourteen-cond-bold-raster-gothic-173935
[2026-09-27T14:10:23Z] #1918 attempt=1/2 status=200 0.297s url=https://www.myfonts.com/collections/raster-gothic-font-mark-simonson/
[2026-09-27T14:10:24Z] #1919 attempt=1/2 status=200 0.270s url=https://www.myfonts.com/collections/raster-gothic-font-mark-simonson/?tab=techSpecs
[2026-09-27T14:10:25Z] #1920 attempt=1/2 status=200 0.262s url=https://www.myfonts.com/collections/raster-gothic-font-mark-simonson/
[2026-09-27T14:10:26Z] #1921 attempt=1/2 status=200 0.749s url=https://www.myfonts.com/products/bold-italic-arquitecta-standard-152603
[2026-09-27T14:10:27Z] #1922 attempt=1/2 status=200 0.728s url=https://www.myfonts.com/collections/arquitecta-standard-font-latinotype/
[2026-09-27T14:10:29Z] #1923 attempt=1/2 status=200 0.749s url=https://www.myfonts.com/collections/arquitecta-standard-font-latinotype/?tab=techSpecs
[2026-09-27T14:10:31Z] #1924 attempt=1/2 status=200 0.550s url=https://www.myfonts.com/products/cond-thin-italic-proxima-soft-210358
[2026-09-27T14:10:31Z] #1925 attempt=1/2 status=200 0.323s url=https://www.myfonts.com/collections/proxima-soft-font-mark-simonson/
[2026-09-27T14:10:32Z] #1926 attempt=1/2 status=200 0.346s url=https://www.myfonts.com/collections/proxima-soft-font-mark-simonson/?tab=techSpecs
[2026-09-27T14:10:34Z] #1927 attempt=1/2 status=200 0.400s url=https://www.myfonts.com/products/dreaded-deadline-153300
[2026-09-27T14:10:35Z] #1928 attempt=1/2 status=200 0.360s url=https://www.myfonts.com/collections/deadline-font-comicraft/
[2026-09-27T14:10:35Z] #1929 attempt=1/2 status=200 0.334s url=https://www.myfonts.com/collections/deadline-font-comicraft/?tab=techSpecs
[2026-09-27T14:10:37Z] #1930 attempt=1/2 status=200 0.551s url=https://www.myfonts.com/products/bold-grad-237520
[2026-09-27T14:10:38Z] #1931 attempt=1/2 status=200 0.670s url=https://www.myfonts.com/collections/grad-font-mark-simonson/
[2026-09-27T14:10:39Z] #1932 attempt=1/2 status=200 0.506s url=https://www.myfonts.com/collections/grad-font-mark-simonson/?tab=techSpecs
[2026-09-27T14:10:41Z] #1933 attempt=1/2 status=200 0.603s url=https://www.myfonts.com/products/bold-italic-proxima-soft-204630
[2026-09-27T14:10:42Z] #1934 attempt=1/2 status=200 0.315s url=https://www.myfonts.com/collections/proxima-soft-font-mark-simonson/
[2026-09-27T14:10:43Z] #1935 attempt=1/2 status=200 0.312s url=https://www.myfonts.com/collections/proxima-soft-font-mark-simonson/?tab=techSpecs
[2026-09-27T14:10:45Z] #1936 attempt=1/2 status=200 0.554s url=https://www.myfonts.com/products/italic-proxima-soft-204772
[2026-09-27T14:10:45Z] #1937 attempt=1/2 status=200 0.283s url=https://www.myfonts.com/collections/proxima-soft-font-mark-simonson/
[2026-09-27T14:10:46Z] #1938 attempt=1/2 status=200 0.339s url=https://www.myfonts.com/collections/proxima-soft-font-mark-simonson/?tab=techSpecs
[2026-09-27T14:10:48Z] #1939 attempt=1/2 status=200 0.403s url=https://www.myfonts.com/products/semibold-proxima-nova-soft-131479
[2026-09-27T14:10:49Z] #1940 attempt=1/2 status=200 0.436s url=https://www.myfonts.com/collections/proxima-nova-soft-font-mark-simonson/
[2026-09-27T14:10:49Z] #1941 attempt=1/2 status=200 0.369s url=https://www.myfonts.com/collections/proxima-nova-soft-font-mark-simonson/?tab=techSpecs
[2026-09-27T14:10:51Z] #1942 attempt=1/2 status=200 0.540s url=https://www.myfonts.com/products/alt-bold-italic-texta-narrow-158619
[2026-09-27T14:10:52Z] #1943 attempt=1/2 status=200 0.273s url=https://www.myfonts.com/collections/texta-narrow-font-latinotype/
[2026-09-27T14:10:53Z] #1944 attempt=1/2 status=200 0.278s url=https://www.myfonts.com/collections/texta-narrow-font-latinotype/?tab=techSpecs
[2026-09-27T14:10:54Z] #1945 attempt=1/2 status=200 0.365s url=https://www.myfonts.com/products/regular-arquitecta-office-152792
[2026-09-27T14:10:55Z] #1946 attempt=1/2 status=200 0.255s url=https://www.myfonts.com/collections/arquitecta-office-font-latinotype/
[2026-09-27T14:10:56Z] #1947 attempt=1/2 status=200 0.255s url=https://www.myfonts.com/collections/arquitecta-office-font-latinotype/?tab=techSpecs
[2026-09-27T14:10:57Z] #1948 attempt=1/2 status=200 0.419s url=https://www.myfonts.com/products/bold-sharktooth-152372
[2026-09-27T14:10:58Z] #1949 attempt=1/2 status=200 0.412s url=https://www.myfonts.com/collections/sharktooth-font-mark-simonson/
[2026-09-27T14:10:59Z] #1950 attempt=1/2 status=200 0.400s url=https://www.myfonts.com/collections/sharktooth-font-mark-simonson/?tab=techSpecs
[2026-09-27T14:11:01Z] #1951 attempt=1/2 status=200 0.481s url=https://www.myfonts.com/products/book-italic-kandal-152056
[2026-09-27T14:11:02Z] #1952 attempt=1/2 status=200 0.455s url=https://www.myfonts.com/collections/kandal-font-mark-simonson/
[2026-09-27T14:11:02Z] #1953 attempt=1/2 status=200 0.369s url=https://www.myfonts.com/collections/kandal-font-mark-simonson/?tab=techSpecs
[2026-09-27T14:11:04Z] #1954 attempt=1/2 status=200 0.591s url=https://www.myfonts.com/products/black-italic-tt-rounds-225178
[2026-09-27T14:11:05Z] #1955 attempt=1/2 status=200 0.679s url=https://www.myfonts.com/collections/tt-rounds-font-typetype/
[2026-09-27T14:11:06Z] #1956 attempt=1/2 status=200 0.529s url=https://www.myfonts.com/collections/tt-rounds-font-typetype/?tab=techSpecs
[2026-09-27T14:11:08Z] #1957 attempt=1/2 status=200 0.536s url=https://www.myfonts.com/products/six-bill-corporate-mx-245940
[2026-09-27T14:11:09Z] #1958 attempt=1/2 status=200 0.679s url=https://www.myfonts.com/collections/bill-corporate-mx-font-ogj-type-design/
[2026-09-27T14:11:10Z] #1959 attempt=1/2 status=200 0.434s url=https://www.myfonts.com/collections/bill-corporate-mx-font-ogj-type-design/?tab=techSpecs
[2026-09-27T14:11:12Z] #1960 attempt=1/2 status=200 0.369s url=https://www.myfonts.com/products/italic-grad-237506
[2026-09-27T14:11:13Z] #1961 attempt=1/2 status=200 0.331s url=https://www.myfonts.com/collections/grad-font-mark-simonson/
[2026-09-27T14:11:13Z] #1962 attempt=1/2 status=200 0.277s url=https://www.myfonts.com/collections/grad-font-mark-simonson/?tab=techSpecs
[2026-09-27T14:11:15Z] #1963 attempt=1/2 status=200 0.461s url=https://www.myfonts.com/products/regular-proxima-nova-soft-131494
[2026-09-27T14:11:16Z] #1964 attempt=1/2 status=200 0.251s url=https://www.myfonts.com/collections/proxima-nova-soft-font-mark-simonson/
[2026-09-27T14:11:16Z] #1965 attempt=1/2 status=200 0.254s url=https://www.myfonts.com/collections/proxima-nova-soft-font-mark-simonson/?tab=techSpecs
[2026-09-27T14:11:19Z] #1966 attempt=1/2 status=200 0.841s url=https://www.myfonts.com/products/compressed-medium-italic-tt-lakes-213710
[2026-09-27T14:11:20Z] #1967 attempt=1/2 status=200 1.061s url=https://www.myfonts.com/collections/tt-lakes-font-typetype/
[2026-09-27T14:11:21Z] #1968 attempt=1/2 status=200 0.842s url=https://www.myfonts.com/collections/tt-lakes-font-typetype/?tab=techSpecs
[2026-09-27T14:11:23Z] #1969 attempt=1/2 status=200 0.409s url=https://www.myfonts.com/products/bold-italic-arquitecta-office-152760
[2026-09-27T14:11:24Z] #1970 attempt=1/2 status=200 0.239s url=https://www.myfonts.com/collections/arquitecta-office-font-latinotype/
[2026-09-27T14:11:24Z] #1971 attempt=1/2 status=200 0.238s url=https://www.myfonts.com/collections/arquitecta-office-font-latinotype/?tab=techSpecs
[2026-09-27T14:11:26Z] #1972 attempt=1/2 status=200 0.541s url=https://www.myfonts.com/products/extracond-bold-italic-proxima-soft-210396
[2026-09-27T14:11:27Z] #1973 attempt=1/2 status=200 0.344s url=https://www.myfonts.com/collections/proxima-soft-font-mark-simonson/
[2026-09-27T14:11:28Z] #1974 attempt=1/2 status=200 0.323s url=https://www.myfonts.com/collections/proxima-soft-font-mark-simonson/?tab=techSpecs
[2026-09-27T14:11:30Z] #1975 attempt=1/2 status=200 0.630s url=https://www.myfonts.com/products/black-italic-proxima-soft-204609
[2026-09-27T14:11:31Z] #1976 attempt=1/2 status=200 0.347s url=https://www.myfonts.com/collections/proxima-soft-font-mark-simonson/
[2026-09-27T14:11:31Z] #1977 attempt=1/2 status=200 0.310s url=https://www.myfonts.com/collections/proxima-soft-font-mark-simonson/?tab=techSpecs
[2026-09-27T14:11:33Z] #1978 attempt=1/2 status=200 0.494s url=https://www.myfonts.com/products/italic-texta-narrow-158531
[2026-09-27T14:11:34Z] #1979 attempt=1/2 status=200 0.276s url=https://www.myfonts.com/collections/texta-narrow-font-latinotype/
[2026-09-27T14:11:34Z] #1980 attempt=1/2 status=200 0.261s url=https://www.myfonts.com/collections/texta-narrow-font-latinotype/?tab=techSpecs
[2026-09-27T14:11:36Z] #1981 attempt=1/2 status=200 0.611s url=https://www.myfonts.com/products/compressed-light-italic-tt-lakes-213692
[2026-09-27T14:11:37Z] #1982 attempt=1/2 status=200 0.380s url=https://www.myfonts.com/collections/tt-lakes-font-typetype/
[2026-09-27T14:11:38Z] #1983 attempt=1/2 status=200 0.307s url=https://www.myfonts.com/collections/tt-lakes-font-typetype/?tab=techSpecs
[2026-09-27T14:11:40Z] #1984 attempt=1/2 status=200 0.424s url=https://www.myfonts.com/products/bold-italic-tt-rounds-225158
[2026-09-27T14:11:41Z] #1985 attempt=1/2 status=200 0.264s url=https://www.myfonts.com/collections/tt-rounds-font-typetype/
[2026-09-27T14:11:41Z] #1986 attempt=1/2 status=200 0.263s url=https://www.myfonts.com/collections/tt-rounds-font-typetype/?tab=techSpecs
[2026-09-27T14:11:43Z] #1987 attempt=1/2 status=200 0.618s url=https://www.myfonts.com/products/cond-semibold-italic-proxima-soft-210328
[2026-09-27T14:11:44Z] #1988 attempt=1/2 status=200 0.280s url=https://www.myfonts.com/collections/proxima-soft-font-mark-simonson/
[2026-09-27T14:11:45Z] #1989 attempt=1/2 status=200 0.259s url=https://www.myfonts.com/collections/proxima-soft-font-mark-simonson/?tab=techSpecs
[2026-09-27T14:11:46Z] #1990 attempt=1/2 status=200 0.535s url=https://www.myfonts.com/products/medium-bill-corporate-medium-245518
[2026-09-27T14:11:47Z] #1991 attempt=1/2 status=200 0.605s url=https://www.myfonts.com/collections/bill-corporate-medium-font-ogj-type-design/
[2026-09-27T14:11:48Z] #1992 attempt=1/2 status=200 0.417s url=https://www.myfonts.com/collections/bill-corporate-medium-font-ogj-type-design/?tab=techSpecs
[2026-09-27T14:11:50Z] #1993 attempt=1/2 status=200 0.662s url=https://www.myfonts.com/products/condensed-thin-italic-tt-lakes-213935
[2026-09-27T14:11:51Z] #1994 attempt=1/2 status=200 0.322s url=https://www.myfonts.com/collections/tt-lakes-font-typetype/
[2026-09-27T14:11:53Z] #1995 attempt=1/2 status=200 0.858s url=https://www.myfonts.com/collections/tt-lakes-font-typetype/?tab=techSpecs
[2026-09-27T14:11:54Z] #1996 attempt=1/2 status=200 0.591s url=https://www.myfonts.com/products/condensed-bold-italic-tt-lakes-213845
[2026-09-27T14:11:55Z] #1997 attempt=1/2 status=200 0.370s url=https://www.myfonts.com/collections/tt-lakes-font-typetype/
[2026-09-27T14:11:56Z] #1998 attempt=1/2 status=200 0.271s url=https://www.myfonts.com/collections/tt-lakes-font-typetype/?tab=techSpecs
[2026-09-27T14:11:58Z] #1999 attempt=1/6 status=200 0.975s url=https://www.myfonts.com/products.json?limit=100&page=67
[2026-09-27T14:11:59Z] #2000 attempt=1/2 status=200 0.571s url=https://www.myfonts.com/products/extra-light-italic-tt-lakes-214076
[2026-09-27T14:12:00Z] #2001 attempt=1/2 status=200 0.392s url=https://www.myfonts.com/collections/tt-lakes-font-typetype/
[2026-09-27T14:12:01Z] #2002 attempt=1/2 status=200 0.313s url=https://www.myfonts.com/collections/tt-lakes-font-typetype/?tab=techSpecs
[2026-09-27T14:12:03Z] #2003 attempt=1/2 status=200 0.660s url=https://www.myfonts.com/products/light-italic-tt-lakes-214055
[2026-09-27T14:12:03Z] #2004 attempt=1/2 status=200 0.271s url=https://www.myfonts.com/collections/tt-lakes-font-typetype/
[2026-09-27T14:12:04Z] #2005 attempt=1/2 status=200 0.283s url=https://www.myfonts.com/collections/tt-lakes-font-typetype/?tab=techSpecs
[2026-09-27T14:12:06Z] #2006 attempt=1/2 status=200 0.424s url=https://www.myfonts.com/products/italic-tt-rounds-225136
[2026-09-27T14:12:07Z] #2007 attempt=1/2 status=200 0.281s url=https://www.myfonts.com/collections/tt-rounds-font-typetype/
[2026-09-27T14:12:07Z] #2008 attempt=1/2 status=200 0.251s url=https://www.myfonts.com/collections/tt-rounds-font-typetype/?tab=techSpecs
[2026-09-27T14:12:09Z] #2009 attempt=1/2 status=200 0.605s url=https://www.myfonts.com/products/semi-bold-italic-solomon-sans-213094
[2026-09-27T14:12:10Z] #2010 attempt=1/2 status=200 0.670s url=https://www.myfonts.com/collections/solomon-sans-font-fontfabric/
[2026-09-27T14:12:11Z] #2011 attempt=1/2 status=200 0.545s url=https://www.myfonts.com/collections/solomon-sans-font-fontfabric/?tab=techSpecs
[2026-09-27T14:12:13Z] #2012 attempt=1/2 status=200 0.477s url=https://www.myfonts.com/products/light-texta-narrow-158562
[2026-09-27T14:12:14Z] #2013 attempt=1/2 status=200 0.257s url=https://www.myfonts.com/collections/texta-narrow-font-latinotype/
[2026-09-27T14:12:14Z] #2014 attempt=1/2 status=200 0.244s url=https://www.myfonts.com/collections/texta-narrow-font-latinotype/?tab=techSpecs
[2026-09-27T14:12:16Z] #2015 attempt=1/2 status=200 0.504s url=https://www.myfonts.com/products/extracond-extrabold-italic-proxima-soft-210447
[2026-09-27T14:12:17Z] #2016 attempt=1/2 status=200 0.252s url=https://www.myfonts.com/collections/proxima-soft-font-mark-simonson/
[2026-09-27T14:12:18Z] #2017 attempt=1/2 status=200 0.293s url=https://www.myfonts.com/collections/proxima-soft-font-mark-simonson/?tab=techSpecs
[2026-09-27T14:12:20Z] #2018 attempt=1/2 status=200 0.638s url=https://www.myfonts.com/products/semibold-italic-proxima-soft-204797
[2026-09-27T14:12:20Z] #2019 attempt=1/2 status=200 0.269s url=https://www.myfonts.com/collections/proxima-soft-font-mark-simonson/
[2026-09-27T14:12:21Z] #2020 attempt=1/2 status=200 0.278s url=https://www.myfonts.com/collections/proxima-soft-font-mark-simonson/?tab=techSpecs
[2026-09-27T14:12:23Z] #2021 attempt=1/2 status=200 0.664s url=https://www.myfonts.com/products/condensed-light-italic-tt-lakes-213905
[2026-09-27T14:12:24Z] #2022 attempt=1/2 status=200 0.291s url=https://www.myfonts.com/collections/tt-lakes-font-typetype/
[2026-09-27T14:12:25Z] #2023 attempt=1/2 status=200 0.322s url=https://www.myfonts.com/collections/tt-lakes-font-typetype/?tab=techSpecs
[2026-09-27T14:12:27Z] #2024 attempt=1/2 status=200 0.554s url=https://www.myfonts.com/products/semibold-mostra-nuova-243369
[2026-09-27T14:12:27Z] #2025 attempt=1/2 status=200 0.545s url=https://www.myfonts.com/collections/mostra-nuova-font-mark-simonson/
[2026-09-27T14:12:28Z] #2026 attempt=1/2 status=200 0.462s url=https://www.myfonts.com/collections/mostra-nuova-font-mark-simonson/?tab=techSpecs
[2026-09-27T14:12:30Z] #2027 attempt=1/2 status=200 0.519s url=https://www.myfonts.com/products/cond-semibold-proxima-soft-210320
[2026-09-27T14:12:31Z] #2028 attempt=1/2 status=200 0.276s url=https://www.myfonts.com/collections/proxima-soft-font-mark-simonson/
[2026-09-27T14:12:31Z] #2029 attempt=1/2 status=200 0.268s url=https://www.myfonts.com/collections/proxima-soft-font-mark-simonson/?tab=techSpecs
[2026-09-27T14:12:34Z] #2030 attempt=1/2 status=200 0.661s url=https://www.myfonts.com/products/compressed-demi-bold-italic-tt-lakes-213652
[2026-09-27T14:12:34Z] #2031 attempt=1/2 status=200 0.247s url=https://www.myfonts.com/collections/tt-lakes-font-typetype/
[2026-09-27T14:12:35Z] #2032 attempt=1/2 status=200 0.271s url=https://www.myfonts.com/collections/tt-lakes-font-typetype/?tab=techSpecs
[2026-09-27T14:12:37Z] #2033 attempt=1/2 status=200 0.613s url=https://www.myfonts.com/products/extracond-proxima-soft-210529
[2026-09-27T14:12:37Z] #2034 attempt=1/2 status=200 0.285s url=https://www.myfonts.com/collections/proxima-soft-font-mark-simonson/
[2026-09-27T14:12:38Z] #2035 attempt=1/2 status=200 0.288s url=https://www.myfonts.com/collections/proxima-soft-font-mark-simonson/?tab=techSpecs
[2026-09-27T14:12:40Z] #2036 attempt=1/2 status=200 0.454s url=https://www.myfonts.com/products/light-italic-texta-narrow-158543
[2026-09-27T14:12:41Z] #2037 attempt=1/2 status=200 0.284s url=https://www.myfonts.com/collections/texta-narrow-font-latinotype/
[2026-09-27T14:12:41Z] #2038 attempt=1/2 status=200 0.276s url=https://www.myfonts.com/collections/texta-narrow-font-latinotype/?tab=techSpecs
[2026-09-27T14:12:43Z] #2039 attempt=1/2 status=200 0.566s url=https://www.myfonts.com/products/extra-bold-tt-lakes-214036
[2026-09-27T14:12:44Z] #2040 attempt=1/2 status=200 0.287s url=https://www.myfonts.com/collections/tt-lakes-font-typetype/
[2026-09-27T14:12:45Z] #2041 attempt=1/2 status=200 0.289s url=https://www.myfonts.com/collections/tt-lakes-font-typetype/?tab=techSpecs
[2026-09-27T14:12:47Z] #2042 attempt=1/2 status=200 0.550s url=https://www.myfonts.com/products/cond-bold-italic-proxima-soft-204857
[2026-09-27T14:12:47Z] #2043 attempt=1/2 status=200 0.263s url=https://www.myfonts.com/collections/proxima-soft-font-mark-simonson/
[2026-09-27T14:12:48Z] #2044 attempt=1/2 status=200 0.313s url=https://www.myfonts.com/collections/proxima-soft-font-mark-simonson/?tab=techSpecs
[2026-09-27T14:12:50Z] #2045 attempt=1/2 status=200 0.448s url=https://www.myfonts.com/products/medium-italic-texta-narrow-158572
[2026-09-27T14:12:51Z] #2046 attempt=1/2 status=200 0.220s url=https://www.myfonts.com/collections/texta-narrow-font-latinotype/
[2026-09-27T14:12:51Z] #2047 attempt=1/2 status=200 0.238s url=https://www.myfonts.com/collections/texta-narrow-font-latinotype/?tab=techSpecs
[2026-09-27T14:12:53Z] #2048 attempt=1/2 status=200 0.403s url=https://www.myfonts.com/products/dreaded-open-deadline-153290
[2026-09-27T14:12:54Z] #2049 attempt=1/2 status=200 0.226s url=https://www.myfonts.com/collections/deadline-font-comicraft/
[2026-09-27T14:12:54Z] #2050 attempt=1/2 status=200 0.220s url=https://www.myfonts.com/collections/deadline-font-comicraft/?tab=techSpecs
[2026-09-27T14:12:56Z] #2051 attempt=1/2 status=200 0.546s url=https://www.myfonts.com/products/cond-bold-proxima-soft-204874
[2026-09-27T14:12:57Z] #2052 attempt=1/2 status=200 0.278s url=https://www.myfonts.com/collections/proxima-soft-font-mark-simonson/
[2026-09-27T14:12:57Z] #2053 attempt=1/2 status=200 0.274s url=https://www.myfonts.com/collections/proxima-soft-font-mark-simonson/?tab=techSpecs
[2026-09-27T14:12:59Z] #2054 attempt=1/2 status=200 0.444s url=https://www.myfonts.com/products/black-tt-rounds-225168
[2026-09-27T14:13:00Z] #2055 attempt=1/2 status=200 0.251s url=https://www.myfonts.com/collections/tt-rounds-font-typetype/
[2026-09-27T14:13:01Z] #2056 attempt=1/2 status=200 0.263s url=https://www.myfonts.com/collections/tt-rounds-font-typetype/?tab=techSpecs
[2026-09-27T14:13:02Z] #2057 attempt=1/2 status=200 0.565s url=https://www.myfonts.com/products/alt-black-texta-narrow-158628
[2026-09-27T14:13:03Z] #2058 attempt=1/2 status=200 0.265s url=https://www.myfonts.com/collections/texta-narrow-font-latinotype/
[2026-09-27T14:13:04Z] #2059 attempt=1/2 status=200 0.266s url=https://www.myfonts.com/collections/texta-narrow-font-latinotype/?tab=techSpecs
[2026-09-27T14:13:05Z] #2060 attempt=1/2 status=200 0.431s url=https://www.myfonts.com/products/bold-mostra-nuova-243375
[2026-09-27T14:13:06Z] #2061 attempt=1/2 status=200 0.228s url=https://www.myfonts.com/collections/mostra-nuova-font-mark-simonson/
[2026-09-27T14:13:07Z] #2062 attempt=1/2 status=200 0.269s url=https://www.myfonts.com/collections/mostra-nuova-font-mark-simonson/?tab=techSpecs
[2026-09-27T14:13:09Z] #2063 attempt=1/2 status=200 0.439s url=https://www.myfonts.com/products/bold-changeling-neo-151790
[2026-09-27T14:13:09Z] #2064 attempt=1/2 status=200 0.372s url=https://www.myfonts.com/collections/changeling-neo-font-mark-simonson/
[2026-09-27T14:13:10Z] #2065 attempt=1/2 status=200 0.385s url=https://www.myfonts.com/collections/changeling-neo-font-mark-simonson/?tab=techSpecs
[2026-09-27T14:13:12Z] #2066 attempt=1/2 status=200 0.481s url=https://www.myfonts.com/products/alt-italic-texta-narrow-158688
[2026-09-27T14:13:12Z] #2067 attempt=1/2 status=200 0.241s url=https://www.myfonts.com/collections/texta-narrow-font-latinotype/
[2026-09-27T14:13:13Z] #2068 attempt=1/2 status=200 0.240s url=https://www.myfonts.com/collections/texta-narrow-font-latinotype/?tab=techSpecs
[2026-09-27T14:13:15Z] #2069 attempt=1/2 status=200 0.425s url=https://www.myfonts.com/products/heavy-goldenbook-242227
[2026-09-27T14:13:16Z] #2070 attempt=1/2 status=200 0.445s url=https://www.myfonts.com/collections/goldenbook-font-mark-simonson/
[2026-09-27T14:13:17Z] #2071 attempt=1/2 status=200 0.385s url=https://www.myfonts.com/collections/goldenbook-font-mark-simonson/?tab=techSpecs
[2026-09-27T14:13:18Z] #2072 attempt=1/2 status=200 0.364s url=https://www.myfonts.com/products/bold-snicker-152296
[2026-09-27T14:13:19Z] #2073 attempt=1/2 status=200 0.337s url=https://www.myfonts.com/collections/snicker-font-mark-simonson/
[2026-09-27T14:13:20Z] #2074 attempt=1/2 status=200 0.321s url=https://www.myfonts.com/collections/snicker-font-mark-simonson/?tab=techSpecs
[2026-09-27T14:13:21Z] #2075 attempt=1/2 status=200 0.348s url=https://www.myfonts.com/products/heavy-sharktooth-152381
[2026-09-27T14:13:22Z] #2076 attempt=1/2 status=200 0.212s url=https://www.myfonts.com/collections/sharktooth-font-mark-simonson/
[2026-09-27T14:13:22Z] #2077 attempt=1/2 status=200 0.218s url=https://www.myfonts.com/collections/sharktooth-font-mark-simonson/?tab=techSpecs
[2026-09-27T14:13:24Z] #2078 attempt=1/2 status=200 0.460s url=https://www.myfonts.com/products/thin-italic-spectators-headline-245816
[2026-09-27T14:13:25Z] #2079 attempt=1/2 status=200 0.450s url=https://www.myfonts.com/collections/spectators-headline-font-ogj-type-design/
[2026-09-27T14:13:26Z] #2080 attempt=1/2 status=200 0.363s url=https://www.myfonts.com/collections/spectators-headline-font-ogj-type-design/?tab=techSpecs
[2026-09-27T14:13:27Z] #2081 attempt=1/2 status=200 0.462s url=https://www.myfonts.com/products/thin-texta-narrow-158581
[2026-09-27T14:13:28Z] #2082 attempt=1/2 status=200 0.269s url=https://www.myfonts.com/collections/texta-narrow-font-latinotype/
[2026-09-27T14:13:29Z] #2083 attempt=1/2 status=200 0.254s url=https://www.myfonts.com/collections/texta-narrow-font-latinotype/?tab=techSpecs
[2026-09-27T14:13:31Z] #2084 attempt=1/2 status=200 0.780s url=https://www.myfonts.com/products/alt-thin-italic-texta-narrow-158749
[2026-09-27T14:13:32Z] #2085 attempt=1/2 status=200 0.672s url=https://www.myfonts.com/collections/texta-narrow-font-latinotype/
[2026-09-27T14:13:33Z] #2086 attempt=1/2 status=200 0.233s url=https://www.myfonts.com/collections/texta-narrow-font-latinotype/?tab=techSpecs
[2026-09-27T14:13:35Z] #2087 attempt=1/2 status=200 0.447s url=https://www.myfonts.com/products/extrabold-refrigerator-deluxe-206830
[2026-09-27T14:13:36Z] #2088 attempt=1/2 status=200 0.403s url=https://www.myfonts.com/collections/refrigerator-deluxe-font-mark-simonson/
[2026-09-27T14:13:36Z] #2089 attempt=1/2 status=200 0.346s url=https://www.myfonts.com/collections/refrigerator-deluxe-font-mark-simonson/?tab=techSpecs
[2026-09-27T14:13:38Z] #2090 attempt=1/2 status=200 0.506s url=https://www.myfonts.com/products/doom-deadline-153271
[2026-09-27T14:13:39Z] #2091 attempt=1/2 status=200 0.435s url=https://www.myfonts.com/collections/deadline-font-comicraft/
[2026-09-27T14:13:40Z] #2092 attempt=1/2 status=200 0.268s url=https://www.myfonts.com/collections/deadline-font-comicraft/?tab=techSpecs
[2026-09-27T14:13:41Z] #2093 attempt=1/2 status=200 0.465s url=https://www.myfonts.com/products/bold-tt-rounds-225146
[2026-09-27T14:13:42Z] #2094 attempt=1/2 status=200 0.451s url=https://www.myfonts.com/collections/tt-rounds-font-typetype/
[2026-09-27T14:13:43Z] #2095 attempt=1/2 status=200 0.236s url=https://www.myfonts.com/collections/tt-rounds-font-typetype/?tab=techSpecs
[2026-09-27T14:13:45Z] #2096 attempt=1/2 status=200 0.369s url=https://www.myfonts.com/products/light-goldenbook-242190
[2026-09-27T14:13:45Z] #2097 attempt=1/2 status=200 0.420s url=https://www.myfonts.com/collections/goldenbook-font-mark-simonson/
[2026-09-27T14:13:46Z] #2098 attempt=1/2 status=200 0.231s url=https://www.myfonts.com/collections/goldenbook-font-mark-simonson/?tab=techSpecs
[2026-09-27T14:13:48Z] #2099 attempt=1/2 status=200 0.340s url=https://www.myfonts.com/products/heavy-refrigerator-deluxe-206808
[2026-09-27T14:13:48Z] #2100 attempt=1/2 status=200 0.211s url=https://www.myfonts.com/collections/refrigerator-deluxe-font-mark-simonson/
[2026-09-27T14:13:49Z] #2101 attempt=1/2 status=200 0.228s url=https://www.myfonts.com/collections/refrigerator-deluxe-font-mark-simonson/?tab=techSpecs
[2026-09-27T14:13:51Z] #2102 attempt=1/2 status=200 0.636s url=https://www.myfonts.com/products/extrabold-italic-proxima-soft-204670
[2026-09-27T14:13:52Z] #2103 attempt=1/2 status=200 0.768s url=https://www.myfonts.com/collections/proxima-soft-font-mark-simonson/
[2026-09-27T14:13:53Z] #2104 attempt=1/2 status=200 0.251s url=https://www.myfonts.com/collections/proxima-soft-font-mark-simonson/?tab=techSpecs
[2026-09-27T14:13:55Z] #2105 attempt=1/2 status=200 0.385s url=https://www.myfonts.com/products/light-changeling-neo-151780
[2026-09-27T14:13:55Z] #2106 attempt=1/2 status=200 0.393s url=https://www.myfonts.com/collections/changeling-neo-font-mark-simonson/
[2026-09-27T14:13:56Z] #2107 attempt=1/2 status=200 0.214s url=https://www.myfonts.com/collections/changeling-neo-font-mark-simonson/?tab=techSpecs
[2026-09-27T14:13:58Z] #2108 attempt=1/2 status=200 0.566s url=https://www.myfonts.com/products/alt-medium-italic-texta-narrow-158699
[2026-09-27T14:13:58Z] #2109 attempt=1/2 status=200 0.260s url=https://www.myfonts.com/collections/texta-narrow-font-latinotype/
[2026-09-27T14:14:00Z] #2110 attempt=1/2 status=200 0.739s url=https://www.myfonts.com/collections/texta-narrow-font-latinotype/?tab=techSpecs
[2026-09-27T14:14:02Z] #2111 attempt=1/2 status=200 0.692s url=https://www.myfonts.com/products/cond-medium-proxima-soft-204992
[2026-09-27T14:14:03Z] #2112 attempt=1/2 status=200 0.847s url=https://www.myfonts.com/collections/proxima-soft-font-mark-simonson/
[2026-09-27T14:14:04Z] #2113 attempt=1/2 status=200 0.259s url=https://www.myfonts.com/collections/proxima-soft-font-mark-simonson/?tab=techSpecs
[2026-09-27T14:14:05Z] #2114 attempt=1/2 status=200 0.502s url=https://www.myfonts.com/products/bold-solomon-sans-213030
[2026-09-27T14:14:06Z] #2115 attempt=1/2 status=200 0.668s url=https://www.myfonts.com/collections/solomon-sans-font-fontfabric/
[2026-09-27T14:14:07Z] #2116 attempt=1/2 status=200 0.237s url=https://www.myfonts.com/collections/solomon-sans-font-fontfabric/?tab=techSpecs
[2026-09-27T14:14:09Z] #2117 attempt=1/2 status=200 0.530s url=https://www.myfonts.com/products/extracond-light-italic-proxima-soft-210511
[2026-09-27T14:14:10Z] #2118 attempt=1/2 status=200 0.272s url=https://www.myfonts.com/collections/proxima-soft-font-mark-simonson/
[2026-09-27T14:14:10Z] #2119 attempt=1/2 status=200 0.254s url=https://www.myfonts.com/collections/proxima-soft-font-mark-simonson/?tab=techSpecs
[2026-09-27T14:14:12Z] #2120 attempt=1/2 status=200 0.411s url=https://www.myfonts.com/products/black-kandal-152044
[2026-09-27T14:14:13Z] #2121 attempt=1/2 status=200 0.416s url=https://www.myfonts.com/collections/kandal-font-mark-simonson/
[2026-09-27T14:14:13Z] #2122 attempt=1/2 status=200 0.211s url=https://www.myfonts.com/collections/kandal-font-mark-simonson/?tab=techSpecs
[2026-09-27T14:14:15Z] #2123 attempt=1/2 status=200 0.723s url=https://www.myfonts.com/products/condensed-black-tt-lakes-213817
[2026-09-27T14:14:17Z] #2124 attempt=1/2 status=200 0.782s url=https://www.myfonts.com/collections/tt-lakes-font-typetype/
[2026-09-27T14:14:17Z] #2125 attempt=1/2 status=200 0.261s url=https://www.myfonts.com/collections/tt-lakes-font-typetype/?tab=techSpecs
[2026-09-27T14:14:20Z] #2126 attempt=1/2 status=200 0.677s url=https://www.myfonts.com/products/medium-italic-tt-lakes-214068
[2026-09-27T14:14:20Z] #2127 attempt=1/2 status=200 0.254s url=https://www.myfonts.com/collections/tt-lakes-font-typetype/
[2026-09-27T14:14:21Z] #2128 attempt=1/2 status=200 0.250s url=https://www.myfonts.com/collections/tt-lakes-font-typetype/?tab=techSpecs
[2026-09-27T14:14:23Z] #2129 attempt=1/2 status=200 0.654s url=https://www.myfonts.com/products/compressed-italic-tt-lakes-213739
[2026-09-27T14:14:24Z] #2130 attempt=1/2 status=200 0.278s url=https://www.myfonts.com/collections/tt-lakes-font-typetype/
[2026-09-27T14:14:25Z] #2131 attempt=1/2 status=200 0.272s url=https://www.myfonts.com/collections/tt-lakes-font-typetype/?tab=techSpecs
[2026-09-27T14:14:26Z] #2132 attempt=1/2 status=200 0.337s url=https://www.myfonts.com/products/regular-lakeside-204592
[2026-09-27T14:14:27Z] #2133 attempt=1/2 status=200 0.445s url=https://www.myfonts.com/collections/lakeside-font-mark-simonson/
[2026-09-27T14:14:28Z] #2134 attempt=1/2 status=200 0.303s url=https://www.myfonts.com/collections/lakeside-font-mark-simonson/?tab=techSpecs
[2026-09-27T14:14:29Z] #2135 attempt=1/2 status=200 0.530s url=https://www.myfonts.com/products/alt-thin-texta-narrow-158757
[2026-09-27T14:14:30Z] #2136 attempt=1/2 status=200 0.645s url=https://www.myfonts.com/collections/texta-narrow-font-latinotype/
[2026-09-27T14:14:31Z] #2137 attempt=1/2 status=200 0.230s url=https://www.myfonts.com/collections/texta-narrow-font-latinotype/?tab=techSpecs
[2026-09-27T14:14:33Z] #2138 attempt=1/2 status=200 0.675s url=https://www.myfonts.com/products/cond-extrabold-italic-proxima-soft-204918
[2026-09-27T14:14:34Z] #2139 attempt=1/2 status=200 0.776s url=https://www.myfonts.com/collections/proxima-soft-font-mark-simonson/
[2026-09-27T14:14:35Z] #2140 attempt=1/2 status=200 0.286s url=https://www.myfonts.com/collections/proxima-soft-font-mark-simonson/?tab=techSpecs
[2026-09-27T14:14:37Z] #2141 attempt=1/2 status=200 0.764s url=https://www.myfonts.com/products/condensed-demi-bold-italic-tt-lakes-213789
[2026-09-27T14:14:38Z] #2142 attempt=1/2 status=200 0.806s url=https://www.myfonts.com/collections/tt-lakes-font-typetype/
[2026-09-27T14:14:39Z] #2143 attempt=1/2 status=200 0.274s url=https://www.myfonts.com/collections/tt-lakes-font-typetype/?tab=techSpecs
[2026-09-27T14:14:41Z] #2144 attempt=1/2 status=200 0.441s url=https://www.myfonts.com/products/bold-kandal-152035
[2026-09-27T14:14:41Z] #2145 attempt=1/2 status=200 0.362s url=https://www.myfonts.com/collections/kandal-font-mark-simonson/
[2026-09-27T14:14:42Z] #2146 attempt=1/2 status=200 0.205s url=https://www.myfonts.com/collections/kandal-font-mark-simonson/?tab=techSpecs
[2026-09-27T14:14:44Z] #2147 attempt=1/2 status=200 0.514s url=https://www.myfonts.com/products/regular-arquitecta-standard-152694
[2026-09-27T14:14:45Z] #2148 attempt=1/2 status=200 0.927s url=https://www.myfonts.com/collections/arquitecta-standard-font-latinotype/
[2026-09-27T14:14:46Z] #2149 attempt=1/2 status=200 0.242s url=https://www.myfonts.com/collections/arquitecta-standard-font-latinotype/?tab=techSpecs
[2026-09-27T14:14:47Z] #2150 attempt=1/2 status=200 0.380s url=https://www.myfonts.com/products/bold-felt-tip-roman-242280
[2026-09-27T14:14:48Z] #2151 attempt=1/2 status=200 0.318s url=https://www.myfonts.com/collections/felt-tip-roman-font-mark-simonson/
[2026-09-27T14:14:49Z] #2152 attempt=1/2 status=200 0.330s url=https://www.myfonts.com/collections/felt-tip-roman-font-mark-simonson/?tab=techSpecs
[2026-09-27T14:14:51Z] #2153 attempt=1/2 status=200 0.560s url=https://www.myfonts.com/products/light-proxima-soft-204654
[2026-09-27T14:14:51Z] #2154 attempt=1/2 status=200 0.261s url=https://www.myfonts.com/collections/proxima-soft-font-mark-simonson/
[2026-09-27T14:14:52Z] #2155 attempt=1/2 status=200 0.266s url=https://www.myfonts.com/collections/proxima-soft-font-mark-simonson/?tab=techSpecs
[2026-09-27T14:14:54Z] #2156 attempt=1/2 status=200 0.619s url=https://www.myfonts.com/products/condensed-extra-light-tt-lakes-213876
[2026-09-27T14:14:55Z] #2157 attempt=1/2 status=200 0.320s url=https://www.myfonts.com/collections/tt-lakes-font-typetype/
[2026-09-27T14:14:56Z] #2158 attempt=1/2 status=200 0.268s url=https://www.myfonts.com/collections/tt-lakes-font-typetype/?tab=techSpecs
[2026-09-27T14:14:57Z] #2159 attempt=1/2 status=200 0.616s url=https://www.myfonts.com/products/compressed-extra-bold-italic-tt-lakes-213622
[2026-09-27T14:14:58Z] #2160 attempt=1/2 status=200 0.251s url=https://www.myfonts.com/collections/tt-lakes-font-typetype/
[2026-09-27T14:14:59Z] #2161 attempt=1/2 status=200 0.261s url=https://www.myfonts.com/collections/tt-lakes-font-typetype/?tab=techSpecs
[2026-09-27T14:15:01Z] #2162 attempt=1/2 status=200 0.610s url=https://www.myfonts.com/products/extracond-light-proxima-soft-210437
[2026-09-27T14:15:02Z] #2163 attempt=1/2 status=200 0.878s url=https://www.myfonts.com/collections/proxima-soft-font-mark-simonson/
[2026-09-27T14:15:03Z] #2164 attempt=1/2 status=200 0.978s url=https://www.myfonts.com/collections/proxima-soft-font-mark-simonson/?tab=techSpecs
[2026-09-27T14:15:06Z] #2165 attempt=1/2 status=200 0.845s url=https://www.myfonts.com/products/bold-proxima-soft-204613
[2026-09-27T14:15:06Z] #2166 attempt=1/2 status=200 0.259s url=https://www.myfonts.com/collections/proxima-soft-font-mark-simonson/
[2026-09-27T14:15:07Z] #2167 attempt=1/2 status=200 0.317s url=https://www.myfonts.com/collections/proxima-soft-font-mark-simonson/?tab=techSpecs
[2026-09-27T14:15:09Z] #2168 attempt=1/2 status=200 0.700s url=https://www.myfonts.com/products/black-italic-arquitecta-standard-148990
[2026-09-27T14:15:10Z] #2169 attempt=1/2 status=200 0.800s url=https://www.myfonts.com/collections/arquitecta-standard-font-latinotype/
[2026-09-27T14:15:11Z] #2170 attempt=1/2 status=200 0.226s url=https://www.myfonts.com/collections/arquitecta-standard-font-latinotype/?tab=techSpecs
[2026-09-27T14:15:13Z] #2171 attempt=1/2 status=200 0.523s url=https://www.myfonts.com/products/black-proxima-soft-204618
[2026-09-27T14:15:14Z] #2172 attempt=1/2 status=200 0.279s url=https://www.myfonts.com/collections/proxima-soft-font-mark-simonson/
[2026-09-27T14:15:14Z] #2173 attempt=1/2 status=200 0.263s url=https://www.myfonts.com/collections/proxima-soft-font-mark-simonson/?tab=techSpecs
[2026-09-27T14:15:16Z] #2174 attempt=1/2 status=200 0.521s url=https://www.myfonts.com/products/heavy-texta-narrow-154995
[2026-09-27T14:15:17Z] #2175 attempt=1/2 status=200 0.629s url=https://www.myfonts.com/collections/texta-narrow-font-latinotype/
[2026-09-27T14:15:18Z] #2176 attempt=1/2 status=200 0.245s url=https://www.myfonts.com/collections/texta-narrow-font-latinotype/?tab=techSpecs
[2026-09-27T14:15:20Z] #2177 attempt=1/2 status=200 0.427s url=https://www.myfonts.com/products/alternate-bold-grad-571846
[2026-09-27T14:15:20Z] #2178 attempt=1/2 status=200 0.486s url=https://www.myfonts.com/collections/grad-font-mark-simonson/
[2026-09-27T14:15:21Z] #2179 attempt=1/2 status=200 0.221s url=https://www.myfonts.com/collections/grad-font-mark-simonson/?tab=techSpecs
[2026-09-27T14:15:23Z] #2180 attempt=1/2 status=200 0.449s url=https://www.myfonts.com/products/thin-italic-tt-rounds-582345
[2026-09-27T14:15:24Z] #2181 attempt=1/2 status=200 0.464s url=https://www.myfonts.com/collections/tt-rounds-font-typetype/
[2026-09-27T14:15:24Z] #2182 attempt=1/2 status=200 0.256s url=https://www.myfonts.com/collections/tt-rounds-font-typetype/?tab=techSpecs
[2026-09-27T14:15:26Z] #2183 attempt=1/2 status=200 0.578s url=https://www.myfonts.com/products/closed-geta-robo-555099
[2026-09-27T14:15:27Z] #2184 attempt=1/2 status=200 0.615s url=https://www.myfonts.com/collections/geta-robo-font-the-northern-block/
[2026-09-27T14:15:28Z] #2185 attempt=1/2 status=200 0.596s url=https://www.myfonts.com/collections/geta-robo-font-the-northern-block/?tab=techSpecs
[2026-09-27T14:15:30Z] #2186 attempt=1/2 status=200 0.560s url=https://www.myfonts.com/products/closed-outline-video-tech-538067
[2026-09-27T14:15:31Z] #2187 attempt=1/2 status=200 0.752s url=https://www.myfonts.com/collections/video-tech-font-the-northern-block/
[2026-09-27T14:15:33Z] #2188 attempt=1/2 status=200 0.695s url=https://www.myfonts.com/collections/video-tech-font-the-northern-block/?tab=techSpecs
[2026-09-27T14:15:34Z] #2189 attempt=1/2 status=200 0.571s url=https://www.myfonts.com/products/black-italic-tt-drugs-condensed-582158
[2026-09-27T14:15:35Z] #2190 attempt=1/2 status=200 0.607s url=https://www.myfonts.com/collections/tt-drugs-condensed-font-typetype/
[2026-09-27T14:15:36Z] #2191 attempt=1/2 status=200 0.524s url=https://www.myfonts.com/collections/tt-drugs-condensed-font-typetype/?tab=techSpecs
[2026-09-27T14:15:38Z] #2192 attempt=1/2 status=200 0.438s url=https://www.myfonts.com/products/bold-coquette-545754
[2026-09-27T14:15:39Z] #2193 attempt=1/2 status=200 0.465s url=https://www.myfonts.com/collections/coquette-font-mark-simonson/
[2026-09-27T14:15:40Z] #2194 attempt=1/2 status=200 0.349s url=https://www.myfonts.com/collections/coquette-font-mark-simonson/?tab=techSpecs
[2026-09-27T14:15:41Z] #2195 attempt=1/2 status=200 0.441s url=https://www.myfonts.com/products/coffee-and-donuts-too-much-535595
[2026-09-27T14:15:42Z] #2196 attempt=1/2 status=200 0.459s url=https://www.myfonts.com/collections/too-much-font-comicraft/
[2026-09-27T14:15:43Z] #2197 attempt=1/2 status=200 0.400s url=https://www.myfonts.com/collections/too-much-font-comicraft/?tab=techSpecs
[2026-09-27T14:15:45Z] #2198 attempt=1/2 status=200 0.475s url=https://www.myfonts.com/products/regular-oric-neo-555090
[2026-09-27T14:15:46Z] #2199 attempt=1/2 status=200 0.474s url=https://www.myfonts.com/collections/oric-neo-font-the-northern-block/
[2026-09-27T14:15:47Z] #2200 attempt=1/2 status=200 0.478s url=https://www.myfonts.com/collections/oric-neo-font-the-northern-block/?tab=techSpecs
[2026-09-27T14:15:48Z] #2201 attempt=1/2 status=200 0.418s url=https://www.myfonts.com/products/bold-italic-gobbledygook-535278
[2026-09-27T14:15:49Z] #2202 attempt=1/2 status=200 0.439s url=https://www.myfonts.com/collections/gobbledygook-font-comicraft/
[2026-09-27T14:15:50Z] #2203 attempt=1/2 status=200 0.340s url=https://www.myfonts.com/collections/gobbledygook-font-comicraft/?tab=techSpecs
[2026-09-27T14:15:52Z] #2204 attempt=1/2 status=200 0.728s url=https://www.myfonts.com/products/extra-bold-sylar-555033
[2026-09-27T14:15:53Z] #2205 attempt=1/2 status=200 0.977s url=https://www.myfonts.com/collections/sylar-font-the-northern-block/
[2026-09-27T14:15:54Z] #2206 attempt=1/2 status=200 0.810s url=https://www.myfonts.com/collections/sylar-font-the-northern-block/?tab=techSpecs
[2026-09-27T14:15:56Z] #2207 attempt=1/2 status=200 0.561s url=https://www.myfonts.com/products/bold-joy-rider-538133
[2026-09-27T14:15:57Z] #2208 attempt=1/2 status=200 0.590s url=https://www.myfonts.com/collections/joy-rider-font-the-northern-block/
[2026-09-27T14:15:58Z] #2209 attempt=1/2 status=200 0.634s url=https://www.myfonts.com/collections/joy-rider-font-the-northern-block/?tab=techSpecs
[2026-09-27T14:16:01Z] #2210 attempt=1/6 status=200 0.853s url=https://www.myfonts.com/products.json?limit=100&page=68
[2026-09-27T14:16:01Z] #2211 attempt=1/2 status=200 0.515s url=https://www.myfonts.com/products/bold-italic-sky-wing-538094
[2026-09-27T14:16:03Z] #2212 attempt=1/2 status=200 0.583s url=https://www.myfonts.com/collections/sky-wing-font-the-northern-block/
[2026-09-27T14:16:04Z] #2213 attempt=1/2 status=200 0.736s url=https://www.myfonts.com/collections/sky-wing-font-the-northern-block/?tab=techSpecs
[2026-09-27T14:16:05Z] #2214 attempt=1/2 status=200 0.492s url=https://www.myfonts.com/products/light-italic-tt-rounds-condensed-581978
[2026-09-27T14:16:07Z] #2215 attempt=1/2 status=200 0.725s url=https://www.myfonts.com/collections/tt-rounds-condensed-font-typetype/
[2026-09-27T14:16:07Z] #2216 attempt=1/2 status=200 0.387s url=https://www.myfonts.com/collections/tt-rounds-condensed-font-typetype/?tab=techSpecs
[2026-09-27T14:16:09Z] #2217 attempt=1/2 status=200 0.486s url=https://www.myfonts.com/products/closed-black-queue-brick-538070
[2026-09-27T14:16:10Z] #2218 attempt=1/2 status=200 0.642s url=https://www.myfonts.com/collections/queue-brick-font-the-northern-block/
[2026-09-27T14:16:11Z] #2219 attempt=1/2 status=200 0.527s url=https://www.myfonts.com/collections/queue-brick-font-the-northern-block/?tab=techSpecs
[2026-09-27T14:16:13Z] #2220 attempt=1/2 status=200 0.533s url=https://www.myfonts.com/products/thin-italic-ttsquares-582405
[2026-09-27T14:16:14Z] #2221 attempt=1/2 status=200 0.604s url=https://www.myfonts.com/collections/ttsquares-font-typetype/
[2026-09-27T14:16:15Z] #2222 attempt=1/2 status=200 0.507s url=https://www.myfonts.com/collections/ttsquares-font-typetype/?tab=techSpecs
[2026-09-27T14:16:17Z] #2223 attempt=1/2 status=200 0.497s url=https://www.myfonts.com/products/book-platform-one-538053
[2026-09-27T14:16:18Z] #2224 attempt=1/2 status=200 0.698s url=https://www.myfonts.com/collections/platform-one-font-the-northern-block/
[2026-09-27T14:16:19Z] #2225 attempt=1/2 status=200 0.601s url=https://www.myfonts.com/collections/platform-one-font-the-northern-block/?tab=techSpecs
[2026-09-27T14:16:20Z] #2226 attempt=1/2 status=200 0.422s url=https://www.myfonts.com/products/light-snail-91575
[2026-09-27T14:16:21Z] #2227 attempt=1/2 status=200 0.440s url=https://www.myfonts.com/collections/snail-font-fontfabric/
[2026-09-27T14:16:22Z] #2228 attempt=1/2 status=200 0.374s url=https://www.myfonts.com/collections/snail-font-fontfabric/?tab=techSpecs
[2026-09-27T14:16:24Z] #2229 attempt=1/2 status=200 0.533s url=https://www.myfonts.com/products/black-ital-sanchez-560927
[2026-09-27T14:16:25Z] #2230 attempt=1/2 status=200 0.652s url=https://www.myfonts.com/collections/sanchez-font-latinotype/
[2026-09-27T14:16:26Z] #2231 attempt=1/2 status=200 0.567s url=https://www.myfonts.com/collections/sanchez-font-latinotype/?tab=techSpecs
[2026-09-27T14:16:28Z] #2232 attempt=1/2 status=200 0.385s url=https://www.myfonts.com/products/cartridge-pixel-arcade-580165
[2026-09-27T14:16:28Z] #2233 attempt=1/2 status=200 0.493s url=https://www.myfonts.com/collections/pixel-arcade-font-comicraft/
[2026-09-27T14:16:29Z] #2234 attempt=1/2 status=200 0.385s url=https://www.myfonts.com/collections/pixel-arcade-font-comicraft/?tab=techSpecs
[2026-09-27T14:16:31Z] #2235 attempt=1/2 status=200 0.467s url=https://www.myfonts.com/products/closed-fine-stealwerks-86029
[2026-09-27T14:16:32Z] #2236 attempt=1/2 status=200 0.551s url=https://www.myfonts.com/collections/stealwerks-font-the-northern-block/
[2026-09-27T14:16:33Z] #2237 attempt=1/2 status=200 0.524s url=https://www.myfonts.com/collections/stealwerks-font-the-northern-block/?tab=techSpecs
[2026-09-27T14:16:35Z] #2238 attempt=1/2 status=200 0.554s url=https://www.myfonts.com/products/light-italic-bookmania-573810
[2026-09-27T14:16:36Z] #2239 attempt=1/2 status=200 0.472s url=https://www.myfonts.com/collections/bookmania-font-mark-simonson/
[2026-09-27T14:16:36Z] #2240 attempt=1/2 status=200 0.470s url=https://www.myfonts.com/collections/bookmania-font-mark-simonson/?tab=techSpecs
[2026-09-27T14:16:38Z] #2241 attempt=1/2 status=200 0.466s url=https://www.myfonts.com/products/a-italic-laser-disco-95686
[2026-09-27T14:16:39Z] #2242 attempt=1/2 status=200 0.575s url=https://www.myfonts.com/collections/laser-disco-font-the-northern-block/
[2026-09-27T14:16:40Z] #2243 attempt=1/2 status=200 0.491s url=https://www.myfonts.com/collections/laser-disco-font-the-northern-block/?tab=techSpecs
[2026-09-27T14:16:42Z] #2244 attempt=1/2 status=200 0.899s url=https://www.myfonts.com/products/thin-astronaut-93371
[2026-09-27T14:16:43Z] #2245 attempt=1/2 status=200 0.634s url=https://www.myfonts.com/collections/astronaut-font-the-northern-block/
[2026-09-27T14:16:44Z] #2246 attempt=1/2 status=200 0.369s url=https://www.myfonts.com/collections/astronaut-font-the-northern-block/?tab=techSpecs
[2026-09-27T14:16:46Z] #2247 attempt=1/2 status=200 0.441s url=https://www.myfonts.com/products/regular-nexa-script-157705
[2026-09-27T14:16:47Z] #2248 attempt=1/2 status=200 0.499s url=https://www.myfonts.com/collections/nexa-script-font-fontfabric/
[2026-09-27T14:16:47Z] #2249 attempt=1/2 status=200 0.393s url=https://www.myfonts.com/collections/nexa-script-font-fontfabric/?tab=techSpecs
[2026-09-27T14:16:49Z] #2250 attempt=1/2 status=200 0.486s url=https://www.myfonts.com/products/closed-fat-italic-cor-ten-538142
[2026-09-27T14:16:50Z] #2251 attempt=1/2 status=200 0.540s url=https://www.myfonts.com/collections/cor-ten-font-the-northern-block/
[2026-09-27T14:16:51Z] #2252 attempt=1/2 status=200 0.455s url=https://www.myfonts.com/collections/cor-ten-font-the-northern-block/?tab=techSpecs
[2026-09-27T14:16:53Z] #2253 attempt=1/2 status=200 0.486s url=https://www.myfonts.com/products/light-italic-uninsta-971925
[2026-09-27T14:16:54Z] #2254 attempt=1/2 status=200 0.572s url=https://www.myfonts.com/collections/uninsta-font-inhouse-type/
[2026-09-27T14:16:55Z] #2255 attempt=1/2 status=200 0.629s url=https://www.myfonts.com/collections/uninsta-font-inhouse-type/?tab=techSpecs
[2026-09-27T14:16:56Z] #2256 attempt=1/2 status=200 0.385s url=https://www.myfonts.com/products/regular-tautz-969181
[2026-09-27T14:16:57Z] #2257 attempt=1/2 status=200 0.408s url=https://www.myfonts.com/collections/tautz-font-inhouse-type/
[2026-09-27T14:16:58Z] #2258 attempt=1/2 status=200 0.331s url=https://www.myfonts.com/collections/tautz-font-inhouse-type/?tab=techSpecs
[2026-09-27T14:17:00Z] #2259 attempt=1/2 status=200 0.424s url=https://www.myfonts.com/products/regular-neusa-972261
[2026-09-27T14:17:01Z] #2260 attempt=1/2 status=200 0.483s url=https://www.myfonts.com/collections/neusa-font-inhouse-type/
[2026-09-27T14:17:01Z] #2261 attempt=1/2 status=200 0.378s url=https://www.myfonts.com/collections/neusa-font-inhouse-type/?tab=techSpecs
[2026-09-27T14:17:03Z] #2262 attempt=1/2 status=200 0.366s url=https://www.myfonts.com/products/demi-bold-hapna-971951
[2026-09-27T14:17:04Z] #2263 attempt=1/2 status=200 0.470s url=https://www.myfonts.com/collections/hapna-font-inhouse-type/
[2026-09-27T14:17:05Z] #2264 attempt=1/2 status=200 0.431s url=https://www.myfonts.com/collections/hapna-font-inhouse-type/?tab=techSpecs
[2026-09-27T14:17:06Z] #2265 attempt=1/2 status=200 0.437s url=https://www.myfonts.com/products/regular-brion-553378
[2026-09-27T14:17:07Z] #2266 attempt=1/2 status=200 0.449s url=https://www.myfonts.com/collections/brion-font-the-northern-block/
[2026-09-27T14:17:08Z] #2267 attempt=1/2 status=200 0.432s url=https://www.myfonts.com/collections/brion-font-the-northern-block/?tab=techSpecs
[2026-09-27T14:17:10Z] #2268 attempt=1/2 status=200 0.361s url=https://www.myfonts.com/products/bold-kizo-971946
[2026-09-27T14:17:10Z] #2269 attempt=1/2 status=200 0.414s url=https://www.myfonts.com/collections/kizo-font-inhouse-type/
[2026-09-27T14:17:11Z] #2270 attempt=1/2 status=200 0.344s url=https://www.myfonts.com/collections/kizo-font-inhouse-type/?tab=techSpecs
[2026-09-27T14:17:13Z] #2271 attempt=1/2 status=200 0.507s url=https://www.myfonts.com/products/closed-italic-orange-royale-538081
[2026-09-27T14:17:14Z] #2272 attempt=1/2 status=200 0.625s url=https://www.myfonts.com/collections/orange-royale-font-the-northern-block/
[2026-09-27T14:17:15Z] #2273 attempt=1/2 status=200 0.527s url=https://www.myfonts.com/collections/orange-royale-font-the-northern-block/?tab=techSpecs
[2026-09-27T14:17:17Z] #2274 attempt=1/2 status=200 0.420s url=https://www.myfonts.com/products/italic-sheepman-579824
[2026-09-27T14:17:17Z] #2275 attempt=1/2 status=200 0.423s url=https://www.myfonts.com/collections/sheepman-font-hanoded/
[2026-09-27T14:17:18Z] #2276 attempt=1/2 status=200 0.399s url=https://www.myfonts.com/collections/sheepman-font-hanoded/?tab=techSpecs
[2026-09-27T14:17:20Z] #2277 attempt=1/2 status=200 0.428s url=https://www.myfonts.com/products/italic-blah-blah-blah-929642
[2026-09-27T14:17:21Z] #2278 attempt=1/2 status=200 0.519s url=https://www.myfonts.com/collections/blah-blah-blah-font-comicraft/
[2026-09-27T14:17:22Z] #2279 attempt=1/2 status=200 0.546s url=https://www.myfonts.com/collections/blah-blah-blah-font-comicraft/?tab=techSpecs
[2026-09-27T14:17:24Z] #2280 attempt=1/2 status=200 0.534s url=https://www.myfonts.com/products/thin-line-wire-538080
[2026-09-27T14:17:25Z] #2281 attempt=1/2 status=200 0.687s url=https://www.myfonts.com/collections/line-wire-font-the-northern-block/
[2026-09-27T14:17:26Z] #2282 attempt=1/2 status=200 0.613s url=https://www.myfonts.com/collections/line-wire-font-the-northern-block/?tab=techSpecs
[2026-09-27T14:17:28Z] #2283 attempt=1/2 status=200 0.532s url=https://www.myfonts.com/products/bold-centre-forward-538075
[2026-09-27T14:17:29Z] #2284 attempt=1/2 status=200 0.563s url=https://www.myfonts.com/collections/centre-forward-font-the-northern-block/
[2026-09-27T14:17:29Z] #2285 attempt=1/2 status=200 0.535s url=https://www.myfonts.com/collections/centre-forward-font-the-northern-block/?tab=techSpecs
[2026-09-27T14:17:31Z] #2286 attempt=1/2 status=200 0.496s url=https://www.myfonts.com/products/700-museo-sans-576079
[2026-09-27T14:17:32Z] #2287 attempt=1/2 status=200 0.720s url=https://www.myfonts.com/collections/museo-sans-font-exljbris/
[2026-09-27T14:17:34Z] #2288 attempt=1/2 status=200 0.598s url=https://www.myfonts.com/collections/museo-sans-font-exljbris/?tab=techSpecs
[2026-09-27T14:17:35Z] #2289 attempt=1/2 status=200 0.588s url=https://www.myfonts.com/products/900-museo-slab-576049
[2026-09-27T14:17:36Z] #2290 attempt=1/2 status=200 0.728s url=https://www.myfonts.com/collections/museo-slab-font-exljbris/
[2026-09-27T14:17:38Z] #2291 attempt=1/2 status=200 0.653s url=https://www.myfonts.com/collections/museo-slab-font-exljbris/?tab=techSpecs
[2026-09-27T14:17:39Z] #2292 attempt=1/2 status=200 0.465s url=https://www.myfonts.com/products/swash-monoline-kitten-567042
[2026-09-27T14:17:40Z] #2293 attempt=1/2 status=200 0.670s url=https://www.myfonts.com/collections/kitten-font-zetafonts/
[2026-09-27T14:17:41Z] #2294 attempt=1/2 status=200 0.467s url=https://www.myfonts.com/collections/kitten-font-zetafonts/?tab=techSpecs
[2026-09-27T14:17:43Z] #2295 attempt=1/2 status=200 0.523s url=https://www.myfonts.com/products/thin-italic-tt-squares-condensed-582236
[2026-09-27T14:17:44Z] #2296 attempt=1/2 status=200 0.669s url=https://www.myfonts.com/collections/tt-squares-condensed-font-typetype/
[2026-09-27T14:17:45Z] #2297 attempt=1/2 status=200 0.529s url=https://www.myfonts.com/collections/tt-squares-condensed-font-typetype/?tab=techSpecs
[2026-09-27T14:17:48Z] #2298 attempt=1/6 status=200 0.878s url=https://www.myfonts.com/products.json?limit=100&page=69
[2026-09-27T14:17:49Z] #2299 attempt=1/2 status=200 0.709s url=https://www.myfonts.com/products/alt-thin-italic-texta-563333
[2026-09-27T14:17:50Z] #2300 attempt=1/2 status=200 0.877s url=https://www.myfonts.com/collections/texta-font-latinotype/
[2026-09-27T14:17:51Z] #2301 attempt=1/2 status=200 0.952s url=https://www.myfonts.com/collections/texta-font-latinotype/?tab=techSpecs
[2026-09-27T14:17:53Z] #2302 attempt=1/2 status=200 0.464s url=https://www.myfonts.com/products/light-mostra-nuova-572975
[2026-09-27T14:17:54Z] #2303 attempt=1/2 status=200 0.673s url=https://www.myfonts.com/collections/mostra-nuova-font-mark-simonson/
[2026-09-27T14:17:55Z] #2304 attempt=1/2 status=200 0.246s url=https://www.myfonts.com/collections/mostra-nuova-font-mark-simonson/?tab=techSpecs
[2026-09-27T14:17:57Z] #2305 attempt=1/2 status=200 0.615s url=https://www.myfonts.com/products/bold-arctic-patrol-555077
[2026-09-27T14:17:58Z] #2306 attempt=1/2 status=200 0.684s url=https://www.myfonts.com/collections/arctic-patrol-font-the-northern-block/
[2026-09-27T14:17:59Z] #2307 attempt=1/2 status=200 0.544s url=https://www.myfonts.com/collections/arctic-patrol-font-the-northern-block/?tab=techSpecs
[2026-09-27T14:18:01Z] #2308 attempt=1/2 status=200 0.385s url=https://www.myfonts.com/products/regular-harimau-dua-563512
[2026-09-27T14:18:02Z] #2309 attempt=1/2 status=200 0.379s url=https://www.myfonts.com/collections/harimau-dua-font-hanoded/
[2026-09-27T14:18:02Z] #2310 attempt=1/2 status=200 0.326s url=https://www.myfonts.com/collections/harimau-dua-font-hanoded/?tab=techSpecs
[2026-09-27T14:18:04Z] #2311 attempt=1/2 status=200 0.464s url=https://www.myfonts.com/products/regular-goldenbook-545760
[2026-09-27T14:18:05Z] #2312 attempt=1/2 status=200 0.452s url=https://www.myfonts.com/collections/goldenbook-font-mark-simonson/
[2026-09-27T14:18:05Z] #2313 attempt=1/2 status=200 0.241s url=https://www.myfonts.com/collections/goldenbook-font-mark-simonson/?tab=techSpecs
[2026-09-27T14:18:07Z] #2314 attempt=1/2 status=200 0.457s url=https://www.myfonts.com/products/heavy-outline-lexie-readable-575494
[2026-09-27T14:18:08Z] #2315 attempt=1/2 status=200 0.576s url=https://www.myfonts.com/collections/lexie-readable-font-k-type/
[2026-09-27T14:18:09Z] #2316 attempt=1/2 status=200 0.530s url=https://www.myfonts.com/collections/lexie-readable-font-k-type/?tab=techSpecs
[2026-09-27T14:18:11Z] #2317 attempt=1/2 status=200 0.812s url=https://www.myfonts.com/products/cd-extra-light-italic-paralucent-100587
[2026-09-27T14:18:13Z] #2318 attempt=1/2 status=200 1.257s url=https://www.myfonts.com/collections/paralucent-font-device/
[2026-09-27T14:18:14Z] #2319 attempt=1/2 status=200 0.877s url=https://www.myfonts.com/collections/paralucent-font-device/?tab=techSpecs
[2026-09-27T14:18:17Z] #2320 attempt=1/6 status=200 0.917s url=https://www.myfonts.com/products.json?limit=100&page=70
[2026-09-27T14:18:18Z] #2321 attempt=1/2 status=200 0.475s url=https://www.myfonts.com/products/light-italic-metallophile-sp8-575487
[2026-09-27T14:18:18Z] #2322 attempt=1/2 status=200 0.433s url=https://www.myfonts.com/collections/metallophile-sp8-font-mark-simonson/
[2026-09-27T14:18:19Z] #2323 attempt=1/2 status=200 0.373s url=https://www.myfonts.com/collections/metallophile-sp8-font-mark-simonson/?tab=techSpecs
[2026-09-27T14:18:21Z] #2324 attempt=1/2 status=200 0.446s url=https://www.myfonts.com/products/aint-nothing-fancy-aint-nothing-fancy-556439
[2026-09-27T14:18:22Z] #2325 attempt=1/2 status=200 0.544s url=https://www.myfonts.com/collections/aint-nothing-fancy-font-hanoded/
[2026-09-27T14:18:23Z] #2326 attempt=1/2 status=200 0.463s url=https://www.myfonts.com/collections/aint-nothing-fancy-font-hanoded/?tab=techSpecs
[2026-09-27T14:18:24Z] #2327 attempt=1/2 status=200 0.407s url=https://www.myfonts.com/products/italic-nippon-note-567113
[2026-09-27T14:18:25Z] #2328 attempt=1/2 status=200 0.490s url=https://www.myfonts.com/collections/nippon-note-font-hanoded/
[2026-09-27T14:18:26Z] #2329 attempt=1/2 status=200 0.445s url=https://www.myfonts.com/collections/nippon-note-font-hanoded/?tab=techSpecs
[2026-09-27T14:18:28Z] #2330 attempt=1/2 status=200 0.375s url=https://www.myfonts.com/products/italic-sleepy-time-564343
[2026-09-27T14:18:29Z] #2331 attempt=1/2 status=200 0.465s url=https://www.myfonts.com/collections/sleepy-time-font-hanoded/
[2026-09-27T14:18:30Z] #2332 attempt=1/2 status=200 0.340s url=https://www.myfonts.com/collections/sleepy-time-font-hanoded/?tab=techSpecs
[2026-09-27T14:18:31Z] #2333 attempt=1/2 status=200 0.490s url=https://www.myfonts.com/products/bold-clean-cut-kid-930366
[2026-09-27T14:18:32Z] #2334 attempt=1/2 status=200 0.469s url=https://www.myfonts.com/collections/clean-cut-kid-font-comicraft/
[2026-09-27T14:18:33Z] #2335 attempt=1/2 status=200 0.381s url=https://www.myfonts.com/collections/clean-cut-kid-font-comicraft/?tab=techSpecs
[2026-09-27T14:18:35Z] #2336 attempt=1/6 status=200 0.755s url=https://www.myfonts.com/products.json?limit=100&page=71
[2026-09-27T14:18:36Z] #2337 attempt=1/2 status=200 0.395s url=https://www.myfonts.com/products/bold-phil-yeh-535543
[2026-09-27T14:18:37Z] #2338 attempt=1/2 status=200 0.530s url=https://www.myfonts.com/collections/phil-yeh-font-comicraft/
[2026-09-27T14:18:38Z] #2339 attempt=1/2 status=200 0.408s url=https://www.myfonts.com/collections/phil-yeh-font-comicraft/?tab=techSpecs
[2026-09-27T14:18:40Z] #2340 attempt=1/2 status=200 0.606s url=https://www.myfonts.com/products/light-italic-serenity-568617
[2026-09-27T14:18:41Z] #2341 attempt=1/2 status=200 0.687s url=https://www.myfonts.com/collections/serenity-font-device/
[2026-09-27T14:18:42Z] #2342 attempt=1/2 status=200 0.576s url=https://www.myfonts.com/collections/serenity-font-device/?tab=techSpecs
[2026-09-27T14:18:44Z] #2343 attempt=1/2 status=200 0.379s url=https://www.myfonts.com/products/regular-rutan-969174
[2026-09-27T14:18:45Z] #2344 attempt=1/2 status=200 0.472s url=https://www.myfonts.com/collections/rutan-font-inhouse-type/
[2026-09-27T14:18:46Z] #2345 attempt=1/2 status=200 0.415s url=https://www.myfonts.com/collections/rutan-font-inhouse-type/?tab=techSpecs
[2026-09-27T14:18:47Z] #2346 attempt=1/2 status=200 0.394s url=https://www.myfonts.com/products/italic-midnight-chalker-567111
[2026-09-27T14:18:48Z] #2347 attempt=1/2 status=200 0.457s url=https://www.myfonts.com/collections/midnight-chalker-font-hanoded/
[2026-09-27T14:18:49Z] #2348 attempt=1/2 status=200 0.372s url=https://www.myfonts.com/collections/midnight-chalker-font-hanoded/?tab=techSpecs
[2026-09-27T14:18:50Z] #2349 attempt=1/2 status=200 0.400s url=https://www.myfonts.com/products/italic-plakkaat-581703
[2026-09-27T14:18:51Z] #2350 attempt=1/2 status=200 0.420s url=https://www.myfonts.com/collections/plakkaat-font-hanoded/
[2026-09-27T14:18:52Z] #2351 attempt=1/2 status=200 0.423s url=https://www.myfonts.com/collections/plakkaat-font-hanoded/?tab=techSpecs
[2026-09-27T14:18:55Z] #2352 attempt=1/6 status=200 0.870s url=https://www.myfonts.com/products.json?limit=100&page=72
[2026-09-27T14:18:55Z] #2353 attempt=1/2 status=200 0.406s url=https://www.myfonts.com/products/tondu-beta-tondu-561899
[2026-09-27T14:18:56Z] #2354 attempt=1/2 status=200 0.434s url=https://www.myfonts.com/collections/tondu-font-the-northern-block/
[2026-09-27T14:18:57Z] #2355 attempt=1/2 status=200 0.352s url=https://www.myfonts.com/collections/tondu-font-the-northern-block/?tab=techSpecs
[2026-09-27T14:18:59Z] #2356 attempt=1/2 status=200 0.349s url=https://www.myfonts.com/products/joe-schmoe-joe-schmoe-563483
[2026-09-27T14:18:59Z] #2357 attempt=1/2 status=200 0.418s url=https://www.myfonts.com/collections/joe-schmoe-font-hanoded/
[2026-09-27T14:19:00Z] #2358 attempt=1/2 status=200 0.473s url=https://www.myfonts.com/collections/joe-schmoe-font-hanoded/?tab=techSpecs
[2026-09-27T14:19:02Z] #2359 attempt=1/2 status=200 0.361s url=https://www.myfonts.com/products/regular-blue-plaque-553335
[2026-09-27T14:19:03Z] #2360 attempt=1/2 status=200 0.394s url=https://www.myfonts.com/collections/blue-plaque-font-k-type/
[2026-09-27T14:19:03Z] #2361 attempt=1/2 status=200 0.319s url=https://www.myfonts.com/collections/blue-plaque-font-k-type/?tab=techSpecs
[2026-09-27T14:19:05Z] #2362 attempt=1/2 status=200 0.334s url=https://www.myfonts.com/products/regular-velik-969495
[2026-09-27T14:19:06Z] #2363 attempt=1/2 status=200 0.344s url=https://www.myfonts.com/collections/velik-font-inhouse-type/
[2026-09-27T14:19:07Z] #2364 attempt=1/2 status=200 0.314s url=https://www.myfonts.com/collections/velik-font-inhouse-type/?tab=techSpecs
[2026-09-27T14:19:08Z] #2365 attempt=1/6 status=200 0.826s url=https://www.myfonts.com/products.json?limit=100&page=73
[2026-09-27T14:19:09Z] #2366 attempt=1/2 status=200 0.388s url=https://www.myfonts.com/products/regular-harimau-563481
[2026-09-27T14:19:10Z] #2367 attempt=1/2 status=200 0.363s url=https://www.myfonts.com/collections/harimau-font-hanoded/
[2026-09-27T14:19:11Z] #2368 attempt=1/2 status=200 0.344s url=https://www.myfonts.com/collections/harimau-font-hanoded/?tab=techSpecs
[2026-09-27T14:19:12Z] #2369 attempt=1/2 status=200 0.342s url=https://www.myfonts.com/products/hapshash-hapshash-562194
[2026-09-27T14:19:13Z] #2370 attempt=1/2 status=200 0.388s url=https://www.myfonts.com/collections/hapshash-font-k-type/
[2026-09-27T14:19:14Z] #2371 attempt=1/2 status=200 0.333s url=https://www.myfonts.com/collections/hapshash-font-k-type/?tab=techSpecs
[2026-09-27T14:19:16Z] #2372 attempt=1/2 status=200 0.567s url=https://www.myfonts.com/products/stencil-thin-revista-561241
[2026-09-27T14:19:17Z] #2373 attempt=1/2 status=200 0.992s url=https://www.myfonts.com/collections/revista-font-latinotype/
[2026-09-27T14:19:18Z] #2374 attempt=1/2 status=200 0.769s url=https://www.myfonts.com/collections/revista-font-latinotype/?tab=techSpecs
[2026-09-27T14:19:20Z] #2375 attempt=1/2 status=200 0.339s url=https://www.myfonts.com/products/semi-bold-tikal-sans-117923
[2026-09-27T14:19:21Z] #2376 attempt=1/2 status=200 0.305s url=https://www.myfonts.com/collections/tikal-sans-font-latinotype/
[2026-09-27T14:19:21Z] #2377 attempt=1/2 status=200 0.314s url=https://www.myfonts.com/collections/tikal-sans-font-latinotype/?tab=techSpecs
[2026-09-27T14:19:23Z] #2378 attempt=1/2 status=200 0.420s url=https://www.myfonts.com/products/deco-pimp-deco-pimp-556442
[2026-09-27T14:19:23Z] #2379 attempt=1/2 status=200 0.451s url=https://www.myfonts.com/collections/deco-pimp-font-hanoded/
[2026-09-27T14:19:24Z] #2380 attempt=1/2 status=200 0.389s url=https://www.myfonts.com/collections/deco-pimp-font-hanoded/?tab=techSpecs
[2026-09-27T14:19:27Z] #2381 attempt=1/6 status=200 1.048s url=https://www.myfonts.com/products.json?limit=100&page=74
[2026-09-27T14:19:28Z] #2382 attempt=1/2 status=200 0.490s url=https://www.myfonts.com/products/regular-neues-bauen-554568
[2026-09-27T14:19:28Z] #2383 attempt=1/2 status=200 0.570s url=https://www.myfonts.com/collections/neues-bauen-font-hanoded/
[2026-09-27T14:19:29Z] #2384 attempt=1/2 status=200 0.473s url=https://www.myfonts.com/collections/neues-bauen-font-hanoded/?tab=techSpecs
[2026-09-27T14:19:31Z] #2385 attempt=1/2 status=200 0.462s url=https://www.myfonts.com/products/telstar-telstar-541631
[2026-09-27T14:19:32Z] #2386 attempt=1/2 status=200 0.414s url=https://www.myfonts.com/collections/telstar-font-device/
[2026-09-27T14:19:33Z] #2387 attempt=1/2 status=200 0.333s url=https://www.myfonts.com/collections/telstar-font-device/?tab=techSpecs
[2026-09-27T14:19:35Z] #2388 attempt=1/2 status=200 0.739s url=https://www.myfonts.com/products/compressed-thin-tt-lakes-213748
[2026-09-27T14:19:36Z] #2389 attempt=1/2 status=200 0.818s url=https://www.myfonts.com/collections/tt-lakes-font-typetype/
[2026-09-27T14:19:37Z] #2390 attempt=1/2 status=200 0.860s url=https://www.myfonts.com/collections/tt-lakes-font-typetype/?tab=techSpecs
[2026-09-27T14:19:39Z] #2391 attempt=1/2 status=200 0.612s url=https://www.myfonts.com/products/italic-tt-lakes-214126
[2026-09-27T14:19:40Z] #2392 attempt=1/2 status=200 0.280s url=https://www.myfonts.com/collections/tt-lakes-font-typetype/
[2026-09-27T14:19:41Z] #2393 attempt=1/2 status=200 0.263s url=https://www.myfonts.com/collections/tt-lakes-font-typetype/?tab=techSpecs
[2026-09-27T14:19:43Z] #2394 attempt=1/2 status=200 0.552s url=https://www.myfonts.com/products/alt-regular-texta-narrow-158728
[2026-09-27T14:19:44Z] #2395 attempt=1/2 status=200 0.638s url=https://www.myfonts.com/collections/texta-narrow-font-latinotype/
[2026-09-27T14:19:44Z] #2396 attempt=1/2 status=200 0.259s url=https://www.myfonts.com/collections/texta-narrow-font-latinotype/?tab=techSpecs
[2026-09-27T14:19:46Z] #2397 attempt=1/2 status=200 0.642s url=https://www.myfonts.com/products/compressed-black-tt-lakes-213604
[2026-09-27T14:19:47Z] #2398 attempt=1/2 status=200 0.276s url=https://www.myfonts.com/collections/tt-lakes-font-typetype/
[2026-09-27T14:19:48Z] #2399 attempt=1/2 status=200 0.263s url=https://www.myfonts.com/collections/tt-lakes-font-typetype/?tab=techSpecs
[2026-09-27T14:19:50Z] #2400 attempt=1/2 status=200 0.474s url=https://www.myfonts.com/products/heavy-mostra-nuova-243387
[2026-09-27T14:19:50Z] #2401 attempt=1/2 status=200 0.488s url=https://www.myfonts.com/collections/mostra-nuova-font-mark-simonson/
[2026-09-27T14:19:51Z] #2402 attempt=1/2 status=200 0.224s url=https://www.myfonts.com/collections/mostra-nuova-font-mark-simonson/?tab=techSpecs
[2026-09-27T14:19:53Z] #2403 attempt=1/2 status=200 0.344s url=https://www.myfonts.com/products/felt-tip-woman-felt-tip-woman-151996
[2026-09-27T14:19:53Z] #2404 attempt=1/2 status=200 0.362s url=https://www.myfonts.com/collections/felt-tip-woman-font-mark-simonson/
[2026-09-27T14:19:54Z] #2405 attempt=1/2 status=200 0.381s url=https://www.myfonts.com/collections/felt-tip-woman-font-mark-simonson/?tab=techSpecs
[2026-09-27T14:19:56Z] #2406 attempt=1/2 status=200 0.541s url=https://www.myfonts.com/products/light-arquitecta-standard-152664
[2026-09-27T14:19:57Z] #2407 attempt=1/2 status=200 0.918s url=https://www.myfonts.com/collections/arquitecta-standard-font-latinotype/
[2026-09-27T14:19:58Z] #2408 attempt=1/2 status=200 0.286s url=https://www.myfonts.com/collections/arquitecta-standard-font-latinotype/?tab=techSpecs
[2026-09-27T14:20:00Z] #2409 attempt=1/2 status=200 0.491s url=https://www.myfonts.com/products/bold-arquitecta-standard-152622
[2026-09-27T14:20:00Z] #2410 attempt=1/2 status=200 0.257s url=https://www.myfonts.com/collections/arquitecta-standard-font-latinotype/
[2026-09-27T14:20:01Z] #2411 attempt=1/2 status=200 0.262s url=https://www.myfonts.com/collections/arquitecta-standard-font-latinotype/?tab=techSpecs
[2026-09-27T14:20:03Z] #2412 attempt=1/2 status=200 0.594s url=https://www.myfonts.com/products/medium-tt-lakes-214096
[2026-09-27T14:20:04Z] #2413 attempt=1/2 status=200 0.264s url=https://www.myfonts.com/collections/tt-lakes-font-typetype/
[2026-09-27T14:20:05Z] #2414 attempt=1/2 status=200 0.268s url=https://www.myfonts.com/collections/tt-lakes-font-typetype/?tab=techSpecs
[2026-09-27T14:20:06Z] #2415 attempt=1/2 status=200 0.444s url=https://www.myfonts.com/products/thin-italic-solomon-sans-213010
[2026-09-27T14:20:07Z] #2416 attempt=1/2 status=200 0.596s url=https://www.myfonts.com/collections/solomon-sans-font-fontfabric/
[2026-09-27T14:20:08Z] #2417 attempt=1/2 status=200 0.236s url=https://www.myfonts.com/collections/solomon-sans-font-fontfabric/?tab=techSpecs
[2026-09-27T14:20:10Z] #2418 attempt=1/2 status=200 0.655s url=https://www.myfonts.com/products/condensed-medium-tt-lakes-213887
[2026-09-27T14:20:10Z] #2419 attempt=1/2 status=200 0.275s url=https://www.myfonts.com/collections/tt-lakes-font-typetype/
[2026-09-27T14:20:11Z] #2420 attempt=1/2 status=200 0.288s url=https://www.myfonts.com/collections/tt-lakes-font-typetype/?tab=techSpecs
[2026-09-27T14:20:13Z] #2421 attempt=1/2 status=200 0.683s url=https://www.myfonts.com/products/cond-light-proxima-soft-204940
[2026-09-27T14:20:14Z] #2422 attempt=1/2 status=200 0.819s url=https://www.myfonts.com/collections/proxima-soft-font-mark-simonson/
[2026-09-27T14:20:15Z] #2423 attempt=1/2 status=200 0.301s url=https://www.myfonts.com/collections/proxima-soft-font-mark-simonson/?tab=techSpecs
[2026-09-27T14:20:17Z] #2424 attempt=1/2 status=200 0.553s url=https://www.myfonts.com/products/cond-light-italic-proxima-soft-204972
[2026-09-27T14:20:18Z] #2425 attempt=1/2 status=200 0.256s url=https://www.myfonts.com/collections/proxima-soft-font-mark-simonson/
[2026-09-27T14:20:19Z] #2426 attempt=1/2 status=200 0.280s url=https://www.myfonts.com/collections/proxima-soft-font-mark-simonson/?tab=techSpecs
[2026-09-27T14:20:20Z] #2427 attempt=1/2 status=200 0.565s url=https://www.myfonts.com/products/thin-italic-tt-lakes-214132
[2026-09-27T14:20:21Z] #2428 attempt=1/2 status=200 0.291s url=https://www.myfonts.com/collections/tt-lakes-font-typetype/
[2026-09-27T14:20:22Z] #2429 attempt=1/2 status=200 0.269s url=https://www.myfonts.com/collections/tt-lakes-font-typetype/?tab=techSpecs
[2026-09-27T14:20:24Z] #2430 attempt=1/2 status=200 0.569s url=https://www.myfonts.com/products/extracond-thin-italic-proxima-soft-210633
[2026-09-27T14:20:24Z] #2431 attempt=1/2 status=200 0.263s url=https://www.myfonts.com/collections/proxima-soft-font-mark-simonson/
[2026-09-27T14:20:25Z] #2432 attempt=1/2 status=200 0.293s url=https://www.myfonts.com/collections/proxima-soft-font-mark-simonson/?tab=techSpecs
[2026-09-27T14:20:27Z] #2433 attempt=1/2 status=200 0.717s url=https://www.myfonts.com/products/condensed-extra-bold-italic-tt-lakes-213835
[2026-09-27T14:20:28Z] #2434 attempt=1/2 status=200 0.271s url=https://www.myfonts.com/collections/tt-lakes-font-typetype/
[2026-09-27T14:20:29Z] #2435 attempt=1/2 status=200 0.313s url=https://www.myfonts.com/collections/tt-lakes-font-typetype/?tab=techSpecs
[2026-09-27T14:20:31Z] #2436 attempt=1/2 status=200 0.508s url=https://www.myfonts.com/products/bold-texta-narrow-154959
[2026-09-27T14:20:31Z] #2437 attempt=1/2 status=200 0.262s url=https://www.myfonts.com/collections/texta-narrow-font-latinotype/
[2026-09-27T14:20:32Z] #2438 attempt=1/2 status=200 0.249s url=https://www.myfonts.com/collections/texta-narrow-font-latinotype/?tab=techSpecs
[2026-09-27T14:20:34Z] #2439 attempt=1/2 status=200 0.486s url=https://www.myfonts.com/products/ultralight-bill-corporate-narrow-244587
[2026-09-27T14:20:35Z] #2440 attempt=1/2 status=200 0.477s url=https://www.myfonts.com/collections/bill-corporate-narrow-font-ogj-type-design/
[2026-09-27T14:20:35Z] #2441 attempt=1/2 status=200 0.377s url=https://www.myfonts.com/collections/bill-corporate-narrow-font-ogj-type-design/?tab=techSpecs
[2026-09-27T14:20:37Z] #2442 attempt=1/2 status=200 0.432s url=https://www.myfonts.com/products/black-texta-narrow-154980
[2026-09-27T14:20:38Z] #2443 attempt=1/2 status=200 0.255s url=https://www.myfonts.com/collections/texta-narrow-font-latinotype/
[2026-09-27T14:20:38Z] #2444 attempt=1/2 status=200 0.266s url=https://www.myfonts.com/collections/texta-narrow-font-latinotype/?tab=techSpecs
[2026-09-27T14:20:40Z] #2445 attempt=1/2 status=200 0.394s url=https://www.myfonts.com/products/inline-changeling-neo-151771
[2026-09-27T14:20:41Z] #2446 attempt=1/2 status=200 0.431s url=https://www.myfonts.com/collections/changeling-neo-font-mark-simonson/
[2026-09-27T14:20:42Z] #2447 attempt=1/2 status=200 0.230s url=https://www.myfonts.com/collections/changeling-neo-font-mark-simonson/?tab=techSpecs
[2026-09-27T14:20:43Z] #2448 attempt=1/2 status=200 0.606s url=https://www.myfonts.com/products/cond-black-proxima-soft-204883
[2026-09-27T14:20:44Z] #2449 attempt=1/2 status=200 0.288s url=https://www.myfonts.com/collections/proxima-soft-font-mark-simonson/
[2026-09-27T14:20:45Z] #2450 attempt=1/2 status=200 0.272s url=https://www.myfonts.com/collections/proxima-soft-font-mark-simonson/?tab=techSpecs
[2026-09-27T14:20:47Z] #2451 attempt=1/2 status=200 0.581s url=https://www.myfonts.com/products/light-italic-proxima-soft-204706
[2026-09-27T14:20:47Z] #2452 attempt=1/2 status=200 0.268s url=https://www.myfonts.com/collections/proxima-soft-font-mark-simonson/
[2026-09-27T14:20:48Z] #2453 attempt=1/2 status=200 0.271s url=https://www.myfonts.com/collections/proxima-soft-font-mark-simonson/?tab=techSpecs
[2026-09-27T14:20:50Z] #2454 attempt=1/2 status=200 0.544s url=https://www.myfonts.com/products/extracond-medium-proxima-soft-210521
[2026-09-27T14:20:51Z] #2455 attempt=1/2 status=200 0.267s url=https://www.myfonts.com/collections/proxima-soft-font-mark-simonson/
[2026-09-27T14:20:51Z] #2456 attempt=1/2 status=200 0.270s url=https://www.myfonts.com/collections/proxima-soft-font-mark-simonson/?tab=techSpecs
[2026-09-27T14:20:53Z] #2457 attempt=1/2 status=200 0.606s url=https://www.myfonts.com/products/regular-proxima-soft-204716
[2026-09-27T14:20:54Z] #2458 attempt=1/2 status=200 0.309s url=https://www.myfonts.com/collections/proxima-soft-font-mark-simonson/
[2026-09-27T14:20:55Z] #2459 attempt=1/2 status=200 0.280s url=https://www.myfonts.com/collections/proxima-soft-font-mark-simonson/?tab=techSpecs
[2026-09-27T14:20:57Z] #2460 attempt=1/2 status=200 0.489s url=https://www.myfonts.com/products/regular-goldenbook-242199
[2026-09-27T14:20:57Z] #2461 attempt=1/2 status=200 0.440s url=https://www.myfonts.com/collections/goldenbook-font-mark-simonson/
[2026-09-27T14:20:58Z] #2462 attempt=1/2 status=200 0.248s url=https://www.myfonts.com/collections/goldenbook-font-mark-simonson/?tab=techSpecs
[2026-09-27T14:21:00Z] #2463 attempt=1/2 status=200 0.414s url=https://www.myfonts.com/products/bold-goldenbook-242208
[2026-09-27T14:21:01Z] #2464 attempt=1/2 status=200 0.215s url=https://www.myfonts.com/collections/goldenbook-font-mark-simonson/
[2026-09-27T14:21:01Z] #2465 attempt=1/2 status=200 0.233s url=https://www.myfonts.com/collections/goldenbook-font-mark-simonson/?tab=techSpecs
[2026-09-27T14:21:03Z] #2466 attempt=1/2 status=200 0.339s url=https://www.myfonts.com/products/regular-changeling-neo-151810
[2026-09-27T14:21:04Z] #2467 attempt=1/2 status=200 0.250s url=https://www.myfonts.com/collections/changeling-neo-font-mark-simonson/
[2026-09-27T14:21:04Z] #2468 attempt=1/2 status=200 0.208s url=https://www.myfonts.com/collections/changeling-neo-font-mark-simonson/?tab=techSpecs
[2026-09-27T14:21:06Z] #2469 attempt=1/2 status=200 0.479s url=https://www.myfonts.com/products/book-italic-arquitecta-standard-152613
[2026-09-27T14:21:07Z] #2470 attempt=1/2 status=200 0.313s url=https://www.myfonts.com/collections/arquitecta-standard-font-latinotype/
[2026-09-27T14:21:07Z] #2471 attempt=1/2 status=200 0.241s url=https://www.myfonts.com/collections/arquitecta-standard-font-latinotype/?tab=techSpecs
[2026-09-27T14:21:09Z] #2472 attempt=1/2 status=200 0.407s url=https://www.myfonts.com/products/book-kandal-152064
[2026-09-27T14:21:10Z] #2473 attempt=1/2 status=200 0.393s url=https://www.myfonts.com/collections/kandal-font-mark-simonson/
[2026-09-27T14:21:11Z] #2474 attempt=1/2 status=200 0.228s url=https://www.myfonts.com/collections/kandal-font-mark-simonson/?tab=techSpecs
[2026-09-27T14:21:12Z] #2475 attempt=1/2 status=200 0.463s url=https://www.myfonts.com/products/black-arquitecta-standard-148970
[2026-09-27T14:21:13Z] #2476 attempt=1/2 status=200 0.267s url=https://www.myfonts.com/collections/arquitecta-standard-font-latinotype/
[2026-09-27T14:21:14Z] #2477 attempt=1/2 status=200 0.244s url=https://www.myfonts.com/collections/arquitecta-standard-font-latinotype/?tab=techSpecs
[2026-09-27T14:21:15Z] #2478 attempt=1/2 status=200 0.634s url=https://www.myfonts.com/products/semibold-proxima-soft-204786
[2026-09-27T14:21:16Z] #2479 attempt=1/2 status=200 0.295s url=https://www.myfonts.com/collections/proxima-soft-font-mark-simonson/
[2026-09-27T14:21:17Z] #2480 attempt=1/2 status=200 0.283s url=https://www.myfonts.com/collections/proxima-soft-font-mark-simonson/?tab=techSpecs
[2026-09-27T14:21:19Z] #2481 attempt=1/2 status=200 0.547s url=https://www.myfonts.com/products/extracond-bold-proxima-soft-210414
[2026-09-27T14:21:20Z] #2482 attempt=1/2 status=200 0.282s url=https://www.myfonts.com/collections/proxima-soft-font-mark-simonson/
[2026-09-27T14:21:20Z] #2483 attempt=1/2 status=200 0.270s url=https://www.myfonts.com/collections/proxima-soft-font-mark-simonson/?tab=techSpecs
[2026-09-27T14:21:22Z] #2484 attempt=1/2 status=200 0.388s url=https://www.myfonts.com/products/regular-mostra-nuova-243359
[2026-09-27T14:21:23Z] #2485 attempt=1/2 status=200 0.549s url=https://www.myfonts.com/collections/mostra-nuova-font-mark-simonson/
[2026-09-27T14:21:24Z] #2486 attempt=1/2 status=200 0.242s url=https://www.myfonts.com/collections/mostra-nuova-font-mark-simonson/?tab=techSpecs
[2026-09-27T14:21:25Z] #2487 attempt=1/2 status=200 0.489s url=https://www.myfonts.com/products/regular-tt-rounds-225125
[2026-09-27T14:21:26Z] #2488 attempt=1/2 status=200 0.511s url=https://www.myfonts.com/collections/tt-rounds-font-typetype/
[2026-09-27T14:21:27Z] #2489 attempt=1/2 status=200 0.254s url=https://www.myfonts.com/collections/tt-rounds-font-typetype/?tab=techSpecs
[2026-09-27T14:21:29Z] #2490 attempt=1/2 status=200 0.393s url=https://www.myfonts.com/products/bold-blakely-151443
[2026-09-27T14:21:29Z] #2491 attempt=1/2 status=200 0.356s url=https://www.myfonts.com/collections/blakely-font-mark-simonson/
[2026-09-27T14:21:30Z] #2492 attempt=1/2 status=200 0.345s url=https://www.myfonts.com/collections/blakely-font-mark-simonson/?tab=techSpecs
[2026-09-27T14:21:32Z] #2493 attempt=1/2 status=200 0.484s url=https://www.myfonts.com/products/alt-book-texta-narrow-158642
[2026-09-27T14:21:33Z] #2494 attempt=1/2 status=200 0.244s url=https://www.myfonts.com/collections/texta-narrow-font-latinotype/
[2026-09-27T14:21:33Z] #2495 attempt=1/2 status=200 0.252s url=https://www.myfonts.com/collections/texta-narrow-font-latinotype/?tab=techSpecs
[2026-09-27T14:21:35Z] #2496 attempt=1/2 status=200 0.403s url=https://www.myfonts.com/products/normal-italic-solomon-sans-213040
[2026-09-27T14:21:36Z] #2497 attempt=1/2 status=200 0.243s url=https://www.myfonts.com/collections/solomon-sans-font-fontfabric/
[2026-09-27T14:21:36Z] #2498 attempt=1/2 status=200 0.255s url=https://www.myfonts.com/collections/solomon-sans-font-fontfabric/?tab=techSpecs
[2026-09-27T14:21:38Z] #2499 attempt=1/2 status=200 0.583s url=https://www.myfonts.com/products/extrabold-proxima-soft-204646
[2026-09-27T14:21:39Z] #2500 attempt=1/2 status=200 0.279s url=https://www.myfonts.com/collections/proxima-soft-font-mark-simonson/
[2026-09-27T14:21:40Z] #2501 attempt=1/2 status=200 0.277s url=https://www.myfonts.com/collections/proxima-soft-font-mark-simonson/?tab=techSpecs
[2026-09-27T14:21:42Z] #2502 attempt=1/2 status=200 0.543s url=https://www.myfonts.com/products/book-italic-texta-narrow-155017
[2026-09-27T14:21:42Z] #2503 attempt=1/2 status=200 0.253s url=https://www.myfonts.com/collections/texta-narrow-font-latinotype/
[2026-09-27T14:21:43Z] #2504 attempt=1/2 status=200 0.229s url=https://www.myfonts.com/collections/texta-narrow-font-latinotype/?tab=techSpecs
[2026-09-27T14:21:45Z] #2505 attempt=1/2 status=200 0.613s url=https://www.myfonts.com/products/thin-italic-proxima-soft-204825
[2026-09-27T14:21:45Z] #2506 attempt=1/2 status=200 0.273s url=https://www.myfonts.com/collections/proxima-soft-font-mark-simonson/
[2026-09-27T14:21:46Z] #2507 attempt=1/2 status=200 0.255s url=https://www.myfonts.com/collections/proxima-soft-font-mark-simonson/?tab=techSpecs
[2026-09-27T14:21:48Z] #2508 attempt=1/2 status=200 0.675s url=https://www.myfonts.com/products/compressed-thin-italic-tt-lakes-213702
[2026-09-27T14:21:49Z] #2509 attempt=1/2 status=200 0.264s url=https://www.myfonts.com/collections/tt-lakes-font-typetype/
[2026-09-27T14:21:50Z] #2510 attempt=1/2 status=200 0.262s url=https://www.myfonts.com/collections/tt-lakes-font-typetype/?tab=techSpecs
[2026-09-27T14:21:52Z] #2511 attempt=1/2 status=200 0.652s url=https://www.myfonts.com/products/compressed-regular-tt-lakes-213758
[2026-09-27T14:21:52Z] #2512 attempt=1/2 status=200 0.306s url=https://www.myfonts.com/collections/tt-lakes-font-typetype/
[2026-09-27T14:21:53Z] #2513 attempt=1/2 status=200 0.295s url=https://www.myfonts.com/collections/tt-lakes-font-typetype/?tab=techSpecs
[2026-09-27T14:21:55Z] #2514 attempt=1/2 status=200 0.393s url=https://www.myfonts.com/products/book-arquitecta-standard-148980
[2026-09-27T14:21:56Z] #2515 attempt=1/2 status=200 0.261s url=https://www.myfonts.com/collections/arquitecta-standard-font-latinotype/
[2026-09-27T14:21:56Z] #2516 attempt=1/2 status=200 0.287s url=https://www.myfonts.com/collections/arquitecta-standard-font-latinotype/?tab=techSpecs
[2026-09-27T14:21:58Z] #2517 attempt=1/2 status=200 0.462s url=https://www.myfonts.com/products/extraheavy-mostra-nuova-243396
[2026-09-27T14:21:59Z] #2518 attempt=1/2 status=200 0.238s url=https://www.myfonts.com/collections/mostra-nuova-font-mark-simonson/
[2026-09-27T14:21:59Z] #2519 attempt=1/2 status=200 0.241s url=https://www.myfonts.com/collections/mostra-nuova-font-mark-simonson/?tab=techSpecs
[2026-09-27T14:22:01Z] #2520 attempt=1/2 status=200 0.467s url=https://www.myfonts.com/products/black-italic-kandal-152088
[2026-09-27T14:22:02Z] #2521 attempt=1/2 status=200 0.242s url=https://www.myfonts.com/collections/kandal-font-mark-simonson/
[2026-09-27T14:22:02Z] #2522 attempt=1/2 status=200 0.221s url=https://www.myfonts.com/collections/kandal-font-mark-simonson/?tab=techSpecs
[2026-09-27T14:22:04Z] #2523 attempt=1/2 status=200 0.411s url=https://www.myfonts.com/products/light-mostra-nuova-243351
[2026-09-27T14:22:05Z] #2524 attempt=1/2 status=200 0.241s url=https://www.myfonts.com/collections/mostra-nuova-font-mark-simonson/
[2026-09-27T14:22:05Z] #2525 attempt=1/2 status=200 0.249s url=https://www.myfonts.com/collections/mostra-nuova-font-mark-simonson/?tab=techSpecs
[2026-09-27T14:22:07Z] #2526 attempt=1/2 status=200 0.565s url=https://www.myfonts.com/products/alt-book-italic-texta-narrow-158650
[2026-09-27T14:22:08Z] #2527 attempt=1/2 status=200 0.289s url=https://www.myfonts.com/collections/texta-narrow-font-latinotype/
[2026-09-27T14:22:09Z] #2528 attempt=1/2 status=200 0.250s url=https://www.myfonts.com/collections/texta-narrow-font-latinotype/?tab=techSpecs
[2026-09-27T14:22:11Z] #2529 attempt=1/2 status=200 0.657s url=https://www.myfonts.com/products/compressed-bold-italic-tt-lakes-213643
[2026-09-27T14:22:11Z] #2530 attempt=1/2 status=200 0.322s url=https://www.myfonts.com/collections/tt-lakes-font-typetype/
[2026-09-27T14:22:12Z] #2531 attempt=1/2 status=200 0.305s url=https://www.myfonts.com/collections/tt-lakes-font-typetype/?tab=techSpecs
[2026-09-27T14:22:15Z] #2532 attempt=1/6 status=200 1.069s url=https://www.myfonts.com/products.json?limit=100&page=75
[2026-09-27T14:22:16Z] #2533 attempt=1/2 status=200 0.597s url=https://www.myfonts.com/products/condensed-regular-tt-lakes-213825
[2026-09-27T14:22:17Z] #2534 attempt=1/2 status=200 0.283s url=https://www.myfonts.com/collections/tt-lakes-font-typetype/
[2026-09-27T14:22:17Z] #2535 attempt=1/2 status=200 0.295s url=https://www.myfonts.com/collections/tt-lakes-font-typetype/?tab=techSpecs
[2026-09-27T14:22:19Z] #2536 attempt=1/2 status=200 0.604s url=https://www.myfonts.com/products/light-tt-lakes-214118
[2026-09-27T14:22:20Z] #2537 attempt=1/2 status=200 0.289s url=https://www.myfonts.com/collections/tt-lakes-font-typetype/
[2026-09-27T14:22:21Z] #2538 attempt=1/2 status=200 0.251s url=https://www.myfonts.com/collections/tt-lakes-font-typetype/?tab=techSpecs
[2026-09-27T14:22:23Z] #2539 attempt=1/2 status=200 0.646s url=https://www.myfonts.com/products/compressed-extra-light-italic-tt-lakes-213633
[2026-09-27T14:22:23Z] #2540 attempt=1/2 status=200 0.253s url=https://www.myfonts.com/collections/tt-lakes-font-typetype/
[2026-09-27T14:22:24Z] #2541 attempt=1/2 status=200 0.268s url=https://www.myfonts.com/collections/tt-lakes-font-typetype/?tab=techSpecs
[2026-09-27T14:22:26Z] #2542 attempt=1/2 status=200 0.764s url=https://www.myfonts.com/products/compressed-light-tt-lakes-213719
[2026-09-27T14:22:27Z] #2543 attempt=1/2 status=200 0.275s url=https://www.myfonts.com/collections/tt-lakes-font-typetype/
[2026-09-27T14:22:28Z] #2544 attempt=1/2 status=200 0.296s url=https://www.myfonts.com/collections/tt-lakes-font-typetype/?tab=techSpecs
[2026-09-27T14:22:30Z] #2545 attempt=1/2 status=200 0.681s url=https://www.myfonts.com/products/compressed-bold-tt-lakes-213612
[2026-09-27T14:22:30Z] #2546 attempt=1/2 status=200 0.294s url=https://www.myfonts.com/collections/tt-lakes-font-typetype/
[2026-09-27T14:22:31Z] #2547 attempt=1/2 status=200 0.258s url=https://www.myfonts.com/collections/tt-lakes-font-typetype/?tab=techSpecs
[2026-09-27T14:22:33Z] #2548 attempt=1/2 status=200 0.549s url=https://www.myfonts.com/products/extracond-extrabold-proxima-soft-210476
[2026-09-27T14:22:34Z] #2549 attempt=1/2 status=200 0.258s url=https://www.myfonts.com/collections/proxima-soft-font-mark-simonson/
[2026-09-27T14:22:34Z] #2550 attempt=1/2 status=200 0.251s url=https://www.myfonts.com/collections/proxima-soft-font-mark-simonson/?tab=techSpecs
[2026-09-27T14:22:36Z] #2551 attempt=1/2 status=200 0.450s url=https://www.myfonts.com/products/light-refrigerator-deluxe-206778
[2026-09-27T14:22:37Z] #2552 attempt=1/2 status=200 0.339s url=https://www.myfonts.com/collections/refrigerator-deluxe-font-mark-simonson/
[2026-09-27T14:22:38Z] #2553 attempt=1/2 status=200 0.242s url=https://www.myfonts.com/collections/refrigerator-deluxe-font-mark-simonson/?tab=techSpecs
[2026-09-27T14:22:40Z] #2554 attempt=1/2 status=200 0.481s url=https://www.myfonts.com/products/heavy-arquitecta-standard-152640
[2026-09-27T14:22:40Z] #2555 attempt=1/2 status=200 0.274s url=https://www.myfonts.com/collections/arquitecta-standard-font-latinotype/
[2026-09-27T14:22:41Z] #2556 attempt=1/2 status=200 0.256s url=https://www.myfonts.com/collections/arquitecta-standard-font-latinotype/?tab=techSpecs
[2026-09-27T14:22:43Z] #2557 attempt=1/2 status=200 0.403s url=https://www.myfonts.com/products/black-mostra-nuova-243403
[2026-09-27T14:22:43Z] #2558 attempt=1/2 status=200 0.264s url=https://www.myfonts.com/collections/mostra-nuova-font-mark-simonson/
[2026-09-27T14:22:44Z] #2559 attempt=1/2 status=200 0.350s url=https://www.myfonts.com/collections/mostra-nuova-font-mark-simonson/?tab=techSpecs
[2026-09-27T14:22:46Z] #2560 attempt=1/2 status=200 0.425s url=https://www.myfonts.com/products/light-italic-solomon-sans-213051
[2026-09-27T14:22:46Z] #2561 attempt=1/2 status=200 0.250s url=https://www.myfonts.com/collections/solomon-sans-font-fontfabric/
[2026-09-27T14:22:48Z] #2562 attempt=1/2 status=200 0.654s url=https://www.myfonts.com/collections/solomon-sans-font-fontfabric/?tab=techSpecs
[2026-09-27T14:22:50Z] #2563 attempt=1/2 status=200 0.720s url=https://www.myfonts.com/products/condensed-extra-light-italic-tt-lakes-213865
[2026-09-27T14:22:50Z] #2564 attempt=1/2 status=200 0.264s url=https://www.myfonts.com/collections/tt-lakes-font-typetype/
[2026-09-27T14:22:51Z] #2565 attempt=1/2 status=200 0.265s url=https://www.myfonts.com/collections/tt-lakes-font-typetype/?tab=techSpecs
[2026-09-27T14:22:53Z] #2566 attempt=1/2 status=200 0.584s url=https://www.myfonts.com/products/cond-extrabold-proxima-soft-204927
[2026-09-27T14:22:54Z] #2567 attempt=1/2 status=200 0.661s url=https://www.myfonts.com/collections/proxima-soft-font-mark-simonson/
[2026-09-27T14:22:55Z] #2568 attempt=1/2 status=200 0.300s url=https://www.myfonts.com/collections/proxima-soft-font-mark-simonson/?tab=techSpecs
[2026-09-27T14:22:56Z] #2569 attempt=1/2 status=200 0.414s url=https://www.myfonts.com/products/black-coquette-242472
[2026-09-27T14:22:57Z] #2570 attempt=1/2 status=200 0.433s url=https://www.myfonts.com/collections/coquette-font-mark-simonson/
[2026-09-27T14:22:58Z] #2571 attempt=1/2 status=200 0.303s url=https://www.myfonts.com/collections/coquette-font-mark-simonson/?tab=techSpecs
[2026-09-27T14:23:00Z] #2572 attempt=1/2 status=200 0.626s url=https://www.myfonts.com/products/extra-light-tt-lakes-214024
[2026-09-27T14:23:00Z] #2573 attempt=1/2 status=200 0.293s url=https://www.myfonts.com/collections/tt-lakes-font-typetype/
[2026-09-27T14:23:01Z] #2574 attempt=1/2 status=200 0.316s url=https://www.myfonts.com/collections/tt-lakes-font-typetype/?tab=techSpecs
[2026-09-27T14:23:04Z] #2575 attempt=1/2 status=200 0.613s url=https://www.myfonts.com/products/condensed-medium-italic-tt-lakes-213896
[2026-09-27T14:23:04Z] #2576 attempt=1/2 status=200 0.271s url=https://www.myfonts.com/collections/tt-lakes-font-typetype/
[2026-09-27T14:23:05Z] #2577 attempt=1/2 status=200 0.280s url=https://www.myfonts.com/collections/tt-lakes-font-typetype/?tab=techSpecs
[2026-09-27T14:23:07Z] #2578 attempt=1/2 status=200 0.463s url=https://www.myfonts.com/products/bold-coquette-242457
[2026-09-27T14:23:07Z] #2579 attempt=1/2 status=200 0.231s url=https://www.myfonts.com/collections/coquette-font-mark-simonson/
[2026-09-27T14:23:08Z] #2580 attempt=1/2 status=200 0.252s url=https://www.myfonts.com/collections/coquette-font-mark-simonson/?tab=techSpecs
[2026-09-27T14:23:10Z] #2581 attempt=1/2 status=200 0.626s url=https://www.myfonts.com/products/bold-tt-lakes-214013
[2026-09-27T14:23:11Z] #2582 attempt=1/2 status=200 0.290s url=https://www.myfonts.com/collections/tt-lakes-font-typetype/
[2026-09-27T14:23:11Z] #2583 attempt=1/2 status=200 0.271s url=https://www.myfonts.com/collections/tt-lakes-font-typetype/?tab=techSpecs
[2026-09-27T14:23:13Z] #2584 attempt=1/2 status=200 0.409s url=https://www.myfonts.com/products/black-solomon-sans-212969
[2026-09-27T14:23:14Z] #2585 attempt=1/2 status=200 0.272s url=https://www.myfonts.com/collections/solomon-sans-font-fontfabric/
[2026-09-27T14:23:15Z] #2586 attempt=1/2 status=200 0.298s url=https://www.myfonts.com/collections/solomon-sans-font-fontfabric/?tab=techSpecs
[2026-09-27T14:23:16Z] #2587 attempt=1/2 status=200 0.399s url=https://www.myfonts.com/products/heavy-felt-tip-roman-242290
[2026-09-27T14:23:17Z] #2588 attempt=1/2 status=200 0.351s url=https://www.myfonts.com/collections/felt-tip-roman-font-mark-simonson/
[2026-09-27T14:23:17Z] #2589 attempt=1/2 status=200 0.197s url=https://www.myfonts.com/collections/felt-tip-roman-font-mark-simonson/?tab=techSpecs
[2026-09-27T14:23:19Z] #2590 attempt=1/2 status=200 0.350s url=https://www.myfonts.com/products/light-coquette-242434
[2026-09-27T14:23:20Z] #2591 attempt=1/2 status=200 0.226s url=https://www.myfonts.com/collections/coquette-font-mark-simonson/
[2026-09-27T14:23:21Z] #2592 attempt=1/2 status=200 0.223s url=https://www.myfonts.com/collections/coquette-font-mark-simonson/?tab=techSpecs
[2026-09-27T14:23:22Z] #2593 attempt=1/2 status=200 0.593s url=https://www.myfonts.com/products/condensed-thin-tt-lakes-213925
[2026-09-27T14:23:23Z] #2594 attempt=1/2 status=200 0.266s url=https://www.myfonts.com/collections/tt-lakes-font-typetype/
[2026-09-27T14:23:24Z] #2595 attempt=1/2 status=200 0.297s url=https://www.myfonts.com/collections/tt-lakes-font-typetype/?tab=techSpecs
[2026-09-27T14:23:26Z] #2596 attempt=1/2 status=200 0.418s url=https://www.myfonts.com/products/book-italic-solomon-sans-213059
[2026-09-27T14:23:26Z] #2597 attempt=1/2 status=200 0.249s url=https://www.myfonts.com/collections/solomon-sans-font-fontfabric/
[2026-09-27T14:23:27Z] #2598 attempt=1/2 status=200 0.230s url=https://www.myfonts.com/collections/solomon-sans-font-fontfabric/?tab=techSpecs
[2026-09-27T14:23:29Z] #2599 attempt=1/2 status=200 0.322s url=https://www.myfonts.com/products/stencil-changeling-neo-151800
[2026-09-27T14:23:29Z] #2600 attempt=1/2 status=200 0.232s url=https://www.myfonts.com/collections/changeling-neo-font-mark-simonson/
[2026-09-27T14:23:30Z] #2601 attempt=1/2 status=200 0.240s url=https://www.myfonts.com/collections/changeling-neo-font-mark-simonson/?tab=techSpecs
[2026-09-27T14:23:32Z] #2602 attempt=1/2 status=200 0.512s url=https://www.myfonts.com/products/cond-medium-italic-proxima-soft-205001
[2026-09-27T14:23:32Z] #2603 attempt=1/2 status=200 0.288s url=https://www.myfonts.com/collections/proxima-soft-font-mark-simonson/
[2026-09-27T14:23:33Z] #2604 attempt=1/2 status=200 0.256s url=https://www.myfonts.com/collections/proxima-soft-font-mark-simonson/?tab=techSpecs
[2026-09-27T14:23:35Z] #2605 attempt=1/2 status=200 0.422s url=https://www.myfonts.com/products/regular-coquette-242445
[2026-09-27T14:23:35Z] #2606 attempt=1/2 status=200 0.285s url=https://www.myfonts.com/collections/coquette-font-mark-simonson/
[2026-09-27T14:23:36Z] #2607 attempt=1/2 status=200 0.244s url=https://www.myfonts.com/collections/coquette-font-mark-simonson/?tab=techSpecs
[2026-09-27T14:23:38Z] #2608 attempt=1/2 status=200 0.421s url=https://www.myfonts.com/products/bold-proxima-nova-soft-131465
[2026-09-27T14:23:39Z] #2609 attempt=1/2 status=200 0.383s url=https://www.myfonts.com/collections/proxima-nova-soft-font-mark-simonson/
[2026-09-27T14:23:39Z] #2610 attempt=1/2 status=200 0.244s url=https://www.myfonts.com/collections/proxima-nova-soft-font-mark-simonson/?tab=techSpecs
[2026-09-27T14:23:41Z] #2611 attempt=1/2 status=200 0.470s url=https://www.myfonts.com/products/alt-black-italic-texta-narrow-158590
[2026-09-27T14:23:42Z] #2612 attempt=1/2 status=200 0.259s url=https://www.myfonts.com/collections/texta-narrow-font-latinotype/
[2026-09-27T14:23:42Z] #2613 attempt=1/2 status=200 0.295s url=https://www.myfonts.com/collections/texta-narrow-font-latinotype/?tab=techSpecs
[2026-09-27T14:23:44Z] #2614 attempt=1/2 status=200 0.666s url=https://www.myfonts.com/products/extracond-semibold-proxima-soft-210580
[2026-09-27T14:23:45Z] #2615 attempt=1/2 status=200 0.282s url=https://www.myfonts.com/collections/proxima-soft-font-mark-simonson/
[2026-09-27T14:23:46Z] #2616 attempt=1/2 status=200 0.266s url=https://www.myfonts.com/collections/proxima-soft-font-mark-simonson/?tab=techSpecs
[2026-09-27T14:23:48Z] #2617 attempt=1/2 status=200 0.462s url=https://www.myfonts.com/products/medium-texta-narrow-158549
[2026-09-27T14:23:48Z] #2618 attempt=1/2 status=200 0.312s url=https://www.myfonts.com/collections/texta-narrow-font-latinotype/
[2026-09-27T14:23:49Z] #2619 attempt=1/2 status=200 0.268s url=https://www.myfonts.com/collections/texta-narrow-font-latinotype/?tab=techSpecs
[2026-09-27T14:23:52Z] #2620 attempt=1/2 status=200 1.336s url=https://www.myfonts.com/products/extrabld-it-proxima-nova-265929
[2026-09-27T14:23:55Z] #2621 attempt=1/2 status=200 3.469s url=https://www.myfonts.com/collections/proxima-nova-font-mark-simonson/
[2026-09-27T14:23:57Z] #2622 attempt=1/2 status=200 0.489s url=https://www.myfonts.com/collections/proxima-nova-font-mark-simonson/?tab=techSpecs
[2026-09-27T14:23:59Z] #2623 attempt=1/2 status=200 0.428s url=https://www.myfonts.com/products/light-tt-rounds-225106
[2026-09-27T14:24:00Z] #2624 attempt=1/2 status=200 0.284s url=https://www.myfonts.com/collections/tt-rounds-font-typetype/
[2026-09-27T14:24:00Z] #2625 attempt=1/2 status=200 0.235s url=https://www.myfonts.com/collections/tt-rounds-font-typetype/?tab=techSpecs
[2026-09-27T14:24:02Z] #2626 attempt=1/2 status=200 0.650s url=https://www.myfonts.com/products/cond-black-italic-proxima-soft-204843
[2026-09-27T14:24:03Z] #2627 attempt=1/2 status=200 0.255s url=https://www.myfonts.com/collections/proxima-soft-font-mark-simonson/
[2026-09-27T14:24:04Z] #2628 attempt=1/2 status=200 0.265s url=https://www.myfonts.com/collections/proxima-soft-font-mark-simonson/?tab=techSpecs
[2026-09-27T14:24:06Z] #2629 attempt=1/2 status=200 0.583s url=https://www.myfonts.com/products/bold-italic-tt-lakes-213983
[2026-09-27T14:24:06Z] #2630 attempt=1/2 status=200 0.249s url=https://www.myfonts.com/collections/tt-lakes-font-typetype/
[2026-09-27T14:24:07Z] #2631 attempt=1/2 status=200 0.269s url=https://www.myfonts.com/collections/tt-lakes-font-typetype/?tab=techSpecs
[2026-09-27T14:24:09Z] #2632 attempt=1/2 status=200 0.509s url=https://www.myfonts.com/products/extracond-black-italic-proxima-soft-210423
[2026-09-27T14:24:10Z] #2633 attempt=1/2 status=200 0.273s url=https://www.myfonts.com/collections/proxima-soft-font-mark-simonson/
[2026-09-27T14:24:10Z] #2634 attempt=1/2 status=200 0.268s url=https://www.myfonts.com/collections/proxima-soft-font-mark-simonson/?tab=techSpecs
[2026-09-27T14:24:12Z] #2635 attempt=1/2 status=200 0.450s url=https://www.myfonts.com/products/thin-tt-rounds-225087
[2026-09-27T14:24:13Z] #2636 attempt=1/2 status=200 0.293s url=https://www.myfonts.com/collections/tt-rounds-font-typetype/
[2026-09-27T14:24:14Z] #2637 attempt=1/2 status=200 0.238s url=https://www.myfonts.com/collections/tt-rounds-font-typetype/?tab=techSpecs
[2026-09-27T14:24:16Z] #2638 attempt=1/2 status=200 0.469s url=https://www.myfonts.com/products/thin-italic-arquitecta-standard-152727
[2026-09-27T14:24:16Z] #2639 attempt=1/2 status=200 0.296s url=https://www.myfonts.com/collections/arquitecta-standard-font-latinotype/
[2026-09-27T14:24:17Z] #2640 attempt=1/2 status=200 0.259s url=https://www.myfonts.com/collections/arquitecta-standard-font-latinotype/?tab=techSpecs
[2026-09-27T14:24:19Z] #2641 attempt=1/2 status=200 0.586s url=https://www.myfonts.com/products/extracond-medium-italic-proxima-soft-210550
[2026-09-27T14:24:19Z] #2642 attempt=1/2 status=200 0.293s url=https://www.myfonts.com/collections/proxima-soft-font-mark-simonson/
[2026-09-27T14:24:20Z] #2643 attempt=1/2 status=200 0.282s url=https://www.myfonts.com/collections/proxima-soft-font-mark-simonson/?tab=techSpecs
[2026-09-27T14:24:22Z] #2644 attempt=1/2 status=200 0.409s url=https://www.myfonts.com/products/extrabold-mostra-nuova-243380
[2026-09-27T14:24:23Z] #2645 attempt=1/2 status=200 0.331s url=https://www.myfonts.com/collections/mostra-nuova-font-mark-simonson/
[2026-09-27T14:24:23Z] #2646 attempt=1/2 status=200 0.231s url=https://www.myfonts.com/collections/mostra-nuova-font-mark-simonson/?tab=techSpecs
[2026-09-27T14:24:26Z] #2647 attempt=1/2 status=200 1.097s url=https://www.myfonts.com/products/semibold-it-proxima-nova-265884
[2026-09-27T14:24:27Z] #2648 attempt=1/2 status=200 0.504s url=https://www.myfonts.com/collections/proxima-nova-font-mark-simonson/
[2026-09-27T14:24:28Z] #2649 attempt=1/2 status=200 0.566s url=https://www.myfonts.com/collections/proxima-nova-font-mark-simonson/?tab=techSpecs
[2026-09-27T14:24:30Z] #2650 attempt=1/2 status=200 0.579s url=https://www.myfonts.com/products/condensed-black-italic-tt-lakes-213778
[2026-09-27T14:24:31Z] #2651 attempt=1/2 status=200 0.270s url=https://www.myfonts.com/collections/tt-lakes-font-typetype/
[2026-09-27T14:24:32Z] #2652 attempt=1/2 status=200 0.273s url=https://www.myfonts.com/collections/tt-lakes-font-typetype/?tab=techSpecs
[2026-09-27T14:24:33Z] #2653 attempt=1/2 status=200 0.426s url=https://www.myfonts.com/products/regular-grad-237496
[2026-09-27T14:24:34Z] #2654 attempt=1/2 status=200 0.509s url=https://www.myfonts.com/collections/grad-font-mark-simonson/
[2026-09-27T14:24:35Z] #2655 attempt=1/2 status=200 0.254s url=https://www.myfonts.com/collections/grad-font-mark-simonson/?tab=techSpecs
[2026-09-27T14:24:37Z] #2656 attempt=1/2 status=200 0.634s url=https://www.myfonts.com/products/regular-tt-lakes-214086
[2026-09-27T14:24:38Z] #2657 attempt=1/2 status=200 0.346s url=https://www.myfonts.com/collections/tt-lakes-font-typetype/
[2026-09-27T14:24:38Z] #2658 attempt=1/2 status=200 0.293s url=https://www.myfonts.com/collections/tt-lakes-font-typetype/?tab=techSpecs
[2026-09-27T14:24:40Z] #2659 attempt=1/2 status=200 0.666s url=https://www.myfonts.com/products/black-tt-lakes-213964
[2026-09-27T14:24:41Z] #2660 attempt=1/2 status=200 0.342s url=https://www.myfonts.com/collections/tt-lakes-font-typetype/
[2026-09-27T14:24:42Z] #2661 attempt=1/2 status=200 0.297s url=https://www.myfonts.com/collections/tt-lakes-font-typetype/?tab=techSpecs
[2026-09-27T14:24:44Z] #2662 attempt=1/2 status=200 0.696s url=https://www.myfonts.com/products/compressed-extra-light-tt-lakes-213681
[2026-09-27T14:24:45Z] #2663 attempt=1/2 status=200 0.269s url=https://www.myfonts.com/collections/tt-lakes-font-typetype/
[2026-09-27T14:24:45Z] #2664 attempt=1/2 status=200 0.270s url=https://www.myfonts.com/collections/tt-lakes-font-typetype/?tab=techSpecs
[2026-09-27T14:24:47Z] #2665 attempt=1/2 status=200 0.475s url=https://www.myfonts.com/products/light-italic-arquitecta-standard-152653
[2026-09-27T14:24:48Z] #2666 attempt=1/2 status=200 0.251s url=https://www.myfonts.com/collections/arquitecta-standard-font-latinotype/
[2026-09-27T14:24:48Z] #2667 attempt=1/2 status=200 0.254s url=https://www.myfonts.com/collections/arquitecta-standard-font-latinotype/?tab=techSpecs
[2026-09-27T14:24:50Z] #2668 attempt=1/2 status=200 0.522s url=https://www.myfonts.com/products/compressed-extra-bold-tt-lakes-213671
[2026-09-27T14:24:51Z] #2669 attempt=1/2 status=200 0.297s url=https://www.myfonts.com/collections/tt-lakes-font-typetype/
[2026-09-27T14:24:52Z] #2670 attempt=1/2 status=200 0.295s url=https://www.myfonts.com/collections/tt-lakes-font-typetype/?tab=techSpecs
[2026-09-27T14:24:54Z] #2671 attempt=1/2 status=200 1.016s url=https://www.myfonts.com/products/medium-italic-proxima-nova-265866
[2026-09-27T14:24:55Z] #2672 attempt=1/2 status=200 0.487s url=https://www.myfonts.com/collections/proxima-nova-font-mark-simonson/
[2026-09-27T14:24:57Z] #2673 attempt=1/2 status=200 0.557s url=https://www.myfonts.com/collections/proxima-nova-font-mark-simonson/?tab=techSpecs
[2026-09-27T14:24:59Z] #2674 attempt=1/2 status=200 0.442s url=https://www.myfonts.com/products/alt-light-texta-narrow-158709
[2026-09-27T14:24:59Z] #2675 attempt=1/2 status=200 0.237s url=https://www.myfonts.com/collections/texta-narrow-font-latinotype/
[2026-09-27T14:25:00Z] #2676 attempt=1/2 status=200 0.234s url=https://www.myfonts.com/collections/texta-narrow-font-latinotype/?tab=techSpecs
[2026-09-27T14:25:02Z] #2677 attempt=1/2 status=200 0.551s url=https://www.myfonts.com/products/compressed-demi-bold-tt-lakes-213593
[2026-09-27T14:25:03Z] #2678 attempt=1/2 status=200 0.331s url=https://www.myfonts.com/collections/tt-lakes-font-typetype/
[2026-09-27T14:25:04Z] #2679 attempt=1/2 status=200 0.267s url=https://www.myfonts.com/collections/tt-lakes-font-typetype/?tab=techSpecs
[2026-09-27T14:25:05Z] #2680 attempt=1/2 status=200 0.406s url=https://www.myfonts.com/products/bold-italic-texta-narrow-154969
[2026-09-27T14:25:06Z] #2681 attempt=1/2 status=200 0.300s url=https://www.myfonts.com/collections/texta-narrow-font-latinotype/
[2026-09-27T14:25:07Z] #2682 attempt=1/2 status=200 0.251s url=https://www.myfonts.com/collections/texta-narrow-font-latinotype/?tab=techSpecs
[2026-09-27T14:25:08Z] #2683 attempt=1/2 status=200 0.425s url=https://www.myfonts.com/products/medium-italic-arquitecta-standard-152684
[2026-09-27T14:25:09Z] #2684 attempt=1/2 status=200 0.271s url=https://www.myfonts.com/collections/arquitecta-standard-font-latinotype/
[2026-09-27T14:25:10Z] #2685 attempt=1/2 status=200 0.316s url=https://www.myfonts.com/collections/arquitecta-standard-font-latinotype/?tab=techSpecs
[2026-09-27T14:25:12Z] #2686 attempt=1/2 status=200 0.561s url=https://www.myfonts.com/products/thin-italic-tt-rounds-225096
[2026-09-27T14:25:12Z] #2687 attempt=1/2 status=200 0.287s url=https://www.myfonts.com/collections/tt-rounds-font-typetype/
[2026-09-27T14:25:13Z] #2688 attempt=1/2 status=200 0.307s url=https://www.myfonts.com/collections/tt-rounds-font-typetype/?tab=techSpecs
[2026-09-27T14:25:15Z] #2689 attempt=1/2 status=200 0.355s url=https://www.myfonts.com/products/black-goldenbook-242237
[2026-09-27T14:25:15Z] #2690 attempt=1/2 status=200 0.233s url=https://www.myfonts.com/collections/goldenbook-font-mark-simonson/
[2026-09-27T14:25:16Z] #2691 attempt=1/2 status=200 0.240s url=https://www.myfonts.com/collections/goldenbook-font-mark-simonson/?tab=techSpecs
[2026-09-27T14:25:18Z] #2692 attempt=1/2 status=200 0.920s url=https://www.myfonts.com/products/head-book-sequel-sans-261374
[2026-09-27T14:25:20Z] #2693 attempt=1/2 status=200 1.033s url=https://www.myfonts.com/collections/sequel-sans-font-ogj-type-design/
[2026-09-27T14:25:21Z] #2694 attempt=1/2 status=200 0.941s url=https://www.myfonts.com/collections/sequel-sans-font-ogj-type-design/?tab=techSpecs
[2026-09-27T14:25:23Z] #2695 attempt=1/2 status=200 0.531s url=https://www.myfonts.com/products/extracond-black-proxima-soft-210374
[2026-09-27T14:25:24Z] #2696 attempt=1/2 status=200 0.275s url=https://www.myfonts.com/collections/proxima-soft-font-mark-simonson/
[2026-09-27T14:25:25Z] #2697 attempt=1/2 status=200 0.298s url=https://www.myfonts.com/collections/proxima-soft-font-mark-simonson/?tab=techSpecs
[2026-09-27T14:25:26Z] #2698 attempt=1/2 status=200 0.415s url=https://www.myfonts.com/products/bold-italic-kandal-152075
[2026-09-27T14:25:27Z] #2699 attempt=1/2 status=200 0.230s url=https://www.myfonts.com/collections/kandal-font-mark-simonson/
[2026-09-27T14:25:28Z] #2700 attempt=1/2 status=200 0.240s url=https://www.myfonts.com/collections/kandal-font-mark-simonson/?tab=techSpecs
[2026-09-27T14:25:30Z] #2701 attempt=1/2 status=200 0.688s url=https://www.myfonts.com/products/demi-bold-italic-tt-lakes-214003
[2026-09-27T14:25:30Z] #2702 attempt=1/2 status=200 0.285s url=https://www.myfonts.com/collections/tt-lakes-font-typetype/
[2026-09-27T14:25:31Z] #2703 attempt=1/2 status=200 0.296s url=https://www.myfonts.com/collections/tt-lakes-font-typetype/?tab=techSpecs
[2026-09-27T14:25:33Z] #2704 attempt=1/2 status=200 0.633s url=https://www.myfonts.com/products/thin-proxima-soft-204817
[2026-09-27T14:25:34Z] #2705 attempt=1/2 status=200 0.332s url=https://www.myfonts.com/collections/proxima-soft-font-mark-simonson/
[2026-09-27T14:25:35Z] #2706 attempt=1/2 status=200 0.259s url=https://www.myfonts.com/collections/proxima-soft-font-mark-simonson/?tab=techSpecs
[2026-09-27T14:25:36Z] #2707 attempt=1/2 status=200 0.532s url=https://www.myfonts.com/products/medium-arquitecta-standard-152675
[2026-09-27T14:25:37Z] #2708 attempt=1/2 status=200 0.317s url=https://www.myfonts.com/collections/arquitecta-standard-font-latinotype/
[2026-09-27T14:25:38Z] #2709 attempt=1/2 status=200 0.248s url=https://www.myfonts.com/collections/arquitecta-standard-font-latinotype/?tab=techSpecs
[2026-09-27T14:25:40Z] #2710 attempt=1/2 status=200 0.614s url=https://www.myfonts.com/products/condensed-light-tt-lakes-213915
[2026-09-27T14:25:41Z] #2711 attempt=1/2 status=200 0.277s url=https://www.myfonts.com/collections/tt-lakes-font-typetype/
[2026-09-27T14:25:41Z] #2712 attempt=1/2 status=200 0.303s url=https://www.myfonts.com/collections/tt-lakes-font-typetype/?tab=techSpecs
[2026-09-27T14:25:43Z] #2713 attempt=1/2 status=200 0.689s url=https://www.myfonts.com/products/cond-italic-proxima-soft-210312
[2026-09-27T14:25:44Z] #2714 attempt=1/2 status=200 0.264s url=https://www.myfonts.com/collections/proxima-soft-font-mark-simonson/
[2026-09-27T14:25:45Z] #2715 attempt=1/2 status=200 0.293s url=https://www.myfonts.com/collections/proxima-soft-font-mark-simonson/?tab=techSpecs
[2026-09-27T14:25:46Z] #2716 attempt=1/2 status=200 0.458s url=https://www.myfonts.com/products/book-texta-narrow-155024
[2026-09-27T14:25:47Z] #2717 attempt=1/2 status=200 0.254s url=https://www.myfonts.com/collections/texta-narrow-font-latinotype/
[2026-09-27T14:25:48Z] #2718 attempt=1/2 status=200 0.252s url=https://www.myfonts.com/collections/texta-narrow-font-latinotype/?tab=techSpecs
[2026-09-27T14:25:50Z] #2719 attempt=1/2 status=200 0.622s url=https://www.myfonts.com/products/condensed-italic-tt-lakes-213856
[2026-09-27T14:25:50Z] #2720 attempt=1/2 status=200 0.264s url=https://www.myfonts.com/collections/tt-lakes-font-typetype/
[2026-09-27T14:25:51Z] #2721 attempt=1/2 status=200 0.296s url=https://www.myfonts.com/collections/tt-lakes-font-typetype/?tab=techSpecs
[2026-09-27T14:25:53Z] #2722 attempt=1/2 status=200 0.399s url=https://www.myfonts.com/products/bold-italic-solomon-sans-213083
[2026-09-27T14:25:54Z] #2723 attempt=1/2 status=200 0.236s url=https://www.myfonts.com/collections/solomon-sans-font-fontfabric/
[2026-09-27T14:25:54Z] #2724 attempt=1/2 status=200 0.227s url=https://www.myfonts.com/collections/solomon-sans-font-fontfabric/?tab=techSpecs
[2026-09-27T14:25:56Z] #2725 attempt=1/2 status=200 0.368s url=https://www.myfonts.com/products/medium-kandal-152117
[2026-09-27T14:25:57Z] #2726 attempt=1/2 status=200 0.240s url=https://www.myfonts.com/collections/kandal-font-mark-simonson/
[2026-09-27T14:25:57Z] #2727 attempt=1/2 status=200 0.222s url=https://www.myfonts.com/collections/kandal-font-mark-simonson/?tab=techSpecs
[2026-09-27T14:25:59Z] #2728 attempt=1/2 status=200 0.380s url=https://www.myfonts.com/products/medium-italic-kandal-152096
[2026-09-27T14:26:00Z] #2729 attempt=1/2 status=200 0.224s url=https://www.myfonts.com/collections/kandal-font-mark-simonson/
[2026-09-27T14:26:00Z] #2730 attempt=1/2 status=200 0.256s url=https://www.myfonts.com/collections/kandal-font-mark-simonson/?tab=techSpecs
[2026-09-27T14:26:02Z] #2731 attempt=1/2 status=200 0.585s url=https://www.myfonts.com/products/thin-tt-lakes-214106
[2026-09-27T14:26:03Z] #2732 attempt=1/2 status=200 0.269s url=https://www.myfonts.com/collections/tt-lakes-font-typetype/
[2026-09-27T14:26:04Z] #2733 attempt=1/2 status=200 0.283s url=https://www.myfonts.com/collections/tt-lakes-font-typetype/?tab=techSpecs
[2026-09-27T14:26:06Z] #2734 attempt=1/2 status=200 0.646s url=https://www.myfonts.com/products/alt-heavy-italic-texta-narrow-158680
[2026-09-27T14:26:06Z] #2735 attempt=1/2 status=200 0.414s url=https://www.myfonts.com/collections/texta-narrow-font-latinotype/
[2026-09-27T14:26:07Z] #2736 attempt=1/2 status=200 0.242s url=https://www.myfonts.com/collections/texta-narrow-font-latinotype/?tab=techSpecs
[2026-09-27T14:26:10Z] #2737 attempt=1/6 status=200 0.916s url=https://www.myfonts.com/products.json?limit=100&page=76
[2026-09-27T14:26:10Z] #2738 attempt=1/2 status=200 0.299s url=https://www.myfonts.com/products/felt-tip-senior-felt-tip-senior-151987
[2026-09-27T14:26:11Z] #2739 attempt=1/2 status=200 0.315s url=https://www.myfonts.com/collections/felt-tip-senior-font-mark-simonson/
[2026-09-27T14:26:12Z] #2740 attempt=1/2 status=200 0.300s url=https://www.myfonts.com/collections/felt-tip-senior-font-mark-simonson/?tab=techSpecs
[2026-09-27T14:26:13Z] #2741 attempt=1/2 status=200 0.325s url=https://www.myfonts.com/products/regular-kinescope-204601
[2026-09-27T14:26:14Z] #2742 attempt=1/2 status=200 0.354s url=https://www.myfonts.com/collections/kinescope-font-mark-simonson/
[2026-09-27T14:26:14Z] #2743 attempt=1/2 status=200 0.296s url=https://www.myfonts.com/collections/kinescope-font-mark-simonson/?tab=techSpecs
[2026-09-27T14:26:17Z] #2744 attempt=1/2 status=200 1.822s url=https://www.myfonts.com/products/cond-regular-it-proxima-nova-266012
[2026-09-27T14:26:18Z] #2745 attempt=1/2 status=200 0.485s url=https://www.myfonts.com/collections/proxima-nova-font-mark-simonson/
[2026-09-27T14:26:19Z] #2746 attempt=1/2 status=200 0.549s url=https://www.myfonts.com/collections/proxima-nova-font-mark-simonson/?tab=techSpecs
[2026-09-27T14:26:21Z] #2747 attempt=1/2 status=200 0.568s url=https://www.myfonts.com/products/black-italic-tt-lakes-213993
[2026-09-27T14:26:22Z] #2748 attempt=1/2 status=200 0.276s url=https://www.myfonts.com/collections/tt-lakes-font-typetype/
[2026-09-27T14:26:23Z] #2749 attempt=1/2 status=200 0.277s url=https://www.myfonts.com/collections/tt-lakes-font-typetype/?tab=techSpecs
[2026-09-27T14:26:25Z] #2750 attempt=1/2 status=200 0.429s url=https://www.myfonts.com/products/bold-arquitecta-office-152750
[2026-09-27T14:26:25Z] #2751 attempt=1/2 status=200 0.448s url=https://www.myfonts.com/collections/arquitecta-office-font-latinotype/
[2026-09-27T14:26:26Z] #2752 attempt=1/2 status=200 0.260s url=https://www.myfonts.com/collections/arquitecta-office-font-latinotype/?tab=techSpecs
[2026-09-27T14:26:28Z] #2753 attempt=1/2 status=200 0.538s url=https://www.myfonts.com/products/medium-italic-proxima-soft-204726
[2026-09-27T14:26:29Z] #2754 attempt=1/2 status=200 0.283s url=https://www.myfonts.com/collections/proxima-soft-font-mark-simonson/
[2026-09-27T14:26:30Z] #2755 attempt=1/2 status=200 0.298s url=https://www.myfonts.com/collections/proxima-soft-font-mark-simonson/?tab=techSpecs
[2026-09-27T14:26:31Z] #2756 attempt=1/2 status=200 0.510s url=https://www.myfonts.com/products/alt-heavy-texta-narrow-158670
[2026-09-27T14:26:32Z] #2757 attempt=1/2 status=200 0.245s url=https://www.myfonts.com/collections/texta-narrow-font-latinotype/
[2026-09-27T14:26:33Z] #2758 attempt=1/2 status=200 0.281s url=https://www.myfonts.com/collections/texta-narrow-font-latinotype/?tab=techSpecs
[2026-09-27T14:26:35Z] #2759 attempt=1/2 status=200 0.643s url=https://www.myfonts.com/products/medium-proxima-soft-204763
[2026-09-27T14:26:35Z] #2760 attempt=1/2 status=200 0.280s url=https://www.myfonts.com/collections/proxima-soft-font-mark-simonson/
[2026-09-27T14:26:36Z] #2761 attempt=1/2 status=200 0.310s url=https://www.myfonts.com/collections/proxima-soft-font-mark-simonson/?tab=techSpecs
[2026-09-27T14:26:38Z] #2762 attempt=1/2 status=200 0.350s url=https://www.myfonts.com/products/thin-coquette-242424
[2026-09-27T14:26:38Z] #2763 attempt=1/2 status=200 0.246s url=https://www.myfonts.com/collections/coquette-font-mark-simonson/
[2026-09-27T14:26:39Z] #2764 attempt=1/2 status=200 0.233s url=https://www.myfonts.com/collections/coquette-font-mark-simonson/?tab=techSpecs
[2026-09-27T14:26:41Z] #2765 attempt=1/2 status=200 0.406s url=https://www.myfonts.com/products/light-italic-tt-rounds-225115
[2026-09-27T14:26:41Z] #2766 attempt=1/2 status=200 0.245s url=https://www.myfonts.com/collections/tt-rounds-font-typetype/
[2026-09-27T14:26:42Z] #2767 attempt=1/2 status=200 0.242s url=https://www.myfonts.com/collections/tt-rounds-font-typetype/?tab=techSpecs
[2026-09-27T14:26:44Z] #2768 attempt=1/2 status=200 0.684s url=https://www.myfonts.com/products/condensed-demi-bold-tt-lakes-213944
[2026-09-27T14:26:45Z] #2769 attempt=1/2 status=200 0.361s url=https://www.myfonts.com/collections/tt-lakes-font-typetype/
[2026-09-27T14:26:46Z] #2770 attempt=1/2 status=200 0.287s url=https://www.myfonts.com/collections/tt-lakes-font-typetype/?tab=techSpecs
[2026-09-27T14:26:47Z] #2771 attempt=1/2 status=200 0.465s url=https://www.myfonts.com/products/thin-arquitecta-standard-152738
[2026-09-27T14:26:48Z] #2772 attempt=1/2 status=200 0.288s url=https://www.myfonts.com/collections/arquitecta-standard-font-latinotype/
[2026-09-27T14:26:49Z] #2773 attempt=1/2 status=200 0.312s url=https://www.myfonts.com/collections/arquitecta-standard-font-latinotype/?tab=techSpecs
[2026-09-27T14:26:51Z] #2774 attempt=1/2 status=200 0.403s url=https://www.myfonts.com/products/heavy-italic-arquitecta-standard-152631
[2026-09-27T14:26:51Z] #2775 attempt=1/2 status=200 0.305s url=https://www.myfonts.com/collections/arquitecta-standard-font-latinotype/
[2026-09-27T14:26:52Z] #2776 attempt=1/2 status=200 0.268s url=https://www.myfonts.com/collections/arquitecta-standard-font-latinotype/?tab=techSpecs
[2026-09-27T14:26:54Z] #2777 attempt=1/2 status=200 0.420s url=https://www.myfonts.com/products/thin-mostra-nuova-243345
[2026-09-27T14:26:54Z] #2778 attempt=1/2 status=200 0.234s url=https://www.myfonts.com/collections/mostra-nuova-font-mark-simonson/
[2026-09-27T14:26:55Z] #2779 attempt=1/2 status=200 0.246s url=https://www.myfonts.com/collections/mostra-nuova-font-mark-simonson/?tab=techSpecs
[2026-09-27T14:26:57Z] #2780 attempt=1/2 status=200 0.507s url=https://www.myfonts.com/products/compressed-medium-tt-lakes-213729
[2026-09-27T14:26:58Z] #2781 attempt=1/2 status=200 0.279s url=https://www.myfonts.com/collections/tt-lakes-font-typetype/
[2026-09-27T14:26:59Z] #2782 attempt=1/2 status=200 0.297s url=https://www.myfonts.com/collections/tt-lakes-font-typetype/?tab=techSpecs
[2026-09-27T14:27:00Z] #2783 attempt=1/2 status=200 0.328s url=https://www.myfonts.com/products/felt-tip-roman-felt-tip-roman-242272
[2026-09-27T14:27:01Z] #2784 attempt=1/2 status=200 0.237s url=https://www.myfonts.com/collections/felt-tip-roman-font-mark-simonson/
[2026-09-27T14:27:01Z] #2785 attempt=1/2 status=200 0.229s url=https://www.myfonts.com/collections/felt-tip-roman-font-mark-simonson/?tab=techSpecs
[2026-09-27T14:27:03Z] #2786 attempt=1/2 status=200 0.566s url=https://www.myfonts.com/products/condensed-bold-tt-lakes-213799
[2026-09-27T14:27:04Z] #2787 attempt=1/2 status=200 0.276s url=https://www.myfonts.com/collections/tt-lakes-font-typetype/
[2026-09-27T14:27:05Z] #2788 attempt=1/2 status=200 0.266s url=https://www.myfonts.com/collections/tt-lakes-font-typetype/?tab=techSpecs
[2026-09-27T14:27:07Z] #2789 attempt=1/2 status=200 0.517s url=https://www.myfonts.com/products/condensed-extra-bold-tt-lakes-213809
[2026-09-27T14:27:07Z] #2790 attempt=1/2 status=200 0.303s url=https://www.myfonts.com/collections/tt-lakes-font-typetype/
[2026-09-27T14:27:08Z] #2791 attempt=1/2 status=200 0.295s url=https://www.myfonts.com/collections/tt-lakes-font-typetype/?tab=techSpecs
[2026-09-27T14:27:10Z] #2792 attempt=1/2 status=200 0.486s url=https://www.myfonts.com/products/italic-arquitecta-standard-152707
[2026-09-27T14:27:11Z] #2793 attempt=1/2 status=200 0.273s url=https://www.myfonts.com/collections/arquitecta-standard-font-latinotype/
[2026-09-27T14:27:12Z] #2794 attempt=1/2 status=200 0.266s url=https://www.myfonts.com/collections/arquitecta-standard-font-latinotype/?tab=techSpecs
[2026-09-27T14:27:13Z] #2795 attempt=1/2 status=200 0.349s url=https://www.myfonts.com/products/doom-open-deadline-153281
[2026-09-27T14:27:14Z] #2796 attempt=1/2 status=200 0.364s url=https://www.myfonts.com/collections/deadline-font-comicraft/
[2026-09-27T14:27:15Z] #2797 attempt=1/2 status=200 0.259s url=https://www.myfonts.com/collections/deadline-font-comicraft/?tab=techSpecs
[2026-09-27T14:27:16Z] #2798 attempt=1/2 status=200 0.502s url=https://www.myfonts.com/products/heavy-italic-texta-narrow-155033
[2026-09-27T14:27:17Z] #2799 attempt=1/2 status=200 0.251s url=https://www.myfonts.com/collections/texta-narrow-font-latinotype/
[2026-09-27T14:27:18Z] #2800 attempt=1/2 status=200 0.240s url=https://www.myfonts.com/collections/texta-narrow-font-latinotype/?tab=techSpecs
[2026-09-27T14:27:19Z] #2801 attempt=1/2 status=200 0.448s url=https://www.myfonts.com/products/black-italic-texta-narrow-155003
[2026-09-27T14:27:20Z] #2802 attempt=1/2 status=200 0.251s url=https://www.myfonts.com/collections/texta-narrow-font-latinotype/
[2026-09-27T14:27:21Z] #2803 attempt=1/2 status=200 0.242s url=https://www.myfonts.com/collections/texta-narrow-font-latinotype/?tab=techSpecs
[2026-09-27T14:27:23Z] #2804 attempt=1/2 status=200 0.498s url=https://www.myfonts.com/products/extracond-semibold-italic-proxima-soft-210592
[2026-09-27T14:27:23Z] #2805 attempt=1/2 status=200 0.278s url=https://www.myfonts.com/collections/proxima-soft-font-mark-simonson/
[2026-09-27T14:27:24Z] #2806 attempt=1/2 status=200 0.299s url=https://www.myfonts.com/collections/proxima-soft-font-mark-simonson/?tab=techSpecs
[2026-09-27T14:27:26Z] #2807 attempt=1/2 status=200 0.373s url=https://www.myfonts.com/products/black-blakely-151453
[2026-09-27T14:27:26Z] #2808 attempt=1/2 status=200 0.223s url=https://www.myfonts.com/collections/blakely-font-mark-simonson/
[2026-09-27T14:27:27Z] #2809 attempt=1/2 status=200 0.219s url=https://www.myfonts.com/collections/blakely-font-mark-simonson/?tab=techSpecs
[2026-09-27T14:27:29Z] #2810 attempt=1/2 status=200 0.643s url=https://www.myfonts.com/products/compressed-black-italic-tt-lakes-213662
[2026-09-27T14:27:30Z] #2811 attempt=1/2 status=200 0.300s url=https://www.myfonts.com/collections/tt-lakes-font-typetype/
[2026-09-27T14:27:30Z] #2812 attempt=1/2 status=200 0.280s url=https://www.myfonts.com/collections/tt-lakes-font-typetype/?tab=techSpecs
[2026-09-27T14:27:32Z] #2813 attempt=1/2 status=200 0.372s url=https://www.myfonts.com/products/italic-business-as-usual-111535
[2026-09-27T14:27:33Z] #2814 attempt=1/2 status=200 0.402s url=https://www.myfonts.com/collections/business-as-usual-font-hanoded/
[2026-09-27T14:27:34Z] #2815 attempt=1/2 status=200 0.348s url=https://www.myfonts.com/collections/business-as-usual-font-hanoded/?tab=techSpecs
[2026-09-27T14:27:36Z] #2816 attempt=1/2 status=200 0.576s url=https://www.myfonts.com/products/extracond-italic-proxima-soft-210603
[2026-09-27T14:27:36Z] #2817 attempt=1/2 status=200 0.266s url=https://www.myfonts.com/collections/proxima-soft-font-mark-simonson/
[2026-09-27T14:27:37Z] #2818 attempt=1/2 status=200 0.245s url=https://www.myfonts.com/collections/proxima-soft-font-mark-simonson/?tab=techSpecs
[2026-09-27T14:27:39Z] #2819 attempt=1/2 status=200 0.302s url=https://www.myfonts.com/products/bold-refrigerator-deluxe-206797
[2026-09-27T14:27:39Z] #2820 attempt=1/2 status=200 0.223s url=https://www.myfonts.com/collections/refrigerator-deluxe-font-mark-simonson/
[2026-09-27T14:27:40Z] #2821 attempt=1/2 status=200 0.211s url=https://www.myfonts.com/collections/refrigerator-deluxe-font-mark-simonson/?tab=techSpecs
[2026-09-27T14:27:42Z] #2822 attempt=1/2 status=200 1.171s url=https://www.myfonts.com/products/extrabld-proxima-nova-265918
[2026-09-27T14:27:43Z] #2823 attempt=1/2 status=200 0.465s url=https://www.myfonts.com/collections/proxima-nova-font-mark-simonson/
[2026-09-27T14:27:44Z] #2824 attempt=1/2 status=200 0.508s url=https://www.myfonts.com/collections/proxima-nova-font-mark-simonson/?tab=techSpecs
[2026-09-27T14:27:47Z] #2825 attempt=1/2 status=200 1.157s url=https://www.myfonts.com/products/light-it-proxima-nova-265827
[2026-09-27T14:27:48Z] #2826 attempt=1/2 status=200 0.449s url=https://www.myfonts.com/collections/proxima-nova-font-mark-simonson/
[2026-09-27T14:27:49Z] #2827 attempt=1/2 status=200 0.453s url=https://www.myfonts.com/collections/proxima-nova-font-mark-simonson/?tab=techSpecs
[2026-09-27T14:27:52Z] #2828 attempt=1/2 status=200 0.505s url=https://www.myfonts.com/products/italic-bookmania-265592
[2026-09-27T14:27:52Z] #2829 attempt=1/2 status=200 0.521s url=https://www.myfonts.com/collections/bookmania-font-mark-simonson/
[2026-09-27T14:27:53Z] #2830 attempt=1/2 status=200 0.231s url=https://www.myfonts.com/collections/bookmania-font-mark-simonson/?tab=techSpecs
[2026-09-27T14:27:55Z] #2831 attempt=1/2 status=200 0.361s url=https://www.myfonts.com/products/regular-byom-436448
[2026-09-27T14:27:56Z] #2832 attempt=1/2 status=200 0.417s url=https://www.myfonts.com/collections/byom-font-zetafonts/
[2026-09-27T14:27:56Z] #2833 attempt=1/2 status=200 0.316s url=https://www.myfonts.com/collections/byom-font-zetafonts/?tab=techSpecs
[2026-09-27T14:27:58Z] #2834 attempt=1/2 status=200 0.418s url=https://www.myfonts.com/products/black-kitten-438004
[2026-09-27T14:27:59Z] #2835 attempt=1/2 status=200 0.468s url=https://www.myfonts.com/collections/kitten-font-zetafonts/
[2026-09-27T14:28:00Z] #2836 attempt=1/2 status=200 0.273s url=https://www.myfonts.com/collections/kitten-font-zetafonts/?tab=techSpecs
[2026-09-27T14:28:02Z] #2837 attempt=1/2 status=200 0.343s url=https://www.myfonts.com/products/light-byom-436447
[2026-09-27T14:28:02Z] #2838 attempt=1/2 status=200 0.243s url=https://www.myfonts.com/collections/byom-font-zetafonts/
[2026-09-27T14:28:03Z] #2839 attempt=1/2 status=200 0.224s url=https://www.myfonts.com/collections/byom-font-zetafonts/?tab=techSpecs
[2026-09-27T14:28:04Z] #2840 attempt=1/2 status=200 0.332s url=https://www.myfonts.com/products/light-blakely-151470
[2026-09-27T14:28:05Z] #2841 attempt=1/2 status=200 0.215s url=https://www.myfonts.com/collections/blakely-font-mark-simonson/
[2026-09-27T14:28:06Z] #2842 attempt=1/2 status=200 0.223s url=https://www.myfonts.com/collections/blakely-font-mark-simonson/?tab=techSpecs
[2026-09-27T14:28:07Z] #2843 attempt=1/2 status=200 0.415s url=https://www.myfonts.com/products/black-tt-rounds-condensed-254338
[2026-09-27T14:28:08Z] #2844 attempt=1/2 status=200 0.540s url=https://www.myfonts.com/collections/tt-rounds-condensed-font-typetype/
[2026-09-27T14:28:09Z] #2845 attempt=1/2 status=200 0.259s url=https://www.myfonts.com/collections/tt-rounds-condensed-font-typetype/?tab=techSpecs
[2026-09-27T14:28:12Z] #2846 attempt=1/2 status=200 1.439s url=https://www.myfonts.com/products/ex-cn-extrabld-proxima-nova-257758
[2026-09-27T14:28:12Z] #2847 attempt=1/2 status=200 0.465s url=https://www.myfonts.com/collections/proxima-nova-font-mark-simonson/
[2026-09-27T14:28:14Z] #2848 attempt=1/2 status=200 0.527s url=https://www.myfonts.com/collections/proxima-nova-font-mark-simonson/?tab=techSpecs
[2026-09-27T14:28:16Z] #2849 attempt=1/2 status=200 0.372s url=https://www.myfonts.com/products/extrabold-coquette-242465
[2026-09-27T14:28:16Z] #2850 attempt=1/2 status=200 0.254s url=https://www.myfonts.com/collections/coquette-font-mark-simonson/
[2026-09-27T14:28:17Z] #2851 attempt=1/2 status=200 0.245s url=https://www.myfonts.com/collections/coquette-font-mark-simonson/?tab=techSpecs
[2026-09-27T14:28:19Z] #2852 attempt=1/2 status=200 0.301s url=https://www.myfonts.com/products/bold-byom-436449
[2026-09-27T14:28:19Z] #2853 attempt=1/2 status=200 0.232s url=https://www.myfonts.com/collections/byom-font-zetafonts/
[2026-09-27T14:28:20Z] #2854 attempt=1/2 status=200 0.223s url=https://www.myfonts.com/collections/byom-font-zetafonts/?tab=techSpecs
[2026-09-27T14:28:21Z] #2855 attempt=1/2 status=200 0.347s url=https://www.myfonts.com/products/swash-fat-kitten-438013
[2026-09-27T14:28:22Z] #2856 attempt=1/2 status=200 0.285s url=https://www.myfonts.com/collections/kitten-font-zetafonts/
[2026-09-27T14:28:23Z] #2857 attempt=1/2 status=200 0.233s url=https://www.myfonts.com/collections/kitten-font-zetafonts/?tab=techSpecs
[2026-09-27T14:28:25Z] #2858 attempt=1/2 status=200 1.072s url=https://www.myfonts.com/products/ex-cn-black-it-proxima-nova-257789
[2026-09-27T14:28:26Z] #2859 attempt=1/2 status=200 0.479s url=https://www.myfonts.com/collections/proxima-nova-font-mark-simonson/
[2026-09-27T14:28:28Z] #2860 attempt=1/2 status=200 0.484s url=https://www.myfonts.com/collections/proxima-nova-font-mark-simonson/?tab=techSpecs
[2026-09-27T14:28:30Z] #2861 attempt=1/2 status=200 1.275s url=https://www.myfonts.com/products/ex-cn-light-proxima-nova-257658
[2026-09-27T14:28:31Z] #2862 attempt=1/2 status=200 0.495s url=https://www.myfonts.com/collections/proxima-nova-font-mark-simonson/
[2026-09-27T14:28:33Z] #2863 attempt=1/2 status=200 0.451s url=https://www.myfonts.com/collections/proxima-nova-font-mark-simonson/?tab=techSpecs
[2026-09-27T14:28:35Z] #2864 attempt=1/2 status=200 0.362s url=https://www.myfonts.com/products/swash-light-kitten-438010
[2026-09-27T14:28:35Z] #2865 attempt=1/2 status=200 0.234s url=https://www.myfonts.com/collections/kitten-font-zetafonts/
[2026-09-27T14:28:36Z] #2866 attempt=1/2 status=200 0.267s url=https://www.myfonts.com/collections/kitten-font-zetafonts/?tab=techSpecs
[2026-09-27T14:28:38Z] #2867 attempt=1/2 status=200 0.379s url=https://www.myfonts.com/products/thin-tt-rounds-condensed-254249
[2026-09-27T14:28:38Z] #2868 attempt=1/2 status=200 0.230s url=https://www.myfonts.com/collections/tt-rounds-condensed-font-typetype/
[2026-09-27T14:28:39Z] #2869 attempt=1/2 status=200 0.224s url=https://www.myfonts.com/collections/tt-rounds-condensed-font-typetype/?tab=techSpecs
[2026-09-27T14:28:41Z] #2870 attempt=1/2 status=200 0.292s url=https://www.myfonts.com/products/bold-felt-tip-woman-152005
[2026-09-27T14:28:41Z] #2871 attempt=1/2 status=200 0.330s url=https://www.myfonts.com/collections/felt-tip-woman-font-mark-simonson/
[2026-09-27T14:28:42Z] #2872 attempt=1/2 status=200 0.222s url=https://www.myfonts.com/collections/felt-tip-woman-font-mark-simonson/?tab=techSpecs
[2026-09-27T14:28:44Z] #2873 attempt=1/2 status=200 0.365s url=https://www.myfonts.com/products/swash-regular-kitten-438011
[2026-09-27T14:28:44Z] #2874 attempt=1/2 status=200 0.221s url=https://www.myfonts.com/collections/kitten-font-zetafonts/
[2026-09-27T14:28:45Z] #2875 attempt=1/2 status=200 0.331s url=https://www.myfonts.com/collections/kitten-font-zetafonts/?tab=techSpecs
[2026-09-27T14:28:47Z] #2876 attempt=1/2 status=200 0.393s url=https://www.myfonts.com/products/sharktooth-sharktooth-152393
[2026-09-27T14:28:47Z] #2877 attempt=1/2 status=200 0.326s url=https://www.myfonts.com/collections/sharktooth-font-mark-simonson/
[2026-09-27T14:28:48Z] #2878 attempt=1/2 status=200 0.213s url=https://www.myfonts.com/collections/sharktooth-font-mark-simonson/?tab=techSpecs
[2026-09-27T14:28:50Z] #2879 attempt=1/2 status=200 0.531s url=https://www.myfonts.com/products/demi-bold-tt-lakes-213975
[2026-09-27T14:28:50Z] #2880 attempt=1/2 status=200 0.307s url=https://www.myfonts.com/collections/tt-lakes-font-typetype/
[2026-09-27T14:28:51Z] #2881 attempt=1/2 status=200 0.245s url=https://www.myfonts.com/collections/tt-lakes-font-typetype/?tab=techSpecs
[2026-09-27T14:28:53Z] #2882 attempt=1/2 status=200 0.576s url=https://www.myfonts.com/products/cond-thin-proxima-soft-210348
[2026-09-27T14:28:54Z] #2883 attempt=1/2 status=200 0.263s url=https://www.myfonts.com/collections/proxima-soft-font-mark-simonson/
[2026-09-27T14:28:54Z] #2884 attempt=1/2 status=200 0.257s url=https://www.myfonts.com/collections/proxima-soft-font-mark-simonson/?tab=techSpecs
[2026-09-27T14:28:57Z] #2885 attempt=1/2 status=200 1.158s url=https://www.myfonts.com/products/ex-cn-black-proxima-nova-257778
[2026-09-27T14:28:58Z] #2886 attempt=1/2 status=200 0.458s url=https://www.myfonts.com/collections/proxima-nova-font-mark-simonson/
[2026-09-27T14:28:59Z] #2887 attempt=1/2 status=200 0.481s url=https://www.myfonts.com/collections/proxima-nova-font-mark-simonson/?tab=techSpecs
[2026-09-27T14:29:02Z] #2888 attempt=1/2 status=200 0.640s url=https://www.myfonts.com/products/extra-bold-italic-tt-lakes-214044
[2026-09-27T14:29:02Z] #2889 attempt=1/2 status=200 0.285s url=https://www.myfonts.com/collections/tt-lakes-font-typetype/
[2026-09-27T14:29:03Z] #2890 attempt=1/2 status=200 0.257s url=https://www.myfonts.com/collections/tt-lakes-font-typetype/?tab=techSpecs
[2026-09-27T14:29:05Z] #2891 attempt=1/2 status=200 0.317s url=https://www.myfonts.com/products/extrabold-goldenbook-242216
[2026-09-27T14:29:05Z] #2892 attempt=1/2 status=200 0.217s url=https://www.myfonts.com/collections/goldenbook-font-mark-simonson/
[2026-09-27T14:29:06Z] #2893 attempt=1/2 status=200 0.245s url=https://www.myfonts.com/collections/goldenbook-font-mark-simonson/?tab=techSpecs
[2026-09-27T14:29:08Z] #2894 attempt=1/2 status=200 0.420s url=https://www.myfonts.com/products/dingcats-kitten-437998
[2026-09-27T14:29:08Z] #2895 attempt=1/2 status=200 0.233s url=https://www.myfonts.com/collections/kitten-font-zetafonts/
[2026-09-27T14:29:09Z] #2896 attempt=1/2 status=200 0.224s url=https://www.myfonts.com/collections/kitten-font-zetafonts/?tab=techSpecs
[2026-09-27T14:29:11Z] #2897 attempt=1/2 status=200 0.310s url=https://www.myfonts.com/products/regular-refrigerator-deluxe-206787
[2026-09-27T14:29:11Z] #2898 attempt=1/2 status=200 0.277s url=https://www.myfonts.com/collections/refrigerator-deluxe-font-mark-simonson/
[2026-09-27T14:29:12Z] #2899 attempt=1/2 status=200 0.219s url=https://www.myfonts.com/collections/refrigerator-deluxe-font-mark-simonson/?tab=techSpecs
[2026-09-27T14:29:13Z] #2900 attempt=1/2 status=200 0.380s url=https://www.myfonts.com/products/slant-regular-kitten-438006
[2026-09-27T14:29:14Z] #2901 attempt=1/2 status=200 0.247s url=https://www.myfonts.com/collections/kitten-font-zetafonts/
[2026-09-27T14:29:15Z] #2902 attempt=1/2 status=200 0.216s url=https://www.myfonts.com/collections/kitten-font-zetafonts/?tab=techSpecs
[2026-09-27T14:29:16Z] #2903 attempt=1/2 status=200 0.363s url=https://www.myfonts.com/products/slant-monoline-kitten-438005
[2026-09-27T14:29:17Z] #2904 attempt=1/2 status=200 0.248s url=https://www.myfonts.com/collections/kitten-font-zetafonts/
[2026-09-27T14:29:18Z] #2905 attempt=1/2 status=200 0.239s url=https://www.myfonts.com/collections/kitten-font-zetafonts/?tab=techSpecs
[2026-09-27T14:29:19Z] #2906 attempt=1/2 status=200 0.476s url=https://www.myfonts.com/products/extracond-thin-proxima-soft-210623
[2026-09-27T14:29:20Z] #2907 attempt=1/2 status=200 0.305s url=https://www.myfonts.com/collections/proxima-soft-font-mark-simonson/
[2026-09-27T14:29:21Z] #2908 attempt=1/2 status=200 0.253s url=https://www.myfonts.com/collections/proxima-soft-font-mark-simonson/?tab=techSpecs
[2026-09-27T14:29:23Z] #2909 attempt=1/2 status=200 0.455s url=https://www.myfonts.com/products/monoline-kitten-437999
[2026-09-27T14:29:23Z] #2910 attempt=1/2 status=200 0.284s url=https://www.myfonts.com/collections/kitten-font-zetafonts/
[2026-09-27T14:29:24Z] #2911 attempt=1/2 status=200 0.321s url=https://www.myfonts.com/collections/kitten-font-zetafonts/?tab=techSpecs
[2026-09-27T14:29:26Z] #2912 attempt=1/2 status=200 0.414s url=https://www.myfonts.com/products/thin-cinematografica-436473
[2026-09-27T14:29:27Z] #2913 attempt=1/2 status=200 0.451s url=https://www.myfonts.com/collections/cinematografica-font-zetafonts/
[2026-09-27T14:29:27Z] #2914 attempt=1/2 status=200 0.219s url=https://www.myfonts.com/collections/cinematografica-font-zetafonts/?tab=techSpecs
[2026-09-27T14:29:29Z] #2915 attempt=1/2 status=200 0.401s url=https://www.myfonts.com/products/swash-thin-kitten-438009
[2026-09-27T14:29:29Z] #2916 attempt=1/2 status=200 0.214s url=https://www.myfonts.com/collections/kitten-font-zetafonts/
[2026-09-27T14:29:30Z] #2917 attempt=1/2 status=200 0.301s url=https://www.myfonts.com/collections/kitten-font-zetafonts/?tab=techSpecs
[2026-09-27T14:29:33Z] #2918 attempt=1/2 status=200 1.050s url=https://www.myfonts.com/products/ex-cn-regular-it-proxima-nova-257688
[2026-09-27T14:29:33Z] #2919 attempt=1/2 status=200 0.496s url=https://www.myfonts.com/collections/proxima-nova-font-mark-simonson/
[2026-09-27T14:29:35Z] #2920 attempt=1/2 status=200 0.460s url=https://www.myfonts.com/collections/proxima-nova-font-mark-simonson/?tab=techSpecs
[2026-09-27T14:29:37Z] #2921 attempt=1/2 status=200 0.386s url=https://www.myfonts.com/products/extra-light-kitten-438000
[2026-09-27T14:29:38Z] #2922 attempt=1/2 status=200 0.222s url=https://www.myfonts.com/collections/kitten-font-zetafonts/
[2026-09-27T14:29:38Z] #2923 attempt=1/2 status=200 0.268s url=https://www.myfonts.com/collections/kitten-font-zetafonts/?tab=techSpecs
[2026-09-27T14:29:40Z] #2924 attempt=1/2 status=200 0.342s url=https://www.myfonts.com/products/bold-business-as-usual-111546
[2026-09-27T14:29:41Z] #2925 attempt=1/2 status=200 0.210s url=https://www.myfonts.com/collections/business-as-usual-font-hanoded/
[2026-09-27T14:29:41Z] #2926 attempt=1/2 status=200 0.209s url=https://www.myfonts.com/collections/business-as-usual-font-hanoded/?tab=techSpecs
[2026-09-27T14:29:43Z] #2927 attempt=1/2 status=200 0.381s url=https://www.myfonts.com/products/medium-italic-metallophile-sp8-265686
[2026-09-27T14:29:44Z] #2928 attempt=1/2 status=200 0.345s url=https://www.myfonts.com/collections/metallophile-sp8-font-mark-simonson/
[2026-09-27T14:29:44Z] #2929 attempt=1/2 status=200 0.200s url=https://www.myfonts.com/collections/metallophile-sp8-font-mark-simonson/?tab=techSpecs
[2026-09-27T14:29:47Z] #2930 attempt=1/2 status=200 1.096s url=https://www.myfonts.com/products/extracond-medium-proxima-nova-257697
[2026-09-27T14:29:50Z] #2931 attempt=1/2 status=200 2.950s url=https://www.myfonts.com/collections/proxima-nova-font-mark-simonson/
[2026-09-27T14:29:52Z] #2932 attempt=1/2 status=200 0.450s url=https://www.myfonts.com/collections/proxima-nova-font-mark-simonson/?tab=techSpecs
[2026-09-27T14:29:54Z] #2933 attempt=1/2 status=200 0.982s url=https://www.myfonts.com/products/cond-light-it-proxima-nova-265994
[2026-09-27T14:29:55Z] #2934 attempt=1/2 status=200 0.452s url=https://www.myfonts.com/collections/proxima-nova-font-mark-simonson/
[2026-09-27T14:29:57Z] #2935 attempt=1/2 status=200 0.477s url=https://www.myfonts.com/collections/proxima-nova-font-mark-simonson/?tab=techSpecs
[2026-09-27T14:29:58Z] #2936 attempt=1/2 status=200 0.344s url=https://www.myfonts.com/products/light-italic-metallophile-sp8-265670
[2026-09-27T14:29:59Z] #2937 attempt=1/2 status=200 0.219s url=https://www.myfonts.com/collections/metallophile-sp8-font-mark-simonson/
[2026-09-27T14:30:00Z] #2938 attempt=1/2 status=200 0.221s url=https://www.myfonts.com/collections/metallophile-sp8-font-mark-simonson/?tab=techSpecs
[2026-09-27T14:30:02Z] #2939 attempt=1/6 status=200 0.967s url=https://www.myfonts.com/products.json?limit=100&page=77
[2026-09-27T14:30:04Z] #2940 attempt=1/2 status=200 1.065s url=https://www.myfonts.com/products/cond-light-proxima-nova-265983
[2026-09-27T14:30:05Z] #2941 attempt=1/2 status=200 0.524s url=https://www.myfonts.com/collections/proxima-nova-font-mark-simonson/
[2026-09-27T14:30:06Z] #2942 attempt=1/2 status=200 0.473s url=https://www.myfonts.com/collections/proxima-nova-font-mark-simonson/?tab=techSpecs
[2026-09-27T14:30:08Z] #2943 attempt=1/2 status=200 0.371s url=https://www.myfonts.com/products/light-italic-tt-rounds-condensed-254282
[2026-09-27T14:30:09Z] #2944 attempt=1/2 status=200 0.236s url=https://www.myfonts.com/collections/tt-rounds-condensed-font-typetype/
[2026-09-27T14:30:09Z] #2945 attempt=1/2 status=200 0.232s url=https://www.myfonts.com/collections/tt-rounds-condensed-font-typetype/?tab=techSpecs
[2026-09-27T14:30:12Z] #2946 attempt=1/2 status=200 1.075s url=https://www.myfonts.com/products/ex-cn-regular-proxima-nova-257678
[2026-09-27T14:30:13Z] #2947 attempt=1/2 status=200 0.496s url=https://www.myfonts.com/collections/proxima-nova-font-mark-simonson/
[2026-09-27T14:30:14Z] #2948 attempt=1/2 status=200 0.497s url=https://www.myfonts.com/collections/proxima-nova-font-mark-simonson/?tab=techSpecs
[2026-09-27T14:30:16Z] #2949 attempt=1/2 status=200 0.385s url=https://www.myfonts.com/products/light-metallophile-sp8-265662
[2026-09-27T14:30:17Z] #2950 attempt=1/2 status=200 0.216s url=https://www.myfonts.com/collections/metallophile-sp8-font-mark-simonson/
[2026-09-27T14:30:17Z] #2951 attempt=1/2 status=200 0.219s url=https://www.myfonts.com/collections/metallophile-sp8-font-mark-simonson/?tab=techSpecs
[2026-09-27T14:30:19Z] #2952 attempt=1/2 status=200 0.386s url=https://www.myfonts.com/products/bold-tt-rounds-condensed-254318
[2026-09-27T14:30:20Z] #2953 attempt=1/2 status=200 0.219s url=https://www.myfonts.com/collections/tt-rounds-condensed-font-typetype/
[2026-09-27T14:30:20Z] #2954 attempt=1/2 status=200 0.233s url=https://www.myfonts.com/collections/tt-rounds-condensed-font-typetype/?tab=techSpecs
[2026-09-27T14:30:22Z] #2955 attempt=1/2 status=200 0.409s url=https://www.myfonts.com/products/light-tt-rounds-condensed-254272
[2026-09-27T14:30:23Z] #2956 attempt=1/2 status=200 0.232s url=https://www.myfonts.com/collections/tt-rounds-condensed-font-typetype/
[2026-09-27T14:30:23Z] #2957 attempt=1/2 status=200 0.230s url=https://www.myfonts.com/collections/tt-rounds-condensed-font-typetype/?tab=techSpecs
[2026-09-27T14:30:26Z] #2958 attempt=1/2 status=200 1.193s url=https://www.myfonts.com/products/cond-black-it-proxima-nova-257627
[2026-09-27T14:30:27Z] #2959 attempt=1/2 status=200 0.436s url=https://www.myfonts.com/collections/proxima-nova-font-mark-simonson/
[2026-09-27T14:30:28Z] #2960 attempt=1/2 status=200 0.515s url=https://www.myfonts.com/collections/proxima-nova-font-mark-simonson/?tab=techSpecs
[2026-09-27T14:30:30Z] #2961 attempt=1/2 status=200 0.445s url=https://www.myfonts.com/products/bold-bookmania-265620
[2026-09-27T14:30:31Z] #2962 attempt=1/2 status=200 0.219s url=https://www.myfonts.com/collections/bookmania-font-mark-simonson/
[2026-09-27T14:30:32Z] #2963 attempt=1/2 status=200 0.213s url=https://www.myfonts.com/collections/bookmania-font-mark-simonson/?tab=techSpecs
[2026-09-27T14:30:33Z] #2964 attempt=1/2 status=200 0.441s url=https://www.myfonts.com/products/semibold-bookmania-265601
[2026-09-27T14:30:34Z] #2965 attempt=1/2 status=200 0.251s url=https://www.myfonts.com/collections/bookmania-font-mark-simonson/
[2026-09-27T14:30:35Z] #2966 attempt=1/2 status=200 0.222s url=https://www.myfonts.com/collections/bookmania-font-mark-simonson/?tab=techSpecs
[2026-09-27T14:30:37Z] #2967 attempt=1/2 status=200 0.927s url=https://www.myfonts.com/products/regular-it-proxima-nova-265843
[2026-09-27T14:30:38Z] #2968 attempt=1/2 status=200 0.481s url=https://www.myfonts.com/collections/proxima-nova-font-mark-simonson/
[2026-09-27T14:30:39Z] #2969 attempt=1/2 status=200 0.491s url=https://www.myfonts.com/collections/proxima-nova-font-mark-simonson/?tab=techSpecs
[2026-09-27T14:30:42Z] #2970 attempt=1/2 status=200 1.057s url=https://www.myfonts.com/products/ex-cn-thin-proxima-nova-257638
[2026-09-27T14:30:43Z] #2971 attempt=1/2 status=200 0.532s url=https://www.myfonts.com/collections/proxima-nova-font-mark-simonson/
[2026-09-27T14:30:46Z] #2972 attempt=1/2 status=200 2.066s url=https://www.myfonts.com/collections/proxima-nova-font-mark-simonson/?tab=techSpecs
[2026-09-27T14:30:48Z] #2973 attempt=1/2 status=200 1.143s url=https://www.myfonts.com/products/thin-it-proxima-nova-265812
[2026-09-27T14:30:49Z] #2974 attempt=1/2 status=200 0.459s url=https://www.myfonts.com/collections/proxima-nova-font-mark-simonson/
[2026-09-27T14:30:51Z] #2975 attempt=1/2 status=200 0.500s url=https://www.myfonts.com/collections/proxima-nova-font-mark-simonson/?tab=techSpecs
[2026-09-27T14:30:54Z] #2976 attempt=1/2 status=200 1.005s url=https://www.myfonts.com/products/regular-proxima-nova-265836
[2026-09-27T14:30:54Z] #2977 attempt=1/2 status=200 0.525s url=https://www.myfonts.com/collections/proxima-nova-font-mark-simonson/
[2026-09-27T14:30:56Z] #2978 attempt=1/2 status=200 0.505s url=https://www.myfonts.com/collections/proxima-nova-font-mark-simonson/?tab=techSpecs
[2026-09-27T14:30:58Z] #2979 attempt=1/2 status=200 0.440s url=https://www.myfonts.com/products/black-bookmania-265639
[2026-09-27T14:30:59Z] #2980 attempt=1/2 status=200 0.256s url=https://www.myfonts.com/collections/bookmania-font-mark-simonson/
[2026-09-27T14:30:59Z] #2981 attempt=1/2 status=200 0.238s url=https://www.myfonts.com/collections/bookmania-font-mark-simonson/?tab=techSpecs
[2026-09-27T14:31:02Z] #2982 attempt=1/2 status=200 1.392s url=https://www.myfonts.com/products/semibold-proxima-nova-265876
[2026-09-27T14:31:03Z] #2983 attempt=1/2 status=200 0.476s url=https://www.myfonts.com/collections/proxima-nova-font-mark-simonson/
[2026-09-27T14:31:04Z] #2984 attempt=1/2 status=200 0.463s url=https://www.myfonts.com/collections/proxima-nova-font-mark-simonson/?tab=techSpecs
[2026-09-27T14:31:07Z] #2985 attempt=1/2 status=200 1.123s url=https://www.myfonts.com/products/cond-extrabld-proxima-nova-257594
[2026-09-27T14:31:08Z] #2986 attempt=1/2 status=200 0.611s url=https://www.myfonts.com/collections/proxima-nova-font-mark-simonson/
[2026-09-27T14:31:09Z] #2987 attempt=1/2 status=200 0.494s url=https://www.myfonts.com/collections/proxima-nova-font-mark-simonson/?tab=techSpecs
[2026-09-27T14:31:12Z] #2988 attempt=1/2 status=200 1.010s url=https://www.myfonts.com/products/cond-semibold-it-proxima-nova-257568
[2026-09-27T14:31:13Z] #2989 attempt=1/2 status=200 0.542s url=https://www.myfonts.com/collections/proxima-nova-font-mark-simonson/
[2026-09-27T14:31:14Z] #2990 attempt=1/2 status=200 0.468s url=https://www.myfonts.com/collections/proxima-nova-font-mark-simonson/?tab=techSpecs
[2026-09-27T14:31:17Z] #2991 attempt=1/2 status=200 0.419s url=https://www.myfonts.com/products/semibold-italic-bookmania-265610
[2026-09-27T14:31:17Z] #2992 attempt=1/2 status=200 0.239s url=https://www.myfonts.com/collections/bookmania-font-mark-simonson/
[2026-09-27T14:31:18Z] #2993 attempt=1/2 status=200 0.236s url=https://www.myfonts.com/collections/bookmania-font-mark-simonson/?tab=techSpecs
[2026-09-27T14:31:20Z] #2994 attempt=1/2 status=200 1.166s url=https://www.myfonts.com/products/cond-black-proxima-nova-257617
[2026-09-27T14:31:21Z] #2995 attempt=1/2 status=200 0.476s url=https://www.myfonts.com/collections/proxima-nova-font-mark-simonson/
[2026-09-27T14:31:23Z] #2996 attempt=1/2 status=200 0.439s url=https://www.myfonts.com/collections/proxima-nova-font-mark-simonson/?tab=techSpecs
[2026-09-27T14:31:24Z] #2997 attempt=1/2 status=200 0.366s url=https://www.myfonts.com/products/regular-mandatory-126084
[2026-09-27T14:31:25Z] #2998 attempt=1/2 status=200 0.351s url=https://www.myfonts.com/collections/mandatory-font-k-type/
[2026-09-27T14:31:26Z] #2999 attempt=1/2 status=200 0.321s url=https://www.myfonts.com/collections/mandatory-font-k-type/?tab=techSpecs
[2026-09-27T14:31:28Z] #3000 attempt=1/2 status=200 0.387s url=https://www.myfonts.com/products/black-italic-tt-rounds-condensed-254348
[2026-09-27T14:31:29Z] #3001 attempt=1/2 status=200 0.442s url=https://www.myfonts.com/collections/tt-rounds-condensed-font-typetype/
[2026-09-27T14:31:29Z] #3002 attempt=1/2 status=200 0.326s url=https://www.myfonts.com/collections/tt-rounds-condensed-font-typetype/?tab=techSpecs
[2026-09-27T14:31:31Z] #3003 attempt=1/2 status=200 0.423s url=https://www.myfonts.com/products/regular-bookmania-265583
[2026-09-27T14:31:32Z] #3004 attempt=1/2 status=200 0.291s url=https://www.myfonts.com/collections/bookmania-font-mark-simonson/
[2026-09-27T14:31:32Z] #3005 attempt=1/2 status=200 0.289s url=https://www.myfonts.com/collections/bookmania-font-mark-simonson/?tab=techSpecs
[2026-09-27T14:31:35Z] #3006 attempt=1/2 status=200 1.273s url=https://www.myfonts.com/products/bold-it-proxima-nova-265907
[2026-09-27T14:31:36Z] #3007 attempt=1/2 status=200 0.682s url=https://www.myfonts.com/collections/proxima-nova-font-mark-simonson/
[2026-09-27T14:31:38Z] #3008 attempt=1/2 status=200 0.696s url=https://www.myfonts.com/collections/proxima-nova-font-mark-simonson/?tab=techSpecs
[2026-09-27T14:31:40Z] #3009 attempt=1/2 status=200 0.420s url=https://www.myfonts.com/products/italic-tt-rounds-condensed-254307
[2026-09-27T14:31:40Z] #3010 attempt=1/2 status=200 0.313s url=https://www.myfonts.com/collections/tt-rounds-condensed-font-typetype/
[2026-09-27T14:31:41Z] #3011 attempt=1/2 status=200 0.274s url=https://www.myfonts.com/collections/tt-rounds-condensed-font-typetype/?tab=techSpecs
[2026-09-27T14:31:43Z] #3012 attempt=1/2 status=200 0.982s url=https://www.myfonts.com/products/ex-cn-bold-it-proxima-nova-257749
[2026-09-27T14:31:45Z] #3013 attempt=1/2 status=200 0.699s url=https://www.myfonts.com/collections/proxima-nova-font-mark-simonson/
[2026-09-27T14:31:46Z] #3014 attempt=1/2 status=200 0.626s url=https://www.myfonts.com/collections/proxima-nova-font-mark-simonson/?tab=techSpecs
[2026-09-27T14:31:49Z] #3015 attempt=1/2 status=200 1.122s url=https://www.myfonts.com/products/cond-regular-proxima-nova-266004
[2026-09-27T14:31:50Z] #3016 attempt=1/2 status=200 0.670s url=https://www.myfonts.com/collections/proxima-nova-font-mark-simonson/
[2026-09-27T14:31:52Z] #3017 attempt=1/2 status=200 0.642s url=https://www.myfonts.com/collections/proxima-nova-font-mark-simonson/?tab=techSpecs
[2026-09-27T14:31:55Z] #3018 attempt=1/2 status=200 1.690s url=https://www.myfonts.com/products/medium-proxima-nova-265855
[2026-09-27T14:31:56Z] #3019 attempt=1/2 status=200 0.784s url=https://www.myfonts.com/collections/proxima-nova-font-mark-simonson/
[2026-09-27T14:31:58Z] #3020 attempt=1/2 status=200 0.710s url=https://www.myfonts.com/collections/proxima-nova-font-mark-simonson/?tab=techSpecs
[2026-09-27T14:32:00Z] #3021 attempt=1/2 status=200 0.421s url=https://www.myfonts.com/products/medium-metallophile-sp8-265679
[2026-09-27T14:32:00Z] #3022 attempt=1/2 status=200 0.279s url=https://www.myfonts.com/collections/metallophile-sp8-font-mark-simonson/
[2026-09-27T14:32:01Z] #3023 attempt=1/2 status=200 0.270s url=https://www.myfonts.com/collections/metallophile-sp8-font-mark-simonson/?tab=techSpecs
[2026-09-27T14:32:03Z] #3024 attempt=1/2 status=200 0.403s url=https://www.myfonts.com/products/regular-tt-rounds-condensed-254295
[2026-09-27T14:32:03Z] #3025 attempt=1/2 status=200 0.336s url=https://www.myfonts.com/collections/tt-rounds-condensed-font-typetype/
[2026-09-27T14:32:04Z] #3026 attempt=1/2 status=200 0.285s url=https://www.myfonts.com/collections/tt-rounds-condensed-font-typetype/?tab=techSpecs
[2026-09-27T14:32:06Z] #3027 attempt=1/2 status=200 0.435s url=https://www.myfonts.com/products/swash-monoline-kitten-438008
[2026-09-27T14:32:07Z] #3028 attempt=1/2 status=200 0.315s url=https://www.myfonts.com/collections/kitten-font-zetafonts/
[2026-09-27T14:32:08Z] #3029 attempt=1/2 status=200 0.318s url=https://www.myfonts.com/collections/kitten-font-zetafonts/?tab=techSpecs
[2026-09-27T14:32:09Z] #3030 attempt=1/2 status=200 0.359s url=https://www.myfonts.com/products/thin-byom-436446
[2026-09-27T14:32:10Z] #3031 attempt=1/2 status=200 0.280s url=https://www.myfonts.com/collections/byom-font-zetafonts/
[2026-09-27T14:32:10Z] #3032 attempt=1/2 status=200 0.250s url=https://www.myfonts.com/collections/byom-font-zetafonts/?tab=techSpecs
[2026-09-27T14:32:13Z] #3033 attempt=1/2 status=200 1.122s url=https://www.myfonts.com/products/ex-cn-extrabld-it-proxima-nova-257768
[2026-09-27T14:32:14Z] #3034 attempt=1/2 status=200 0.782s url=https://www.myfonts.com/collections/proxima-nova-font-mark-simonson/
[2026-09-27T14:32:16Z] #3035 attempt=1/2 status=200 0.689s url=https://www.myfonts.com/collections/proxima-nova-font-mark-simonson/?tab=techSpecs
[2026-09-27T14:32:18Z] #3036 attempt=1/2 status=200 1.028s url=https://www.myfonts.com/products/ex-cn-bold-proxima-nova-257738
[2026-09-27T14:32:19Z] #3037 attempt=1/2 status=200 0.719s url=https://www.myfonts.com/collections/proxima-nova-font-mark-simonson/
[2026-09-27T14:32:21Z] #3038 attempt=1/2 status=200 0.714s url=https://www.myfonts.com/collections/proxima-nova-font-mark-simonson/?tab=techSpecs
[2026-09-27T14:32:23Z] #3039 attempt=1/2 status=200 0.385s url=https://www.myfonts.com/products/light-kitten-438001
[2026-09-27T14:32:24Z] #3040 attempt=1/2 status=200 0.270s url=https://www.myfonts.com/collections/kitten-font-zetafonts/
[2026-09-27T14:32:25Z] #3041 attempt=1/2 status=200 0.314s url=https://www.myfonts.com/collections/kitten-font-zetafonts/?tab=techSpecs
[2026-09-27T14:32:26Z] #3042 attempt=1/2 status=200 0.435s url=https://www.myfonts.com/products/light-bookmania-265563
[2026-09-27T14:32:27Z] #3043 attempt=1/2 status=200 0.309s url=https://www.myfonts.com/collections/bookmania-font-mark-simonson/
[2026-09-27T14:32:28Z] #3044 attempt=1/2 status=200 0.288s url=https://www.myfonts.com/collections/bookmania-font-mark-simonson/?tab=techSpecs
[2026-09-27T14:32:29Z] #3045 attempt=1/2 status=200 0.395s url=https://www.myfonts.com/products/bold-italic-business-as-usual-111571
[2026-09-27T14:32:30Z] #3046 attempt=1/2 status=200 0.261s url=https://www.myfonts.com/collections/business-as-usual-font-hanoded/
[2026-09-27T14:32:31Z] #3047 attempt=1/2 status=200 0.267s url=https://www.myfonts.com/collections/business-as-usual-font-hanoded/?tab=techSpecs
[2026-09-27T14:32:32Z] #3048 attempt=1/2 status=200 0.417s url=https://www.myfonts.com/products/bold-italic-tt-rounds-condensed-254328
[2026-09-27T14:32:33Z] #3049 attempt=1/2 status=200 0.317s url=https://www.myfonts.com/collections/tt-rounds-condensed-font-typetype/
[2026-09-27T14:32:34Z] #3050 attempt=1/2 status=200 0.318s url=https://www.myfonts.com/collections/tt-rounds-condensed-font-typetype/?tab=techSpecs
[2026-09-27T14:32:36Z] #3051 attempt=1/2 status=200 1.078s url=https://www.myfonts.com/products/extracond-medium-italic-proxima-nova-257708
[2026-09-27T14:32:38Z] #3052 attempt=1/2 status=200 0.713s url=https://www.myfonts.com/collections/proxima-nova-font-mark-simonson/
[2026-09-27T14:32:39Z] #3053 attempt=1/2 status=200 0.691s url=https://www.myfonts.com/collections/proxima-nova-font-mark-simonson/?tab=techSpecs
[2026-09-27T14:32:42Z] #3054 attempt=1/2 status=200 1.175s url=https://www.myfonts.com/products/ex-cn-thin-it-proxima-nova-257647
[2026-09-27T14:32:43Z] #3055 attempt=1/2 status=200 0.684s url=https://www.myfonts.com/collections/proxima-nova-font-mark-simonson/
[2026-09-27T14:32:45Z] #3056 attempt=1/2 status=200 0.613s url=https://www.myfonts.com/collections/proxima-nova-font-mark-simonson/?tab=techSpecs
[2026-09-27T14:32:47Z] #3057 attempt=1/2 status=200 0.392s url=https://www.myfonts.com/products/icons-byom-436450
[2026-09-27T14:32:47Z] #3058 attempt=1/2 status=200 0.270s url=https://www.myfonts.com/collections/byom-font-zetafonts/
[2026-09-27T14:32:48Z] #3059 attempt=1/2 status=200 0.293s url=https://www.myfonts.com/collections/byom-font-zetafonts/?tab=techSpecs
[2026-09-27T14:32:50Z] #3060 attempt=1/2 status=200 0.425s url=https://www.myfonts.com/products/black-italic-bookmania-265646
[2026-09-27T14:32:50Z] #3061 attempt=1/2 status=200 0.272s url=https://www.myfonts.com/collections/bookmania-font-mark-simonson/
[2026-09-27T14:32:51Z] #3062 attempt=1/2 status=200 0.282s url=https://www.myfonts.com/collections/bookmania-font-mark-simonson/?tab=techSpecs
[2026-09-27T14:32:53Z] #3063 attempt=1/2 status=200 0.370s url=https://www.myfonts.com/products/medium-proxima-nova-soft-131455
[2026-09-27T14:32:53Z] #3064 attempt=1/2 status=200 0.291s url=https://www.myfonts.com/collections/proxima-nova-soft-font-mark-simonson/
[2026-09-27T14:32:54Z] #3065 attempt=1/2 status=200 0.272s url=https://www.myfonts.com/collections/proxima-nova-soft-font-mark-simonson/?tab=techSpecs
[2026-09-27T14:32:56Z] #3066 attempt=1/2 status=200 0.426s url=https://www.myfonts.com/products/bold-italic-bookmania-265631
[2026-09-27T14:32:57Z] #3067 attempt=1/2 status=200 0.349s url=https://www.myfonts.com/collections/bookmania-font-mark-simonson/
[2026-09-27T14:32:57Z] #3068 attempt=1/2 status=200 0.303s url=https://www.myfonts.com/collections/bookmania-font-mark-simonson/?tab=techSpecs
[2026-09-27T14:33:00Z] #3069 attempt=1/2 status=200 1.808s url=https://www.myfonts.com/products/ex-cn-semibold-it-proxima-nova-257728
[2026-09-27T14:33:01Z] #3070 attempt=1/2 status=200 0.672s url=https://www.myfonts.com/collections/proxima-nova-font-mark-simonson/
[2026-09-27T14:33:03Z] #3071 attempt=1/2 status=200 0.659s url=https://www.myfonts.com/collections/proxima-nova-font-mark-simonson/?tab=techSpecs
[2026-09-27T14:33:06Z] #3072 attempt=1/2 status=200 1.192s url=https://www.myfonts.com/products/ex-cn-semibold-proxima-nova-257721
[2026-09-27T14:33:07Z] #3073 attempt=1/2 status=200 0.687s url=https://www.myfonts.com/collections/proxima-nova-font-mark-simonson/
[2026-09-27T14:33:08Z] #3074 attempt=1/2 status=200 0.626s url=https://www.myfonts.com/collections/proxima-nova-font-mark-simonson/?tab=techSpecs
[2026-09-27T14:33:12Z] #3075 attempt=1/2 status=200 1.684s url=https://www.myfonts.com/products/cond-bold-it-proxima-nova-257586
[2026-09-27T14:33:13Z] #3076 attempt=1/2 status=200 0.806s url=https://www.myfonts.com/collections/proxima-nova-font-mark-simonson/
[2026-09-27T14:33:14Z] #3077 attempt=1/2 status=200 0.658s url=https://www.myfonts.com/collections/proxima-nova-font-mark-simonson/?tab=techSpecs
[2026-09-27T14:33:17Z] #3078 attempt=1/2 status=200 1.230s url=https://www.myfonts.com/products/cond-thin-proxima-nova-265963
[2026-09-27T14:33:18Z] #3079 attempt=1/2 status=200 0.716s url=https://www.myfonts.com/collections/proxima-nova-font-mark-simonson/
[2026-09-27T14:33:20Z] #3080 attempt=1/2 status=200 0.726s url=https://www.myfonts.com/collections/proxima-nova-font-mark-simonson/?tab=techSpecs
[2026-09-27T14:33:23Z] #3081 attempt=1/2 status=200 0.997s url=https://www.myfonts.com/products/cond-bold-proxima-nova-257576
[2026-09-27T14:33:24Z] #3082 attempt=1/2 status=200 0.685s url=https://www.myfonts.com/collections/proxima-nova-font-mark-simonson/
[2026-09-27T14:33:26Z] #3083 attempt=1/2 status=200 0.680s url=https://www.myfonts.com/collections/proxima-nova-font-mark-simonson/?tab=techSpecs
[2026-09-27T14:33:28Z] #3084 attempt=1/2 status=200 0.399s url=https://www.myfonts.com/products/bold-kitten-438003
[2026-09-27T14:33:28Z] #3085 attempt=1/2 status=200 0.313s url=https://www.myfonts.com/collections/kitten-font-zetafonts/
[2026-09-27T14:33:29Z] #3086 attempt=1/2 status=200 0.320s url=https://www.myfonts.com/collections/kitten-font-zetafonts/?tab=techSpecs
[2026-09-27T14:33:31Z] #3087 attempt=1/2 status=200 1.044s url=https://www.myfonts.com/products/cond-semibold-proxima-nova-257560
[2026-09-27T14:33:32Z] #3088 attempt=1/2 status=200 0.646s url=https://www.myfonts.com/collections/proxima-nova-font-mark-simonson/
[2026-09-27T14:33:34Z] #3089 attempt=1/2 status=200 0.702s url=https://www.myfonts.com/collections/proxima-nova-font-mark-simonson/?tab=techSpecs
[2026-09-27T14:33:36Z] #3090 attempt=1/2 status=200 0.415s url=https://www.myfonts.com/products/swash-bold-kitten-438012
[2026-09-27T14:33:37Z] #3091 attempt=1/2 status=200 0.305s url=https://www.myfonts.com/collections/kitten-font-zetafonts/
[2026-09-27T14:33:37Z] #3092 attempt=1/2 status=200 0.271s url=https://www.myfonts.com/collections/kitten-font-zetafonts/?tab=techSpecs
[2026-09-27T14:33:39Z] #3093 attempt=1/2 status=200 0.371s url=https://www.myfonts.com/products/business-as-usual-business-as-usual-111555
[2026-09-27T14:33:40Z] #3094 attempt=1/2 status=200 0.251s url=https://www.myfonts.com/collections/business-as-usual-font-hanoded/
[2026-09-27T14:33:40Z] #3095 attempt=1/2 status=200 0.269s url=https://www.myfonts.com/collections/business-as-usual-font-hanoded/?tab=techSpecs
[2026-09-27T14:33:44Z] #3096 attempt=1/2 status=200 2.281s url=https://www.myfonts.com/products/bold-proxima-nova-265898
[2026-09-27T14:33:45Z] #3097 attempt=1/2 status=200 0.629s url=https://www.myfonts.com/collections/proxima-nova-font-mark-simonson/
[2026-09-27T14:33:47Z] #3098 attempt=1/2 status=200 0.856s url=https://www.myfonts.com/collections/proxima-nova-font-mark-simonson/?tab=techSpecs
[2026-09-27T14:33:50Z] #3099 attempt=1/2 status=200 1.134s url=https://www.myfonts.com/products/black-proxima-nova-265940
[2026-09-27T14:33:51Z] #3100 attempt=1/2 status=200 0.673s url=https://www.myfonts.com/collections/proxima-nova-font-mark-simonson/
[2026-09-27T14:33:52Z] #3101 attempt=1/2 status=200 0.722s url=https://www.myfonts.com/collections/proxima-nova-font-mark-simonson/?tab=techSpecs
[2026-09-27T14:33:55Z] #3102 attempt=1/2 status=200 1.092s url=https://www.myfonts.com/products/black-it-proxima-nova-265950
[2026-09-27T14:33:56Z] #3103 attempt=1/2 status=200 0.659s url=https://www.myfonts.com/collections/proxima-nova-font-mark-simonson/
[2026-09-27T14:33:58Z] #3104 attempt=1/2 status=200 0.638s url=https://www.myfonts.com/collections/proxima-nova-font-mark-simonson/?tab=techSpecs
[2026-09-27T14:34:00Z] #3105 attempt=1/2 status=200 1.014s url=https://www.myfonts.com/products/light-proxima-nova-265821
[2026-09-27T14:34:01Z] #3106 attempt=1/2 status=200 0.655s url=https://www.myfonts.com/collections/proxima-nova-font-mark-simonson/
[2026-09-27T14:34:03Z] #3107 attempt=1/2 status=200 0.725s url=https://www.myfonts.com/collections/proxima-nova-font-mark-simonson/?tab=techSpecs
[2026-09-27T14:34:05Z] #3108 attempt=1/2 status=200 0.444s url=https://www.myfonts.com/products/light-italic-bookmania-265574
[2026-09-27T14:34:06Z] #3109 attempt=1/2 status=200 0.303s url=https://www.myfonts.com/collections/bookmania-font-mark-simonson/
[2026-09-27T14:34:07Z] #3110 attempt=1/2 status=200 0.287s url=https://www.myfonts.com/collections/bookmania-font-mark-simonson/?tab=techSpecs
[2026-09-27T14:34:08Z] #3111 attempt=1/2 status=200 0.399s url=https://www.myfonts.com/products/regular-kitten-438002
[2026-09-27T14:34:09Z] #3112 attempt=1/2 status=200 0.300s url=https://www.myfonts.com/collections/kitten-font-zetafonts/
[2026-09-27T14:34:10Z] #3113 attempt=1/2 status=200 0.289s url=https://www.myfonts.com/collections/kitten-font-zetafonts/?tab=techSpecs
[2026-09-27T14:34:12Z] #3114 attempt=1/2 status=200 1.051s url=https://www.myfonts.com/products/cond-medium-italic-proxima-nova-257552
[2026-09-27T14:34:13Z] #3115 attempt=1/2 status=200 0.714s url=https://www.myfonts.com/collections/proxima-nova-font-mark-simonson/
[2026-09-27T14:34:15Z] #3116 attempt=1/2 status=200 0.666s url=https://www.myfonts.com/collections/proxima-nova-font-mark-simonson/?tab=techSpecs
[2026-09-27T14:34:18Z] #3117 attempt=1/2 status=200 1.071s url=https://www.myfonts.com/products/cond-thin-it-proxima-nova-265974
[2026-09-27T14:34:19Z] #3118 attempt=1/2 status=200 0.628s url=https://www.myfonts.com/collections/proxima-nova-font-mark-simonson/
[2026-09-27T14:34:20Z] #3119 attempt=1/2 status=200 0.641s url=https://www.myfonts.com/collections/proxima-nova-font-mark-simonson/?tab=techSpecs
[2026-09-27T14:34:23Z] #3120 attempt=1/2 status=200 1.265s url=https://www.myfonts.com/products/cond-extrabld-it-proxima-nova-257606
[2026-09-27T14:34:24Z] #3121 attempt=1/2 status=200 0.643s url=https://www.myfonts.com/collections/proxima-nova-font-mark-simonson/
[2026-09-27T14:34:26Z] #3122 attempt=1/2 status=200 0.717s url=https://www.myfonts.com/collections/proxima-nova-font-mark-simonson/?tab=techSpecs
[2026-09-27T14:34:29Z] #3123 attempt=1/2 status=200 1.065s url=https://www.myfonts.com/products/thin-proxima-nova-265805
[2026-09-27T14:34:30Z] #3124 attempt=1/2 status=200 0.711s url=https://www.myfonts.com/collections/proxima-nova-font-mark-simonson/
[2026-09-27T14:34:31Z] #3125 attempt=1/2 status=200 0.712s url=https://www.myfonts.com/collections/proxima-nova-font-mark-simonson/?tab=techSpecs
[2026-09-27T14:34:34Z] #3126 attempt=1/6 status=200 0.931s url=https://www.myfonts.com/products.json?limit=100&page=78
[2026-09-27T14:34:36Z] #3127 attempt=1/2 status=200 1.284s url=https://www.myfonts.com/products/ex-cn-light-it-proxima-nova-257667
[2026-09-27T14:34:37Z] #3128 attempt=1/2 status=200 0.752s url=https://www.myfonts.com/collections/proxima-nova-font-mark-simonson/
[2026-09-27T14:34:39Z] #3129 attempt=1/2 status=200 0.571s url=https://www.myfonts.com/collections/proxima-nova-font-mark-simonson/?tab=techSpecs
[2026-09-27T14:34:41Z] #3130 attempt=1/2 status=200 1.114s url=https://www.myfonts.com/products/cond-medium-proxima-nova-257542
[2026-09-27T14:34:42Z] #3131 attempt=1/2 status=200 0.637s url=https://www.myfonts.com/collections/proxima-nova-font-mark-simonson/
[2026-09-27T14:34:44Z] #3132 attempt=1/2 status=200 0.719s url=https://www.myfonts.com/collections/proxima-nova-font-mark-simonson/?tab=techSpecs
[2026-09-27T14:34:46Z] #3133 attempt=1/2 status=200 0.440s url=https://www.myfonts.com/products/thin-italic-tt-rounds-condensed-254261
[2026-09-27T14:34:47Z] #3134 attempt=1/2 status=200 0.295s url=https://www.myfonts.com/collections/tt-rounds-condensed-font-typetype/
[2026-09-27T14:34:48Z] #3135 attempt=1/2 status=200 0.300s url=https://www.myfonts.com/collections/tt-rounds-condensed-font-typetype/?tab=techSpecs
[2026-09-27T14:34:49Z] #3136 attempt=1/2 status=200 0.628s url=https://www.myfonts.com/products/circular-outline-italic-rounder-1226785
[2026-09-27T14:34:51Z] #3137 attempt=1/2 status=200 1.093s url=https://www.myfonts.com/collections/rounder-font-alpercakici/
[2026-09-27T14:34:52Z] #3138 attempt=1/2 status=200 0.912s url=https://www.myfonts.com/collections/rounder-font-alpercakici/?tab=techSpecs
[2026-09-27T14:34:55Z] #3139 attempt=1/6 status=200 0.801s url=https://www.myfonts.com/products.json?limit=100&page=79
[2026-09-27T14:34:55Z] #3140 attempt=1/2 status=200 0.421s url=https://www.myfonts.com/products/soke-complete-family-package-1226634
[2026-09-27T14:34:56Z] #3141 attempt=1/2 status=200 0.383s url=https://www.myfonts.com/collections/soke-font-creative9/
[2026-09-27T14:34:57Z] #3142 attempt=1/2 status=200 0.396s url=https://www.myfonts.com/collections/soke-font-creative9/?tab=techSpecs
[2026-09-27T14:34:59Z] #3143 attempt=1/2 status=200 0.765s url=https://www.myfonts.com/products/paradise-point-normal-pack-package-1226563
[2026-09-27T14:35:00Z] #3144 attempt=1/2 status=200 0.942s url=https://www.myfonts.com/collections/paradise-point-font-swell-type/
[2026-09-27T14:35:02Z] #3145 attempt=1/2 status=200 0.924s url=https://www.myfonts.com/collections/paradise-point-font-swell-type/?tab=techSpecs
[2026-09-27T14:35:04Z] #3146 attempt=1/2 status=200 0.660s url=https://www.myfonts.com/products/limit-micro-complete-family-package-1226332
[2026-09-27T14:35:05Z] #3147 attempt=1/2 status=200 0.931s url=https://www.myfonts.com/collections/limit-micro-font-bold-guys/
[2026-09-27T14:35:06Z] #3148 attempt=1/2 status=200 0.729s url=https://www.myfonts.com/collections/limit-micro-font-bold-guys/?tab=techSpecs
[2026-09-27T14:35:08Z] #3149 attempt=1/2 status=200 0.381s url=https://www.myfonts.com/products/limit-file-variable-concept-complete-family-package-1226142
[2026-09-27T14:35:09Z] #3150 attempt=1/2 status=200 0.425s url=https://www.myfonts.com/collections/limit-file-variable-concept-font-bold-guys/
[2026-09-27T14:35:10Z] #3151 attempt=1/2 status=200 0.364s url=https://www.myfonts.com/collections/limit-file-variable-concept-font-bold-guys/?tab=techSpecs
[2026-09-27T14:35:11Z] #3152 attempt=1/2 status=200 0.378s url=https://www.myfonts.com/products/raimundo-complete-family-package-1225860
[2026-09-27T14:35:12Z] #3153 attempt=1/2 status=200 0.463s url=https://www.myfonts.com/collections/raimundo-font-latinotype/
[2026-09-27T14:35:13Z] #3154 attempt=1/2 status=200 0.400s url=https://www.myfonts.com/collections/raimundo-font-latinotype/?tab=techSpecs
[2026-09-27T14:35:15Z] #3155 attempt=1/2 status=200 0.347s url=https://www.myfonts.com/products/limit-text-variable-concept-complete-family-package-1226164
[2026-09-27T14:35:15Z] #3156 attempt=1/2 status=200 0.429s url=https://www.myfonts.com/collections/limit-text-variable-concept-font-bold-guys/
[2026-09-27T14:35:16Z] #3157 attempt=1/2 status=200 0.374s url=https://www.myfonts.com/collections/limit-text-variable-concept-font-bold-guys/?tab=techSpecs
[2026-09-27T14:35:18Z] #3158 attempt=1/2 status=200 0.426s url=https://www.myfonts.com/products/just-serif-complete-family-package-1226598
[2026-09-27T14:35:19Z] #3159 attempt=1/2 status=200 0.478s url=https://www.myfonts.com/collections/just-serif-font-just-creative/
[2026-09-27T14:35:20Z] #3160 attempt=1/2 status=200 0.394s url=https://www.myfonts.com/collections/just-serif-font-just-creative/?tab=techSpecs
[2026-09-27T14:35:21Z] #3161 attempt=1/2 status=200 0.394s url=https://www.myfonts.com/products/limit-variable-concept-full-complete-family-package-1226138
[2026-09-27T14:35:22Z] #3162 attempt=1/2 status=200 0.410s url=https://www.myfonts.com/collections/limit-variable-concept-full-font-bold-guys/
[2026-09-27T14:35:23Z] #3163 attempt=1/2 status=200 0.357s url=https://www.myfonts.com/collections/limit-variable-concept-full-font-bold-guys/?tab=techSpecs
[2026-09-27T14:35:25Z] #3164 attempt=1/2 status=200 0.728s url=https://www.myfonts.com/products/limit-text-xcompressed-package-1226442
[2026-09-27T14:35:27Z] #3165 attempt=1/2 status=200 1.169s url=https://www.myfonts.com/collections/limit-text-font-bold-guys/
[2026-09-27T14:35:28Z] #3166 attempt=1/2 status=200 0.916s url=https://www.myfonts.com/collections/limit-text-font-bold-guys/?tab=techSpecs
[2026-09-27T14:35:30Z] #3167 attempt=1/2 status=200 0.557s url=https://www.myfonts.com/products/ador-hairline-complete-family-package-1226079
[2026-09-27T14:35:31Z] #3168 attempt=1/2 status=200 0.736s url=https://www.myfonts.com/collections/ador-hairline-font-arne-freytag/
[2026-09-27T14:35:32Z] #3169 attempt=1/2 status=200 0.461s url=https://www.myfonts.com/collections/ador-hairline-font-arne-freytag/?tab=techSpecs
[2026-09-27T14:35:34Z] #3170 attempt=1/2 status=200 0.993s url=https://www.myfonts.com/products/vantori-complete-family-package-1226168
[2026-09-27T14:35:38Z] #3171 attempt=1/2 status=200 2.644s url=https://www.myfonts.com/collections/vantori-font-stripes-studio/
[2026-09-27T14:35:42Z] #3172 attempt=1/2 status=200 3.087s url=https://www.myfonts.com/collections/vantori-font-stripes-studio/?tab=techSpecs
[2026-09-27T14:35:44Z] #3173 attempt=1/2 status=200 0.372s url=https://www.myfonts.com/products/esmira-complete-family-package-1226098
[2026-09-27T14:35:45Z] #3174 attempt=1/2 status=200 0.494s url=https://www.myfonts.com/collections/esmira-font-dgsa-type-foundry/
[2026-09-27T14:35:46Z] #3175 attempt=1/2 status=200 0.383s url=https://www.myfonts.com/collections/esmira-font-dgsa-type-foundry/?tab=techSpecs
[2026-09-27T14:35:47Z] #3176 attempt=1/2 status=200 0.375s url=https://www.myfonts.com/products/limit-micro-variable-concept-complete-family-package-1226160
[2026-09-27T14:35:48Z] #3177 attempt=1/2 status=200 0.386s url=https://www.myfonts.com/collections/limit-micro-variable-concept-font-bold-guys/
[2026-09-27T14:35:49Z] #3178 attempt=1/2 status=200 0.366s url=https://www.myfonts.com/collections/limit-micro-variable-concept-font-bold-guys/?tab=techSpecs
[2026-09-27T14:35:51Z] #3179 attempt=1/6 status=200 0.851s url=https://www.myfonts.com/products.json?limit=100&page=80
[2026-09-27T14:35:52Z] #3180 attempt=1/2 status=200 0.389s url=https://www.myfonts.com/products/light-italic-nosferatu-1226081
[2026-09-27T14:35:53Z] #3181 attempt=1/2 status=200 0.383s url=https://www.myfonts.com/collections/nosferatu-font-blaze-type/
[2026-09-27T14:35:54Z] #3182 attempt=1/2 status=200 0.324s url=https://www.myfonts.com/collections/nosferatu-font-blaze-type/?tab=techSpecs
[2026-09-27T14:35:55Z] #3183 attempt=1/6 status=200 0.825s url=https://www.myfonts.com/products.json?limit=100&page=81
[2026-09-27T14:35:57Z] #3184 attempt=1/2 status=200 0.876s url=https://www.myfonts.com/products/limit-display-condensed-package-1226533
[2026-09-27T14:35:58Z] #3185 attempt=1/2 status=200 1.265s url=https://www.myfonts.com/collections/limit-display-font-bold-guys/
[2026-09-27T14:36:00Z] #3186 attempt=1/2 status=200 1.299s url=https://www.myfonts.com/collections/limit-display-font-bold-guys/?tab=techSpecs
[2026-09-27T14:36:02Z] #3187 attempt=1/2 status=200 0.377s url=https://www.myfonts.com/products/limit-display-variable-concept-complete-family-package-1226446
[2026-09-27T14:36:03Z] #3188 attempt=1/2 status=200 0.384s url=https://www.myfonts.com/collections/limit-display-variable-concept-font-bold-guys/
[2026-09-27T14:36:03Z] #3189 attempt=1/2 status=200 0.343s url=https://www.myfonts.com/collections/limit-display-variable-concept-font-bold-guys/?tab=techSpecs
[2026-09-27T14:36:06Z] #3190 attempt=1/6 status=200 0.858s url=https://www.myfonts.com/products.json?limit=100&page=82
[2026-09-27T14:36:07Z] #3191 attempt=1/2 status=200 0.442s url=https://www.myfonts.com/products/limit-file-complete-family-package-1226146
[2026-09-27T14:36:08Z] #3192 attempt=1/2 status=200 0.509s url=https://www.myfonts.com/collections/limit-file-font-bold-guys/
[2026-09-27T14:36:09Z] #3193 attempt=1/2 status=200 0.457s url=https://www.myfonts.com/collections/limit-file-font-bold-guys/?tab=techSpecs
[2026-09-27T14:36:10Z] #3194 attempt=1/2 status=200 0.414s url=https://www.myfonts.com/products/dtp-fty-strategycide-561256
[2026-09-27T14:36:11Z] #3195 attempt=1/2 status=200 0.434s url=https://www.myfonts.com/collections/fty-strategycide-font-the-fontry/
[2026-09-27T14:36:12Z] #3196 attempt=1/2 status=200 0.395s url=https://www.myfonts.com/collections/fty-strategycide-font-the-fontry/?tab=techSpecs
[2026-09-27T14:36:14Z] #3197 attempt=1/2 status=200 0.372s url=https://www.myfonts.com/products/ironhorse-iron-561216
[2026-09-27T14:36:14Z] #3198 attempt=1/2 status=200 0.408s url=https://www.myfonts.com/collections/iron-font-the-fontry/
[2026-09-27T14:36:15Z] #3199 attempt=1/2 status=200 0.377s url=https://www.myfonts.com/collections/iron-font-the-fontry/?tab=techSpecs
[2026-09-27T14:36:16Z] #3200 attempt=1/2 status=200 0.417s url=https://www.myfonts.com/products/spangle-2-bold-italic-cfb1-shielded-avenger-554647
[2026-09-27T14:36:17Z] #3201 attempt=1/2 status=200 0.518s url=https://www.myfonts.com/collections/cfb1-shielded-avenger-font-the-fontry/
[2026-09-27T14:36:18Z] #3202 attempt=1/2 status=200 0.526s url=https://www.myfonts.com/collections/cfb1-shielded-avenger-font-the-fontry/?tab=techSpecs
[2026-09-27T14:36:20Z] #3203 attempt=1/2 status=200 0.449s url=https://www.myfonts.com/products/vortex-earth-a-d-561250
[2026-09-27T14:36:21Z] #3204 attempt=1/2 status=200 0.466s url=https://www.myfonts.com/collections/earth-a-d-font-the-fontry/
[2026-09-27T14:36:22Z] #3205 attempt=1/2 status=200 0.393s url=https://www.myfonts.com/collections/earth-a-d-font-the-fontry/?tab=techSpecs
[2026-09-27T14:36:24Z] #3206 attempt=1/6 status=200 0.693s url=https://www.myfonts.com/products.json?limit=100&page=83
[2026-09-27T14:36:24Z] #3207 attempt=1/2 status=200 0.386s url=https://www.myfonts.com/products/italic-droeming-561228
[2026-09-27T14:36:25Z] #3208 attempt=1/2 status=200 0.404s url=https://www.myfonts.com/collections/droeming-font-the-fontry/
[2026-09-27T14:36:26Z] #3209 attempt=1/2 status=200 0.389s url=https://www.myfonts.com/collections/droeming-font-the-fontry/?tab=techSpecs
[2026-09-27T14:36:28Z] #3210 attempt=1/6 status=200 0.854s url=https://www.myfonts.com/products.json?limit=100&page=84
[2026-09-27T14:36:29Z] #3211 attempt=1/2 status=200 0.372s url=https://www.myfonts.com/products/reca-luno-complete-family-package-1225849
[2026-09-27T14:36:30Z] #3212 attempt=1/2 status=200 0.415s url=https://www.myfonts.com/collections/reca-luno-font-tini-fitriani/
[2026-09-27T14:36:31Z] #3213 attempt=1/2 status=200 0.374s url=https://www.myfonts.com/collections/reca-luno-font-tini-fitriani/?tab=techSpecs
[2026-09-27T14:36:33Z] #3214 attempt=1/2 status=200 0.849s url=https://www.myfonts.com/products/beachwood-starter-set-package-1225959
[2026-09-27T14:36:34Z] #3215 attempt=1/2 status=200 1.370s url=https://www.myfonts.com/collections/beachwood-font-swell-type/
[2026-09-27T14:36:36Z] #3216 attempt=1/2 status=200 1.165s url=https://www.myfonts.com/collections/beachwood-font-swell-type/?tab=techSpecs
[2026-09-27T14:36:38Z] #3217 attempt=1/2 status=200 0.396s url=https://www.myfonts.com/products/mei-complete-family-package-1225586
[2026-09-27T14:36:39Z] #3218 attempt=1/2 status=200 0.459s url=https://www.myfonts.com/collections/mei-font-md-type/
[2026-09-27T14:36:40Z] #3219 attempt=1/2 status=200 0.364s url=https://www.myfonts.com/collections/mei-font-md-type/?tab=techSpecs
[2026-09-27T14:36:41Z] #3220 attempt=1/2 status=200 0.474s url=https://www.myfonts.com/products/basic-package-1225390
[2026-09-27T14:36:42Z] #3221 attempt=1/2 status=200 0.471s url=https://www.myfonts.com/collections/formis-font-dani-senso/
[2026-09-27T14:36:43Z] #3222 attempt=1/2 status=200 0.413s url=https://www.myfonts.com/collections/formis-font-dani-senso/?tab=techSpecs
[2026-09-27T14:36:45Z] #3223 attempt=1/2 status=200 0.399s url=https://www.myfonts.com/products/bloompy-complete-family-package-1225657
[2026-09-27T14:36:46Z] #3224 attempt=1/2 status=200 0.440s url=https://www.myfonts.com/collections/bloompy-font-inkstone-typewrk/
[2026-09-27T14:36:46Z] #3225 attempt=1/2 status=200 0.390s url=https://www.myfonts.com/collections/bloompy-font-inkstone-typewrk/?tab=techSpecs
[2026-09-27T14:36:48Z] #3226 attempt=1/2 status=200 0.540s url=https://www.myfonts.com/products/display-package-1225627
[2026-09-27T14:36:49Z] #3227 attempt=1/2 status=200 0.659s url=https://www.myfonts.com/collections/zinkraft-font-rohh/
[2026-09-27T14:36:50Z] #3228 attempt=1/2 status=200 0.624s url=https://www.myfonts.com/collections/zinkraft-font-rohh/?tab=techSpecs
[2026-09-27T14:36:52Z] #3229 attempt=1/2 status=200 0.391s url=https://www.myfonts.com/products/wonky-wildlings-complete-family-package-1225552
[2026-09-27T14:36:53Z] #3230 attempt=1/2 status=200 0.423s url=https://www.myfonts.com/collections/wonky-wildlings-font-cocodesign/
[2026-09-27T14:36:54Z] #3231 attempt=1/2 status=200 0.367s url=https://www.myfonts.com/collections/wonky-wildlings-font-cocodesign/?tab=techSpecs
[2026-09-27T14:36:56Z] #3232 attempt=1/2 status=200 0.572s url=https://www.myfonts.com/products/jetlab-squeeze-family-package-1226063
[2026-09-27T14:36:57Z] #3233 attempt=1/2 status=200 0.975s url=https://www.myfonts.com/collections/jetlab-font-swell-type/
[2026-09-27T14:36:58Z] #3234 attempt=1/2 status=200 0.756s url=https://www.myfonts.com/collections/jetlab-font-swell-type/?tab=techSpecs
[2026-09-27T14:37:00Z] #3235 attempt=1/2 status=200 0.470s url=https://www.myfonts.com/products/vtf-berezin-complete-family-package-1222981
[2026-09-27T14:37:01Z] #3236 attempt=1/2 status=200 0.643s url=https://www.myfonts.com/collections/vtf-berezin-font-variable-type-foundry/
[2026-09-27T14:37:02Z] #3237 attempt=1/2 status=200 0.549s url=https://www.myfonts.com/collections/vtf-berezin-font-variable-type-foundry/?tab=techSpecs
[2026-09-27T14:37:04Z] #3238 attempt=1/2 status=200 0.511s url=https://www.myfonts.com/products/goodland-condensed-family-package-1226013
[2026-09-27T14:37:05Z] #3239 attempt=1/2 status=200 1.034s url=https://www.myfonts.com/collections/goodland-font-swell-type/
[2026-09-27T14:37:07Z] #3240 attempt=1/2 status=200 0.838s url=https://www.myfonts.com/collections/goodland-font-swell-type/?tab=techSpecs
[2026-09-27T14:37:08Z] #3241 attempt=1/2 status=200 0.373s url=https://www.myfonts.com/products/ethoris-complete-family-package-1225843
[2026-09-27T14:37:09Z] #3242 attempt=1/2 status=200 0.405s url=https://www.myfonts.com/collections/ethoris-font-burntilldead/
[2026-09-27T14:37:10Z] #3243 attempt=1/2 status=200 0.353s url=https://www.myfonts.com/collections/ethoris-font-burntilldead/?tab=techSpecs
[2026-09-27T14:37:12Z] #3244 attempt=1/2 status=200 0.452s url=https://www.myfonts.com/products/montblack-ground-complete-family-package-1225768
[2026-09-27T14:37:13Z] #3245 attempt=1/2 status=200 0.584s url=https://www.myfonts.com/collections/montblack-ground-font-unitype-studio/
[2026-09-27T14:37:14Z] #3246 attempt=1/2 status=200 0.462s url=https://www.myfonts.com/collections/montblack-ground-font-unitype-studio/?tab=techSpecs
[2026-09-27T14:37:16Z] #3247 attempt=1/2 status=200 0.455s url=https://www.myfonts.com/products/vioneta-sloane-complete-family-package-1225749
[2026-09-27T14:37:17Z] #3248 attempt=1/2 status=200 0.612s url=https://www.myfonts.com/collections/vioneta-sloane-font-jafar07/
[2026-09-27T14:37:18Z] #3249 attempt=1/2 status=200 0.595s url=https://www.myfonts.com/collections/vioneta-sloane-font-jafar07/?tab=techSpecs
[2026-09-27T14:37:20Z] #3250 attempt=1/2 status=200 0.856s url=https://www.myfonts.com/products/silver-streak-starter-set-package-1225870
[2026-09-27T14:37:22Z] #3251 attempt=1/2 status=200 1.374s url=https://www.myfonts.com/collections/silver-streak-font-swell-type/
[2026-09-27T14:37:23Z] #3252 attempt=1/2 status=200 1.039s url=https://www.myfonts.com/collections/silver-streak-font-swell-type/?tab=techSpecs
[2026-09-27T14:37:25Z] #3253 attempt=1/2 status=200 0.393s url=https://www.myfonts.com/products/waxxup-complete-family-package-1217540
[2026-09-27T14:37:26Z] #3254 attempt=1/2 status=200 0.406s url=https://www.myfonts.com/collections/waxxup-font-resistenza/
[2026-09-27T14:37:27Z] #3255 attempt=1/2 status=200 0.403s url=https://www.myfonts.com/collections/waxxup-font-resistenza/?tab=techSpecs
[2026-09-27T14:37:28Z] #3256 attempt=1/2 status=200 0.431s url=https://www.myfonts.com/products/lazy-curls-complete-family-package-1225650
[2026-09-27T14:37:29Z] #3257 attempt=1/2 status=200 0.489s url=https://www.myfonts.com/collections/lazy-curls-font-pizzadude-dk/
[2026-09-27T14:37:30Z] #3258 attempt=1/2 status=200 0.369s url=https://www.myfonts.com/collections/lazy-curls-font-pizzadude-dk/?tab=techSpecs
[2026-09-27T14:37:32Z] #3259 attempt=1/2 status=200 0.487s url=https://www.myfonts.com/products/gc-bustle-sans-complete-family-package-1225813
[2026-09-27T14:37:33Z] #3260 attempt=1/2 status=200 0.493s url=https://www.myfonts.com/collections/gc-bustle-sans-font-onyx-studio/
[2026-09-27T14:37:34Z] #3261 attempt=1/2 status=200 0.419s url=https://www.myfonts.com/collections/gc-bustle-sans-font-onyx-studio/?tab=techSpecs
[2026-09-27T14:37:36Z] #3262 attempt=1/6 status=200 0.748s url=https://www.myfonts.com/products.json?limit=100&page=85
[2026-09-27T14:37:37Z] #3263 attempt=1/2 status=200 0.387s url=https://www.myfonts.com/products/montage-brawl-complete-family-package-1225824
[2026-09-27T14:37:38Z] #3264 attempt=1/2 status=200 0.539s url=https://www.myfonts.com/collections/montage-brawl-font-unitype-studio/
[2026-09-27T14:37:38Z] #3265 attempt=1/2 status=200 0.460s url=https://www.myfonts.com/collections/montage-brawl-font-unitype-studio/?tab=techSpecs
[2026-09-27T14:37:40Z] #3266 attempt=1/2 status=200 0.399s url=https://www.myfonts.com/products/neu-t-complete-family-package-1224527
[2026-09-27T14:37:41Z] #3267 attempt=1/2 status=200 0.393s url=https://www.myfonts.com/collections/neu-t-font-neuclique-design/
[2026-09-27T14:37:42Z] #3268 attempt=1/2 status=200 0.364s url=https://www.myfonts.com/collections/neu-t-font-neuclique-design/?tab=techSpecs
[2026-09-27T14:37:43Z] #3269 attempt=1/2 status=200 0.457s url=https://www.myfonts.com/products/gonya-complete-family-package-1225787
[2026-09-27T14:37:44Z] #3270 attempt=1/2 status=200 0.541s url=https://www.myfonts.com/collections/gonya-font-dareco-studio/
[2026-09-27T14:37:45Z] #3271 attempt=1/2 status=200 0.486s url=https://www.myfonts.com/collections/gonya-font-dareco-studio/?tab=techSpecs
[2026-09-27T14:37:47Z] #3272 attempt=1/2 status=200 0.681s url=https://www.myfonts.com/products/thornwood-starter-set-package-1225960
[2026-09-27T14:37:49Z] #3273 attempt=1/2 status=200 0.989s url=https://www.myfonts.com/collections/thornwood-font-swell-type/
[2026-09-27T14:37:50Z] #3274 attempt=1/2 status=200 0.787s url=https://www.myfonts.com/collections/thornwood-font-swell-type/?tab=techSpecs
[2026-09-27T14:37:52Z] #3275 attempt=1/2 status=200 0.402s url=https://www.myfonts.com/products/dreamy-holiday-complete-family-package-1225853
[2026-09-27T14:37:52Z] #3276 attempt=1/2 status=200 0.416s url=https://www.myfonts.com/collections/dreamy-holiday-font-abbasy-studio/
[2026-09-27T14:37:53Z] #3277 attempt=1/2 status=200 0.369s url=https://www.myfonts.com/collections/dreamy-holiday-font-abbasy-studio/?tab=techSpecs
[2026-09-27T14:37:55Z] #3278 attempt=1/2 status=200 0.425s url=https://www.myfonts.com/products/cadge-sans-complete-family-package-1225631
[2026-09-27T14:37:56Z] #3279 attempt=1/2 status=200 0.575s url=https://www.myfonts.com/collections/cadge-sans-font-sealoung/
[2026-09-27T14:37:57Z] #3280 attempt=1/2 status=200 0.489s url=https://www.myfonts.com/collections/cadge-sans-font-sealoung/?tab=techSpecs
[2026-09-27T14:37:58Z] #3281 attempt=1/2 status=200 0.413s url=https://www.myfonts.com/products/gc-roxane-complete-family-package-1225807
[2026-09-27T14:37:59Z] #3282 attempt=1/2 status=200 0.430s url=https://www.myfonts.com/collections/gc-roxane-font-onyx-studio/
[2026-09-27T14:38:00Z] #3283 attempt=1/2 status=200 0.435s url=https://www.myfonts.com/collections/gc-roxane-font-onyx-studio/?tab=techSpecs
[2026-09-27T14:38:02Z] #3284 attempt=1/2 status=200 0.388s url=https://www.myfonts.com/products/brikton-slab-complete-family-package-1225556
[2026-09-27T14:38:03Z] #3285 attempt=1/2 status=200 0.474s url=https://www.myfonts.com/collections/brikton-slab-font-glyphofik-type/
[2026-09-27T14:38:03Z] #3286 attempt=1/2 status=200 0.382s url=https://www.myfonts.com/collections/brikton-slab-font-glyphofik-type/?tab=techSpecs
[2026-09-27T14:38:05Z] #3287 attempt=1/2 status=200 0.362s url=https://www.myfonts.com/products/regular-riot-rages-1224880
[2026-09-27T14:38:06Z] #3288 attempt=1/2 status=200 0.373s url=https://www.myfonts.com/collections/riot-rages-font-gassstype/
[2026-09-27T14:38:06Z] #3289 attempt=1/2 status=200 0.335s url=https://www.myfonts.com/collections/riot-rages-font-gassstype/?tab=techSpecs
[2026-09-27T14:38:08Z] #3290 attempt=1/2 status=200 0.330s url=https://www.myfonts.com/products/regular-toraku-1225857
[2026-09-27T14:38:09Z] #3291 attempt=1/2 status=200 0.364s url=https://www.myfonts.com/collections/toraku-font-hipfonts/
[2026-09-27T14:38:09Z] #3292 attempt=1/2 status=200 0.297s url=https://www.myfonts.com/collections/toraku-font-hipfonts/?tab=techSpecs
[2026-09-27T14:38:10Z] #3293 attempt=1/2 status=200 0.335s url=https://www.myfonts.com/products/bold-genoid-1224879
[2026-09-27T14:38:11Z] #3294 attempt=1/2 status=200 0.357s url=https://www.myfonts.com/collections/genoid-font-limitype/
[2026-09-27T14:38:12Z] #3295 attempt=1/2 status=200 0.337s url=https://www.myfonts.com/collections/genoid-font-limitype/?tab=techSpecs
[2026-09-27T14:38:14Z] #3296 attempt=1/6 status=200 0.791s url=https://www.myfonts.com/products.json?limit=100&page=86
[2026-09-27T14:38:14Z] #3297 attempt=1/2 status=200 0.355s url=https://www.myfonts.com/products/regular-majesty-rosaria-1224871
[2026-09-27T14:38:15Z] #3298 attempt=1/2 status=200 0.376s url=https://www.myfonts.com/collections/majesty-rosaria-font-alit-design/
[2026-09-27T14:38:16Z] #3299 attempt=1/2 status=200 0.319s url=https://www.myfonts.com/collections/majesty-rosaria-font-alit-design/?tab=techSpecs
[2026-09-27T14:38:17Z] #3300 attempt=1/2 status=200 0.349s url=https://www.myfonts.com/products/regular-broken-prints-1224886
[2026-09-27T14:38:18Z] #3301 attempt=1/2 status=200 0.367s url=https://www.myfonts.com/collections/broken-prints-font-bale-type/
[2026-09-27T14:38:19Z] #3302 attempt=1/2 status=200 0.402s url=https://www.myfonts.com/collections/broken-prints-font-bale-type/?tab=techSpecs
[2026-09-27T14:38:20Z] #3303 attempt=1/2 status=200 0.373s url=https://www.myfonts.com/products/regular-dela-fomigo-1224878
[2026-09-27T14:38:21Z] #3304 attempt=1/2 status=200 0.403s url=https://www.myfonts.com/collections/dela-fomigo-font-black-junst/
[2026-09-27T14:38:22Z] #3305 attempt=1/2 status=200 0.327s url=https://www.myfonts.com/collections/dela-fomigo-font-black-junst/?tab=techSpecs
[2026-09-27T14:38:23Z] #3306 attempt=1/6 status=200 0.789s url=https://www.myfonts.com/products.json?limit=100&page=87
[2026-09-27T14:38:24Z] #3307 attempt=1/2 status=200 0.354s url=https://www.myfonts.com/products/regular-gruiby-1225654
[2026-09-27T14:38:25Z] #3308 attempt=1/2 status=200 0.396s url=https://www.myfonts.com/collections/gruiby-font-letterhanna-studio/
[2026-09-27T14:38:25Z] #3309 attempt=1/2 status=200 0.329s url=https://www.myfonts.com/collections/gruiby-font-letterhanna-studio/?tab=techSpecs
[2026-09-27T14:38:27Z] #3310 attempt=1/2 status=200 0.369s url=https://www.myfonts.com/products/regular-shores-1225656
[2026-09-27T14:38:27Z] #3311 attempt=1/2 status=200 0.406s url=https://www.myfonts.com/collections/shores-font-yumnacreative/
[2026-09-27T14:38:28Z] #3312 attempt=1/2 status=200 0.327s url=https://www.myfonts.com/collections/shores-font-yumnacreative/?tab=techSpecs
[2026-09-27T14:38:29Z] #3313 attempt=1/2 status=200 0.380s url=https://www.myfonts.com/products/regular-bone-dust-1225653
[2026-09-27T14:38:30Z] #3314 attempt=1/2 status=200 0.367s url=https://www.myfonts.com/collections/bone-dust-font-seemly-fonts/
[2026-09-27T14:38:31Z] #3315 attempt=1/2 status=200 0.321s url=https://www.myfonts.com/collections/bone-dust-font-seemly-fonts/?tab=techSpecs
[2026-09-27T14:38:32Z] #3316 attempt=1/2 status=200 0.354s url=https://www.myfonts.com/products/variable-bailon-variable-1225660
[2026-09-27T14:38:33Z] #3317 attempt=1/2 status=200 0.399s url=https://www.myfonts.com/collections/bailon-variable-font-zafira-type/
[2026-09-27T14:38:34Z] #3318 attempt=1/2 status=200 0.354s url=https://www.myfonts.com/collections/bailon-variable-font-zafira-type/?tab=techSpecs
[2026-09-27T14:38:35Z] #3319 attempt=1/2 status=200 0.377s url=https://www.myfonts.com/products/regular-sunny-dinner-1224870
[2026-09-27T14:38:36Z] #3320 attempt=1/2 status=200 0.414s url=https://www.myfonts.com/collections/sunny-dinner-font-wyarecreatype/
[2026-09-27T14:38:36Z] #3321 attempt=1/2 status=200 0.388s url=https://www.myfonts.com/collections/sunny-dinner-font-wyarecreatype/?tab=techSpecs
[2026-09-27T14:38:38Z] #3322 attempt=1/2 status=200 0.402s url=https://www.myfonts.com/products/regular-new-drunken-master-1224881
[2026-09-27T14:38:38Z] #3323 attempt=1/2 status=200 0.377s url=https://www.myfonts.com/collections/new-drunken-master-font-woodcutter/
[2026-09-27T14:38:39Z] #3324 attempt=1/2 status=200 0.361s url=https://www.myfonts.com/collections/new-drunken-master-font-woodcutter/?tab=techSpecs
[2026-09-27T14:38:40Z] #3325 attempt=1/2 status=200 0.357s url=https://www.myfonts.com/products/regular-anitty-1224887
[2026-09-27T14:38:41Z] #3326 attempt=1/2 status=200 0.408s url=https://www.myfonts.com/collections/anitty-font-gassstype/
[2026-09-27T14:38:42Z] #3327 attempt=1/2 status=200 0.352s url=https://www.myfonts.com/collections/anitty-font-gassstype/?tab=techSpecs
[2026-09-27T14:38:43Z] #3328 attempt=1/2 status=200 0.373s url=https://www.myfonts.com/products/regular-silken-luxe-1224882
[2026-09-27T14:38:44Z] #3329 attempt=1/2 status=200 0.356s url=https://www.myfonts.com/collections/silken-luxe-font-bale-type/
[2026-09-27T14:38:45Z] #3330 attempt=1/2 status=200 0.349s url=https://www.myfonts.com/collections/silken-luxe-font-bale-type/?tab=techSpecs
[2026-09-27T14:38:46Z] #3331 attempt=1/6 status=200 0.770s url=https://www.myfonts.com/products.json?limit=100&page=88
[2026-09-27T14:38:47Z] #3332 attempt=1/2 status=200 0.362s url=https://www.myfonts.com/products/regular-caffella-1225856
[2026-09-27T14:38:48Z] #3333 attempt=1/2 status=200 0.369s url=https://www.myfonts.com/collections/caffella-font-epiclinez/
[2026-09-27T14:38:49Z] #3334 attempt=1/2 status=200 0.362s url=https://www.myfonts.com/collections/caffella-font-epiclinez/?tab=techSpecs
[2026-09-27T14:38:50Z] #3335 attempt=1/2 status=200 0.338s url=https://www.myfonts.com/products/regular-mltp-acromes-1225655
[2026-09-27T14:38:51Z] #3336 attempt=1/2 status=200 0.400s url=https://www.myfonts.com/collections/mltp-acromes-font-multype-studio/
[2026-09-27T14:38:51Z] #3337 attempt=1/2 status=200 0.361s url=https://www.myfonts.com/collections/mltp-acromes-font-multype-studio/?tab=techSpecs
[2026-09-27T14:38:53Z] #3338 attempt=1/6 status=200 0.807s url=https://www.myfonts.com/products.json?limit=100&page=89
[2026-09-27T14:38:54Z] #3339 attempt=1/2 status=200 0.392s url=https://www.myfonts.com/products/regular-monstrous-1225567
[2026-09-27T14:38:55Z] #3340 attempt=1/2 status=200 0.544s url=https://www.myfonts.com/collections/monstrous-font-alpercakici/
[2026-09-27T14:38:56Z] #3341 attempt=1/2 status=200 0.736s url=https://www.myfonts.com/products/supertype-font-bundle-package-678866
[2026-09-27T14:38:57Z] #3342 attempt=1/2 status=404 0.345s url=https://www.myfonts.com/collections/supertype-font-bundle-font-hafishidayat
[2026-09-27T14:38:57Z] #3343 attempt=1/2 status=200 0.343s url=https://www.myfonts.com/products/regular-please-scared-1225848
[2026-09-27T14:38:58Z] #3344 attempt=1/2 status=200 0.379s url=https://www.myfonts.com/collections/please-scared-font-tini-fitriani/
[2026-09-27T14:38:59Z] #3345 attempt=1/2 status=200 0.370s url=https://www.myfonts.com/collections/please-scared-font-tini-fitriani/?tab=techSpecs
[2026-09-27T14:39:00Z] #3346 attempt=1/2 status=200 0.364s url=https://www.myfonts.com/products/regular-quicktor-1225847
[2026-09-27T14:39:01Z] #3347 attempt=1/2 status=200 0.382s url=https://www.myfonts.com/collections/quicktor-font-dareco-studio/
[2026-09-27T14:39:02Z] #3348 attempt=1/2 status=200 0.353s url=https://www.myfonts.com/collections/quicktor-font-dareco-studio/?tab=techSpecs
[2026-09-27T14:39:03Z] #3349 attempt=1/2 status=200 0.348s url=https://www.myfonts.com/products/regular-paipu-1225852
[2026-09-27T14:39:04Z] #3350 attempt=1/2 status=200 0.396s url=https://www.myfonts.com/collections/paipu-font-facetype/
[2026-09-27T14:39:04Z] #3351 attempt=1/2 status=200 0.382s url=https://www.myfonts.com/collections/paipu-font-facetype/?tab=techSpecs
[2026-09-27T14:39:06Z] #3352 attempt=1/2 status=200 0.357s url=https://www.myfonts.com/products/regular-kuro-spirit-1225859
[2026-09-27T14:39:06Z] #3353 attempt=1/2 status=200 0.346s url=https://www.myfonts.com/collections/kuro-spirit-font-hipfonts/
[2026-09-27T14:39:07Z] #3354 attempt=1/2 status=200 0.300s url=https://www.myfonts.com/collections/kuro-spirit-font-hipfonts/?tab=techSpecs
[2026-09-27T14:39:08Z] #3355 attempt=1/2 status=200 0.356s url=https://www.myfonts.com/products/regular-purgo-1225806
[2026-09-27T14:39:09Z] #3356 attempt=1/2 status=200 0.370s url=https://www.myfonts.com/collections/purgo-font-drizy-font/
[2026-09-27T14:39:10Z] #3357 attempt=1/2 status=200 0.306s url=https://www.myfonts.com/collections/purgo-font-drizy-font/?tab=techSpecs
[2026-09-27T14:39:11Z] #3358 attempt=1/2 status=200 0.337s url=https://www.myfonts.com/products/regular-oakthorn-1225858
[2026-09-27T14:39:12Z] #3359 attempt=1/2 status=200 0.365s url=https://www.myfonts.com/collections/oakthorn-font-hipfonts/
[2026-09-27T14:39:12Z] #3360 attempt=1/2 status=200 0.320s url=https://www.myfonts.com/collections/oakthorn-font-hipfonts/?tab=techSpecs
[2026-09-27T14:39:13Z] #3361 attempt=1/2 status=200 0.360s url=https://www.myfonts.com/products/regular-blissful-night-1225748
[2026-09-27T14:39:14Z] #3362 attempt=1/2 status=200 0.355s url=https://www.myfonts.com/collections/blissful-night-font-gassstype/
[2026-09-27T14:39:15Z] #3363 attempt=1/2 status=200 0.374s url=https://www.myfonts.com/collections/blissful-night-font-gassstype/?tab=techSpecs
[2026-09-27T14:39:16Z] #3364 attempt=1/2 status=200 0.405s url=https://www.myfonts.com/products/bold-skin-package-package-1225747
[2026-09-27T14:39:17Z] #3365 attempt=1/2 status=200 0.471s url=https://www.myfonts.com/collections/sx-liberate-font-sixtype-foundry/
[2026-09-27T14:39:18Z] #3366 attempt=1/2 status=200 0.403s url=https://www.myfonts.com/collections/sx-liberate-font-sixtype-foundry/?tab=techSpecs
[2026-09-27T14:39:20Z] #3367 attempt=1/2 status=200 0.628s url=https://www.myfonts.com/products/rosediga-complete-family-package-1225662
[2026-09-27T14:39:22Z] #3368 attempt=1/2 status=200 1.177s url=https://www.myfonts.com/collections/rosediga-font-creatorism/
[2026-09-27T14:39:23Z] #3369 attempt=1/2 status=200 1.156s url=https://www.myfonts.com/collections/rosediga-font-creatorism/?tab=techSpecs
[2026-09-27T14:39:25Z] #3370 attempt=1/2 status=200 0.369s url=https://www.myfonts.com/products/regular-peche-1225737
[2026-09-27T14:39:26Z] #3371 attempt=1/2 status=200 0.402s url=https://www.myfonts.com/collections/peche-font-letterzep-studio/
[2026-09-27T14:39:26Z] #3372 attempt=1/2 status=200 0.343s url=https://www.myfonts.com/collections/peche-font-letterzep-studio/?tab=techSpecs
[2026-09-27T14:39:28Z] #3373 attempt=1/2 status=200 0.368s url=https://www.myfonts.com/products/regular-mltp-roxaline-1225736
[2026-09-27T14:39:28Z] #3374 attempt=1/2 status=200 0.414s url=https://www.myfonts.com/collections/mltp-roxaline-font-multype-studio/
[2026-09-27T14:39:29Z] #3375 attempt=1/2 status=200 0.347s url=https://www.myfonts.com/collections/mltp-roxaline-font-multype-studio/?tab=techSpecs
[2026-09-27T14:39:30Z] #3376 attempt=1/2 status=200 0.353s url=https://www.myfonts.com/products/elimost-regular-elimost-1225735
[2026-09-27T14:39:31Z] #3377 attempt=1/2 status=200 0.391s url=https://www.myfonts.com/collections/elimost-font-flawlessandco/
[2026-09-27T14:39:32Z] #3378 attempt=1/2 status=200 0.345s url=https://www.myfonts.com/collections/elimost-font-flawlessandco/?tab=techSpecs
[2026-09-27T14:39:34Z] #3379 attempt=1/6 status=200 0.815s url=https://www.myfonts.com/products.json?limit=100&page=90
[2026-09-27T14:39:35Z] #3380 attempt=1/2 status=200 0.353s url=https://www.myfonts.com/products/regular-alsond-1225661
[2026-09-27T14:39:35Z] #3381 attempt=1/2 status=200 0.420s url=https://www.myfonts.com/collections/alsond-font-dareco-studio/
[2026-09-27T14:39:36Z] #3382 attempt=1/2 status=200 0.345s url=https://www.myfonts.com/collections/alsond-font-dareco-studio/?tab=techSpecs
[2026-09-27T14:39:37Z] #3383 attempt=1/2 status=200 0.352s url=https://www.myfonts.com/products/regular-street-flow-1225595
[2026-09-27T14:39:38Z] #3384 attempt=1/2 status=200 0.384s url=https://www.myfonts.com/collections/street-flow-font-woodcutter/
[2026-09-27T14:39:39Z] #3385 attempt=1/2 status=200 0.343s url=https://www.myfonts.com/collections/street-flow-font-woodcutter/?tab=techSpecs
[2026-09-27T14:39:40Z] #3386 attempt=1/2 status=200 0.366s url=https://www.myfonts.com/products/regular-rogin-1225594
[2026-09-27T14:39:41Z] #3387 attempt=1/2 status=200 0.361s url=https://www.myfonts.com/collections/rogin-font-dareco-studio/
[2026-09-27T14:39:42Z] #3388 attempt=1/2 status=200 0.319s url=https://www.myfonts.com/collections/rogin-font-dareco-studio/?tab=techSpecs
[2026-09-27T14:39:43Z] #3389 attempt=1/2 status=200 0.333s url=https://www.myfonts.com/products/regular-boom-tags-1225593
[2026-09-27T14:39:44Z] #3390 attempt=1/2 status=200 0.367s url=https://www.myfonts.com/collections/boom-tags-font-gassstype/
[2026-09-27T14:39:44Z] #3391 attempt=1/2 status=200 0.340s url=https://www.myfonts.com/collections/boom-tags-font-gassstype/?tab=techSpecs
[2026-09-27T14:39:46Z] #3392 attempt=1/2 status=200 0.383s url=https://www.myfonts.com/products/regular-gred-menzy-1225592
[2026-09-27T14:39:46Z] #3393 attempt=1/2 status=200 0.400s url=https://www.myfonts.com/collections/gred-menzy-font-black-junst/
[2026-09-27T14:39:47Z] #3394 attempt=1/2 status=200 0.345s url=https://www.myfonts.com/collections/gred-menzy-font-black-junst/?tab=techSpecs
[2026-09-27T14:39:48Z] #3395 attempt=1/2 status=200 0.347s url=https://www.myfonts.com/products/solid-balaur-1225585
[2026-09-27T14:39:49Z] #3396 attempt=1/2 status=200 0.354s url=https://www.myfonts.com/collections/balaur-font-the-ampersand-forest/
[2026-09-27T14:39:50Z] #3397 attempt=1/2 status=200 0.323s url=https://www.myfonts.com/collections/balaur-font-the-ampersand-forest/?tab=techSpecs
[2026-09-27T14:39:51Z] #3398 attempt=1/2 status=200 0.454s url=https://www.myfonts.com/products/kind-hangul-complete-family-package-1225398
[2026-09-27T14:39:52Z] #3399 attempt=1/2 status=200 0.458s url=https://www.myfonts.com/collections/kind-hangul-font-attype-studio/
[2026-09-27T14:39:53Z] #3400 attempt=1/2 status=200 0.374s url=https://www.myfonts.com/collections/kind-hangul-font-attype-studio/?tab=techSpecs
[2026-09-27T14:39:54Z] #3401 attempt=1/2 status=200 0.368s url=https://www.myfonts.com/products/ot-magnet-mono-complete-family-package-1225475
[2026-09-27T14:39:55Z] #3402 attempt=1/2 status=200 0.520s url=https://www.myfonts.com/collections/ot-magnet-mono-font-oz-design/
[2026-09-27T14:39:56Z] #3403 attempt=1/2 status=200 0.386s url=https://www.myfonts.com/collections/ot-magnet-mono-font-oz-design/?tab=techSpecs
[2026-09-27T14:39:58Z] #3404 attempt=1/2 status=200 0.854s url=https://www.myfonts.com/products/sogreth-complete-family-package-1224733
[2026-09-27T14:40:00Z] #3405 attempt=1/2 status=200 1.539s url=https://www.myfonts.com/collections/sogreth-font-existype/
[2026-09-27T14:40:02Z] #3406 attempt=1/2 status=200 1.127s url=https://www.myfonts.com/collections/sogreth-font-existype/?tab=techSpecs
[2026-09-27T14:40:03Z] #3407 attempt=1/2 status=200 0.403s url=https://www.myfonts.com/products/tfc-fragile-complete-family-package-1224932
[2026-09-27T14:40:04Z] #3408 attempt=1/2 status=200 0.469s url=https://www.myfonts.com/collections/tfc-fragile-font-typeflock/
[2026-09-27T14:40:05Z] #3409 attempt=1/2 status=200 0.390s url=https://www.myfonts.com/collections/tfc-fragile-font-typeflock/?tab=techSpecs
[2026-09-27T14:40:07Z] #3410 attempt=1/2 status=200 0.380s url=https://www.myfonts.com/products/vielotta-serif-complete-family-package-1225395
[2026-09-27T14:40:08Z] #3411 attempt=1/2 status=200 0.420s url=https://www.myfonts.com/collections/vielotta-serif-font-amorfa-type/
[2026-09-27T14:40:08Z] #3412 attempt=1/2 status=200 0.349s url=https://www.myfonts.com/collections/vielotta-serif-font-amorfa-type/?tab=techSpecs
[2026-09-27T14:40:10Z] #3413 attempt=1/2 status=200 0.354s url=https://www.myfonts.com/products/goverda-complete-family-package-1225472
[2026-09-27T14:40:11Z] #3414 attempt=1/2 status=200 0.408s url=https://www.myfonts.com/collections/goverda-font-font-liner/
[2026-09-27T14:40:12Z] #3415 attempt=1/2 status=200 0.391s url=https://www.myfonts.com/collections/goverda-font-font-liner/?tab=techSpecs
[2026-09-27T14:40:13Z] #3416 attempt=1/2 status=200 0.360s url=https://www.myfonts.com/products/recoils-complete-family-package-1224730
[2026-09-27T14:40:14Z] #3417 attempt=1/2 status=200 0.403s url=https://www.myfonts.com/collections/recoils-font-zaain-type/
[2026-09-27T14:40:15Z] #3418 attempt=1/2 status=200 0.337s url=https://www.myfonts.com/collections/recoils-font-zaain-type/?tab=techSpecs
[2026-09-27T14:40:17Z] #3419 attempt=1/2 status=200 0.441s url=https://www.myfonts.com/products/serifant-complete-family-package-1224920
[2026-09-27T14:40:18Z] #3420 attempt=1/2 status=200 0.542s url=https://www.myfonts.com/collections/serifant-font-lettertype-studio/
[2026-09-27T14:40:18Z] #3421 attempt=1/2 status=200 0.527s url=https://www.myfonts.com/collections/serifant-font-lettertype-studio/?tab=techSpecs
[2026-09-27T14:40:20Z] #3422 attempt=1/2 status=200 0.354s url=https://www.myfonts.com/products/kiava-complete-family-package-1225392
[2026-09-27T14:40:21Z] #3423 attempt=1/2 status=200 0.395s url=https://www.myfonts.com/collections/kiava-font-salamahtype/
[2026-09-27T14:40:22Z] #3424 attempt=1/2 status=200 0.372s url=https://www.myfonts.com/collections/kiava-font-salamahtype/?tab=techSpecs
[2026-09-27T14:40:24Z] #3425 attempt=1/2 status=200 0.489s url=https://www.myfonts.com/products/copo-copo-complete-family-package-1224900
[2026-09-27T14:40:25Z] #3426 attempt=1/2 status=200 0.672s url=https://www.myfonts.com/collections/copo-copo-font-casloop-studio/
[2026-09-27T14:40:26Z] #3427 attempt=1/2 status=200 0.502s url=https://www.myfonts.com/collections/copo-copo-font-casloop-studio/?tab=techSpecs
[2026-09-27T14:40:27Z] #3428 attempt=1/2 status=200 0.450s url=https://www.myfonts.com/products/nerro-complete-family-package-1225455
[2026-09-27T14:40:28Z] #3429 attempt=1/2 status=200 0.535s url=https://www.myfonts.com/collections/nerro-font-pictranoosa/
[2026-09-27T14:40:29Z] #3430 attempt=1/2 status=200 0.479s url=https://www.myfonts.com/collections/nerro-font-pictranoosa/?tab=techSpecs
[2026-09-27T14:40:31Z] #3431 attempt=1/2 status=200 0.359s url=https://www.myfonts.com/products/fedgloya-complete-family-package-1224708
[2026-09-27T14:40:32Z] #3432 attempt=1/2 status=200 0.415s url=https://www.myfonts.com/collections/fedgloya-font-rvandtype/
[2026-09-27T14:40:33Z] #3433 attempt=1/2 status=200 0.363s url=https://www.myfonts.com/collections/fedgloya-font-rvandtype/?tab=techSpecs
[2026-09-27T14:40:35Z] #3434 attempt=1/2 status=200 0.951s url=https://www.myfonts.com/products/be-part-estetic-package-1225379
[2026-09-27T14:40:39Z] #3435 attempt=1/2 status=200 3.677s url=https://www.myfonts.com/collections/be-part-font-groenstudio/
[2026-09-27T14:40:43Z] #3436 attempt=1/2 status=200 2.773s url=https://www.myfonts.com/collections/be-part-font-groenstudio/?tab=techSpecs
[2026-09-27T14:40:45Z] #3437 attempt=1/2 status=200 0.400s url=https://www.myfonts.com/products/aera-condensed-complete-family-package-1225440
[2026-09-27T14:40:46Z] #3438 attempt=1/2 status=200 0.521s url=https://www.myfonts.com/collections/aera-condensed-font-md-type/
[2026-09-27T14:40:47Z] #3439 attempt=1/2 status=200 0.446s url=https://www.myfonts.com/collections/aera-condensed-font-md-type/?tab=techSpecs
[2026-09-27T14:40:49Z] #3440 attempt=1/2 status=200 0.366s url=https://www.myfonts.com/products/murisa-suchtelen-complete-family-package-1224704
[2026-09-27T14:40:50Z] #3441 attempt=1/2 status=200 0.445s url=https://www.myfonts.com/collections/murisa-suchtelen-font-murisa-studio/
[2026-09-27T14:40:50Z] #3442 attempt=1/2 status=200 0.413s url=https://www.myfonts.com/collections/murisa-suchtelen-font-murisa-studio/?tab=techSpecs
[2026-09-27T14:40:52Z] #3443 attempt=1/2 status=200 0.373s url=https://www.myfonts.com/products/brain-eater-complete-family-package-1224883
[2026-09-27T14:40:53Z] #3444 attempt=1/2 status=200 0.416s url=https://www.myfonts.com/collections/brain-eater-font-bale-type/
[2026-09-27T14:40:54Z] #3445 attempt=1/2 status=200 0.452s url=https://www.myfonts.com/collections/brain-eater-font-bale-type/?tab=techSpecs
[2026-09-27T14:40:56Z] #3446 attempt=1/2 status=200 0.530s url=https://www.myfonts.com/products/bombehond-1993-complete-family-package-1225532
[2026-09-27T14:40:56Z] #3447 attempt=1/2 status=200 0.585s url=https://www.myfonts.com/collections/bombehond-1993-font-owl-king-project/
[2026-09-27T14:40:57Z] #3448 attempt=1/2 status=200 0.438s url=https://www.myfonts.com/collections/bombehond-1993-font-owl-king-project/?tab=techSpecs
[2026-09-27T14:40:59Z] #3449 attempt=1/2 status=200 0.413s url=https://www.myfonts.com/products/aera-complete-family-package-1225429
[2026-09-27T14:41:00Z] #3450 attempt=1/2 status=200 0.509s url=https://www.myfonts.com/collections/aera-font-md-type/
[2026-09-27T14:41:01Z] #3451 attempt=1/2 status=200 0.499s url=https://www.myfonts.com/collections/aera-font-md-type/?tab=techSpecs
[2026-09-27T14:41:03Z] #3452 attempt=1/2 status=200 0.419s url=https://www.myfonts.com/products/kiku-complete-family-package-1224872
[2026-09-27T14:41:03Z] #3453 attempt=1/2 status=200 0.505s url=https://www.myfonts.com/collections/kiku-font-md-type/
[2026-09-27T14:41:04Z] #3454 attempt=1/2 status=200 0.390s url=https://www.myfonts.com/collections/kiku-font-md-type/?tab=techSpecs
[2026-09-27T14:41:06Z] #3455 attempt=1/2 status=200 0.366s url=https://www.myfonts.com/products/bouncy-bites-complete-family-package-1225062
[2026-09-27T14:41:07Z] #3456 attempt=1/2 status=200 0.428s url=https://www.myfonts.com/collections/bouncy-bites-font-salamahtype/
[2026-09-27T14:41:08Z] #3457 attempt=1/2 status=200 0.372s url=https://www.myfonts.com/collections/bouncy-bites-font-salamahtype/?tab=techSpecs
[2026-09-27T14:41:10Z] #3458 attempt=1/2 status=200 0.583s url=https://www.myfonts.com/products/grasso-complete-family-package-1225490
[2026-09-27T14:41:11Z] #3459 attempt=1/2 status=200 0.760s url=https://www.myfonts.com/collections/grasso-font-unio-creative-solutions/
[2026-09-27T14:41:12Z] #3460 attempt=1/2 status=200 0.627s url=https://www.myfonts.com/collections/grasso-font-unio-creative-solutions/?tab=techSpecs
[2026-09-27T14:41:14Z] #3461 attempt=1/2 status=200 0.461s url=https://www.myfonts.com/products/raftile-complete-family-package-1225410
[2026-09-27T14:41:15Z] #3462 attempt=1/2 status=200 0.606s url=https://www.myfonts.com/collections/raftile-font-vermilione/
[2026-09-27T14:41:16Z] #3463 attempt=1/2 status=200 0.545s url=https://www.myfonts.com/collections/raftile-font-vermilione/?tab=techSpecs
[2026-09-27T14:41:17Z] #3464 attempt=1/2 status=200 0.416s url=https://www.myfonts.com/products/evenstar-complete-family-package-1224549
[2026-09-27T14:41:18Z] #3465 attempt=1/2 status=200 0.528s url=https://www.myfonts.com/collections/evenstar-font-kereatype/
[2026-09-27T14:41:19Z] #3466 attempt=1/2 status=200 0.475s url=https://www.myfonts.com/collections/evenstar-font-kereatype/?tab=techSpecs
[2026-09-27T14:41:21Z] #3467 attempt=1/2 status=200 0.442s url=https://www.myfonts.com/products/brenco-complete-family-package-1224711
[2026-09-27T14:41:22Z] #3468 attempt=1/2 status=200 0.594s url=https://www.myfonts.com/collections/brenco-font-zeenesia-studio/
[2026-09-27T14:41:23Z] #3469 attempt=1/2 status=200 0.469s url=https://www.myfonts.com/collections/brenco-font-zeenesia-studio/?tab=techSpecs
[2026-09-27T14:41:25Z] #3470 attempt=1/2 status=200 0.355s url=https://www.myfonts.com/products/sound-seekers-complete-family-package-1225399
[2026-09-27T14:41:25Z] #3471 attempt=1/2 status=200 0.388s url=https://www.myfonts.com/collections/sound-seekers-font-amorfa-type/
[2026-09-27T14:41:26Z] #3472 attempt=1/2 status=200 0.352s url=https://www.myfonts.com/collections/sound-seekers-font-amorfa-type/?tab=techSpecs
[2026-09-27T14:41:28Z] #3473 attempt=1/2 status=200 0.380s url=https://www.myfonts.com/products/chaleo-complete-family-package-1225487
[2026-09-27T14:41:28Z] #3474 attempt=1/2 status=200 0.442s url=https://www.myfonts.com/collections/chaleo-font-ragamkata/
[2026-09-27T14:41:29Z] #3475 attempt=1/2 status=200 0.365s url=https://www.myfonts.com/collections/chaleo-font-ragamkata/?tab=techSpecs
[2026-09-27T14:41:31Z] #3476 attempt=1/2 status=200 0.461s url=https://www.myfonts.com/products/visuelt-family-package-package-1224529
[2026-09-27T14:41:32Z] #3477 attempt=1/2 status=200 0.536s url=https://www.myfonts.com/collections/visuelt-font-colophon-foundry/
[2026-09-27T14:41:33Z] #3478 attempt=1/2 status=200 0.446s url=https://www.myfonts.com/collections/visuelt-font-colophon-foundry/?tab=techSpecs
[2026-09-27T14:41:35Z] #3479 attempt=1/2 status=200 0.464s url=https://www.myfonts.com/products/plumb-complete-family-package-1224823
[2026-09-27T14:41:36Z] #3480 attempt=1/2 status=200 0.627s url=https://www.myfonts.com/collections/plumb-font-md-type/
[2026-09-27T14:41:37Z] #3481 attempt=1/2 status=200 0.533s url=https://www.myfonts.com/collections/plumb-font-md-type/?tab=techSpecs
[2026-09-27T14:41:39Z] #3482 attempt=1/6 status=200 0.754s url=https://www.myfonts.com/products.json?limit=100&page=91
[2026-09-27T14:41:40Z] #3483 attempt=1/6 status=200 0.765s url=https://www.myfonts.com/products.json?limit=100&page=92
[2026-09-27T14:41:42Z] #3484 attempt=1/6 status=200 0.767s url=https://www.myfonts.com/products.json?limit=100&page=93
[2026-09-27T14:41:42Z] #3485 attempt=1/2 status=200 0.346s url=https://www.myfonts.com/products/regular-ez-nagtic-1225380
[2026-09-27T14:41:43Z] #3486 attempt=1/2 status=200 0.365s url=https://www.myfonts.com/collections/ez-nagtic-font-zafara-studios/
[2026-09-27T14:41:44Z] #3487 attempt=1/2 status=200 0.296s url=https://www.myfonts.com/collections/ez-nagtic-font-zafara-studios/?tab=techSpecs
[2026-09-27T14:41:46Z] #3488 attempt=1/6 status=200 0.791s url=https://www.myfonts.com/products.json?limit=100&page=94
[2026-09-27T14:41:47Z] #3489 attempt=1/6 status=200 0.770s url=https://www.myfonts.com/products.json?limit=100&page=95
[2026-09-27T14:41:48Z] #3490 attempt=1/6 status=200 0.814s url=https://www.myfonts.com/products.json?limit=100&page=96
[2026-09-27T14:41:49Z] #3491 attempt=1/2 status=200 0.361s url=https://www.myfonts.com/products/regular-racing-starter-1224707
[2026-09-27T14:41:50Z] #3492 attempt=1/2 status=200 0.370s url=https://www.myfonts.com/collections/racing-starter-font-dgtype/
[2026-09-27T14:41:50Z] #3493 attempt=1/2 status=200 0.361s url=https://www.myfonts.com/collections/racing-starter-font-dgtype/?tab=techSpecs
[2026-09-27T14:41:52Z] #3494 attempt=1/2 status=200 0.344s url=https://www.myfonts.com/products/script-winterish-1224931
[2026-09-27T14:41:52Z] #3495 attempt=1/2 status=200 0.354s url=https://www.myfonts.com/collections/winterish-font-flavortype/
[2026-09-27T14:41:53Z] #3496 attempt=1/2 status=200 0.324s url=https://www.myfonts.com/collections/winterish-font-flavortype/?tab=techSpecs
[2026-09-27T14:41:54Z] #3497 attempt=1/2 status=200 0.406s url=https://www.myfonts.com/products/groovy-ghoul-complete-family-package-1224867
[2026-09-27T14:41:55Z] #3498 attempt=1/2 status=200 0.379s url=https://www.myfonts.com/collections/groovy-ghoul-font-jinan-studio/
[2026-09-27T14:41:56Z] #3499 attempt=1/2 status=200 0.395s url=https://www.myfonts.com/collections/groovy-ghoul-font-jinan-studio/?tab=techSpecs
[2026-09-27T14:41:58Z] #3500 attempt=1/2 status=200 0.355s url=https://www.myfonts.com/products/deconsider-complete-family-package-1224892
[2026-09-27T14:41:58Z] #3501 attempt=1/2 status=200 0.391s url=https://www.myfonts.com/collections/deconsider-font-casloop-studio/
[2026-09-27T14:41:59Z] #3502 attempt=1/2 status=200 0.377s url=https://www.myfonts.com/collections/deconsider-font-casloop-studio/?tab=techSpecs
[2026-09-27T14:42:01Z] #3503 attempt=1/2 status=200 0.392s url=https://www.myfonts.com/products/les-bridgetise-complete-family-package-1224862
[2026-09-27T14:42:02Z] #3504 attempt=1/2 status=200 0.386s url=https://www.myfonts.com/collections/les-bridgetise-font-sarid-ezra/
[2026-09-27T14:42:02Z] #3505 attempt=1/2 status=200 0.365s url=https://www.myfonts.com/collections/les-bridgetise-font-sarid-ezra/?tab=techSpecs
[2026-09-27T14:42:04Z] #3506 attempt=1/2 status=200 0.401s url=https://www.myfonts.com/products/pattys-diner-complete-family-package-1224888
[2026-09-27T14:42:05Z] #3507 attempt=1/2 status=200 0.383s url=https://www.myfonts.com/collections/pattys-diner-font-woodcutter/
[2026-09-27T14:42:06Z] #3508 attempt=1/2 status=200 0.355s url=https://www.myfonts.com/collections/pattys-diner-font-woodcutter/?tab=techSpecs
[2026-09-27T14:42:07Z] #3509 attempt=1/2 status=200 0.403s url=https://www.myfonts.com/products/robelous-complete-family-package-1224855
[2026-09-27T14:42:08Z] #3510 attempt=1/2 status=200 0.440s url=https://www.myfonts.com/collections/robelous-font-arterfak-project/
[2026-09-27T14:42:09Z] #3511 attempt=1/2 status=200 0.368s url=https://www.myfonts.com/collections/robelous-font-arterfak-project/?tab=techSpecs
[2026-09-27T14:42:11Z] #3512 attempt=1/2 status=200 0.409s url=https://www.myfonts.com/products/lameur-complete-family-package-1224858
[2026-09-27T14:42:11Z] #3513 attempt=1/2 status=200 0.407s url=https://www.myfonts.com/collections/lameur-font-hishand-studio/
[2026-09-27T14:42:12Z] #3514 attempt=1/2 status=200 0.364s url=https://www.myfonts.com/collections/lameur-font-hishand-studio/?tab=techSpecs
[2026-09-27T14:42:15Z] #3515 attempt=1/6 status=200 0.769s url=https://www.myfonts.com/products.json?limit=100&page=97
[2026-09-27T14:42:15Z] #3516 attempt=1/2 status=200 0.377s url=https://www.myfonts.com/products/regular-whimney-catcher-1224919
[2026-09-27T14:42:16Z] #3517 attempt=1/2 status=200 0.349s url=https://www.myfonts.com/collections/whimney-catcher-font-anxietype-foundry/
[2026-09-27T14:42:17Z] #3518 attempt=1/2 status=200 0.352s url=https://www.myfonts.com/collections/whimney-catcher-font-anxietype-foundry/?tab=techSpecs
[2026-09-27T14:42:18Z] #3519 attempt=1/2 status=200 0.338s url=https://www.myfonts.com/products/regular-zaferak-1225492
[2026-09-27T14:42:19Z] #3520 attempt=1/2 status=200 0.331s url=https://www.myfonts.com/collections/zaferak-font-dgsa-type-foundry/
[2026-09-27T14:42:19Z] #3521 attempt=1/2 status=200 0.337s url=https://www.myfonts.com/collections/zaferak-font-dgsa-type-foundry/?tab=techSpecs
[2026-09-27T14:42:21Z] #3522 attempt=1/2 status=200 0.352s url=https://www.myfonts.com/products/regular-good-foot-pro-1225542
[2026-09-27T14:42:21Z] #3523 attempt=1/2 status=200 0.378s url=https://www.myfonts.com/collections/good-foot-pro-font-pizzadude-dk/
[2026-09-27T14:42:22Z] #3524 attempt=1/2 status=200 0.390s url=https://www.myfonts.com/collections/good-foot-pro-font-pizzadude-dk/?tab=techSpecs
[2026-09-27T14:42:23Z] #3525 attempt=1/2 status=200 0.341s url=https://www.myfonts.com/products/regular-flamelisse-1225485
[2026-09-27T14:42:24Z] #3526 attempt=1/2 status=200 0.368s url=https://www.myfonts.com/collections/flamelisse-font-moontiontype/
[2026-09-27T14:42:25Z] #3527 attempt=1/2 status=200 0.355s url=https://www.myfonts.com/collections/flamelisse-font-moontiontype/?tab=techSpecs
[2026-09-27T14:42:27Z] #3528 attempt=1/6 status=200 0.748s url=https://www.myfonts.com/products.json?limit=100&page=98
[2026-09-27T14:42:27Z] #3529 attempt=1/2 status=200 0.350s url=https://www.myfonts.com/products/light-novran-light-1224940
[2026-09-27T14:42:28Z] #3530 attempt=1/2 status=200 0.383s url=https://www.myfonts.com/collections/novran-light-font-dgsa-type-foundry/
[2026-09-27T14:42:29Z] #3531 attempt=1/2 status=200 0.332s url=https://www.myfonts.com/collections/novran-light-font-dgsa-type-foundry/?tab=techSpecs
[2026-09-27T14:42:30Z] #3532 attempt=1/2 status=200 0.343s url=https://www.myfonts.com/products/regular-roselvine-greetings-1224896
[2026-09-27T14:42:31Z] #3533 attempt=1/2 status=200 0.372s url=https://www.myfonts.com/collections/roselvine-greetings-font-letterhend/
[2026-09-27T14:42:31Z] #3534 attempt=1/2 status=200 0.383s url=https://www.myfonts.com/collections/roselvine-greetings-font-letterhend/?tab=techSpecs
[2026-09-27T14:42:33Z] #3535 attempt=1/2 status=200 0.354s url=https://www.myfonts.com/products/regular-rafion-1224891
[2026-09-27T14:42:33Z] #3536 attempt=1/2 status=200 0.339s url=https://www.myfonts.com/collections/rafion-font-inviline/
[2026-09-27T14:42:34Z] #3537 attempt=1/2 status=200 0.333s url=https://www.myfonts.com/collections/rafion-font-inviline/?tab=techSpecs
[2026-09-27T14:42:35Z] #3538 attempt=1/2 status=200 0.338s url=https://www.myfonts.com/products/regular-radical-fighter-1225529
[2026-09-27T14:42:36Z] #3539 attempt=1/2 status=200 0.387s url=https://www.myfonts.com/collections/radical-fighter-font-mvmet/
[2026-09-27T14:42:37Z] #3540 attempt=1/2 status=200 0.350s url=https://www.myfonts.com/collections/radical-fighter-font-mvmet/?tab=techSpecs
[2026-09-27T14:42:38Z] #3541 attempt=1/2 status=200 0.345s url=https://www.myfonts.com/products/regular-asmy-1224852
[2026-09-27T14:42:39Z] #3542 attempt=1/2 status=200 0.340s url=https://www.myfonts.com/collections/asmy-font-letternesia-studio/
[2026-09-27T14:42:39Z] #3543 attempt=1/2 status=200 0.321s url=https://www.myfonts.com/collections/asmy-font-letternesia-studio/?tab=techSpecs
[2026-09-27T14:42:41Z] #3544 attempt=1/2 status=200 0.380s url=https://www.myfonts.com/products/regular-love-mine-1225486
[2026-09-27T14:42:41Z] #3545 attempt=1/2 status=200 0.366s url=https://www.myfonts.com/collections/love-mine-font-moontiontype/
[2026-09-27T14:42:42Z] #3546 attempt=1/2 status=200 0.356s url=https://www.myfonts.com/collections/love-mine-font-moontiontype/?tab=techSpecs
[2026-09-27T14:42:44Z] #3547 attempt=1/6 status=200 0.862s url=https://www.myfonts.com/products.json?limit=100&page=99
[2026-09-27T14:42:45Z] #3548 attempt=1/2 status=200 0.356s url=https://www.myfonts.com/products/regular-rigade-1225531
[2026-09-27T14:42:45Z] #3549 attempt=1/2 status=200 0.344s url=https://www.myfonts.com/collections/rigade-font-aiquitype/
[2026-09-27T14:42:46Z] #3550 attempt=1/2 status=200 0.326s url=https://www.myfonts.com/collections/rigade-font-aiquitype/?tab=techSpecs
[2026-09-27T14:42:47Z] #3551 attempt=1/2 status=200 0.371s url=https://www.myfonts.com/products/regular-maroes-1225530
[2026-09-27T14:42:48Z] #3552 attempt=1/2 status=200 0.384s url=https://www.myfonts.com/collections/maroes-font-aiquitype/
[2026-09-27T14:42:49Z] #3553 attempt=1/2 status=200 0.346s url=https://www.myfonts.com/collections/maroes-font-aiquitype/?tab=techSpecs
[2026-09-27T14:42:50Z] #3554 attempt=1/2 status=200 0.374s url=https://www.myfonts.com/products/yoon-liquid-sans-vf-regular-yoon-liquid-sans-variable-1224853
[2026-09-27T14:42:51Z] #3555 attempt=1/2 status=200 0.368s url=https://www.myfonts.com/collections/yoon-liquid-sans-variable-font-yoon-design/
[2026-09-27T14:42:52Z] #3556 attempt=1/2 status=200 0.313s url=https://www.myfonts.com/collections/yoon-liquid-sans-variable-font-yoon-design/?tab=techSpecs
[2026-09-27T14:42:53Z] #3557 attempt=1/2 status=200 0.316s url=https://www.myfonts.com/products/regular-the-arkanes-handmade-1224941
[2026-09-27T14:42:54Z] #3558 attempt=1/2 status=200 0.360s url=https://www.myfonts.com/collections/the-arkanes-handmade-font-gleb-guralnyk/
[2026-09-27T14:42:54Z] #3559 attempt=1/2 status=200 0.350s url=https://www.myfonts.com/collections/the-arkanes-handmade-font-gleb-guralnyk/?tab=techSpecs
[2026-09-27T14:42:56Z] #3560 attempt=1/2 status=200 0.468s url=https://www.myfonts.com/products/cronova-complete-family-package-1224594
[2026-09-27T14:42:57Z] #3561 attempt=1/2 status=200 0.631s url=https://www.myfonts.com/collections/cronova-font-eotype/
[2026-09-27T14:42:58Z] #3562 attempt=1/2 status=200 0.485s url=https://www.myfonts.com/collections/cronova-font-eotype/?tab=techSpecs
[2026-09-27T14:42:59Z] #3563 attempt=1/2 status=200 0.358s url=https://www.myfonts.com/products/caramel-sundae-complete-family-package-1224581
[2026-09-27T14:43:00Z] #3564 attempt=1/2 status=200 0.416s url=https://www.myfonts.com/collections/caramel-sundae-font-vermilione/
[2026-09-27T14:43:01Z] #3565 attempt=1/2 status=200 0.383s url=https://www.myfonts.com/collections/caramel-sundae-font-vermilione/?tab=techSpecs
[2026-09-27T14:43:02Z] #3566 attempt=1/2 status=200 0.445s url=https://www.myfonts.com/products/bailon-upright-family-package-1224578
[2026-09-27T14:43:03Z] #3567 attempt=1/2 status=200 0.612s url=https://www.myfonts.com/collections/bailon-font-zafira-type/
[2026-09-27T14:43:04Z] #3568 attempt=1/2 status=200 0.518s url=https://www.myfonts.com/collections/bailon-font-zafira-type/?tab=techSpecs
[2026-09-27T14:43:06Z] #3569 attempt=1/2 status=200 0.396s url=https://www.myfonts.com/products/therry-woggens-complete-family-package-1224585
[2026-09-27T14:43:07Z] #3570 attempt=1/2 status=200 0.504s url=https://www.myfonts.com/collections/therry-woggens-font-naufal-paramata/
[2026-09-27T14:43:08Z] #3571 attempt=1/2 status=200 0.416s url=https://www.myfonts.com/collections/therry-woggens-font-naufal-paramata/?tab=techSpecs
[2026-09-27T14:43:10Z] #3572 attempt=1/2 status=200 0.350s url=https://www.myfonts.com/products/regular-rabbit-station-1224592
[2026-09-27T14:43:10Z] #3573 attempt=1/2 status=200 0.358s url=https://www.myfonts.com/collections/rabbit-station-font-mvmet/
[2026-09-27T14:43:11Z] #3574 attempt=1/2 status=200 0.350s url=https://www.myfonts.com/collections/rabbit-station-font-mvmet/?tab=techSpecs
[2026-09-27T14:43:12Z] #3575 attempt=1/2 status=200 0.355s url=https://www.myfonts.com/products/regular-monne-1224579
[2026-09-27T14:43:13Z] #3576 attempt=1/2 status=200 0.371s url=https://www.myfonts.com/collections/monne-font-dareco-studio/
[2026-09-27T14:43:14Z] #3577 attempt=1/2 status=200 0.357s url=https://www.myfonts.com/collections/monne-font-dareco-studio/?tab=techSpecs
[2026-09-27T14:43:15Z] #3578 attempt=1/6 status=200 0.457s url=https://www.myfonts.com/products.json?limit=100&page=100
[2026-09-27T14:43:16Z] #3579 attempt=1/2 status=200 0.329s url=https://www.myfonts.com/products/regular-crode-1224580
[2026-09-27T14:43:17Z] #3580 attempt=1/2 status=200 0.374s url=https://www.myfonts.com/collections/crode-font-dareco-studio/
[2026-09-27T14:43:17Z] #3581 attempt=1/2 status=200 0.370s url=https://www.myfonts.com/collections/crode-font-dareco-studio/?tab=techSpecs
[2026-09-27T14:43:19Z] #3582 attempt=1/2 status=200 0.353s url=https://www.myfonts.com/products/regular-somerset-1224584
[2026-09-27T14:43:19Z] #3583 attempt=1/2 status=200 0.390s url=https://www.myfonts.com/collections/somerset-font-vampstudio/
[2026-09-27T14:43:20Z] #3584 attempt=1/2 status=200 0.345s url=https://www.myfonts.com/collections/somerset-font-vampstudio/?tab=techSpecs
[2026-09-27T14:43:21Z] #3585 attempt=1/2 status=200 0.348s url=https://www.myfonts.com/products/regular-third-prize-1224593
[2026-09-27T14:43:22Z] #3586 attempt=1/2 status=200 0.361s url=https://www.myfonts.com/collections/third-prize-font-dirty-bandits/
[2026-09-27T14:43:23Z] #3587 attempt=1/2 status=200 0.331s url=https://www.myfonts.com/collections/third-prize-font-dirty-bandits/?tab=techSpecs
[2026-09-27T14:43:24Z] #3588 attempt=1/2 status=200 0.420s url=https://www.myfonts.com/products/visuelt-variable-complete-family-package-1224546
[2026-09-27T14:43:25Z] #3589 attempt=1/2 status=200 0.394s url=https://www.myfonts.com/collections/visuelt-variable-font-colophon-foundry/
[2026-09-27T14:43:26Z] #3590 attempt=1/2 status=200 0.345s url=https://www.myfonts.com/collections/visuelt-variable-font-colophon-foundry/?tab=techSpecs
[2026-09-27T14:43:28Z] #3591 attempt=1/2 status=200 0.375s url=https://www.myfonts.com/products/click-volume-package-533383
[2026-09-27T14:43:28Z] #3592 attempt=1/2 status=200 0.399s url=https://www.myfonts.com/collections/click-font-identikal/
[2026-09-27T14:43:29Z] #3593 attempt=1/2 status=200 0.405s url=https://www.myfonts.com/collections/click-font-identikal/?tab=techSpecs
[2026-09-27T14:43:31Z] #3594 attempt=1/2 status=200 0.282s url=https://www.myfonts.com/collections/click-font-identikal/
[2026-09-27T14:43:32Z] #3595 attempt=1/2 status=404 0.274s url=https://www.myfonts.com/collections/click-volume-font-identikal
[2026-09-27T14:43:33Z] #3596 attempt=1/2 status=200 0.359s url=https://www.myfonts.com/products/bennu-sans-b-complete-family-pack-package-547330
[2026-09-27T14:43:33Z] #3597 attempt=1/2 status=200 0.416s url=https://www.myfonts.com/collections/bennu-sans-b-font-identikal/
[2026-09-27T14:43:34Z] #3598 attempt=1/2 status=200 0.346s url=https://www.myfonts.com/collections/bennu-sans-b-font-identikal/?tab=techSpecs
[2026-09-27T14:43:36Z] #3599 attempt=1/2 status=200 0.263s url=https://www.myfonts.com/collections/bennu-sans-b-font-identikal/
[2026-09-27T14:43:36Z] #3600 attempt=1/2 status=404 0.281s url=https://www.myfonts.com/collections/bennu-sans-b-complete-family-pack-font-identikal
[2026-09-27T14:43:37Z] #3601 attempt=1/2 status=200 0.395s url=https://www.myfonts.com/products/22nd-closed-complete-family-pack-package-549956
[2026-09-27T14:43:38Z] #3602 attempt=1/2 status=200 0.462s url=https://www.myfonts.com/collections/22nd-font-identikal/
[2026-09-27T14:43:39Z] #3603 attempt=1/2 status=200 0.395s url=https://www.myfonts.com/collections/22nd-font-identikal/?tab=techSpecs
[2026-09-27T14:43:40Z] #3604 attempt=1/2 status=200 0.312s url=https://www.myfonts.com/collections/22nd-font-identikal/
[2026-09-27T14:43:41Z] #3605 attempt=1/2 status=404 0.255s url=https://www.myfonts.com/collections/22nd-closed-complete-family-pack-font-identikal
[2026-09-27T14:43:42Z] #3606 attempt=1/2 status=200 0.333s url=https://www.myfonts.com/products/emporio-complete-family-pack-package-549958
[2026-09-27T14:43:42Z] #3607 attempt=1/2 status=200 0.358s url=https://www.myfonts.com/collections/emporio-font-identikal/
[2026-09-27T14:43:43Z] #3608 attempt=1/2 status=200 0.331s url=https://www.myfonts.com/collections/emporio-font-identikal/?tab=techSpecs
[2026-09-27T14:43:45Z] #3609 attempt=1/2 status=200 0.259s url=https://www.myfonts.com/collections/emporio-font-identikal/
[2026-09-27T14:43:45Z] #3610 attempt=1/2 status=404 0.251s url=https://www.myfonts.com/collections/emporio-complete-family-pack-font-identikal
[2026-09-27T14:43:46Z] #3611 attempt=1/2 status=200 0.407s url=https://www.myfonts.com/products/identikal-sans-complete-family-pack-package-549959
[2026-09-27T14:43:47Z] #3612 attempt=1/2 status=200 0.411s url=https://www.myfonts.com/collections/sans-font-identikal/
[2026-09-27T14:43:48Z] #3613 attempt=1/2 status=200 0.369s url=https://www.myfonts.com/collections/sans-font-identikal/?tab=techSpecs
[2026-09-27T14:43:49Z] #3614 attempt=1/2 status=200 0.313s url=https://www.myfonts.com/collections/sans-font-identikal/
[2026-09-27T14:43:50Z] #3615 attempt=1/2 status=200 0.343s url=https://www.myfonts.com/products/sampler-volume-package-533376
[2026-09-27T14:43:51Z] #3616 attempt=1/2 status=200 0.393s url=https://www.myfonts.com/collections/sampler-font-identikal/
[2026-09-27T14:43:51Z] #3617 attempt=1/2 status=200 0.331s url=https://www.myfonts.com/collections/sampler-font-identikal/?tab=techSpecs
[2026-09-27T14:43:53Z] #3618 attempt=1/2 status=200 0.287s url=https://www.myfonts.com/collections/sampler-font-identikal/
[2026-09-27T14:43:54Z] #3619 attempt=1/2 status=404 0.283s url=https://www.myfonts.com/collections/sampler-volume-font-identikal
[2026-09-27T14:43:54Z] #3620 attempt=1/2 status=200 0.396s url=https://www.myfonts.com/products/neutraliser-serif-complete-family-pack-package-549965
[2026-09-27T14:43:55Z] #3621 attempt=1/2 status=200 0.537s url=https://www.myfonts.com/collections/neutraliser-font-identikal/
[2026-09-27T14:43:56Z] #3622 attempt=1/2 status=200 0.421s url=https://www.myfonts.com/collections/neutraliser-font-identikal/?tab=techSpecs
[2026-09-27T14:43:58Z] #3623 attempt=1/2 status=200 0.308s url=https://www.myfonts.com/collections/neutraliser-font-identikal/
[2026-09-27T14:43:59Z] #3624 attempt=1/2 status=404 0.247s url=https://www.myfonts.com/collections/neutraliser-serif-complete-family-pack-font-identikal
[2026-09-27T14:43:59Z] #3625 attempt=1/2 status=200 0.389s url=https://www.myfonts.com/products/positec-volume-package-533385
[2026-09-27T14:44:00Z] #3626 attempt=1/2 status=200 0.408s url=https://www.myfonts.com/collections/positec-font-identikal/
[2026-09-27T14:44:01Z] #3627 attempt=1/2 status=200 0.340s url=https://www.myfonts.com/collections/positec-font-identikal/?tab=techSpecs
[2026-09-27T14:44:02Z] #3628 attempt=1/2 status=200 0.289s url=https://www.myfonts.com/collections/positec-font-identikal/
[2026-09-27T14:44:03Z] #3629 attempt=1/2 status=404 0.295s url=https://www.myfonts.com/collections/positec-volume-font-identikal
[2026-09-27T14:44:04Z] #3630 attempt=1/2 status=200 0.365s url=https://www.myfonts.com/products/invada-complete-family-pack-package-549966
[2026-09-27T14:44:04Z] #3631 attempt=1/2 status=200 0.350s url=https://www.myfonts.com/collections/invada-font-identikal/
[2026-09-27T14:44:05Z] #3632 attempt=1/2 status=200 0.340s url=https://www.myfonts.com/collections/invada-font-identikal/?tab=techSpecs
[2026-09-27T14:44:07Z] #3633 attempt=1/2 status=200 0.254s url=https://www.myfonts.com/collections/invada-font-identikal/
[2026-09-27T14:44:07Z] #3634 attempt=1/2 status=404 0.249s url=https://www.myfonts.com/collections/invada-complete-family-pack-font-identikal
[2026-09-27T14:44:08Z] #3635 attempt=1/2 status=200 0.343s url=https://www.myfonts.com/products/kowboy-complete-family-pack-package-549961
[2026-09-27T14:44:09Z] #3636 attempt=1/2 status=200 0.385s url=https://www.myfonts.com/collections/kowboy-font-identikal/
[2026-09-27T14:44:10Z] #3637 attempt=1/2 status=200 0.377s url=https://www.myfonts.com/collections/kowboy-font-identikal/?tab=techSpecs
[2026-09-27T14:44:11Z] #3638 attempt=1/2 status=200 0.278s url=https://www.myfonts.com/collections/kowboy-font-identikal/
[2026-09-27T14:44:12Z] #3639 attempt=1/2 status=404 0.259s url=https://www.myfonts.com/collections/kowboy-complete-family-pack-font-identikal
[2026-09-27T14:44:13Z] #3640 attempt=1/2 status=200 0.384s url=https://www.myfonts.com/products/tremble-volume-package-533378
[2026-09-27T14:44:13Z] #3641 attempt=1/2 status=200 0.441s url=https://www.myfonts.com/collections/tremble-font-identikal/
[2026-09-27T14:44:14Z] #3642 attempt=1/2 status=200 0.385s url=https://www.myfonts.com/collections/tremble-font-identikal/?tab=techSpecs
[2026-09-27T14:44:16Z] #3643 attempt=1/2 status=200 0.267s url=https://www.myfonts.com/collections/tremble-font-identikal/
[2026-09-27T14:44:16Z] #3644 attempt=1/2 status=404 0.282s url=https://www.myfonts.com/collections/tremble-volume-font-identikal
[2026-09-27T14:44:17Z] #3645 attempt=1/2 status=200 0.383s url=https://www.myfonts.com/products/kelt-complete-family-pack-package-549960
[2026-09-27T14:44:18Z] #3646 attempt=1/2 status=200 0.402s url=https://www.myfonts.com/collections/kelt-font-identikal/
[2026-09-27T14:44:19Z] #3647 attempt=1/2 status=200 0.337s url=https://www.myfonts.com/collections/kelt-font-identikal/?tab=techSpecs
[2026-09-27T14:44:20Z] #3648 attempt=1/2 status=200 0.260s url=https://www.myfonts.com/collections/kelt-font-identikal/
[2026-09-27T14:44:21Z] #3649 attempt=1/2 status=404 0.264s url=https://www.myfonts.com/collections/kelt-complete-family-pack-font-identikal
[2026-09-27T14:44:22Z] #3650 attempt=1/2 status=200 0.355s url=https://www.myfonts.com/products/bennu-sans-a-complete-family-pack-package-547327
[2026-09-27T14:44:23Z] #3651 attempt=1/2 status=200 0.411s url=https://www.myfonts.com/collections/bennu-sans-a-font-identikal/
[2026-09-27T14:44:23Z] #3652 attempt=1/2 status=200 0.356s url=https://www.myfonts.com/collections/bennu-sans-a-font-identikal/?tab=techSpecs
[2026-09-27T14:44:25Z] #3653 attempt=1/2 status=200 0.309s url=https://www.myfonts.com/collections/bennu-sans-a-font-identikal/
[2026-09-27T14:44:25Z] #3654 attempt=1/2 status=404 0.244s url=https://www.myfonts.com/collections/bennu-sans-a-complete-family-pack-font-identikal
[2026-09-27T14:44:26Z] #3655 attempt=1/2 status=200 0.358s url=https://www.myfonts.com/products/ramblok-complete-family-pack-package-549967
[2026-09-27T14:44:27Z] #3656 attempt=1/2 status=200 0.386s url=https://www.myfonts.com/collections/ramblok-font-identikal/
[2026-09-27T14:44:28Z] #3657 attempt=1/2 status=200 0.368s url=https://www.myfonts.com/collections/ramblok-font-identikal/?tab=techSpecs
[2026-09-27T14:44:30Z] #3658 attempt=1/2 status=200 0.359s url=https://www.myfonts.com/collections/ramblok-font-identikal/
[2026-09-27T14:44:30Z] #3659 attempt=1/2 status=404 0.271s url=https://www.myfonts.com/collections/ramblok-complete-family-pack-font-identikal
[2026-09-27T14:44:31Z] #3660 attempt=1/2 status=200 0.366s url=https://www.myfonts.com/products/light-regular-kanal-536598
[2026-09-27T14:44:32Z] #3661 attempt=1/2 status=200 0.378s url=https://www.myfonts.com/collections/kanal-font-identikal/
[2026-09-27T14:44:33Z] #3662 attempt=1/2 status=200 0.344s url=https://www.myfonts.com/collections/kanal-font-identikal/?tab=techSpecs
[2026-09-27T14:44:34Z] #3663 attempt=1/2 status=200 0.273s url=https://www.myfonts.com/collections/kanal-font-identikal/
[2026-09-27T14:44:35Z] #3664 attempt=1/2 status=404 0.260s url=https://www.myfonts.com/collections/light-regular-kanal-536598-font-identikal
[2026-09-27T14:44:35Z] #3665 attempt=1/2 status=200 0.379s url=https://www.myfonts.com/products/triangle-fine-unda-536988
[2026-09-27T14:44:36Z] #3666 attempt=1/2 status=200 0.460s url=https://www.myfonts.com/collections/unda-font-identikal/
[2026-09-27T14:44:37Z] #3667 attempt=1/2 status=200 0.376s url=https://www.myfonts.com/collections/unda-font-identikal/?tab=techSpecs
[2026-09-27T14:44:39Z] #3668 attempt=1/2 status=200 0.259s url=https://www.myfonts.com/collections/unda-font-identikal/
[2026-09-27T14:44:39Z] #3669 attempt=1/2 status=404 0.284s url=https://www.myfonts.com/collections/triangle-fine-unda-536988-font-identikal
[2026-09-27T14:44:40Z] #3670 attempt=1/2 status=200 0.350s url=https://www.myfonts.com/products/regular-distilla-536460
[2026-09-27T14:44:41Z] #3671 attempt=1/2 status=200 0.375s url=https://www.myfonts.com/collections/distilla-font-identikal/
[2026-09-27T14:44:42Z] #3672 attempt=1/2 status=200 0.360s url=https://www.myfonts.com/collections/distilla-font-identikal/?tab=techSpecs
[2026-09-27T14:44:43Z] #3673 attempt=1/2 status=200 0.264s url=https://www.myfonts.com/collections/distilla-font-identikal/
[2026-09-27T14:44:44Z] #3674 attempt=1/2 status=404 0.250s url=https://www.myfonts.com/collections/regular-distilla-536460-font-identikal
[2026-09-27T14:44:44Z] #3675 attempt=1/2 status=200 0.330s url=https://www.myfonts.com/products/light-dieppe-536449
[2026-09-27T14:44:45Z] #3676 attempt=1/2 status=200 0.348s url=https://www.myfonts.com/collections/dieppe-font-identikal/
[2026-09-27T14:44:46Z] #3677 attempt=1/2 status=200 0.351s url=https://www.myfonts.com/collections/dieppe-font-identikal/?tab=techSpecs
[2026-09-27T14:44:47Z] #3678 attempt=1/2 status=200 0.284s url=https://www.myfonts.com/collections/dieppe-font-identikal/
[2026-09-27T14:44:48Z] #3679 attempt=1/2 status=404 0.275s url=https://www.myfonts.com/collections/light-dieppe-536449-font-identikal
[2026-09-27T14:44:49Z] #3680 attempt=1/2 status=200 0.387s url=https://www.myfonts.com/products/super-fine-21st-536350
[2026-09-27T14:44:50Z] #3681 attempt=1/2 status=200 0.410s url=https://www.myfonts.com/collections/21st-font-identikal/
[2026-09-27T14:44:51Z] #3682 attempt=1/2 status=200 0.423s url=https://www.myfonts.com/collections/21st-font-identikal/?tab=techSpecs
[2026-09-27T14:44:52Z] #3683 attempt=1/2 status=200 0.366s url=https://www.myfonts.com/collections/21st-font-identikal/
[2026-09-27T14:44:53Z] #3684 attempt=1/2 status=404 0.277s url=https://www.myfonts.com/collections/super-fine-21st-536350-font-identikal
[2026-09-27T14:44:54Z] #3685 attempt=1/2 status=200 0.402s url=https://www.myfonts.com/products/bold-italic-curvature-536417
[2026-09-27T14:44:54Z] #3686 attempt=1/2 status=200 0.399s url=https://www.myfonts.com/collections/curvature-font-identikal/
[2026-09-27T14:44:55Z] #3687 attempt=1/2 status=200 0.343s url=https://www.myfonts.com/collections/curvature-font-identikal/?tab=techSpecs
[2026-09-27T14:44:57Z] #3688 attempt=1/2 status=200 0.261s url=https://www.myfonts.com/collections/curvature-font-identikal/
[2026-09-27T14:44:57Z] #3689 attempt=1/2 status=404 0.275s url=https://www.myfonts.com/collections/bold-italic-curvature-536417-font-identikal
[2026-09-27T14:44:58Z] #3690 attempt=1/2 status=200 0.369s url=https://www.myfonts.com/products/ultra-light-45-degrees-536361
[2026-09-27T14:44:59Z] #3691 attempt=1/2 status=200 0.368s url=https://www.myfonts.com/collections/45-degrees-font-identikal/
[2026-09-27T14:45:00Z] #3692 attempt=1/2 status=200 0.352s url=https://www.myfonts.com/collections/45-degrees-font-identikal/?tab=techSpecs
[2026-09-27T14:45:01Z] #3693 attempt=1/2 status=200 0.303s url=https://www.myfonts.com/collections/45-degrees-font-identikal/
[2026-09-27T14:45:02Z] #3694 attempt=1/2 status=404 0.255s url=https://www.myfonts.com/collections/ultra-light-45-degrees-536361-font-identikal
[2026-09-27T14:45:03Z] #3695 attempt=1/2 status=200 0.381s url=https://www.myfonts.com/products/fine-italic-trak-536951
[2026-09-27T14:45:03Z] #3696 attempt=1/2 status=200 0.372s url=https://www.myfonts.com/collections/trak-font-identikal/
[2026-09-27T14:45:04Z] #3697 attempt=1/2 status=200 0.357s url=https://www.myfonts.com/collections/trak-font-identikal/?tab=techSpecs
[2026-09-27T14:45:06Z] #3698 attempt=1/2 status=200 0.271s url=https://www.myfonts.com/collections/trak-font-identikal/
[2026-09-27T14:45:06Z] #3699 attempt=1/2 status=404 0.281s url=https://www.myfonts.com/collections/fine-italic-trak-536951-font-identikal
[2026-09-27T14:45:07Z] #3700 attempt=1/2 status=200 0.389s url=https://www.myfonts.com/products/light-wired-537023
[2026-09-27T14:45:08Z] #3701 attempt=1/2 status=200 0.384s url=https://www.myfonts.com/collections/wired-font-identikal/
[2026-09-27T14:45:09Z] #3702 attempt=1/2 status=200 0.337s url=https://www.myfonts.com/collections/wired-font-identikal/?tab=techSpecs
[2026-09-27T14:45:10Z] #3703 attempt=1/2 status=200 0.349s url=https://www.myfonts.com/collections/wired-font-identikal/
[2026-09-27T14:45:11Z] #3704 attempt=1/2 status=404 0.260s url=https://www.myfonts.com/collections/light-wired-537023-font-identikal
[2026-09-27T14:45:12Z] #3705 attempt=1/2 status=200 0.350s url=https://www.myfonts.com/products/light-italic-skrean-554752
[2026-09-27T14:45:12Z] #3706 attempt=1/2 status=200 0.364s url=https://www.myfonts.com/collections/skrean-font-identikal/
[2026-09-27T14:45:13Z] #3707 attempt=1/2 status=200 0.364s url=https://www.myfonts.com/collections/skrean-font-identikal/?tab=techSpecs
[2026-09-27T14:45:15Z] #3708 attempt=1/2 status=200 0.268s url=https://www.myfonts.com/collections/skrean-font-identikal/
[2026-09-27T14:45:15Z] #3709 attempt=1/2 status=404 0.275s url=https://www.myfonts.com/collections/light-italic-skrean-554752-font-identikal
[2026-09-27T14:45:16Z] #3710 attempt=1/2 status=200 0.381s url=https://www.myfonts.com/products/open-italic-seize-536908
[2026-09-27T14:45:17Z] #3711 attempt=1/2 status=200 0.400s url=https://www.myfonts.com/collections/seize-font-identikal/
[2026-09-27T14:45:18Z] #3712 attempt=1/2 status=200 0.341s url=https://www.myfonts.com/collections/seize-font-identikal/?tab=techSpecs
[2026-09-27T14:45:19Z] #3713 attempt=1/2 status=200 0.268s url=https://www.myfonts.com/collections/seize-font-identikal/
[2026-09-27T14:45:20Z] #3714 attempt=1/2 status=404 0.271s url=https://www.myfonts.com/collections/open-italic-seize-536908-font-identikal
[2026-09-27T14:45:20Z] #3715 attempt=1/2 status=200 0.331s url=https://www.myfonts.com/products/closed-bold-zero-537031
[2026-09-27T14:45:21Z] #3716 attempt=1/2 status=200 0.375s url=https://www.myfonts.com/collections/zero-font-identikal/
[2026-09-27T14:45:22Z] #3717 attempt=1/2 status=200 0.335s url=https://www.myfonts.com/collections/zero-font-identikal/?tab=techSpecs
[2026-09-27T14:45:24Z] #3718 attempt=1/2 status=200 0.265s url=https://www.myfonts.com/collections/zero-font-identikal/
[2026-09-27T14:45:24Z] #3719 attempt=1/2 status=404 0.280s url=https://www.myfonts.com/collections/closed-bold-zero-537031-font-identikal
[2026-09-27T14:45:25Z] #3720 attempt=1/2 status=200 0.391s url=https://www.myfonts.com/products/light-oblique-stak-536937
[2026-09-27T14:45:26Z] #3721 attempt=1/2 status=200 0.385s url=https://www.myfonts.com/collections/stak-font-identikal/
[2026-09-27T14:45:26Z] #3722 attempt=1/2 status=200 0.332s url=https://www.myfonts.com/collections/stak-font-identikal/?tab=techSpecs
[2026-09-27T14:45:28Z] #3723 attempt=1/2 status=200 0.282s url=https://www.myfonts.com/collections/stak-font-identikal/
[2026-09-27T14:45:29Z] #3724 attempt=1/2 status=404 0.294s url=https://www.myfonts.com/collections/light-oblique-stak-536937-font-identikal
[2026-09-27T14:45:29Z] #3725 attempt=1/2 status=200 0.352s url=https://www.myfonts.com/products/outline-regular-connect-536406
[2026-09-27T14:45:30Z] #3726 attempt=1/2 status=200 0.434s url=https://www.myfonts.com/collections/connect-font-identikal/
[2026-09-27T14:45:31Z] #3727 attempt=1/2 status=200 0.328s url=https://www.myfonts.com/collections/connect-font-identikal/?tab=techSpecs
[2026-09-27T14:45:32Z] #3728 attempt=1/2 status=200 0.287s url=https://www.myfonts.com/collections/connect-font-identikal/
[2026-09-27T14:45:33Z] #3729 attempt=1/2 status=404 0.258s url=https://www.myfonts.com/collections/outline-regular-connect-536406-font-identikal
[2026-09-27T14:45:34Z] #3730 attempt=1/2 status=200 0.349s url=https://www.myfonts.com/products/bold-robustik-536881
[2026-09-27T14:45:35Z] #3731 attempt=1/2 status=200 0.378s url=https://www.myfonts.com/collections/robustik-font-identikal/
[2026-09-27T14:45:35Z] #3732 attempt=1/2 status=200 0.357s url=https://www.myfonts.com/collections/robustik-font-identikal/?tab=techSpecs
[2026-09-27T14:45:37Z] #3733 attempt=1/2 status=200 0.283s url=https://www.myfonts.com/collections/robustik-font-identikal/
[2026-09-27T14:45:38Z] #3734 attempt=1/2 status=404 0.274s url=https://www.myfonts.com/collections/bold-robustik-536881-font-identikal
[2026-09-27T14:45:38Z] #3735 attempt=1/2 status=200 0.341s url=https://www.myfonts.com/products/blunt-italic-rayzor-536781
[2026-09-27T14:45:39Z] #3736 attempt=1/2 status=200 0.376s url=https://www.myfonts.com/collections/rayzor-font-identikal/
[2026-09-27T14:45:40Z] #3737 attempt=1/2 status=200 0.360s url=https://www.myfonts.com/collections/rayzor-font-identikal/?tab=techSpecs
[2026-09-27T14:45:41Z] #3738 attempt=1/2 status=200 0.241s url=https://www.myfonts.com/collections/rayzor-font-identikal/
[2026-09-27T14:45:42Z] #3739 attempt=1/2 status=404 0.273s url=https://www.myfonts.com/collections/blunt-italic-rayzor-536781-font-identikal
[2026-09-27T14:45:43Z] #3740 attempt=1/2 status=200 0.380s url=https://www.myfonts.com/products/bold-italic-revalo-classic-536852
[2026-09-27T14:45:43Z] #3741 attempt=1/2 status=200 0.378s url=https://www.myfonts.com/collections/revalo-classic-font-identikal/
[2026-09-27T14:45:44Z] #3742 attempt=1/2 status=200 0.377s url=https://www.myfonts.com/collections/revalo-classic-font-identikal/?tab=techSpecs
[2026-09-27T14:45:46Z] #3743 attempt=1/2 status=200 0.265s url=https://www.myfonts.com/collections/revalo-classic-font-identikal/
[2026-09-27T14:45:47Z] #3744 attempt=1/2 status=404 0.286s url=https://www.myfonts.com/collections/bold-italic-revalo-classic-536852-font-identikal
[2026-09-27T14:45:47Z] #3745 attempt=1/2 status=200 0.347s url=https://www.myfonts.com/products/a-italic-regular-panic-536690
[2026-09-27T14:45:48Z] #3746 attempt=1/2 status=200 0.363s url=https://www.myfonts.com/collections/panic-font-identikal/
[2026-09-27T14:45:49Z] #3747 attempt=1/2 status=200 0.346s url=https://www.myfonts.com/collections/panic-font-identikal/?tab=techSpecs
[2026-09-27T14:45:50Z] #3748 attempt=1/2 status=200 0.272s url=https://www.myfonts.com/collections/panic-font-identikal/
[2026-09-27T14:45:51Z] #3749 attempt=1/2 status=404 0.268s url=https://www.myfonts.com/collections/a-italic-regular-panic-536690-font-identikal
[2026-09-27T14:45:52Z] #3750 attempt=1/2 status=200 0.322s url=https://www.myfonts.com/products/ultra-italic-sharp-536912
[2026-09-27T14:45:52Z] #3751 attempt=1/2 status=200 0.395s url=https://www.myfonts.com/collections/sharp-font-identikal/
[2026-09-27T14:45:53Z] #3752 attempt=1/2 status=200 0.355s url=https://www.myfonts.com/collections/sharp-font-identikal/?tab=techSpecs
[2026-09-27T14:45:55Z] #3753 attempt=1/2 status=200 0.292s url=https://www.myfonts.com/collections/sharp-font-identikal/
[2026-09-27T14:45:55Z] #3754 attempt=1/2 status=200 0.335s url=https://www.myfonts.com/products/italic-regular-rally-536773
[2026-09-27T14:45:56Z] #3755 attempt=1/2 status=200 0.353s url=https://www.myfonts.com/collections/rally-font-identikal/
[2026-09-27T14:45:57Z] #3756 attempt=1/2 status=200 0.345s url=https://www.myfonts.com/collections/rally-font-identikal/?tab=techSpecs
[2026-09-27T14:45:58Z] #3757 attempt=1/2 status=200 0.270s url=https://www.myfonts.com/collections/rally-font-identikal/
[2026-09-27T14:45:59Z] #3758 attempt=1/2 status=404 0.261s url=https://www.myfonts.com/collections/italic-regular-rally-536773-font-identikal
[2026-09-27T14:46:00Z] #3759 attempt=1/2 status=200 0.328s url=https://www.myfonts.com/products/bold-oblique-monark-536672
[2026-09-27T14:46:01Z] #3760 attempt=1/2 status=200 0.389s url=https://www.myfonts.com/collections/monark-font-identikal/
[2026-09-27T14:46:01Z] #3761 attempt=1/2 status=200 0.343s url=https://www.myfonts.com/collections/monark-font-identikal/?tab=techSpecs
[2026-09-27T14:46:03Z] #3762 attempt=1/2 status=200 0.266s url=https://www.myfonts.com/collections/monark-font-identikal/
[2026-09-27T14:46:03Z] #3763 attempt=1/2 status=404 0.271s url=https://www.myfonts.com/collections/bold-oblique-monark-536672-font-identikal
[2026-09-27T14:46:04Z] #3764 attempt=1/2 status=200 0.353s url=https://www.myfonts.com/products/regular-revalo-modern-536871
[2026-09-27T14:46:05Z] #3765 attempt=1/2 status=200 0.413s url=https://www.myfonts.com/collections/revalo-modern-font-identikal/
[2026-09-27T14:46:06Z] #3766 attempt=1/2 status=200 0.353s url=https://www.myfonts.com/collections/revalo-modern-font-identikal/?tab=techSpecs
[2026-09-27T14:46:07Z] #3767 attempt=1/2 status=200 0.268s url=https://www.myfonts.com/collections/revalo-modern-font-identikal/
[2026-09-27T14:46:08Z] #3768 attempt=1/2 status=404 0.254s url=https://www.myfonts.com/collections/regular-revalo-modern-536871-font-identikal
[2026-09-27T14:46:09Z] #3769 attempt=1/2 status=200 0.347s url=https://www.myfonts.com/products/regular-italic-masta-536637
[2026-09-27T14:46:09Z] #3770 attempt=1/2 status=200 0.402s url=https://www.myfonts.com/collections/masta-font-identikal/
[2026-09-27T14:46:10Z] #3771 attempt=1/2 status=200 0.348s url=https://www.myfonts.com/collections/masta-font-identikal/?tab=techSpecs
[2026-09-27T14:46:12Z] #3772 attempt=1/2 status=200 0.256s url=https://www.myfonts.com/collections/masta-font-identikal/
[2026-09-27T14:46:12Z] #3773 attempt=1/2 status=404 0.268s url=https://www.myfonts.com/collections/regular-italic-masta-536637-font-identikal
[2026-09-27T14:46:13Z] #3774 attempt=1/6 status=200 0.365s url=https://www.myfonts.com/products.json?limit=100&page=101
[2026-09-27T14:46:14Z] #3775 attempt=1/2 status=200 0.378s url=https://www.myfonts.com/products/fine-rebirth-536839
[2026-09-27T14:46:15Z] #3776 attempt=1/2 status=200 0.471s url=https://www.myfonts.com/collections/rebirth-font-identikal/
[2026-09-27T14:46:16Z] #3777 attempt=1/2 status=200 0.376s url=https://www.myfonts.com/collections/rebirth-font-identikal/?tab=techSpecs
[2026-09-27T14:46:17Z] #3778 attempt=1/2 status=200 0.316s url=https://www.myfonts.com/collections/rebirth-font-identikal/
[2026-09-27T14:46:18Z] #3779 attempt=1/2 status=404 0.299s url=https://www.myfonts.com/collections/fine-rebirth-536839-font-identikal
[2026-09-27T14:46:19Z] #3780 attempt=1/2 status=200 0.440s url=https://www.myfonts.com/products/bold-reaction-536809
[2026-09-27T14:46:19Z] #3781 attempt=1/2 status=200 0.364s url=https://www.myfonts.com/collections/reaction-font-identikal/
[2026-09-27T14:46:20Z] #3782 attempt=1/2 status=200 0.351s url=https://www.myfonts.com/collections/reaction-font-identikal/?tab=techSpecs
[2026-09-27T14:46:22Z] #3783 attempt=1/2 status=200 0.312s url=https://www.myfonts.com/collections/reaction-font-identikal/
[2026-09-27T14:46:22Z] #3784 attempt=1/2 status=404 0.270s url=https://www.myfonts.com/collections/bold-reaction-536809-font-identikal
[2026-09-27T14:46:23Z] #3785 attempt=1/2 status=200 0.358s url=https://www.myfonts.com/products/light-plotta-536749
[2026-09-27T14:46:24Z] #3786 attempt=1/2 status=200 0.337s url=https://www.myfonts.com/collections/plotta-font-identikal/
[2026-09-27T14:46:25Z] #3787 attempt=1/2 status=200 0.362s url=https://www.myfonts.com/collections/plotta-font-identikal/?tab=techSpecs
[2026-09-27T14:46:26Z] #3788 attempt=1/2 status=200 0.362s url=https://www.myfonts.com/collections/plotta-font-identikal/
[2026-09-27T14:46:27Z] #3789 attempt=1/2 status=404 0.272s url=https://www.myfonts.com/collections/light-plotta-536749-font-identikal
[2026-09-27T14:46:28Z] #3790 attempt=1/2 status=200 0.352s url=https://www.myfonts.com/products/black-italic-regular-phuture-odc-536737
[2026-09-27T14:46:28Z] #3791 attempt=1/2 status=200 0.387s url=https://www.myfonts.com/collections/phuture-odc-font-identikal/
[2026-09-27T14:46:29Z] #3792 attempt=1/2 status=200 0.328s url=https://www.myfonts.com/collections/phuture-odc-font-identikal/?tab=techSpecs
[2026-09-27T14:46:31Z] #3793 attempt=1/2 status=200 0.277s url=https://www.myfonts.com/collections/phuture-odc-font-identikal/
[2026-09-27T14:46:31Z] #3794 attempt=1/2 status=404 0.282s url=https://www.myfonts.com/collections/black-italic-regular-phuture-odc-536737-font-identikal
[2026-09-27T14:46:32Z] #3795 attempt=1/2 status=200 0.356s url=https://www.myfonts.com/products/bold-podium-536755
[2026-09-27T14:46:33Z] #3796 attempt=1/2 status=200 0.364s url=https://www.myfonts.com/collections/podium-font-identikal/
[2026-09-27T14:46:34Z] #3797 attempt=1/2 status=200 0.379s url=https://www.myfonts.com/collections/podium-font-identikal/?tab=techSpecs
[2026-09-27T14:46:35Z] #3798 attempt=1/2 status=200 0.273s url=https://www.myfonts.com/collections/podium-font-identikal/
[2026-09-27T14:46:36Z] #3799 attempt=1/2 status=404 0.308s url=https://www.myfonts.com/collections/bold-podium-536755-font-identikal
[2026-09-27T14:46:37Z] #3800 attempt=1/2 status=200 0.329s url=https://www.myfonts.com/products/open-a-italic-regular-metron-536660
[2026-09-27T14:46:37Z] #3801 attempt=1/2 status=200 0.390s url=https://www.myfonts.com/collections/metron-font-identikal/
[2026-09-27T14:46:38Z] #3802 attempt=1/2 status=200 0.386s url=https://www.myfonts.com/collections/metron-font-identikal/?tab=techSpecs
[2026-09-27T14:46:40Z] #3803 attempt=1/2 status=200 0.305s url=https://www.myfonts.com/collections/metron-font-identikal/
[2026-09-27T14:46:40Z] #3804 attempt=1/2 status=404 0.261s url=https://www.myfonts.com/collections/open-a-italic-regular-metron-536660-font-identikal
[2026-09-27T14:46:41Z] #3805 attempt=1/2 status=200 0.353s url=https://www.myfonts.com/products/bold-italic-kneeon-536610
[2026-09-27T14:46:42Z] #3806 attempt=1/2 status=200 0.384s url=https://www.myfonts.com/collections/kneeon-font-identikal/
[2026-09-27T14:46:43Z] #3807 attempt=1/2 status=200 0.357s url=https://www.myfonts.com/collections/kneeon-font-identikal/?tab=techSpecs
[2026-09-27T14:46:44Z] #3808 attempt=1/2 status=200 0.264s url=https://www.myfonts.com/collections/kneeon-font-identikal/
[2026-09-27T14:46:45Z] #3809 attempt=1/2 status=404 0.291s url=https://www.myfonts.com/collections/bold-italic-kneeon-536610-font-identikal
[2026-09-27T14:46:46Z] #3810 attempt=1/2 status=200 0.337s url=https://www.myfonts.com/products/bold-phantom-536699
[2026-09-27T14:46:46Z] #3811 attempt=1/2 status=200 0.403s url=https://www.myfonts.com/collections/phantom-font-identikal/
[2026-09-27T14:46:47Z] #3812 attempt=1/2 status=200 0.356s url=https://www.myfonts.com/collections/phantom-font-identikal/?tab=techSpecs
[2026-09-27T14:46:49Z] #3813 attempt=1/2 status=200 0.285s url=https://www.myfonts.com/collections/phantom-font-identikal/
[2026-09-27T14:46:49Z] #3814 attempt=1/2 status=404 0.308s url=https://www.myfonts.com/collections/bold-phantom-536699-font-identikal
[2026-09-27T14:46:50Z] #3815 attempt=1/2 status=200 0.338s url=https://www.myfonts.com/products/regular-chord-536394
[2026-09-27T14:46:51Z] #3816 attempt=1/2 status=200 0.379s url=https://www.myfonts.com/collections/chord-font-identikal/
[2026-09-27T14:46:52Z] #3817 attempt=1/2 status=200 0.346s url=https://www.myfonts.com/collections/chord-font-identikal/?tab=techSpecs
[2026-09-27T14:46:53Z] #3818 attempt=1/2 status=200 0.260s url=https://www.myfonts.com/collections/chord-font-identikal/
[2026-09-27T14:46:54Z] #3819 attempt=1/2 status=404 0.270s url=https://www.myfonts.com/collections/regular-chord-536394-font-identikal
[2026-09-27T14:46:55Z] #3820 attempt=1/2 status=200 0.379s url=https://www.myfonts.com/products/ultra-light-italic-46-degrees-536364
[2026-09-27T14:46:55Z] #3821 attempt=1/2 status=200 0.379s url=https://www.myfonts.com/collections/46-degrees-font-identikal/
[2026-09-27T14:46:56Z] #3822 attempt=1/2 status=200 0.338s url=https://www.myfonts.com/collections/46-degrees-font-identikal/?tab=techSpecs
[2026-09-27T14:46:57Z] #3823 attempt=1/2 status=200 0.293s url=https://www.myfonts.com/collections/46-degrees-font-identikal/
[2026-09-27T14:46:58Z] #3824 attempt=1/2 status=404 0.260s url=https://www.myfonts.com/collections/ultra-light-italic-46-degrees-536364-font-identikal
[2026-09-27T14:46:59Z] #3825 attempt=1/6 status=200 0.343s url=https://www.myfonts.com/products.json?limit=100&page=102
[2026-09-27T14:47:00Z] #3826 attempt=1/2 status=200 0.358s url=https://www.myfonts.com/products/round-negative-phlex-536717
[2026-09-27T14:47:01Z] #3827 attempt=1/2 status=200 0.413s url=https://www.myfonts.com/collections/phlex-font-identikal/
[2026-09-27T14:47:02Z] #3828 attempt=1/2 status=200 0.355s url=https://www.myfonts.com/collections/phlex-font-identikal/?tab=techSpecs
[2026-09-27T14:47:03Z] #3829 attempt=1/2 status=200 0.258s url=https://www.myfonts.com/collections/phlex-font-identikal/
[2026-09-27T14:47:04Z] #3830 attempt=1/2 status=404 0.279s url=https://www.myfonts.com/collections/round-negative-phlex-536717-font-identikal
[2026-09-27T14:47:05Z] #3831 attempt=1/2 status=200 0.332s url=https://www.myfonts.com/products/outline-regular-act-stern-536371
[2026-09-27T14:47:05Z] #3832 attempt=1/2 status=200 0.373s url=https://www.myfonts.com/collections/act-stern-font-identikal/
[2026-09-27T14:47:06Z] #3833 attempt=1/2 status=200 0.331s url=https://www.myfonts.com/collections/act-stern-font-identikal/?tab=techSpecs
[2026-09-27T14:47:08Z] #3834 attempt=1/2 status=200 0.329s url=https://www.myfonts.com/collections/act-stern-font-identikal/
[2026-09-27T14:47:08Z] #3835 attempt=1/2 status=404 0.300s url=https://www.myfonts.com/collections/outline-regular-act-stern-536371-font-identikal
[2026-09-27T14:47:10Z] #3836 attempt=1/6 status=200 0.376s url=https://www.myfonts.com/products.json?limit=100&page=103
[2026-09-27T14:47:11Z] #3837 attempt=1/2 status=200 0.318s url=https://www.myfonts.com/products/italic-regular-attac-536385
[2026-09-27T14:47:12Z] #3838 attempt=1/2 status=200 0.389s url=https://www.myfonts.com/collections/attac-font-identikal/
[2026-09-27T14:47:12Z] #3839 attempt=1/2 status=200 0.359s url=https://www.myfonts.com/collections/attac-font-identikal/?tab=techSpecs
[2026-09-27T14:47:14Z] #3840 attempt=1/2 status=200 0.257s url=https://www.myfonts.com/collections/attac-font-identikal/
[2026-09-27T14:47:14Z] #3841 attempt=1/2 status=404 0.262s url=https://www.myfonts.com/collections/italic-regular-attac-536385-font-identikal
[2026-09-27T14:47:15Z] #3842 attempt=1/6 status=200 0.783s url=https://www.myfonts.com/products.json?limit=100&page=104
[2026-09-27T14:47:17Z] #3843 attempt=1/2 status=200 0.732s url=https://www.myfonts.com/products/serif-and-san-serif-best-font-bundle-package-721139
[2026-09-27T14:47:17Z] #3844 attempt=1/2 status=404 0.282s url=https://www.myfonts.com/collections/serif-and-san-serif-best-font-bundle-font-canden-meutuah
[2026-09-27T14:47:18Z] #3845 attempt=1/2 status=200 0.378s url=https://www.myfonts.com/products/mltp-hade-rasty-signature-complete-family-package-1223794
[2026-09-27T14:47:19Z] #3846 attempt=1/2 status=200 0.408s url=https://www.myfonts.com/collections/mltp-hade-rasty-signature-font-multype-studio/
[2026-09-27T14:47:20Z] #3847 attempt=1/2 status=200 0.347s url=https://www.myfonts.com/collections/mltp-hade-rasty-signature-font-multype-studio/?tab=techSpecs
[2026-09-27T14:47:23Z] #3848 attempt=1/2 status=200 1.736s url=https://www.myfonts.com/products/nuviora-complete-family-package-1224362
[2026-09-27T14:47:26Z] #3849 attempt=1/2 status=200 3.289s url=https://www.myfonts.com/collections/nuviora-font-stripes-studio/
[2026-09-27T14:47:31Z] #3850 attempt=1/2 status=200 3.322s url=https://www.myfonts.com/collections/nuviora-font-stripes-studio/?tab=techSpecs
[2026-09-27T14:47:33Z] #3851 attempt=1/2 status=200 0.376s url=https://www.myfonts.com/products/olyford-variable-complete-family-package-1224360
[2026-09-27T14:47:34Z] #3852 attempt=1/2 status=200 0.420s url=https://www.myfonts.com/collections/olyford-variable-font-nicolass-fonts/
[2026-09-27T14:47:34Z] #3853 attempt=1/2 status=200 0.414s url=https://www.myfonts.com/collections/olyford-variable-font-nicolass-fonts/?tab=techSpecs
[2026-09-27T14:47:36Z] #3854 attempt=1/2 status=200 0.336s url=https://www.myfonts.com/products/techmono-complete-family-package-1223779
[2026-09-27T14:47:37Z] #3855 attempt=1/2 status=200 0.398s url=https://www.myfonts.com/collections/techmono-font-maverick26designs/
[2026-09-27T14:47:38Z] #3856 attempt=1/2 status=200 0.405s url=https://www.myfonts.com/collections/techmono-font-maverick26designs/?tab=techSpecs
[2026-09-27T14:47:39Z] #3857 attempt=1/2 status=200 0.412s url=https://www.myfonts.com/products/pg-wensokia-complete-family-package-1224292
[2026-09-27T14:47:40Z] #3858 attempt=1/2 status=200 0.448s url=https://www.myfonts.com/collections/pg-wensokia-font-pretty-glyphs/
[2026-09-27T14:47:41Z] #3859 attempt=1/2 status=200 0.411s url=https://www.myfonts.com/collections/pg-wensokia-font-pretty-glyphs/?tab=techSpecs
[2026-09-27T14:47:43Z] #3860 attempt=1/2 status=200 0.375s url=https://www.myfonts.com/products/woblen-complete-family-package-1223776
[2026-09-27T14:47:43Z] #3861 attempt=1/2 status=200 0.378s url=https://www.myfonts.com/collections/woblen-font-muksal-creatives/
[2026-09-27T14:47:44Z] #3862 attempt=1/2 status=200 0.363s url=https://www.myfonts.com/collections/woblen-font-muksal-creatives/?tab=techSpecs
[2026-09-27T14:47:46Z] #3863 attempt=1/2 status=200 0.357s url=https://www.myfonts.com/products/ruster-complete-family-package-1224346
[2026-09-27T14:47:47Z] #3864 attempt=1/2 status=200 0.406s url=https://www.myfonts.com/collections/ruster-font-dareco-studio/
[2026-09-27T14:47:47Z] #3865 attempt=1/2 status=200 0.376s url=https://www.myfonts.com/collections/ruster-font-dareco-studio/?tab=techSpecs
[2026-09-27T14:47:49Z] #3866 attempt=1/2 status=200 0.734s url=https://www.myfonts.com/products/dear-mother-complete-family-package-1223073
[2026-09-27T14:47:51Z] #3867 attempt=1/2 status=200 0.884s url=https://www.myfonts.com/collections/dear-mother-font-abbastype/
[2026-09-27T14:47:52Z] #3868 attempt=1/2 status=200 0.653s url=https://www.myfonts.com/collections/dear-mother-font-abbastype/?tab=techSpecs
[2026-09-27T14:47:53Z] #3869 attempt=1/2 status=200 0.392s url=https://www.myfonts.com/products/glorious-condensed-complete-family-package-1224271
[2026-09-27T14:47:54Z] #3870 attempt=1/2 status=200 0.599s url=https://www.myfonts.com/collections/glorious-condensed-font-unitype-studio/
[2026-09-27T14:47:55Z] #3871 attempt=1/2 status=200 0.432s url=https://www.myfonts.com/collections/glorious-condensed-font-unitype-studio/?tab=techSpecs
[2026-09-27T14:47:58Z] #3872 attempt=1/2 status=200 0.872s url=https://www.myfonts.com/products/bentico-complete-family-package-1223624
[2026-09-27T14:48:00Z] #3873 attempt=1/2 status=200 1.822s url=https://www.myfonts.com/collections/bentico-font-mordex-studio/
[2026-09-27T14:48:02Z] #3874 attempt=1/2 status=200 1.625s url=https://www.myfonts.com/collections/bentico-font-mordex-studio/?tab=techSpecs
[2026-09-27T14:48:04Z] #3875 attempt=1/2 status=200 0.358s url=https://www.myfonts.com/products/wech-complete-family-package-1224343
[2026-09-27T14:48:05Z] #3876 attempt=1/2 status=200 0.424s url=https://www.myfonts.com/collections/wech-font-dareco-studio/
[2026-09-27T14:48:06Z] #3877 attempt=1/2 status=200 0.350s url=https://www.myfonts.com/collections/wech-font-dareco-studio/?tab=techSpecs
[2026-09-27T14:48:07Z] #3878 attempt=1/2 status=200 0.463s url=https://www.myfonts.com/products/tf-bragado-complete-family-package-1222887
[2026-09-27T14:48:08Z] #3879 attempt=1/2 status=200 0.681s url=https://www.myfonts.com/collections/tf-bragado-font-typeflock/
[2026-09-27T14:48:09Z] #3880 attempt=1/2 status=200 0.588s url=https://www.myfonts.com/collections/tf-bragado-font-typeflock/?tab=techSpecs
[2026-09-27T14:48:11Z] #3881 attempt=1/2 status=200 0.429s url=https://www.myfonts.com/products/le-mighty-legacy-complete-family-package-1223613
[2026-09-27T14:48:12Z] #3882 attempt=1/2 status=200 0.508s url=https://www.myfonts.com/collections/le-mighty-legacy-font-ivan-rosenberg/
[2026-09-27T14:48:13Z] #3883 attempt=1/2 status=200 0.422s url=https://www.myfonts.com/collections/le-mighty-legacy-font-ivan-rosenberg/?tab=techSpecs
[2026-09-27T14:48:15Z] #3884 attempt=1/2 status=200 0.899s url=https://www.myfonts.com/products/selfinty-complete-family-package-1223039
[2026-09-27T14:48:17Z] #3885 attempt=1/2 status=200 1.400s url=https://www.myfonts.com/collections/selfinty-font-madjack-font/
[2026-09-27T14:48:19Z] #3886 attempt=1/2 status=200 0.983s url=https://www.myfonts.com/collections/selfinty-font-madjack-font/?tab=techSpecs
[2026-09-27T14:48:21Z] #3887 attempt=1/2 status=200 0.330s url=https://www.myfonts.com/products/autumn-reverie-complete-family-package-1224262
[2026-09-27T14:48:21Z] #3888 attempt=1/2 status=200 0.393s url=https://www.myfonts.com/collections/autumn-reverie-font-yoga-letter/
[2026-09-27T14:48:22Z] #3889 attempt=1/2 status=200 0.359s url=https://www.myfonts.com/collections/autumn-reverie-font-yoga-letter/?tab=techSpecs
[2026-09-27T14:48:24Z] #3890 attempt=1/2 status=200 0.371s url=https://www.myfonts.com/products/bigvalue-complete-family-package-1224340
[2026-09-27T14:48:25Z] #3891 attempt=1/2 status=200 0.379s url=https://www.myfonts.com/collections/bigvalue-font-artiveko/
[2026-09-27T14:48:25Z] #3892 attempt=1/2 status=200 0.416s url=https://www.myfonts.com/collections/bigvalue-font-artiveko/?tab=techSpecs
[2026-09-27T14:48:27Z] #3893 attempt=1/2 status=200 0.366s url=https://www.myfonts.com/products/chunky-zorvy-complete-family-package-1222883
[2026-09-27T14:48:28Z] #3894 attempt=1/2 status=200 0.395s url=https://www.myfonts.com/collections/chunky-zorvy-font-syauqi-studio/
[2026-09-27T14:48:28Z] #3895 attempt=1/2 status=200 0.382s url=https://www.myfonts.com/collections/chunky-zorvy-font-syauqi-studio/?tab=techSpecs
[2026-09-27T14:48:30Z] #3896 attempt=1/2 status=200 0.465s url=https://www.myfonts.com/products/axiome-sm-complete-family-package-1223013
[2026-09-27T14:48:31Z] #3897 attempt=1/2 status=200 0.595s url=https://www.myfonts.com/collections/axiome-sm-font-product-type/
[2026-09-27T14:48:32Z] #3898 attempt=1/2 status=200 0.483s url=https://www.myfonts.com/collections/axiome-sm-font-product-type/?tab=techSpecs
[2026-09-27T14:48:34Z] #3899 attempt=1/2 status=200 0.376s url=https://www.myfonts.com/products/murisa-albertina-complete-family-package-1222876
[2026-09-27T14:48:35Z] #3900 attempt=1/2 status=200 0.419s url=https://www.myfonts.com/collections/murisa-albertina-font-murisa-studio/
[2026-09-27T14:48:35Z] #3901 attempt=1/2 status=200 0.372s url=https://www.myfonts.com/collections/murisa-albertina-font-murisa-studio/?tab=techSpecs
[2026-09-27T14:48:37Z] #3902 attempt=1/2 status=200 0.658s url=https://www.myfonts.com/products/adelia-pasha-complete-family-package-1223516
[2026-09-27T14:48:39Z] #3903 attempt=1/2 status=200 1.348s url=https://www.myfonts.com/collections/adelia-pasha-font-abbastype/
[2026-09-27T14:48:41Z] #3904 attempt=1/2 status=200 1.181s url=https://www.myfonts.com/collections/adelia-pasha-font-abbastype/?tab=techSpecs
[2026-09-27T14:48:43Z] #3905 attempt=1/2 status=200 0.381s url=https://www.myfonts.com/products/rocktail-complete-family-package-1224337
[2026-09-27T14:48:44Z] #3906 attempt=1/2 status=200 0.404s url=https://www.myfonts.com/collections/rocktail-font-artiveko/
[2026-09-27T14:48:44Z] #3907 attempt=1/2 status=200 0.350s url=https://www.myfonts.com/collections/rocktail-font-artiveko/?tab=techSpecs
[2026-09-27T14:48:46Z] #3908 attempt=1/2 status=200 0.375s url=https://www.myfonts.com/products/jingle-mochi-italic-complete-family-package-1223005
[2026-09-27T14:48:47Z] #3909 attempt=1/2 status=200 0.425s url=https://www.myfonts.com/collections/jingle-mochi-italic-font-yoga-letter/
[2026-09-27T14:48:48Z] #3910 attempt=1/2 status=200 0.371s url=https://www.myfonts.com/collections/jingle-mochi-italic-font-yoga-letter/?tab=techSpecs
[2026-09-27T14:48:49Z] #3911 attempt=1/2 status=200 0.382s url=https://www.myfonts.com/products/crenka-complete-family-package-1222978
[2026-09-27T14:48:50Z] #3912 attempt=1/2 status=200 0.388s url=https://www.myfonts.com/collections/crenka-font-ragamkata/
[2026-09-27T14:48:51Z] #3913 attempt=1/2 status=200 0.372s url=https://www.myfonts.com/collections/crenka-font-ragamkata/?tab=techSpecs
[2026-09-27T14:48:53Z] #3914 attempt=1/2 status=200 0.362s url=https://www.myfonts.com/products/kinka-complete-family-package-1224100
[2026-09-27T14:48:53Z] #3915 attempt=1/2 status=200 0.413s url=https://www.myfonts.com/collections/kinka-font-aiquitype/
[2026-09-27T14:48:54Z] #3916 attempt=1/2 status=200 0.373s url=https://www.myfonts.com/collections/kinka-font-aiquitype/?tab=techSpecs
[2026-09-27T14:48:56Z] #3917 attempt=1/2 status=200 0.388s url=https://www.myfonts.com/products/oksigen-octa-complete-family-package-1222873
[2026-09-27T14:48:57Z] #3918 attempt=1/2 status=200 0.394s url=https://www.myfonts.com/collections/oksigen-octa-font-kalam/
[2026-09-27T14:48:58Z] #3919 attempt=1/2 status=200 0.366s url=https://www.myfonts.com/collections/oksigen-octa-font-kalam/?tab=techSpecs
[2026-09-27T14:48:59Z] #3920 attempt=1/2 status=200 0.379s url=https://www.myfonts.com/products/duvante-complete-family-package-1224333
[2026-09-27T14:49:00Z] #3921 attempt=1/2 status=200 0.407s url=https://www.myfonts.com/collections/duvante-font-artiveko/
[2026-09-27T14:49:01Z] #3922 attempt=1/2 status=200 0.440s url=https://www.myfonts.com/collections/duvante-font-artiveko/?tab=techSpecs
[2026-09-27T14:49:03Z] #3923 attempt=1/2 status=200 0.632s url=https://www.myfonts.com/products/amelia-diana-complete-family-package-1223322
[2026-09-27T14:49:04Z] #3924 attempt=1/2 status=200 1.299s url=https://www.myfonts.com/collections/amelia-diana-font-abbastype/
[2026-09-27T14:49:06Z] #3925 attempt=1/2 status=200 1.056s url=https://www.myfonts.com/collections/amelia-diana-font-abbastype/?tab=techSpecs
[2026-09-27T14:49:08Z] #3926 attempt=1/2 status=200 0.574s url=https://www.myfonts.com/products/bakin-complete-family-package-1222824
[2026-09-27T14:49:09Z] #3927 attempt=1/2 status=200 0.818s url=https://www.myfonts.com/collections/bakin-font-abbastype/
[2026-09-27T14:49:10Z] #3928 attempt=1/2 status=200 0.651s url=https://www.myfonts.com/collections/bakin-font-abbastype/?tab=techSpecs
[2026-09-27T14:49:12Z] #3929 attempt=1/2 status=200 0.407s url=https://www.myfonts.com/products/pg-goyah-complete-family-package-1222918
[2026-09-27T14:49:13Z] #3930 attempt=1/2 status=200 0.424s url=https://www.myfonts.com/collections/pg-goyah-font-pretty-glyphs/
[2026-09-27T14:49:14Z] #3931 attempt=1/2 status=200 0.408s url=https://www.myfonts.com/collections/pg-goyah-font-pretty-glyphs/?tab=techSpecs
[2026-09-27T14:49:16Z] #3932 attempt=1/2 status=200 0.396s url=https://www.myfonts.com/products/chuks-complete-family-package-1222817
[2026-09-27T14:49:16Z] #3933 attempt=1/2 status=200 0.419s url=https://www.myfonts.com/collections/chuks-font-akbar-gumelar/
[2026-09-27T14:49:17Z] #3934 attempt=1/2 status=200 0.418s url=https://www.myfonts.com/collections/chuks-font-akbar-gumelar/?tab=techSpecs
[2026-09-27T14:49:19Z] #3935 attempt=1/2 status=200 0.850s url=https://www.myfonts.com/products/bheiaga-complete-family-package-1223975
[2026-09-27T14:49:21Z] #3936 attempt=1/2 status=200 1.335s url=https://www.myfonts.com/collections/bheiaga-font-abbastype/
[2026-09-27T14:49:23Z] #3937 attempt=1/2 status=200 1.027s url=https://www.myfonts.com/collections/bheiaga-font-abbastype/?tab=techSpecs
[2026-09-27T14:49:25Z] #3938 attempt=1/2 status=200 0.870s url=https://www.myfonts.com/products/alyssa-ghazali-complete-family-package-1223321
[2026-09-27T14:49:27Z] #3939 attempt=1/2 status=200 1.327s url=https://www.myfonts.com/collections/alyssa-ghazali-font-abbastype/
[2026-09-27T14:49:28Z] #3940 attempt=1/2 status=200 1.016s url=https://www.myfonts.com/collections/alyssa-ghazali-font-abbastype/?tab=techSpecs
[2026-09-27T14:49:30Z] #3941 attempt=1/2 status=200 0.389s url=https://www.myfonts.com/products/rundra-complete-family-package-1224322
[2026-09-27T14:49:31Z] #3942 attempt=1/2 status=200 0.435s url=https://www.myfonts.com/collections/rundra-font-md-type/
[2026-09-27T14:49:32Z] #3943 attempt=1/2 status=200 0.381s url=https://www.myfonts.com/collections/rundra-font-md-type/?tab=techSpecs
[2026-09-27T14:49:34Z] #3944 attempt=1/2 status=200 0.353s url=https://www.myfonts.com/products/crown-monarch-complete-family-package-1222880
[2026-09-27T14:49:34Z] #3945 attempt=1/2 status=200 0.396s url=https://www.myfonts.com/collections/crown-monarch-font-vermilione/
[2026-09-27T14:49:35Z] #3946 attempt=1/2 status=200 0.386s url=https://www.myfonts.com/collections/crown-monarch-font-vermilione/?tab=techSpecs
[2026-09-27T14:49:37Z] #3947 attempt=1/2 status=200 0.387s url=https://www.myfonts.com/products/enagola-complete-family-package-1222814
[2026-09-27T14:49:38Z] #3948 attempt=1/2 status=200 0.362s url=https://www.myfonts.com/collections/enagola-font-artiveko/
[2026-09-27T14:49:38Z] #3949 attempt=1/2 status=200 0.348s url=https://www.myfonts.com/collections/enagola-font-artiveko/?tab=techSpecs
[2026-09-27T14:49:40Z] #3950 attempt=1/2 status=200 0.398s url=https://www.myfonts.com/products/focasino-complete-family-package-1223917
[2026-09-27T14:49:41Z] #3951 attempt=1/2 status=200 0.399s url=https://www.myfonts.com/collections/focasino-font-typeclassheroes/
[2026-09-27T14:49:42Z] #3952 attempt=1/2 status=200 0.363s url=https://www.myfonts.com/collections/focasino-font-typeclassheroes/?tab=techSpecs
[2026-09-27T14:49:44Z] #3953 attempt=1/2 status=200 0.553s url=https://www.myfonts.com/products/wildwritten-complete-family-package-1223280
[2026-09-27T14:49:45Z] #3954 attempt=1/2 status=200 0.744s url=https://www.myfonts.com/collections/wildwritten-font-vp-creative-shop/
[2026-09-27T14:49:46Z] #3955 attempt=1/2 status=200 0.525s url=https://www.myfonts.com/collections/wildwritten-font-vp-creative-shop/?tab=techSpecs
[2026-09-27T14:49:47Z] #3956 attempt=1/2 status=200 0.527s url=https://www.myfonts.com/products/nelga-complete-family-package-1222927
[2026-09-27T14:49:49Z] #3957 attempt=1/2 status=200 0.772s url=https://www.myfonts.com/collections/nelga-font-abbastype/
[2026-09-27T14:49:50Z] #3958 attempt=1/2 status=200 0.674s url=https://www.myfonts.com/collections/nelga-font-abbastype/?tab=techSpecs
[2026-09-27T14:49:52Z] #3959 attempt=1/2 status=200 0.352s url=https://www.myfonts.com/products/north-railway-complete-family-package-1224321
[2026-09-27T14:49:52Z] #3960 attempt=1/2 status=200 0.399s url=https://www.myfonts.com/collections/north-railway-font-vermilione/
[2026-09-27T14:49:53Z] #3961 attempt=1/2 status=200 0.342s url=https://www.myfonts.com/collections/north-railway-font-vermilione/?tab=techSpecs
[2026-09-27T14:49:55Z] #3962 attempt=1/2 status=200 0.388s url=https://www.myfonts.com/products/niko-curt-complete-family-package-1217509
[2026-09-27T14:49:56Z] #3963 attempt=1/2 status=200 0.475s url=https://www.myfonts.com/collections/niko-curt-font-greentrik6789/
[2026-09-27T14:49:56Z] #3964 attempt=1/2 status=200 0.353s url=https://www.myfonts.com/collections/niko-curt-font-greentrik6789/?tab=techSpecs
[2026-09-27T14:49:58Z] #3965 attempt=1/2 status=200 0.596s url=https://www.myfonts.com/products/bay-fresh-complete-family-package-1223905
[2026-09-27T14:50:00Z] #3966 attempt=1/2 status=200 1.032s url=https://www.myfonts.com/collections/bay-fresh-font-abbastype/
[2026-09-27T14:50:01Z] #3967 attempt=1/2 status=200 0.831s url=https://www.myfonts.com/collections/bay-fresh-font-abbastype/?tab=techSpecs
[2026-09-27T14:50:03Z] #3968 attempt=1/2 status=200 0.383s url=https://www.myfonts.com/products/callontine-complete-family-package-1222924
[2026-09-27T14:50:04Z] #3969 attempt=1/2 status=200 0.404s url=https://www.myfonts.com/collections/callontine-font-logic-type/
[2026-09-27T14:50:04Z] #3970 attempt=1/2 status=200 0.371s url=https://www.myfonts.com/collections/callontine-font-logic-type/?tab=techSpecs
[2026-09-27T14:50:06Z] #3971 attempt=1/2 status=200 0.381s url=https://www.myfonts.com/products/ravnar-nordic-runic-complete-family-package-1224316
[2026-09-27T14:50:07Z] #3972 attempt=1/2 status=200 0.396s url=https://www.myfonts.com/collections/ravnar-nordic-runic-font-md-type/
[2026-09-27T14:50:08Z] #3973 attempt=1/2 status=200 0.377s url=https://www.myfonts.com/collections/ravnar-nordic-runic-font-md-type/?tab=techSpecs
[2026-09-27T14:50:09Z] #3974 attempt=1/2 status=200 0.421s url=https://www.myfonts.com/products/thorn-serif-complete-family-package-1215235
[2026-09-27T14:50:10Z] #3975 attempt=1/2 status=200 0.474s url=https://www.myfonts.com/collections/thorn-serif-font-type-forward/
[2026-09-27T14:50:11Z] #3976 attempt=1/2 status=200 0.423s url=https://www.myfonts.com/collections/thorn-serif-font-type-forward/?tab=techSpecs
[2026-09-27T14:50:13Z] #3977 attempt=1/2 status=200 0.363s url=https://www.myfonts.com/products/grafton-complete-family-package-1223180
[2026-09-27T14:50:14Z] #3978 attempt=1/2 status=200 0.514s url=https://www.myfonts.com/collections/grafton-font-unitype-studio/
[2026-09-27T14:50:14Z] #3979 attempt=1/2 status=200 0.398s url=https://www.myfonts.com/collections/grafton-font-unitype-studio/?tab=techSpecs
[2026-09-27T14:50:16Z] #3980 attempt=1/2 status=200 0.621s url=https://www.myfonts.com/products/baikeia-complete-family-package-1223810
[2026-09-27T14:50:18Z] #3981 attempt=1/2 status=200 1.340s url=https://www.myfonts.com/collections/baikeia-font-abbastype/
[2026-09-27T14:50:20Z] #3982 attempt=1/2 status=200 1.038s url=https://www.myfonts.com/collections/baikeia-font-abbastype/?tab=techSpecs
[2026-09-27T14:50:21Z] #3983 attempt=1/2 status=200 0.369s url=https://www.myfonts.com/products/romance-utille-serif-package-1222916
[2026-09-27T14:50:22Z] #3984 attempt=1/2 status=200 0.414s url=https://www.myfonts.com/collections/romance-utille-serif-font-artiveko/
[2026-09-27T14:50:23Z] #3985 attempt=1/2 status=200 0.401s url=https://www.myfonts.com/collections/romance-utille-serif-font-artiveko/?tab=techSpecs
[2026-09-27T14:50:25Z] #3986 attempt=1/2 status=200 0.497s url=https://www.myfonts.com/products/wing-sans-narrow-package-1211342
[2026-09-27T14:50:26Z] #3987 attempt=1/2 status=200 0.583s url=https://www.myfonts.com/collections/wings-sans-font-tipotype/
[2026-09-27T14:50:27Z] #3988 attempt=1/2 status=200 0.674s url=https://www.myfonts.com/collections/wings-sans-font-tipotype/?tab=techSpecs
[2026-09-27T14:50:29Z] #3989 attempt=1/2 status=200 0.390s url=https://www.myfonts.com/products/gilmour-complete-family-package-1224302
[2026-09-27T14:50:30Z] #3990 attempt=1/2 status=200 0.443s url=https://www.myfonts.com/collections/gilmour-font-unitype-studio/
[2026-09-27T14:50:31Z] #3991 attempt=1/2 status=200 0.384s url=https://www.myfonts.com/collections/gilmour-font-unitype-studio/?tab=techSpecs
[2026-09-27T14:50:32Z] #3992 attempt=1/2 status=200 0.359s url=https://www.myfonts.com/products/ghaleria-complete-family-package-1223034
[2026-09-27T14:50:33Z] #3993 attempt=1/2 status=200 0.432s url=https://www.myfonts.com/collections/ghaleria-font-font-liner/
[2026-09-27T14:50:34Z] #3994 attempt=1/2 status=200 0.355s url=https://www.myfonts.com/collections/ghaleria-font-font-liner/?tab=techSpecs
[2026-09-27T14:50:36Z] #3995 attempt=1/2 status=200 0.374s url=https://www.myfonts.com/products/baykonur-complete-family-package-1223802
[2026-09-27T14:50:36Z] #3996 attempt=1/2 status=200 0.419s url=https://www.myfonts.com/collections/baykonur-font-viaction-type/
[2026-09-27T14:50:37Z] #3997 attempt=1/2 status=200 0.366s url=https://www.myfonts.com/collections/baykonur-font-viaction-type/?tab=techSpecs
[2026-09-27T14:50:39Z] #3998 attempt=1/2 status=200 0.354s url=https://www.myfonts.com/products/rozet-complete-family-package-1222907
[2026-09-27T14:50:39Z] #3999 attempt=1/2 status=200 0.423s url=https://www.myfonts.com/collections/rozet-font-vlad-b/
[2026-09-27T14:50:40Z] #4000 attempt=1/2 status=200 0.376s url=https://www.myfonts.com/collections/rozet-font-vlad-b/?tab=techSpecs
[2026-09-27T14:50:42Z] #4001 attempt=1/2 status=200 0.899s url=https://www.myfonts.com/products/natural-fence-complete-family-package-1223179
[2026-09-27T14:50:44Z] #4002 attempt=1/2 status=200 1.258s url=https://www.myfonts.com/collections/natural-fence-font-abbastype/
[2026-09-27T14:50:46Z] #4003 attempt=1/2 status=200 1.090s url=https://www.myfonts.com/collections/natural-fence-font-abbastype/?tab=techSpecs
[2026-09-27T14:50:47Z] #4004 attempt=1/2 status=200 0.332s url=https://www.myfonts.com/products/ravnar-elder-v2-complete-family-package-1224297
[2026-09-27T14:50:48Z] #4005 attempt=1/2 status=200 0.465s url=https://www.myfonts.com/collections/ravnar-elder-v2-font-md-type/
[2026-09-27T14:50:49Z] #4006 attempt=1/2 status=200 0.349s url=https://www.myfonts.com/collections/ravnar-elder-v2-font-md-type/?tab=techSpecs
[2026-09-27T14:50:51Z] #4007 attempt=1/2 status=200 0.369s url=https://www.myfonts.com/products/gas-jenki-complete-family-package-1223799
[2026-09-27T14:50:52Z] #4008 attempt=1/2 status=200 0.431s url=https://www.myfonts.com/collections/gas-jenki-font-kalam/
[2026-09-27T14:50:52Z] #4009 attempt=1/2 status=200 0.357s url=https://www.myfonts.com/collections/gas-jenki-font-kalam/?tab=techSpecs
[2026-09-27T14:50:54Z] #4010 attempt=1/6 status=200 0.746s url=https://www.myfonts.com/products.json?limit=100&page=105
[2026-09-27T14:50:55Z] #4011 attempt=1/2 status=200 0.336s url=https://www.myfonts.com/products/regular-brewlin-ruffe-1223809
[2026-09-27T14:50:56Z] #4012 attempt=1/2 status=200 0.386s url=https://www.myfonts.com/collections/brewlin-ruffe-font-product-type/
[2026-09-27T14:50:57Z] #4013 attempt=1/2 status=200 0.333s url=https://www.myfonts.com/collections/brewlin-ruffe-font-product-type/?tab=techSpecs
[2026-09-27T14:50:58Z] #4014 attempt=1/2 status=200 0.295s url=https://www.myfonts.com/products/regular-mltp-romttard-southura-1223798
[2026-09-27T14:50:58Z] #4015 attempt=1/2 status=200 0.365s url=https://www.myfonts.com/collections/mltp-romttard-southura-font-multype-studio/
[2026-09-27T14:50:59Z] #4016 attempt=1/2 status=200 0.348s url=https://www.myfonts.com/collections/mltp-romttard-southura-font-multype-studio/?tab=techSpecs
[2026-09-27T14:51:01Z] #4017 attempt=1/2 status=200 0.360s url=https://www.myfonts.com/products/regular-midnight-ritual-1223797
[2026-09-27T14:51:01Z] #4018 attempt=1/2 status=200 0.351s url=https://www.myfonts.com/collections/midnight-ritual-font-hipfonts/
[2026-09-27T14:51:02Z] #4019 attempt=1/2 status=200 0.303s url=https://www.myfonts.com/collections/midnight-ritual-font-hipfonts/?tab=techSpecs
[2026-09-27T14:51:04Z] #4020 attempt=1/6 status=200 0.821s url=https://www.myfonts.com/products.json?limit=100&page=106
[2026-09-27T14:51:04Z] #4021 attempt=1/2 status=200 0.290s url=https://www.myfonts.com/products/regular-coastal-honey-1223793
[2026-09-27T14:51:05Z] #4022 attempt=1/2 status=200 0.345s url=https://www.myfonts.com/collections/coastal-honey-font-hipfonts/
[2026-09-27T14:51:06Z] #4023 attempt=1/2 status=200 0.301s url=https://www.myfonts.com/collections/coastal-honey-font-hipfonts/?tab=techSpecs
[2026-09-27T14:51:07Z] #4024 attempt=1/2 status=200 0.327s url=https://www.myfonts.com/products/regular-ocean-pirates-1223792
[2026-09-27T14:51:08Z] #4025 attempt=1/2 status=200 0.384s url=https://www.myfonts.com/collections/ocean-pirates-font-mvmet/
[2026-09-27T14:51:08Z] #4026 attempt=1/2 status=200 0.307s url=https://www.myfonts.com/collections/ocean-pirates-font-mvmet/?tab=techSpecs
[2026-09-27T14:51:10Z] #4027 attempt=1/2 status=200 0.287s url=https://www.myfonts.com/products/regular-captain-terry-1223791
[2026-09-27T14:51:10Z] #4028 attempt=1/2 status=200 0.339s url=https://www.myfonts.com/collections/captain-terry-font-hipfonts/
[2026-09-27T14:51:11Z] #4029 attempt=1/2 status=200 0.320s url=https://www.myfonts.com/collections/captain-terry-font-hipfonts/?tab=techSpecs
[2026-09-27T14:51:12Z] #4030 attempt=1/2 status=200 0.344s url=https://www.myfonts.com/products/regular-canvas-muse-1223789
[2026-09-27T14:51:13Z] #4031 attempt=1/2 status=200 0.377s url=https://www.myfonts.com/collections/canvas-muse-font-hipfonts/
[2026-09-27T14:51:14Z] #4032 attempt=1/2 status=200 0.324s url=https://www.myfonts.com/collections/canvas-muse-font-hipfonts/?tab=techSpecs
[2026-09-27T14:51:15Z] #4033 attempt=1/2 status=200 0.329s url=https://www.myfonts.com/products/regular-gilded-oath-1223790
[2026-09-27T14:51:16Z] #4034 attempt=1/2 status=200 0.406s url=https://www.myfonts.com/collections/gilded-oath-font-hipfonts/
[2026-09-27T14:51:17Z] #4035 attempt=1/2 status=200 0.342s url=https://www.myfonts.com/collections/gilded-oath-font-hipfonts/?tab=techSpecs
[2026-09-27T14:51:18Z] #4036 attempt=1/2 status=200 0.370s url=https://www.myfonts.com/products/regular-vienna-romance-1223788
[2026-09-27T14:51:18Z] #4037 attempt=1/2 status=200 0.347s url=https://www.myfonts.com/collections/vienna-romance-font-hipfonts/
[2026-09-27T14:51:19Z] #4038 attempt=1/2 status=200 0.341s url=https://www.myfonts.com/collections/vienna-romance-font-hipfonts/?tab=techSpecs
[2026-09-27T14:51:20Z] #4039 attempt=1/2 status=200 0.274s url=https://www.myfonts.com/products/regular-cedar-valley-1223787
[2026-09-27T14:51:21Z] #4040 attempt=1/2 status=200 0.414s url=https://www.myfonts.com/collections/cedar-valley-font-hipfonts/
[2026-09-27T14:51:22Z] #4041 attempt=1/2 status=200 0.287s url=https://www.myfonts.com/collections/cedar-valley-font-hipfonts/?tab=techSpecs
[2026-09-27T14:51:23Z] #4042 attempt=1/2 status=200 0.390s url=https://www.myfonts.com/products/regular-oath-and-ember-1223786
[2026-09-27T14:51:24Z] #4043 attempt=1/2 status=200 0.295s url=https://www.myfonts.com/collections/oath-and-ember-font-hipfonts/
[2026-09-27T14:51:24Z] #4044 attempt=1/2 status=200 0.334s url=https://www.myfonts.com/collections/oath-and-ember-font-hipfonts/?tab=techSpecs
[2026-09-27T14:51:26Z] #4045 attempt=1/2 status=200 0.329s url=https://www.myfonts.com/products/regular-sunkissed-sunday-1223785
[2026-09-27T14:51:26Z] #4046 attempt=1/2 status=200 0.334s url=https://www.myfonts.com/collections/sunkissed-sunday-font-hipfonts/
[2026-09-27T14:51:27Z] #4047 attempt=1/2 status=200 0.323s url=https://www.myfonts.com/collections/sunkissed-sunday-font-hipfonts/?tab=techSpecs
[2026-09-27T14:51:28Z] #4048 attempt=1/2 status=200 0.280s url=https://www.myfonts.com/products/regular-ruined-empire-1223784
[2026-09-27T14:51:29Z] #4049 attempt=1/2 status=200 0.330s url=https://www.myfonts.com/collections/ruined-empire-font-hipfonts/
[2026-09-27T14:51:30Z] #4050 attempt=1/2 status=200 0.284s url=https://www.myfonts.com/collections/ruined-empire-font-hipfonts/?tab=techSpecs
[2026-09-27T14:51:31Z] #4051 attempt=1/6 status=200 0.796s url=https://www.myfonts.com/products.json?limit=100&page=107
[2026-09-27T14:51:32Z] #4052 attempt=1/2 status=200 0.312s url=https://www.myfonts.com/products/regular-la-moire-1223680
[2026-09-27T14:51:33Z] #4053 attempt=1/2 status=200 0.411s url=https://www.myfonts.com/collections/la-moire-font-modikstype/
[2026-09-27T14:51:33Z] #4054 attempt=1/2 status=200 0.330s url=https://www.myfonts.com/collections/la-moire-font-modikstype/?tab=techSpecs
[2026-09-27T14:51:35Z] #4055 attempt=1/6 status=200 0.755s url=https://www.myfonts.com/products.json?limit=100&page=108
[2026-09-27T14:51:36Z] #4056 attempt=1/2 status=200 0.339s url=https://www.myfonts.com/products/regular-bucintorolc-1223038
[2026-09-27T14:51:37Z] #4057 attempt=1/2 status=200 0.309s url=https://www.myfonts.com/products/regular-evil-roar-1224268
[2026-09-27T14:51:38Z] #4058 attempt=1/2 status=200 0.380s url=https://www.myfonts.com/collections/evil-roar-font-seemly-fonts/
[2026-09-27T14:51:38Z] #4059 attempt=1/2 status=200 0.297s url=https://www.myfonts.com/collections/evil-roar-font-seemly-fonts/?tab=techSpecs
[2026-09-27T14:51:40Z] #4060 attempt=1/2 status=200 0.301s url=https://www.myfonts.com/products/regular-wood-puppets-1224267
[2026-09-27T14:51:41Z] #4061 attempt=1/2 status=200 0.321s url=https://www.myfonts.com/collections/wood-puppets-font-gassstype/
[2026-09-27T14:51:42Z] #4062 attempt=1/2 status=200 0.351s url=https://www.myfonts.com/collections/wood-puppets-font-gassstype/?tab=techSpecs
[2026-09-27T14:51:43Z] #4063 attempt=1/2 status=200 0.346s url=https://www.myfonts.com/products/regular-arraya-1224266
[2026-09-27T14:51:43Z] #4064 attempt=1/2 status=200 0.305s url=https://www.myfonts.com/collections/arraya-font-gassstype/
[2026-09-27T14:51:44Z] #4065 attempt=1/2 status=200 0.322s url=https://www.myfonts.com/collections/arraya-font-gassstype/?tab=techSpecs
[2026-09-27T14:51:45Z] #4066 attempt=1/2 status=200 0.288s url=https://www.myfonts.com/products/bold-skyvia-1223037
[2026-09-27T14:51:46Z] #4067 attempt=1/2 status=200 0.280s url=https://www.myfonts.com/collections/skyvia-font-limitype/
[2026-09-27T14:51:47Z] #4068 attempt=1/2 status=200 0.312s url=https://www.myfonts.com/collections/skyvia-font-limitype/?tab=techSpecs
[2026-09-27T14:51:48Z] #4069 attempt=1/2 status=200 0.353s url=https://www.myfonts.com/products/regular-yj-sunday-butter-1223639
[2026-09-27T14:51:49Z] #4070 attempt=1/2 status=200 0.341s url=https://www.myfonts.com/collections/yj-sunday-butter-font-yenty-jap-co/
[2026-09-27T14:51:49Z] #4071 attempt=1/2 status=200 0.313s url=https://www.myfonts.com/collections/yj-sunday-butter-font-yenty-jap-co/?tab=techSpecs
[2026-09-27T14:51:51Z] #4072 attempt=1/6 status=200 0.680s url=https://www.myfonts.com/products.json?limit=100&page=109
[2026-09-27T14:51:52Z] #4073 attempt=1/6 status=200 0.736s url=https://www.myfonts.com/products.json?limit=100&page=110
[2026-09-27T14:51:53Z] #4074 attempt=1/6 status=200 0.731s url=https://www.myfonts.com/products.json?limit=100&page=111
[2026-09-27T14:51:54Z] #4075 attempt=1/2 status=200 0.323s url=https://www.myfonts.com/products/regular-wero-1223625
[2026-09-27T14:51:55Z] #4076 attempt=1/2 status=200 0.340s url=https://www.myfonts.com/collections/wero-font-dareco-studio/
[2026-09-27T14:51:56Z] #4077 attempt=1/2 status=200 0.329s url=https://www.myfonts.com/collections/wero-font-dareco-studio/?tab=techSpecs
[2026-09-27T14:51:57Z] #4078 attempt=1/6 status=200 0.753s url=https://www.myfonts.com/products.json?limit=100&page=112
[2026-09-27T14:51:58Z] #4079 attempt=1/2 status=200 0.377s url=https://www.myfonts.com/products/regular-muzaffer-1223515
[2026-09-27T14:51:59Z] #4080 attempt=1/2 status=200 0.366s url=https://www.myfonts.com/collections/muzaffer-font-dgsa-type-foundry/
[2026-09-27T14:52:00Z] #4081 attempt=1/2 status=200 0.334s url=https://www.myfonts.com/collections/muzaffer-font-dgsa-type-foundry/?tab=techSpecs
[2026-09-27T14:52:01Z] #4082 attempt=1/2 status=200 0.276s url=https://www.myfonts.com/products/regular-tharlo-vette-1223012
[2026-09-27T14:52:01Z] #4083 attempt=1/2 status=200 0.332s url=https://www.myfonts.com/collections/tharlo-vette-font-twinletter/
[2026-09-27T14:52:02Z] #4084 attempt=1/2 status=200 0.353s url=https://www.myfonts.com/collections/tharlo-vette-font-twinletter/?tab=techSpecs
[2026-09-27T14:52:03Z] #4085 attempt=1/2 status=200 0.315s url=https://www.myfonts.com/products/regular-kopag-roso-1223011
[2026-09-27T14:52:04Z] #4086 attempt=1/2 status=200 0.398s url=https://www.myfonts.com/collections/kopag-roso-font-twinletter/
[2026-09-27T14:52:05Z] #4087 attempt=1/2 status=200 0.296s url=https://www.myfonts.com/collections/kopag-roso-font-twinletter/?tab=techSpecs
[2026-09-27T14:52:06Z] #4088 attempt=1/2 status=200 0.285s url=https://www.myfonts.com/products/regular-ez-mallowick-1223010
[2026-09-27T14:52:07Z] #4089 attempt=1/2 status=200 0.392s url=https://www.myfonts.com/collections/ez-mallowick-font-zafara-studios/
[2026-09-27T14:52:07Z] #4090 attempt=1/2 status=200 0.304s url=https://www.myfonts.com/collections/ez-mallowick-font-zafara-studios/?tab=techSpecs
[2026-09-27T14:52:09Z] #4091 attempt=1/6 status=200 0.798s url=https://www.myfonts.com/products.json?limit=100&page=113
[2026-09-27T14:52:10Z] #4092 attempt=1/2 status=200 0.323s url=https://www.myfonts.com/products/aisbeauty-safron-regular-beauty-safron-1222977
[2026-09-27T14:52:11Z] #4093 attempt=1/2 status=200 0.361s url=https://www.myfonts.com/collections/beauty-safron-font-aisyah/
[2026-09-27T14:52:11Z] #4094 attempt=1/2 status=200 0.315s url=https://www.myfonts.com/collections/beauty-safron-font-aisyah/?tab=techSpecs
[2026-09-27T14:52:13Z] #4095 attempt=1/6 status=200 0.846s url=https://www.myfonts.com/products.json?limit=100&page=114
[2026-09-27T14:52:14Z] #4096 attempt=1/2 status=200 0.331s url=https://www.myfonts.com/products/regular-morkas-1223008
[2026-09-27T14:52:15Z] #4097 attempt=1/2 status=200 0.366s url=https://www.myfonts.com/collections/morkas-font-syafbe/
[2026-09-27T14:52:15Z] #4098 attempt=1/2 status=200 0.324s url=https://www.myfonts.com/collections/morkas-font-syafbe/?tab=techSpecs
[2026-09-27T14:52:17Z] #4099 attempt=1/6 status=200 0.760s url=https://www.myfonts.com/products.json?limit=100&page=115
[2026-09-27T14:52:18Z] #4100 attempt=1/2 status=200 0.295s url=https://www.myfonts.com/products/regular-bragob-1223004
[2026-09-27T14:52:18Z] #4101 attempt=1/2 status=200 0.376s url=https://www.myfonts.com/collections/bragob-font-pandeka-studio/
[2026-09-27T14:52:19Z] #4102 attempt=1/2 status=200 0.337s url=https://www.myfonts.com/collections/bragob-font-pandeka-studio/?tab=techSpecs
[2026-09-27T14:52:20Z] #4103 attempt=1/2 status=200 0.320s url=https://www.myfonts.com/products/regular-mechora-1223003
[2026-09-27T14:52:21Z] #4104 attempt=1/2 status=200 0.363s url=https://www.myfonts.com/collections/mechora-font-rasio-studio/
[2026-09-27T14:52:22Z] #4105 attempt=1/2 status=200 0.270s url=https://www.myfonts.com/collections/mechora-font-rasio-studio/?tab=techSpecs
[2026-09-27T14:52:23Z] #4106 attempt=1/2 status=200 0.329s url=https://www.myfonts.com/products/regular-zclotve-1223002
[2026-09-27T14:52:24Z] #4107 attempt=1/2 status=200 0.355s url=https://www.myfonts.com/collections/zclotve-font-yumnacreative/
[2026-09-27T14:52:24Z] #4108 attempt=1/2 status=200 0.279s url=https://www.myfonts.com/collections/zclotve-font-yumnacreative/?tab=techSpecs
[2026-09-27T14:52:26Z] #4109 attempt=1/2 status=200 0.305s url=https://www.myfonts.com/products/regular-mirosela-1222976
[2026-09-27T14:52:26Z] #4110 attempt=1/2 status=200 0.329s url=https://www.myfonts.com/collections/mirosela-font-grezline-studio/
[2026-09-27T14:52:27Z] #4111 attempt=1/2 status=200 0.328s url=https://www.myfonts.com/collections/mirosela-font-grezline-studio/?tab=techSpecs
[2026-09-27T14:52:29Z] #4112 attempt=1/6 status=200 0.765s url=https://www.myfonts.com/products.json?limit=100&page=116
[2026-09-27T14:52:29Z] #4113 attempt=1/2 status=200 0.307s url=https://www.myfonts.com/products/regular-chunky-bolde-1224526
[2026-09-27T14:52:30Z] #4114 attempt=1/2 status=200 0.309s url=https://www.myfonts.com/collections/chunky-bolde-font-zeenesia-studio/
[2026-09-27T14:52:31Z] #4115 attempt=1/2 status=200 0.298s url=https://www.myfonts.com/collections/chunky-bolde-font-zeenesia-studio/?tab=techSpecs
[2026-09-27T14:52:33Z] #4116 attempt=1/6 status=200 0.936s url=https://www.myfonts.com/products.json?limit=100&page=117
[2026-09-27T14:52:34Z] #4117 attempt=1/6 status=200 0.720s url=https://www.myfonts.com/products.json?limit=100&page=118
[2026-09-27T14:52:35Z] #4118 attempt=1/2 status=200 0.276s url=https://www.myfonts.com/products/regular-her-majeste-1224270
[2026-09-27T14:52:35Z] #4119 attempt=1/2 status=200 0.385s url=https://www.myfonts.com/collections/her-majeste-font-jamalodin/
[2026-09-27T14:52:36Z] #4120 attempt=1/2 status=200 0.297s url=https://www.myfonts.com/collections/her-majeste-font-jamalodin/?tab=techSpecs
[2026-09-27T14:52:37Z] #4121 attempt=1/2 status=200 0.292s url=https://www.myfonts.com/products/bold-crema-grotesk-1224269
[2026-09-27T14:52:38Z] #4122 attempt=1/2 status=200 0.340s url=https://www.myfonts.com/collections/crema-grotesk-font-youandigraphics/
[2026-09-27T14:52:39Z] #4123 attempt=1/2 status=200 0.273s url=https://www.myfonts.com/collections/crema-grotesk-font-youandigraphics/?tab=techSpecs
[2026-09-27T14:52:40Z] #4124 attempt=1/2 status=200 0.293s url=https://www.myfonts.com/products/regular-moarlens-1224291
[2026-09-27T14:52:41Z] #4125 attempt=1/2 status=200 0.348s url=https://www.myfonts.com/collections/moarlens-font-sibelumpagi/
[2026-09-27T14:52:41Z] #4126 attempt=1/2 status=200 0.298s url=https://www.myfonts.com/collections/moarlens-font-sibelumpagi/?tab=techSpecs
[2026-09-27T14:52:42Z] #4127 attempt=1/2 status=200 0.290s url=https://www.myfonts.com/products/regular-south-coast-1224265
[2026-09-27T14:52:43Z] #4128 attempt=1/2 status=200 0.326s url=https://www.myfonts.com/collections/south-coast-font-gassstype/
[2026-09-27T14:52:44Z] #4129 attempt=1/2 status=200 0.340s url=https://www.myfonts.com/collections/south-coast-font-gassstype/?tab=techSpecs
[2026-09-27T14:52:45Z] #4130 attempt=1/2 status=200 0.278s url=https://www.myfonts.com/products/varsity-sports-varsity-valor-1224336
[2026-09-27T14:52:46Z] #4131 attempt=1/2 status=200 0.329s url=https://www.myfonts.com/collections/varsity-valor-font-creative-glyph-studio/
[2026-09-27T14:52:46Z] #4132 attempt=1/2 status=200 0.357s url=https://www.myfonts.com/collections/varsity-valor-font-creative-glyph-studio/?tab=techSpecs
[2026-09-27T14:52:48Z] #4133 attempt=1/2 status=200 0.330s url=https://www.myfonts.com/products/regular-grecho-turbo-1224290
[2026-09-27T14:52:48Z] #4134 attempt=1/2 status=200 0.275s url=https://www.myfonts.com/collections/grecho-turbo-font-flawlessandco/
[2026-09-27T14:52:49Z] #4135 attempt=1/2 status=200 0.344s url=https://www.myfonts.com/collections/grecho-turbo-font-flawlessandco/?tab=techSpecs
[2026-09-27T14:52:50Z] #4136 attempt=1/2 status=200 0.345s url=https://www.myfonts.com/products/light-capital-marmar-1224332
[2026-09-27T14:52:51Z] #4137 attempt=1/2 status=200 0.332s url=https://www.myfonts.com/collections/marmar-font-dgsa-type-foundry/
[2026-09-27T14:52:52Z] #4138 attempt=1/2 status=200 0.349s url=https://www.myfonts.com/collections/marmar-font-dgsa-type-foundry/?tab=techSpecs
[2026-09-27T14:52:53Z] #4139 attempt=1/2 status=200 0.346s url=https://www.myfonts.com/products/regular-nothing-comes-easy-1224261
[2026-09-27T14:52:54Z] #4140 attempt=1/2 status=200 0.352s url=https://www.myfonts.com/collections/nothing-comes-easy-font-muhammad-azhar-khatri/
[2026-09-27T14:52:54Z] #4141 attempt=1/2 status=200 0.318s url=https://www.myfonts.com/collections/nothing-comes-easy-font-muhammad-azhar-khatri/?tab=techSpecs
[2026-09-27T14:52:55Z] #4142 attempt=1/2 status=200 0.287s url=https://www.myfonts.com/products/regular-rovelyn-1224315
[2026-09-27T14:52:56Z] #4143 attempt=1/2 status=200 0.341s url=https://www.myfonts.com/collections/rovelyn-font-cut-story/
[2026-09-27T14:52:57Z] #4144 attempt=1/2 status=200 0.282s url=https://www.myfonts.com/collections/rovelyn-font-cut-story/?tab=techSpecs
[2026-09-27T14:52:58Z] #4145 attempt=1/2 status=200 0.309s url=https://www.myfonts.com/products/trakia-regular-trakya-1224311
[2026-09-27T14:52:59Z] #4146 attempt=1/2 status=200 0.311s url=https://www.myfonts.com/collections/trakya-font-dgsa-type-foundry/
[2026-09-27T14:52:59Z] #4147 attempt=1/2 status=200 0.335s url=https://www.myfonts.com/collections/trakya-font-dgsa-type-foundry/?tab=techSpecs
[2026-09-27T14:53:02Z] #4148 attempt=1/2 status=200 0.339s url=https://www.myfonts.com/products/mustinya-complete-family-package-1224072
[2026-09-27T14:53:02Z] #4149 attempt=1/2 status=200 0.392s url=https://www.myfonts.com/collections/mustinya-font-zafira-type/
[2026-09-27T14:53:03Z] #4150 attempt=1/2 status=200 0.399s url=https://www.myfonts.com/collections/mustinya-font-zafira-type/?tab=techSpecs
[2026-09-27T14:53:05Z] #4151 attempt=1/2 status=200 0.373s url=https://www.myfonts.com/products/bensin-rustic-complete-family-package-1223806
[2026-09-27T14:53:06Z] #4152 attempt=1/2 status=200 0.428s url=https://www.myfonts.com/collections/bensin-rustic-font-kalam/
[2026-09-27T14:53:06Z] #4153 attempt=1/2 status=200 0.336s url=https://www.myfonts.com/collections/bensin-rustic-font-kalam/?tab=techSpecs
[2026-09-27T14:53:09Z] #4154 attempt=1/6 status=200 0.909s url=https://www.myfonts.com/products.json?limit=100&page=119
[2026-09-27T14:53:10Z] #4155 attempt=1/2 status=200 0.308s url=https://www.myfonts.com/products/donut-arabic-complete-family-package-1224312
[2026-09-27T14:53:10Z] #4156 attempt=1/2 status=200 0.349s url=https://www.myfonts.com/collections/donut-arabic-font-aliipey/
[2026-09-27T14:53:11Z] #4157 attempt=1/2 status=200 0.644s url=https://www.myfonts.com/collections/donut-arabic-font-aliipey/?tab=techSpecs
[2026-09-27T14:53:13Z] #4158 attempt=1/2 status=200 0.354s url=https://www.myfonts.com/products/regular-tuank-kopinya-1223317
[2026-09-27T14:53:14Z] #4159 attempt=1/2 status=200 0.317s url=https://www.myfonts.com/collections/tuank-kopinya-font-product-type/
[2026-09-27T14:53:14Z] #4160 attempt=1/2 status=200 0.279s url=https://www.myfonts.com/collections/tuank-kopinya-font-product-type/?tab=techSpecs
[2026-09-27T14:53:16Z] #4161 attempt=1/6 status=200 0.954s url=https://www.myfonts.com/products.json?limit=100&page=120
[2026-09-27T14:53:17Z] #4162 attempt=1/2 status=200 0.283s url=https://www.myfonts.com/products/regular-aghor-1223009
[2026-09-27T14:53:18Z] #4163 attempt=1/2 status=200 0.336s url=https://www.myfonts.com/collections/aghor-font-dareco-studio/
[2026-09-27T14:53:18Z] #4164 attempt=1/2 status=200 0.295s url=https://www.myfonts.com/collections/aghor-font-dareco-studio/?tab=techSpecs
[2026-09-27T14:53:20Z] #4165 attempt=1/2 status=200 0.328s url=https://www.myfonts.com/products/regular-ostera-1222886
[2026-09-27T14:53:20Z] #4166 attempt=1/2 status=200 0.359s url=https://www.myfonts.com/collections/ostera-font-modikstype/
[2026-09-27T14:53:21Z] #4167 attempt=1/2 status=200 0.337s url=https://www.myfonts.com/collections/ostera-font-modikstype/?tab=techSpecs
[2026-09-27T14:53:22Z] #4168 attempt=1/2 status=200 0.303s url=https://www.myfonts.com/products/regular-luckydip-1222906
[2026-09-27T14:53:23Z] #4169 attempt=1/2 status=200 0.356s url=https://www.myfonts.com/collections/luckydip-font-set-sail-studios/
[2026-09-27T14:53:24Z] #4170 attempt=1/2 status=200 0.324s url=https://www.myfonts.com/collections/luckydip-font-set-sail-studios/?tab=techSpecs
[2026-09-27T14:53:25Z] #4171 attempt=1/2 status=200 0.310s url=https://www.myfonts.com/products/regular-kotaro-diaper-1222821
[2026-09-27T14:53:26Z] #4172 attempt=1/2 status=200 0.370s url=https://www.myfonts.com/collections/kotaro-diaper-font-mvmet/
[2026-09-27T14:53:27Z] #4173 attempt=1/2 status=200 0.379s url=https://www.myfonts.com/collections/kotaro-diaper-font-mvmet/?tab=techSpecs
[2026-09-27T14:53:28Z] #4174 attempt=1/2 status=200 0.378s url=https://www.myfonts.com/products/regular-lovely-whiteboard-1222923
[2026-09-27T14:53:28Z] #4175 attempt=1/2 status=200 0.301s url=https://www.myfonts.com/collections/lovely-whiteboard-font-mvmet/
[2026-09-27T14:53:29Z] #4176 attempt=1/2 status=200 0.328s url=https://www.myfonts.com/collections/lovely-whiteboard-font-mvmet/?tab=techSpecs
[2026-09-27T14:53:30Z] #4177 attempt=1/2 status=200 0.339s url=https://www.myfonts.com/products/regular-prak-trotoer-1222822
[2026-09-27T14:53:31Z] #4178 attempt=1/2 status=200 0.310s url=https://www.myfonts.com/collections/prak-trotoer-font-praktypes/
[2026-09-27T14:53:32Z] #4179 attempt=1/2 status=200 0.340s url=https://www.myfonts.com/collections/prak-trotoer-font-praktypes/?tab=techSpecs
[2026-09-27T14:53:33Z] #4180 attempt=1/2 status=200 0.294s url=https://www.myfonts.com/products/regular-kroco-casper-1222879
[2026-09-27T14:53:34Z] #4181 attempt=1/2 status=200 0.366s url=https://www.myfonts.com/collections/kroco-casper-font-tini-fitriani/
[2026-09-27T14:53:34Z] #4182 attempt=1/2 status=200 0.331s url=https://www.myfonts.com/collections/kroco-casper-font-tini-fitriani/?tab=techSpecs
[2026-09-27T14:53:36Z] #4183 attempt=1/2 status=200 0.376s url=https://www.myfonts.com/products/regular-varqen-1222820
[2026-09-27T14:53:36Z] #4184 attempt=1/2 status=200 0.316s url=https://www.myfonts.com/collections/varqen-font-dgsa-type-foundry/
[2026-09-27T14:53:37Z] #4185 attempt=1/2 status=200 0.375s url=https://www.myfonts.com/collections/varqen-font-dgsa-type-foundry/?tab=techSpecs
[2026-09-27T14:53:38Z] #4186 attempt=1/2 status=200 0.278s url=https://www.myfonts.com/products/regular-sevran-1222823
[2026-09-27T14:53:39Z] #4187 attempt=1/2 status=200 0.373s url=https://www.myfonts.com/collections/sevran-font-dgsa-type-foundry/
[2026-09-27T14:53:40Z] #4188 attempt=1/2 status=200 0.268s url=https://www.myfonts.com/collections/sevran-font-dgsa-type-foundry/?tab=techSpecs
[2026-09-27T14:53:41Z] #4189 attempt=1/2 status=200 0.346s url=https://www.myfonts.com/products/regular-raw-stroke-cyrillic-1222917
[2026-09-27T14:53:41Z] #4190 attempt=1/2 status=200 0.354s url=https://www.myfonts.com/collections/raw-stroke-cyrillic-font-ira-dvilyuk/
[2026-09-27T14:53:42Z] #4191 attempt=1/2 status=200 0.336s url=https://www.myfonts.com/collections/raw-stroke-cyrillic-font-ira-dvilyuk/?tab=techSpecs
[2026-09-27T14:53:44Z] #4192 attempt=1/2 status=200 0.525s url=https://www.myfonts.com/products/xxxx-package-1222791
[2026-09-27T14:53:45Z] #4193 attempt=1/2 status=200 0.755s url=https://www.myfonts.com/collections/wtf-hammer-font-without-foundry/
[2026-09-27T14:53:46Z] #4194 attempt=1/2 status=200 0.481s url=https://www.myfonts.com/collections/wtf-hammer-font-without-foundry/?tab=techSpecs
[2026-09-27T14:53:48Z] #4195 attempt=1/2 status=200 0.411s url=https://www.myfonts.com/products/olyford-pro-variable-complete-family-package-1222765
[2026-09-27T14:53:48Z] #4196 attempt=1/2 status=200 0.381s url=https://www.myfonts.com/collections/olyford-pro-variable-font-nicolass-fonts/
[2026-09-27T14:53:49Z] #4197 attempt=1/2 status=200 0.338s url=https://www.myfonts.com/collections/olyford-pro-variable-font-nicolass-fonts/?tab=techSpecs
[2026-09-27T14:53:51Z] #4198 attempt=1/2 status=200 0.367s url=https://www.myfonts.com/products/as-wca26-complete-family-package-1222761
[2026-09-27T14:53:52Z] #4199 attempt=1/2 status=200 0.361s url=https://www.myfonts.com/collections/as-wc26-font-sallam-type/
[2026-09-27T14:53:52Z] #4200 attempt=1/2 status=200 0.296s url=https://www.myfonts.com/collections/as-wc26-font-sallam-type/?tab=techSpecs
[2026-09-27T14:53:54Z] #4201 attempt=1/2 status=200 0.368s url=https://www.myfonts.com/products/mellow-munch-complete-family-package-1222808
[2026-09-27T14:53:55Z] #4202 attempt=1/2 status=200 0.410s url=https://www.myfonts.com/collections/mellow-munch-font-cocodesign/
[2026-09-27T14:53:55Z] #4203 attempt=1/2 status=200 0.337s url=https://www.myfonts.com/collections/mellow-munch-font-cocodesign/?tab=techSpecs
[2026-09-27T14:53:57Z] #4204 attempt=1/2 status=200 0.384s url=https://www.myfonts.com/products/bulgash-complete-family-package-1222811
[2026-09-27T14:53:58Z] #4205 attempt=1/2 status=200 0.374s url=https://www.myfonts.com/collections/bulgash-font-zaain-type/
[2026-09-27T14:53:59Z] #4206 attempt=1/2 status=200 0.317s url=https://www.myfonts.com/collections/bulgash-font-zaain-type/?tab=techSpecs
[2026-09-27T14:54:00Z] #4207 attempt=1/2 status=200 0.310s url=https://www.myfonts.com/products/regular-hidden-stories-1222806
[2026-09-27T14:54:01Z] #4208 attempt=1/2 status=200 0.391s url=https://www.myfonts.com/collections/hidden-stories-font-littlehand/
[2026-09-27T14:54:02Z] #4209 attempt=1/2 status=200 0.294s url=https://www.myfonts.com/collections/hidden-stories-font-littlehand/?tab=techSpecs
[2026-09-27T14:54:03Z] #4210 attempt=1/2 status=200 0.320s url=https://www.myfonts.com/products/regular-damoria-1222805
[2026-09-27T14:54:04Z] #4211 attempt=1/2 status=200 0.317s url=https://www.myfonts.com/collections/damoria-font-maulana-creative/
[2026-09-27T14:54:04Z] #4212 attempt=1/2 status=200 0.327s url=https://www.myfonts.com/collections/damoria-font-maulana-creative/?tab=techSpecs
[2026-09-27T14:54:05Z] #4213 attempt=1/2 status=200 0.323s url=https://www.myfonts.com/products/regular-geometric-branding-1222807
[2026-09-27T14:54:06Z] #4214 attempt=1/2 status=200 0.330s url=https://www.myfonts.com/collections/geometric-branding-font-dareco-studio/
[2026-09-27T14:54:07Z] #4215 attempt=1/2 status=200 0.318s url=https://www.myfonts.com/collections/geometric-branding-font-dareco-studio/?tab=techSpecs
[2026-09-27T14:54:08Z] #4216 attempt=1/2 status=200 0.308s url=https://www.myfonts.com/products/regular-ut-melfina-1222804
[2026-09-27T14:54:09Z] #4217 attempt=1/2 status=200 0.416s url=https://www.myfonts.com/collections/ut-melfina-font-unitype-studio/
[2026-09-27T14:54:10Z] #4218 attempt=1/2 status=200 0.305s url=https://www.myfonts.com/collections/ut-melfina-font-unitype-studio/?tab=techSpecs
[2026-09-27T14:54:11Z] #4219 attempt=1/2 status=200 0.371s url=https://www.myfonts.com/products/corsario-variable-complete-family-package-1222757
[2026-09-27T14:54:12Z] #4220 attempt=1/2 status=200 0.364s url=https://www.myfonts.com/collections/corsariovf-font-floodfonts/
[2026-09-27T14:54:12Z] #4221 attempt=1/2 status=200 0.340s url=https://www.myfonts.com/collections/corsariovf-font-floodfonts/?tab=techSpecs
[2026-09-27T14:54:14Z] #4222 attempt=1/2 status=200 0.399s url=https://www.myfonts.com/products/mochimo-complete-family-package-1222743
[2026-09-27T14:54:15Z] #4223 attempt=1/2 status=200 0.404s url=https://www.myfonts.com/collections/mochimo-font-fargun-studio/
[2026-09-27T14:54:16Z] #4224 attempt=1/2 status=200 0.428s url=https://www.myfonts.com/collections/mochimo-font-fargun-studio/?tab=techSpecs
[2026-09-27T14:54:18Z] #4225 attempt=1/2 status=200 0.900s url=https://www.myfonts.com/products/the-modern-type-duo-package-1222756
[2026-09-27T14:54:18Z] #4226 attempt=1/2 status=404 0.243s url=https://www.myfonts.com/collections/the-modern-type-duo-font-fontop
[2026-09-27T14:54:19Z] #4227 attempt=1/2 status=200 0.378s url=https://www.myfonts.com/products/flamor-complete-family-package-1222635
[2026-09-27T14:54:20Z] #4228 attempt=1/2 status=200 0.363s url=https://www.myfonts.com/collections/flamor-font-artisan-themes/
[2026-09-27T14:54:21Z] #4229 attempt=1/2 status=200 0.366s url=https://www.myfonts.com/collections/flamor-font-artisan-themes/?tab=techSpecs
[2026-09-27T14:54:22Z] #4230 attempt=1/2 status=200 0.377s url=https://www.myfonts.com/products/hagios-complete-family-package-1222658
[2026-09-27T14:54:23Z] #4231 attempt=1/2 status=200 0.385s url=https://www.myfonts.com/collections/hagios-font-dgtype/
[2026-09-27T14:54:24Z] #4232 attempt=1/2 status=200 0.422s url=https://www.myfonts.com/collections/hagios-font-dgtype/?tab=techSpecs
[2026-09-27T14:54:26Z] #4233 attempt=1/2 status=200 0.310s url=https://www.myfonts.com/products/informix-complete-family-package-1222607
[2026-09-27T14:54:26Z] #4234 attempt=1/2 status=200 0.412s url=https://www.myfonts.com/collections/informix-font-arterfak-project/
[2026-09-27T14:54:27Z] #4235 attempt=1/2 status=200 0.325s url=https://www.myfonts.com/collections/informix-font-arterfak-project/?tab=techSpecs
[2026-09-27T14:54:29Z] #4236 attempt=1/2 status=200 0.364s url=https://www.myfonts.com/products/moderica-complete-family-package-1222624
[2026-09-27T14:54:30Z] #4237 attempt=1/2 status=200 0.399s url=https://www.myfonts.com/collections/moderica-font-tini-fitriani/
[2026-09-27T14:54:30Z] #4238 attempt=1/2 status=200 0.349s url=https://www.myfonts.com/collections/moderica-font-tini-fitriani/?tab=techSpecs
[2026-09-27T14:54:32Z] #4239 attempt=1/2 status=200 0.390s url=https://www.myfonts.com/products/winning-deal-pro-complete-family-package-1222552
[2026-09-27T14:54:33Z] #4240 attempt=1/2 status=200 0.487s url=https://www.myfonts.com/collections/winning-deal-pro-font-hanoded/
[2026-09-27T14:54:34Z] #4241 attempt=1/2 status=200 0.320s url=https://www.myfonts.com/collections/winning-deal-pro-font-hanoded/?tab=techSpecs
[2026-09-27T14:54:35Z] #4242 attempt=1/2 status=200 0.412s url=https://www.myfonts.com/products/voorty-complete-family-package-1222642
[2026-09-27T14:54:36Z] #4243 attempt=1/2 status=200 0.465s url=https://www.myfonts.com/collections/voorty-font-bimaksara/
[2026-09-27T14:54:37Z] #4244 attempt=1/2 status=200 0.384s url=https://www.myfonts.com/collections/voorty-font-bimaksara/?tab=techSpecs
[2026-09-27T14:54:39Z] #4245 attempt=1/2 status=200 0.361s url=https://www.myfonts.com/products/bree-devanagari-complete-family-package-1222748
[2026-09-27T14:54:39Z] #4246 attempt=1/2 status=200 0.444s url=https://www.myfonts.com/collections/bree-devanagari-font-type-together/
[2026-09-27T14:54:40Z] #4247 attempt=1/2 status=200 0.374s url=https://www.myfonts.com/collections/bree-devanagari-font-type-together/?tab=techSpecs
[2026-09-27T14:54:42Z] #4248 attempt=1/2 status=200 0.348s url=https://www.myfonts.com/products/plumo-complete-family-package-1222668
[2026-09-27T14:54:43Z] #4249 attempt=1/2 status=200 0.366s url=https://www.myfonts.com/collections/plumo-font-ethylene/
[2026-09-27T14:54:43Z] #4250 attempt=1/2 status=200 0.393s url=https://www.myfonts.com/collections/plumo-font-ethylene/?tab=techSpecs
[2026-09-27T14:54:45Z] #4251 attempt=1/2 status=200 0.396s url=https://www.myfonts.com/products/veyron-complete-family-package-1222628
[2026-09-27T14:54:46Z] #4252 attempt=1/2 status=200 0.391s url=https://www.myfonts.com/collections/veyron-font-steptype/
[2026-09-27T14:54:46Z] #4253 attempt=1/2 status=200 0.308s url=https://www.myfonts.com/collections/veyron-font-steptype/?tab=techSpecs
[2026-09-27T14:54:48Z] #4254 attempt=1/2 status=200 0.336s url=https://www.myfonts.com/products/crunchero-complete-family-package-1222599
[2026-09-27T14:54:49Z] #4255 attempt=1/2 status=200 0.373s url=https://www.myfonts.com/collections/crunchero-font-steptype/
[2026-09-27T14:54:50Z] #4256 attempt=1/2 status=200 0.288s url=https://www.myfonts.com/collections/crunchero-font-steptype/?tab=techSpecs
[2026-09-27T14:54:51Z] #4257 attempt=1/2 status=200 0.356s url=https://www.myfonts.com/products/crafted-storybook-complete-family-package-1222639
[2026-09-27T14:54:52Z] #4258 attempt=1/2 status=200 0.409s url=https://www.myfonts.com/collections/crafted-storybook-font-bale-type/
[2026-09-27T14:54:53Z] #4259 attempt=1/2 status=200 0.350s url=https://www.myfonts.com/collections/crafted-storybook-font-bale-type/?tab=techSpecs
[2026-09-27T14:54:54Z] #4260 attempt=1/2 status=200 0.342s url=https://www.myfonts.com/products/chevin-pro-complete-family-package-1222585
[2026-09-27T14:54:55Z] #4261 attempt=1/2 status=200 0.549s url=https://www.myfonts.com/collections/chevin-pro-font-g-type/
[2026-09-27T14:54:56Z] #4262 attempt=1/2 status=200 0.490s url=https://www.myfonts.com/collections/chevin-pro-font-g-type/?tab=techSpecs
[2026-09-27T14:54:58Z] #4263 attempt=1/2 status=200 0.310s url=https://www.myfonts.com/products/nestora-sharp-complete-family-package-1222562
[2026-09-27T14:54:59Z] #4264 attempt=1/2 status=200 0.419s url=https://www.myfonts.com/collections/nestora-sharp-font-steptype/
[2026-09-27T14:54:59Z] #4265 attempt=1/2 status=200 0.323s url=https://www.myfonts.com/collections/nestora-sharp-font-steptype/?tab=techSpecs
[2026-09-27T14:55:01Z] #4266 attempt=1/2 status=200 0.361s url=https://www.myfonts.com/products/regular-astedy-victoria-1222598
[2026-09-27T14:55:02Z] #4267 attempt=1/2 status=200 0.375s url=https://www.myfonts.com/collections/astedy-victoria-font-sensatype-studio/
[2026-09-27T14:55:02Z] #4268 attempt=1/2 status=200 0.314s url=https://www.myfonts.com/collections/astedy-victoria-font-sensatype-studio/?tab=techSpecs
[2026-09-27T14:55:04Z] #4269 attempt=1/6 status=200 0.834s url=https://www.myfonts.com/products.json?limit=100&page=121
[2026-09-27T14:55:05Z] #4270 attempt=1/2 status=200 0.341s url=https://www.myfonts.com/products/regular-tofu-chips-1222667
[2026-09-27T14:55:06Z] #4271 attempt=1/2 status=200 0.366s url=https://www.myfonts.com/collections/tofu-chips-font-epiclinez/
[2026-09-27T14:55:07Z] #4272 attempt=1/2 status=200 0.307s url=https://www.myfonts.com/collections/tofu-chips-font-epiclinez/?tab=techSpecs
[2026-09-27T14:55:08Z] #4273 attempt=1/2 status=200 0.298s url=https://www.myfonts.com/products/bold-kineks-symbol-1222651
[2026-09-27T14:55:08Z] #4274 attempt=1/2 status=200 0.318s url=https://www.myfonts.com/collections/kineks-symbol-font-bykineks/
[2026-09-27T14:55:09Z] #4275 attempt=1/2 status=200 0.326s url=https://www.myfonts.com/collections/kineks-symbol-font-bykineks/?tab=techSpecs
[2026-09-27T14:55:10Z] #4276 attempt=1/2 status=200 0.316s url=https://www.myfonts.com/products/regular-ez-lintwell-1222610
[2026-09-27T14:55:11Z] #4277 attempt=1/2 status=200 0.339s url=https://www.myfonts.com/collections/ez-lintwell-font-zafara-studios/
[2026-09-27T14:55:12Z] #4278 attempt=1/2 status=200 0.271s url=https://www.myfonts.com/collections/ez-lintwell-font-zafara-studios/?tab=techSpecs
[2026-09-27T14:55:13Z] #4279 attempt=1/2 status=200 0.294s url=https://www.myfonts.com/products/regular-effervescent-1222602
[2026-09-27T14:55:14Z] #4280 attempt=1/2 status=200 0.358s url=https://www.myfonts.com/collections/effervescent-font-gassstype/
[2026-09-27T14:55:14Z] #4281 attempt=1/2 status=200 0.324s url=https://www.myfonts.com/collections/effervescent-font-gassstype/?tab=techSpecs
[2026-09-27T14:55:16Z] #4282 attempt=1/2 status=200 0.639s url=https://www.myfonts.com/products/hyperspace-race-wide-family-package-1222741
[2026-09-27T14:55:17Z] #4283 attempt=1/2 status=200 0.830s url=https://www.myfonts.com/collections/hyperspace-race-font-swell-type/
[2026-09-27T14:55:18Z] #4284 attempt=1/2 status=200 0.706s url=https://www.myfonts.com/collections/hyperspace-race-font-swell-type/?tab=techSpecs
[2026-09-27T14:55:20Z] #4285 attempt=1/2 status=200 0.429s url=https://www.myfonts.com/products/dectone-complete-family-package-1222672
[2026-09-27T14:55:21Z] #4286 attempt=1/2 status=200 0.461s url=https://www.myfonts.com/collections/dectone-font-flawlessandco/
[2026-09-27T14:55:22Z] #4287 attempt=1/2 status=200 0.423s url=https://www.myfonts.com/collections/dectone-font-flawlessandco/?tab=techSpecs
[2026-09-27T14:55:24Z] #4288 attempt=1/2 status=200 0.409s url=https://www.myfonts.com/products/fox-bunko-complete-family-package-1222686
[2026-09-27T14:55:24Z] #4289 attempt=1/2 status=200 0.452s url=https://www.myfonts.com/collections/fox-bunko-font-fox7/
[2026-09-27T14:55:25Z] #4290 attempt=1/2 status=200 0.424s url=https://www.myfonts.com/collections/fox-bunko-font-fox7/?tab=techSpecs
[2026-09-27T14:55:27Z] #4291 attempt=1/2 status=200 0.361s url=https://www.myfonts.com/products/buchy-kids-complete-family-package-1222683
[2026-09-27T14:55:28Z] #4292 attempt=1/2 status=200 0.334s url=https://www.myfonts.com/collections/buchy-kids-font-font-liner/
[2026-09-27T14:55:29Z] #4293 attempt=1/2 status=200 0.374s url=https://www.myfonts.com/collections/buchy-kids-font-font-liner/?tab=techSpecs
[2026-09-27T14:55:30Z] #4294 attempt=1/2 status=200 0.316s url=https://www.myfonts.com/products/regular-blaze-fury-1222611
[2026-09-27T14:55:31Z] #4295 attempt=1/2 status=200 0.381s url=https://www.myfonts.com/collections/blaze-fury-font-ferry-ardana-putra/
[2026-09-27T14:55:32Z] #4296 attempt=1/2 status=200 0.297s url=https://www.myfonts.com/collections/blaze-fury-font-ferry-ardana-putra/?tab=techSpecs
[2026-09-27T14:55:33Z] #4297 attempt=1/2 status=200 0.299s url=https://www.myfonts.com/products/regular-shook-ones-1222656
[2026-09-27T14:55:33Z] #4298 attempt=1/2 status=200 0.337s url=https://www.myfonts.com/collections/shook-ones-font-crumphand/
[2026-09-27T14:55:34Z] #4299 attempt=1/2 status=200 0.360s url=https://www.myfonts.com/collections/shook-ones-font-crumphand/?tab=techSpecs
[2026-09-27T14:55:35Z] #4300 attempt=1/2 status=200 0.327s url=https://www.myfonts.com/products/regular-berry-boy-1222671
[2026-09-27T14:55:36Z] #4301 attempt=1/2 status=200 0.318s url=https://www.myfonts.com/collections/berry-boy-font-fikryal/
[2026-09-27T14:55:37Z] #4302 attempt=1/2 status=200 0.377s url=https://www.myfonts.com/collections/berry-boy-font-fikryal/?tab=techSpecs
[2026-09-27T14:55:38Z] #4303 attempt=1/2 status=200 0.319s url=https://www.myfonts.com/products/regular-ut-rockgym-1222623
[2026-09-27T14:55:39Z] #4304 attempt=1/2 status=200 0.339s url=https://www.myfonts.com/collections/ut-rockgym-font-unitype-studio/
[2026-09-27T14:55:39Z] #4305 attempt=1/2 status=200 0.318s url=https://www.myfonts.com/collections/ut-rockgym-font-unitype-studio/?tab=techSpecs
[2026-09-27T14:55:40Z] #4306 attempt=1/2 status=200 0.287s url=https://www.myfonts.com/products/regular-osseira-1222634
[2026-09-27T14:55:41Z] #4307 attempt=1/2 status=200 0.300s url=https://www.myfonts.com/collections/osseira-font-arif-novianto/
[2026-09-27T14:55:42Z] #4308 attempt=1/2 status=200 0.331s url=https://www.myfonts.com/collections/osseira-font-arif-novianto/?tab=techSpecs
[2026-09-27T14:55:43Z] #4309 attempt=1/2 status=200 0.277s url=https://www.myfonts.com/products/regular-palm-tango-1222622
[2026-09-27T14:55:44Z] #4310 attempt=1/2 status=200 0.358s url=https://www.myfonts.com/collections/palm-tango-font-unitype-studio/
[2026-09-27T14:55:44Z] #4311 attempt=1/2 status=200 0.373s url=https://www.myfonts.com/collections/palm-tango-font-unitype-studio/?tab=techSpecs
[2026-09-27T14:55:46Z] #4312 attempt=1/6 status=200 0.873s url=https://www.myfonts.com/products.json?limit=100&page=122
[2026-09-27T14:55:47Z] #4313 attempt=1/2 status=200 0.353s url=https://www.myfonts.com/products/regular-grogol-1222666
[2026-09-27T14:55:48Z] #4314 attempt=1/2 status=200 0.310s url=https://www.myfonts.com/collections/grogol-font-drizy-font/
[2026-09-27T14:55:49Z] #4315 attempt=1/2 status=200 0.326s url=https://www.myfonts.com/collections/grogol-font-drizy-font/?tab=techSpecs
[2026-09-27T14:55:50Z] #4316 attempt=1/2 status=200 0.385s url=https://www.myfonts.com/products/medium-curious-kitty-1222632
[2026-09-27T14:55:50Z] #4317 attempt=1/2 status=200 0.349s url=https://www.myfonts.com/collections/curious-kitty-font-aisyah/
[2026-09-27T14:55:51Z] #4318 attempt=1/2 status=200 0.305s url=https://www.myfonts.com/collections/curious-kitty-font-aisyah/?tab=techSpecs
[2026-09-27T14:55:52Z] #4319 attempt=1/2 status=200 0.351s url=https://www.myfonts.com/products/regular-alkonite-1222657
[2026-09-27T14:55:53Z] #4320 attempt=1/2 status=200 0.370s url=https://www.myfonts.com/collections/alkonite-font-artoni/
[2026-09-27T14:55:54Z] #4321 attempt=1/2 status=200 0.303s url=https://www.myfonts.com/collections/alkonite-font-artoni/?tab=techSpecs
[2026-09-27T14:55:55Z] #4322 attempt=1/2 status=200 0.378s url=https://www.myfonts.com/products/regular-maristein-1222682
[2026-09-27T14:55:56Z] #4323 attempt=1/2 status=200 0.305s url=https://www.myfonts.com/collections/maristein-font-flawlessandco/
[2026-09-27T14:55:56Z] #4324 attempt=1/2 status=200 0.315s url=https://www.myfonts.com/collections/maristein-font-flawlessandco/?tab=techSpecs
[2026-09-27T14:55:58Z] #4325 attempt=1/2 status=200 0.382s url=https://www.myfonts.com/products/regular-blackbazz-1222638
[2026-09-27T14:55:58Z] #4326 attempt=1/2 status=200 0.328s url=https://www.myfonts.com/collections/blackbazz-font-atasi-studio/
[2026-09-27T14:55:59Z] #4327 attempt=1/2 status=200 0.300s url=https://www.myfonts.com/collections/blackbazz-font-atasi-studio/?tab=techSpecs
[2026-09-27T14:56:00Z] #4328 attempt=1/2 status=200 0.317s url=https://www.myfonts.com/products/regular-madness-scratch-1222627
[2026-09-27T14:56:01Z] #4329 attempt=1/2 status=200 0.379s url=https://www.myfonts.com/collections/madness-scratch-font-tini-fitriani/
[2026-09-27T14:56:02Z] #4330 attempt=1/2 status=200 0.327s url=https://www.myfonts.com/collections/madness-scratch-font-tini-fitriani/?tab=techSpecs
[2026-09-27T14:56:03Z] #4331 attempt=1/2 status=200 0.482s url=https://www.myfonts.com/products/regular-nika-marker-1222631
[2026-09-27T14:56:04Z] #4332 attempt=1/2 status=200 0.382s url=https://www.myfonts.com/collections/nika-marker-font-611-studio/
[2026-09-27T14:56:04Z] #4333 attempt=1/2 status=200 0.282s url=https://www.myfonts.com/collections/nika-marker-font-611-studio/?tab=techSpecs
[2026-09-27T14:56:06Z] #4334 attempt=1/2 status=200 0.347s url=https://www.myfonts.com/products/regular-august-memories-1222633
[2026-09-27T14:56:06Z] #4335 attempt=1/2 status=200 0.469s url=https://www.myfonts.com/collections/august-memories-font-anxietype-foundry/
[2026-09-27T14:56:07Z] #4336 attempt=1/2 status=200 0.339s url=https://www.myfonts.com/collections/august-memories-font-anxietype-foundry/?tab=techSpecs
[2026-09-27T14:56:08Z] #4337 attempt=1/2 status=200 0.341s url=https://www.myfonts.com/products/mochinud-complete-family-package-1222616
[2026-09-27T14:56:09Z] #4338 attempt=1/2 status=200 0.417s url=https://www.myfonts.com/collections/mochinud-font-made-deduk/
[2026-09-27T14:56:10Z] #4339 attempt=1/2 status=200 0.305s url=https://www.myfonts.com/collections/mochinud-font-made-deduk/?tab=techSpecs
[2026-09-27T14:56:12Z] #4340 attempt=1/2 status=200 0.358s url=https://www.myfonts.com/products/victoria-winter-complete-family-package-1222603
[2026-09-27T14:56:12Z] #4341 attempt=1/2 status=200 0.411s url=https://www.myfonts.com/collections/victoria-winter-font-sensatype-studio/
[2026-09-27T14:56:13Z] #4342 attempt=1/2 status=200 0.329s url=https://www.myfonts.com/collections/victoria-winter-font-sensatype-studio/?tab=techSpecs
[2026-09-27T14:56:15Z] #4343 attempt=1/2 status=200 0.305s url=https://www.myfonts.com/products/brush-endless-regular-brush-endless-1222615
[2026-09-27T14:56:15Z] #4344 attempt=1/2 status=200 0.358s url=https://www.myfonts.com/collections/brush-endless-font-alit-design/
[2026-09-27T14:56:16Z] #4345 attempt=1/2 status=200 0.320s url=https://www.myfonts.com/collections/brush-endless-font-alit-design/?tab=techSpecs
[2026-09-27T14:56:17Z] #4346 attempt=1/2 status=200 0.427s url=https://www.myfonts.com/products/regular-rikoil-1222619
[2026-09-27T14:56:18Z] #4347 attempt=1/2 status=200 0.368s url=https://www.myfonts.com/collections/rikoil-font-flawlessandco/
[2026-09-27T14:56:19Z] #4348 attempt=1/2 status=200 0.345s url=https://www.myfonts.com/collections/rikoil-font-flawlessandco/?tab=techSpecs
[2026-09-27T14:56:20Z] #4349 attempt=1/2 status=200 0.273s url=https://www.myfonts.com/products/regular-brush-sans-1222614
[2026-09-27T14:56:21Z] #4350 attempt=1/2 status=200 0.357s url=https://www.myfonts.com/collections/brush-sans-font-crumphand/
[2026-09-27T14:56:21Z] #4351 attempt=1/2 status=200 0.310s url=https://www.myfonts.com/collections/brush-sans-font-crumphand/?tab=techSpecs
[2026-09-27T14:56:23Z] #4352 attempt=1/2 status=200 0.302s url=https://www.myfonts.com/products/regular-grimblade-1222621
[2026-09-27T14:56:23Z] #4353 attempt=1/2 status=200 0.343s url=https://www.myfonts.com/collections/grimblade-font-unitype-studio/
[2026-09-27T14:56:24Z] #4354 attempt=1/2 status=200 0.322s url=https://www.myfonts.com/collections/grimblade-font-unitype-studio/?tab=techSpecs
[2026-09-27T14:56:25Z] #4355 attempt=1/2 status=200 0.333s url=https://www.myfonts.com/products/regular-stelloo-lumelo-1222612
[2026-09-27T14:56:26Z] #4356 attempt=1/2 status=200 0.312s url=https://www.myfonts.com/collections/stelloo-lumelo-font-product-type/
[2026-09-27T14:56:27Z] #4357 attempt=1/2 status=200 0.365s url=https://www.myfonts.com/collections/stelloo-lumelo-font-product-type/?tab=techSpecs
[2026-09-27T14:56:28Z] #4358 attempt=1/2 status=200 0.360s url=https://www.myfonts.com/products/smudge-regular-smudge-brush-1222613
[2026-09-27T14:56:29Z] #4359 attempt=1/2 status=200 0.389s url=https://www.myfonts.com/collections/smudge-brush-font-ferry-ardana-putra/
[2026-09-27T14:56:29Z] #4360 attempt=1/2 status=200 0.330s url=https://www.myfonts.com/collections/smudge-brush-font-ferry-ardana-putra/?tab=techSpecs
[2026-09-27T14:56:31Z] #4361 attempt=1/2 status=200 0.333s url=https://www.myfonts.com/products/regular-crypt-keeper-1222620
[2026-09-27T14:56:31Z] #4362 attempt=1/2 status=200 0.383s url=https://www.myfonts.com/collections/crypt-keeper-font-tini-fitriani/
[2026-09-27T14:56:32Z] #4363 attempt=1/2 status=200 0.317s url=https://www.myfonts.com/collections/crypt-keeper-font-tini-fitriani/?tab=techSpecs
[2026-09-27T14:56:33Z] #4364 attempt=1/2 status=200 0.324s url=https://www.myfonts.com/products/nm-lavender-sans-regular-nm-lavender-sans-1222560
[2026-09-27T14:56:34Z] #4365 attempt=1/2 status=200 0.384s url=https://www.myfonts.com/collections/nm-lavender-sans-font-norm/
[2026-09-27T14:56:35Z] #4366 attempt=1/2 status=200 0.296s url=https://www.myfonts.com/collections/nm-lavender-sans-font-norm/?tab=techSpecs
[2026-09-27T14:56:36Z] #4367 attempt=1/2 status=200 0.371s url=https://www.myfonts.com/products/regular-brotherhood-projects-1222565
[2026-09-27T14:56:37Z] #4368 attempt=1/2 status=200 0.341s url=https://www.myfonts.com/collections/brotherhood-projects-font-gassstype/
[2026-09-27T14:56:38Z] #4369 attempt=1/2 status=200 0.328s url=https://www.myfonts.com/collections/brotherhood-projects-font-gassstype/?tab=techSpecs
[2026-09-27T14:56:39Z] #4370 attempt=1/2 status=200 0.322s url=https://www.myfonts.com/products/regular-mutu-1222561
[2026-09-27T14:56:39Z] #4371 attempt=1/2 status=200 0.401s url=https://www.myfonts.com/collections/mutu-font-gassstype/
[2026-09-27T14:56:40Z] #4372 attempt=1/2 status=200 0.327s url=https://www.myfonts.com/collections/mutu-font-gassstype/?tab=techSpecs
[2026-09-27T14:56:41Z] #4373 attempt=1/2 status=200 0.318s url=https://www.myfonts.com/products/regular-deadly-october-1222559
[2026-09-27T14:56:42Z] #4374 attempt=1/2 status=200 0.375s url=https://www.myfonts.com/collections/deadly-october-font-seemly-fonts/
[2026-09-27T14:56:43Z] #4375 attempt=1/2 status=200 0.319s url=https://www.myfonts.com/collections/deadly-october-font-seemly-fonts/?tab=techSpecs
[2026-09-27T14:56:44Z] #4376 attempt=1/2 status=200 0.354s url=https://www.myfonts.com/products/nuega-complete-family-package-1222050
[2026-09-27T14:56:45Z] #4377 attempt=1/2 status=200 0.331s url=https://www.myfonts.com/collections/nuega-font-blankids/
[2026-09-27T14:56:45Z] #4378 attempt=1/2 status=200 0.358s url=https://www.myfonts.com/collections/nuega-font-blankids/?tab=techSpecs
[2026-09-27T14:56:47Z] #4379 attempt=1/2 status=200 0.368s url=https://www.myfonts.com/products/vertaz-display-complete-family-package-1222059
[2026-09-27T14:56:48Z] #4380 attempt=1/2 status=200 0.373s url=https://www.myfonts.com/collections/vertaz-display-font-jolicia-type/
[2026-09-27T14:56:49Z] #4381 attempt=1/2 status=200 0.394s url=https://www.myfonts.com/collections/vertaz-display-font-jolicia-type/?tab=techSpecs
[2026-09-27T14:56:50Z] #4382 attempt=1/2 status=200 0.381s url=https://www.myfonts.com/products/bold-skin-package-package-1222038
[2026-09-27T14:56:51Z] #4383 attempt=1/2 status=200 0.424s url=https://www.myfonts.com/collections/sx-statue-extended-font-sixtype-foundry/
[2026-09-27T14:56:52Z] #4384 attempt=1/2 status=200 0.367s url=https://www.myfonts.com/collections/sx-statue-extended-font-sixtype-foundry/?tab=techSpecs
[2026-09-27T14:56:53Z] #4385 attempt=1/2 status=200 0.307s url=https://www.myfonts.com/products/lander-complete-family-package-1222041
[2026-09-27T14:56:54Z] #4386 attempt=1/2 status=200 0.358s url=https://www.myfonts.com/collections/lander-font-vultype-co/
[2026-09-27T14:56:55Z] #4387 attempt=1/2 status=200 0.326s url=https://www.myfonts.com/collections/lander-font-vultype-co/?tab=techSpecs
[2026-09-27T14:56:57Z] #4388 attempt=1/2 status=200 0.363s url=https://www.myfonts.com/products/silvora-complete-family-package-1222076
[2026-09-27T14:56:58Z] #4389 attempt=1/2 status=200 0.364s url=https://www.myfonts.com/collections/silvora-font-ragamkata/
[2026-09-27T14:56:58Z] #4390 attempt=1/2 status=200 0.333s url=https://www.myfonts.com/collections/silvora-font-ragamkata/?tab=techSpecs
[2026-09-27T14:57:00Z] #4391 attempt=1/2 status=200 0.419s url=https://www.myfonts.com/products/iowan-old-style-bt-complete-family-pack-package-1221283
[2026-09-27T14:57:01Z] #4392 attempt=1/2 status=200 0.476s url=https://www.myfonts.com/collections/iowan-old-style-font-bitstream/
[2026-09-27T14:57:02Z] #4393 attempt=1/2 status=200 0.496s url=https://www.myfonts.com/collections/iowan-old-style-font-bitstream/?tab=techSpecs
[2026-09-27T14:57:04Z] #4394 attempt=1/2 status=200 0.771s url=https://www.myfonts.com/products/atakana-script-complete-family-package-1222082
[2026-09-27T14:57:05Z] #4395 attempt=1/2 status=200 1.050s url=https://www.myfonts.com/collections/atakana-script-font-abbastype/
[2026-09-27T14:57:07Z] #4396 attempt=1/2 status=200 0.906s url=https://www.myfonts.com/collections/atakana-script-font-abbastype/?tab=techSpecs
[2026-09-27T14:57:09Z] #4397 attempt=1/2 status=200 0.943s url=https://www.myfonts.com/products/winner-sans-complete-family-package-1221286
[2026-09-27T14:57:12Z] #4398 attempt=1/2 status=200 2.108s url=https://www.myfonts.com/collections/winner-sans-font-sportsfonts/
[2026-09-27T14:57:14Z] #4399 attempt=1/2 status=200 1.829s url=https://www.myfonts.com/collections/winner-sans-font-sportsfonts/?tab=techSpecs
[2026-09-27T14:57:16Z] #4400 attempt=1/2 status=200 0.392s url=https://www.myfonts.com/products/bungahday-complete-family-package-1222047
[2026-09-27T14:57:17Z] #4401 attempt=1/2 status=200 0.367s url=https://www.myfonts.com/collections/bungahday-font-artiveko/
[2026-09-27T14:57:18Z] #4402 attempt=1/2 status=200 0.398s url=https://www.myfonts.com/collections/bungahday-font-artiveko/?tab=techSpecs
[2026-09-27T14:57:20Z] #4403 attempt=1/2 status=200 0.374s url=https://www.myfonts.com/products/kana-takahope-maru-natu-complete-family-package-1222019
[2026-09-27T14:57:20Z] #4404 attempt=1/2 status=200 0.477s url=https://www.myfonts.com/collections/kana-takahope-maru-natu-font-taka-design-production/
[2026-09-27T14:57:21Z] #4405 attempt=1/2 status=200 0.368s url=https://www.myfonts.com/collections/kana-takahope-maru-natu-font-taka-design-production/?tab=techSpecs
[2026-09-27T14:57:23Z] #4406 attempt=1/2 status=200 0.231s url=https://www.myfonts.com/collections/kana-takahope-maru-natu-font-taka-design-production/
[2026-09-27T14:57:24Z] #4407 attempt=1/2 status=200 0.361s url=https://www.myfonts.com/products/mothers-great-complete-family-package-1222171
[2026-09-27T14:57:25Z] #4408 attempt=1/2 status=200 0.533s url=https://www.myfonts.com/collections/mothers-great-font-groenstudio/
[2026-09-27T14:57:26Z] #4409 attempt=1/2 status=200 0.442s url=https://www.myfonts.com/collections/mothers-great-font-groenstudio/?tab=techSpecs
[2026-09-27T14:57:28Z] #4410 attempt=1/2 status=200 0.349s url=https://www.myfonts.com/products/coastal-tropicana-complete-family-package-1222027
[2026-09-27T14:57:28Z] #4411 attempt=1/2 status=200 0.368s url=https://www.myfonts.com/collections/coastal-tropicana-font-sixtype-foundry/
[2026-09-27T14:57:29Z] #4412 attempt=1/2 status=200 0.336s url=https://www.myfonts.com/collections/coastal-tropicana-font-sixtype-foundry/?tab=techSpecs
[2026-09-27T14:57:31Z] #4413 attempt=1/2 status=200 0.435s url=https://www.myfonts.com/products/actrist-stylish-complete-family-package-1222062
[2026-09-27T14:57:32Z] #4414 attempt=1/2 status=200 0.496s url=https://www.myfonts.com/collections/actrist-stylish-font-font-liner/
[2026-09-27T14:57:32Z] #4415 attempt=1/2 status=200 0.386s url=https://www.myfonts.com/collections/actrist-stylish-font-font-liner/?tab=techSpecs
[2026-09-27T14:57:34Z] #4416 attempt=1/2 status=200 0.376s url=https://www.myfonts.com/products/orlevin-complete-family-package-1222054
[2026-09-27T14:57:35Z] #4417 attempt=1/2 status=200 0.343s url=https://www.myfonts.com/collections/orlevin-font-tini-fitriani/
[2026-09-27T14:57:36Z] #4418 attempt=1/2 status=200 0.360s url=https://www.myfonts.com/collections/orlevin-font-tini-fitriani/?tab=techSpecs
[2026-09-27T14:57:37Z] #4419 attempt=1/2 status=200 0.368s url=https://www.myfonts.com/products/sunnybite-complete-family-package-1222044
[2026-09-27T14:57:38Z] #4420 attempt=1/2 status=200 0.334s url=https://www.myfonts.com/collections/sunnybite-font-vermilione/
[2026-09-27T14:57:39Z] #4421 attempt=1/2 status=200 0.345s url=https://www.myfonts.com/collections/sunnybite-font-vermilione/?tab=techSpecs
[2026-09-27T14:57:41Z] #4422 attempt=1/2 status=200 0.304s url=https://www.myfonts.com/products/regular-imreg-1222057
[2026-09-27T14:57:41Z] #4423 attempt=1/2 status=200 0.322s url=https://www.myfonts.com/collections/imreg-font-nian-keun-studio/
[2026-09-27T14:57:42Z] #4424 attempt=1/2 status=200 0.306s url=https://www.myfonts.com/collections/imreg-font-nian-keun-studio/?tab=techSpecs
[2026-09-27T14:57:44Z] #4425 attempt=1/6 status=200 0.714s url=https://www.myfonts.com/products.json?limit=100&page=123
[2026-09-27T14:57:44Z] #4426 attempt=1/2 status=200 0.328s url=https://www.myfonts.com/products/regular-graveshred-exhumed-1222058
[2026-09-27T14:57:45Z] #4427 attempt=1/2 status=200 0.352s url=https://www.myfonts.com/collections/graveshred-exhumed-font-alchemynoir/
[2026-09-27T14:57:46Z] #4428 attempt=1/2 status=200 0.296s url=https://www.myfonts.com/collections/graveshred-exhumed-font-alchemynoir/?tab=techSpecs
[2026-09-27T14:57:48Z] #4429 attempt=1/6 status=200 0.740s url=https://www.myfonts.com/products.json?limit=100&page=124
[2026-09-27T14:57:48Z] #4430 attempt=1/2 status=200 0.344s url=https://www.myfonts.com/products/regular-super-funky-vibes-1222075
[2026-09-27T14:57:49Z] #4431 attempt=1/2 status=200 0.306s url=https://www.myfonts.com/collections/super-funky-vibes-font-type-haven-studio/
[2026-09-27T14:57:50Z] #4432 attempt=1/2 status=200 0.319s url=https://www.myfonts.com/collections/super-funky-vibes-font-type-haven-studio/?tab=techSpecs
[2026-09-27T14:57:51Z] #4433 attempt=1/2 status=200 0.373s url=https://www.myfonts.com/products/regular-resulton-1222040
[2026-09-27T14:57:52Z] #4434 attempt=1/2 status=200 0.337s url=https://www.myfonts.com/collections/resulton-font-gassstype/
[2026-09-27T14:57:52Z] #4435 attempt=1/2 status=200 0.280s url=https://www.myfonts.com/collections/resulton-font-gassstype/?tab=techSpecs
[2026-09-27T14:57:54Z] #4436 attempt=1/6 status=200 0.779s url=https://www.myfonts.com/products.json?limit=100&page=125
[2026-09-27T14:57:55Z] #4437 attempt=1/2 status=200 0.334s url=https://www.myfonts.com/products/regular-racky-1222170
[2026-09-27T14:57:55Z] #4438 attempt=1/2 status=200 0.336s url=https://www.myfonts.com/collections/racky-font-dareco-studio/
[2026-09-27T14:57:56Z] #4439 attempt=1/2 status=200 0.335s url=https://www.myfonts.com/collections/racky-font-dareco-studio/?tab=techSpecs
[2026-09-27T14:57:57Z] #4440 attempt=1/2 status=200 0.298s url=https://www.myfonts.com/products/regular-concrete-poppies-1222168
[2026-09-27T14:57:58Z] #4441 attempt=1/2 status=200 0.329s url=https://www.myfonts.com/collections/concrete-poppies-font-inviline/
[2026-09-27T14:57:59Z] #4442 attempt=1/2 status=200 0.345s url=https://www.myfonts.com/collections/concrete-poppies-font-inviline/?tab=techSpecs
[2026-09-27T14:58:00Z] #4443 attempt=1/2 status=200 0.304s url=https://www.myfonts.com/products/regular-peachy-mighties-1222169
[2026-09-27T14:58:01Z] #4444 attempt=1/2 status=200 0.379s url=https://www.myfonts.com/collections/peachy-mighties-font-zeenesia-studio/
[2026-09-27T14:58:01Z] #4445 attempt=1/2 status=200 0.277s url=https://www.myfonts.com/collections/peachy-mighties-font-zeenesia-studio/?tab=techSpecs
[2026-09-27T14:58:02Z] #4446 attempt=1/2 status=200 0.348s url=https://www.myfonts.com/products/regular-angoba-1222167
[2026-09-27T14:58:03Z] #4447 attempt=1/2 status=200 0.346s url=https://www.myfonts.com/collections/angoba-font-fed-tunik/
[2026-09-27T14:58:04Z] #4448 attempt=1/2 status=200 0.334s url=https://www.myfonts.com/collections/angoba-font-fed-tunik/?tab=techSpecs
[2026-09-27T14:58:05Z] #4449 attempt=1/2 status=200 0.374s url=https://www.myfonts.com/products/regular-grestanic-1222079
[2026-09-27T14:58:06Z] #4450 attempt=1/2 status=200 0.310s url=https://www.myfonts.com/collections/grestanic-font-maulana-creative/
[2026-09-27T14:58:07Z] #4451 attempt=1/2 status=200 0.338s url=https://www.myfonts.com/collections/grestanic-font-maulana-creative/?tab=techSpecs
[2026-09-27T14:58:08Z] #4452 attempt=1/6 status=200 0.764s url=https://www.myfonts.com/products.json?limit=100&page=126
[2026-09-27T14:58:09Z] #4453 attempt=1/2 status=200 0.317s url=https://www.myfonts.com/products/regular-gatelli-1222081
[2026-09-27T14:58:10Z] #4454 attempt=1/2 status=200 0.348s url=https://www.myfonts.com/collections/gatelli-font-artolabs/
[2026-09-27T14:58:10Z] #4455 attempt=1/2 status=200 0.291s url=https://www.myfonts.com/collections/gatelli-font-artolabs/?tab=techSpecs
[2026-09-27T14:58:12Z] #4456 attempt=1/2 status=200 0.315s url=https://www.myfonts.com/products/regular-grand-mexico-1222080
[2026-09-27T14:58:12Z] #4457 attempt=1/2 status=200 0.324s url=https://www.myfonts.com/collections/grand-mexico-font-mvmet/
[2026-09-27T14:58:13Z] #4458 attempt=1/2 status=200 0.311s url=https://www.myfonts.com/collections/grand-mexico-font-mvmet/?tab=techSpecs
[2026-09-27T14:58:15Z] #4459 attempt=1/6 status=200 0.788s url=https://www.myfonts.com/products.json?limit=100&page=127
[2026-09-27T14:58:16Z] #4460 attempt=1/2 status=200 0.441s url=https://www.myfonts.com/products/kana-takabox-maru-complete-family-package-1221531
[2026-09-27T14:58:16Z] #4461 attempt=1/2 status=200 0.396s url=https://www.myfonts.com/collections/kana-takabox-maru-font-taka-design-production/
[2026-09-27T14:58:17Z] #4462 attempt=1/2 status=200 0.385s url=https://www.myfonts.com/collections/kana-takabox-maru-font-taka-design-production/?tab=techSpecs
[2026-09-27T14:58:19Z] #4463 attempt=1/2 status=200 0.225s url=https://www.myfonts.com/collections/kana-takabox-maru-font-taka-design-production/
[2026-09-27T14:58:19Z] #4464 attempt=1/2 status=200 0.378s url=https://www.myfonts.com/products/kana-takahappy-maru-haru-complete-family-package-1221579
[2026-09-27T14:58:20Z] #4465 attempt=1/2 status=200 0.473s url=https://www.myfonts.com/collections/kana-takahappy-maru-haru-font-taka-design-production/
[2026-09-27T14:58:21Z] #4466 attempt=1/2 status=200 0.445s url=https://www.myfonts.com/collections/kana-takahappy-maru-haru-font-taka-design-production/?tab=techSpecs
[2026-09-27T14:58:23Z] #4467 attempt=1/2 status=200 0.295s url=https://www.myfonts.com/collections/kana-takahappy-maru-haru-font-taka-design-production/
[2026-09-27T14:58:24Z] #4468 attempt=1/2 status=200 0.420s url=https://www.myfonts.com/products/kana-takacool-maru-complete-family-package-1221523
[2026-09-27T14:58:24Z] #4469 attempt=1/2 status=200 0.402s url=https://www.myfonts.com/collections/kana-takacool-maru-font-taka-design-production/
[2026-09-27T14:58:25Z] #4470 attempt=1/2 status=200 0.422s url=https://www.myfonts.com/collections/kana-takacool-maru-font-taka-design-production/?tab=techSpecs
[2026-09-27T14:58:27Z] #4471 attempt=1/2 status=200 0.387s url=https://www.myfonts.com/collections/kana-takacool-maru-font-taka-design-production/
[2026-09-27T14:58:28Z] #4472 attempt=1/2 status=200 0.385s url=https://www.myfonts.com/products/kana-takaautumn-complete-family-package-1221571
[2026-09-27T14:58:28Z] #4473 attempt=1/2 status=200 0.469s url=https://www.myfonts.com/collections/kana-takaautumn-font-taka-design-production/
[2026-09-27T14:58:29Z] #4474 attempt=1/2 status=200 0.423s url=https://www.myfonts.com/collections/kana-takaautumn-font-taka-design-production/?tab=techSpecs
[2026-09-27T14:58:31Z] #4475 attempt=1/2 status=200 0.257s url=https://www.myfonts.com/collections/kana-takaautumn-font-taka-design-production/
[2026-09-27T14:58:32Z] #4476 attempt=1/2 status=200 0.419s url=https://www.myfonts.com/products/kana-takacorner-maru-complete-family-package-1221619
[2026-09-27T14:58:33Z] #4477 attempt=1/2 status=200 0.390s url=https://www.myfonts.com/collections/kana-takacorner-maru-font-taka-design-production/
[2026-09-27T14:58:34Z] #4478 attempt=1/2 status=200 0.371s url=https://www.myfonts.com/collections/kana-takacorner-maru-font-taka-design-production/?tab=techSpecs
[2026-09-27T14:58:35Z] #4479 attempt=1/2 status=200 0.300s url=https://www.myfonts.com/collections/kana-takacorner-maru-font-taka-design-production/
[2026-09-27T14:58:36Z] #4480 attempt=1/2 status=200 0.421s url=https://www.myfonts.com/products/kana-takahappy-maru-complete-family-package-1221563
[2026-09-27T14:58:37Z] #4481 attempt=1/2 status=200 0.497s url=https://www.myfonts.com/collections/kana-takahappy-maru-font-taka-design-production/
[2026-09-27T14:58:37Z] #4482 attempt=1/2 status=200 0.360s url=https://www.myfonts.com/collections/kana-takahappy-maru-font-taka-design-production/?tab=techSpecs
[2026-09-27T14:58:39Z] #4483 attempt=1/2 status=200 0.206s url=https://www.myfonts.com/collections/kana-takahappy-maru-font-taka-design-production/
[2026-09-27T14:58:40Z] #4484 attempt=1/2 status=200 0.419s url=https://www.myfonts.com/products/kana-takahappy-complete-family-package-1221515
[2026-09-27T14:58:41Z] #4485 attempt=1/2 status=200 0.501s url=https://www.myfonts.com/collections/kana-takahappy-font-taka-design-production/
[2026-09-27T14:58:41Z] #4486 attempt=1/2 status=200 0.366s url=https://www.myfonts.com/collections/kana-takahappy-font-taka-design-production/?tab=techSpecs
[2026-09-27T14:58:43Z] #4487 attempt=1/2 status=200 0.311s url=https://www.myfonts.com/collections/kana-takahappy-font-taka-design-production/
[2026-09-27T14:58:44Z] #4488 attempt=1/2 status=200 0.413s url=https://www.myfonts.com/products/kana-takaautumn-maru-complete-family-package-1221611
[2026-09-27T14:58:45Z] #4489 attempt=1/2 status=200 0.431s url=https://www.myfonts.com/collections/kana-takaautumn-maru-font-taka-design-production/
[2026-09-27T14:58:46Z] #4490 attempt=1/2 status=200 0.378s url=https://www.myfonts.com/collections/kana-takaautumn-maru-font-taka-design-production/?tab=techSpecs
[2026-09-27T14:58:47Z] #4491 attempt=1/2 status=200 0.274s url=https://www.myfonts.com/collections/kana-takaautumn-maru-font-taka-design-production/
[2026-09-27T14:58:48Z] #4492 attempt=1/2 status=200 0.380s url=https://www.myfonts.com/products/kana-takabox-complete-family-package-1221507
[2026-09-27T14:58:49Z] #4493 attempt=1/2 status=200 0.445s url=https://www.myfonts.com/collections/kana-takabox-font-taka-design-production/
[2026-09-27T14:58:50Z] #4494 attempt=1/2 status=200 0.406s url=https://www.myfonts.com/collections/kana-takabox-font-taka-design-production/?tab=techSpecs
[2026-09-27T14:58:51Z] #4495 attempt=1/2 status=200 0.263s url=https://www.myfonts.com/collections/kana-takabox-font-taka-design-production/
[2026-09-27T14:58:52Z] #4496 attempt=1/2 status=200 0.364s url=https://www.myfonts.com/products/kana-takahappy-kai-complete-family-package-1221555
[2026-09-27T14:58:53Z] #4497 attempt=1/2 status=200 0.439s url=https://www.myfonts.com/collections/kana-takahappy-kai-font-taka-design-production/
[2026-09-27T14:58:53Z] #4498 attempt=1/2 status=200 0.318s url=https://www.myfonts.com/collections/kana-takahappy-kai-font-taka-design-production/?tab=techSpecs
[2026-09-27T14:58:55Z] #4499 attempt=1/2 status=200 0.273s url=https://www.myfonts.com/collections/kana-takahappy-kai-font-taka-design-production/
[2026-09-27T14:58:56Z] #4500 attempt=1/2 status=200 0.374s url=https://www.myfonts.com/products/kana-takafriends-complete-family-package-1221603
[2026-09-27T14:58:57Z] #4501 attempt=1/2 status=200 0.484s url=https://www.myfonts.com/collections/kana-takafriends-font-taka-design-production/
[2026-09-27T14:58:57Z] #4502 attempt=1/2 status=200 0.348s url=https://www.myfonts.com/collections/kana-takafriends-font-taka-design-production/?tab=techSpecs
[2026-09-27T14:58:59Z] #4503 attempt=1/2 status=200 0.218s url=https://www.myfonts.com/collections/kana-takafriends-font-taka-design-production/
[2026-09-27T14:59:00Z] #4504 attempt=1/2 status=200 0.403s url=https://www.myfonts.com/products/kana-takaacacia-maru-complete-family-package-1221499
[2026-09-27T14:59:01Z] #4505 attempt=1/2 status=200 0.446s url=https://www.myfonts.com/collections/kana-takaacacia-maru-font-taka-design-production/
[2026-09-27T14:59:02Z] #4506 attempt=1/2 status=200 0.395s url=https://www.myfonts.com/collections/kana-takaacacia-maru-font-taka-design-production/?tab=techSpecs
[2026-09-27T14:59:03Z] #4507 attempt=1/2 status=200 0.296s url=https://www.myfonts.com/collections/kana-takaacacia-maru-font-taka-design-production/
[2026-09-27T14:59:04Z] #4508 attempt=1/2 status=200 0.399s url=https://www.myfonts.com/products/kana-takahope-maru-complete-family-package-1221547
[2026-09-27T14:59:05Z] #4509 attempt=1/2 status=200 0.454s url=https://www.myfonts.com/collections/kana-takahope-maru-font-taka-design-production/
[2026-09-27T14:59:06Z] #4510 attempt=1/2 status=200 0.376s url=https://www.myfonts.com/collections/kana-takahope-maru-font-taka-design-production/?tab=techSpecs
[2026-09-27T14:59:07Z] #4511 attempt=1/2 status=200 0.295s url=https://www.myfonts.com/collections/kana-takahope-maru-font-taka-design-production/
[2026-09-27T14:59:08Z] #4512 attempt=1/2 status=200 0.383s url=https://www.myfonts.com/products/kana-takacourse-maru-complete-family-package-1221595
[2026-09-27T14:59:09Z] #4513 attempt=1/2 status=200 0.424s url=https://www.myfonts.com/collections/kana-takacourse-maru-font-taka-design-production/
[2026-09-27T14:59:09Z] #4514 attempt=1/2 status=200 0.330s url=https://www.myfonts.com/collections/kana-takacourse-maru-font-taka-design-production/?tab=techSpecs
[2026-09-27T14:59:11Z] #4515 attempt=1/2 status=200 0.273s url=https://www.myfonts.com/collections/kana-takacourse-maru-font-taka-design-production/
[2026-09-27T14:59:12Z] #4516 attempt=1/2 status=200 0.356s url=https://www.myfonts.com/products/kana-takacurve-maru-complete-family-package-1221587
[2026-09-27T14:59:13Z] #4517 attempt=1/2 status=200 0.417s url=https://www.myfonts.com/collections/kana-takacurve-maru-font-taka-design-production/
[2026-09-27T14:59:13Z] #4518 attempt=1/2 status=200 0.387s url=https://www.myfonts.com/collections/kana-takacurve-maru-font-taka-design-production/?tab=techSpecs
[2026-09-27T14:59:15Z] #4519 attempt=1/2 status=200 0.283s url=https://www.myfonts.com/collections/kana-takacurve-maru-font-taka-design-production/
[2026-09-27T14:59:16Z] #4520 attempt=1/2 status=200 0.377s url=https://www.myfonts.com/products/kana-takacorner-complete-family-package-1221539
[2026-09-27T14:59:16Z] #4521 attempt=1/2 status=200 0.447s url=https://www.myfonts.com/collections/kana-takacorner-font-taka-design-production/
[2026-09-27T14:59:17Z] #4522 attempt=1/2 status=200 0.351s url=https://www.myfonts.com/collections/kana-takacorner-font-taka-design-production/?tab=techSpecs
[2026-09-27T14:59:19Z] #4523 attempt=1/2 status=200 0.404s url=https://www.myfonts.com/collections/kana-takacorner-font-taka-design-production/
[2026-09-27T14:59:20Z] #4524 attempt=1/2 status=200 0.332s url=https://www.myfonts.com/products/kana-takahappy-maru-natu-complete-family-package-1221491
[2026-09-27T14:59:20Z] #4525 attempt=1/2 status=200 0.388s url=https://www.myfonts.com/collections/kana-takahappy-maru-natu-font-taka-design-production/
[2026-09-27T14:59:21Z] #4526 attempt=1/2 status=200 0.393s url=https://www.myfonts.com/collections/kana-takahappy-maru-natu-font-taka-design-production/?tab=techSpecs
[2026-09-27T14:59:23Z] #4527 attempt=1/2 status=200 0.244s url=https://www.myfonts.com/collections/kana-takahappy-maru-natu-font-taka-design-production/
[2026-09-27T14:59:23Z] #4528 attempt=1/2 status=200 0.359s url=https://www.myfonts.com/products/light-kana-takapoplar-maru-1221925
[2026-09-27T14:59:24Z] #4529 attempt=1/2 status=200 0.385s url=https://www.myfonts.com/collections/kana-takapoplar-maru-font-taka-design-production/
[2026-09-27T14:59:25Z] #4530 attempt=1/2 status=200 0.308s url=https://www.myfonts.com/collections/kana-takapoplar-maru-font-taka-design-production/?tab=techSpecs
[2026-09-27T14:59:27Z] #4531 attempt=1/2 status=200 0.196s url=https://www.myfonts.com/collections/kana-takapoplar-maru-font-taka-design-production/
[2026-09-27T14:59:27Z] #4532 attempt=1/2 status=200 0.381s url=https://www.myfonts.com/products/bold-kana-takafriends-maru-1221696
[2026-09-27T14:59:28Z] #4533 attempt=1/2 status=200 0.390s url=https://www.myfonts.com/collections/kana-takafriends-maru-font-taka-design-production/
[2026-09-27T14:59:29Z] #4534 attempt=1/2 status=200 0.328s url=https://www.myfonts.com/collections/kana-takafriends-maru-font-taka-design-production/?tab=techSpecs
[2026-09-27T14:59:30Z] #4535 attempt=1/2 status=200 0.217s url=https://www.myfonts.com/collections/kana-takafriends-maru-font-taka-design-production/
[2026-09-27T14:59:31Z] #4536 attempt=1/2 status=200 0.344s url=https://www.myfonts.com/products/ultra-kana-takasky-1221923
[2026-09-27T14:59:32Z] #4537 attempt=1/2 status=200 0.405s url=https://www.myfonts.com/collections/kana-takasky-font-taka-design-production/
[2026-09-27T14:59:33Z] #4538 attempt=1/2 status=200 0.374s url=https://www.myfonts.com/collections/kana-takasky-font-taka-design-production/?tab=techSpecs
[2026-09-27T14:59:34Z] #4539 attempt=1/2 status=200 0.291s url=https://www.myfonts.com/collections/kana-takasky-font-taka-design-production/
[2026-09-27T14:59:35Z] #4540 attempt=1/2 status=200 0.332s url=https://www.myfonts.com/products/medium-kana-takalike-maru-1221806
[2026-09-27T14:59:35Z] #4541 attempt=1/2 status=200 0.364s url=https://www.myfonts.com/collections/kana-takalike-maru-font-taka-design-production/
[2026-09-27T14:59:36Z] #4542 attempt=1/2 status=200 0.316s url=https://www.myfonts.com/collections/kana-takalike-maru-font-taka-design-production/?tab=techSpecs
[2026-09-27T14:59:38Z] #4543 attempt=1/2 status=200 0.210s url=https://www.myfonts.com/collections/kana-takalike-maru-font-taka-design-production/
[2026-09-27T14:59:39Z] #4544 attempt=1/2 status=200 0.349s url=https://www.myfonts.com/products/ultra-kana-takalike-1221802
[2026-09-27T14:59:39Z] #4545 attempt=1/2 status=200 0.428s url=https://www.myfonts.com/collections/kana-takalike-font-taka-design-production/
[2026-09-27T14:59:40Z] #4546 attempt=1/2 status=200 0.337s url=https://www.myfonts.com/collections/kana-takalike-font-taka-design-production/?tab=techSpecs
[2026-09-27T14:59:42Z] #4547 attempt=1/2 status=200 0.254s url=https://www.myfonts.com/collections/kana-takalike-font-taka-design-production/
[2026-09-27T14:59:42Z] #4548 attempt=1/2 status=200 0.369s url=https://www.myfonts.com/products/bold-kana-takasunflo-1221960
[2026-09-27T14:59:43Z] #4549 attempt=1/2 status=200 0.444s url=https://www.myfonts.com/collections/kana-takasunflo-font-taka-design-production/
[2026-09-27T14:59:44Z] #4550 attempt=1/2 status=200 0.363s url=https://www.myfonts.com/collections/kana-takasunflo-font-taka-design-production/?tab=techSpecs
[2026-09-27T14:59:45Z] #4551 attempt=1/2 status=200 0.205s url=https://www.myfonts.com/collections/kana-takasunflo-font-taka-design-production/
[2026-09-27T14:59:47Z] #4552 attempt=1/6 status=200 0.804s url=https://www.myfonts.com/products.json?limit=100&page=128
[2026-09-27T14:59:47Z] #4553 attempt=1/2 status=200 0.333s url=https://www.myfonts.com/products/bold-kana-takasky-maru-1221880
[2026-09-27T14:59:48Z] #4554 attempt=1/2 status=200 0.384s url=https://www.myfonts.com/collections/kana-takasky-maru-font-taka-design-production/
[2026-09-27T14:59:49Z] #4555 attempt=1/2 status=200 0.399s url=https://www.myfonts.com/collections/kana-takasky-maru-font-taka-design-production/?tab=techSpecs
[2026-09-27T14:59:51Z] #4556 attempt=1/2 status=200 0.281s url=https://www.myfonts.com/collections/kana-takasky-maru-font-taka-design-production/
[2026-09-27T14:59:51Z] #4557 attempt=1/2 status=200 0.345s url=https://www.myfonts.com/products/light-kana-takapark-1221732
[2026-09-27T14:59:52Z] #4558 attempt=1/2 status=200 0.393s url=https://www.myfonts.com/collections/kana-takapark-font-taka-design-production/
[2026-09-27T14:59:53Z] #4559 attempt=1/2 status=200 0.356s url=https://www.myfonts.com/collections/kana-takapark-font-taka-design-production/?tab=techSpecs
[2026-09-27T14:59:54Z] #4560 attempt=1/2 status=200 0.302s url=https://www.myfonts.com/collections/kana-takapark-font-taka-design-production/
[2026-09-27T14:59:55Z] #4561 attempt=1/2 status=200 0.337s url=https://www.myfonts.com/products/ultra-kana-takabanana-1221690
[2026-09-27T14:59:56Z] #4562 attempt=1/2 status=200 0.391s url=https://www.myfonts.com/collections/kana-takabanana-font-taka-design-production/
[2026-09-27T14:59:57Z] #4563 attempt=1/2 status=200 0.358s url=https://www.myfonts.com/collections/kana-takabanana-font-taka-design-production/?tab=techSpecs
[2026-09-27T14:59:58Z] #4564 attempt=1/2 status=200 0.220s url=https://www.myfonts.com/collections/kana-takabanana-font-taka-design-production/
[2026-09-27T14:59:59Z] #4565 attempt=1/2 status=200 0.397s url=https://www.myfonts.com/products/ultra-kana-takahope-1221730
[2026-09-27T15:00:00Z] #4566 attempt=1/2 status=200 0.384s url=https://www.myfonts.com/collections/kana-takahope-font-taka-design-production/
[2026-09-27T15:00:00Z] #4567 attempt=1/2 status=200 0.392s url=https://www.myfonts.com/collections/kana-takahope-font-taka-design-production/?tab=techSpecs
[2026-09-27T15:00:02Z] #4568 attempt=1/2 status=200 0.243s url=https://www.myfonts.com/collections/kana-takahope-font-taka-design-production/
[2026-09-27T15:00:03Z] #4569 attempt=1/2 status=200 0.338s url=https://www.myfonts.com/products/ultra-kana-takalucky-maru-1221874
[2026-09-27T15:00:03Z] #4570 attempt=1/2 status=200 0.351s url=https://www.myfonts.com/collections/kana-takalucky-maru-font-taka-design-production/
[2026-09-27T15:00:04Z] #4571 attempt=1/2 status=200 0.312s url=https://www.myfonts.com/collections/kana-takalucky-maru-font-taka-design-production/?tab=techSpecs
[2026-09-27T15:00:06Z] #4572 attempt=1/2 status=200 0.209s url=https://www.myfonts.com/collections/kana-takalucky-maru-font-taka-design-production/
[2026-09-27T15:00:07Z] #4573 attempt=1/2 status=200 0.417s url=https://www.myfonts.com/products/demibold-kana-takaswing-maru-1221767
[2026-09-27T15:00:08Z] #4574 attempt=1/2 status=200 0.438s url=https://www.myfonts.com/collections/kana-takaswing-maru-font-taka-design-production/
[2026-09-27T15:00:08Z] #4575 attempt=1/2 status=200 0.368s url=https://www.myfonts.com/collections/kana-takaswing-maru-font-taka-design-production/?tab=techSpecs
[2026-09-27T15:00:10Z] #4576 attempt=1/2 status=200 0.216s url=https://www.myfonts.com/collections/kana-takaswing-maru-font-taka-design-production/
[2026-09-27T15:00:11Z] #4577 attempt=1/2 status=200 0.357s url=https://www.myfonts.com/products/ultra-kana-takapop-maru-1221866
[2026-09-27T15:00:11Z] #4578 attempt=1/2 status=200 0.442s url=https://www.myfonts.com/collections/kana-takapop-maru-font-taka-design-production/
[2026-09-27T15:00:12Z] #4579 attempt=1/2 status=200 0.322s url=https://www.myfonts.com/collections/kana-takapop-maru-font-taka-design-production/?tab=techSpecs
[2026-09-27T15:00:14Z] #4580 attempt=1/2 status=200 0.236s url=https://www.myfonts.com/collections/kana-takapop-maru-font-taka-design-production/
[2026-09-27T15:00:14Z] #4581 attempt=1/2 status=200 0.348s url=https://www.myfonts.com/products/ultra-kana-takalucky-maru-haru-1221915
[2026-09-27T15:00:15Z] #4582 attempt=1/2 status=200 0.370s url=https://www.myfonts.com/collections/kana-takalucky-maru-haru-font-taka-design-production/
[2026-09-27T15:00:16Z] #4583 attempt=1/2 status=200 0.333s url=https://www.myfonts.com/collections/kana-takalucky-maru-haru-font-taka-design-production/?tab=techSpecs
[2026-09-27T15:00:18Z] #4584 attempt=1/2 status=200 0.250s url=https://www.myfonts.com/collections/kana-takalucky-maru-haru-font-taka-design-production/
[2026-09-27T15:00:18Z] #4585 attempt=1/2 status=200 0.339s url=https://www.myfonts.com/products/light-kana-takalucky-kai-1221996
[2026-09-27T15:00:19Z] #4586 attempt=1/2 status=200 0.453s url=https://www.myfonts.com/collections/kana-takalucky-kai-font-taka-design-production/
[2026-09-27T15:00:20Z] #4587 attempt=1/2 status=200 0.401s url=https://www.myfonts.com/collections/kana-takalucky-kai-font-taka-design-production/?tab=techSpecs
[2026-09-27T15:00:22Z] #4588 attempt=1/2 status=200 0.292s url=https://www.myfonts.com/collections/kana-takalucky-kai-font-taka-design-production/
[2026-09-27T15:00:22Z] #4589 attempt=1/2 status=200 0.325s url=https://www.myfonts.com/products/heavy-kana-takalilac-maru-1221954
[2026-09-27T15:00:23Z] #4590 attempt=1/2 status=200 0.351s url=https://www.myfonts.com/collections/kana-takalilac-maru-font-taka-design-production/
[2026-09-27T15:00:24Z] #4591 attempt=1/2 status=200 0.367s url=https://www.myfonts.com/collections/kana-takalilac-maru-font-taka-design-production/?tab=techSpecs
[2026-09-27T15:00:25Z] #4592 attempt=1/2 status=200 0.254s url=https://www.myfonts.com/collections/kana-takalilac-maru-font-taka-design-production/
[2026-09-27T15:00:26Z] #4593 attempt=1/2 status=200 0.449s url=https://www.myfonts.com/products/ultra-kana-takasummer-1221994
[2026-09-27T15:00:27Z] #4594 attempt=1/2 status=200 0.420s url=https://www.myfonts.com/collections/kana-takasummer-font-taka-design-production/
[2026-09-27T15:00:28Z] #4595 attempt=1/2 status=200 0.353s url=https://www.myfonts.com/collections/kana-takasummer-font-taka-design-production/?tab=techSpecs
[2026-09-27T15:00:29Z] #4596 attempt=1/2 status=200 0.256s url=https://www.myfonts.com/collections/kana-takasummer-font-taka-design-production/
[2026-09-27T15:00:30Z] #4597 attempt=1/2 status=200 0.438s url=https://www.myfonts.com/products/ultra-kana-takaline21-maru-1221794
[2026-09-27T15:00:31Z] #4598 attempt=1/2 status=200 0.443s url=https://www.myfonts.com/collections/kana-takaline21-maru-font-taka-design-production/
[2026-09-27T15:00:32Z] #4599 attempt=1/2 status=200 0.401s url=https://www.myfonts.com/collections/kana-takaline21-maru-font-taka-design-production/?tab=techSpecs
[2026-09-27T15:00:33Z] #4600 attempt=1/2 status=200 0.318s url=https://www.myfonts.com/collections/kana-takaline21-maru-font-taka-design-production/
[2026-09-27T15:00:34Z] #4601 attempt=1/2 status=200 0.335s url=https://www.myfonts.com/products/ultra-kana-takarainbow-maru-1221858
[2026-09-27T15:00:35Z] #4602 attempt=1/2 status=200 0.415s url=https://www.myfonts.com/collections/kana-takarainbow-maru-font-taka-design-production/
[2026-09-27T15:00:36Z] #4603 attempt=1/2 status=200 0.414s url=https://www.myfonts.com/collections/kana-takarainbow-maru-font-taka-design-production/?tab=techSpecs
[2026-09-27T15:00:37Z] #4604 attempt=1/2 status=200 0.253s url=https://www.myfonts.com/collections/kana-takarainbow-maru-font-taka-design-production/
[2026-09-27T15:00:38Z] #4605 attempt=1/2 status=200 0.373s url=https://www.myfonts.com/products/ultra-kana-takarainbow-1221762
[2026-09-27T15:00:39Z] #4606 attempt=1/2 status=200 0.386s url=https://www.myfonts.com/collections/kana-takarainbow-font-taka-design-production/
[2026-09-27T15:00:39Z] #4607 attempt=1/2 status=200 0.280s url=https://www.myfonts.com/collections/kana-takarainbow-font-taka-design-production/?tab=techSpecs
[2026-09-27T15:00:41Z] #4608 attempt=1/2 status=200 0.311s url=https://www.myfonts.com/collections/kana-takarainbow-font-taka-design-production/
[2026-09-27T15:00:42Z] #4609 attempt=1/6 status=200 0.803s url=https://www.myfonts.com/products.json?limit=100&page=129
[2026-09-27T15:00:43Z] #4610 attempt=1/2 status=200 0.364s url=https://www.myfonts.com/products/ultra-kana-takalucky-maru-natu-1222018
[2026-09-27T15:00:44Z] #4611 attempt=1/2 status=200 0.393s url=https://www.myfonts.com/collections/kana-takalucky-maru-natu-font-taka-design-production/
[2026-09-27T15:00:45Z] #4612 attempt=1/2 status=200 0.389s url=https://www.myfonts.com/collections/kana-takalucky-maru-natu-font-taka-design-production/?tab=techSpecs
[2026-09-27T15:00:46Z] #4613 attempt=1/2 status=200 0.357s url=https://www.myfonts.com/collections/kana-takalucky-maru-natu-font-taka-design-production/
[2026-09-27T15:00:47Z] #4614 attempt=1/2 status=200 0.394s url=https://www.myfonts.com/products/ultra-kana-takacourse-1221722
[2026-09-27T15:00:48Z] #4615 attempt=1/2 status=200 0.382s url=https://www.myfonts.com/collections/kana-takacourse-font-taka-design-production/
[2026-09-27T15:00:49Z] #4616 attempt=1/2 status=200 0.316s url=https://www.myfonts.com/collections/kana-takacourse-font-taka-design-production/?tab=techSpecs
[2026-09-27T15:00:50Z] #4617 attempt=1/2 status=200 0.249s url=https://www.myfonts.com/collections/kana-takacourse-font-taka-design-production/
[2026-09-27T15:00:51Z] #4618 attempt=1/2 status=200 0.382s url=https://www.myfonts.com/products/ultra-kana-takamate-1221850
[2026-09-27T15:00:52Z] #4619 attempt=1/2 status=200 0.387s url=https://www.myfonts.com/collections/kana-takamate-font-taka-design-production/
[2026-09-27T15:00:52Z] #4620 attempt=1/2 status=200 0.332s url=https://www.myfonts.com/collections/kana-takamate-font-taka-design-production/?tab=techSpecs
[2026-09-27T15:00:54Z] #4621 attempt=1/2 status=200 0.236s url=https://www.myfonts.com/collections/kana-takamate-font-taka-design-production/
[2026-09-27T15:00:55Z] #4622 attempt=1/2 status=200 0.383s url=https://www.myfonts.com/products/ultra-kana-takaalps-1221682
[2026-09-27T15:00:56Z] #4623 attempt=1/2 status=200 0.391s url=https://www.myfonts.com/collections/kana-takaalps-font-taka-design-production/
[2026-09-27T15:00:56Z] #4624 attempt=1/2 status=200 0.338s url=https://www.myfonts.com/collections/kana-takaalps-font-taka-design-production/?tab=techSpecs
[2026-09-27T15:00:58Z] #4625 attempt=1/2 status=200 0.255s url=https://www.myfonts.com/collections/kana-takaalps-font-taka-design-production/
[2026-09-27T15:00:59Z] #4626 attempt=1/2 status=200 0.389s url=https://www.myfonts.com/products/ultra-kana-takapop-1221986
[2026-09-27T15:00:59Z] #4627 attempt=1/2 status=200 0.373s url=https://www.myfonts.com/collections/kana-takapop-font-taka-design-production/
[2026-09-27T15:01:00Z] #4628 attempt=1/2 status=200 0.377s url=https://www.myfonts.com/collections/kana-takapop-font-taka-design-production/?tab=techSpecs
[2026-09-27T15:01:02Z] #4629 attempt=1/2 status=200 0.217s url=https://www.myfonts.com/collections/kana-takapop-font-taka-design-production/
[2026-09-27T15:01:02Z] #4630 attempt=1/2 status=200 0.346s url=https://www.myfonts.com/products/ultra-kana-takahope-maru-haru-1221842
[2026-09-27T15:01:03Z] #4631 attempt=1/2 status=200 0.408s url=https://www.myfonts.com/collections/kana-takahope-maru-haru-font-taka-design-production/
[2026-09-27T15:01:04Z] #4632 attempt=1/2 status=200 0.313s url=https://www.myfonts.com/collections/kana-takahope-maru-haru-font-taka-design-production/?tab=techSpecs
[2026-09-27T15:01:05Z] #4633 attempt=1/2 status=200 0.253s url=https://www.myfonts.com/collections/kana-takahope-maru-haru-font-taka-design-production/
[2026-09-27T15:01:06Z] #4634 attempt=1/2 status=200 0.370s url=https://www.myfonts.com/products/ultra-kana-takaline21-1221947
[2026-09-27T15:01:07Z] #4635 attempt=1/2 status=200 0.420s url=https://www.myfonts.com/collections/kana-takaline21-font-taka-design-production/
[2026-09-27T15:01:08Z] #4636 attempt=1/2 status=200 0.369s url=https://www.myfonts.com/collections/kana-takaline21-font-taka-design-production/?tab=techSpecs
[2026-09-27T15:01:09Z] #4637 attempt=1/2 status=200 0.219s url=https://www.myfonts.com/collections/kana-takaline21-font-taka-design-production/
[2026-09-27T15:01:10Z] #4638 attempt=1/2 status=200 0.320s url=https://www.myfonts.com/products/ultra-kana-takalucky-san-1221786
[2026-09-27T15:01:11Z] #4639 attempt=1/2 status=200 0.461s url=https://www.myfonts.com/collections/kana-takalucky-san-font-taka-design-production/
[2026-09-27T15:01:12Z] #4640 attempt=1/2 status=200 0.386s url=https://www.myfonts.com/collections/kana-takalucky-san-font-taka-design-production/?tab=techSpecs
[2026-09-27T15:01:13Z] #4641 attempt=1/2 status=200 0.250s url=https://www.myfonts.com/collections/kana-takalucky-san-font-taka-design-production/
[2026-09-27T15:01:14Z] #4642 attempt=1/2 status=200 0.513s url=https://www.myfonts.com/products/ultra-kana-takasunflo-maru-1221907
[2026-09-27T15:01:15Z] #4643 attempt=1/2 status=200 0.380s url=https://www.myfonts.com/collections/kana-takasunflo-maru-font-taka-design-production/
[2026-09-27T15:01:16Z] #4644 attempt=1/2 status=200 0.366s url=https://www.myfonts.com/collections/kana-takasunflo-maru-font-taka-design-production/?tab=techSpecs
[2026-09-27T15:01:17Z] #4645 attempt=1/2 status=200 0.262s url=https://www.myfonts.com/collections/kana-takasunflo-maru-font-taka-design-production/
[2026-09-27T15:01:18Z] #4646 attempt=1/2 status=200 0.340s url=https://www.myfonts.com/products/ultra-kana-takalucky-kadomaru-1221834
[2026-09-27T15:01:19Z] #4647 attempt=1/2 status=200 0.409s url=https://www.myfonts.com/collections/kana-takalucky-kadomaru-font-taka-design-production/
[2026-09-27T15:01:20Z] #4648 attempt=1/2 status=200 0.384s url=https://www.myfonts.com/collections/kana-takalucky-kadomaru-font-taka-design-production/?tab=techSpecs
[2026-09-27T15:01:21Z] #4649 attempt=1/2 status=200 0.249s url=https://www.myfonts.com/collections/kana-takalucky-kadomaru-font-taka-design-production/
[2026-09-27T15:01:22Z] #4650 attempt=1/2 status=200 0.378s url=https://www.myfonts.com/products/ultra-kana-takahope-san-1221754
[2026-09-27T15:01:23Z] #4651 attempt=1/2 status=200 0.411s url=https://www.myfonts.com/collections/kana-takahope-san-font-taka-design-production/
[2026-09-27T15:01:23Z] #4652 attempt=1/2 status=200 0.420s url=https://www.myfonts.com/collections/kana-takahope-san-font-taka-design-production/?tab=techSpecs
[2026-09-27T15:01:25Z] #4653 attempt=1/2 status=200 0.203s url=https://www.myfonts.com/collections/kana-takahope-san-font-taka-design-production/
[2026-09-27T15:01:26Z] #4654 attempt=1/2 status=200 0.442s url=https://www.myfonts.com/products/light-kana-takahope-kadomaru-1221652
[2026-09-27T15:01:27Z] #4655 attempt=1/2 status=200 0.421s url=https://www.myfonts.com/collections/kana-takahope-kadomaru-font-taka-design-production/
[2026-09-27T15:01:27Z] #4656 attempt=1/2 status=200 0.386s url=https://www.myfonts.com/collections/kana-takahope-kadomaru-font-taka-design-production/?tab=techSpecs
[2026-09-27T15:01:29Z] #4657 attempt=1/2 status=200 0.267s url=https://www.myfonts.com/collections/kana-takahope-kadomaru-font-taka-design-production/
[2026-09-27T15:01:30Z] #4658 attempt=1/6 status=200 0.839s url=https://www.myfonts.com/products.json?limit=100&page=130
[2026-09-27T15:01:31Z] #4659 attempt=1/2 status=200 0.347s url=https://www.myfonts.com/products/ultra-kana-takahappy-san-1221650
[2026-09-27T15:01:32Z] #4660 attempt=1/2 status=200 0.459s url=https://www.myfonts.com/collections/kana-takahappy-san-font-taka-design-production/
[2026-09-27T15:01:33Z] #4661 attempt=1/2 status=200 0.375s url=https://www.myfonts.com/collections/kana-takahappy-san-font-taka-design-production/?tab=techSpecs
[2026-09-27T15:01:34Z] #4662 attempt=1/2 status=200 0.213s url=https://www.myfonts.com/collections/kana-takahappy-san-font-taka-design-production/
[2026-09-27T15:01:35Z] #4663 attempt=1/2 status=200 0.409s url=https://www.myfonts.com/products/ultra-kana-takacurve-1221714
[2026-09-27T15:01:36Z] #4664 attempt=1/2 status=200 0.408s url=https://www.myfonts.com/collections/kana-takacurve-font-taka-design-production/
[2026-09-27T15:01:37Z] #4665 attempt=1/2 status=200 0.365s url=https://www.myfonts.com/collections/kana-takacurve-font-taka-design-production/?tab=techSpecs
[2026-09-27T15:01:38Z] #4666 attempt=1/2 status=200 0.273s url=https://www.myfonts.com/collections/kana-takacurve-font-taka-design-production/
[2026-09-27T15:01:39Z] #4667 attempt=1/2 status=200 0.403s url=https://www.myfonts.com/products/ultra-kana-takasummer-maru-1222010
[2026-09-27T15:01:40Z] #4668 attempt=1/2 status=200 0.375s url=https://www.myfonts.com/collections/kana-takasummer-maru-font-taka-design-production/
[2026-09-27T15:01:40Z] #4669 attempt=1/2 status=200 0.344s url=https://www.myfonts.com/collections/kana-takasummer-maru-font-taka-design-production/?tab=techSpecs
[2026-09-27T15:01:42Z] #4670 attempt=1/2 status=200 0.223s url=https://www.myfonts.com/collections/kana-takasummer-maru-font-taka-design-production/
[2026-09-27T15:01:43Z] #4671 attempt=1/2 status=200 0.308s url=https://www.myfonts.com/products/ultra-kana-takatown-1221978
[2026-09-27T15:01:43Z] #4672 attempt=1/2 status=200 0.420s url=https://www.myfonts.com/collections/kana-takatown-font-taka-design-production/
[2026-09-27T15:01:44Z] #4673 attempt=1/2 status=200 0.412s url=https://www.myfonts.com/collections/kana-takatown-font-taka-design-production/?tab=techSpecs
[2026-09-27T15:01:46Z] #4674 attempt=1/2 status=200 0.243s url=https://www.myfonts.com/collections/kana-takatown-font-taka-design-production/
[2026-09-27T15:01:46Z] #4675 attempt=1/2 status=200 0.359s url=https://www.myfonts.com/products/ultra-kana-takacool-1221674
[2026-09-27T15:01:47Z] #4676 attempt=1/2 status=200 0.347s url=https://www.myfonts.com/collections/kana-takacool-font-taka-design-production/
[2026-09-27T15:01:48Z] #4677 attempt=1/2 status=200 0.381s url=https://www.myfonts.com/collections/kana-takacool-font-taka-design-production/?tab=techSpecs
[2026-09-27T15:01:50Z] #4678 attempt=1/2 status=200 0.245s url=https://www.myfonts.com/collections/kana-takacool-font-taka-design-production/
[2026-09-27T15:01:50Z] #4679 attempt=1/2 status=200 0.362s url=https://www.myfonts.com/products/ultra-kana-takalilac-1221899
[2026-09-27T15:01:51Z] #4680 attempt=1/2 status=200 0.354s url=https://www.myfonts.com/collections/kana-takalilac-font-taka-design-production/
[2026-09-27T15:01:52Z] #4681 attempt=1/2 status=200 0.373s url=https://www.myfonts.com/collections/kana-takalilac-font-taka-design-production/?tab=techSpecs
[2026-09-27T15:01:53Z] #4682 attempt=1/2 status=200 0.240s url=https://www.myfonts.com/collections/kana-takalilac-font-taka-design-production/
[2026-09-27T15:01:54Z] #4683 attempt=1/2 status=200 0.420s url=https://www.myfonts.com/products/ultra-kana-takatown-maru-1221826
[2026-09-27T15:01:55Z] #4684 attempt=1/2 status=200 0.414s url=https://www.myfonts.com/collections/kana-takatown-maru-font-taka-design-production/
[2026-09-27T15:01:56Z] #4685 attempt=1/2 status=200 0.340s url=https://www.myfonts.com/collections/kana-takatown-maru-font-taka-design-production/?tab=techSpecs
[2026-09-27T15:01:57Z] #4686 attempt=1/2 status=200 0.238s url=https://www.myfonts.com/collections/kana-takatown-maru-font-taka-design-production/
[2026-09-27T15:01:58Z] #4687 attempt=1/2 status=200 0.382s url=https://www.myfonts.com/products/ultra-kana-takasunk-1221939
[2026-09-27T15:01:59Z] #4688 attempt=1/2 status=200 0.355s url=https://www.myfonts.com/collections/kana-takasunk-font-taka-design-production/
[2026-09-27T15:02:00Z] #4689 attempt=1/2 status=200 0.390s url=https://www.myfonts.com/collections/kana-takasunk-font-taka-design-production/?tab=techSpecs
[2026-09-27T15:02:01Z] #4690 attempt=1/2 status=200 0.325s url=https://www.myfonts.com/collections/kana-takasunk-font-taka-design-production/
[2026-09-27T15:02:02Z] #4691 attempt=1/2 status=200 0.354s url=https://www.myfonts.com/products/heavy-kana-takamate-maru-1221745
[2026-09-27T15:02:03Z] #4692 attempt=1/2 status=200 0.421s url=https://www.myfonts.com/collections/kana-takamate-maru-font-taka-design-production/
[2026-09-27T15:02:04Z] #4693 attempt=1/2 status=200 0.356s url=https://www.myfonts.com/collections/kana-takamate-maru-font-taka-design-production/?tab=techSpecs
[2026-09-27T15:02:05Z] #4694 attempt=1/2 status=200 0.238s url=https://www.myfonts.com/collections/kana-takamate-maru-font-taka-design-production/
[2026-09-27T15:02:06Z] #4695 attempt=1/2 status=200 0.391s url=https://www.myfonts.com/products/ultra-kana-takalucky-1221778
[2026-09-27T15:02:07Z] #4696 attempt=1/2 status=200 0.414s url=https://www.myfonts.com/collections/kana-takalucky-font-taka-design-production/
[2026-09-27T15:02:08Z] #4697 attempt=1/2 status=200 0.426s url=https://www.myfonts.com/collections/kana-takalucky-font-taka-design-production/?tab=techSpecs
[2026-09-27T15:02:09Z] #4698 attempt=1/2 status=200 0.218s url=https://www.myfonts.com/collections/kana-takalucky-font-taka-design-production/
[2026-09-27T15:02:10Z] #4699 attempt=1/2 status=200 0.416s url=https://www.myfonts.com/products/ultra-kana-takaacacia-1221642
[2026-09-27T15:02:11Z] #4700 attempt=1/2 status=200 0.398s url=https://www.myfonts.com/collections/kana-takaacacia-font-taka-design-production/
[2026-09-27T15:02:11Z] #4701 attempt=1/2 status=200 0.312s url=https://www.myfonts.com/collections/kana-takaacacia-font-taka-design-production/?tab=techSpecs
[2026-09-27T15:02:13Z] #4702 attempt=1/2 status=200 0.219s url=https://www.myfonts.com/collections/kana-takaacacia-font-taka-design-production/
[2026-09-27T15:02:14Z] #4703 attempt=1/6 status=200 0.772s url=https://www.myfonts.com/products.json?limit=100&page=131
[2026-09-27T15:02:15Z] #4704 attempt=1/2 status=200 0.356s url=https://www.myfonts.com/products/ultra-kana-takahappy-kadomaru-1221666
[2026-09-27T15:02:15Z] #4705 attempt=1/2 status=200 0.350s url=https://www.myfonts.com/collections/kana-takahappy-kadomaru-font-taka-design-production/
[2026-09-27T15:02:16Z] #4706 attempt=1/2 status=200 0.323s url=https://www.myfonts.com/collections/kana-takahappy-kadomaru-font-taka-design-production/?tab=techSpecs
[2026-09-27T15:02:18Z] #4707 attempt=1/2 status=200 0.265s url=https://www.myfonts.com/collections/kana-takahappy-kadomaru-font-taka-design-production/
[2026-09-27T15:02:19Z] #4708 attempt=1/2 status=200 0.330s url=https://www.myfonts.com/products/ultra-kana-takaandes-1221706
[2026-09-27T15:02:19Z] #4709 attempt=1/2 status=200 0.415s url=https://www.myfonts.com/collections/kana-takaandes-font-taka-design-production/
[2026-09-27T15:02:20Z] #4710 attempt=1/2 status=200 0.377s url=https://www.myfonts.com/collections/kana-takaandes-font-taka-design-production/?tab=techSpecs
[2026-09-27T15:02:22Z] #4711 attempt=1/2 status=200 0.236s url=https://www.myfonts.com/collections/kana-takaandes-font-taka-design-production/
[2026-09-27T15:02:22Z] #4712 attempt=1/2 status=200 0.383s url=https://www.myfonts.com/products/ultra-kana-takapark-maru-1221970
[2026-09-27T15:02:23Z] #4713 attempt=1/2 status=200 0.427s url=https://www.myfonts.com/collections/kana-takapark-maru-font-taka-design-production/
[2026-09-27T15:02:24Z] #4714 attempt=1/2 status=200 0.310s url=https://www.myfonts.com/collections/kana-takapark-maru-font-taka-design-production/?tab=techSpecs
[2026-09-27T15:02:26Z] #4715 attempt=1/2 status=200 0.250s url=https://www.myfonts.com/collections/kana-takapark-maru-font-taka-design-production/
[2026-09-27T15:02:26Z] #4716 attempt=1/2 status=200 0.318s url=https://www.myfonts.com/products/ultra-kana-takaswing-1221818
[2026-09-27T15:02:27Z] #4717 attempt=1/2 status=200 0.386s url=https://www.myfonts.com/collections/kana-takaswing-font-taka-design-production/
[2026-09-27T15:02:28Z] #4718 attempt=1/2 status=200 0.372s url=https://www.myfonts.com/collections/kana-takaswing-font-taka-design-production/?tab=techSpecs
[2026-09-27T15:02:29Z] #4719 attempt=1/2 status=200 0.301s url=https://www.myfonts.com/collections/kana-takaswing-font-taka-design-production/
[2026-09-27T15:02:30Z] #4720 attempt=1/2 status=200 0.367s url=https://www.myfonts.com/products/ultra-kana-takapoplar-1221890
[2026-09-27T15:02:31Z] #4721 attempt=1/2 status=200 0.393s url=https://www.myfonts.com/collections/kana-takapoplar-font-taka-design-production/
[2026-09-27T15:02:32Z] #4722 attempt=1/2 status=200 0.356s url=https://www.myfonts.com/collections/kana-takapoplar-font-taka-design-production/?tab=techSpecs
[2026-09-27T15:02:33Z] #4723 attempt=1/2 status=200 0.206s url=https://www.myfonts.com/collections/kana-takapoplar-font-taka-design-production/
[2026-09-27T15:02:34Z] #4724 attempt=1/2 status=200 0.329s url=https://www.myfonts.com/products/ultra-kana-takahope-kai-1221634
[2026-09-27T15:02:35Z] #4725 attempt=1/2 status=200 0.368s url=https://www.myfonts.com/collections/kana-takahope-kai-font-taka-design-production/
[2026-09-27T15:02:35Z] #4726 attempt=1/2 status=200 0.407s url=https://www.myfonts.com/collections/kana-takahope-kai-font-taka-design-production/?tab=techSpecs
[2026-09-27T15:02:37Z] #4727 attempt=1/2 status=200 0.213s url=https://www.myfonts.com/collections/kana-takahope-kai-font-taka-design-production/
[2026-09-27T15:02:38Z] #4728 attempt=1/6 status=200 0.816s url=https://www.myfonts.com/products.json?limit=100&page=132
[2026-09-27T15:02:39Z] #4729 attempt=1/2 status=200 0.393s url=https://www.myfonts.com/products/chaster-complete-family-package-1221469
[2026-09-27T15:02:40Z] #4730 attempt=1/2 status=200 0.643s url=https://www.myfonts.com/collections/chaster-font-fargun-studio/
[2026-09-27T15:02:41Z] #4731 attempt=1/2 status=200 0.492s url=https://www.myfonts.com/collections/chaster-font-fargun-studio/?tab=techSpecs
[2026-09-27T15:02:43Z] #4732 attempt=1/2 status=200 0.540s url=https://www.myfonts.com/products/hackensack-complete-family-package-1221282
[2026-09-27T15:02:44Z] #4733 attempt=1/2 status=200 0.547s url=https://www.myfonts.com/collections/hackensack-font-typodermic/
[2026-09-27T15:02:45Z] #4734 attempt=1/2 status=200 0.482s url=https://www.myfonts.com/collections/hackensack-font-typodermic/?tab=techSpecs
[2026-09-27T15:02:47Z] #4735 attempt=1/2 status=200 0.824s url=https://www.myfonts.com/products/handcrafted-signature-font-bundle-package-772696
[2026-09-27T15:02:48Z] #4736 attempt=1/2 status=404 0.276s url=https://www.myfonts.com/collections/handcrafted-signature-font-bundle-font-lemonthe
[2026-09-27T15:02:48Z] #4737 attempt=1/2 status=200 0.295s url=https://www.myfonts.com/products/regular-mrmarker-1221276
[2026-09-27T15:02:49Z] #4738 attempt=1/2 status=200 0.362s url=https://www.myfonts.com/collections/mrmarker-font-paratype/
[2026-09-27T15:02:50Z] #4739 attempt=1/2 status=200 0.320s url=https://www.myfonts.com/collections/mrmarker-font-paratype/?tab=techSpecs
[2026-09-27T15:02:51Z] #4740 attempt=1/2 status=200 0.328s url=https://www.myfonts.com/products/ostrich-complete-family-package-1217499
[2026-09-27T15:02:52Z] #4741 attempt=1/2 status=200 0.362s url=https://www.myfonts.com/collections/ostrich-font-jafar07/
[2026-09-27T15:02:52Z] #4742 attempt=1/2 status=200 0.326s url=https://www.myfonts.com/collections/ostrich-font-jafar07/?tab=techSpecs
[2026-09-27T15:02:55Z] #4743 attempt=1/2 status=200 1.794s url=https://www.myfonts.com/products/essential-font-family-package-1221107
[2026-09-27T15:02:59Z] #4744 attempt=1/2 status=200 3.731s url=https://www.myfonts.com/collections/gathime-font-logic-type/
[2026-09-27T15:03:04Z] #4745 attempt=1/2 status=200 3.418s url=https://www.myfonts.com/collections/gathime-font-logic-type/?tab=techSpecs
[2026-09-27T15:03:07Z] #4746 attempt=1/2 status=200 0.721s url=https://www.myfonts.com/products/phidias-block-package-1218153
[2026-09-27T15:03:08Z] #4747 attempt=1/2 status=200 0.400s url=https://www.myfonts.com/collections/phidias-font-spencer-and-sons-co/
[2026-09-27T15:03:09Z] #4748 attempt=1/2 status=200 0.701s url=https://www.myfonts.com/collections/phidias-font-spencer-and-sons-co/?tab=techSpecs
[2026-09-27T15:03:11Z] #4749 attempt=1/2 status=200 0.426s url=https://www.myfonts.com/products/finlado-variable-complete-family-package-1220454
[2026-09-27T15:03:12Z] #4750 attempt=1/2 status=200 0.430s url=https://www.myfonts.com/collections/finlado-variable-font-bartama-graphic/
[2026-09-27T15:03:12Z] #4751 attempt=1/2 status=200 0.390s url=https://www.myfonts.com/collections/finlado-variable-font-bartama-graphic/?tab=techSpecs
[2026-09-27T15:03:14Z] #4752 attempt=1/2 status=200 0.382s url=https://www.myfonts.com/products/nathen-complete-family-package-1217503
[2026-09-27T15:03:15Z] #4753 attempt=1/2 status=200 0.373s url=https://www.myfonts.com/collections/nathen-font-ekahermawan/
[2026-09-27T15:03:16Z] #4754 attempt=1/2 status=200 0.381s url=https://www.myfonts.com/collections/nathen-font-ekahermawan/?tab=techSpecs
[2026-09-27T15:03:17Z] #4755 attempt=1/2 status=200 0.401s url=https://www.myfonts.com/products/snasm-complete-family-package-1219001
[2026-09-27T15:03:18Z] #4756 attempt=1/2 status=200 0.509s url=https://www.myfonts.com/collections/snasm-font-typodermic/
[2026-09-27T15:03:19Z] #4757 attempt=1/2 status=200 0.461s url=https://www.myfonts.com/collections/snasm-font-typodermic/?tab=techSpecs
[2026-09-27T15:03:21Z] #4758 attempt=1/2 status=200 0.594s url=https://www.myfonts.com/products/the-selfia-elegance-complete-family-package-1217930
[2026-09-27T15:03:23Z] #4759 attempt=1/2 status=200 1.076s url=https://www.myfonts.com/collections/the-selfia-elegance-font-romie-creative/
[2026-09-27T15:03:24Z] #4760 attempt=1/2 status=200 1.025s url=https://www.myfonts.com/collections/the-selfia-elegance-font-romie-creative/?tab=techSpecs
[2026-09-27T15:03:26Z] #4761 attempt=1/2 status=200 0.447s url=https://www.myfonts.com/products/laga-complete-family-package-1218657
[2026-09-27T15:03:27Z] #4762 attempt=1/2 status=200 0.527s url=https://www.myfonts.com/collections/laga-font-typerasa/
[2026-09-27T15:03:28Z] #4763 attempt=1/2 status=200 0.390s url=https://www.myfonts.com/collections/laga-font-typerasa/?tab=techSpecs
[2026-09-27T15:03:31Z] #4764 attempt=1/2 status=200 1.948s url=https://www.myfonts.com/products/tanflisc-complete-family-package-1218592
[2026-09-27T15:03:35Z] #4765 attempt=1/2 status=200 3.282s url=https://www.myfonts.com/collections/tanflisc-font-pista-mova/
[2026-09-27T15:03:38Z] #4766 attempt=1/2 status=200 2.253s url=https://www.myfonts.com/collections/tanflisc-font-pista-mova/?tab=techSpecs
[2026-09-27T15:03:40Z] #4767 attempt=1/2 status=200 0.392s url=https://www.myfonts.com/products/musty-serif-complete-family-package-1218768
[2026-09-27T15:03:41Z] #4768 attempt=1/2 status=200 0.427s url=https://www.myfonts.com/collections/musty-serif-font-flawlessandco/
[2026-09-27T15:03:42Z] #4769 attempt=1/2 status=200 0.343s url=https://www.myfonts.com/collections/musty-serif-font-flawlessandco/?tab=techSpecs
[2026-09-27T15:03:43Z] #4770 attempt=1/2 status=200 0.340s url=https://www.myfonts.com/products/jellybean-lemonade-complete-family-package-1218195
[2026-09-27T15:03:44Z] #4771 attempt=1/2 status=200 0.358s url=https://www.myfonts.com/collections/jellybean-lemonade-font-jinan-studio/
[2026-09-27T15:03:45Z] #4772 attempt=1/2 status=200 0.330s url=https://www.myfonts.com/collections/jellybean-lemonade-font-jinan-studio/?tab=techSpecs
[2026-09-27T15:03:47Z] #4773 attempt=1/2 status=200 0.571s url=https://www.myfonts.com/products/ayah-complete-family-package-1218114
[2026-09-27T15:03:48Z] #4774 attempt=1/2 status=200 0.646s url=https://www.myfonts.com/collections/ayah-font-abbastype/
[2026-09-27T15:03:49Z] #4775 attempt=1/2 status=200 0.615s url=https://www.myfonts.com/collections/ayah-font-abbastype/?tab=techSpecs
[2026-09-27T15:03:51Z] #4776 attempt=1/2 status=200 0.350s url=https://www.myfonts.com/products/naglia-complete-family-package-1218944
[2026-09-27T15:03:51Z] #4777 attempt=1/2 status=200 0.360s url=https://www.myfonts.com/collections/naglia-font-vultype-co/
[2026-09-27T15:03:52Z] #4778 attempt=1/2 status=200 0.337s url=https://www.myfonts.com/collections/naglia-font-vultype-co/?tab=techSpecs
[2026-09-27T15:03:54Z] #4779 attempt=1/2 status=200 0.313s url=https://www.myfonts.com/products/hamidlak-complete-family-package-1218526
[2026-09-27T15:03:55Z] #4780 attempt=1/2 status=200 0.403s url=https://www.myfonts.com/collections/hamidlak-font-maulana-creative/
[2026-09-27T15:03:55Z] #4781 attempt=1/2 status=200 0.354s url=https://www.myfonts.com/collections/hamidlak-font-maulana-creative/?tab=techSpecs
[2026-09-27T15:03:57Z] #4782 attempt=1/2 status=200 0.806s url=https://www.myfonts.com/products/ranykinaya-bold-complete-family-package-1219252
[2026-09-27T15:03:59Z] #4783 attempt=1/2 status=200 1.186s url=https://www.myfonts.com/collections/ranykinaya-bold-font-abbastype/
[2026-09-27T15:04:01Z] #4784 attempt=1/2 status=200 0.982s url=https://www.myfonts.com/collections/ranykinaya-bold-font-abbastype/?tab=techSpecs
[2026-09-27T15:04:02Z] #4785 attempt=1/2 status=200 0.366s url=https://www.myfonts.com/products/rellia-complete-family-package-1220303
[2026-09-27T15:04:03Z] #4786 attempt=1/2 status=200 0.331s url=https://www.myfonts.com/collections/rellia-font-anxietype-foundry/
[2026-09-27T15:04:04Z] #4787 attempt=1/2 status=200 0.313s url=https://www.myfonts.com/collections/rellia-font-anxietype-foundry/?tab=techSpecs
[2026-09-27T15:04:05Z] #4788 attempt=1/2 status=200 0.398s url=https://www.myfonts.com/products/heritage-angles-complete-family-package-1217518
[2026-09-27T15:04:06Z] #4789 attempt=1/2 status=200 0.407s url=https://www.myfonts.com/collections/heritage-angles-font-vermilione/
[2026-09-27T15:04:07Z] #4790 attempt=1/2 status=200 0.363s url=https://www.myfonts.com/collections/heritage-angles-font-vermilione/?tab=techSpecs
[2026-09-27T15:04:09Z] #4791 attempt=1/2 status=200 0.387s url=https://www.myfonts.com/products/kufi-20-complete-family-package-1219019
[2026-09-27T15:04:09Z] #4792 attempt=1/2 status=200 0.475s url=https://www.myfonts.com/collections/kufi-20-font-grafikarfonts/
[2026-09-27T15:04:10Z] #4793 attempt=1/2 status=200 0.321s url=https://www.myfonts.com/collections/kufi-20-font-grafikarfonts/?tab=techSpecs
[2026-09-27T15:04:12Z] #4794 attempt=1/2 status=200 0.740s url=https://www.myfonts.com/products/valetia-complete-family-package-1219046
[2026-09-27T15:04:14Z] #4795 attempt=1/2 status=200 1.274s url=https://www.myfonts.com/collections/valetia-font-abbastype/
[2026-09-27T15:04:16Z] #4796 attempt=1/2 status=200 1.122s url=https://www.myfonts.com/collections/valetia-font-abbastype/?tab=techSpecs
[2026-09-27T15:04:17Z] #4797 attempt=1/2 status=200 0.388s url=https://www.myfonts.com/products/curlovia-complete-family-package-1218881
[2026-09-27T15:04:18Z] #4798 attempt=1/2 status=200 0.417s url=https://www.myfonts.com/collections/curlovia-font-tini-fitriani/
[2026-09-27T15:04:19Z] #4799 attempt=1/2 status=200 0.338s url=https://www.myfonts.com/collections/curlovia-font-tini-fitriani/?tab=techSpecs
[2026-09-27T15:04:22Z] #4800 attempt=1/2 status=200 1.222s url=https://www.myfonts.com/products/en-passant-complete-family-package-1217550
[2026-09-27T15:04:24Z] #4801 attempt=1/2 status=200 2.271s url=https://www.myfonts.com/collections/en-passant-font-artisan-studio/
[2026-09-27T15:04:27Z] #4802 attempt=1/2 status=200 2.180s url=https://www.myfonts.com/collections/en-passant-font-artisan-studio/?tab=techSpecs
[2026-09-27T15:04:29Z] #4803 attempt=1/2 status=200 0.322s url=https://www.myfonts.com/products/bravoon-complete-family-package-1219037
[2026-09-27T15:04:30Z] #4804 attempt=1/2 status=200 0.363s url=https://www.myfonts.com/collections/bravoon-font-muksal-creatives/
[2026-09-27T15:04:31Z] #4805 attempt=1/2 status=200 0.314s url=https://www.myfonts.com/collections/bravoon-font-muksal-creatives/?tab=techSpecs
[2026-09-27T15:04:33Z] #4806 attempt=1/2 status=200 1.002s url=https://www.myfonts.com/products/hanasoba-soft-complete-family-package-1218238
[2026-09-27T15:04:35Z] #4807 attempt=1/2 status=200 1.293s url=https://www.myfonts.com/collections/hanasoba-soft-font-creatorism/
[2026-09-27T15:04:37Z] #4808 attempt=1/2 status=200 0.837s url=https://www.myfonts.com/collections/hanasoba-soft-font-creatorism/?tab=techSpecs
[2026-09-27T15:04:39Z] #4809 attempt=1/2 status=200 0.848s url=https://www.myfonts.com/products/bunda-complete-family-package-1219483
[2026-09-27T15:04:40Z] #4810 attempt=1/2 status=200 1.349s url=https://www.myfonts.com/collections/bunda-font-abbastype/
[2026-09-27T15:04:42Z] #4811 attempt=1/2 status=200 0.971s url=https://www.myfonts.com/collections/bunda-font-abbastype/?tab=techSpecs
[2026-09-27T15:04:44Z] #4812 attempt=1/2 status=200 0.985s url=https://www.myfonts.com/products/loreva-complete-family-package-1219665
[2026-09-27T15:04:47Z] #4813 attempt=1/2 status=200 1.859s url=https://www.myfonts.com/collections/loreva-font-trick-type-style/
[2026-09-27T15:04:49Z] #4814 attempt=1/2 status=200 1.572s url=https://www.myfonts.com/collections/loreva-font-trick-type-style/?tab=techSpecs
[2026-09-27T15:04:51Z] #4815 attempt=1/2 status=200 0.426s url=https://www.myfonts.com/products/valloria-complete-family-package-1217521
[2026-09-27T15:04:52Z] #4816 attempt=1/2 status=200 0.530s url=https://www.myfonts.com/collections/valloria-font-flawlessandco/
[2026-09-27T15:04:53Z] #4817 attempt=1/2 status=200 0.441s url=https://www.myfonts.com/collections/valloria-font-flawlessandco/?tab=techSpecs
[2026-09-27T15:04:55Z] #4818 attempt=1/2 status=200 1.081s url=https://www.myfonts.com/products/crayola-complete-family-package-1220306
[2026-09-27T15:04:57Z] #4819 attempt=1/2 status=200 1.563s url=https://www.myfonts.com/collections/crayola-font-dorado-foundry/
[2026-09-27T15:05:00Z] #4820 attempt=1/2 status=200 1.674s url=https://www.myfonts.com/collections/crayola-font-dorado-foundry/?tab=techSpecs
[2026-09-27T15:05:01Z] #4821 attempt=1/2 status=200 0.336s url=https://www.myfonts.com/products/ss-macrola-complete-family-package-1219042
[2026-09-27T15:05:02Z] #4822 attempt=1/2 status=200 0.356s url=https://www.myfonts.com/collections/ss-macrola-font-vermilione/
[2026-09-27T15:05:03Z] #4823 attempt=1/2 status=200 0.357s url=https://www.myfonts.com/collections/ss-macrola-font-vermilione/?tab=techSpecs
[2026-09-27T15:05:05Z] #4824 attempt=1/2 status=200 0.614s url=https://www.myfonts.com/products/poster-press-printed-complete-family-package-1218194
[2026-09-27T15:05:06Z] #4825 attempt=1/2 status=200 0.902s url=https://www.myfonts.com/collections/poster-press-font-spencer-and-sons-co/
[2026-09-27T15:05:07Z] #4826 attempt=1/2 status=200 0.555s url=https://www.myfonts.com/collections/poster-press-font-spencer-and-sons-co/?tab=techSpecs
[2026-09-27T15:05:09Z] #4827 attempt=1/2 status=200 0.448s url=https://www.myfonts.com/products/aeroline-linear-complete-family-package-1219028
[2026-09-27T15:05:10Z] #4828 attempt=1/2 status=200 0.479s url=https://www.myfonts.com/collections/aeroline-linear-font-kufic-studio/
[2026-09-27T15:05:11Z] #4829 attempt=1/2 status=200 0.354s url=https://www.myfonts.com/collections/aeroline-linear-font-kufic-studio/?tab=techSpecs
[2026-09-27T15:05:13Z] #4830 attempt=1/2 status=200 0.396s url=https://www.myfonts.com/products/qubbe-complete-family-package-1219014
[2026-09-27T15:05:13Z] #4831 attempt=1/2 status=200 0.422s url=https://www.myfonts.com/collections/qubbe-font-ahmet-altun/
[2026-09-27T15:05:14Z] #4832 attempt=1/2 status=200 0.347s url=https://www.myfonts.com/collections/qubbe-font-ahmet-altun/?tab=techSpecs
[2026-09-27T15:05:16Z] #4833 attempt=1/2 status=200 0.859s url=https://www.myfonts.com/products/kerling-script-complete-family-package-1218529
[2026-09-27T15:05:18Z] #4834 attempt=1/2 status=200 1.431s url=https://www.myfonts.com/collections/kerling-script-font-abbastype/
[2026-09-27T15:05:20Z] #4835 attempt=1/2 status=200 0.824s url=https://www.myfonts.com/collections/kerling-script-font-abbastype/?tab=techSpecs
[2026-09-27T15:05:21Z] #4836 attempt=1/2 status=200 0.357s url=https://www.myfonts.com/products/mirety-complete-family-package-1218996
[2026-09-27T15:05:22Z] #4837 attempt=1/2 status=200 0.402s url=https://www.myfonts.com/collections/mirety-font-issam-type/
[2026-09-27T15:05:23Z] #4838 attempt=1/2 status=200 0.392s url=https://www.myfonts.com/collections/mirety-font-issam-type/?tab=techSpecs
[2026-09-27T15:05:25Z] #4839 attempt=1/6 status=200 1.004s url=https://www.myfonts.com/products.json?limit=100&page=133
[2026-09-27T15:05:28Z] #4840 attempt=1/2 status=200 2.002s url=https://www.myfonts.com/products/gasterik-complete-family-package-1218198
[2026-09-27T15:05:30Z] #4841 attempt=1/2 status=200 2.069s url=https://www.myfonts.com/collections/gasterik-font-josstype/
[2026-09-27T15:05:33Z] #4842 attempt=1/2 status=200 1.632s url=https://www.myfonts.com/collections/gasterik-font-josstype/?tab=techSpecs
[2026-09-27T15:05:36Z] #4843 attempt=1/2 status=200 1.619s url=https://www.myfonts.com/products/rounded-package-1220301
[2026-09-27T15:05:39Z] #4844 attempt=1/2 status=200 2.980s url=https://www.myfonts.com/collections/flatoue-font-fontdroe/
[2026-09-27T15:05:43Z] #4845 attempt=1/2 status=200 2.620s url=https://www.myfonts.com/collections/flatoue-font-fontdroe/?tab=techSpecs
[2026-09-27T15:05:46Z] #4846 attempt=1/2 status=200 0.424s url=https://www.myfonts.com/products/veyrix-complete-family-package-1217472
[2026-09-27T15:05:46Z] #4847 attempt=1/2 status=200 0.469s url=https://www.myfonts.com/collections/veyrix-font-qiubare-studio/
[2026-09-27T15:05:47Z] #4848 attempt=1/2 status=200 0.448s url=https://www.myfonts.com/collections/veyrix-font-qiubare-studio/?tab=techSpecs
[2026-09-27T15:05:49Z] #4849 attempt=1/2 status=200 0.295s url=https://www.myfonts.com/products/grily-complete-family-package-1217489
[2026-09-27T15:05:50Z] #4850 attempt=1/2 status=200 0.474s url=https://www.myfonts.com/collections/grily-font-artiveko/
[2026-09-27T15:05:51Z] #4851 attempt=1/2 status=200 0.376s url=https://www.myfonts.com/collections/grily-font-artiveko/?tab=techSpecs
[2026-09-27T15:05:53Z] #4852 attempt=1/2 status=200 0.791s url=https://www.myfonts.com/products/amigora-complete-family-package-1218001
[2026-09-27T15:05:54Z] #4853 attempt=1/2 status=200 1.225s url=https://www.myfonts.com/collections/amigora-font-zane-studio/
[2026-09-27T15:05:56Z] #4854 attempt=1/2 status=200 1.111s url=https://www.myfonts.com/collections/amigora-font-zane-studio/?tab=techSpecs
[2026-09-27T15:05:58Z] #4855 attempt=1/2 status=200 0.352s url=https://www.myfonts.com/products/murisa-ida-complete-family-package-1219025
[2026-09-27T15:05:59Z] #4856 attempt=1/2 status=200 0.346s url=https://www.myfonts.com/collections/murisa-ida-font-murisa-studio/
[2026-09-27T15:06:00Z] #4857 attempt=1/2 status=200 0.346s url=https://www.myfonts.com/collections/murisa-ida-font-murisa-studio/?tab=techSpecs
[2026-09-27T15:06:02Z] #4858 attempt=1/2 status=200 0.755s url=https://www.myfonts.com/products/gilferos-cntr-complete-family-package-1218453
[2026-09-27T15:06:03Z] #4859 attempt=1/2 status=200 1.203s url=https://www.myfonts.com/collections/gilferos-cntr-font-gatype/
[2026-09-27T15:06:05Z] #4860 attempt=1/2 status=200 1.017s url=https://www.myfonts.com/collections/gilferos-cntr-font-gatype/?tab=techSpecs
[2026-09-27T15:06:07Z] #4861 attempt=1/2 status=200 0.509s url=https://www.myfonts.com/products/bouncy-mochi-complete-family-package-1217513
[2026-09-27T15:06:08Z] #4862 attempt=1/2 status=200 0.448s url=https://www.myfonts.com/collections/bouncy-mochi-font-cocodesign/
[2026-09-27T15:06:08Z] #4863 attempt=1/2 status=200 0.383s url=https://www.myfonts.com/collections/bouncy-mochi-font-cocodesign/?tab=techSpecs
[2026-09-27T15:06:11Z] #4864 attempt=1/2 status=200 0.993s url=https://www.myfonts.com/products/heyhai-complete-family-package-1219568
[2026-09-27T15:06:12Z] #4865 attempt=1/2 status=200 1.346s url=https://www.myfonts.com/collections/heyhai-font-abbastype/
[2026-09-27T15:06:14Z] #4866 attempt=1/2 status=200 1.075s url=https://www.myfonts.com/collections/heyhai-font-abbastype/?tab=techSpecs
[2026-09-27T15:06:16Z] #4867 attempt=1/2 status=200 0.396s url=https://www.myfonts.com/products/taska-complete-family-package-1217485
[2026-09-27T15:06:17Z] #4868 attempt=1/2 status=200 0.407s url=https://www.myfonts.com/collections/taska-font-hishand-studio/
[2026-09-27T15:06:17Z] #4869 attempt=1/2 status=200 0.337s url=https://www.myfonts.com/collections/taska-font-hishand-studio/?tab=techSpecs
[2026-09-27T15:06:19Z] #4870 attempt=1/2 status=200 0.907s url=https://www.myfonts.com/products/ethnology-complete-family-package-1219828
[2026-09-27T15:06:23Z] #4871 attempt=1/2 status=200 2.652s url=https://www.myfonts.com/collections/ethnology-font-groenstudio/
[2026-09-27T15:06:26Z] #4872 attempt=1/2 status=200 2.232s url=https://www.myfonts.com/collections/ethnology-font-groenstudio/?tab=techSpecs
[2026-09-27T15:06:28Z] #4873 attempt=1/6 status=200 0.812s url=https://www.myfonts.com/products.json?limit=100&page=134
[2026-09-27T15:06:30Z] #4874 attempt=1/6 status=200 0.697s url=https://www.myfonts.com/products.json?limit=100&page=135
[2026-09-27T15:06:30Z] #4875 attempt=1/2 status=200 0.321s url=https://www.myfonts.com/products/regular-herjima-1218452
[2026-09-27T15:06:31Z] #4876 attempt=1/2 status=200 0.395s url=https://www.myfonts.com/collections/herjima-font-arif-novianto/
[2026-09-27T15:06:32Z] #4877 attempt=1/2 status=200 0.327s url=https://www.myfonts.com/collections/herjima-font-arif-novianto/?tab=techSpecs
[2026-09-27T15:06:33Z] #4878 attempt=1/2 status=200 0.302s url=https://www.myfonts.com/products/regular-velmiqura-1219041
[2026-09-27T15:06:34Z] #4879 attempt=1/2 status=200 0.324s url=https://www.myfonts.com/collections/velmiqura-font-arif-novianto/
[2026-09-27T15:06:34Z] #4880 attempt=1/2 status=200 0.370s url=https://www.myfonts.com/collections/velmiqura-font-arif-novianto/?tab=techSpecs
[2026-09-27T15:06:36Z] #4881 attempt=1/6 status=200 0.892s url=https://www.myfonts.com/products.json?limit=100&page=136
[2026-09-27T15:06:38Z] #4882 attempt=1/6 status=200 0.780s url=https://www.myfonts.com/products.json?limit=100&page=137
[2026-09-27T15:06:39Z] #4883 attempt=1/6 status=200 0.771s url=https://www.myfonts.com/products.json?limit=100&page=138
[2026-09-27T15:06:40Z] #4884 attempt=1/6 status=200 0.865s url=https://www.myfonts.com/products.json?limit=100&page=139
[2026-09-27T15:06:42Z] #4885 attempt=1/6 status=200 0.812s url=https://www.myfonts.com/products.json?limit=100&page=140
[2026-09-27T15:06:43Z] #4886 attempt=1/2 status=200 0.346s url=https://www.myfonts.com/products/regular-chetabi-1219045
[2026-09-27T15:06:43Z] #4887 attempt=1/2 status=200 0.344s url=https://www.myfonts.com/collections/chetabi-font-maulana-creative/
[2026-09-27T15:06:44Z] #4888 attempt=1/2 status=200 0.314s url=https://www.myfonts.com/collections/chetabi-font-maulana-creative/?tab=techSpecs
[2026-09-27T15:06:46Z] #4889 attempt=1/6 status=200 0.735s url=https://www.myfonts.com/products.json?limit=100&page=141
[2026-09-27T15:06:47Z] #4890 attempt=1/6 status=200 1.034s url=https://www.myfonts.com/products.json?limit=100&page=142
[2026-09-27T15:06:48Z] #4891 attempt=1/2 status=200 0.325s url=https://www.myfonts.com/products/regular-rosewater-1218994
[2026-09-27T15:06:49Z] #4892 attempt=1/2 status=200 0.341s url=https://www.myfonts.com/collections/rosewater-font-fontcake/
[2026-09-27T15:06:49Z] #4893 attempt=1/2 status=200 0.300s url=https://www.myfonts.com/collections/rosewater-font-fontcake/?tab=techSpecs
[2026-09-27T15:06:51Z] #4894 attempt=1/6 status=200 0.692s url=https://www.myfonts.com/products.json?limit=100&page=143
[2026-09-27T15:06:52Z] #4895 attempt=1/6 status=200 0.708s url=https://www.myfonts.com/products.json?limit=100&page=144
[2026-09-27T15:06:53Z] #4896 attempt=1/2 status=200 0.332s url=https://www.myfonts.com/products/light-favoralight-1219829
[2026-09-27T15:06:54Z] #4897 attempt=1/2 status=200 0.505s url=https://www.myfonts.com/collections/favoralight-font-dgsa-type-foundry/
[2026-09-27T15:06:55Z] #4898 attempt=1/2 status=200 0.324s url=https://www.myfonts.com/collections/favoralight-font-dgsa-type-foundry/?tab=techSpecs
[2026-09-27T15:06:56Z] #4899 attempt=1/6 status=200 0.797s url=https://www.myfonts.com/products.json?limit=100&page=145
[2026-09-27T15:06:58Z] #4900 attempt=1/6 status=200 0.828s url=https://www.myfonts.com/products.json?limit=100&page=146
[2026-09-27T15:06:59Z] #4901 attempt=1/6 status=200 0.881s url=https://www.myfonts.com/products.json?limit=100&page=147
[2026-09-27T15:07:00Z] #4902 attempt=1/2 status=200 0.334s url=https://www.myfonts.com/products/regular-ranthina-1219018
[2026-09-27T15:07:01Z] #4903 attempt=1/2 status=200 0.351s url=https://www.myfonts.com/collections/ranthina-font-dgtype/
[2026-09-27T15:07:01Z] #4904 attempt=1/2 status=200 0.297s url=https://www.myfonts.com/collections/ranthina-font-dgtype/?tab=techSpecs
[2026-09-27T15:07:03Z] #4905 attempt=1/6 status=200 0.843s url=https://www.myfonts.com/products.json?limit=100&page=148
[2026-09-27T15:07:04Z] #4906 attempt=1/2 status=200 0.368s url=https://www.myfonts.com/products/regular-machinay-1220453
[2026-09-27T15:07:04Z] #4907 attempt=1/2 status=200 0.337s url=https://www.myfonts.com/collections/machinay-font-hishand-studio/
[2026-09-27T15:07:05Z] #4908 attempt=1/2 status=200 0.263s url=https://www.myfonts.com/collections/machinay-font-hishand-studio/?tab=techSpecs
[2026-09-27T15:07:06Z] #4909 attempt=1/2 status=200 0.347s url=https://www.myfonts.com/products/regular-miracle-friday-1219040
[2026-09-27T15:07:07Z] #4910 attempt=1/2 status=200 0.405s url=https://www.myfonts.com/collections/miracle-friday-font-anxietype-foundry/
[2026-09-27T15:07:08Z] #4911 attempt=1/2 status=200 0.313s url=https://www.myfonts.com/collections/miracle-friday-font-anxietype-foundry/?tab=techSpecs
[2026-09-27T15:07:10Z] #4912 attempt=1/6 status=200 0.839s url=https://www.myfonts.com/products.json?limit=100&page=149
[2026-09-27T15:07:10Z] #4913 attempt=1/2 status=200 0.313s url=https://www.myfonts.com/products/regular-botanist-hand-1220452
[2026-09-27T15:07:11Z] #4914 attempt=1/2 status=200 0.370s url=https://www.myfonts.com/collections/botanist-hand-font-inviline/
[2026-09-27T15:07:12Z] #4915 attempt=1/2 status=200 0.324s url=https://www.myfonts.com/collections/botanist-hand-font-inviline/?tab=techSpecs
[2026-09-27T15:07:14Z] #4916 attempt=1/6 status=200 0.783s url=https://www.myfonts.com/products.json?limit=100&page=150
[2026-09-27T15:07:15Z] #4917 attempt=1/6 status=200 0.881s url=https://www.myfonts.com/products.json?limit=100&page=151
[2026-09-27T15:07:16Z] #4918 attempt=1/6 status=200 0.927s url=https://www.myfonts.com/products.json?limit=100&page=152
[2026-09-27T15:07:17Z] #4919 attempt=1/2 status=200 0.300s url=https://www.myfonts.com/products/regular-raslune-1220302
[2026-09-27T15:07:18Z] #4920 attempt=1/2 status=200 0.361s url=https://www.myfonts.com/collections/raslune-font-flawlessandco/
[2026-09-27T15:07:19Z] #4921 attempt=1/2 status=200 0.350s url=https://www.myfonts.com/collections/raslune-font-flawlessandco/?tab=techSpecs
[2026-09-27T15:07:20Z] #4922 attempt=1/6 status=200 0.846s url=https://www.myfonts.com/products.json?limit=100&page=153
[2026-09-27T15:07:22Z] #4923 attempt=1/6 status=200 0.892s url=https://www.myfonts.com/products.json?limit=100&page=154
[2026-09-27T15:07:23Z] #4924 attempt=1/6 status=200 0.668s url=https://www.myfonts.com/products.json?limit=100&page=155
[2026-09-27T15:07:24Z] #4925 attempt=1/6 status=200 0.799s url=https://www.myfonts.com/products.json?limit=100&page=156
[2026-09-27T15:07:26Z] #4926 attempt=1/6 status=200 0.817s url=https://www.myfonts.com/products.json?limit=100&page=157
[2026-09-27T15:07:26Z] #4927 attempt=1/2 status=200 0.333s url=https://www.myfonts.com/products/regular-rayma-1217533
[2026-09-27T15:07:27Z] #4928 attempt=1/2 status=200 0.299s url=https://www.myfonts.com/collections/rayma-font-dareco-studio/
[2026-09-27T15:07:28Z] #4929 attempt=1/2 status=200 0.310s url=https://www.myfonts.com/collections/rayma-font-dareco-studio/?tab=techSpecs
[2026-09-27T15:07:30Z] #4930 attempt=1/6 status=200 0.818s url=https://www.myfonts.com/products.json?limit=100&page=158
[2026-09-27T15:07:31Z] #4931 attempt=1/6 status=200 0.908s url=https://www.myfonts.com/products.json?limit=100&page=159
[2026-09-27T15:07:32Z] #4932 attempt=1/2 status=200 0.343s url=https://www.myfonts.com/products/regular-retro-ripple-1218832
[2026-09-27T15:07:32Z] #4933 attempt=1/2 status=200 0.359s url=https://www.myfonts.com/collections/retro-ripple-font-claymoon-lab-studio/
[2026-09-27T15:07:33Z] #4934 attempt=1/2 status=200 0.346s url=https://www.myfonts.com/collections/retro-ripple-font-claymoon-lab-studio/?tab=techSpecs
[2026-09-27T15:07:35Z] #4935 attempt=1/2 status=200 0.479s url=https://www.myfonts.com/products/rankberg-complete-family-package-1218615
[2026-09-27T15:07:36Z] #4936 attempt=1/2 status=200 0.546s url=https://www.myfonts.com/collections/ut-rankberg-font-unitype-studio/
[2026-09-27T15:07:36Z] #4937 attempt=1/2 status=200 0.537s url=https://www.myfonts.com/collections/ut-rankberg-font-unitype-studio/?tab=techSpecs
[2026-09-27T15:07:39Z] #4938 attempt=1/6 status=200 0.854s url=https://www.myfonts.com/products.json?limit=100&page=160
[2026-09-27T15:07:40Z] #4939 attempt=1/6 status=200 0.755s url=https://www.myfonts.com/products.json?limit=100&page=161
[2026-09-27T15:07:41Z] #4940 attempt=1/2 status=200 0.968s url=https://www.myfonts.com/products/the-ultimate-typographic-toolkit-special-mix-font-bundle-package-974670
[2026-09-27T15:07:42Z] #4941 attempt=1/2 status=404 0.307s url=https://www.myfonts.com/collections/the-ultimate-typographic-toolkit-special-mix-font-bundle-font-cbrtext-studio
[2026-09-27T15:07:43Z] #4942 attempt=1/6 status=200 0.783s url=https://www.myfonts.com/products.json?limit=100&page=162
[2026-09-27T15:07:45Z] #4943 attempt=1/6 status=200 0.835s url=https://www.myfonts.com/products.json?limit=100&page=163
[2026-09-27T15:07:46Z] #4944 attempt=1/6 status=200 0.883s url=https://www.myfonts.com/products.json?limit=100&page=164
[2026-09-27T15:07:48Z] #4945 attempt=1/6 status=200 1.001s url=https://www.myfonts.com/products.json?limit=100&page=165
[2026-09-27T15:07:49Z] #4946 attempt=1/6 status=200 0.860s url=https://www.myfonts.com/products.json?limit=100&page=166
[2026-09-27T15:07:51Z] #4947 attempt=1/6 status=200 0.904s url=https://www.myfonts.com/products.json?limit=100&page=167
[2026-09-27T15:07:51Z] #4948 attempt=1/2 status=200 0.423s url=https://www.myfonts.com/products/strimbey-complete-family-package-1217537
[2026-09-27T15:07:52Z] #4949 attempt=1/2 status=200 0.341s url=https://www.myfonts.com/collections/strimbey-font-maulana-creative/
[2026-09-27T15:07:53Z] #4950 attempt=1/2 status=200 0.341s url=https://www.myfonts.com/collections/strimbey-font-maulana-creative/?tab=techSpecs
[2026-09-27T15:07:54Z] #4951 attempt=1/2 status=200 0.365s url=https://www.myfonts.com/products/morige-complete-family-package-1217534
[2026-09-27T15:07:55Z] #4952 attempt=1/2 status=200 0.340s url=https://www.myfonts.com/collections/morige-font-jafar07/
[2026-09-27T15:07:56Z] #4953 attempt=1/2 status=200 0.307s url=https://www.myfonts.com/collections/morige-font-jafar07/?tab=techSpecs
[2026-09-27T15:07:57Z] #4954 attempt=1/2 status=200 0.285s url=https://www.myfonts.com/products/regular-smart-classmate-1217531
[2026-09-27T15:07:58Z] #4955 attempt=1/2 status=200 0.322s url=https://www.myfonts.com/collections/smart-classmate-font-gassstype/
[2026-09-27T15:07:59Z] #4956 attempt=1/2 status=200 0.325s url=https://www.myfonts.com/collections/smart-classmate-font-gassstype/?tab=techSpecs
[2026-09-27T15:08:00Z] #4957 attempt=1/2 status=200 0.402s url=https://www.myfonts.com/products/regular-kimaris-1217498
[2026-09-27T15:08:01Z] #4958 attempt=1/2 status=200 0.350s url=https://www.myfonts.com/collections/kimaris-font-musetype/
[2026-09-27T15:08:01Z] #4959 attempt=1/2 status=200 0.299s url=https://www.myfonts.com/collections/kimaris-font-musetype/?tab=techSpecs
[2026-09-27T15:08:03Z] #4960 attempt=1/2 status=200 0.338s url=https://www.myfonts.com/products/regular-agifter-1217495
[2026-09-27T15:08:03Z] #4961 attempt=1/2 status=200 0.390s url=https://www.myfonts.com/collections/agifter-font-moontiontype/
[2026-09-27T15:08:04Z] #4962 attempt=1/2 status=200 0.390s url=https://www.myfonts.com/collections/agifter-font-moontiontype/?tab=techSpecs
[2026-09-27T15:08:05Z] #4963 attempt=1/2 status=200 0.333s url=https://www.myfonts.com/products/regular-amethyste-1217502
[2026-09-27T15:08:06Z] #4964 attempt=1/2 status=200 0.330s url=https://www.myfonts.com/collections/amethyste-font-heinzel-std/
[2026-09-27T15:08:07Z] #4965 attempt=1/2 status=200 0.296s url=https://www.myfonts.com/collections/amethyste-font-heinzel-std/?tab=techSpecs
[2026-09-27T15:08:08Z] #4966 attempt=1/2 status=200 0.355s url=https://www.myfonts.com/products/regular-christmas-spark-1217492
[2026-09-27T15:08:09Z] #4967 attempt=1/2 status=200 0.322s url=https://www.myfonts.com/collections/christmas-spark-font-mvmet/
[2026-09-27T15:08:09Z] #4968 attempt=1/2 status=200 0.409s url=https://www.myfonts.com/collections/christmas-spark-font-mvmet/?tab=techSpecs
[2026-09-27T15:08:11Z] #4969 attempt=1/2 status=200 0.316s url=https://www.myfonts.com/products/regular-verloka-1217483
[2026-09-27T15:08:11Z] #4970 attempt=1/2 status=200 0.308s url=https://www.myfonts.com/collections/verloka-font-cut-story/
[2026-09-27T15:08:12Z] #4971 attempt=1/2 status=200 0.275s url=https://www.myfonts.com/collections/verloka-font-cut-story/?tab=techSpecs
[2026-09-27T15:08:13Z] #4972 attempt=1/2 status=200 0.360s url=https://www.myfonts.com/products/regular-sathin-1217517
[2026-09-27T15:08:14Z] #4973 attempt=1/2 status=200 0.316s url=https://www.myfonts.com/collections/sathin-font-tarie-studio/
[2026-09-27T15:08:14Z] #4974 attempt=1/2 status=200 0.300s url=https://www.myfonts.com/collections/sathin-font-tarie-studio/?tab=techSpecs
[2026-09-27T15:08:16Z] #4975 attempt=1/2 status=200 0.314s url=https://www.myfonts.com/products/regular-raquens-1217508
[2026-09-27T15:08:16Z] #4976 attempt=1/2 status=200 0.377s url=https://www.myfonts.com/collections/raquens-font-denustudio/
[2026-09-27T15:08:17Z] #4977 attempt=1/2 status=200 0.308s url=https://www.myfonts.com/collections/raquens-font-denustudio/?tab=techSpecs
[2026-09-27T15:08:18Z] #4978 attempt=1/2 status=200 0.281s url=https://www.myfonts.com/products/regular-munchee-1217493
[2026-09-27T15:08:19Z] #4979 attempt=1/2 status=200 0.313s url=https://www.myfonts.com/collections/munchee-font-letterhanna-studio/
[2026-09-27T15:08:20Z] #4980 attempt=1/2 status=200 0.304s url=https://www.myfonts.com/collections/munchee-font-letterhanna-studio/?tab=techSpecs
[2026-09-27T15:08:21Z] #4981 attempt=1/2 status=200 0.449s url=https://www.myfonts.com/products/regular-drazel-1217496
[2026-09-27T15:08:22Z] #4982 attempt=1/2 status=200 0.358s url=https://www.myfonts.com/collections/drazel-font-arif-novianto/
[2026-09-27T15:08:22Z] #4983 attempt=1/2 status=200 0.335s url=https://www.myfonts.com/collections/drazel-font-arif-novianto/?tab=techSpecs
[2026-09-27T15:08:24Z] #4984 attempt=1/2 status=200 0.353s url=https://www.myfonts.com/products/regular-marthige-fristaim-script-1217494
[2026-09-27T15:08:24Z] #4985 attempt=1/2 status=200 0.338s url=https://www.myfonts.com/collections/marthige-fristaim-script-font-tebaltipis-studio/
[2026-09-27T15:08:25Z] #4986 attempt=1/2 status=200 0.338s url=https://www.myfonts.com/collections/marthige-fristaim-script-font-tebaltipis-studio/?tab=techSpecs
[2026-09-27T15:08:26Z] #4987 attempt=1/2 status=200 0.284s url=https://www.myfonts.com/products/regular-de-basi-1217484
[2026-09-27T15:08:27Z] #4988 attempt=1/2 status=200 0.322s url=https://www.myfonts.com/collections/de-basi-font-andfonts/
[2026-09-27T15:08:28Z] #4989 attempt=1/2 status=200 0.406s url=https://www.myfonts.com/collections/de-basi-font-andfonts/?tab=techSpecs
[2026-09-27T15:08:29Z] #4990 attempt=1/2 status=200 0.323s url=https://www.myfonts.com/products/regular-montesand-1217497
[2026-09-27T15:08:30Z] #4991 attempt=1/2 status=200 0.363s url=https://www.myfonts.com/collections/montesand-font-sibelumpagi/
[2026-09-27T15:08:30Z] #4992 attempt=1/2 status=200 0.270s url=https://www.myfonts.com/collections/montesand-font-sibelumpagi/?tab=techSpecs
[2026-09-27T15:08:32Z] #4993 attempt=1/2 status=200 0.388s url=https://www.myfonts.com/products/regular-rigtra-aledzra-1217482
[2026-09-27T15:08:32Z] #4994 attempt=1/2 status=200 0.323s url=https://www.myfonts.com/collections/rigtra-aledzra-font-rvandtype/
[2026-09-27T15:08:33Z] #4995 attempt=1/2 status=200 0.332s url=https://www.myfonts.com/collections/rigtra-aledzra-font-rvandtype/?tab=techSpecs
[2026-09-27T15:08:34Z] #4996 attempt=1/2 status=200 0.348s url=https://www.myfonts.com/products/regular-crafeins-sudlocky-1217532
[2026-09-27T15:08:35Z] #4997 attempt=1/2 status=200 0.311s url=https://www.myfonts.com/collections/crafeins-sudlocky-font-maulana-creative/
[2026-09-27T15:08:36Z] #4998 attempt=1/2 status=200 0.273s url=https://www.myfonts.com/collections/crafeins-sudlocky-font-maulana-creative/?tab=techSpecs
[2026-09-27T15:08:37Z] #4999 attempt=1/2 status=200 0.878s url=https://www.myfonts.com/products/mega-winner-280-package-1112584
[2026-09-27T15:08:38Z] #5000 attempt=1/2 status=404 0.287s url=https://www.myfonts.com/collections/mega-winner-280-font-sportsfonts
[2026-09-27T15:08:39Z] #5001 attempt=1/2 status=200 0.478s url=https://www.myfonts.com/products/silky-crystal-complete-family-package-1217378
[2026-09-27T15:08:40Z] #5002 attempt=1/2 status=200 0.385s url=https://www.myfonts.com/collections/silky-crystal-font-letterena-studios/
[2026-09-27T15:08:40Z] #5003 attempt=1/2 status=200 0.343s url=https://www.myfonts.com/collections/silky-crystal-font-letterena-studios/?tab=techSpecs
[2026-09-27T15:08:42Z] #5004 attempt=1/2 status=200 0.510s url=https://www.myfonts.com/products/goldmund-pro-lcg-complete-family-package-1217178
[2026-09-27T15:08:43Z] #5005 attempt=1/2 status=200 0.534s url=https://www.myfonts.com/collections/goldmund-pro-lcg-font-jovica-veljovic/
[2026-09-27T15:08:44Z] #5006 attempt=1/2 status=200 0.459s url=https://www.myfonts.com/collections/goldmund-pro-lcg-font-jovica-veljovic/?tab=techSpecs
[2026-09-27T15:08:46Z] #5007 attempt=1/2 status=200 0.366s url=https://www.myfonts.com/products/blackbird-complete-family-package-1217381
[2026-09-27T15:08:46Z] #5008 attempt=1/2 status=200 0.407s url=https://www.myfonts.com/collections/blackbird-font-ana-s-fonts/
[2026-09-27T15:08:47Z] #5009 attempt=1/2 status=200 0.323s url=https://www.myfonts.com/collections/blackbird-font-ana-s-fonts/?tab=techSpecs
[2026-09-27T15:08:49Z] #5010 attempt=1/2 status=200 0.326s url=https://www.myfonts.com/products/astorisa-complete-family-package-1217393
[2026-09-27T15:08:50Z] #5011 attempt=1/2 status=200 0.353s url=https://www.myfonts.com/collections/astorisa-font-ragamkata/
[2026-09-27T15:08:50Z] #5012 attempt=1/2 status=200 0.319s url=https://www.myfonts.com/collections/astorisa-font-ragamkata/?tab=techSpecs
[2026-09-27T15:08:52Z] #5013 attempt=1/2 status=200 0.428s url=https://www.myfonts.com/products/benova-complete-family-package-1217456
[2026-09-27T15:08:53Z] #5014 attempt=1/2 status=200 0.438s url=https://www.myfonts.com/collections/benova-font-flawlessandco/
[2026-09-27T15:08:54Z] #5015 attempt=1/2 status=200 0.383s url=https://www.myfonts.com/collections/benova-font-flawlessandco/?tab=techSpecs
[2026-09-27T15:08:55Z] #5016 attempt=1/2 status=200 0.357s url=https://www.myfonts.com/products/nestafu-complete-family-package-1217469
[2026-09-27T15:08:56Z] #5017 attempt=1/2 status=200 0.364s url=https://www.myfonts.com/collections/nestafu-font-burntilldead/
[2026-09-27T15:08:57Z] #5018 attempt=1/2 status=200 0.305s url=https://www.myfonts.com/collections/nestafu-font-burntilldead/?tab=techSpecs
[2026-09-27T15:08:58Z] #5019 attempt=1/2 status=200 0.349s url=https://www.myfonts.com/products/marlo-kesh-complete-family-package-1217390
[2026-09-27T15:08:59Z] #5020 attempt=1/2 status=200 0.404s url=https://www.myfonts.com/collections/marlo-kesh-font-mei-suseno/
[2026-09-27T15:09:00Z] #5021 attempt=1/2 status=200 0.325s url=https://www.myfonts.com/collections/marlo-kesh-font-mei-suseno/?tab=techSpecs
[2026-09-27T15:09:02Z] #5022 attempt=1/2 status=200 0.597s url=https://www.myfonts.com/products/masko-complete-family-package-1217396
[2026-09-27T15:09:03Z] #5023 attempt=1/2 status=200 0.825s url=https://www.myfonts.com/collections/masko-font-areatype/
[2026-09-27T15:09:04Z] #5024 attempt=1/2 status=200 0.565s url=https://www.myfonts.com/collections/masko-font-areatype/?tab=techSpecs
[2026-09-27T15:09:06Z] #5025 attempt=1/2 status=200 0.342s url=https://www.myfonts.com/products/virxen-complete-family-package-1217373
[2026-09-27T15:09:06Z] #5026 attempt=1/2 status=200 0.355s url=https://www.myfonts.com/collections/virxen-font-arif-novianto/
[2026-09-27T15:09:07Z] #5027 attempt=1/2 status=200 0.348s url=https://www.myfonts.com/collections/virxen-font-arif-novianto/?tab=techSpecs
[2026-09-27T15:09:09Z] #5028 attempt=1/2 status=200 0.343s url=https://www.myfonts.com/products/bubble-graft-complete-family-package-1217446
[2026-09-27T15:09:09Z] #5029 attempt=1/2 status=200 0.350s url=https://www.myfonts.com/collections/bubble-graft-font-randy-studio/
[2026-09-27T15:09:10Z] #5030 attempt=1/2 status=200 0.350s url=https://www.myfonts.com/collections/bubble-graft-font-randy-studio/?tab=techSpecs
[2026-09-27T15:09:12Z] #5031 attempt=1/2 status=200 0.334s url=https://www.myfonts.com/products/snack-friend-complete-family-package-1217357
[2026-09-27T15:09:12Z] #5032 attempt=1/2 status=200 0.435s url=https://www.myfonts.com/collections/snack-friend-font-cocodesign/
[2026-09-27T15:09:13Z] #5033 attempt=1/2 status=200 0.345s url=https://www.myfonts.com/collections/snack-friend-font-cocodesign/?tab=techSpecs
[2026-09-27T15:09:15Z] #5034 attempt=1/2 status=200 0.347s url=https://www.myfonts.com/products/melgira-complete-family-package-1217386
[2026-09-27T15:09:16Z] #5035 attempt=1/2 status=200 0.390s url=https://www.myfonts.com/collections/melgira-font-cocodesign/
[2026-09-27T15:09:17Z] #5036 attempt=1/2 status=200 0.316s url=https://www.myfonts.com/collections/melgira-font-cocodesign/?tab=techSpecs
[2026-09-27T15:09:19Z] #5037 attempt=1/2 status=200 0.931s url=https://www.myfonts.com/products/hasfejan-complete-family-package-1217346
[2026-09-27T15:09:21Z] #5038 attempt=1/2 status=200 1.381s url=https://www.myfonts.com/collections/hasfejan-font-salsatype/
[2026-09-27T15:09:22Z] #5039 attempt=1/2 status=200 1.214s url=https://www.myfonts.com/collections/hasfejan-font-salsatype/?tab=techSpecs
[2026-09-27T15:09:24Z] #5040 attempt=1/2 status=200 0.339s url=https://www.myfonts.com/products/velogira-complete-family-package-1217349
[2026-09-27T15:09:25Z] #5041 attempt=1/2 status=200 0.388s url=https://www.myfonts.com/collections/velogira-font-timelesstype-studio/
[2026-09-27T15:09:26Z] #5042 attempt=1/2 status=200 0.380s url=https://www.myfonts.com/collections/velogira-font-timelesstype-studio/?tab=techSpecs
[2026-09-27T15:09:27Z] #5043 attempt=1/2 status=200 0.348s url=https://www.myfonts.com/products/ragiles-chuky-complete-family-package-1217352
[2026-09-27T15:09:28Z] #5044 attempt=1/2 status=200 0.343s url=https://www.myfonts.com/collections/ragiles-chuky-font-timelesstype-studio/
[2026-09-27T15:09:29Z] #5045 attempt=1/2 status=200 0.326s url=https://www.myfonts.com/collections/ragiles-chuky-font-timelesstype-studio/?tab=techSpecs
[2026-09-27T15:09:31Z] #5046 attempt=1/2 status=200 0.413s url=https://www.myfonts.com/products/twista-sans-complete-family-package-1216174
[2026-09-27T15:09:31Z] #5047 attempt=1/2 status=200 0.507s url=https://www.myfonts.com/collections/twista-sans-font-viktor-nubel/
[2026-09-27T15:09:32Z] #5048 attempt=1/2 status=200 0.477s url=https://www.myfonts.com/collections/twista-sans-font-viktor-nubel/?tab=techSpecs
[2026-09-27T15:09:34Z] #5049 attempt=1/2 status=200 0.373s url=https://www.myfonts.com/products/monstrema-complete-family-package-1217449
[2026-09-27T15:09:35Z] #5050 attempt=1/2 status=200 0.461s url=https://www.myfonts.com/collections/monstrema-font-611-studio/
[2026-09-27T15:09:36Z] #5051 attempt=1/2 status=200 0.400s url=https://www.myfonts.com/collections/monstrema-font-611-studio/?tab=techSpecs
[2026-09-27T15:09:37Z] #5052 attempt=1/2 status=200 0.383s url=https://www.myfonts.com/products/remus-complete-family-package-1217369
[2026-09-27T15:09:38Z] #5053 attempt=1/2 status=200 0.408s url=https://www.myfonts.com/collections/remus-font-rmu/
[2026-09-27T15:09:39Z] #5054 attempt=1/2 status=200 0.361s url=https://www.myfonts.com/collections/remus-font-rmu/?tab=techSpecs
[2026-09-27T15:09:41Z] #5055 attempt=1/2 status=200 0.315s url=https://www.myfonts.com/products/regular-qinora-1217467
[2026-09-27T15:09:41Z] #5056 attempt=1/2 status=200 0.340s url=https://www.myfonts.com/collections/qinora-font-dareco-studio/
[2026-09-27T15:09:42Z] #5057 attempt=1/2 status=200 0.312s url=https://www.myfonts.com/collections/qinora-font-dareco-studio/?tab=techSpecs
[2026-09-27T15:09:43Z] #5058 attempt=1/2 status=200 0.338s url=https://www.myfonts.com/products/regular-ambas-1217385
[2026-09-27T15:09:44Z] #5059 attempt=1/2 status=200 0.387s url=https://www.myfonts.com/collections/ambas-font-letternesia-studio/
[2026-09-27T15:09:45Z] #5060 attempt=1/2 status=200 0.399s url=https://www.myfonts.com/collections/ambas-font-letternesia-studio/?tab=techSpecs
[2026-09-27T15:09:46Z] #5061 attempt=1/2 status=200 0.366s url=https://www.myfonts.com/products/regular-monstar-gearbox-1217377
[2026-09-27T15:09:47Z] #5062 attempt=1/2 status=200 0.431s url=https://www.myfonts.com/collections/monstar-gearbox-font-unitype-studio/
[2026-09-27T15:09:48Z] #5063 attempt=1/2 status=200 0.380s url=https://www.myfonts.com/collections/monstar-gearbox-font-unitype-studio/?tab=techSpecs
[2026-09-27T15:09:50Z] #5064 attempt=1/6 status=200 0.844s url=https://www.myfonts.com/products.json?limit=100&page=168
[2026-09-27T15:09:50Z] #5065 attempt=1/2 status=200 0.343s url=https://www.myfonts.com/products/regular-ut-roamilla-1217376
[2026-09-27T15:09:51Z] #5066 attempt=1/2 status=200 0.359s url=https://www.myfonts.com/collections/ut-roamilla-font-unitype-studio/
[2026-09-27T15:09:52Z] #5067 attempt=1/2 status=200 0.330s url=https://www.myfonts.com/collections/ut-roamilla-font-unitype-studio/?tab=techSpecs
[2026-09-27T15:09:53Z] #5068 attempt=1/2 status=200 0.335s url=https://www.myfonts.com/products/regular-valden-1217384
[2026-09-27T15:09:54Z] #5069 attempt=1/2 status=200 0.331s url=https://www.myfonts.com/collections/valden-font-dareco-studio/
[2026-09-27T15:09:54Z] #5070 attempt=1/2 status=200 0.318s url=https://www.myfonts.com/collections/valden-font-dareco-studio/?tab=techSpecs
[2026-09-27T15:09:56Z] #5071 attempt=1/2 status=200 0.327s url=https://www.myfonts.com/products/regular-buffalo-rider-1217466
[2026-09-27T15:09:56Z] #5072 attempt=1/2 status=200 0.343s url=https://www.myfonts.com/collections/buffalo-rider-font-gassstype/
[2026-09-27T15:09:57Z] #5073 attempt=1/2 status=200 0.342s url=https://www.myfonts.com/collections/buffalo-rider-font-gassstype/?tab=techSpecs
[2026-09-27T15:09:58Z] #5074 attempt=1/2 status=200 0.337s url=https://www.myfonts.com/products/regular-drift-brush-1217445
[2026-09-27T15:09:59Z] #5075 attempt=1/2 status=200 0.347s url=https://www.myfonts.com/collections/drift-brush-font-ferry-ardana-putra/
[2026-09-27T15:10:00Z] #5076 attempt=1/2 status=200 0.306s url=https://www.myfonts.com/collections/drift-brush-font-ferry-ardana-putra/?tab=techSpecs
[2026-09-27T15:10:01Z] #5077 attempt=1/2 status=200 0.325s url=https://www.myfonts.com/products/regular-crackle-1217455
[2026-09-27T15:10:02Z] #5078 attempt=1/2 status=200 0.378s url=https://www.myfonts.com/collections/crackle-font-gassstype/
[2026-09-27T15:10:02Z] #5079 attempt=1/2 status=200 0.346s url=https://www.myfonts.com/collections/crackle-font-gassstype/?tab=techSpecs
[2026-09-27T15:10:04Z] #5080 attempt=1/2 status=200 0.310s url=https://www.myfonts.com/products/regular-times-avental-1217453
[2026-09-27T15:10:04Z] #5081 attempt=1/2 status=200 0.327s url=https://www.myfonts.com/collections/times-avental-font-marvadesign/
[2026-09-27T15:10:05Z] #5082 attempt=1/2 status=200 0.310s url=https://www.myfonts.com/collections/times-avental-font-marvadesign/?tab=techSpecs
[2026-09-27T15:10:06Z] #5083 attempt=1/2 status=200 0.329s url=https://www.myfonts.com/products/regular-wranger-1217468
[2026-09-27T15:10:07Z] #5084 attempt=1/2 status=200 0.349s url=https://www.myfonts.com/collections/wranger-font-yumnacreative/
[2026-09-27T15:10:08Z] #5085 attempt=1/2 status=200 0.302s url=https://www.myfonts.com/collections/wranger-font-yumnacreative/?tab=techSpecs
[2026-09-27T15:10:10Z] #5086 attempt=1/6 status=200 1.022s url=https://www.myfonts.com/products.json?limit=100&page=169
[2026-09-27T15:10:10Z] #5087 attempt=1/2 status=200 0.442s url=https://www.myfonts.com/products/twista-collection-package-1217345
[2026-09-27T15:10:11Z] #5088 attempt=1/2 status=404 0.257s url=https://www.myfonts.com/collections/twista-collection-font-viktor-n%C3%BCbel-type-design
[2026-09-27T15:10:12Z] #5089 attempt=1/2 status=200 0.536s url=https://www.myfonts.com/products/franklin-gothic-raw-semi-serif-family-package-151577
[2026-09-27T15:10:13Z] #5090 attempt=1/2 status=200 0.392s url=https://www.myfonts.com/collections/franklin-gothic-raw-semi-serif-font-wiescher-design
[2026-09-27T15:10:14Z] #5091 attempt=1/2 status=200 0.348s url=https://www.myfonts.com/collections/franklin-gothic-raw-semi-serif-font-wiescher-design?tab=techSpecs
[2026-09-27T15:10:15Z] #5092 attempt=1/2 status=200 0.470s url=https://www.myfonts.com/products/fleurons-i-v-package-87955
[2026-09-27T15:10:16Z] #5093 attempt=1/2 status=404 0.224s url=https://www.myfonts.com/collections/fleurons-i-v-font-wiescher-design
[2026-09-27T15:10:17Z] #5094 attempt=1/2 status=200 0.429s url=https://www.myfonts.com/products/bodoni-classic-deco-one-two-set-package-84226
[2026-09-27T15:10:17Z] #5095 attempt=1/2 status=404 0.217s url=https://www.myfonts.com/collections/bodoni-classic-deco-one-two-set-font-wiescher-design
[2026-09-27T15:10:18Z] #5096 attempt=1/2 status=200 0.453s url=https://www.myfonts.com/products/amaro-fleurie-and-amaro-5-package-28457
[2026-09-27T15:10:19Z] #5097 attempt=1/2 status=404 0.235s url=https://www.myfonts.com/collections/amaro-fleurie-and-amaro-5-font-autographis
[2026-09-27T15:10:20Z] #5098 attempt=1/2 status=200 0.856s url=https://www.myfonts.com/products/slam-normal-and-rounded-complete-family-package-188571
[2026-09-27T15:10:20Z] #5099 attempt=1/2 status=404 0.243s url=https://www.myfonts.com/collections/slam-normal-and-rounded-font-wiescher-design
[2026-09-27T15:10:21Z] #5100 attempt=1/2 status=200 0.426s url=https://www.myfonts.com/products/mostivera-script-complete-family-package-1216551
[2026-09-27T15:10:22Z] #5101 attempt=1/2 status=200 0.504s url=https://www.myfonts.com/collections/mostivera-script-font-deorde-studio/
[2026-09-27T15:10:23Z] #5102 attempt=1/2 status=200 0.420s url=https://www.myfonts.com/collections/mostivera-script-font-deorde-studio/?tab=techSpecs
[2026-09-27T15:10:25Z] #5103 attempt=1/2 status=200 0.325s url=https://www.myfonts.com/products/bold-maybella-1217356
[2026-09-27T15:10:25Z] #5104 attempt=1/2 status=200 0.370s url=https://www.myfonts.com/collections/maybella-font-unitype-studio/
[2026-09-27T15:10:26Z] #5105 attempt=1/2 status=200 0.390s url=https://www.myfonts.com/collections/maybella-font-unitype-studio/?tab=techSpecs
[2026-09-27T15:10:27Z] #5106 attempt=1/2 status=200 0.320s url=https://www.myfonts.com/products/regular-cartela-1217361
[2026-09-27T15:10:28Z] #5107 attempt=1/2 status=200 0.339s url=https://www.myfonts.com/collections/cartela-font-artolabs/
[2026-09-27T15:10:29Z] #5108 attempt=1/2 status=200 0.282s url=https://www.myfonts.com/collections/cartela-font-artolabs/?tab=techSpecs
[2026-09-27T15:10:30Z] #5109 attempt=1/2 status=200 0.310s url=https://www.myfonts.com/products/regular-mukjizat-ramadhan-1217355
[2026-09-27T15:10:30Z] #5110 attempt=1/2 status=200 0.317s url=https://www.myfonts.com/collections/mukjizat-ramadhan-font-unitype-studio/
[2026-09-27T15:10:31Z] #5111 attempt=1/2 status=200 0.312s url=https://www.myfonts.com/collections/mukjizat-ramadhan-font-unitype-studio/?tab=techSpecs
[2026-09-27T15:10:32Z] #5112 attempt=1/2 status=200 0.320s url=https://www.myfonts.com/products/hampers-for-boys-complete-family-package-1217274
[2026-09-27T15:10:33Z] #5113 attempt=1/2 status=200 0.371s url=https://www.myfonts.com/collections/hampers-for-boys-font-struggle-studio/
[2026-09-27T15:10:34Z] #5114 attempt=1/2 status=200 0.338s url=https://www.myfonts.com/collections/hampers-for-boys-font-struggle-studio/?tab=techSpecs
[2026-09-27T15:10:35Z] #5115 attempt=1/2 status=200 0.391s url=https://www.myfonts.com/products/rimouski-complete-family-package-1217334
[2026-09-27T15:10:36Z] #5116 attempt=1/2 status=200 0.502s url=https://www.myfonts.com/collections/rimouski-font-typodermic/
[2026-09-27T15:10:37Z] #5117 attempt=1/2 status=200 0.408s url=https://www.myfonts.com/collections/rimouski-font-typodermic/?tab=techSpecs
[2026-09-27T15:10:39Z] #5118 attempt=1/2 status=200 0.413s url=https://www.myfonts.com/products/gaiden-complete-family-package-1217259
[2026-09-27T15:10:40Z] #5119 attempt=1/2 status=200 0.377s url=https://www.myfonts.com/collections/gaiden-font-font-liner/
[2026-09-27T15:10:41Z] #5120 attempt=1/2 status=200 0.344s url=https://www.myfonts.com/collections/gaiden-font-font-liner/?tab=techSpecs
[2026-09-27T15:10:42Z] #5121 attempt=1/2 status=200 0.394s url=https://www.myfonts.com/products/point-of-view-complete-family-package-1217271
[2026-09-27T15:10:43Z] #5122 attempt=1/2 status=200 0.373s url=https://www.myfonts.com/collections/point-of-view-font-sloulyfe-studio/
[2026-09-27T15:10:44Z] #5123 attempt=1/2 status=200 0.312s url=https://www.myfonts.com/collections/point-of-view-font-sloulyfe-studio/?tab=techSpecs
[2026-09-27T15:10:45Z] #5124 attempt=1/2 status=200 0.398s url=https://www.myfonts.com/products/mancore-complete-family-package-1217238
[2026-09-27T15:10:46Z] #5125 attempt=1/2 status=200 0.375s url=https://www.myfonts.com/collections/mancore-font-graptail/
[2026-09-27T15:10:47Z] #5126 attempt=1/2 status=200 0.344s url=https://www.myfonts.com/collections/mancore-font-graptail/?tab=techSpecs
[2026-09-27T15:10:49Z] #5127 attempt=1/2 status=200 0.391s url=https://www.myfonts.com/products/mike-sans-complete-family-package-1217324
[2026-09-27T15:10:49Z] #5128 attempt=1/2 status=200 0.457s url=https://www.myfonts.com/collections/mike-sans-font-factory738/
[2026-09-27T15:10:50Z] #5129 attempt=1/2 status=200 0.402s url=https://www.myfonts.com/collections/mike-sans-font-factory738/?tab=techSpecs
[2026-09-27T15:10:52Z] #5130 attempt=1/2 status=200 0.384s url=https://www.myfonts.com/products/dripping-package-1217284
[2026-09-27T15:10:53Z] #5131 attempt=1/2 status=200 0.477s url=https://www.myfonts.com/collections/gruze-font-sipanji21/
[2026-09-27T15:10:54Z] #5132 attempt=1/2 status=200 0.441s url=https://www.myfonts.com/collections/gruze-font-sipanji21/?tab=techSpecs
[2026-09-27T15:10:55Z] #5133 attempt=1/2 status=200 0.376s url=https://www.myfonts.com/products/cario-complete-family-package-1217242
[2026-09-27T15:10:56Z] #5134 attempt=1/2 status=200 0.411s url=https://www.myfonts.com/collections/cario-font-habitype/
[2026-09-27T15:10:57Z] #5135 attempt=1/2 status=200 0.337s url=https://www.myfonts.com/collections/cario-font-habitype/?tab=techSpecs
[2026-09-27T15:10:58Z] #5136 attempt=1/2 status=200 0.376s url=https://www.myfonts.com/products/gakerty-complete-family-package-1217289
[2026-09-27T15:10:59Z] #5137 attempt=1/2 status=200 0.364s url=https://www.myfonts.com/collections/gakerty-font-timelesstype-studio/
[2026-09-27T15:11:00Z] #5138 attempt=1/2 status=200 0.343s url=https://www.myfonts.com/collections/gakerty-font-timelesstype-studio/?tab=techSpecs
[2026-09-27T15:11:02Z] #5139 attempt=1/2 status=200 0.382s url=https://www.myfonts.com/products/hard-block-complete-family-package-1217267
[2026-09-27T15:11:02Z] #5140 attempt=1/2 status=200 0.353s url=https://www.myfonts.com/collections/hard-block-font-ragamkata/
[2026-09-27T15:11:03Z] #5141 attempt=1/2 status=200 0.352s url=https://www.myfonts.com/collections/hard-block-font-ragamkata/?tab=techSpecs
[2026-09-27T15:11:05Z] #5142 attempt=1/2 status=200 0.387s url=https://www.myfonts.com/products/owned-complete-family-package-1217322
[2026-09-27T15:11:05Z] #5143 attempt=1/2 status=200 0.430s url=https://www.myfonts.com/collections/owned-font-typodermic/
[2026-09-27T15:11:06Z] #5144 attempt=1/2 status=200 0.348s url=https://www.myfonts.com/collections/owned-font-typodermic/?tab=techSpecs
[2026-09-27T15:11:08Z] #5145 attempt=1/2 status=200 0.329s url=https://www.myfonts.com/products/arqelo-complete-family-package-1217252
[2026-09-27T15:11:09Z] #5146 attempt=1/2 status=200 0.371s url=https://www.myfonts.com/collections/arqelo-font-steptype/
[2026-09-27T15:11:09Z] #5147 attempt=1/2 status=200 0.355s url=https://www.myfonts.com/collections/arqelo-font-steptype/?tab=techSpecs
[2026-09-27T15:11:11Z] #5148 attempt=1/2 status=200 0.383s url=https://www.myfonts.com/products/kinesthesia-complete-family-package-1217307
[2026-09-27T15:11:12Z] #5149 attempt=1/2 status=200 0.532s url=https://www.myfonts.com/collections/kinesthesia-font-typodermic/
[2026-09-27T15:11:13Z] #5150 attempt=1/2 status=200 0.483s url=https://www.myfonts.com/collections/kinesthesia-font-typodermic/?tab=techSpecs
[2026-09-27T15:11:15Z] #5151 attempt=1/2 status=200 0.340s url=https://www.myfonts.com/products/loopy-milking-brush-complete-family-package-1217293
[2026-09-27T15:11:15Z] #5152 attempt=1/2 status=200 0.350s url=https://www.myfonts.com/collections/loopy-milking-brush-font-letterena-studios/
[2026-09-27T15:11:16Z] #5153 attempt=1/2 status=200 0.327s url=https://www.myfonts.com/collections/loopy-milking-brush-font-letterena-studios/?tab=techSpecs
[2026-09-27T15:11:18Z] #5154 attempt=1/2 status=200 0.322s url=https://www.myfonts.com/products/thickbar-complete-family-package-1217256
[2026-09-27T15:11:18Z] #5155 attempt=1/2 status=200 0.352s url=https://www.myfonts.com/collections/thickbar-font-vermilione/
[2026-09-27T15:11:19Z] #5156 attempt=1/2 status=200 0.331s url=https://www.myfonts.com/collections/thickbar-font-vermilione/?tab=techSpecs
[2026-09-27T15:11:21Z] #5157 attempt=1/2 status=200 0.366s url=https://www.myfonts.com/products/south-hagefen-complete-family-package-1217262
[2026-09-27T15:11:22Z] #5158 attempt=1/2 status=200 0.387s url=https://www.myfonts.com/collections/south-hagefen-font-rvandtype/
[2026-09-27T15:11:22Z] #5159 attempt=1/2 status=200 0.329s url=https://www.myfonts.com/collections/south-hagefen-font-rvandtype/?tab=techSpecs
[2026-09-27T15:11:24Z] #5160 attempt=1/2 status=200 0.352s url=https://www.myfonts.com/products/metropolis-ct-complete-family-package-1217255
[2026-09-27T15:11:25Z] #5161 attempt=1/2 status=200 0.371s url=https://www.myfonts.com/collections/metropolis-ct-font-castletype/
[2026-09-27T15:11:25Z] #5162 attempt=1/2 status=200 0.354s url=https://www.myfonts.com/collections/metropolis-ct-font-castletype/?tab=techSpecs
[2026-09-27T15:11:27Z] #5163 attempt=1/2 status=200 0.303s url=https://www.myfonts.com/products/regular-awesome-ranking-1217265
[2026-09-27T15:11:28Z] #5164 attempt=1/2 status=200 0.369s url=https://www.myfonts.com/collections/awesome-ranking-font-mvmet/
[2026-09-27T15:11:29Z] #5165 attempt=1/2 status=200 0.327s url=https://www.myfonts.com/collections/awesome-ranking-font-mvmet/?tab=techSpecs
[2026-09-27T15:11:30Z] #5166 attempt=1/2 status=200 0.322s url=https://www.myfonts.com/products/eating-blind-salary-regular-windy-summer-1217270
[2026-09-27T15:11:30Z] #5167 attempt=1/2 status=200 0.359s url=https://www.myfonts.com/collections/windy-summer-font-donny-ramadhan/
[2026-09-27T15:11:31Z] #5168 attempt=1/2 status=200 0.323s url=https://www.myfonts.com/collections/windy-summer-font-donny-ramadhan/?tab=techSpecs
[2026-09-27T15:11:32Z] #5169 attempt=1/2 status=200 0.331s url=https://www.myfonts.com/products/regular-blessin-sunlit-1217236
[2026-09-27T15:11:33Z] #5170 attempt=1/2 status=200 0.310s url=https://www.myfonts.com/collections/blessin-sunlit-font-gassstype/
[2026-09-27T15:11:34Z] #5171 attempt=1/2 status=200 0.310s url=https://www.myfonts.com/collections/blessin-sunlit-font-gassstype/?tab=techSpecs
[2026-09-27T15:11:35Z] #5172 attempt=1/2 status=200 0.319s url=https://www.myfonts.com/products/regular-bloopy-1217297
[2026-09-27T15:11:36Z] #5173 attempt=1/2 status=200 0.331s url=https://www.myfonts.com/collections/bloopy-font-maghrib-type/
[2026-09-27T15:11:36Z] #5174 attempt=1/2 status=200 0.305s url=https://www.myfonts.com/collections/bloopy-font-maghrib-type/?tab=techSpecs
[2026-09-27T15:11:38Z] #5175 attempt=1/2 status=200 0.551s url=https://www.myfonts.com/products/medium-m-xianghe-hei-sc-std-1187917
[2026-09-27T15:11:39Z] #5176 attempt=1/2 status=200 0.556s url=https://www.myfonts.com/collections/m-xianghe-hei-sc-std-font-monotype-imaging/
[2026-09-27T15:11:40Z] #5177 attempt=1/2 status=200 0.423s url=https://www.myfonts.com/collections/m-xianghe-hei-sc-std-font-monotype-imaging/?tab=techSpecs
[2026-09-27T15:11:41Z] #5178 attempt=1/2 status=200 0.328s url=https://www.myfonts.com/products/bold-aigon-1217296
[2026-09-27T15:11:42Z] #5179 attempt=1/2 status=200 0.425s url=https://www.myfonts.com/collections/aigon-font-limitype/
[2026-09-27T15:11:43Z] #5180 attempt=1/2 status=200 0.323s url=https://www.myfonts.com/collections/aigon-font-limitype/?tab=techSpecs
[2026-09-27T15:11:44Z] #5181 attempt=1/2 status=200 0.315s url=https://www.myfonts.com/products/regular-funk-trip-1217266
[2026-09-27T15:11:45Z] #5182 attempt=1/2 status=200 0.354s url=https://www.myfonts.com/collections/funk-trip-font-gleb-guralnyk/
[2026-09-27T15:11:45Z] #5183 attempt=1/2 status=200 0.298s url=https://www.myfonts.com/collections/funk-trip-font-gleb-guralnyk/?tab=techSpecs
[2026-09-27T15:11:46Z] #5184 attempt=1/2 status=200 0.324s url=https://www.myfonts.com/products/bold-koalai-serif-1217292
[2026-09-27T15:11:47Z] #5185 attempt=1/2 status=200 0.329s url=https://www.myfonts.com/collections/koalai-serif-font-sixtype-foundry/
[2026-09-27T15:11:48Z] #5186 attempt=1/2 status=200 0.320s url=https://www.myfonts.com/collections/koalai-serif-font-sixtype-foundry/?tab=techSpecs
[2026-09-27T15:11:50Z] #5187 attempt=1/6 status=200 0.947s url=https://www.myfonts.com/products.json?limit=100&page=170
[2026-09-27T15:11:52Z] #5188 attempt=1/2 status=200 1.837s url=https://www.myfonts.com/products/getina-complete-family-package-1217304
[2026-09-27T15:11:55Z] #5189 attempt=1/2 status=200 2.886s url=https://www.myfonts.com/collections/getina-font-logic-type/
[2026-09-27T15:11:59Z] #5190 attempt=1/2 status=200 2.809s url=https://www.myfonts.com/collections/getina-font-logic-type/?tab=techSpecs
[2026-09-27T15:12:02Z] #5191 attempt=1/2 status=200 0.393s url=https://www.myfonts.com/products/kanio-complete-family-package-1217298
[2026-09-27T15:12:02Z] #5192 attempt=1/2 status=200 0.391s url=https://www.myfonts.com/collections/kanio-font-pandeka-studio/
[2026-09-27T15:12:03Z] #5193 attempt=1/2 status=200 0.344s url=https://www.myfonts.com/collections/kanio-font-pandeka-studio/?tab=techSpecs
[2026-09-27T15:12:05Z] #5194 attempt=1/2 status=200 0.377s url=https://www.myfonts.com/products/baied-complete-family-package-1217301
[2026-09-27T15:12:06Z] #5195 attempt=1/2 status=200 0.414s url=https://www.myfonts.com/collections/baied-font-pandeka-studio/
[2026-09-27T15:12:06Z] #5196 attempt=1/2 status=200 0.434s url=https://www.myfonts.com/collections/baied-font-pandeka-studio/?tab=techSpecs
[2026-09-27T15:12:08Z] #5197 attempt=1/2 status=200 0.356s url=https://www.myfonts.com/products/regular-vanemor-1217286
[2026-09-27T15:12:09Z] #5198 attempt=1/2 status=200 0.385s url=https://www.myfonts.com/collections/vanemor-font-dgtype/
[2026-09-27T15:12:10Z] #5199 attempt=1/2 status=200 0.307s url=https://www.myfonts.com/collections/vanemor-font-dgtype/?tab=techSpecs
[2026-09-27T15:12:11Z] #5200 attempt=1/2 status=200 0.310s url=https://www.myfonts.com/products/regular-korvea-1217288
[2026-09-27T15:12:12Z] #5201 attempt=1/2 status=200 0.359s url=https://www.myfonts.com/collections/korvea-font-arif-novianto/
[2026-09-27T15:12:12Z] #5202 attempt=1/2 status=200 0.303s url=https://www.myfonts.com/collections/korvea-font-arif-novianto/?tab=techSpecs
[2026-09-27T15:12:13Z] #5203 attempt=1/2 status=200 0.384s url=https://www.myfonts.com/products/regular-ez-kinsalove-1217287
[2026-09-27T15:12:14Z] #5204 attempt=1/2 status=200 0.361s url=https://www.myfonts.com/collections/ez-kinsalove-font-zafara-studios/
[2026-09-27T15:12:15Z] #5205 attempt=1/2 status=200 0.327s url=https://www.myfonts.com/collections/ez-kinsalove-font-zafara-studios/?tab=techSpecs
[2026-09-27T15:12:16Z] #5206 attempt=1/2 status=200 0.345s url=https://www.myfonts.com/products/regular-brutal-rioter-1217251
[2026-09-27T15:12:17Z] #5207 attempt=1/2 status=200 0.365s url=https://www.myfonts.com/collections/brutal-rioter-font-alit-design/
[2026-09-27T15:12:18Z] #5208 attempt=1/2 status=200 0.312s url=https://www.myfonts.com/collections/brutal-rioter-font-alit-design/?tab=techSpecs
[2026-09-27T15:12:19Z] #5209 attempt=1/2 status=200 0.341s url=https://www.myfonts.com/products/regular-dyssa-1217234
[2026-09-27T15:12:19Z] #5210 attempt=1/2 status=200 0.342s url=https://www.myfonts.com/collections/dyssa-font-gassstype/
[2026-09-27T15:12:20Z] #5211 attempt=1/2 status=200 0.318s url=https://www.myfonts.com/collections/dyssa-font-gassstype/?tab=techSpecs
[2026-09-27T15:12:21Z] #5212 attempt=1/2 status=200 0.314s url=https://www.myfonts.com/products/regular-gocky-1217237
[2026-09-27T15:12:22Z] #5213 attempt=1/2 status=200 0.342s url=https://www.myfonts.com/collections/gocky-font-dareco-studio/
[2026-09-27T15:12:23Z] #5214 attempt=1/2 status=200 0.305s url=https://www.myfonts.com/collections/gocky-font-dareco-studio/?tab=techSpecs
[2026-09-27T15:12:24Z] #5215 attempt=1/2 status=200 0.345s url=https://www.myfonts.com/products/regular-beosze-tramx-1217250
[2026-09-27T15:12:25Z] #5216 attempt=1/2 status=200 0.384s url=https://www.myfonts.com/collections/beosze-tramx-font-maulana-creative/
[2026-09-27T15:12:25Z] #5217 attempt=1/2 status=200 0.320s url=https://www.myfonts.com/collections/beosze-tramx-font-maulana-creative/?tab=techSpecs
[2026-09-27T15:12:26Z] #5218 attempt=1/2 status=200 0.310s url=https://www.myfonts.com/products/regular-indramayu-1217235
[2026-09-27T15:12:27Z] #5219 attempt=1/2 status=200 0.357s url=https://www.myfonts.com/collections/indramayu-font-gassstype/
[2026-09-27T15:12:28Z] #5220 attempt=1/2 status=200 0.288s url=https://www.myfonts.com/collections/indramayu-font-gassstype/?tab=techSpecs
[2026-09-27T15:12:29Z] #5221 attempt=1/2 status=200 0.321s url=https://www.myfonts.com/products/regular-winked-1217249
[2026-09-27T15:12:30Z] #5222 attempt=1/2 status=200 0.354s url=https://www.myfonts.com/collections/winked-font-dareco-studio/
[2026-09-27T15:12:31Z] #5223 attempt=1/2 status=200 0.329s url=https://www.myfonts.com/collections/winked-font-dareco-studio/?tab=techSpecs
[2026-09-27T15:12:32Z] #5224 attempt=1/2 status=200 0.330s url=https://www.myfonts.com/products/regular-lycanth-1217233
[2026-09-27T15:12:32Z] #5225 attempt=1/2 status=200 0.324s url=https://www.myfonts.com/collections/lycanth-font-eotype/
[2026-09-27T15:12:33Z] #5226 attempt=1/2 status=200 0.310s url=https://www.myfonts.com/collections/lycanth-font-eotype/?tab=techSpecs
[2026-09-27T15:12:34Z] #5227 attempt=1/2 status=200 0.332s url=https://www.myfonts.com/products/regular-caffle-1217232
[2026-09-27T15:12:35Z] #5228 attempt=1/2 status=200 0.360s url=https://www.myfonts.com/collections/caffle-font-storictype/
[2026-09-27T15:12:36Z] #5229 attempt=1/2 status=200 0.352s url=https://www.myfonts.com/collections/caffle-font-storictype/?tab=techSpecs
[2026-09-27T15:12:37Z] #5230 attempt=1/2 status=200 0.446s url=https://www.myfonts.com/products/miroje-complete-family-package-1217221
[2026-09-27T15:12:38Z] #5231 attempt=1/2 status=200 0.473s url=https://www.myfonts.com/collections/miroje-font-issam-type/
[2026-09-27T15:12:39Z] #5232 attempt=1/2 status=200 0.441s url=https://www.myfonts.com/collections/miroje-font-issam-type/?tab=techSpecs
[2026-09-27T15:12:41Z] #5233 attempt=1/2 status=200 0.769s url=https://www.myfonts.com/products/modern-minimalist-sans-duo-package-1217220
[2026-09-27T15:12:41Z] #5234 attempt=1/2 status=404 0.236s url=https://www.myfonts.com/collections/modern-minimalist-sans-duo-font-fontop
[2026-09-27T15:12:42Z] #5235 attempt=1/2 status=200 0.358s url=https://www.myfonts.com/products/maison-des-pastel-sans-complete-family-package-1215715
[2026-09-27T15:12:43Z] #5236 attempt=1/2 status=200 0.391s url=https://www.myfonts.com/collections/maison-des-pastel-sans-font-jolicia-type/
[2026-09-27T15:12:44Z] #5237 attempt=1/2 status=200 0.330s url=https://www.myfonts.com/collections/maison-des-pastel-sans-font-jolicia-type/?tab=techSpecs
[2026-09-27T15:12:46Z] #5238 attempt=1/2 status=200 0.858s url=https://www.myfonts.com/products/ringtab-complete-family-package-1216659
[2026-09-27T15:12:48Z] #5239 attempt=1/2 status=200 1.130s url=https://www.myfonts.com/collections/ringtab-font-seethistype/
[2026-09-27T15:12:49Z] #5240 attempt=1/2 status=200 1.103s url=https://www.myfonts.com/collections/ringtab-font-seethistype/?tab=techSpecs
[2026-09-27T15:12:51Z] #5241 attempt=1/2 status=200 0.384s url=https://www.myfonts.com/products/tg-movga-complete-family-package-1216534
[2026-09-27T15:12:52Z] #5242 attempt=1/2 status=200 0.468s url=https://www.myfonts.com/collections/tg-movga-font-typogrid/
[2026-09-27T15:12:53Z] #5243 attempt=1/2 status=200 0.410s url=https://www.myfonts.com/collections/tg-movga-font-typogrid/?tab=techSpecs
[2026-09-27T15:12:55Z] #5244 attempt=1/2 status=200 0.419s url=https://www.myfonts.com/products/inkora-sans-complete-family-package-1216822
[2026-09-27T15:12:56Z] #5245 attempt=1/2 status=200 0.498s url=https://www.myfonts.com/collections/inkora-sans-font-lettertype-studio/
[2026-09-27T15:12:56Z] #5246 attempt=1/2 status=200 0.406s url=https://www.myfonts.com/collections/inkora-sans-font-lettertype-studio/?tab=techSpecs
[2026-09-27T15:12:58Z] #5247 attempt=1/2 status=200 0.360s url=https://www.myfonts.com/products/creambo-complete-family-package-1215250
[2026-09-27T15:12:59Z] #5248 attempt=1/2 status=200 0.358s url=https://www.myfonts.com/collections/creambo-font-steptype/
[2026-09-27T15:12:59Z] #5249 attempt=1/2 status=200 0.357s url=https://www.myfonts.com/collections/creambo-font-steptype/?tab=techSpecs
[2026-09-27T15:13:01Z] #5250 attempt=1/2 status=200 0.359s url=https://www.myfonts.com/products/florida-palms-complete-family-package-1217207
[2026-09-27T15:13:02Z] #5251 attempt=1/2 status=200 0.405s url=https://www.myfonts.com/collections/florida-palms-font-edignwn-type/
[2026-09-27T15:13:03Z] #5252 attempt=1/2 status=200 0.388s url=https://www.myfonts.com/collections/florida-palms-font-edignwn-type/?tab=techSpecs
[2026-09-27T15:13:04Z] #5253 attempt=1/2 status=200 0.447s url=https://www.myfonts.com/products/ralinder-complete-family-package-1216758
[2026-09-27T15:13:05Z] #5254 attempt=1/2 status=200 0.543s url=https://www.myfonts.com/collections/ralinder-font-graptail/
[2026-09-27T15:13:06Z] #5255 attempt=1/2 status=200 0.445s url=https://www.myfonts.com/collections/ralinder-font-graptail/?tab=techSpecs
[2026-09-27T15:13:08Z] #5256 attempt=1/2 status=200 0.462s url=https://www.myfonts.com/products/mor-complete-family-package-1215342
[2026-09-27T15:13:09Z] #5257 attempt=1/2 status=200 0.486s url=https://www.myfonts.com/collections/mor-font-designomatt/
[2026-09-27T15:13:10Z] #5258 attempt=1/2 status=200 0.379s url=https://www.myfonts.com/collections/mor-font-designomatt/?tab=techSpecs
[2026-09-27T15:13:12Z] #5259 attempt=1/2 status=200 0.493s url=https://www.myfonts.com/products/tt-odellia-variable-package-package-1215194
[2026-09-27T15:13:13Z] #5260 attempt=1/2 status=200 0.562s url=https://www.myfonts.com/collections/tt-odellia-font-typetype/
[2026-09-27T15:13:14Z] #5261 attempt=1/2 status=200 0.452s url=https://www.myfonts.com/collections/tt-odellia-font-typetype/?tab=techSpecs
[2026-09-27T15:13:16Z] #5262 attempt=1/2 status=200 1.351s url=https://www.myfonts.com/products/fontera-complete-family-package-1215719
[2026-09-27T15:13:20Z] #5263 attempt=1/2 status=200 2.986s url=https://www.myfonts.com/collections/fontera-font-slex-studio/
[2026-09-27T15:13:24Z] #5264 attempt=1/2 status=200 3.038s url=https://www.myfonts.com/collections/fontera-font-slex-studio/?tab=techSpecs
[2026-09-27T15:13:26Z] #5265 attempt=1/2 status=200 0.374s url=https://www.myfonts.com/products/ruvena-normal-complete-family-package-1216154
[2026-09-27T15:13:26Z] #5266 attempt=1/2 status=200 0.388s url=https://www.myfonts.com/collections/ruvena-normal-font-arif-novianto/
[2026-09-27T15:13:27Z] #5267 attempt=1/2 status=200 0.345s url=https://www.myfonts.com/collections/ruvena-normal-font-arif-novianto/?tab=techSpecs
[2026-09-27T15:13:29Z] #5268 attempt=1/2 status=200 0.356s url=https://www.myfonts.com/products/gintav-complete-family-package-1215319
[2026-09-27T15:13:30Z] #5269 attempt=1/2 status=200 0.382s url=https://www.myfonts.com/collections/gintav-font-letterena-studios/
[2026-09-27T15:13:30Z] #5270 attempt=1/2 status=200 0.324s url=https://www.myfonts.com/collections/gintav-font-letterena-studios/?tab=techSpecs
[2026-09-27T15:13:32Z] #5271 attempt=1/2 status=200 0.384s url=https://www.myfonts.com/products/retro-masters-complete-family-package-1216169
[2026-09-27T15:13:33Z] #5272 attempt=1/2 status=200 0.478s url=https://www.myfonts.com/collections/retro-masters-font-timelesstype-studio/
[2026-09-27T15:13:34Z] #5273 attempt=1/2 status=200 0.432s url=https://www.myfonts.com/collections/retro-masters-font-timelesstype-studio/?tab=techSpecs
[2026-09-27T15:13:35Z] #5274 attempt=1/2 status=200 0.345s url=https://www.myfonts.com/products/bargckiss-complete-family-package-1215154
[2026-09-27T15:13:36Z] #5275 attempt=1/2 status=200 0.410s url=https://www.myfonts.com/collections/bargckiss-font-timelesstype-studio/
[2026-09-27T15:13:37Z] #5276 attempt=1/2 status=200 0.333s url=https://www.myfonts.com/collections/bargckiss-font-timelesstype-studio/?tab=techSpecs
[2026-09-27T15:13:39Z] #5277 attempt=1/2 status=200 0.435s url=https://www.myfonts.com/products/tg-mathos-complete-family-package-1215357
[2026-09-27T15:13:40Z] #5278 attempt=1/2 status=200 0.428s url=https://www.myfonts.com/collections/tg-mathos-font-typogrid/
[2026-09-27T15:13:40Z] #5279 attempt=1/2 status=200 0.422s url=https://www.myfonts.com/collections/tg-mathos-font-typogrid/?tab=techSpecs
[2026-09-27T15:13:43Z] #5280 attempt=1/2 status=200 0.879s url=https://www.myfonts.com/products/vandelle-complete-family-package-1216572
[2026-09-27T15:13:44Z] #5281 attempt=1/2 status=200 1.336s url=https://www.myfonts.com/collections/vandelle-font-kaidosan/
[2026-09-27T15:13:46Z] #5282 attempt=1/2 status=200 0.995s url=https://www.myfonts.com/collections/vandelle-font-kaidosan/?tab=techSpecs
[2026-09-27T15:13:48Z] #5283 attempt=1/2 status=200 0.369s url=https://www.myfonts.com/products/clayton-complete-family-package-1217173
[2026-09-27T15:13:48Z] #5284 attempt=1/2 status=200 0.347s url=https://www.myfonts.com/collections/clayton-font-webhance/
[2026-09-27T15:13:49Z] #5285 attempt=1/2 status=200 0.342s url=https://www.myfonts.com/collections/clayton-font-webhance/?tab=techSpecs
[2026-09-27T15:13:51Z] #5286 attempt=1/2 status=200 0.355s url=https://www.myfonts.com/products/baxcattery-groonkey-complete-family-package-1216391
[2026-09-27T15:13:52Z] #5287 attempt=1/2 status=200 0.370s url=https://www.myfonts.com/collections/baxcattery-groonkey-font-letterena-studios/
[2026-09-27T15:13:52Z] #5288 attempt=1/2 status=200 0.321s url=https://www.myfonts.com/collections/baxcattery-groonkey-font-letterena-studios/?tab=techSpecs
[2026-09-27T15:13:54Z] #5289 attempt=1/2 status=200 0.419s url=https://www.myfonts.com/products/binaru-complete-family-package-1216519
[2026-09-27T15:13:55Z] #5290 attempt=1/2 status=200 0.506s url=https://www.myfonts.com/collections/binaru-font-locomotype/
[2026-09-27T15:13:56Z] #5291 attempt=1/2 status=200 0.425s url=https://www.myfonts.com/collections/binaru-font-locomotype/?tab=techSpecs
[2026-09-27T15:13:57Z] #5292 attempt=1/2 status=200 0.383s url=https://www.myfonts.com/products/settled-pro-complete-family-package-1217196
[2026-09-27T15:13:59Z] #5293 attempt=1/2 status=200 1.395s url=https://www.myfonts.com/products/brimonta-complete-family-package-1215370
[2026-09-27T15:14:02Z] #5294 attempt=1/2 status=200 2.186s url=https://www.myfonts.com/collections/brimonta-font-gian-studio/
[2026-09-27T15:14:04Z] #5295 attempt=1/2 status=200 1.751s url=https://www.myfonts.com/collections/brimonta-font-gian-studio/?tab=techSpecs
[2026-09-27T15:14:06Z] #5296 attempt=1/2 status=200 0.382s url=https://www.myfonts.com/products/bob-raften-gones-complete-family-package-1215294
[2026-09-27T15:14:07Z] #5297 attempt=1/2 status=200 0.378s url=https://www.myfonts.com/collections/bob-raften-gones-font-letterena-studios/
[2026-09-27T15:14:08Z] #5298 attempt=1/2 status=200 0.338s url=https://www.myfonts.com/collections/bob-raften-gones-font-letterena-studios/?tab=techSpecs
[2026-09-27T15:14:09Z] #5299 attempt=1/2 status=200 0.370s url=https://www.myfonts.com/products/sweet-romance-complete-family-package-1216163
[2026-09-27T15:14:10Z] #5300 attempt=1/2 status=200 0.374s url=https://www.myfonts.com/collections/sweet-romance-font-amorfa-type/
[2026-09-27T15:14:11Z] #5301 attempt=1/2 status=200 0.387s url=https://www.myfonts.com/collections/sweet-romance-font-amorfa-type/?tab=techSpecs
[2026-09-27T15:14:13Z] #5302 attempt=1/2 status=200 0.355s url=https://www.myfonts.com/products/open-package-1216190
[2026-09-27T15:14:15Z] #5303 attempt=1/2 status=200 1.534s url=https://www.myfonts.com/products/evarnique-complete-family-package-1216862
[2026-09-27T15:14:18Z] #5304 attempt=1/2 status=200 3.481s url=https://www.myfonts.com/collections/evarnique-font-typehill-studio/
[2026-09-27T15:14:23Z] #5305 attempt=1/2 status=200 3.417s url=https://www.myfonts.com/collections/evarnique-font-typehill-studio/?tab=techSpecs
[2026-09-27T15:14:25Z] #5306 attempt=1/2 status=200 0.353s url=https://www.myfonts.com/products/biscova-complete-family-package-1216160
[2026-09-27T15:14:26Z] #5307 attempt=1/2 status=200 0.405s url=https://www.myfonts.com/collections/biscova-font-ragamkata/
[2026-09-27T15:14:27Z] #5308 attempt=1/2 status=200 0.364s url=https://www.myfonts.com/collections/biscova-font-ragamkata/?tab=techSpecs
[2026-09-27T15:14:28Z] #5309 attempt=1/2 status=200 0.363s url=https://www.myfonts.com/products/gatger-complete-family-package-1215245
[2026-09-27T15:14:29Z] #5310 attempt=1/2 status=200 0.399s url=https://www.myfonts.com/collections/gatger-font-dareco-studio/
[2026-09-27T15:14:30Z] #5311 attempt=1/2 status=200 0.370s url=https://www.myfonts.com/collections/gatger-font-dareco-studio/?tab=techSpecs
[2026-09-27T15:14:32Z] #5312 attempt=1/2 status=200 0.441s url=https://www.myfonts.com/products/bright-legacy-complete-family-package-1215224
[2026-09-27T15:14:32Z] #5313 attempt=1/2 status=200 0.474s url=https://www.myfonts.com/collections/bright-legacy-font-vermilione/
[2026-09-27T15:14:33Z] #5314 attempt=1/2 status=200 0.401s url=https://www.myfonts.com/collections/bright-legacy-font-vermilione/?tab=techSpecs
[2026-09-27T15:14:35Z] #5315 attempt=1/2 status=200 0.359s url=https://www.myfonts.com/products/pilova-complete-family-package-1216569
[2026-09-27T15:14:36Z] #5316 attempt=1/2 status=200 0.404s url=https://www.myfonts.com/collections/pilova-font-vermilione/
[2026-09-27T15:14:37Z] #5317 attempt=1/2 status=200 0.332s url=https://www.myfonts.com/collections/pilova-font-vermilione/?tab=techSpecs
[2026-09-27T15:14:39Z] #5318 attempt=1/2 status=200 0.414s url=https://www.myfonts.com/products/swaraga-complete-family-package-1215300
[2026-09-27T15:14:40Z] #5319 attempt=1/2 status=200 0.520s url=https://www.myfonts.com/collections/swaraga-font-lettertype-studio/
[2026-09-27T15:14:41Z] #5320 attempt=1/2 status=200 0.417s url=https://www.myfonts.com/collections/swaraga-font-lettertype-studio/?tab=techSpecs
[2026-09-27T15:14:42Z] #5321 attempt=1/2 status=200 0.405s url=https://www.myfonts.com/products/upright-value-package-package-1215174
[2026-09-27T15:14:43Z] #5322 attempt=1/2 status=200 0.519s url=https://www.myfonts.com/collections/kineks-compact-font-bykineks/
[2026-09-27T15:14:44Z] #5323 attempt=1/2 status=200 0.520s url=https://www.myfonts.com/collections/kineks-compact-font-bykineks/?tab=techSpecs
[2026-09-27T15:14:46Z] #5324 attempt=1/2 status=200 0.386s url=https://www.myfonts.com/products/cuica-complete-family-package-1217146
[2026-09-27T15:14:47Z] #5325 attempt=1/2 status=200 0.476s url=https://www.myfonts.com/collections/cuica-font-sudtipos/
[2026-09-27T15:14:48Z] #5326 attempt=1/2 status=200 0.414s url=https://www.myfonts.com/collections/cuica-font-sudtipos/?tab=techSpecs
[2026-09-27T15:14:49Z] #5327 attempt=1/2 status=200 0.351s url=https://www.myfonts.com/products/rollakisse-complete-family-package-1215221
[2026-09-27T15:14:50Z] #5328 attempt=1/2 status=200 0.381s url=https://www.myfonts.com/collections/rollakisse-font-almarkha-type/
[2026-09-27T15:14:51Z] #5329 attempt=1/2 status=200 0.378s url=https://www.myfonts.com/collections/rollakisse-font-almarkha-type/?tab=techSpecs
[2026-09-27T15:14:53Z] #5330 attempt=1/2 status=200 0.408s url=https://www.myfonts.com/products/gc-fentura-complete-family-package-1215138
[2026-09-27T15:14:54Z] #5331 attempt=1/2 status=200 0.485s url=https://www.myfonts.com/collections/gc-fentura-font-onyx-studio/
[2026-09-27T15:14:54Z] #5332 attempt=1/2 status=200 0.407s url=https://www.myfonts.com/collections/gc-fentura-font-onyx-studio/?tab=techSpecs
[2026-09-27T15:14:56Z] #5333 attempt=1/2 status=200 0.424s url=https://www.myfonts.com/products/wonder-society-complete-family-package-1215208
[2026-09-27T15:14:57Z] #5334 attempt=1/2 status=200 0.560s url=https://www.myfonts.com/collections/wonder-society-font-font-liner/
[2026-09-27T15:14:58Z] #5335 attempt=1/2 status=200 0.413s url=https://www.myfonts.com/collections/wonder-society-font-font-liner/?tab=techSpecs
[2026-09-27T15:15:00Z] #5336 attempt=1/2 status=200 0.328s url=https://www.myfonts.com/products/roches-complete-family-package-1215196
[2026-09-27T15:15:00Z] #5337 attempt=1/2 status=200 0.371s url=https://www.myfonts.com/collections/roches-font-ragamkata/
[2026-09-27T15:15:01Z] #5338 attempt=1/2 status=200 0.341s url=https://www.myfonts.com/collections/roches-font-ragamkata/?tab=techSpecs
[2026-09-27T15:15:03Z] #5339 attempt=1/2 status=200 0.359s url=https://www.myfonts.com/products/wonder-finder-complete-family-package-1216856
[2026-09-27T15:15:03Z] #5340 attempt=1/2 status=200 0.349s url=https://www.myfonts.com/collections/wonder-finder-font-littlehand/
[2026-09-27T15:15:04Z] #5341 attempt=1/2 status=200 0.369s url=https://www.myfonts.com/collections/wonder-finder-font-littlehand/?tab=techSpecs
[2026-09-27T15:15:06Z] #5342 attempt=1/2 status=200 0.442s url=https://www.myfonts.com/products/ga-sans-complete-family-package-1216821
[2026-09-27T15:15:07Z] #5343 attempt=1/2 status=200 0.597s url=https://www.myfonts.com/collections/ga-sans-font-typeedition/
[2026-09-27T15:15:08Z] #5344 attempt=1/2 status=200 0.455s url=https://www.myfonts.com/collections/ga-sans-font-typeedition/?tab=techSpecs
[2026-09-27T15:15:09Z] #5345 attempt=1/2 status=200 0.356s url=https://www.myfonts.com/products/half-love-complete-family-package-1216444
[2026-09-27T15:15:10Z] #5346 attempt=1/2 status=200 0.416s url=https://www.myfonts.com/collections/half-love-font-cut-story/
[2026-09-27T15:15:11Z] #5347 attempt=1/2 status=200 0.368s url=https://www.myfonts.com/collections/half-love-font-cut-story/?tab=techSpecs
[2026-09-27T15:15:13Z] #5348 attempt=1/2 status=200 0.477s url=https://www.myfonts.com/products/zt-notanic-complete-family-package-1216452
[2026-09-27T15:15:14Z] #5349 attempt=1/2 status=200 0.681s url=https://www.myfonts.com/collections/zt-notanic-font-zelow-type/
[2026-09-27T15:15:15Z] #5350 attempt=1/2 status=200 0.490s url=https://www.myfonts.com/collections/zt-notanic-font-zelow-type/?tab=techSpecs
[2026-09-27T15:15:16Z] #5351 attempt=1/2 status=200 0.377s url=https://www.myfonts.com/products/backbudys-complete-family-package-1216333
[2026-09-27T15:15:17Z] #5352 attempt=1/2 status=200 0.388s url=https://www.myfonts.com/collections/backbudys-font-letterena-studios/
[2026-09-27T15:15:18Z] #5353 attempt=1/2 status=200 0.351s url=https://www.myfonts.com/collections/backbudys-font-letterena-studios/?tab=techSpecs
[2026-09-27T15:15:20Z] #5354 attempt=1/2 status=200 0.433s url=https://www.myfonts.com/products/ot-magnet-complete-family-package-1216784
[2026-09-27T15:15:21Z] #5355 attempt=1/2 status=200 0.510s url=https://www.myfonts.com/collections/ot-magnet-font-oz-design/
[2026-09-27T15:15:21Z] #5356 attempt=1/2 status=200 0.402s url=https://www.myfonts.com/collections/ot-magnet-font-oz-design/?tab=techSpecs
[2026-09-27T15:15:23Z] #5357 attempt=1/2 status=200 0.375s url=https://www.myfonts.com/products/ot-magnet-arabic-complete-family-package-1216777
[2026-09-27T15:15:24Z] #5358 attempt=1/2 status=200 0.413s url=https://www.myfonts.com/collections/ot-magnet-arabic-font-oz-design/
[2026-09-27T15:15:25Z] #5359 attempt=1/2 status=200 0.476s url=https://www.myfonts.com/collections/ot-magnet-arabic-font-oz-design/?tab=techSpecs
[2026-09-27T15:15:26Z] #5360 attempt=1/2 status=200 0.321s url=https://www.myfonts.com/products/hidden-midnight-complete-family-package-1216166
[2026-09-27T15:15:27Z] #5361 attempt=1/2 status=200 0.416s url=https://www.myfonts.com/collections/hidden-midnight-font-timelesstype-studio/
[2026-09-27T15:15:28Z] #5362 attempt=1/2 status=200 0.334s url=https://www.myfonts.com/collections/hidden-midnight-font-timelesstype-studio/?tab=techSpecs
[2026-09-27T15:15:30Z] #5363 attempt=1/2 status=200 0.369s url=https://www.myfonts.com/products/scrawlox-complete-family-package-1217212
[2026-09-27T15:15:30Z] #5364 attempt=1/2 status=200 0.387s url=https://www.myfonts.com/collections/scrawlox-font-sixtype-foundry/
[2026-09-27T15:15:31Z] #5365 attempt=1/2 status=200 0.353s url=https://www.myfonts.com/collections/scrawlox-font-sixtype-foundry/?tab=techSpecs
[2026-09-27T15:15:33Z] #5366 attempt=1/2 status=200 0.373s url=https://www.myfonts.com/products/aeroline-complete-family-package-1215199
[2026-09-27T15:15:34Z] #5367 attempt=1/2 status=200 0.490s url=https://www.myfonts.com/collections/aeroline-font-kufic-studio/
[2026-09-27T15:15:35Z] #5368 attempt=1/2 status=200 0.450s url=https://www.myfonts.com/collections/aeroline-font-kufic-studio/?tab=techSpecs
[2026-09-27T15:15:36Z] #5369 attempt=1/2 status=200 0.338s url=https://www.myfonts.com/products/tingkle-complete-family-package-1216484
[2026-09-27T15:15:37Z] #5370 attempt=1/2 status=200 0.400s url=https://www.myfonts.com/collections/tingkle-font-vermilione/
[2026-09-27T15:15:38Z] #5371 attempt=1/2 status=200 0.363s url=https://www.myfonts.com/collections/tingkle-font-vermilione/?tab=techSpecs
[2026-09-27T15:15:40Z] #5372 attempt=1/2 status=200 1.310s url=https://www.myfonts.com/products/olfactory-complete-family-package-1215718
[2026-09-27T15:15:43Z] #5373 attempt=1/2 status=200 1.805s url=https://www.myfonts.com/collections/olfactory-font-groenstudio/
[2026-09-27T15:15:45Z] #5374 attempt=1/2 status=200 1.899s url=https://www.myfonts.com/collections/olfactory-font-groenstudio/?tab=techSpecs
[2026-09-27T15:15:47Z] #5375 attempt=1/2 status=200 0.311s url=https://www.myfonts.com/products/alver-complete-family-package-1216859
[2026-09-27T15:15:48Z] #5376 attempt=1/2 status=200 0.407s url=https://www.myfonts.com/collections/alver-font-graptail/
[2026-09-27T15:15:49Z] #5377 attempt=1/2 status=200 0.382s url=https://www.myfonts.com/collections/alver-font-graptail/?tab=techSpecs
[2026-09-27T15:15:51Z] #5378 attempt=1/2 status=200 0.376s url=https://www.myfonts.com/products/calimurnia-complete-family-package-1215157
[2026-09-27T15:15:51Z] #5379 attempt=1/2 status=200 0.372s url=https://www.myfonts.com/collections/calimurnia-font-timelesstype-studio/
[2026-09-27T15:15:52Z] #5380 attempt=1/2 status=200 0.342s url=https://www.myfonts.com/collections/calimurnia-font-timelesstype-studio/?tab=techSpecs
[2026-09-27T15:15:54Z] #5381 attempt=1/6 status=200 0.854s url=https://www.myfonts.com/products.json?limit=100&page=171
[2026-09-27T15:15:55Z] #5382 attempt=1/2 status=200 0.400s url=https://www.myfonts.com/products/sltf-hazel-shore-complete-family-package-1215134
[2026-09-27T15:15:56Z] #5383 attempt=1/2 status=200 0.436s url=https://www.myfonts.com/collections/sltf-hazel-shore-font-silver-stag/
[2026-09-27T15:15:57Z] #5384 attempt=1/2 status=200 0.384s url=https://www.myfonts.com/collections/sltf-hazel-shore-font-silver-stag/?tab=techSpecs
[2026-09-27T15:15:59Z] #5385 attempt=1/2 status=200 0.330s url=https://www.myfonts.com/products/keep-on-laughing-complete-family-package-1216566
[2026-09-27T15:15:59Z] #5386 attempt=1/2 status=200 0.421s url=https://www.myfonts.com/collections/keep-on-laughing-font-pizzadude-dk/
[2026-09-27T15:16:00Z] #5387 attempt=1/2 status=200 0.414s url=https://www.myfonts.com/collections/keep-on-laughing-font-pizzadude-dk/?tab=techSpecs
[2026-09-27T15:16:02Z] #5388 attempt=1/2 status=200 0.408s url=https://www.myfonts.com/products/diablocore-display-complete-family-package-1216157
[2026-09-27T15:16:03Z] #5389 attempt=1/2 status=200 0.417s url=https://www.myfonts.com/collections/diablocore-display-font-pointlab/
[2026-09-27T15:16:03Z] #5390 attempt=1/2 status=200 0.350s url=https://www.myfonts.com/collections/diablocore-display-font-pointlab/?tab=techSpecs
[2026-09-27T15:16:05Z] #5391 attempt=1/2 status=200 0.431s url=https://www.myfonts.com/products/hagiland-complete-family-package-1217158
[2026-09-27T15:16:06Z] #5392 attempt=1/2 status=200 0.431s url=https://www.myfonts.com/collections/hagiland-font-attype-studio/
[2026-09-27T15:16:07Z] #5393 attempt=1/2 status=200 0.384s url=https://www.myfonts.com/collections/hagiland-font-attype-studio/?tab=techSpecs
[2026-09-27T15:16:08Z] #5394 attempt=1/2 status=200 0.420s url=https://www.myfonts.com/products/chiper-complete-family-package-1216845
[2026-09-27T15:16:09Z] #5395 attempt=1/2 status=200 0.476s url=https://www.myfonts.com/collections/chiper-font-canden-meutuah/
[2026-09-27T15:16:10Z] #5396 attempt=1/2 status=200 0.408s url=https://www.myfonts.com/collections/chiper-font-canden-meutuah/?tab=techSpecs
[2026-09-27T15:16:12Z] #5397 attempt=1/2 status=200 0.434s url=https://www.myfonts.com/products/bergham-complete-family-package-1217084
[2026-09-27T15:16:13Z] #5398 attempt=1/2 status=200 0.446s url=https://www.myfonts.com/collections/bergham-font-ragamkata/
[2026-09-27T15:16:13Z] #5399 attempt=1/2 status=200 0.358s url=https://www.myfonts.com/collections/bergham-font-ragamkata/?tab=techSpecs
[2026-09-27T15:16:15Z] #5400 attempt=1/2 status=200 0.368s url=https://www.myfonts.com/products/charm-stories-complete-family-package-1216773
[2026-09-27T15:16:16Z] #5401 attempt=1/2 status=200 0.413s url=https://www.myfonts.com/collections/charm-stories-font-letterena-studios/
[2026-09-27T15:16:17Z] #5402 attempt=1/2 status=200 0.501s url=https://www.myfonts.com/collections/charm-stories-font-letterena-studios/?tab=techSpecs
[2026-09-27T15:16:19Z] #5403 attempt=1/2 status=200 0.365s url=https://www.myfonts.com/products/regular-quickle-1217206
[2026-09-27T15:16:19Z] #5404 attempt=1/2 status=200 0.383s url=https://www.myfonts.com/collections/quickle-font-gassstype/
[2026-09-27T15:16:20Z] #5405 attempt=1/2 status=200 0.321s url=https://www.myfonts.com/collections/quickle-font-gassstype/?tab=techSpecs
[2026-09-27T15:16:22Z] #5406 attempt=1/6 status=200 0.735s url=https://www.myfonts.com/products.json?limit=100&page=172
[2026-09-27T15:16:22Z] #5407 attempt=1/2 status=200 0.328s url=https://www.myfonts.com/products/regular-elgarde-1216757
[2026-09-27T15:16:23Z] #5408 attempt=1/2 status=200 0.351s url=https://www.myfonts.com/collections/elgarde-font-vadova-std/
[2026-09-27T15:16:24Z] #5409 attempt=1/2 status=200 0.316s url=https://www.myfonts.com/collections/elgarde-font-vadova-std/?tab=techSpecs
[2026-09-27T15:16:25Z] #5410 attempt=1/2 status=200 0.350s url=https://www.myfonts.com/products/regular-mourint-1216532
[2026-09-27T15:16:26Z] #5411 attempt=1/2 status=200 0.356s url=https://www.myfonts.com/collections/mourint-font-greentrik6789/
[2026-09-27T15:16:26Z] #5412 attempt=1/2 status=200 0.307s url=https://www.myfonts.com/collections/mourint-font-greentrik6789/?tab=techSpecs
[2026-09-27T15:16:28Z] #5413 attempt=1/2 status=200 0.354s url=https://www.myfonts.com/products/regular-walktrip-1217145
[2026-09-27T15:16:28Z] #5414 attempt=1/2 status=200 0.343s url=https://www.myfonts.com/collections/walktrip-font-epiclinez/
[2026-09-27T15:16:29Z] #5415 attempt=1/2 status=200 0.309s url=https://www.myfonts.com/collections/walktrip-font-epiclinez/?tab=techSpecs
[2026-09-27T15:16:30Z] #5416 attempt=1/2 status=200 0.377s url=https://www.myfonts.com/products/regular-roslenk-1216483
[2026-09-27T15:16:31Z] #5417 attempt=1/2 status=200 0.383s url=https://www.myfonts.com/collections/roslenk-font-flawlessandco/
[2026-09-27T15:16:32Z] #5418 attempt=1/2 status=200 0.359s url=https://www.myfonts.com/collections/roslenk-font-flawlessandco/?tab=techSpecs
[2026-09-27T15:16:33Z] #5419 attempt=1/2 status=200 0.369s url=https://www.myfonts.com/products/valerie-sally-regular-valerie-sally-1216153
[2026-09-27T15:16:34Z] #5420 attempt=1/2 status=200 0.360s url=https://www.myfonts.com/collections/valerie-sally-font-happy-hayyin/
[2026-09-27T15:16:35Z] #5421 attempt=1/2 status=200 0.523s url=https://www.myfonts.com/collections/valerie-sally-font-happy-hayyin/?tab=techSpecs
[2026-09-27T15:16:36Z] #5422 attempt=1/2 status=200 0.333s url=https://www.myfonts.com/products/regular-mltp-bring-hirisk-1216543
[2026-09-27T15:16:37Z] #5423 attempt=1/2 status=200 0.339s url=https://www.myfonts.com/collections/mltp-bring-hirisk-font-multype-studio/
[2026-09-27T15:16:37Z] #5424 attempt=1/2 status=200 0.330s url=https://www.myfonts.com/collections/mltp-bring-hirisk-font-multype-studio/?tab=techSpecs
[2026-09-27T15:16:39Z] #5425 attempt=1/6 status=200 1.013s url=https://www.myfonts.com/products.json?limit=100&page=173
[2026-09-27T15:16:40Z] #5426 attempt=1/2 status=200 0.328s url=https://www.myfonts.com/products/regular-mltp-badrain-brush-1216479
[2026-09-27T15:16:41Z] #5427 attempt=1/2 status=200 0.342s url=https://www.myfonts.com/collections/mltp-badrain-brush-font-multype-studio/
[2026-09-27T15:16:42Z] #5428 attempt=1/2 status=200 0.299s url=https://www.myfonts.com/collections/mltp-badrain-brush-font-multype-studio/?tab=techSpecs
[2026-09-27T15:16:43Z] #5429 attempt=1/2 status=200 0.330s url=https://www.myfonts.com/products/regular-dusty-western-1217172
[2026-09-27T15:16:43Z] #5430 attempt=1/2 status=200 0.335s url=https://www.myfonts.com/collections/dusty-western-font-meow-creation-font/
[2026-09-27T15:16:44Z] #5431 attempt=1/2 status=200 0.388s url=https://www.myfonts.com/collections/dusty-western-font-meow-creation-font/?tab=techSpecs
[2026-09-27T15:16:46Z] #5432 attempt=1/6 status=200 0.821s url=https://www.myfonts.com/products.json?limit=100&page=174
[2026-09-27T15:16:47Z] #5433 attempt=1/6 status=200 0.838s url=https://www.myfonts.com/products.json?limit=100&page=175
[2026-09-27T15:16:48Z] #5434 attempt=1/2 status=200 0.309s url=https://www.myfonts.com/products/regular-phantasm-ghost-1216488
[2026-09-27T15:16:49Z] #5435 attempt=1/2 status=200 0.376s url=https://www.myfonts.com/collections/phantasm-ghost-font-tini-fitriani/
[2026-09-27T15:16:50Z] #5436 attempt=1/2 status=200 0.326s url=https://www.myfonts.com/collections/phantasm-ghost-font-tini-fitriani/?tab=techSpecs
[2026-09-27T15:16:51Z] #5437 attempt=1/2 status=200 0.329s url=https://www.myfonts.com/products/regular-boldier-comic-1215253
[2026-09-27T15:16:52Z] #5438 attempt=1/2 status=200 0.354s url=https://www.myfonts.com/collections/boldier-comic-font-mvmet/
[2026-09-27T15:16:52Z] #5439 attempt=1/2 status=200 0.329s url=https://www.myfonts.com/collections/boldier-comic-font-mvmet/?tab=techSpecs
[2026-09-27T15:16:54Z] #5440 attempt=1/2 status=200 0.371s url=https://www.myfonts.com/products/regular-ez-jaffeline-1216482
[2026-09-27T15:16:54Z] #5441 attempt=1/2 status=200 0.376s url=https://www.myfonts.com/collections/ez-jaffeline-font-zafara-studios/
[2026-09-27T15:16:55Z] #5442 attempt=1/2 status=200 0.345s url=https://www.myfonts.com/collections/ez-jaffeline-font-zafara-studios/?tab=techSpecs
[2026-09-27T15:16:57Z] #5443 attempt=1/6 status=200 0.999s url=https://www.myfonts.com/products.json?limit=100&page=176
[2026-09-27T15:16:58Z] #5444 attempt=1/2 status=200 0.330s url=https://www.myfonts.com/products/bold-riot-kick-1216863
[2026-09-27T15:16:58Z] #5445 attempt=1/2 status=200 0.364s url=https://www.myfonts.com/collections/riot-kick-font-graptail/
[2026-09-27T15:16:59Z] #5446 attempt=1/2 status=200 0.375s url=https://www.myfonts.com/collections/riot-kick-font-graptail/?tab=techSpecs
[2026-09-27T15:17:01Z] #5447 attempt=1/6 status=200 0.919s url=https://www.myfonts.com/products.json?limit=100&page=177
[2026-09-27T15:17:02Z] #5448 attempt=1/2 status=200 0.352s url=https://www.myfonts.com/products/regular-rt-magical-charm-1216272
[2026-09-27T15:17:03Z] #5449 attempt=1/2 status=200 0.327s url=https://www.myfonts.com/collections/rt-magical-charm-font-rillatype/
[2026-09-27T15:17:03Z] #5450 attempt=1/2 status=200 0.326s url=https://www.myfonts.com/collections/rt-magical-charm-font-rillatype/?tab=techSpecs
[2026-09-27T15:17:04Z] #5451 attempt=1/2 status=200 0.360s url=https://www.myfonts.com/products/regular-imheve-1216812
[2026-09-27T15:17:05Z] #5452 attempt=1/2 status=200 0.381s url=https://www.myfonts.com/collections/imheve-font-nian-keun-studio/
[2026-09-27T15:17:06Z] #5453 attempt=1/2 status=200 0.337s url=https://www.myfonts.com/collections/imheve-font-nian-keun-studio/?tab=techSpecs
[2026-09-27T15:17:07Z] #5454 attempt=1/2 status=200 0.365s url=https://www.myfonts.com/products/regular-lonela-1216776
[2026-09-27T15:17:08Z] #5455 attempt=1/2 status=200 0.450s url=https://www.myfonts.com/collections/lonela-font-graptail/
[2026-09-27T15:17:09Z] #5456 attempt=1/2 status=200 0.334s url=https://www.myfonts.com/collections/lonela-font-graptail/?tab=techSpecs
[2026-09-27T15:17:10Z] #5457 attempt=1/2 status=200 0.341s url=https://www.myfonts.com/products/regular-dark-district-1216229
[2026-09-27T15:17:11Z] #5458 attempt=1/2 status=200 0.379s url=https://www.myfonts.com/collections/dark-district-font-seemly-fonts/
[2026-09-27T15:17:11Z] #5459 attempt=1/2 status=200 0.382s url=https://www.myfonts.com/collections/dark-district-font-seemly-fonts/?tab=techSpecs
[2026-09-27T15:17:13Z] #5460 attempt=1/2 status=200 0.379s url=https://www.myfonts.com/products/regular-tender-grid-1217171
[2026-09-27T15:17:14Z] #5461 attempt=1/2 status=200 0.343s url=https://www.myfonts.com/collections/tender-grid-font-randy-studio/
[2026-09-27T15:17:14Z] #5462 attempt=1/2 status=200 0.325s url=https://www.myfonts.com/collections/tender-grid-font-randy-studio/?tab=techSpecs
[2026-09-27T15:17:16Z] #5463 attempt=1/2 status=200 0.352s url=https://www.myfonts.com/products/regular-luxoviensis-1216191
[2026-09-27T15:17:16Z] #5464 attempt=1/2 status=200 0.336s url=https://www.myfonts.com/collections/luxoviensis-font-mysterian/
[2026-09-27T15:17:17Z] #5465 attempt=1/2 status=200 0.327s url=https://www.myfonts.com/collections/luxoviensis-font-mysterian/?tab=techSpecs
[2026-09-27T15:17:19Z] #5466 attempt=1/6 status=200 0.820s url=https://www.myfonts.com/products.json?limit=100&page=178
[2026-09-27T15:17:20Z] #5467 attempt=1/2 status=200 0.345s url=https://www.myfonts.com/products/regular-mltp-rampage-hunter-1216518
[2026-09-27T15:17:20Z] #5468 attempt=1/2 status=200 0.362s url=https://www.myfonts.com/collections/mltp-rampage-hunter-font-multype-studio/
[2026-09-27T15:17:21Z] #5469 attempt=1/2 status=200 0.337s url=https://www.myfonts.com/collections/mltp-rampage-hunter-font-multype-studio/?tab=techSpecs
[2026-09-27T15:17:23Z] #5470 attempt=1/6 status=200 0.798s url=https://www.myfonts.com/products.json?limit=100&page=179
[2026-09-27T15:17:24Z] #5471 attempt=1/2 status=200 0.582s url=https://www.myfonts.com/products/regular-vorlenza-1216448
[2026-09-27T15:17:25Z] #5472 attempt=1/2 status=200 0.364s url=https://www.myfonts.com/collections/vorlenza-font-cut-story/
[2026-09-27T15:17:25Z] #5473 attempt=1/2 status=200 0.343s url=https://www.myfonts.com/collections/vorlenza-font-cut-story/?tab=techSpecs
[2026-09-27T15:17:27Z] #5474 attempt=1/6 status=200 0.866s url=https://www.myfonts.com/products.json?limit=100&page=180
[2026-09-27T15:17:29Z] #5475 attempt=1/6 status=200 0.980s url=https://www.myfonts.com/products.json?limit=100&page=181
[2026-09-27T15:17:29Z] #5476 attempt=1/2 status=200 0.359s url=https://www.myfonts.com/products/regular-old-guther-1215195
[2026-09-27T15:17:30Z] #5477 attempt=1/2 status=200 0.358s url=https://www.myfonts.com/collections/old-guther-font-vultype-co/
[2026-09-27T15:17:31Z] #5478 attempt=1/2 status=200 0.336s url=https://www.myfonts.com/collections/old-guther-font-vultype-co/?tab=techSpecs
[2026-09-27T15:17:32Z] #5479 attempt=1/2 status=200 0.336s url=https://www.myfonts.com/products/regular-rigan-1215249
[2026-09-27T15:17:33Z] #5480 attempt=1/2 status=200 0.336s url=https://www.myfonts.com/collections/rigan-font-dareco-studio/
[2026-09-27T15:17:33Z] #5481 attempt=1/2 status=200 0.309s url=https://www.myfonts.com/collections/rigan-font-dareco-studio/?tab=techSpecs
[2026-09-27T15:17:35Z] #5482 attempt=1/6 status=200 0.927s url=https://www.myfonts.com/products.json?limit=100&page=182
[2026-09-27T15:17:36Z] #5483 attempt=1/2 status=200 0.406s url=https://www.myfonts.com/products/regular-kinzomba-1216819
[2026-09-27T15:17:37Z] #5484 attempt=1/2 status=200 0.459s url=https://www.myfonts.com/collections/kinzomba-font-one-collective/
[2026-09-27T15:17:38Z] #5485 attempt=1/2 status=200 0.375s url=https://www.myfonts.com/collections/kinzomba-font-one-collective/?tab=techSpecs
[2026-09-27T15:17:40Z] #5486 attempt=1/6 status=200 0.859s url=https://www.myfonts.com/products.json?limit=100&page=183
[2026-09-27T15:17:40Z] #5487 attempt=1/2 status=200 0.383s url=https://www.myfonts.com/products/regular-ft-ghoul-1216533
[2026-09-27T15:17:41Z] #5488 attempt=1/2 status=200 0.385s url=https://www.myfonts.com/collections/ft-ghoul-font-firstype-studio/
[2026-09-27T15:17:42Z] #5489 attempt=1/2 status=200 0.354s url=https://www.myfonts.com/collections/ft-ghoul-font-firstype-studio/?tab=techSpecs
[2026-09-27T15:17:43Z] #5490 attempt=1/2 status=200 0.360s url=https://www.myfonts.com/products/regular-equelle-1216487
[2026-09-27T15:17:44Z] #5491 attempt=1/2 status=200 0.363s url=https://www.myfonts.com/collections/equelle-font-cut-story/
[2026-09-27T15:17:45Z] #5492 attempt=1/2 status=200 0.321s url=https://www.myfonts.com/collections/equelle-font-cut-story/?tab=techSpecs
[2026-09-27T15:17:46Z] #5493 attempt=1/2 status=200 0.855s url=https://www.myfonts.com/products/variable-hastoga-1217215
[2026-09-27T15:17:48Z] #5494 attempt=1/2 status=200 1.410s url=https://www.myfonts.com/collections/hastoga-font-salsatype/
[2026-09-27T15:17:50Z] #5495 attempt=1/2 status=200 1.283s url=https://www.myfonts.com/collections/hastoga-font-salsatype/?tab=techSpecs
[2026-09-27T15:17:52Z] #5496 attempt=1/2 status=200 0.366s url=https://www.myfonts.com/products/regular-junella-1216481
[2026-09-27T15:17:52Z] #5497 attempt=1/2 status=200 0.378s url=https://www.myfonts.com/collections/junella-font-arif-novianto/
[2026-09-27T15:17:53Z] #5498 attempt=1/2 status=200 0.364s url=https://www.myfonts.com/collections/junella-font-arif-novianto/?tab=techSpecs
[2026-09-27T15:17:55Z] #5499 attempt=1/6 status=200 0.960s url=https://www.myfonts.com/products.json?limit=100&page=184
[2026-09-27T15:17:56Z] #5500 attempt=1/2 status=200 0.323s url=https://www.myfonts.com/products/regular-chunky-cuts-1216480
[2026-09-27T15:17:57Z] #5501 attempt=1/2 status=200 0.440s url=https://www.myfonts.com/collections/chunky-cuts-font-the-halal-design-type/
[2026-09-27T15:17:57Z] #5502 attempt=1/2 status=200 0.326s url=https://www.myfonts.com/collections/chunky-cuts-font-the-halal-design-type/?tab=techSpecs
[2026-09-27T15:17:58Z] #5503 attempt=1/2 status=200 0.350s url=https://www.myfonts.com/products/regular-quild-trip-1216658
[2026-09-27T15:17:59Z] #5504 attempt=1/2 status=200 0.342s url=https://www.myfonts.com/collections/quild-trip-font-maulana-creative/
[2026-09-27T15:18:00Z] #5505 attempt=1/2 status=200 0.350s url=https://www.myfonts.com/collections/quild-trip-font-maulana-creative/?tab=techSpecs
[2026-09-27T15:18:01Z] #5506 attempt=1/2 status=200 0.330s url=https://www.myfonts.com/products/regular-nm-softbreeze-1216813
[2026-09-27T15:18:02Z] #5507 attempt=1/2 status=200 0.399s url=https://www.myfonts.com/collections/nm-softbreeze-font-norm/
[2026-09-27T15:18:03Z] #5508 attempt=1/2 status=200 0.325s url=https://www.myfonts.com/collections/nm-softbreeze-font-norm/?tab=techSpecs
[2026-09-27T15:18:04Z] #5509 attempt=1/2 status=200 0.356s url=https://www.myfonts.com/products/americanoplusmilk-script-americano-plus-milk-1217177
[2026-09-27T15:18:05Z] #5510 attempt=1/2 status=200 0.385s url=https://www.myfonts.com/collections/americano-plus-milk-font-donchenko/
[2026-09-27T15:18:06Z] #5511 attempt=1/2 status=200 0.349s url=https://www.myfonts.com/collections/americano-plus-milk-font-donchenko/?tab=techSpecs
[2026-09-27T15:18:07Z] #5512 attempt=1/6 status=200 0.939s url=https://www.myfonts.com/products.json?limit=100&page=185
[2026-09-27T15:18:08Z] #5513 attempt=1/2 status=200 0.360s url=https://www.myfonts.com/products/regular-ef-avenzia-1217176
[2026-09-27T15:18:09Z] #5514 attempt=1/2 status=200 0.357s url=https://www.myfonts.com/collections/ef-avenzia-font-zafara-studios/
[2026-09-27T15:18:10Z] #5515 attempt=1/2 status=200 0.308s url=https://www.myfonts.com/collections/ef-avenzia-font-zafara-studios/?tab=techSpecs
[2026-09-27T15:18:11Z] #5516 attempt=1/2 status=200 0.341s url=https://www.myfonts.com/products/regular-merra-deathnoir-1216172
[2026-09-27T15:18:12Z] #5517 attempt=1/2 status=200 0.332s url=https://www.myfonts.com/collections/merra-deathnoir-font-razetype/
[2026-09-27T15:18:12Z] #5518 attempt=1/2 status=200 0.339s url=https://www.myfonts.com/collections/merra-deathnoir-font-razetype/?tab=techSpecs
[2026-09-27T15:18:14Z] #5519 attempt=1/2 status=200 0.353s url=https://www.myfonts.com/products/asgeta-complete-family-package-1216473
[2026-09-27T15:18:14Z] #5520 attempt=1/2 status=200 0.380s url=https://www.myfonts.com/collections/asgeta-font-timelesstype-studio/
[2026-09-27T15:18:15Z] #5521 attempt=1/2 status=200 0.330s url=https://www.myfonts.com/collections/asgeta-font-timelesstype-studio/?tab=techSpecs
[2026-09-27T15:18:17Z] #5522 attempt=1/2 status=200 0.351s url=https://www.myfonts.com/products/murisa-roksana-complete-family-package-1216515
[2026-09-27T15:18:17Z] #5523 attempt=1/2 status=200 0.381s url=https://www.myfonts.com/collections/murisa-roksana-font-murisa-studio/
[2026-09-27T15:18:18Z] #5524 attempt=1/2 status=200 0.371s url=https://www.myfonts.com/collections/murisa-roksana-font-murisa-studio/?tab=techSpecs
[2026-09-27T15:18:20Z] #5525 attempt=1/2 status=200 0.385s url=https://www.myfonts.com/products/markers-noise-complete-family-package-1216754
[2026-09-27T15:18:21Z] #5526 attempt=1/2 status=200 0.368s url=https://www.myfonts.com/collections/markers-noise-font-letterena-studios/
[2026-09-27T15:18:21Z] #5527 attempt=1/2 status=200 0.344s url=https://www.myfonts.com/collections/markers-noise-font-letterena-studios/?tab=techSpecs
[2026-09-27T15:18:23Z] #5528 attempt=1/2 status=200 0.376s url=https://www.myfonts.com/products/pantai-utara-complete-family-package-1216738
[2026-09-27T15:18:24Z] #5529 attempt=1/2 status=200 0.409s url=https://www.myfonts.com/collections/pantai-utara-font-kalam/
[2026-09-27T15:18:25Z] #5530 attempt=1/2 status=200 0.382s url=https://www.myfonts.com/collections/pantai-utara-font-kalam/?tab=techSpecs
[2026-09-27T15:18:26Z] #5531 attempt=1/2 status=200 0.368s url=https://www.myfonts.com/products/mltp-rough-sans-complete-family-package-1216544
[2026-09-27T15:18:27Z] #5532 attempt=1/2 status=200 0.363s url=https://www.myfonts.com/collections/mltp-rough-sans-font-multype-studio/
[2026-09-27T15:18:28Z] #5533 attempt=1/2 status=200 0.340s url=https://www.myfonts.com/collections/mltp-rough-sans-font-multype-studio/?tab=techSpecs
[2026-09-27T15:18:29Z] #5534 attempt=1/2 status=200 0.381s url=https://www.myfonts.com/products/dyrenko-complete-family-package-1216476
[2026-09-27T15:18:30Z] #5535 attempt=1/2 status=200 0.382s url=https://www.myfonts.com/collections/dyrenko-font-tini-fitriani/
[2026-09-27T15:18:31Z] #5536 attempt=1/2 status=200 0.361s url=https://www.myfonts.com/collections/dyrenko-font-tini-fitriani/?tab=techSpecs
[2026-09-27T15:18:32Z] #5537 attempt=1/2 status=200 0.395s url=https://www.myfonts.com/products/gulberg-complete-family-package-1216864
[2026-09-27T15:18:33Z] #5538 attempt=1/2 status=200 0.382s url=https://www.myfonts.com/collections/gulberg-font-maulana-creative/
[2026-09-27T15:18:34Z] #5539 attempt=1/2 status=200 0.380s url=https://www.myfonts.com/collections/gulberg-font-maulana-creative/?tab=techSpecs
[2026-09-27T15:18:36Z] #5540 attempt=1/2 status=200 0.471s url=https://www.myfonts.com/products/vyhor-complete-family-package-1216489
[2026-09-27T15:18:37Z] #5541 attempt=1/2 status=200 0.421s url=https://www.myfonts.com/collections/vyhor-font-vlad-b/
[2026-09-27T15:18:37Z] #5542 attempt=1/2 status=200 0.395s url=https://www.myfonts.com/collections/vyhor-font-vlad-b/?tab=techSpecs
[2026-09-27T15:18:39Z] #5543 attempt=1/2 status=200 0.463s url=https://www.myfonts.com/products/cutefright-halloween-complete-family-package-1216547
[2026-09-27T15:18:40Z] #5544 attempt=1/2 status=200 0.402s url=https://www.myfonts.com/collections/cutefright-halloween-font-jinan-studio/
[2026-09-27T15:18:41Z] #5545 attempt=1/2 status=200 0.403s url=https://www.myfonts.com/collections/cutefright-halloween-font-jinan-studio/?tab=techSpecs
[2026-09-27T15:18:42Z] #5546 attempt=1/2 status=200 0.374s url=https://www.myfonts.com/products/gramola-complete-family-package-1216512
[2026-09-27T15:18:43Z] #5547 attempt=1/2 status=200 0.375s url=https://www.myfonts.com/collections/gramola-font-vermilione/
[2026-09-27T15:18:44Z] #5548 attempt=1/2 status=200 0.352s url=https://www.myfonts.com/collections/gramola-font-vermilione/?tab=techSpecs
[2026-09-27T15:18:46Z] #5549 attempt=1/2 status=200 0.387s url=https://www.myfonts.com/products/glacial-bolt-complete-family-package-1217155
[2026-09-27T15:18:47Z] #5550 attempt=1/2 status=200 0.429s url=https://www.myfonts.com/collections/glacial-bolt-font-kalam/
[2026-09-27T15:18:47Z] #5551 attempt=1/2 status=200 0.338s url=https://www.myfonts.com/collections/glacial-bolt-font-kalam/?tab=techSpecs
[2026-09-27T15:18:49Z] #5552 attempt=1/2 status=200 0.343s url=https://www.myfonts.com/products/regular-tellia-1216855
[2026-09-27T15:18:50Z] #5553 attempt=1/2 status=200 0.325s url=https://www.myfonts.com/collections/tellia-font-canden-meutuah/
[2026-09-27T15:18:50Z] #5554 attempt=1/2 status=200 0.329s url=https://www.myfonts.com/collections/tellia-font-canden-meutuah/?tab=techSpecs
[2026-09-27T15:18:52Z] #5555 attempt=1/2 status=200 0.361s url=https://www.myfonts.com/products/regular-vhamoku-1216816
[2026-09-27T15:18:52Z] #5556 attempt=1/2 status=200 0.375s url=https://www.myfonts.com/collections/vhamoku-font-yumnacreative/
[2026-09-27T15:18:53Z] #5557 attempt=1/2 status=200 0.339s url=https://www.myfonts.com/collections/vhamoku-font-yumnacreative/?tab=techSpecs
[2026-09-27T15:18:55Z] #5558 attempt=1/6 status=200 0.895s url=https://www.myfonts.com/products.json?limit=100&page=186
[2026-09-27T15:18:56Z] #5559 attempt=1/2 status=200 0.513s url=https://www.myfonts.com/products/extra-light-italic-richta-1216497
[2026-09-27T15:18:57Z] #5560 attempt=1/2 status=200 0.505s url=https://www.myfonts.com/collections/richta-font-sealoung/
[2026-09-27T15:18:58Z] #5561 attempt=1/2 status=200 0.456s url=https://www.myfonts.com/collections/richta-font-sealoung/?tab=techSpecs
[2026-09-27T15:18:59Z] #5562 attempt=1/2 status=200 0.355s url=https://www.myfonts.com/products/regular-zarket-1216820
[2026-09-27T15:19:00Z] #5563 attempt=1/2 status=200 0.378s url=https://www.myfonts.com/collections/zarket-font-arif-novianto/
[2026-09-27T15:19:01Z] #5564 attempt=1/2 status=200 0.323s url=https://www.myfonts.com/collections/zarket-font-arif-novianto/?tab=techSpecs
[2026-09-27T15:19:02Z] #5565 attempt=1/2 status=200 0.350s url=https://www.myfonts.com/products/regular-luck-and-beauty-1216818
[2026-09-27T15:19:03Z] #5566 attempt=1/2 status=200 0.388s url=https://www.myfonts.com/collections/luck-and-beauty-font-gassstype/
[2026-09-27T15:19:03Z] #5567 attempt=1/2 status=200 0.324s url=https://www.myfonts.com/collections/luck-and-beauty-font-gassstype/?tab=techSpecs
[2026-09-27T15:19:05Z] #5568 attempt=1/2 status=200 0.355s url=https://www.myfonts.com/products/nmlikeyou-regular-nm-likeyou-1216814
[2026-09-27T15:19:05Z] #5569 attempt=1/2 status=200 0.378s url=https://www.myfonts.com/collections/nm-likeyou-font-norm/
[2026-09-27T15:19:06Z] #5570 attempt=1/2 status=200 0.341s url=https://www.myfonts.com/collections/nm-likeyou-font-norm/?tab=techSpecs
[2026-09-27T15:19:07Z] #5571 attempt=1/2 status=200 0.326s url=https://www.myfonts.com/products/regular-outlaw-biker-1216817
[2026-09-27T15:19:08Z] #5572 attempt=1/2 status=200 0.347s url=https://www.myfonts.com/collections/outlaw-biker-font-gassstype/
[2026-09-27T15:19:09Z] #5573 attempt=1/2 status=200 0.304s url=https://www.myfonts.com/collections/outlaw-biker-font-gassstype/?tab=techSpecs
[2026-09-27T15:19:10Z] #5574 attempt=1/2 status=200 0.323s url=https://www.myfonts.com/products/nmsmalltalk-regular-nm-smalltalk-1216815
[2026-09-27T15:19:11Z] #5575 attempt=1/2 status=200 0.328s url=https://www.myfonts.com/collections/nm-smalltalk-font-norm/
[2026-09-27T15:19:11Z] #5576 attempt=1/2 status=200 0.337s url=https://www.myfonts.com/collections/nm-smalltalk-font-norm/?tab=techSpecs
[2026-09-27T15:19:13Z] #5577 attempt=1/6 status=200 0.804s url=https://www.myfonts.com/products.json?limit=100&page=187
[2026-09-27T15:19:14Z] #5578 attempt=1/6 status=200 0.718s url=https://www.myfonts.com/products.json?limit=100&page=188
[2026-09-27T15:19:15Z] #5579 attempt=1/2 status=200 0.342s url=https://www.myfonts.com/products/memolyne-display-complete-family-package-1215367
[2026-09-27T15:19:16Z] #5580 attempt=1/2 status=200 0.423s url=https://www.myfonts.com/collections/memolyne-display-font-tebaltipis-studio/
[2026-09-27T15:19:17Z] #5581 attempt=1/2 status=200 0.390s url=https://www.myfonts.com/collections/memolyne-display-font-tebaltipis-studio/?tab=techSpecs
[2026-09-27T15:19:18Z] #5582 attempt=1/2 status=200 0.314s url=https://www.myfonts.com/products/regular-school-silence-display-1215366
[2026-09-27T15:19:19Z] #5583 attempt=1/2 status=200 0.353s url=https://www.myfonts.com/collections/school-silence-display-font-tebaltipis-studio/
[2026-09-27T15:19:20Z] #5584 attempt=1/2 status=200 0.308s url=https://www.myfonts.com/collections/school-silence-display-font-tebaltipis-studio/?tab=techSpecs
[2026-09-27T15:19:22Z] #5585 attempt=1/6 status=200 0.943s url=https://www.myfonts.com/products.json?limit=100&page=189
[2026-09-27T15:19:23Z] #5586 attempt=1/2 status=200 0.317s url=https://www.myfonts.com/products/regular-mirevalyn-1215310
[2026-09-27T15:19:23Z] #5587 attempt=1/2 status=200 0.355s url=https://www.myfonts.com/collections/mirevalyn-font-letterhanna-studio/
[2026-09-27T15:19:24Z] #5588 attempt=1/2 status=200 0.338s url=https://www.myfonts.com/collections/mirevalyn-font-letterhanna-studio/?tab=techSpecs
[2026-09-27T15:19:25Z] #5589 attempt=1/2 status=200 0.335s url=https://www.myfonts.com/products/regular-fern-flow-1215322
[2026-09-27T15:19:26Z] #5590 attempt=1/2 status=200 0.355s url=https://www.myfonts.com/collections/fern-flow-font-logga-studio/
[2026-09-27T15:19:27Z] #5591 attempt=1/2 status=200 0.284s url=https://www.myfonts.com/collections/fern-flow-font-logga-studio/?tab=techSpecs
[2026-09-27T15:19:28Z] #5592 attempt=1/2 status=200 0.323s url=https://www.myfonts.com/products/regular-northwind-1215309
[2026-09-27T15:19:29Z] #5593 attempt=1/2 status=200 0.350s url=https://www.myfonts.com/collections/northwind-font-vampstudio/
[2026-09-27T15:19:29Z] #5594 attempt=1/2 status=200 0.348s url=https://www.myfonts.com/collections/northwind-font-vampstudio/?tab=techSpecs
[2026-09-27T15:19:30Z] #5595 attempt=1/2 status=200 0.350s url=https://www.myfonts.com/products/regular-night-stright-1215314
[2026-09-27T15:19:31Z] #5596 attempt=1/2 status=200 0.347s url=https://www.myfonts.com/collections/night-stright-font-pandeka-studio/
[2026-09-27T15:19:32Z] #5597 attempt=1/2 status=200 0.346s url=https://www.myfonts.com/collections/night-stright-font-pandeka-studio/?tab=techSpecs
[2026-09-27T15:19:33Z] #5598 attempt=1/2 status=200 0.359s url=https://www.myfonts.com/products/mariglen-regular-mariglen-1215299
[2026-09-27T15:19:34Z] #5599 attempt=1/2 status=200 0.384s url=https://www.myfonts.com/collections/mariglen-font-flawlessandco/
[2026-09-27T15:19:35Z] #5600 attempt=1/2 status=200 0.367s url=https://www.myfonts.com/collections/mariglen-font-flawlessandco/?tab=techSpecs
[2026-09-27T15:19:36Z] #5601 attempt=1/2 status=200 0.317s url=https://www.myfonts.com/products/regular-repeat-after-me-1215312
[2026-09-27T15:19:37Z] #5602 attempt=1/2 status=200 0.378s url=https://www.myfonts.com/collections/repeat-after-me-font-littlehand/
[2026-09-27T15:19:38Z] #5603 attempt=1/2 status=200 0.322s url=https://www.myfonts.com/collections/repeat-after-me-font-littlehand/?tab=techSpecs
[2026-09-27T15:19:39Z] #5604 attempt=1/2 status=200 0.340s url=https://www.myfonts.com/products/regular-mon-lotus-de-charlies-1215313
[2026-09-27T15:19:39Z] #5605 attempt=1/2 status=200 0.396s url=https://www.myfonts.com/collections/mon-lotus-de-charlies-font-littlehand/
[2026-09-27T15:19:40Z] #5606 attempt=1/2 status=200 0.348s url=https://www.myfonts.com/collections/mon-lotus-de-charlies-font-littlehand/?tab=techSpecs
[2026-09-27T15:19:41Z] #5607 attempt=1/2 status=200 0.336s url=https://www.myfonts.com/products/regular-mltp-just-fly-brush-1215298
[2026-09-27T15:19:42Z] #5608 attempt=1/2 status=200 0.354s url=https://www.myfonts.com/collections/mltp-just-fly-brush-font-multype-studio/
[2026-09-27T15:19:43Z] #5609 attempt=1/2 status=200 0.301s url=https://www.myfonts.com/collections/mltp-just-fly-brush-font-multype-studio/?tab=techSpecs
[2026-09-27T15:19:44Z] #5610 attempt=1/2 status=200 0.305s url=https://www.myfonts.com/products/regular-greyland-1215297
[2026-09-27T15:19:45Z] #5611 attempt=1/2 status=200 0.357s url=https://www.myfonts.com/collections/greyland-font-din-studio/
[2026-09-27T15:19:46Z] #5612 attempt=1/2 status=200 0.304s url=https://www.myfonts.com/collections/greyland-font-din-studio/?tab=techSpecs
[2026-09-27T15:19:47Z] #5613 attempt=1/2 status=200 0.380s url=https://www.myfonts.com/products/regular-arvexa-1215293
[2026-09-27T15:19:48Z] #5614 attempt=1/2 status=200 0.376s url=https://www.myfonts.com/collections/arvexa-font-arif-novianto/
[2026-09-27T15:19:48Z] #5615 attempt=1/2 status=200 0.339s url=https://www.myfonts.com/collections/arvexa-font-arif-novianto/?tab=techSpecs
[2026-09-27T15:19:50Z] #5616 attempt=1/2 status=200 0.399s url=https://www.myfonts.com/products/regular-boosta-nose-1215311
[2026-09-27T15:19:50Z] #5617 attempt=1/2 status=200 0.433s url=https://www.myfonts.com/collections/boosta-nose-font-maulana-creative/
[2026-09-27T15:19:51Z] #5618 attempt=1/2 status=200 0.333s url=https://www.myfonts.com/collections/boosta-nose-font-maulana-creative/?tab=techSpecs
[2026-09-27T15:19:52Z] #5619 attempt=1/2 status=200 0.430s url=https://www.myfonts.com/products/basic-set-package-1215290
[2026-09-27T15:19:53Z] #5620 attempt=1/2 status=200 0.494s url=https://www.myfonts.com/collections/hark-font-locomotype/
[2026-09-27T15:19:54Z] #5621 attempt=1/2 status=200 0.465s url=https://www.myfonts.com/collections/hark-font-locomotype/?tab=techSpecs
[2026-09-27T15:19:56Z] #5622 attempt=1/2 status=200 0.371s url=https://www.myfonts.com/products/mallo-bold-complete-family-package-1215268
[2026-09-27T15:19:57Z] #5623 attempt=1/2 status=200 0.390s url=https://www.myfonts.com/collections/mallo-bold-font-jafar07/
[2026-09-27T15:19:57Z] #5624 attempt=1/2 status=200 0.330s url=https://www.myfonts.com/collections/mallo-bold-font-jafar07/?tab=techSpecs
[2026-09-27T15:19:59Z] #5625 attempt=1/2 status=200 0.377s url=https://www.myfonts.com/products/mizun-typeface-complete-family-package-1215257
[2026-09-27T15:19:59Z] #5626 attempt=1/2 status=200 0.424s url=https://www.myfonts.com/collections/mizun-typeface-font-khoir/
[2026-09-27T15:20:00Z] #5627 attempt=1/2 status=200 0.381s url=https://www.myfonts.com/collections/mizun-typeface-font-khoir/?tab=techSpecs
[2026-09-27T15:20:02Z] #5628 attempt=1/2 status=200 0.383s url=https://www.myfonts.com/products/westbrew-complete-family-package-1215254
[2026-09-27T15:20:03Z] #5629 attempt=1/2 status=200 0.385s url=https://www.myfonts.com/collections/westbrew-font-steptype/
[2026-09-27T15:20:03Z] #5630 attempt=1/2 status=200 0.388s url=https://www.myfonts.com/collections/westbrew-font-steptype/?tab=techSpecs
[2026-09-27T15:20:05Z] #5631 attempt=1/2 status=200 0.326s url=https://www.myfonts.com/products/regular-rouch-1215291
[2026-09-27T15:20:06Z] #5632 attempt=1/2 status=200 0.371s url=https://www.myfonts.com/collections/rouch-font-rasio-studio/
[2026-09-27T15:20:07Z] #5633 attempt=1/2 status=200 0.365s url=https://www.myfonts.com/collections/rouch-font-rasio-studio/?tab=techSpecs
[2026-09-27T15:20:09Z] #5634 attempt=1/6 status=200 1.109s url=https://www.myfonts.com/products.json?limit=100&page=190
[2026-09-27T15:20:10Z] #5635 attempt=1/2 status=200 0.381s url=https://www.myfonts.com/products/regular-overtall-1215292
[2026-09-27T15:20:10Z] #5636 attempt=1/2 status=200 0.408s url=https://www.myfonts.com/collections/overtall-font-rasio-studio/
[2026-09-27T15:20:11Z] #5637 attempt=1/2 status=200 0.320s url=https://www.myfonts.com/collections/overtall-font-rasio-studio/?tab=techSpecs
[2026-09-27T15:20:12Z] #5638 attempt=1/2 status=200 0.339s url=https://www.myfonts.com/products/regular-stackido-1215267
[2026-09-27T15:20:13Z] #5639 attempt=1/2 status=200 0.344s url=https://www.myfonts.com/collections/stackido-font-almarkha-type/
[2026-09-27T15:20:14Z] #5640 attempt=1/2 status=200 0.317s url=https://www.myfonts.com/collections/stackido-font-almarkha-type/?tab=techSpecs
[2026-09-27T15:20:15Z] #5641 attempt=1/2 status=200 0.344s url=https://www.myfonts.com/products/regular-gorvex-1215162
[2026-09-27T15:20:16Z] #5642 attempt=1/2 status=200 0.338s url=https://www.myfonts.com/collections/gorvex-font-sipanji21/
[2026-09-27T15:20:16Z] #5643 attempt=1/2 status=200 0.336s url=https://www.myfonts.com/collections/gorvex-font-sipanji21/?tab=techSpecs
[2026-09-27T15:20:18Z] #5644 attempt=1/2 status=200 0.322s url=https://www.myfonts.com/products/regular-bavdak-1215150
[2026-09-27T15:20:18Z] #5645 attempt=1/2 status=200 0.337s url=https://www.myfonts.com/collections/bavdak-font-arif-novianto/
[2026-09-27T15:20:19Z] #5646 attempt=1/2 status=200 0.349s url=https://www.myfonts.com/collections/bavdak-font-arif-novianto/?tab=techSpecs
[2026-09-27T15:20:20Z] #5647 attempt=1/2 status=200 0.328s url=https://www.myfonts.com/products/regular-dread-ghost-1215152
[2026-09-27T15:20:21Z] #5648 attempt=1/2 status=200 0.347s url=https://www.myfonts.com/collections/dread-ghost-font-seemly-fonts/
[2026-09-27T15:20:22Z] #5649 attempt=1/2 status=200 0.342s url=https://www.myfonts.com/collections/dread-ghost-font-seemly-fonts/?tab=techSpecs
[2026-09-27T15:20:23Z] #5650 attempt=1/2 status=200 0.338s url=https://www.myfonts.com/products/regular-davenia-1215160
[2026-09-27T15:20:24Z] #5651 attempt=1/2 status=200 0.369s url=https://www.myfonts.com/collections/davenia-font-vadova-std/
[2026-09-27T15:20:24Z] #5652 attempt=1/2 status=200 0.306s url=https://www.myfonts.com/collections/davenia-font-vadova-std/?tab=techSpecs
[2026-09-27T15:20:26Z] #5653 attempt=1/2 status=200 0.322s url=https://www.myfonts.com/products/regular-giordino-structe-1215153
[2026-09-27T15:20:26Z] #5654 attempt=1/2 status=200 0.328s url=https://www.myfonts.com/collections/giordino-structe-font-struggle-studio/
[2026-09-27T15:20:27Z] #5655 attempt=1/2 status=200 0.311s url=https://www.myfonts.com/collections/giordino-structe-font-struggle-studio/?tab=techSpecs
[2026-09-27T15:20:28Z] #5656 attempt=1/2 status=200 0.344s url=https://www.myfonts.com/products/regular-weaksblue-champion-1215149
[2026-09-27T15:20:29Z] #5657 attempt=1/2 status=200 0.360s url=https://www.myfonts.com/collections/weaksblue-champion-font-maulana-creative/
[2026-09-27T15:20:30Z] #5658 attempt=1/2 status=200 0.345s url=https://www.myfonts.com/collections/weaksblue-champion-font-maulana-creative/?tab=techSpecs
[2026-09-27T15:20:31Z] #5659 attempt=1/2 status=200 0.348s url=https://www.myfonts.com/products/bellerick-regular-bellerick-1215161
[2026-09-27T15:20:31Z] #5660 attempt=1/2 status=200 0.358s url=https://www.myfonts.com/collections/bellerick-font-flawlessandco/
[2026-09-27T15:20:32Z] #5661 attempt=1/2 status=200 0.334s url=https://www.myfonts.com/collections/bellerick-font-flawlessandco/?tab=techSpecs
[2026-09-27T15:20:33Z] #5662 attempt=1/2 status=200 0.364s url=https://www.myfonts.com/products/regular-real-flores-brush-1215151
[2026-09-27T15:20:34Z] #5663 attempt=1/2 status=200 0.367s url=https://www.myfonts.com/collections/real-flores-brush-font-tebaltipis-studio/
[2026-09-27T15:20:35Z] #5664 attempt=1/2 status=200 0.298s url=https://www.myfonts.com/collections/real-flores-brush-font-tebaltipis-studio/?tab=techSpecs
[2026-09-27T15:20:36Z] #5665 attempt=1/2 status=200 0.402s url=https://www.myfonts.com/products/korca-complete-family-package-1214766
[2026-09-27T15:20:37Z] #5666 attempt=1/2 status=200 0.388s url=https://www.myfonts.com/collections/korca-font-artiveko/
[2026-09-27T15:20:38Z] #5667 attempt=1/2 status=200 0.330s url=https://www.myfonts.com/collections/korca-font-artiveko/?tab=techSpecs
[2026-09-27T15:20:40Z] #5668 attempt=1/2 status=200 0.876s url=https://www.myfonts.com/products/ninoside-complete-family-package-1214835
[2026-09-27T15:20:41Z] #5669 attempt=1/2 status=200 1.109s url=https://www.myfonts.com/collections/ninoside-font-rhd-studio/
[2026-09-27T15:20:43Z] #5670 attempt=1/2 status=200 0.799s url=https://www.myfonts.com/collections/ninoside-font-rhd-studio/?tab=techSpecs
[2026-09-27T15:20:45Z] #5671 attempt=1/2 status=200 0.512s url=https://www.myfonts.com/products/arpeggio-complete-family-package-1214928
[2026-09-27T15:20:46Z] #5672 attempt=1/2 status=200 0.845s url=https://www.myfonts.com/collections/arpeggio-font-paulo-goode/
[2026-09-27T15:20:47Z] #5673 attempt=1/2 status=200 0.555s url=https://www.myfonts.com/collections/arpeggio-font-paulo-goode/?tab=techSpecs
[2026-09-27T15:20:49Z] #5674 attempt=1/2 status=200 0.493s url=https://www.myfonts.com/products/elegtro-volt-complete-family-package-1214814
[2026-09-27T15:20:50Z] #5675 attempt=1/2 status=200 0.609s url=https://www.myfonts.com/collections/elegtro-volt-font-twinletter/
[2026-09-27T15:20:51Z] #5676 attempt=1/2 status=200 0.473s url=https://www.myfonts.com/collections/elegtro-volt-font-twinletter/?tab=techSpecs
[2026-09-27T15:20:53Z] #5677 attempt=1/2 status=200 0.378s url=https://www.myfonts.com/products/aethrim-complete-family-package-1214763
[2026-09-27T15:20:54Z] #5678 attempt=1/2 status=200 0.421s url=https://www.myfonts.com/collections/aethrim-font-artisan-themes/
[2026-09-27T15:20:55Z] #5679 attempt=1/2 status=200 0.308s url=https://www.myfonts.com/collections/aethrim-font-artisan-themes/?tab=techSpecs
[2026-09-27T15:20:56Z] #5680 attempt=1/2 status=200 0.400s url=https://www.myfonts.com/products/lunadeo-complete-family-package-1215129
[2026-09-27T15:20:57Z] #5681 attempt=1/2 status=200 0.423s url=https://www.myfonts.com/collections/lunadeo-font-omur-ozgur/
[2026-09-27T15:20:58Z] #5682 attempt=1/2 status=200 0.337s url=https://www.myfonts.com/collections/lunadeo-font-omur-ozgur/?tab=techSpecs
[2026-09-27T15:20:59Z] #5683 attempt=1/2 status=200 0.373s url=https://www.myfonts.com/products/aethelgard-complete-family-package-1214919
[2026-09-27T15:21:00Z] #5684 attempt=1/2 status=200 0.391s url=https://www.myfonts.com/collections/aethelgard-font-tini-fitriani/
[2026-09-27T15:21:01Z] #5685 attempt=1/2 status=200 0.350s url=https://www.myfonts.com/collections/aethelgard-font-tini-fitriani/?tab=techSpecs
[2026-09-27T15:21:03Z] #5686 attempt=1/2 status=200 0.354s url=https://www.myfonts.com/products/cafespro-weekend-complete-family-package-1214757
[2026-09-27T15:21:03Z] #5687 attempt=1/2 status=200 0.407s url=https://www.myfonts.com/collections/cafespro-weekend-font-amorfa-type/
[2026-09-27T15:21:04Z] #5688 attempt=1/2 status=200 0.367s url=https://www.myfonts.com/collections/cafespro-weekend-font-amorfa-type/?tab=techSpecs
[2026-09-27T15:21:06Z] #5689 attempt=1/2 status=200 0.365s url=https://www.myfonts.com/products/rinovich-complete-family-package-1214811
[2026-09-27T15:21:07Z] #5690 attempt=1/2 status=200 0.396s url=https://www.myfonts.com/collections/rinovich-font-tini-fitriani/
[2026-09-27T15:21:07Z] #5691 attempt=1/2 status=200 0.360s url=https://www.myfonts.com/collections/rinovich-font-tini-fitriani/?tab=techSpecs
[2026-09-27T15:21:09Z] #5692 attempt=1/2 status=200 0.396s url=https://www.myfonts.com/products/aino-complete-family-package-1214754
[2026-09-27T15:21:10Z] #5693 attempt=1/2 status=200 0.418s url=https://www.myfonts.com/collections/aino-font-agung-sudirman/
[2026-09-27T15:21:10Z] #5694 attempt=1/2 status=200 0.324s url=https://www.myfonts.com/collections/aino-font-agung-sudirman/?tab=techSpecs
[2026-09-27T15:21:12Z] #5695 attempt=1/2 status=200 0.382s url=https://www.myfonts.com/products/rapidez-complete-family-package-1214910
[2026-09-27T15:21:13Z] #5696 attempt=1/2 status=200 0.425s url=https://www.myfonts.com/collections/rapidez-font-phonnastudio/
[2026-09-27T15:21:14Z] #5697 attempt=1/2 status=200 0.350s url=https://www.myfonts.com/collections/rapidez-font-phonnastudio/?tab=techSpecs
[2026-09-27T15:21:16Z] #5698 attempt=1/2 status=200 0.369s url=https://www.myfonts.com/products/the-gilleri-complete-family-package-1214751
[2026-09-27T15:21:16Z] #5699 attempt=1/2 status=200 0.435s url=https://www.myfonts.com/collections/the-gilleri-font-zane-studio/
[2026-09-27T15:21:17Z] #5700 attempt=1/2 status=200 0.330s url=https://www.myfonts.com/collections/the-gilleri-font-zane-studio/?tab=techSpecs
[2026-09-27T15:21:19Z] #5701 attempt=1/2 status=200 0.355s url=https://www.myfonts.com/products/valkrye-complete-family-package-1214772
[2026-09-27T15:21:20Z] #5702 attempt=1/2 status=200 0.376s url=https://www.myfonts.com/collections/valkrye-font-artiveko/
[2026-09-27T15:21:20Z] #5703 attempt=1/2 status=200 0.374s url=https://www.myfonts.com/collections/valkrye-font-artiveko/?tab=techSpecs
[2026-09-27T15:21:22Z] #5704 attempt=1/2 status=200 0.412s url=https://www.myfonts.com/products/ampersands-complete-family-package-1214724
[2026-09-27T15:21:23Z] #5705 attempt=1/2 status=200 0.417s url=https://www.myfonts.com/collections/ampersands-font-castletype/
[2026-09-27T15:21:24Z] #5706 attempt=1/2 status=200 0.349s url=https://www.myfonts.com/collections/ampersands-font-castletype/?tab=techSpecs
[2026-09-27T15:21:26Z] #5707 attempt=1/2 status=200 0.409s url=https://www.myfonts.com/products/malevoice-complete-family-package-1214769
[2026-09-27T15:21:26Z] #5708 attempt=1/2 status=200 0.404s url=https://www.myfonts.com/collections/malevoice-font-artiveko/
[2026-09-27T15:21:27Z] #5709 attempt=1/2 status=200 0.353s url=https://www.myfonts.com/collections/malevoice-font-artiveko/?tab=techSpecs
[2026-09-27T15:21:29Z] #5710 attempt=1/2 status=200 0.494s url=https://www.myfonts.com/products/alera-labs-complete-family-package-1214836
[2026-09-27T15:21:30Z] #5711 attempt=1/2 status=200 0.659s url=https://www.myfonts.com/collections/alera-labs-font-product-type/
[2026-09-27T15:21:31Z] #5712 attempt=1/2 status=200 0.462s url=https://www.myfonts.com/collections/alera-labs-font-product-type/?tab=techSpecs
[2026-09-27T15:21:32Z] #5713 attempt=1/2 status=200 0.347s url=https://www.myfonts.com/products/regular-winfly-1214775
[2026-09-27T15:21:33Z] #5714 attempt=1/2 status=200 0.346s url=https://www.myfonts.com/collections/winfly-font-beontype/
[2026-09-27T15:21:34Z] #5715 attempt=1/2 status=200 0.294s url=https://www.myfonts.com/collections/winfly-font-beontype/?tab=techSpecs
[2026-09-27T15:21:35Z] #5716 attempt=1/2 status=200 0.334s url=https://www.myfonts.com/products/regular-mikamy-1214776
[2026-09-27T15:21:36Z] #5717 attempt=1/2 status=200 0.367s url=https://www.myfonts.com/collections/mikamy-font-bimaksara/
[2026-09-27T15:21:37Z] #5718 attempt=1/2 status=200 0.345s url=https://www.myfonts.com/collections/mikamy-font-bimaksara/?tab=techSpecs
[2026-09-27T15:21:38Z] #5719 attempt=1/6 status=200 0.890s url=https://www.myfonts.com/products.json?limit=100&page=191
[2026-09-27T15:21:39Z] #5720 attempt=1/2 status=200 0.338s url=https://www.myfonts.com/products/regular-tearmark-brush-1214762
[2026-09-27T15:21:40Z] #5721 attempt=1/2 status=200 0.330s url=https://www.myfonts.com/collections/tearmark-brush-font-arif-novianto/
[2026-09-27T15:21:40Z] #5722 attempt=1/2 status=200 0.303s url=https://www.myfonts.com/collections/tearmark-brush-font-arif-novianto/?tab=techSpecs
[2026-09-27T15:21:42Z] #5723 attempt=1/2 status=200 0.335s url=https://www.myfonts.com/products/regular-garitson-1214761
[2026-09-27T15:21:42Z] #5724 attempt=1/2 status=200 0.358s url=https://www.myfonts.com/collections/garitson-font-anxietype-foundry/
[2026-09-27T15:21:43Z] #5725 attempt=1/2 status=200 0.326s url=https://www.myfonts.com/collections/garitson-font-anxietype-foundry/?tab=techSpecs
[2026-09-27T15:21:44Z] #5726 attempt=1/2 status=200 0.383s url=https://www.myfonts.com/products/regular-libertian-signature-1214760
[2026-09-27T15:21:45Z] #5727 attempt=1/2 status=200 0.387s url=https://www.myfonts.com/collections/libertian-signature-font-anxietype-foundry/
[2026-09-27T15:21:46Z] #5728 attempt=1/2 status=200 0.311s url=https://www.myfonts.com/collections/libertian-signature-font-anxietype-foundry/?tab=techSpecs
[2026-09-27T15:21:48Z] #5729 attempt=1/6 status=200 1.016s url=https://www.myfonts.com/products.json?limit=100&page=192
[2026-09-27T15:21:49Z] #5730 attempt=1/6 status=200 0.853s url=https://www.myfonts.com/products.json?limit=100&page=193
[2026-09-27T15:21:50Z] #5731 attempt=1/2 status=200 0.754s url=https://www.myfonts.com/products/the-vintage-font-bundle-best-seller-vintage-font-bundle-package-1215133
[2026-09-27T15:21:51Z] #5732 attempt=1/2 status=404 0.246s url=https://www.myfonts.com/collections/the-vintage-font-bundle-best-seller-vintage-font-bundle-font-vultype-co
[2026-09-27T15:21:52Z] #5733 attempt=1/2 status=200 0.344s url=https://www.myfonts.com/products/regular-tumble-trail-1214834
[2026-09-27T15:21:52Z] #5734 attempt=1/2 status=200 0.326s url=https://www.myfonts.com/collections/tumble-trail-font-twinletter/
[2026-09-27T15:21:53Z] #5735 attempt=1/2 status=200 0.312s url=https://www.myfonts.com/collections/tumble-trail-font-twinletter/?tab=techSpecs
[2026-09-27T15:21:54Z] #5736 attempt=1/2 status=200 0.345s url=https://www.myfonts.com/products/regular-keramat-1214922
[2026-09-27T15:21:55Z] #5737 attempt=1/2 status=200 0.364s url=https://www.myfonts.com/collections/keramat-font-tini-fitriani/
[2026-09-27T15:21:56Z] #5738 attempt=1/2 status=200 0.335s url=https://www.myfonts.com/collections/keramat-font-tini-fitriani/?tab=techSpecs
[2026-09-27T15:21:57Z] #5739 attempt=1/2 status=200 0.328s url=https://www.myfonts.com/products/regular-syahru-ramadhan-1215043
[2026-09-27T15:21:58Z] #5740 attempt=1/2 status=200 0.348s url=https://www.myfonts.com/collections/syahru-ramadhan-font-unitype-studio/
[2026-09-27T15:21:58Z] #5741 attempt=1/2 status=200 0.323s url=https://www.myfonts.com/collections/syahru-ramadhan-font-unitype-studio/?tab=techSpecs
[2026-09-27T15:22:00Z] #5742 attempt=1/2 status=200 0.342s url=https://www.myfonts.com/products/regular-rainy-pixelo-1214918
[2026-09-27T15:22:00Z] #5743 attempt=1/2 status=200 0.347s url=https://www.myfonts.com/collections/rainy-pixelo-font-tini-fitriani/
[2026-09-27T15:22:01Z] #5744 attempt=1/2 status=200 0.346s url=https://www.myfonts.com/collections/rainy-pixelo-font-tini-fitriani/?tab=techSpecs
[2026-09-27T15:22:02Z] #5745 attempt=1/2 status=200 0.328s url=https://www.myfonts.com/products/regular-lurath-grain-1214822
[2026-09-27T15:22:03Z] #5746 attempt=1/2 status=200 0.324s url=https://www.myfonts.com/collections/lurath-grain-font-twinletter/
[2026-09-27T15:22:04Z] #5747 attempt=1/2 status=200 0.323s url=https://www.myfonts.com/collections/lurath-grain-font-twinletter/?tab=techSpecs
[2026-09-27T15:22:05Z] #5748 attempt=1/2 status=200 0.350s url=https://www.myfonts.com/products/regular-squiler-munchis-1214927
[2026-09-27T15:22:06Z] #5749 attempt=1/2 status=200 0.450s url=https://www.myfonts.com/collections/squiler-munchis-font-tini-fitriani/
[2026-09-27T15:22:06Z] #5750 attempt=1/2 status=200 0.393s url=https://www.myfonts.com/collections/squiler-munchis-font-tini-fitriani/?tab=techSpecs
[2026-09-27T15:22:08Z] #5751 attempt=1/2 status=200 0.320s url=https://www.myfonts.com/products/regular-thurket-ovriks-1214917
[2026-09-27T15:22:08Z] #5752 attempt=1/2 status=200 0.359s url=https://www.myfonts.com/collections/thurket-ovriks-font-trabas-kriya/
[2026-09-27T15:22:09Z] #5753 attempt=1/2 status=200 0.345s url=https://www.myfonts.com/collections/thurket-ovriks-font-trabas-kriya/?tab=techSpecs
[2026-09-27T15:22:10Z] #5754 attempt=1/2 status=200 0.332s url=https://www.myfonts.com/products/regular-cute-kiyo-1214810
[2026-09-27T15:22:11Z] #5755 attempt=1/2 status=200 0.406s url=https://www.myfonts.com/collections/cute-kiyo-font-sidkia-fonts/
[2026-09-27T15:22:12Z] #5756 attempt=1/2 status=200 0.318s url=https://www.myfonts.com/collections/cute-kiyo-font-sidkia-fonts/?tab=techSpecs
[2026-09-27T15:22:13Z] #5757 attempt=1/2 status=200 0.358s url=https://www.myfonts.com/products/bold-ddobakhyerim-1214926
[2026-09-27T15:22:14Z] #5758 attempt=1/2 status=200 0.368s url=https://www.myfonts.com/collections/ddobakhyerim-font-hyerimhada/
[2026-09-27T15:22:14Z] #5759 attempt=1/2 status=200 0.324s url=https://www.myfonts.com/collections/ddobakhyerim-font-hyerimhada/?tab=techSpecs
[2026-09-27T15:22:16Z] #5760 attempt=1/2 status=200 0.324s url=https://www.myfonts.com/products/regular-lathorn-stalor-1214916
[2026-09-27T15:22:17Z] #5761 attempt=1/2 status=200 0.362s url=https://www.myfonts.com/collections/lathorn-stalor-font-trabas-kriya/
[2026-09-27T15:22:18Z] #5762 attempt=1/2 status=200 0.362s url=https://www.myfonts.com/collections/lathorn-stalor-font-trabas-kriya/?tab=techSpecs
[2026-09-27T15:22:19Z] #5763 attempt=1/2 status=200 0.319s url=https://www.myfonts.com/products/regular-attern-1214809
[2026-09-27T15:22:20Z] #5764 attempt=1/2 status=200 0.364s url=https://www.myfonts.com/collections/attern-font-konstantinestudio/
[2026-09-27T15:22:20Z] #5765 attempt=1/2 status=200 0.347s url=https://www.myfonts.com/collections/attern-font-konstantinestudio/?tab=techSpecs
[2026-09-27T15:22:21Z] #5766 attempt=1/2 status=200 0.355s url=https://www.myfonts.com/products/regular-lorveth-haven-1214915
[2026-09-27T15:22:22Z] #5767 attempt=1/2 status=200 0.364s url=https://www.myfonts.com/collections/lorveth-haven-font-product-type/
[2026-09-27T15:22:23Z] #5768 attempt=1/2 status=200 0.330s url=https://www.myfonts.com/collections/lorveth-haven-font-product-type/?tab=techSpecs
[2026-09-27T15:22:24Z] #5769 attempt=1/2 status=200 0.344s url=https://www.myfonts.com/products/milano-perla-script-milano-perla-script-font-1214808
[2026-09-27T15:22:25Z] #5770 attempt=1/2 status=200 0.338s url=https://www.myfonts.com/collections/milano-perla-script-font-font-jimtype-studio/
[2026-09-27T15:22:26Z] #5771 attempt=1/2 status=200 0.349s url=https://www.myfonts.com/collections/milano-perla-script-font-font-jimtype-studio/?tab=techSpecs
[2026-09-27T15:22:27Z] #5772 attempt=1/2 status=200 0.417s url=https://www.myfonts.com/products/neo-mameo-complete-family-package-1214800
[2026-09-27T15:22:28Z] #5773 attempt=1/2 status=200 0.472s url=https://www.myfonts.com/collections/neo-mameo-font-kaidosan/
[2026-09-27T15:22:28Z] #5774 attempt=1/2 status=200 0.394s url=https://www.myfonts.com/collections/neo-mameo-font-kaidosan/?tab=techSpecs
[2026-09-27T15:22:30Z] #5775 attempt=1/2 status=200 0.347s url=https://www.myfonts.com/products/coteza-complete-family-package-1214780
[2026-09-27T15:22:31Z] #5776 attempt=1/2 status=200 0.420s url=https://www.myfonts.com/collections/coteza-font-font-liner/
[2026-09-27T15:22:32Z] #5777 attempt=1/2 status=200 0.347s url=https://www.myfonts.com/collections/coteza-font-font-liner/?tab=techSpecs
[2026-09-27T15:22:33Z] #5778 attempt=1/2 status=200 0.387s url=https://www.myfonts.com/products/thin-regular-bold-black-package-1214793
[2026-09-27T15:22:34Z] #5779 attempt=1/2 status=200 0.500s url=https://www.myfonts.com/collections/bausik-sans-font-fitrah-type/
[2026-09-27T15:22:35Z] #5780 attempt=1/2 status=200 0.441s url=https://www.myfonts.com/collections/bausik-sans-font-fitrah-type/?tab=techSpecs
[2026-09-27T15:22:37Z] #5781 attempt=1/2 status=200 0.335s url=https://www.myfonts.com/products/regular-forest-blossom-1214778
[2026-09-27T15:22:38Z] #5782 attempt=1/2 status=200 0.357s url=https://www.myfonts.com/collections/forest-blossom-font-gassstype/
[2026-09-27T15:22:38Z] #5783 attempt=1/2 status=200 0.306s url=https://www.myfonts.com/collections/forest-blossom-font-gassstype/?tab=techSpecs
[2026-09-27T15:22:39Z] #5784 attempt=1/2 status=200 0.333s url=https://www.myfonts.com/products/regular-gundora-1214777
[2026-09-27T15:22:40Z] #5785 attempt=1/2 status=200 0.396s url=https://www.myfonts.com/collections/gundora-font-dareco-studio/
[2026-09-27T15:22:41Z] #5786 attempt=1/2 status=200 0.356s url=https://www.myfonts.com/collections/gundora-font-dareco-studio/?tab=techSpecs
[2026-09-27T15:22:42Z] #5787 attempt=1/2 status=200 0.368s url=https://www.myfonts.com/products/regular-emiria-1214779
[2026-09-27T15:22:43Z] #5788 attempt=1/2 status=200 0.390s url=https://www.myfonts.com/collections/emiria-font-four-lines-std/
[2026-09-27T15:22:44Z] #5789 attempt=1/2 status=200 0.311s url=https://www.myfonts.com/collections/emiria-font-four-lines-std/?tab=techSpecs
[2026-09-27T15:22:45Z] #5790 attempt=1/2 status=200 0.355s url=https://www.myfonts.com/products/regular-ft-darktide-1214794
[2026-09-27T15:22:46Z] #5791 attempt=1/2 status=200 0.361s url=https://www.myfonts.com/collections/ft-darktide-font-firstype-studio/
[2026-09-27T15:22:46Z] #5792 attempt=1/2 status=200 0.295s url=https://www.myfonts.com/collections/ft-darktide-font-firstype-studio/?tab=techSpecs
[2026-09-27T15:22:48Z] #5793 attempt=1/6 status=200 0.916s url=https://www.myfonts.com/products.json?limit=100&page=194
[2026-09-27T15:22:49Z] #5794 attempt=1/2 status=200 0.346s url=https://www.myfonts.com/products/regular-wacdeb-1214753
[2026-09-27T15:22:50Z] #5795 attempt=1/2 status=200 0.416s url=https://www.myfonts.com/collections/wacdeb-font-hasnat-studio/
[2026-09-27T15:22:50Z] #5796 attempt=1/2 status=200 0.340s url=https://www.myfonts.com/collections/wacdeb-font-hasnat-studio/?tab=techSpecs
[2026-09-27T15:22:52Z] #5797 attempt=1/2 status=200 0.375s url=https://www.myfonts.com/products/fty-skradjhuwn-complete-family-package-1214726
[2026-09-27T15:22:52Z] #5798 attempt=1/2 status=200 0.420s url=https://www.myfonts.com/collections/fty-skradjhuwn-font-the-fontry/
[2026-09-27T15:22:53Z] #5799 attempt=1/2 status=200 0.348s url=https://www.myfonts.com/collections/fty-skradjhuwn-font-the-fontry/?tab=techSpecs
[2026-09-27T15:22:55Z] #5800 attempt=1/2 status=200 0.725s url=https://www.myfonts.com/products/titular-complete-family-package-1214725
[2026-09-27T15:22:57Z] #5801 attempt=1/2 status=200 1.136s url=https://www.myfonts.com/collections/titular-font-latinotype/
[2026-09-27T15:22:58Z] #5802 attempt=1/2 status=200 0.774s url=https://www.myfonts.com/collections/titular-font-latinotype/?tab=techSpecs
[2026-09-27T15:23:00Z] #5803 attempt=1/2 status=200 0.455s url=https://www.myfonts.com/products/mesveda-complete-family-package-1214736
[2026-09-27T15:23:01Z] #5804 attempt=1/2 status=200 0.573s url=https://www.myfonts.com/collections/mesveda-font-agny-hasya-studio/
[2026-09-27T15:23:02Z] #5805 attempt=1/2 status=200 0.599s url=https://www.myfonts.com/collections/mesveda-font-agny-hasya-studio/?tab=techSpecs
[2026-09-27T15:23:03Z] #5806 attempt=1/2 status=200 0.423s url=https://www.myfonts.com/products/arvor-complete-family-package-1214708
[2026-09-27T15:23:04Z] #5807 attempt=1/2 status=200 0.574s url=https://www.myfonts.com/collections/arvor-font-octotypo/
[2026-09-27T15:23:05Z] #5808 attempt=1/2 status=200 0.453s url=https://www.myfonts.com/collections/arvor-font-octotypo/?tab=techSpecs
[2026-09-27T15:23:11Z] #5809 attempt=1/2 status=200 3.860s url=https://www.myfonts.com/products/family-font-bundle-package-1214723
[2026-09-27T15:23:13Z] #5810 attempt=1/2 status=404 0.259s url=https://www.myfonts.com/collections/family-font-bundle-font-propertype
[2026-09-27T15:23:14Z] #5811 attempt=1/2 status=200 0.517s url=https://www.myfonts.com/products/sigmund-pro-complete-family-package-1214229
[2026-09-27T15:23:15Z] #5812 attempt=1/2 status=200 0.641s url=https://www.myfonts.com/collections/sigmund-pro-font-borutta/
[2026-09-27T15:23:16Z] #5813 attempt=1/2 status=200 0.489s url=https://www.myfonts.com/collections/sigmund-pro-font-borutta/?tab=techSpecs
[2026-09-27T15:23:18Z] #5814 attempt=1/2 status=200 0.414s url=https://www.myfonts.com/products/grenoble-history-complete-family-package-1214384
[2026-09-27T15:23:19Z] #5815 attempt=1/2 status=200 0.444s url=https://www.myfonts.com/collections/grenoble-history-font-unitype-studio/
[2026-09-27T15:23:19Z] #5816 attempt=1/2 status=200 0.406s url=https://www.myfonts.com/collections/grenoble-history-font-unitype-studio/?tab=techSpecs
[2026-09-27T15:23:22Z] #5817 attempt=1/2 status=200 1.591s url=https://www.myfonts.com/products/antrain-complete-family-package-1214420
[2026-09-27T15:23:25Z] #5818 attempt=1/2 status=200 2.210s url=https://www.myfonts.com/collections/antrain-font-ws-studio/
[2026-09-27T15:23:28Z] #5819 attempt=1/2 status=200 2.423s url=https://www.myfonts.com/collections/antrain-font-ws-studio/?tab=techSpecs
[2026-09-27T15:23:30Z] #5820 attempt=1/2 status=200 0.372s url=https://www.myfonts.com/products/wacky-complete-family-package-1214263
[2026-09-27T15:23:31Z] #5821 attempt=1/2 status=200 0.449s url=https://www.myfonts.com/collections/wacky-font-timelesstype-studio/
[2026-09-27T15:23:32Z] #5822 attempt=1/2 status=200 0.399s url=https://www.myfonts.com/collections/wacky-font-timelesstype-studio/?tab=techSpecs
[2026-09-27T15:23:34Z] #5823 attempt=1/2 status=200 0.403s url=https://www.myfonts.com/products/bitebold-complete-family-package-1214575
[2026-09-27T15:23:34Z] #5824 attempt=1/2 status=200 0.469s url=https://www.myfonts.com/collections/bitebold-font-steptype/
[2026-09-27T15:23:35Z] #5825 attempt=1/2 status=200 0.358s url=https://www.myfonts.com/collections/bitebold-font-steptype/?tab=techSpecs
[2026-09-27T15:23:37Z] #5826 attempt=1/2 status=200 0.454s url=https://www.myfonts.com/products/farlot-complete-family-package-1214377
[2026-09-27T15:23:38Z] #5827 attempt=1/2 status=200 0.473s url=https://www.myfonts.com/collections/farlot-font-vuuuds/
[2026-09-27T15:23:39Z] #5828 attempt=1/2 status=200 0.365s url=https://www.myfonts.com/collections/farlot-font-vuuuds/?tab=techSpecs
[2026-09-27T15:23:40Z] #5829 attempt=1/2 status=200 0.480s url=https://www.myfonts.com/products/fabric-grotesk-complete-family-package-1214209
[2026-09-27T15:23:42Z] #5830 attempt=1/2 status=200 0.678s url=https://www.myfonts.com/collections/fabric-grotesk-font-fontfabric/
[2026-09-27T15:23:42Z] #5831 attempt=1/2 status=200 0.521s url=https://www.myfonts.com/collections/fabric-grotesk-font-fontfabric/?tab=techSpecs
[2026-09-27T15:23:45Z] #5832 attempt=1/2 status=200 1.617s url=https://www.myfonts.com/products/softness-package-1214419
[2026-09-27T15:23:49Z] #5833 attempt=1/2 status=200 2.698s url=https://www.myfonts.com/collections/avelrune-font-ajibatype/
[2026-09-27T15:23:52Z] #5834 attempt=1/2 status=200 2.806s url=https://www.myfonts.com/collections/avelrune-font-ajibatype/?tab=techSpecs
[2026-09-27T15:23:54Z] #5835 attempt=1/2 status=200 0.423s url=https://www.myfonts.com/products/daily-vibrant-complete-family-package-1214260
[2026-09-27T15:23:55Z] #5836 attempt=1/2 status=200 0.417s url=https://www.myfonts.com/collections/daily-vibrant-font-timelesstype-studio/
[2026-09-27T15:23:56Z] #5837 attempt=1/2 status=200 0.351s url=https://www.myfonts.com/collections/daily-vibrant-font-timelesstype-studio/?tab=techSpecs
[2026-09-27T15:23:58Z] #5838 attempt=1/2 status=200 0.515s url=https://www.myfonts.com/products/godskin-standard-pack-package-1214705
[2026-09-27T15:23:59Z] #5839 attempt=1/2 status=200 0.463s url=https://www.myfonts.com/collections/godskin-grotesk-font-horizon-type/
[2026-09-27T15:24:00Z] #5840 attempt=1/2 status=200 0.509s url=https://www.myfonts.com/collections/godskin-grotesk-font-horizon-type/?tab=techSpecs
[2026-09-27T15:24:01Z] #5841 attempt=1/2 status=200 0.369s url=https://www.myfonts.com/products/bombify-complete-family-package-1214477
[2026-09-27T15:24:02Z] #5842 attempt=1/2 status=200 0.396s url=https://www.myfonts.com/collections/bombify-font-blankids/
[2026-09-27T15:24:03Z] #5843 attempt=1/2 status=200 0.363s url=https://www.myfonts.com/collections/bombify-font-blankids/?tab=techSpecs
[2026-09-27T15:24:05Z] #5844 attempt=1/2 status=200 0.410s url=https://www.myfonts.com/products/nectavia-complete-family-package-1214372
[2026-09-27T15:24:06Z] #5845 attempt=1/2 status=200 0.409s url=https://www.myfonts.com/collections/nectavia-font-flawlessandco/
[2026-09-27T15:24:06Z] #5846 attempt=1/2 status=200 0.339s url=https://www.myfonts.com/collections/nectavia-font-flawlessandco/?tab=techSpecs
[2026-09-27T15:24:08Z] #5847 attempt=1/2 status=200 0.370s url=https://www.myfonts.com/products/charm-thebite-complete-family-package-1214257
[2026-09-27T15:24:09Z] #5848 attempt=1/2 status=200 0.408s url=https://www.myfonts.com/collections/charm-thebite-font-timelesstype-studio/
[2026-09-27T15:24:10Z] #5849 attempt=1/2 status=200 0.354s url=https://www.myfonts.com/collections/charm-thebite-font-timelesstype-studio/?tab=techSpecs
[2026-09-27T15:24:11Z] #5850 attempt=1/2 status=200 0.720s url=https://www.myfonts.com/products/sft-schrifted-sans-compact-width-package-1214704
[2026-09-27T15:24:13Z] #5851 attempt=1/2 status=200 0.826s url=https://www.myfonts.com/collections/sft-schrift-sans-font-schrifteria-foundry/
[2026-09-27T15:24:14Z] #5852 attempt=1/2 status=200 0.672s url=https://www.myfonts.com/collections/sft-schrift-sans-font-schrifteria-foundry/?tab=techSpecs
[2026-09-27T15:24:16Z] #5853 attempt=1/2 status=200 0.352s url=https://www.myfonts.com/products/lush-windson-complete-family-package-1214415
[2026-09-27T15:24:16Z] #5854 attempt=1/2 status=200 0.409s url=https://www.myfonts.com/collections/lush-windson-font-letterena-studios/
[2026-09-27T15:24:17Z] #5855 attempt=1/2 status=200 0.356s url=https://www.myfonts.com/collections/lush-windson-font-letterena-studios/?tab=techSpecs
[2026-09-27T15:24:19Z] #5856 attempt=1/2 status=200 0.397s url=https://www.myfonts.com/products/italics-only-package-1214429
[2026-09-27T15:24:20Z] #5857 attempt=1/2 status=200 0.464s url=https://www.myfonts.com/collections/pulseras-font-lurinzu-studios/
[2026-09-27T15:24:21Z] #5858 attempt=1/2 status=200 0.507s url=https://www.myfonts.com/collections/pulseras-font-lurinzu-studios/?tab=techSpecs
[2026-09-27T15:24:22Z] #5859 attempt=1/2 status=200 0.340s url=https://www.myfonts.com/products/summer-blythe-complete-family-package-1214275
[2026-09-27T15:24:23Z] #5860 attempt=1/2 status=200 0.424s url=https://www.myfonts.com/collections/summer-blythe-font-cocodesign/
[2026-09-27T15:24:24Z] #5861 attempt=1/2 status=200 0.346s url=https://www.myfonts.com/collections/summer-blythe-font-cocodesign/?tab=techSpecs
[2026-09-27T15:24:26Z] #5862 attempt=1/2 status=200 0.358s url=https://www.myfonts.com/products/exodus-complete-family-package-1214254
[2026-09-27T15:24:26Z] #5863 attempt=1/2 status=200 0.375s url=https://www.myfonts.com/collections/exodus-font-timelesstype-studio/
[2026-09-27T15:24:27Z] #5864 attempt=1/2 status=200 0.377s url=https://www.myfonts.com/collections/exodus-font-timelesstype-studio/?tab=techSpecs
[2026-09-27T15:24:30Z] #5865 attempt=1/2 status=200 1.009s url=https://www.myfonts.com/products/rigstik-serif-complete-family-package-1214274
[2026-09-27T15:24:31Z] #5866 attempt=1/2 status=200 1.388s url=https://www.myfonts.com/collections/rigstik-serif-font-madjack-font/
[2026-09-27T15:24:33Z] #5867 attempt=1/2 status=200 1.043s url=https://www.myfonts.com/collections/rigstik-serif-font-madjack-font/?tab=techSpecs
[2026-09-27T15:24:35Z] #5868 attempt=1/2 status=200 0.373s url=https://www.myfonts.com/products/ballersin-chyntia-complete-family-package-1214412
[2026-09-27T15:24:36Z] #5869 attempt=1/2 status=200 0.457s url=https://www.myfonts.com/collections/ballersin-chyntia-font-letterena-studios/
[2026-09-27T15:24:36Z] #5870 attempt=1/2 status=200 0.339s url=https://www.myfonts.com/collections/ballersin-chyntia-font-letterena-studios/?tab=techSpecs
[2026-09-27T15:24:38Z] #5871 attempt=1/2 status=200 0.713s url=https://www.myfonts.com/products/berka-variable-fonts-package-1214249
[2026-09-27T15:24:40Z] #5872 attempt=1/2 status=200 0.934s url=https://www.myfonts.com/collections/berka-font-wahyu-sani-co/
[2026-09-27T15:24:41Z] #5873 attempt=1/2 status=200 0.801s url=https://www.myfonts.com/collections/berka-font-wahyu-sani-co/?tab=techSpecs
[2026-09-27T15:24:43Z] #5874 attempt=1/2 status=200 0.367s url=https://www.myfonts.com/products/butter-rolling-complete-family-package-1214421
[2026-09-27T15:24:43Z] #5875 attempt=1/2 status=200 0.407s url=https://www.myfonts.com/collections/butter-rolling-font-letterena-studios/
[2026-09-27T15:24:44Z] #5876 attempt=1/2 status=200 0.364s url=https://www.myfonts.com/collections/butter-rolling-font-letterena-studios/?tab=techSpecs
[2026-09-27T15:24:46Z] #5877 attempt=1/2 status=200 0.401s url=https://www.myfonts.com/products/signer-complete-family-package-1214267
[2026-09-27T15:24:47Z] #5878 attempt=1/2 status=200 0.389s url=https://www.myfonts.com/collections/signer-font-blankids/
[2026-09-27T15:24:47Z] #5879 attempt=1/2 status=200 0.394s url=https://www.myfonts.com/collections/signer-font-blankids/?tab=techSpecs
[2026-09-27T15:24:49Z] #5880 attempt=1/2 status=200 0.490s url=https://www.myfonts.com/products/grand-bernabeu-complete-family-package-1214393
[2026-09-27T15:24:50Z] #5881 attempt=1/2 status=200 0.593s url=https://www.myfonts.com/collections/grand-bernabeu-font-unitype-studio/
[2026-09-27T15:24:51Z] #5882 attempt=1/2 status=200 0.513s url=https://www.myfonts.com/collections/grand-bernabeu-font-unitype-studio/?tab=techSpecs
[2026-09-27T15:24:53Z] #5883 attempt=1/2 status=200 0.355s url=https://www.myfonts.com/products/tharwatemara-regular-te-mary2-1214707
[2026-09-27T15:24:54Z] #5884 attempt=1/2 status=200 0.338s url=https://www.myfonts.com/collections/te-mary2-font-tharwat-emara/
[2026-09-27T15:24:54Z] #5885 attempt=1/2 status=200 0.336s url=https://www.myfonts.com/collections/te-mary2-font-tharwat-emara/?tab=techSpecs
[2026-09-27T15:24:55Z] #5886 attempt=1/2 status=200 0.343s url=https://www.myfonts.com/products/regular-paper-cut-1214706
[2026-09-27T15:24:56Z] #5887 attempt=1/2 status=200 0.346s url=https://www.myfonts.com/collections/paper-cut-font-jafar07/
[2026-09-27T15:24:57Z] #5888 attempt=1/2 status=200 0.320s url=https://www.myfonts.com/collections/paper-cut-font-jafar07/?tab=techSpecs
[2026-09-27T15:25:00Z] #5889 attempt=1/6 status=200 0.896s url=https://www.myfonts.com/products.json?limit=100&page=195
[2026-09-27T15:25:01Z] #5890 attempt=1/6 status=200 0.773s url=https://www.myfonts.com/products.json?limit=100&page=196
[2026-09-27T15:25:03Z] #5891 attempt=1/6 status=200 1.008s url=https://www.myfonts.com/products.json?limit=100&page=197
[2026-09-27T15:25:03Z] #5892 attempt=1/2 status=200 0.333s url=https://www.myfonts.com/products/sans-gold-chamber-1214272
[2026-09-27T15:25:04Z] #5893 attempt=1/2 status=200 0.364s url=https://www.myfonts.com/collections/gold-chamber-font-almarkha-type/
[2026-09-27T15:25:05Z] #5894 attempt=1/2 status=200 0.362s url=https://www.myfonts.com/collections/gold-chamber-font-almarkha-type/?tab=techSpecs
[2026-09-27T15:25:07Z] #5895 attempt=1/6 status=200 0.819s url=https://www.myfonts.com/products.json?limit=100&page=198
[2026-09-27T15:25:07Z] #5896 attempt=1/2 status=200 0.329s url=https://www.myfonts.com/products/regular-spooky-friend-1214251
[2026-09-27T15:25:08Z] #5897 attempt=1/2 status=200 0.370s url=https://www.myfonts.com/collections/spooky-friend-font-mvmet/
[2026-09-27T15:25:09Z] #5898 attempt=1/2 status=200 0.329s url=https://www.myfonts.com/collections/spooky-friend-font-mvmet/?tab=techSpecs
[2026-09-27T15:25:10Z] #5899 attempt=1/2 status=200 0.356s url=https://www.myfonts.com/products/regular-camu-sicavest-1214371
[2026-09-27T15:25:11Z] #5900 attempt=1/2 status=200 0.407s url=https://www.myfonts.com/collections/camu-sicavest-font-trabas-kriya/
[2026-09-27T15:25:12Z] #5901 attempt=1/2 status=200 0.413s url=https://www.myfonts.com/collections/camu-sicavest-font-trabas-kriya/?tab=techSpecs
[2026-09-27T15:25:13Z] #5902 attempt=1/2 status=200 0.328s url=https://www.myfonts.com/products/regular-rikast-pestafy-1214369
[2026-09-27T15:25:14Z] #5903 attempt=1/2 status=200 0.404s url=https://www.myfonts.com/collections/rikast-pestafy-font-twinletter/
[2026-09-27T15:25:14Z] #5904 attempt=1/2 status=200 0.353s url=https://www.myfonts.com/collections/rikast-pestafy-font-twinletter/?tab=techSpecs
[2026-09-27T15:25:16Z] #5905 attempt=1/2 status=200 0.319s url=https://www.myfonts.com/products/regular-broveld-1214392
[2026-09-27T15:25:16Z] #5906 attempt=1/2 status=200 0.335s url=https://www.myfonts.com/collections/broveld-font-bentype/
[2026-09-27T15:25:17Z] #5907 attempt=1/2 status=200 0.313s url=https://www.myfonts.com/collections/broveld-font-bentype/?tab=techSpecs
[2026-09-27T15:25:18Z] #5908 attempt=1/2 status=200 0.354s url=https://www.myfonts.com/products/regular-jurexo-tuku-1214311
[2026-09-27T15:25:19Z] #5909 attempt=1/2 status=200 0.374s url=https://www.myfonts.com/collections/jurexo-tuku-font-twinletter/
[2026-09-27T15:25:20Z] #5910 attempt=1/2 status=200 0.286s url=https://www.myfonts.com/collections/jurexo-tuku-font-twinletter/?tab=techSpecs
[2026-09-27T15:25:21Z] #5911 attempt=1/2 status=200 0.324s url=https://www.myfonts.com/products/old-world-ink-italic-old-world-ink-1214375
[2026-09-27T15:25:21Z] #5912 attempt=1/2 status=200 0.344s url=https://www.myfonts.com/collections/old-world-ink-font-eryn-rose-design/
[2026-09-27T15:25:22Z] #5913 attempt=1/2 status=200 0.320s url=https://www.myfonts.com/collections/old-world-ink-font-eryn-rose-design/?tab=techSpecs
[2026-09-27T15:25:23Z] #5914 attempt=1/2 status=200 0.348s url=https://www.myfonts.com/products/regular-goofy-thick-1214376
[2026-09-27T15:25:24Z] #5915 attempt=1/2 status=200 0.360s url=https://www.myfonts.com/collections/goofy-thick-font-sronstudio/
[2026-09-27T15:25:25Z] #5916 attempt=1/2 status=200 0.328s url=https://www.myfonts.com/collections/goofy-thick-font-sronstudio/?tab=techSpecs
[2026-09-27T15:25:26Z] #5917 attempt=1/2 status=200 0.313s url=https://www.myfonts.com/products/regular-gekor-spokat-1214370
[2026-09-27T15:25:27Z] #5918 attempt=1/2 status=200 0.365s url=https://www.myfonts.com/collections/gekor-spokat-font-trabas-kriya/
[2026-09-27T15:25:27Z] #5919 attempt=1/2 status=200 0.323s url=https://www.myfonts.com/collections/gekor-spokat-font-trabas-kriya/?tab=techSpecs
[2026-09-27T15:25:30Z] #5920 attempt=1/6 status=200 1.062s url=https://www.myfonts.com/products.json?limit=100&page=199
[2026-09-27T15:25:30Z] #5921 attempt=1/2 status=200 0.403s url=https://www.myfonts.com/products/regular-metro-marker-1214253
[2026-09-27T15:25:31Z] #5922 attempt=1/2 status=200 0.342s url=https://www.myfonts.com/collections/metro-marker-font-gassstype/
[2026-09-27T15:25:32Z] #5923 attempt=1/2 status=200 0.311s url=https://www.myfonts.com/collections/metro-marker-font-gassstype/?tab=techSpecs
[2026-09-27T15:25:33Z] #5924 attempt=1/2 status=200 0.341s url=https://www.myfonts.com/products/regular-sthayos-1214266
[2026-09-27T15:25:34Z] #5925 attempt=1/2 status=200 0.428s url=https://www.myfonts.com/collections/sthayos-font-yumnacreative/
[2026-09-27T15:25:35Z] #5926 attempt=1/2 status=200 0.331s url=https://www.myfonts.com/collections/sthayos-font-yumnacreative/?tab=techSpecs
[2026-09-27T15:25:36Z] #5927 attempt=1/2 status=200 0.351s url=https://www.myfonts.com/products/regular-eldoria-maison-1214525
[2026-09-27T15:25:37Z] #5928 attempt=1/2 status=200 0.374s url=https://www.myfonts.com/collections/eldoria-maison-font-letterhend/
[2026-09-27T15:25:37Z] #5929 attempt=1/2 status=200 0.334s url=https://www.myfonts.com/collections/eldoria-maison-font-letterhend/?tab=techSpecs
[2026-09-27T15:25:39Z] #5930 attempt=1/2 status=200 0.336s url=https://www.myfonts.com/products/regular-hbt-897-1214252
[2026-09-27T15:25:39Z] #5931 attempt=1/2 status=200 0.376s url=https://www.myfonts.com/collections/hbt-897-font-nian-keun-studio/
[2026-09-27T15:25:40Z] #5932 attempt=1/2 status=200 0.328s url=https://www.myfonts.com/collections/hbt-897-font-nian-keun-studio/?tab=techSpecs
[2026-09-27T15:25:41Z] #5933 attempt=1/2 status=200 0.342s url=https://www.myfonts.com/products/regular-ghost-grim-1214250
[2026-09-27T15:25:42Z] #5934 attempt=1/2 status=200 0.360s url=https://www.myfonts.com/collections/ghost-grim-font-mvmet/
[2026-09-27T15:25:43Z] #5935 attempt=1/2 status=200 0.308s url=https://www.myfonts.com/collections/ghost-grim-font-mvmet/?tab=techSpecs
[2026-09-27T15:25:44Z] #5936 attempt=1/2 status=200 0.408s url=https://www.myfonts.com/products/golden-tomorrow-complete-family-package-1213121
[2026-09-27T15:25:45Z] #5937 attempt=1/2 status=200 0.485s url=https://www.myfonts.com/collections/golden-tomorrow-font-letterena-studios/
[2026-09-27T15:25:46Z] #5938 attempt=1/2 status=200 0.422s url=https://www.myfonts.com/collections/golden-tomorrow-font-letterena-studios/?tab=techSpecs
[2026-09-27T15:25:47Z] #5939 attempt=1/2 status=200 0.372s url=https://www.myfonts.com/products/enogi-complete-family-package-1214178
[2026-09-27T15:25:48Z] #5940 attempt=1/2 status=200 0.438s url=https://www.myfonts.com/collections/enogi-font-sensatype-studio/
[2026-09-27T15:25:49Z] #5941 attempt=1/2 status=200 0.349s url=https://www.myfonts.com/collections/enogi-font-sensatype-studio/?tab=techSpecs
[2026-09-27T15:25:51Z] #5942 attempt=1/2 status=200 0.422s url=https://www.myfonts.com/products/neurath-x-mono-complete-family-package-1212672
[2026-09-27T15:25:52Z] #5943 attempt=1/2 status=200 0.625s url=https://www.myfonts.com/collections/neurath-x-mono-font-rene-bieder/
[2026-09-27T15:25:53Z] #5944 attempt=1/2 status=200 0.462s url=https://www.myfonts.com/collections/neurath-x-mono-font-rene-bieder/?tab=techSpecs
[2026-09-27T15:25:55Z] #5945 attempt=1/2 status=200 0.351s url=https://www.myfonts.com/products/fendora-complete-family-package-1214110
[2026-09-27T15:25:55Z] #5946 attempt=1/2 status=200 0.418s url=https://www.myfonts.com/collections/fendora-font-asbill-studio/
[2026-09-27T15:25:56Z] #5947 attempt=1/2 status=200 0.391s url=https://www.myfonts.com/collections/fendora-font-asbill-studio/?tab=techSpecs
[2026-09-27T15:25:59Z] #5948 attempt=1/2 status=200 1.503s url=https://www.myfonts.com/products/k73-droms-star-package-1213481
[2026-09-27T15:26:02Z] #5949 attempt=1/2 status=200 2.707s url=https://www.myfonts.com/collections/k73-droms-font-k73-type-foundry/
[2026-09-27T15:26:06Z] #5950 attempt=1/2 status=200 2.653s url=https://www.myfonts.com/collections/k73-droms-font-k73-type-foundry/?tab=techSpecs
[2026-09-27T15:26:08Z] #5951 attempt=1/2 status=200 0.745s url=https://www.myfonts.com/products/voyager-mono-rounded-complete-family-package-1213217
[2026-09-27T15:26:09Z] #5952 attempt=1/2 status=200 1.069s url=https://www.myfonts.com/collections/voyager-mono-rounded-font-anton-kokoshka/
[2026-09-27T15:26:11Z] #5953 attempt=1/2 status=200 0.668s url=https://www.myfonts.com/collections/voyager-mono-rounded-font-anton-kokoshka/?tab=techSpecs
[2026-09-27T15:26:13Z] #5954 attempt=1/2 status=200 0.398s url=https://www.myfonts.com/products/sunday-richmark-complete-family-package-1213107
[2026-09-27T15:26:13Z] #5955 attempt=1/2 status=200 0.535s url=https://www.myfonts.com/collections/sunday-richmark-font-din-studio/
[2026-09-27T15:26:14Z] #5956 attempt=1/2 status=200 0.422s url=https://www.myfonts.com/collections/sunday-richmark-font-din-studio/?tab=techSpecs
[2026-09-27T15:26:16Z] #5957 attempt=1/2 status=200 0.395s url=https://www.myfonts.com/products/zia-eachmont-complete-family-package-1214114
[2026-09-27T15:26:17Z] #5958 attempt=1/2 status=200 0.406s url=https://www.myfonts.com/collections/zia-eachmont-font-zia-creative-studio/
[2026-09-27T15:26:17Z] #5959 attempt=1/2 status=200 0.378s url=https://www.myfonts.com/collections/zia-eachmont-font-zia-creative-studio/?tab=techSpecs
[2026-09-27T15:26:19Z] #5960 attempt=1/2 status=200 0.389s url=https://www.myfonts.com/products/folare-complete-family-package-1214071
[2026-09-27T15:26:20Z] #5961 attempt=1/2 status=200 0.384s url=https://www.myfonts.com/collections/folare-font-vermilione/
[2026-09-27T15:26:21Z] #5962 attempt=1/2 status=200 0.351s url=https://www.myfonts.com/collections/folare-font-vermilione/?tab=techSpecs
[2026-09-27T15:26:22Z] #5963 attempt=1/2 status=200 0.347s url=https://www.myfonts.com/products/saktere-complete-family-package-1213045
[2026-09-27T15:26:23Z] #5964 attempt=1/2 status=200 0.427s url=https://www.myfonts.com/collections/saktere-font-burntilldead/
[2026-09-27T15:26:24Z] #5965 attempt=1/2 status=200 0.310s url=https://www.myfonts.com/collections/saktere-font-burntilldead/?tab=techSpecs
[2026-09-27T15:26:26Z] #5966 attempt=1/2 status=200 0.331s url=https://www.myfonts.com/products/fazero-complete-family-package-1214107
[2026-09-27T15:26:26Z] #5967 attempt=1/2 status=200 0.389s url=https://www.myfonts.com/collections/fazero-font-font-liner/
[2026-09-27T15:26:27Z] #5968 attempt=1/2 status=200 0.323s url=https://www.myfonts.com/collections/fazero-font-font-liner/?tab=techSpecs
[2026-09-27T15:26:29Z] #5969 attempt=1/2 status=200 0.467s url=https://www.myfonts.com/products/prixma-sans-italic-package-1213154
[2026-09-27T15:26:30Z] #5970 attempt=1/2 status=200 0.618s url=https://www.myfonts.com/collections/prixma-sans-font-defharo/
[2026-09-27T15:26:31Z] #5971 attempt=1/2 status=200 0.529s url=https://www.myfonts.com/collections/prixma-sans-font-defharo/?tab=techSpecs
[2026-09-27T15:26:33Z] #5972 attempt=1/2 status=200 0.524s url=https://www.myfonts.com/products/atelion-complete-family-package-1214156
[2026-09-27T15:26:34Z] #5973 attempt=1/2 status=200 0.650s url=https://www.myfonts.com/collections/atelion-font-jafar07/
[2026-09-27T15:26:35Z] #5974 attempt=1/2 status=200 0.484s url=https://www.myfonts.com/collections/atelion-font-jafar07/?tab=techSpecs
[2026-09-27T15:26:36Z] #5975 attempt=1/2 status=200 0.417s url=https://www.myfonts.com/products/garned-complete-family-package-1213827
[2026-09-27T15:26:37Z] #5976 attempt=1/2 status=200 0.464s url=https://www.myfonts.com/collections/garned-font-typebae/
[2026-09-27T15:26:38Z] #5977 attempt=1/2 status=200 0.461s url=https://www.myfonts.com/collections/garned-font-typebae/?tab=techSpecs
[2026-09-27T15:26:40Z] #5978 attempt=1/2 status=200 1.167s url=https://www.myfonts.com/products/gracilly-complete-family-package-1213664
[2026-09-27T15:26:43Z] #5979 attempt=1/2 status=200 1.716s url=https://www.myfonts.com/collections/gracilly-font-existype/
[2026-09-27T15:26:45Z] #5980 attempt=1/2 status=200 1.796s url=https://www.myfonts.com/collections/gracilly-font-existype/?tab=techSpecs
[2026-09-27T15:26:47Z] #5981 attempt=1/2 status=200 0.438s url=https://www.myfonts.com/products/aslangie-complete-family-package-1213126
[2026-09-27T15:26:48Z] #5982 attempt=1/2 status=200 0.399s url=https://www.myfonts.com/collections/aslangie-font-typeclassheroes/
[2026-09-27T15:26:48Z] #5983 attempt=1/2 status=200 0.337s url=https://www.myfonts.com/collections/aslangie-font-typeclassheroes/?tab=techSpecs
[2026-09-27T15:26:50Z] #5984 attempt=1/2 status=200 0.381s url=https://www.myfonts.com/products/malley-jacklist-complete-family-package-1213171
[2026-09-27T15:26:51Z] #5985 attempt=1/2 status=200 0.425s url=https://www.myfonts.com/collections/malley-jacklist-font-maulana-creative/
[2026-09-27T15:26:52Z] #5986 attempt=1/2 status=200 0.354s url=https://www.myfonts.com/collections/malley-jacklist-font-maulana-creative/?tab=techSpecs
[2026-09-27T15:26:55Z] #5987 attempt=1/2 status=200 1.383s url=https://www.myfonts.com/products/serfio-complete-family-package-1213479
[2026-09-27T15:26:57Z] #5988 attempt=1/2 status=200 1.811s url=https://www.myfonts.com/collections/serfio-font-dorado-foundry/
[2026-09-27T15:27:00Z] #5989 attempt=1/2 status=200 2.143s url=https://www.myfonts.com/collections/serfio-font-dorado-foundry/?tab=techSpecs
[2026-09-27T15:27:02Z] #5990 attempt=1/2 status=200 0.408s url=https://www.myfonts.com/products/mildson-complete-family-package-1214144
[2026-09-27T15:27:03Z] #5991 attempt=1/2 status=200 0.526s url=https://www.myfonts.com/collections/mildson-font-blankids/
[2026-09-27T15:27:04Z] #5992 attempt=1/2 status=200 0.375s url=https://www.myfonts.com/collections/mildson-font-blankids/?tab=techSpecs
[2026-09-27T15:27:05Z] #5993 attempt=1/2 status=200 0.407s url=https://www.myfonts.com/products/sweet-fruity-complete-family-package-1213104
[2026-09-27T15:27:06Z] #5994 attempt=1/2 status=200 0.438s url=https://www.myfonts.com/collections/sweet-fruity-font-letterena-studios/
[2026-09-27T15:27:07Z] #5995 attempt=1/2 status=200 0.394s url=https://www.myfonts.com/collections/sweet-fruity-font-letterena-studios/?tab=techSpecs
[2026-09-27T15:27:09Z] #5996 attempt=1/2 status=200 0.388s url=https://www.myfonts.com/products/unexpected-typewriter-complete-family-package-1214137
[2026-09-27T15:27:09Z] #5997 attempt=1/2 status=200 0.447s url=https://www.myfonts.com/collections/unexpected-typewriter-font-ana-s-fonts/
[2026-09-27T15:27:10Z] #5998 attempt=1/2 status=200 0.373s url=https://www.myfonts.com/collections/unexpected-typewriter-font-ana-s-fonts/?tab=techSpecs
[2026-09-27T15:27:12Z] #5999 attempt=1/2 status=200 0.383s url=https://www.myfonts.com/products/velantia-complete-family-package-1214058
[2026-09-27T15:27:13Z] #6000 attempt=1/2 status=200 0.419s url=https://www.myfonts.com/collections/velantia-font-nexaline-type/
[2026-09-27T15:27:14Z] #6001 attempt=1/2 status=200 0.471s url=https://www.myfonts.com/collections/velantia-font-nexaline-type/?tab=techSpecs
[2026-09-27T15:27:16Z] #6002 attempt=1/2 status=200 0.475s url=https://www.myfonts.com/products/neurath-x-complete-family-package-1212653
[2026-09-27T15:27:17Z] #6003 attempt=1/2 status=200 0.603s url=https://www.myfonts.com/collections/neurath-x-font-rene-bieder/
[2026-09-27T15:27:18Z] #6004 attempt=1/2 status=200 0.526s url=https://www.myfonts.com/collections/neurath-x-font-rene-bieder/?tab=techSpecs
[2026-09-27T15:27:19Z] #6005 attempt=1/2 status=200 0.504s url=https://www.myfonts.com/products/chigora-display-complete-family-package-1213190
[2026-09-27T15:27:20Z] #6006 attempt=1/2 status=200 0.650s url=https://www.myfonts.com/collections/chigora-display-font-romie-creative/
[2026-09-27T15:27:21Z] #6007 attempt=1/2 status=200 0.424s url=https://www.myfonts.com/collections/chigora-display-font-romie-creative/?tab=techSpecs
[2026-09-27T15:27:23Z] #6008 attempt=1/2 status=200 0.500s url=https://www.myfonts.com/products/ot-ravelin-complete-family-package-1214087
[2026-09-27T15:27:24Z] #6009 attempt=1/2 status=200 0.517s url=https://www.myfonts.com/collections/ot-ravelin-font-oz-design/
[2026-09-27T15:27:25Z] #6010 attempt=1/2 status=200 0.501s url=https://www.myfonts.com/collections/ot-ravelin-font-oz-design/?tab=techSpecs
[2026-09-27T15:27:27Z] #6011 attempt=1/2 status=200 0.346s url=https://www.myfonts.com/products/nisaya-script-complete-family-package-1213175
[2026-09-27T15:27:27Z] #6012 attempt=1/2 status=200 0.376s url=https://www.myfonts.com/collections/nisaya-script-font-kalam/
[2026-09-27T15:27:28Z] #6013 attempt=1/2 status=200 0.323s url=https://www.myfonts.com/collections/nisaya-script-font-kalam/?tab=techSpecs
[2026-09-27T15:27:30Z] #6014 attempt=1/2 status=200 0.361s url=https://www.myfonts.com/products/murisa-temiz-complete-family-package-1214148
[2026-09-27T15:27:31Z] #6015 attempt=1/2 status=200 0.427s url=https://www.myfonts.com/collections/murisa-temiz-font-murisa-studio/
[2026-09-27T15:27:31Z] #6016 attempt=1/2 status=200 0.363s url=https://www.myfonts.com/collections/murisa-temiz-font-murisa-studio/?tab=techSpecs
[2026-09-27T15:27:33Z] #6017 attempt=1/2 status=200 0.385s url=https://www.myfonts.com/products/chunky-moots-complete-family-package-1213506
[2026-09-27T15:27:34Z] #6018 attempt=1/2 status=200 0.381s url=https://www.myfonts.com/collections/chunky-moots-font-font-liner/
[2026-09-27T15:27:35Z] #6019 attempt=1/2 status=200 0.513s url=https://www.myfonts.com/collections/chunky-moots-font-font-liner/?tab=techSpecs
[2026-09-27T15:27:37Z] #6020 attempt=1/2 status=200 0.350s url=https://www.myfonts.com/products/frandy-complete-family-package-1213002
[2026-09-27T15:27:37Z] #6021 attempt=1/2 status=200 0.369s url=https://www.myfonts.com/collections/frandy-font-maulana-creative/
[2026-09-27T15:27:38Z] #6022 attempt=1/2 status=200 0.347s url=https://www.myfonts.com/collections/frandy-font-maulana-creative/?tab=techSpecs
[2026-09-27T15:27:40Z] #6023 attempt=1/2 status=200 0.409s url=https://www.myfonts.com/products/aqubeli-display-complete-family-package-1213134
[2026-09-27T15:27:41Z] #6024 attempt=1/2 status=200 0.456s url=https://www.myfonts.com/collections/aqubeli-display-font-kalam/
[2026-09-27T15:27:41Z] #6025 attempt=1/2 status=200 0.375s url=https://www.myfonts.com/collections/aqubeli-display-font-kalam/?tab=techSpecs
[2026-09-27T15:27:43Z] #6026 attempt=1/2 status=200 0.378s url=https://www.myfonts.com/products/monteba-complete-family-package-1214062
[2026-09-27T15:27:44Z] #6027 attempt=1/2 status=200 0.382s url=https://www.myfonts.com/collections/monteba-font-vermilione/
[2026-09-27T15:27:45Z] #6028 attempt=1/2 status=200 0.344s url=https://www.myfonts.com/collections/monteba-font-vermilione/?tab=techSpecs
[2026-09-27T15:27:46Z] #6029 attempt=1/2 status=200 0.381s url=https://www.myfonts.com/products/simply-addiction-complete-family-package-1213209
[2026-09-27T15:27:47Z] #6030 attempt=1/2 status=200 0.378s url=https://www.myfonts.com/collections/simply-addiction-font-tini-fitriani/
[2026-09-27T15:27:48Z] #6031 attempt=1/2 status=200 0.362s url=https://www.myfonts.com/collections/simply-addiction-font-tini-fitriani/?tab=techSpecs
[2026-09-27T15:27:49Z] #6032 attempt=1/2 status=200 0.324s url=https://www.myfonts.com/products/munchy-complete-family-package-1213041
[2026-09-27T15:27:50Z] #6033 attempt=1/2 status=200 0.410s url=https://www.myfonts.com/collections/munchy-font-steptype/
[2026-09-27T15:27:51Z] #6034 attempt=1/2 status=200 0.388s url=https://www.myfonts.com/collections/munchy-font-steptype/?tab=techSpecs
[2026-09-27T15:27:53Z] #6035 attempt=1/2 status=200 0.355s url=https://www.myfonts.com/products/mystical-horror-collection-complete-family-package-1213165
[2026-09-27T15:27:53Z] #6036 attempt=1/2 status=200 0.403s url=https://www.myfonts.com/collections/mystical-horror-collection-font-ahweproject/
[2026-09-27T15:27:54Z] #6037 attempt=1/2 status=200 0.316s url=https://www.myfonts.com/collections/mystical-horror-collection-font-ahweproject/?tab=techSpecs
[2026-09-27T15:27:56Z] #6038 attempt=1/2 status=200 0.362s url=https://www.myfonts.com/products/mltp-rustiga-rose-complete-family-package-1214151
[2026-09-27T15:27:57Z] #6039 attempt=1/2 status=200 0.364s url=https://www.myfonts.com/collections/mltp-rustiga-rose-font-multype-studio/
[2026-09-27T15:27:57Z] #6040 attempt=1/2 status=200 0.324s url=https://www.myfonts.com/collections/mltp-rustiga-rose-font-multype-studio/?tab=techSpecs
[2026-09-27T15:27:59Z] #6041 attempt=1/2 status=200 0.353s url=https://www.myfonts.com/products/mix-accomplice-complete-family-package-1213793
[2026-09-27T15:28:00Z] #6042 attempt=1/2 status=200 0.396s url=https://www.myfonts.com/collections/mix-accomplice-font-mix-fonts/
[2026-09-27T15:28:00Z] #6043 attempt=1/2 status=200 0.362s url=https://www.myfonts.com/collections/mix-accomplice-font-mix-fonts/?tab=techSpecs
[2026-09-27T15:28:02Z] #6044 attempt=1/2 status=200 0.430s url=https://www.myfonts.com/products/rigid-core-pro-complete-family-package-1214117
[2026-09-27T15:28:03Z] #6045 attempt=1/2 status=200 0.500s url=https://www.myfonts.com/collections/rigid-core-pro-font-gleb-guralnyk/
[2026-09-27T15:28:04Z] #6046 attempt=1/2 status=200 0.418s url=https://www.myfonts.com/collections/rigid-core-pro-font-gleb-guralnyk/?tab=techSpecs
[2026-09-27T15:28:06Z] #6047 attempt=1/2 status=200 0.389s url=https://www.myfonts.com/products/handory-complete-family-package-1214092
[2026-09-27T15:28:06Z] #6048 attempt=1/2 status=200 0.356s url=https://www.myfonts.com/collections/handory-font-asbill-studio/
[2026-09-27T15:28:07Z] #6049 attempt=1/2 status=200 0.312s url=https://www.myfonts.com/collections/handory-font-asbill-studio/?tab=techSpecs
[2026-09-27T15:28:09Z] #6050 attempt=1/2 status=200 0.414s url=https://www.myfonts.com/products/hueso-bone-complete-family-package-1213116
[2026-09-27T15:28:10Z] #6051 attempt=1/2 status=200 0.431s url=https://www.myfonts.com/collections/hueso-bone-font-denustudio/
[2026-09-27T15:28:10Z] #6052 attempt=1/2 status=200 0.343s url=https://www.myfonts.com/collections/hueso-bone-font-denustudio/?tab=techSpecs
[2026-09-27T15:28:12Z] #6053 attempt=1/2 status=200 0.394s url=https://www.myfonts.com/products/novaret-complete-family-package-1214075
[2026-09-27T15:28:13Z] #6054 attempt=1/2 status=200 0.479s url=https://www.myfonts.com/collections/novaret-font-qiubare-studio/
[2026-09-27T15:28:14Z] #6055 attempt=1/2 status=200 0.400s url=https://www.myfonts.com/collections/novaret-font-qiubare-studio/?tab=techSpecs
[2026-09-27T15:28:15Z] #6056 attempt=1/2 status=200 0.375s url=https://www.myfonts.com/products/merry-sunday-complete-family-package-1213181
[2026-09-27T15:28:16Z] #6057 attempt=1/2 status=200 0.394s url=https://www.myfonts.com/collections/merry-sunday-font-cocodesign/
[2026-09-27T15:28:17Z] #6058 attempt=1/2 status=200 0.348s url=https://www.myfonts.com/collections/merry-sunday-font-cocodesign/?tab=techSpecs
[2026-09-27T15:28:19Z] #6059 attempt=1/2 status=200 0.614s url=https://www.myfonts.com/products/veltrix-complete-family-package-1213049
[2026-09-27T15:28:20Z] #6060 attempt=1/2 status=200 0.953s url=https://www.myfonts.com/collections/veltrix-font-dora-typefoundry/
[2026-09-27T15:28:21Z] #6061 attempt=1/2 status=200 0.797s url=https://www.myfonts.com/collections/veltrix-font-dora-typefoundry/?tab=techSpecs
[2026-09-27T15:28:23Z] #6062 attempt=1/2 status=200 0.349s url=https://www.myfonts.com/products/ertea-august-complete-family-package-1213178
[2026-09-27T15:28:24Z] #6063 attempt=1/2 status=200 0.360s url=https://www.myfonts.com/collections/ertea-august-font-kalam/
[2026-09-27T15:28:25Z] #6064 attempt=1/2 status=200 0.329s url=https://www.myfonts.com/collections/ertea-august-font-kalam/?tab=techSpecs
[2026-09-27T15:28:26Z] #6065 attempt=1/2 status=200 0.355s url=https://www.myfonts.com/products/dreamy-romance-complete-family-package-1213155
[2026-09-27T15:28:27Z] #6066 attempt=1/2 status=200 0.353s url=https://www.myfonts.com/collections/dreamy-romance-font-letterhend/
[2026-09-27T15:28:28Z] #6067 attempt=1/2 status=200 0.352s url=https://www.myfonts.com/collections/dreamy-romance-font-letterhend/?tab=techSpecs
[2026-09-27T15:28:30Z] #6068 attempt=1/2 status=200 0.504s url=https://www.myfonts.com/products/settledown-complete-family-package-1213262
[2026-09-27T15:28:30Z] #6069 attempt=1/2 status=200 0.339s url=https://www.myfonts.com/products/valerius-blackletter-complete-family-package-1214068
[2026-09-27T15:28:31Z] #6070 attempt=1/2 status=200 0.415s url=https://www.myfonts.com/collections/valerius-blackletter-font-kaer/
[2026-09-27T15:28:32Z] #6071 attempt=1/2 status=200 0.364s url=https://www.myfonts.com/collections/valerius-blackletter-font-kaer/?tab=techSpecs
[2026-09-27T15:28:34Z] #6072 attempt=1/2 status=200 0.368s url=https://www.myfonts.com/products/typo-6160-complete-family-package-1213213
[2026-09-27T15:28:35Z] #6073 attempt=1/2 status=200 0.376s url=https://www.myfonts.com/collections/typo-6160-font-tension-type/
[2026-09-27T15:28:35Z] #6074 attempt=1/2 status=200 0.370s url=https://www.myfonts.com/collections/typo-6160-font-tension-type/?tab=techSpecs
[2026-09-27T15:28:37Z] #6075 attempt=1/2 status=200 0.334s url=https://www.myfonts.com/products/fankey-complete-family-package-1213037
[2026-09-27T15:28:38Z] #6076 attempt=1/2 status=200 0.380s url=https://www.myfonts.com/collections/fankey-font-flavortype/
[2026-09-27T15:28:38Z] #6077 attempt=1/2 status=200 0.319s url=https://www.myfonts.com/collections/fankey-font-flavortype/?tab=techSpecs
[2026-09-27T15:28:40Z] #6078 attempt=1/2 status=200 0.393s url=https://www.myfonts.com/products/tiree-complete-family-package-1214131
[2026-09-27T15:28:41Z] #6079 attempt=1/2 status=200 0.418s url=https://www.myfonts.com/collections/tiree-font-braw-type/
[2026-09-27T15:28:42Z] #6080 attempt=1/2 status=200 0.341s url=https://www.myfonts.com/collections/tiree-font-braw-type/?tab=techSpecs
[2026-09-27T15:28:44Z] #6081 attempt=1/2 status=200 1.053s url=https://www.myfonts.com/products/wostan-complete-family-package-1212935
[2026-09-27T15:28:46Z] #6082 attempt=1/2 status=200 1.388s url=https://www.myfonts.com/collections/wostan-font-aqeela-studio/
[2026-09-27T15:28:48Z] #6083 attempt=1/2 status=200 1.187s url=https://www.myfonts.com/collections/wostan-font-aqeela-studio/?tab=techSpecs
[2026-09-27T15:28:50Z] #6084 attempt=1/2 status=200 0.446s url=https://www.myfonts.com/products/olygan-retro-complete-family-package-1213131
[2026-09-27T15:28:50Z] #6085 attempt=1/2 status=200 0.385s url=https://www.myfonts.com/collections/olygan-retro-font-yoga-letter/
[2026-09-27T15:28:51Z] #6086 attempt=1/2 status=200 0.352s url=https://www.myfonts.com/collections/olygan-retro-font-yoga-letter/?tab=techSpecs
[2026-09-27T15:28:53Z] #6087 attempt=1/2 status=200 0.322s url=https://www.myfonts.com/products/mewah-complete-family-package-1213137
[2026-09-27T15:28:54Z] #6088 attempt=1/2 status=200 0.378s url=https://www.myfonts.com/collections/mewah-font-zaain-type/
[2026-09-27T15:28:54Z] #6089 attempt=1/2 status=200 0.327s url=https://www.myfonts.com/collections/mewah-font-zaain-type/?tab=techSpecs
[2026-09-27T15:28:56Z] #6090 attempt=1/2 status=200 0.394s url=https://www.myfonts.com/products/modern-chic-refined-complete-family-package-1212908
[2026-09-27T15:28:57Z] #6091 attempt=1/2 status=200 0.412s url=https://www.myfonts.com/collections/modern-chic-refined-font-maxart/
[2026-09-27T15:28:58Z] #6092 attempt=1/2 status=200 0.409s url=https://www.myfonts.com/collections/modern-chic-refined-font-maxart/?tab=techSpecs
[2026-09-27T15:29:00Z] #6093 attempt=1/2 status=200 0.335s url=https://www.myfonts.com/products/skullwick-complete-family-package-1213161
[2026-09-27T15:29:00Z] #6094 attempt=1/2 status=200 0.360s url=https://www.myfonts.com/collections/skullwick-font-illushvara/
[2026-09-27T15:29:01Z] #6095 attempt=1/2 status=200 0.315s url=https://www.myfonts.com/collections/skullwick-font-illushvara/?tab=techSpecs
[2026-09-27T15:29:03Z] #6096 attempt=1/2 status=200 0.383s url=https://www.myfonts.com/products/qerdith-complete-family-package-1213158
[2026-09-27T15:29:04Z] #6097 attempt=1/2 status=200 0.461s url=https://www.myfonts.com/collections/qerdith-font-arif-novianto/
[2026-09-27T15:29:04Z] #6098 attempt=1/2 status=200 0.337s url=https://www.myfonts.com/collections/qerdith-font-arif-novianto/?tab=techSpecs
[2026-09-27T15:29:06Z] #6099 attempt=1/2 status=200 0.321s url=https://www.myfonts.com/products/regular-gradley-1213036
[2026-09-27T15:29:07Z] #6100 attempt=1/2 status=200 0.348s url=https://www.myfonts.com/collections/gradley-font-denustudio/
[2026-09-27T15:29:07Z] #6101 attempt=1/2 status=200 0.320s url=https://www.myfonts.com/collections/gradley-font-denustudio/?tab=techSpecs
[2026-09-27T15:29:09Z] #6102 attempt=1/2 status=200 0.423s url=https://www.myfonts.com/products/regular-am-geometric-regular-1212934
[2026-09-27T15:29:09Z] #6103 attempt=1/2 status=200 0.399s url=https://www.myfonts.com/collections/am-geometric-regular-font-amr-mo-vertex/
[2026-09-27T15:29:10Z] #6104 attempt=1/2 status=200 0.362s url=https://www.myfonts.com/collections/am-geometric-regular-font-amr-mo-vertex/?tab=techSpecs
[2026-09-27T15:29:12Z] #6105 attempt=1/6 status=200 0.861s url=https://www.myfonts.com/products.json?limit=100&page=200
[2026-09-27T15:29:13Z] #6106 attempt=1/2 status=200 0.308s url=https://www.myfonts.com/products/regular-dystopian-system-1214057
[2026-09-27T15:29:14Z] #6107 attempt=1/2 status=200 0.371s url=https://www.myfonts.com/collections/dystopian-system-font-gassstype/
[2026-09-27T15:29:14Z] #6108 attempt=1/2 status=200 0.319s url=https://www.myfonts.com/collections/dystopian-system-font-gassstype/?tab=techSpecs
[2026-09-27T15:29:15Z] #6109 attempt=1/2 status=200 0.289s url=https://www.myfonts.com/products/regular-aribelle-1213129
[2026-09-27T15:29:16Z] #6110 attempt=1/2 status=200 0.344s url=https://www.myfonts.com/collections/aribelle-font-letterhanna-studio/
[2026-09-27T15:29:17Z] #6111 attempt=1/2 status=200 0.300s url=https://www.myfonts.com/collections/aribelle-font-letterhanna-studio/?tab=techSpecs
[2026-09-27T15:29:18Z] #6112 attempt=1/2 status=200 0.332s url=https://www.myfonts.com/products/regular-brashkick-1214143
[2026-09-27T15:29:19Z] #6113 attempt=1/2 status=200 0.330s url=https://www.myfonts.com/collections/brashkick-font-letterhanna-studio/
[2026-09-27T15:29:19Z] #6114 attempt=1/2 status=200 0.319s url=https://www.myfonts.com/collections/brashkick-font-letterhanna-studio/?tab=techSpecs
[2026-09-27T15:29:21Z] #6115 attempt=1/2 status=200 0.693s url=https://www.myfonts.com/products/reguler-seraphiq-1214086
[2026-09-27T15:29:22Z] #6116 attempt=1/2 status=200 0.378s url=https://www.myfonts.com/collections/seraphiq-font-asbill-studio/
[2026-09-27T15:29:22Z] #6117 attempt=1/2 status=200 0.313s url=https://www.myfonts.com/collections/seraphiq-font-asbill-studio/?tab=techSpecs
[2026-09-27T15:29:24Z] #6118 attempt=1/2 status=200 0.323s url=https://www.myfonts.com/products/regular-basecutter-1214142
[2026-09-27T15:29:24Z] #6119 attempt=1/2 status=200 0.335s url=https://www.myfonts.com/collections/basecutter-font-cassette-type/
[2026-09-27T15:29:25Z] #6120 attempt=1/2 status=200 0.295s url=https://www.myfonts.com/collections/basecutter-font-cassette-type/?tab=techSpecs
[2026-09-27T15:29:27Z] #6121 attempt=1/6 status=200 0.870s url=https://www.myfonts.com/products.json?limit=100&page=201
[2026-09-27T15:29:27Z] #6122 attempt=1/2 status=200 0.324s url=https://www.myfonts.com/products/bold-oresta-1213044
[2026-09-27T15:29:28Z] #6123 attempt=1/2 status=200 0.368s url=https://www.myfonts.com/collections/oresta-font-limitype/
[2026-09-27T15:29:29Z] #6124 attempt=1/2 status=200 0.357s url=https://www.myfonts.com/collections/oresta-font-limitype/?tab=techSpecs
[2026-09-27T15:29:31Z] #6125 attempt=1/6 status=200 0.884s url=https://www.myfonts.com/products.json?limit=100&page=202
[2026-09-27T15:29:32Z] #6126 attempt=1/2 status=200 0.333s url=https://www.myfonts.com/products/regular-rough-runners-1214175
[2026-09-27T15:29:32Z] #6127 attempt=1/2 status=200 0.330s url=https://www.myfonts.com/collections/rough-runners-font-gassstype/
[2026-09-27T15:29:33Z] #6128 attempt=1/2 status=200 0.329s url=https://www.myfonts.com/collections/rough-runners-font-gassstype/?tab=techSpecs
[2026-09-27T15:29:34Z] #6129 attempt=1/2 status=200 0.329s url=https://www.myfonts.com/products/belajar-nulis-regular-belajar-nulis-1213189
[2026-09-27T15:29:35Z] #6130 attempt=1/2 status=200 0.389s url=https://www.myfonts.com/collections/belajar-nulis-font-randy-studio/
[2026-09-27T15:29:36Z] #6131 attempt=1/2 status=200 0.322s url=https://www.myfonts.com/collections/belajar-nulis-font-randy-studio/?tab=techSpecs
[2026-09-27T15:29:38Z] #6132 attempt=1/6 status=200 0.914s url=https://www.myfonts.com/products.json?limit=100&page=203
[2026-09-27T15:29:39Z] #6133 attempt=1/2 status=200 0.314s url=https://www.myfonts.com/products/regular-metroflair-1213873
[2026-09-27T15:29:39Z] #6134 attempt=1/2 status=200 0.343s url=https://www.myfonts.com/collections/metroflair-font-gassstype/
[2026-09-27T15:29:40Z] #6135 attempt=1/2 status=200 0.303s url=https://www.myfonts.com/collections/metroflair-font-gassstype/?tab=techSpecs
[2026-09-27T15:29:41Z] #6136 attempt=1/2 status=200 0.369s url=https://www.myfonts.com/products/uneven-steven-regular-uneven-steven-1213937
[2026-09-27T15:29:42Z] #6137 attempt=1/2 status=200 0.390s url=https://www.myfonts.com/collections/uneven-steven-font-eryn-rose-design/
[2026-09-27T15:29:43Z] #6138 attempt=1/2 status=200 0.305s url=https://www.myfonts.com/collections/uneven-steven-font-eryn-rose-design/?tab=techSpecs
[2026-09-27T15:29:44Z] #6139 attempt=1/2 status=200 0.353s url=https://www.myfonts.com/products/regular-amoen-1213130
[2026-09-27T15:29:45Z] #6140 attempt=1/2 status=200 0.349s url=https://www.myfonts.com/collections/amoen-font-aiquitype/
[2026-09-27T15:29:45Z] #6141 attempt=1/2 status=200 0.373s url=https://www.myfonts.com/collections/amoen-font-aiquitype/?tab=techSpecs
[2026-09-27T15:29:47Z] #6142 attempt=1/2 status=200 0.356s url=https://www.myfonts.com/products/bold-triver-1214056
[2026-09-27T15:29:47Z] #6143 attempt=1/2 status=200 0.350s url=https://www.myfonts.com/collections/triver-font-limitype/
[2026-09-27T15:29:48Z] #6144 attempt=1/2 status=200 0.336s url=https://www.myfonts.com/collections/triver-font-limitype/?tab=techSpecs
[2026-09-27T15:29:49Z] #6145 attempt=1/2 status=200 0.327s url=https://www.myfonts.com/products/regular-valier-1213032
[2026-09-27T15:29:50Z] #6146 attempt=1/2 status=200 0.381s url=https://www.myfonts.com/collections/valier-font-graptail/
[2026-09-27T15:29:51Z] #6147 attempt=1/2 status=200 0.327s url=https://www.myfonts.com/collections/valier-font-graptail/?tab=techSpecs
[2026-09-27T15:29:53Z] #6148 attempt=1/6 status=200 0.955s url=https://www.myfonts.com/products.json?limit=100&page=204
[2026-09-27T15:29:54Z] #6149 attempt=1/6 status=200 0.814s url=https://www.myfonts.com/products.json?limit=100&page=205
[2026-09-27T15:29:55Z] #6150 attempt=1/2 status=200 0.329s url=https://www.myfonts.com/products/regular-sweet-mistake-1214155
[2026-09-27T15:29:56Z] #6151 attempt=1/2 status=200 0.347s url=https://www.myfonts.com/collections/sweet-mistake-font-gassstype/
[2026-09-27T15:29:56Z] #6152 attempt=1/2 status=200 0.325s url=https://www.myfonts.com/collections/sweet-mistake-font-gassstype/?tab=techSpecs
[2026-09-27T15:29:58Z] #6153 attempt=1/2 status=200 0.337s url=https://www.myfonts.com/products/regular-creigost-1213174
[2026-09-27T15:29:58Z] #6154 attempt=1/2 status=200 0.325s url=https://www.myfonts.com/collections/creigost-font-maulana-creative/
[2026-09-27T15:29:59Z] #6155 attempt=1/2 status=200 0.334s url=https://www.myfonts.com/collections/creigost-font-maulana-creative/?tab=techSpecs
[2026-09-27T15:30:00Z] #6156 attempt=1/2 status=200 0.375s url=https://www.myfonts.com/products/regular-gasteroim-1213124
[2026-09-27T15:30:01Z] #6157 attempt=1/2 status=200 0.370s url=https://www.myfonts.com/collections/gasteroim-font-maulana-creative/
[2026-09-27T15:30:02Z] #6158 attempt=1/2 status=200 0.336s url=https://www.myfonts.com/collections/gasteroim-font-maulana-creative/?tab=techSpecs
[2026-09-27T15:30:04Z] #6159 attempt=1/6 status=200 0.984s url=https://www.myfonts.com/products.json?limit=100&page=206
[2026-09-27T15:30:05Z] #6160 attempt=1/2 status=200 0.326s url=https://www.myfonts.com/products/regular-gladup-1213035
[2026-09-27T15:30:05Z] #6161 attempt=1/2 status=200 0.398s url=https://www.myfonts.com/collections/gladup-font-hasnat-studio/
[2026-09-27T15:30:06Z] #6162 attempt=1/2 status=200 0.330s url=https://www.myfonts.com/collections/gladup-font-hasnat-studio/?tab=techSpecs
[2026-09-27T15:30:07Z] #6163 attempt=1/2 status=200 0.338s url=https://www.myfonts.com/products/regular-calira-1213031
[2026-09-27T15:30:08Z] #6164 attempt=1/2 status=200 0.349s url=https://www.myfonts.com/collections/calira-font-graptail/
[2026-09-27T15:30:09Z] #6165 attempt=1/2 status=200 0.334s url=https://www.myfonts.com/collections/calira-font-graptail/?tab=techSpecs
[2026-09-27T15:30:10Z] #6166 attempt=1/2 status=200 0.331s url=https://www.myfonts.com/products/regular-thick-ring-1213048
[2026-09-27T15:30:11Z] #6167 attempt=1/2 status=200 0.334s url=https://www.myfonts.com/collections/thick-ring-font-airotype/
[2026-09-27T15:30:11Z] #6168 attempt=1/2 status=200 0.335s url=https://www.myfonts.com/collections/thick-ring-font-airotype/?tab=techSpecs
[2026-09-27T15:30:13Z] #6169 attempt=1/2 status=200 0.311s url=https://www.myfonts.com/products/bellevoire-bellevoire-1213164
[2026-09-27T15:30:13Z] #6170 attempt=1/2 status=200 0.358s url=https://www.myfonts.com/collections/bellevoire-font-letterzep-studio/
[2026-09-27T15:30:14Z] #6171 attempt=1/2 status=200 0.345s url=https://www.myfonts.com/collections/bellevoire-font-letterzep-studio/?tab=techSpecs
[2026-09-27T15:30:15Z] #6172 attempt=1/2 status=200 0.318s url=https://www.myfonts.com/products/madeline-regular-madeline-in-paris-1214136
[2026-09-27T15:30:16Z] #6173 attempt=1/2 status=200 0.337s url=https://www.myfonts.com/collections/madeline-in-paris-font-eryn-rose-design/
[2026-09-27T15:30:17Z] #6174 attempt=1/2 status=200 0.352s url=https://www.myfonts.com/collections/madeline-in-paris-font-eryn-rose-design/?tab=techSpecs
[2026-09-27T15:30:19Z] #6175 attempt=1/6 status=200 0.971s url=https://www.myfonts.com/products.json?limit=100&page=207
[2026-09-27T15:30:20Z] #6176 attempt=1/2 status=200 0.358s url=https://www.myfonts.com/products/regular-blukat-1214085
[2026-09-27T15:30:20Z] #6177 attempt=1/2 status=200 0.313s url=https://www.myfonts.com/collections/blukat-font-griyotype/
[2026-09-27T15:30:21Z] #6178 attempt=1/2 status=200 0.310s url=https://www.myfonts.com/collections/blukat-font-griyotype/?tab=techSpecs
[2026-09-27T15:30:22Z] #6179 attempt=1/2 status=200 0.343s url=https://www.myfonts.com/products/regular-vestron-1213040
[2026-09-27T15:30:23Z] #6180 attempt=1/2 status=200 0.403s url=https://www.myfonts.com/collections/vestron-font-flawlessandco/
[2026-09-27T15:30:24Z] #6181 attempt=1/2 status=200 0.320s url=https://www.myfonts.com/collections/vestron-font-flawlessandco/?tab=techSpecs
[2026-09-27T15:30:25Z] #6182 attempt=1/2 status=200 0.343s url=https://www.myfonts.com/products/regular-gafter-1213033
[2026-09-27T15:30:26Z] #6183 attempt=1/2 status=200 0.351s url=https://www.myfonts.com/collections/gafter-font-dareco-studio/
[2026-09-27T15:30:27Z] #6184 attempt=1/2 status=200 0.328s url=https://www.myfonts.com/collections/gafter-font-dareco-studio/?tab=techSpecs
[2026-09-27T15:30:28Z] #6185 attempt=1/6 status=200 0.825s url=https://www.myfonts.com/products.json?limit=100&page=208
[2026-09-27T15:30:29Z] #6186 attempt=1/2 status=200 0.314s url=https://www.myfonts.com/products/regular-zfbalance-1213216
[2026-09-27T15:30:30Z] #6187 attempt=1/2 status=200 0.354s url=https://www.myfonts.com/collections/zfbalance-font-zoofont/
[2026-09-27T15:30:30Z] #6188 attempt=1/2 status=200 0.305s url=https://www.myfonts.com/collections/zfbalance-font-zoofont/?tab=techSpecs
[2026-09-27T15:30:32Z] #6189 attempt=1/2 status=200 0.329s url=https://www.myfonts.com/products/display-kavro-1213279
[2026-09-27T15:30:32Z] #6190 attempt=1/2 status=200 0.389s url=https://www.myfonts.com/collections/kavro-font-kavoon/
[2026-09-27T15:30:33Z] #6191 attempt=1/2 status=200 0.341s url=https://www.myfonts.com/collections/kavro-font-kavoon/?tab=techSpecs
[2026-09-27T15:30:34Z] #6192 attempt=1/2 status=200 0.369s url=https://www.myfonts.com/products/regular-retro-biker-1214177
[2026-09-27T15:30:35Z] #6193 attempt=1/2 status=200 0.351s url=https://www.myfonts.com/collections/retro-biker-font-gassstype/
[2026-09-27T15:30:36Z] #6194 attempt=1/2 status=200 0.331s url=https://www.myfonts.com/collections/retro-biker-font-gassstype/?tab=techSpecs
[2026-09-27T15:30:37Z] #6195 attempt=1/2 status=200 0.347s url=https://www.myfonts.com/products/regular-restu-ibu-script-1213278
[2026-09-27T15:30:38Z] #6196 attempt=1/2 status=200 0.355s url=https://www.myfonts.com/collections/restu-ibu-script-font-kalam/
[2026-09-27T15:30:38Z] #6197 attempt=1/2 status=200 0.314s url=https://www.myfonts.com/collections/restu-ibu-script-font-kalam/?tab=techSpecs
[2026-09-27T15:30:40Z] #6198 attempt=1/2 status=200 0.303s url=https://www.myfonts.com/products/regular-dalton-john-1214176
[2026-09-27T15:30:40Z] #6199 attempt=1/2 status=200 0.371s url=https://www.myfonts.com/collections/dalton-john-font-gassstype/
[2026-09-27T15:30:41Z] #6200 attempt=1/2 status=200 0.307s url=https://www.myfonts.com/collections/dalton-john-font-gassstype/?tab=techSpecs
[2026-09-27T15:30:43Z] #6201 attempt=1/6 status=200 0.910s url=https://www.myfonts.com/products.json?limit=100&page=209
[2026-09-27T15:30:44Z] #6202 attempt=1/2 status=200 0.326s url=https://www.myfonts.com/products/regular-streetlight-tags-1214154
[2026-09-27T15:30:44Z] #6203 attempt=1/2 status=200 0.347s url=https://www.myfonts.com/collections/streetlight-tags-font-gassstype/
[2026-09-27T15:30:45Z] #6204 attempt=1/2 status=200 0.325s url=https://www.myfonts.com/collections/streetlight-tags-font-gassstype/?tab=techSpecs
[2026-09-27T15:30:46Z] #6205 attempt=1/2 status=200 0.321s url=https://www.myfonts.com/products/regular-didoska-1214181
[2026-09-27T15:30:47Z] #6206 attempt=1/2 status=200 0.350s url=https://www.myfonts.com/collections/didoska-font-blankids/
[2026-09-27T15:30:48Z] #6207 attempt=1/2 status=200 0.297s url=https://www.myfonts.com/collections/didoska-font-blankids/?tab=techSpecs
[2026-09-27T15:30:49Z] #6208 attempt=1/2 status=200 0.384s url=https://www.myfonts.com/products/regular-siltron-1214182
[2026-09-27T15:30:50Z] #6209 attempt=1/2 status=200 0.389s url=https://www.myfonts.com/collections/siltron-font-sensatype-studio/
[2026-09-27T15:30:51Z] #6210 attempt=1/2 status=200 0.362s url=https://www.myfonts.com/collections/siltron-font-sensatype-studio/?tab=techSpecs
[2026-09-27T15:30:52Z] #6211 attempt=1/2 status=200 0.311s url=https://www.myfonts.com/products/regular-juliet-honey-1213212
[2026-09-27T15:30:53Z] #6212 attempt=1/2 status=200 0.358s url=https://www.myfonts.com/collections/juliet-honey-font-timurtype/
[2026-09-27T15:30:53Z] #6213 attempt=1/2 status=200 0.324s url=https://www.myfonts.com/collections/juliet-honey-font-timurtype/?tab=techSpecs
[2026-09-27T15:30:55Z] #6214 attempt=1/2 status=200 0.335s url=https://www.myfonts.com/products/regular-criden-1213034
[2026-09-27T15:30:55Z] #6215 attempt=1/2 status=200 0.359s url=https://www.myfonts.com/collections/criden-font-lemonthe/
[2026-09-27T15:30:56Z] #6216 attempt=1/2 status=200 0.333s url=https://www.myfonts.com/collections/criden-font-lemonthe/?tab=techSpecs
[2026-09-27T15:30:57Z] #6217 attempt=1/2 status=200 0.414s url=https://www.myfonts.com/products/regular-sinner-1214074
[2026-09-27T15:30:58Z] #6218 attempt=1/2 status=200 0.345s url=https://www.myfonts.com/collections/sinner-font-bimaksara/
[2026-09-27T15:30:59Z] #6219 attempt=1/2 status=200 0.344s url=https://www.myfonts.com/collections/sinner-font-bimaksara/?tab=techSpecs
[2026-09-27T15:31:00Z] #6220 attempt=1/2 status=200 0.348s url=https://www.myfonts.com/products/eska-complete-family-package-1214065
[2026-09-27T15:31:01Z] #6221 attempt=1/2 status=200 0.386s url=https://www.myfonts.com/collections/eska-font-borutta/
[2026-09-27T15:31:01Z] #6222 attempt=1/2 status=200 0.355s url=https://www.myfonts.com/collections/eska-font-borutta/?tab=techSpecs
[2026-09-27T15:31:04Z] #6223 attempt=1/6 status=200 0.902s url=https://www.myfonts.com/products.json?limit=100&page=210
[2026-09-27T15:31:04Z] #6224 attempt=1/2 status=200 0.337s url=https://www.myfonts.com/products/saint-austin-complete-family-package-1188521
[2026-09-27T15:31:05Z] #6225 attempt=1/2 status=200 0.345s url=https://www.myfonts.com/collections/saint-austin-font-nexaline-type/
[2026-09-27T15:31:06Z] #6226 attempt=1/2 status=200 0.394s url=https://www.myfonts.com/collections/saint-austin-font-nexaline-type/?tab=techSpecs
[2026-09-27T15:31:08Z] #6227 attempt=1/2 status=200 0.467s url=https://www.myfonts.com/products/doodler-complete-family-package-1214183
[2026-09-27T15:31:09Z] #6228 attempt=1/2 status=200 0.825s url=https://www.myfonts.com/collections/doodler-font-alpercakici/
[2026-09-27T15:31:10Z] #6229 attempt=1/2 status=200 0.557s url=https://www.myfonts.com/collections/doodler-font-alpercakici/?tab=techSpecs
[2026-09-27T15:31:12Z] #6230 attempt=1/2 status=200 0.374s url=https://www.myfonts.com/products/regular-wengi-1214011
[2026-09-27T15:31:13Z] #6231 attempt=1/2 status=200 0.349s url=https://www.myfonts.com/collections/wengi-font-gassstype/
[2026-09-27T15:31:13Z] #6232 attempt=1/2 status=200 0.357s url=https://www.myfonts.com/collections/wengi-font-gassstype/?tab=techSpecs
[2026-09-27T15:31:15Z] #6233 attempt=1/2 status=200 0.350s url=https://www.myfonts.com/products/regular-quirkoo-1213962
[2026-09-27T15:31:15Z] #6234 attempt=1/2 status=200 0.343s url=https://www.myfonts.com/collections/quirkoo-font-letterhanna-studio/
[2026-09-27T15:31:16Z] #6235 attempt=1/2 status=200 0.292s url=https://www.myfonts.com/collections/quirkoo-font-letterhanna-studio/?tab=techSpecs
[2026-09-27T15:31:17Z] #6236 attempt=1/2 status=200 0.324s url=https://www.myfonts.com/products/timess-indraprasta-1213482
[2026-09-27T15:31:18Z] #6237 attempt=1/2 status=200 0.375s url=https://www.myfonts.com/collections/indraprasta-font-donny-ramadhan/
[2026-09-27T15:31:19Z] #6238 attempt=1/2 status=200 0.330s url=https://www.myfonts.com/collections/indraprasta-font-donny-ramadhan/?tab=techSpecs
[2026-09-27T15:31:20Z] #6239 attempt=1/2 status=200 0.364s url=https://www.myfonts.com/products/medium-italic-tombola-1212906
[2026-09-27T15:31:21Z] #6240 attempt=1/2 status=200 0.380s url=https://www.myfonts.com/collections/tombola-font-rmu/
[2026-09-27T15:31:21Z] #6241 attempt=1/2 status=200 0.309s url=https://www.myfonts.com/collections/tombola-font-rmu/?tab=techSpecs
[2026-09-27T15:31:22Z] #6242 attempt=1/2 status=200 0.313s url=https://www.myfonts.com/products/viktoria-rmu-regular-rmu-viktoria-1212905
[2026-09-27T15:31:23Z] #6243 attempt=1/2 status=200 0.322s url=https://www.myfonts.com/collections/rmu-viktoria-font-rmu/
[2026-09-27T15:31:24Z] #6244 attempt=1/2 status=200 0.330s url=https://www.myfonts.com/collections/rmu-viktoria-font-rmu/?tab=techSpecs
[2026-09-27T15:31:25Z] #6245 attempt=1/2 status=200 0.361s url=https://www.myfonts.com/products/silken-moment-pro-complete-family-package-1212702
[2026-09-27T15:31:26Z] #6246 attempt=1/2 status=200 0.387s url=https://www.myfonts.com/collections/silken-moment-pro-font-hanoded/
[2026-09-27T15:31:27Z] #6247 attempt=1/2 status=200 0.358s url=https://www.myfonts.com/collections/silken-moment-pro-font-hanoded/?tab=techSpecs
[2026-09-27T15:31:28Z] #6248 attempt=1/2 status=200 0.350s url=https://www.myfonts.com/products/bunny-chow-pro-complete-family-package-1212699
[2026-09-27T15:31:29Z] #6249 attempt=1/2 status=200 0.388s url=https://www.myfonts.com/collections/bunny-chow-pro-font-hanoded/
[2026-09-27T15:31:30Z] #6250 attempt=1/2 status=200 0.327s url=https://www.myfonts.com/collections/bunny-chow-pro-font-hanoded/?tab=techSpecs
[2026-09-27T15:31:32Z] #6251 attempt=1/6 status=200 1.033s url=https://www.myfonts.com/products.json?limit=100&page=211
[2026-09-27T15:31:34Z] #6252 attempt=1/2 status=200 0.856s url=https://www.myfonts.com/products/modern-heritage-font-duo-package-1212884
[2026-09-27T15:31:34Z] #6253 attempt=1/2 status=404 0.309s url=https://www.myfonts.com/collections/modern-heritage-font-duo-font-fontop
[2026-09-27T15:31:35Z] #6254 attempt=1/2 status=200 0.525s url=https://www.myfonts.com/products/regular-donchenko-serif-479397
[2026-09-27T15:31:36Z] #6255 attempt=1/2 status=200 0.513s url=https://www.myfonts.com/collections/donchenko-serif-font-donchenko/
[2026-09-27T15:31:37Z] #6256 attempt=1/2 status=200 0.529s url=https://www.myfonts.com/collections/donchenko-serif-font-donchenko/?tab=techSpecs
[2026-09-27T15:31:39Z] #6257 attempt=1/2 status=200 0.406s url=https://www.myfonts.com/products/charco-complete-family-package-1212697
[2026-09-27T15:31:40Z] #6258 attempt=1/2 status=200 0.476s url=https://www.myfonts.com/collections/charco-font-waftype/
[2026-09-27T15:31:40Z] #6259 attempt=1/2 status=200 0.414s url=https://www.myfonts.com/collections/charco-font-waftype/?tab=techSpecs
[2026-09-27T15:31:42Z] #6260 attempt=1/2 status=200 0.770s url=https://www.myfonts.com/products/acherus-standard-vf-package-1212695
[2026-09-27T15:31:44Z] #6261 attempt=1/2 status=200 0.847s url=https://www.myfonts.com/collections/acherus-grotesque-font-horizon-type/
[2026-09-27T15:31:45Z] #6262 attempt=1/2 status=200 0.732s url=https://www.myfonts.com/collections/acherus-grotesque-font-horizon-type/?tab=techSpecs
[2026-09-27T15:31:47Z] #6263 attempt=1/2 status=200 0.461s url=https://www.myfonts.com/products/9extendedmabsam-package-1212649
[2026-09-27T15:31:48Z] #6264 attempt=1/2 status=200 0.884s url=https://www.myfonts.com/collections/hs-mabsam-font-hiba-studio/
[2026-09-27T15:31:49Z] #6265 attempt=1/2 status=200 0.625s url=https://www.myfonts.com/collections/hs-mabsam-font-hiba-studio/?tab=techSpecs
[2026-09-27T15:31:51Z] #6266 attempt=1/2 status=200 0.334s url=https://www.myfonts.com/products/regular-rosbeg-1212691
[2026-09-27T15:31:52Z] #6267 attempt=1/2 status=200 0.384s url=https://www.myfonts.com/collections/rosbeg-font-aiquitype/
[2026-09-27T15:31:53Z] #6268 attempt=1/2 status=200 0.330s url=https://www.myfonts.com/collections/rosbeg-font-aiquitype/?tab=techSpecs
[2026-09-27T15:31:54Z] #6269 attempt=1/2 status=200 0.495s url=https://www.myfonts.com/products/maverse-complete-family-package-1212291
[2026-09-27T15:31:55Z] #6270 attempt=1/2 status=200 0.594s url=https://www.myfonts.com/collections/maverse-font-metypeverse/
[2026-09-27T15:31:56Z] #6271 attempt=1/2 status=200 0.527s url=https://www.myfonts.com/collections/maverse-font-metypeverse/?tab=techSpecs
[2026-09-27T15:31:58Z] #6272 attempt=1/2 status=200 0.367s url=https://www.myfonts.com/products/lancero-complete-family-package-1212598
[2026-09-27T15:31:58Z] #6273 attempt=1/2 status=200 0.473s url=https://www.myfonts.com/collections/lancero-font-ragamkata/
[2026-09-27T15:31:59Z] #6274 attempt=1/2 status=200 0.361s url=https://www.myfonts.com/collections/lancero-font-ragamkata/?tab=techSpecs
[2026-09-27T15:32:01Z] #6275 attempt=1/2 status=200 0.643s url=https://www.myfonts.com/products/hardren-complete-family-package-1211487
[2026-09-27T15:32:03Z] #6276 attempt=1/2 status=200 0.910s url=https://www.myfonts.com/collections/hardren-font-horizon-type/
[2026-09-27T15:32:04Z] #6277 attempt=1/2 status=200 0.719s url=https://www.myfonts.com/collections/hardren-font-horizon-type/?tab=techSpecs
[2026-09-27T15:32:06Z] #6278 attempt=1/2 status=200 0.429s url=https://www.myfonts.com/products/takatokyo-kaku-complete-family-package-1211240
[2026-09-27T15:32:06Z] #6279 attempt=1/2 status=200 0.439s url=https://www.myfonts.com/collections/takatokyo-kaku-font-taka-design-production/
[2026-09-27T15:32:07Z] #6280 attempt=1/2 status=200 0.390s url=https://www.myfonts.com/collections/takatokyo-kaku-font-taka-design-production/?tab=techSpecs
[2026-09-27T15:32:09Z] #6281 attempt=1/2 status=200 0.382s url=https://www.myfonts.com/products/makovani-complete-family-package-1211798
[2026-09-27T15:32:10Z] #6282 attempt=1/2 status=200 0.444s url=https://www.myfonts.com/collections/makovani-font-made-deduk/
[2026-09-27T15:32:10Z] #6283 attempt=1/2 status=200 0.370s url=https://www.myfonts.com/collections/makovani-font-made-deduk/?tab=techSpecs
[2026-09-27T15:32:12Z] #6284 attempt=1/2 status=200 0.418s url=https://www.myfonts.com/products/takaginza-kaku-complete-family-package-1211237
[2026-09-27T15:32:13Z] #6285 attempt=1/2 status=200 0.438s url=https://www.myfonts.com/collections/takaginza-kaku-m-font-taka-design-production/
[2026-09-27T15:32:14Z] #6286 attempt=1/2 status=200 0.362s url=https://www.myfonts.com/collections/takaginza-kaku-m-font-taka-design-production/?tab=techSpecs
[2026-09-27T15:32:15Z] #6287 attempt=1/2 status=200 0.411s url=https://www.myfonts.com/products/grand-major-complete-family-package-1212319
[2026-09-27T15:32:16Z] #6288 attempt=1/2 status=200 0.352s url=https://www.myfonts.com/collections/grand-major-font-sensatype-studio/
[2026-09-27T15:32:17Z] #6289 attempt=1/2 status=200 0.341s url=https://www.myfonts.com/collections/grand-major-font-sensatype-studio/?tab=techSpecs
[2026-09-27T15:32:19Z] #6290 attempt=1/2 status=200 0.372s url=https://www.myfonts.com/products/fn-outserif-complete-family-package-1212605
[2026-09-27T15:32:20Z] #6291 attempt=1/2 status=200 0.408s url=https://www.myfonts.com/collections/fn-outserif-font-typefoon/
[2026-09-27T15:32:20Z] #6292 attempt=1/2 status=200 0.350s url=https://www.myfonts.com/collections/fn-outserif-font-typefoon/?tab=techSpecs
[2026-09-27T15:32:22Z] #6293 attempt=1/2 status=200 0.388s url=https://www.myfonts.com/products/sx-roomie-complete-family-package-1211493
[2026-09-27T15:32:23Z] #6294 attempt=1/2 status=200 0.488s url=https://www.myfonts.com/collections/sx-roomie-font-sixtype-foundry/
[2026-09-27T15:32:24Z] #6295 attempt=1/2 status=200 0.371s url=https://www.myfonts.com/collections/sx-roomie-font-sixtype-foundry/?tab=techSpecs
[2026-09-27T15:32:27Z] #6296 attempt=1/2 status=200 1.762s url=https://www.myfonts.com/products/normal-package-1212604
[2026-09-27T15:32:30Z] #6297 attempt=1/2 status=200 3.383s url=https://www.myfonts.com/collections/govelia-font-tm-type/
[2026-09-27T15:32:35Z] #6298 attempt=1/2 status=200 3.444s url=https://www.myfonts.com/collections/govelia-font-tm-type/?tab=techSpecs
[2026-09-27T15:32:37Z] #6299 attempt=1/2 status=200 0.424s url=https://www.myfonts.com/products/breaffy-complete-family-package-1212103
[2026-09-27T15:32:38Z] #6300 attempt=1/2 status=200 0.582s url=https://www.myfonts.com/collections/breaffy-font-designomatt/
[2026-09-27T15:32:39Z] #6301 attempt=1/2 status=200 0.513s url=https://www.myfonts.com/collections/breaffy-font-designomatt/?tab=techSpecs
[2026-09-27T15:32:41Z] #6302 attempt=1/2 status=200 0.373s url=https://www.myfonts.com/products/takayurakucho-kaku-complete-family-package-1211235
[2026-09-27T15:32:42Z] #6303 attempt=1/2 status=200 0.482s url=https://www.myfonts.com/collections/takayurakucho-kaku-font-taka-design-production/
[2026-09-27T15:32:43Z] #6304 attempt=1/2 status=200 0.418s url=https://www.myfonts.com/collections/takayurakucho-kaku-font-taka-design-production/?tab=techSpecs
[2026-09-27T15:32:45Z] #6305 attempt=1/2 status=200 0.858s url=https://www.myfonts.com/products/rascon-complete-family-package-1211867
[2026-09-27T15:32:47Z] #6306 attempt=1/2 status=200 1.697s url=https://www.myfonts.com/collections/rascon-font-areatype/
[2026-09-27T15:32:49Z] #6307 attempt=1/2 status=200 1.233s url=https://www.myfonts.com/collections/rascon-font-areatype/?tab=techSpecs
[2026-09-27T15:32:51Z] #6308 attempt=1/2 status=200 0.976s url=https://www.myfonts.com/products/dravion-soft-complete-family-package-1211348
[2026-09-27T15:32:53Z] #6309 attempt=1/2 status=200 1.342s url=https://www.myfonts.com/collections/dravion-soft-font-keren-studio/
[2026-09-27T15:32:55Z] #6310 attempt=1/2 status=200 1.200s url=https://www.myfonts.com/collections/dravion-soft-font-keren-studio/?tab=techSpecs
[2026-09-27T15:32:57Z] #6311 attempt=1/2 status=200 0.403s url=https://www.myfonts.com/products/toplica-pro-complete-family-package-1211512
[2026-09-27T15:32:58Z] #6312 attempt=1/2 status=200 0.561s url=https://www.myfonts.com/collections/toplica-pro-font-jovica-veljovic/
[2026-09-27T15:32:59Z] #6313 attempt=1/2 status=200 0.440s url=https://www.myfonts.com/collections/toplica-pro-font-jovica-veljovic/?tab=techSpecs
[2026-09-27T15:33:02Z] #6314 attempt=1/2 status=200 1.844s url=https://www.myfonts.com/products/novestia-complete-family-package-1211230
[2026-09-27T15:33:05Z] #6315 attempt=1/2 status=200 2.994s url=https://www.myfonts.com/collections/novestia-font-nia-typework/
[2026-09-27T15:33:09Z] #6316 attempt=1/2 status=200 2.378s url=https://www.myfonts.com/collections/novestia-font-nia-typework/?tab=techSpecs
[2026-09-27T15:33:12Z] #6317 attempt=1/2 status=200 1.442s url=https://www.myfonts.com/products/helsika-condensed-version-package-1212288
[2026-09-27T15:33:15Z] #6318 attempt=1/2 status=200 2.758s url=https://www.myfonts.com/collections/helsika-font-great-studio/
[2026-09-27T15:33:18Z] #6319 attempt=1/2 status=200 2.209s url=https://www.myfonts.com/collections/helsika-font-great-studio/?tab=techSpecs
[2026-09-27T15:33:20Z] #6320 attempt=1/2 status=200 0.350s url=https://www.myfonts.com/products/baluthi-complete-family-package-1211474
[2026-09-27T15:33:21Z] #6321 attempt=1/2 status=200 0.416s url=https://www.myfonts.com/collections/baluthi-font-artisan-themes/
[2026-09-27T15:33:22Z] #6322 attempt=1/2 status=200 0.307s url=https://www.myfonts.com/collections/baluthi-font-artisan-themes/?tab=techSpecs
[2026-09-27T15:33:23Z] #6323 attempt=1/2 status=200 0.384s url=https://www.myfonts.com/products/almai-complete-family-package-1212650
[2026-09-27T15:33:24Z] #6324 attempt=1/2 status=200 0.396s url=https://www.myfonts.com/collections/almai-font-eisa-aleisa/
[2026-09-27T15:33:25Z] #6325 attempt=1/2 status=200 0.365s url=https://www.myfonts.com/collections/almai-font-eisa-aleisa/?tab=techSpecs
[2026-09-27T15:33:27Z] #6326 attempt=1/2 status=200 0.378s url=https://www.myfonts.com/products/staygrov-complete-family-package-1211343
[2026-09-27T15:33:27Z] #6327 attempt=1/2 status=200 0.386s url=https://www.myfonts.com/collections/staygrov-font-jinan-studio/
[2026-09-27T15:33:28Z] #6328 attempt=1/2 status=200 0.357s url=https://www.myfonts.com/collections/staygrov-font-jinan-studio/?tab=techSpecs
[2026-09-27T15:33:30Z] #6329 attempt=1/2 status=200 0.443s url=https://www.myfonts.com/products/changke-anitsuka-complete-family-package-1211761
[2026-09-27T15:33:31Z] #6330 attempt=1/2 status=200 0.377s url=https://www.myfonts.com/collections/changke-anitsuka-font-letterena-studios/
[2026-09-27T15:33:32Z] #6331 attempt=1/2 status=200 0.362s url=https://www.myfonts.com/collections/changke-anitsuka-font-letterena-studios/?tab=techSpecs
[2026-09-27T15:33:33Z] #6332 attempt=1/2 status=200 0.353s url=https://www.myfonts.com/products/boleta-academy-complete-family-package-1211478
[2026-09-27T15:33:34Z] #6333 attempt=1/2 status=200 0.432s url=https://www.myfonts.com/collections/boleta-academy-font-kaletre/
[2026-09-27T15:33:35Z] #6334 attempt=1/2 status=200 0.415s url=https://www.myfonts.com/collections/boleta-academy-font-kaletre/?tab=techSpecs
[2026-09-27T15:33:36Z] #6335 attempt=1/2 status=200 0.375s url=https://www.myfonts.com/products/cronfrom-complete-family-package-1212082
[2026-09-27T15:33:37Z] #6336 attempt=1/2 status=200 0.439s url=https://www.myfonts.com/collections/cronfrom-font-maulana-creative/
[2026-09-27T15:33:38Z] #6337 attempt=1/2 status=200 0.363s url=https://www.myfonts.com/collections/cronfrom-font-maulana-creative/?tab=techSpecs
[2026-09-27T15:33:40Z] #6338 attempt=1/2 status=200 0.442s url=https://www.myfonts.com/products/grand-madellin-complete-family-package-1212322
[2026-09-27T15:33:41Z] #6339 attempt=1/2 status=200 0.533s url=https://www.myfonts.com/collections/grand-madellin-font-unitype-studio/
[2026-09-27T15:33:42Z] #6340 attempt=1/2 status=200 0.515s url=https://www.myfonts.com/collections/grand-madellin-font-unitype-studio/?tab=techSpecs
[2026-09-27T15:33:44Z] #6341 attempt=1/2 status=200 1.201s url=https://www.myfonts.com/products/megiola-complete-family-package-1211207
[2026-09-27T15:33:47Z] #6342 attempt=1/2 status=200 2.262s url=https://www.myfonts.com/collections/megiola-font-nia-typework/
[2026-09-27T15:33:50Z] #6343 attempt=1/2 status=200 1.880s url=https://www.myfonts.com/collections/megiola-font-nia-typework/?tab=techSpecs
[2026-09-27T15:33:52Z] #6344 attempt=1/2 status=200 0.337s url=https://www.myfonts.com/products/amoora-complete-family-package-1211290
[2026-09-27T15:33:53Z] #6345 attempt=1/2 status=200 0.437s url=https://www.myfonts.com/collections/amoora-font-font-liner/
[2026-09-27T15:33:54Z] #6346 attempt=1/2 status=200 0.332s url=https://www.myfonts.com/collections/amoora-font-font-liner/?tab=techSpecs
[2026-09-27T15:33:55Z] #6347 attempt=1/2 status=200 0.352s url=https://www.myfonts.com/products/mogrel-complete-family-package-1211294
[2026-09-27T15:33:56Z] #6348 attempt=1/2 status=200 0.410s url=https://www.myfonts.com/collections/mogrel-font-vermilione/
[2026-09-27T15:33:57Z] #6349 attempt=1/2 status=200 0.366s url=https://www.myfonts.com/collections/mogrel-font-vermilione/?tab=techSpecs
[2026-09-27T15:33:58Z] #6350 attempt=1/2 status=200 0.371s url=https://www.myfonts.com/products/sonko-complete-family-package-1211776
[2026-09-27T15:33:59Z] #6351 attempt=1/2 status=200 0.401s url=https://www.myfonts.com/collections/sonko-font-oka-ayase/
[2026-09-27T15:34:00Z] #6352 attempt=1/2 status=200 0.384s url=https://www.myfonts.com/collections/sonko-font-oka-ayase/?tab=techSpecs
[2026-09-27T15:34:02Z] #6353 attempt=1/2 status=200 0.597s url=https://www.myfonts.com/products/mont-complete-family-package-1211206
[2026-09-27T15:34:03Z] #6354 attempt=1/2 status=200 0.809s url=https://www.myfonts.com/collections/mont-font-fontfabric/
[2026-09-27T15:34:04Z] #6355 attempt=1/2 status=200 0.584s url=https://www.myfonts.com/collections/mont-font-fontfabric/?tab=techSpecs
[2026-09-27T15:34:06Z] #6356 attempt=1/2 status=200 0.393s url=https://www.myfonts.com/products/retro-bold-complete-family-package-1211286
[2026-09-27T15:34:07Z] #6357 attempt=1/2 status=200 0.399s url=https://www.myfonts.com/collections/retro-bold-font-itc/
[2026-09-27T15:34:07Z] #6358 attempt=1/2 status=200 0.477s url=https://www.myfonts.com/collections/retro-bold-font-itc/?tab=techSpecs
[2026-09-27T15:34:09Z] #6359 attempt=1/2 status=200 0.381s url=https://www.myfonts.com/products/the-saltwater-society-complete-family-package-1211502
[2026-09-27T15:34:10Z] #6360 attempt=1/2 status=200 0.380s url=https://www.myfonts.com/collections/the-saltwater-society-font-medialabco/
[2026-09-27T15:34:11Z] #6361 attempt=1/2 status=200 0.366s url=https://www.myfonts.com/collections/the-saltwater-society-font-medialabco/?tab=techSpecs
[2026-09-27T15:34:12Z] #6362 attempt=1/2 status=200 0.343s url=https://www.myfonts.com/products/slugora-complete-family-package-1211787
[2026-09-27T15:34:13Z] #6363 attempt=1/2 status=200 0.455s url=https://www.myfonts.com/collections/slugora-font-sixtype-foundry/
[2026-09-27T15:34:14Z] #6364 attempt=1/2 status=200 0.392s url=https://www.myfonts.com/collections/slugora-font-sixtype-foundry/?tab=techSpecs
[2026-09-27T15:34:16Z] #6365 attempt=1/2 status=200 0.439s url=https://www.myfonts.com/products/marvelous-wonder-complete-family-package-1212585
[2026-09-27T15:34:16Z] #6366 attempt=1/2 status=200 0.474s url=https://www.myfonts.com/collections/marvelous-wonder-font-unitype-studio/
[2026-09-27T15:34:17Z] #6367 attempt=1/2 status=200 0.489s url=https://www.myfonts.com/collections/marvelous-wonder-font-unitype-studio/?tab=techSpecs
[2026-09-27T15:34:19Z] #6368 attempt=1/2 status=200 0.411s url=https://www.myfonts.com/products/lucent-nocturn-complete-family-package-1212610
[2026-09-27T15:34:20Z] #6369 attempt=1/2 status=200 0.380s url=https://www.myfonts.com/collections/lucent-nocturn-font-denustudio/
[2026-09-27T15:34:21Z] #6370 attempt=1/2 status=200 0.348s url=https://www.myfonts.com/collections/lucent-nocturn-font-denustudio/?tab=techSpecs
[2026-09-27T15:34:22Z] #6371 attempt=1/2 status=200 0.441s url=https://www.myfonts.com/products/romantic-romance-complete-family-package-1212087
[2026-09-27T15:34:23Z] #6372 attempt=1/2 status=200 0.541s url=https://www.myfonts.com/collections/romantic-romance-font-vp-creative-shop/
[2026-09-27T15:34:24Z] #6373 attempt=1/2 status=200 0.468s url=https://www.myfonts.com/collections/romantic-romance-font-vp-creative-shop/?tab=techSpecs
[2026-09-27T15:34:26Z] #6374 attempt=1/2 status=200 0.324s url=https://www.myfonts.com/products/some-full-daily-complete-family-package-1211725
[2026-09-27T15:34:27Z] #6375 attempt=1/2 status=200 0.398s url=https://www.myfonts.com/collections/some-full-daily-font-letterena-studios/
[2026-09-27T15:34:27Z] #6376 attempt=1/2 status=200 0.366s url=https://www.myfonts.com/collections/some-full-daily-font-letterena-studios/?tab=techSpecs
[2026-09-27T15:34:29Z] #6377 attempt=1/2 status=200 0.397s url=https://www.myfonts.com/products/fn-oddrama-complete-family-package-1212613
[2026-09-27T15:34:30Z] #6378 attempt=1/2 status=200 0.415s url=https://www.myfonts.com/collections/fn-oddrama-font-typefoon/
[2026-09-27T15:34:30Z] #6379 attempt=1/2 status=200 0.321s url=https://www.myfonts.com/collections/fn-oddrama-font-typefoon/?tab=techSpecs
[2026-09-27T15:34:32Z] #6380 attempt=1/2 status=200 0.438s url=https://www.myfonts.com/products/falefion-complete-family-package-1211764
[2026-09-27T15:34:33Z] #6381 attempt=1/2 status=200 0.567s url=https://www.myfonts.com/collections/falefion-font-madjack-font/
[2026-09-27T15:34:34Z] #6382 attempt=1/2 status=200 0.466s url=https://www.myfonts.com/collections/falefion-font-madjack-font/?tab=techSpecs
[2026-09-27T15:34:37Z] #6383 attempt=1/2 status=200 1.485s url=https://www.myfonts.com/products/extricate-complete-family-package-1211802
[2026-09-27T15:34:40Z] #6384 attempt=1/2 status=200 2.312s url=https://www.myfonts.com/collections/extricate-font-eyetype/
[2026-09-27T15:34:42Z] #6385 attempt=1/2 status=200 1.737s url=https://www.myfonts.com/collections/extricate-font-eyetype/?tab=techSpecs
[2026-09-27T15:34:44Z] #6386 attempt=1/2 status=200 0.363s url=https://www.myfonts.com/products/murisa-agnelli-complete-family-package-1211505
[2026-09-27T15:34:45Z] #6387 attempt=1/2 status=200 0.408s url=https://www.myfonts.com/collections/murisa-agnelli-font-murisa-studio/
[2026-09-27T15:34:46Z] #6388 attempt=1/2 status=200 0.369s url=https://www.myfonts.com/collections/murisa-agnelli-font-murisa-studio/?tab=techSpecs
[2026-09-27T15:34:48Z] #6389 attempt=1/2 status=200 0.554s url=https://www.myfonts.com/products/evertype-complete-family-package-1211347
[2026-09-27T15:34:49Z] #6390 attempt=1/2 status=200 0.743s url=https://www.myfonts.com/collections/evertype-font-vp-creative-shop/
[2026-09-27T15:34:50Z] #6391 attempt=1/2 status=200 0.542s url=https://www.myfonts.com/collections/evertype-font-vp-creative-shop/?tab=techSpecs
[2026-09-27T15:34:52Z] #6392 attempt=1/2 status=200 0.357s url=https://www.myfonts.com/products/ralley-empathy-complete-family-package-1211483
[2026-09-27T15:34:52Z] #6393 attempt=1/2 status=200 0.440s url=https://www.myfonts.com/collections/ralley-empathy-font-letterena-studios/
[2026-09-27T15:34:53Z] #6394 attempt=1/2 status=200 0.326s url=https://www.myfonts.com/collections/ralley-empathy-font-letterena-studios/?tab=techSpecs
[2026-09-27T15:34:55Z] #6395 attempt=1/2 status=200 0.383s url=https://www.myfonts.com/products/mltp-tuekila-zeland-complete-family-package-1211508
[2026-09-27T15:34:56Z] #6396 attempt=1/2 status=200 0.374s url=https://www.myfonts.com/collections/mltp-tuekila-zeland-font-multype-studio/
[2026-09-27T15:34:56Z] #6397 attempt=1/2 status=200 0.354s url=https://www.myfonts.com/collections/mltp-tuekila-zeland-font-multype-studio/?tab=techSpecs
[2026-09-27T15:34:59Z] #6398 attempt=1/6 status=200 0.832s url=https://www.myfonts.com/products.json?limit=100&page=212
[2026-09-27T15:35:00Z] #6399 attempt=1/6 status=200 0.868s url=https://www.myfonts.com/products.json?limit=100&page=213
[2026-09-27T15:35:02Z] #6400 attempt=1/6 status=200 0.887s url=https://www.myfonts.com/products.json?limit=100&page=214
[2026-09-27T15:35:03Z] #6401 attempt=1/6 status=200 0.906s url=https://www.myfonts.com/products.json?limit=100&page=215
[2026-09-27T15:35:04Z] #6402 attempt=1/2 status=200 0.454s url=https://www.myfonts.com/products/regular-reglass-1212085
[2026-09-27T15:35:05Z] #6403 attempt=1/2 status=200 0.388s url=https://www.myfonts.com/collections/reglass-font-gleb-guralnyk/
[2026-09-27T15:35:05Z] #6404 attempt=1/2 status=200 0.343s url=https://www.myfonts.com/collections/reglass-font-gleb-guralnyk/?tab=techSpecs
[2026-09-27T15:35:07Z] #6405 attempt=1/6 status=200 0.965s url=https://www.myfonts.com/products.json?limit=100&page=216
[2026-09-27T15:35:09Z] #6406 attempt=1/6 status=200 0.933s url=https://www.myfonts.com/products.json?limit=100&page=217
[2026-09-27T15:35:10Z] #6407 attempt=1/6 status=200 0.986s url=https://www.myfonts.com/products.json?limit=100&page=218
[2026-09-27T15:35:11Z] #6408 attempt=1/2 status=200 0.334s url=https://www.myfonts.com/products/regular-heiya-1211477
[2026-09-27T15:35:12Z] #6409 attempt=1/2 status=200 0.357s url=https://www.myfonts.com/collections/heiya-font-olivetype/
[2026-09-27T15:35:13Z] #6410 attempt=1/2 status=200 0.325s url=https://www.myfonts.com/collections/heiya-font-olivetype/?tab=techSpecs
[2026-09-27T15:35:14Z] #6411 attempt=1/6 status=200 0.837s url=https://www.myfonts.com/products.json?limit=100&page=219
[2026-09-27T15:35:15Z] #6412 attempt=1/2 status=200 0.332s url=https://www.myfonts.com/products/regular-coach-1211435
[2026-09-27T15:35:16Z] #6413 attempt=1/2 status=200 0.358s url=https://www.myfonts.com/collections/coach-font-sensatype-studio/
[2026-09-27T15:35:17Z] #6414 attempt=1/2 status=200 0.337s url=https://www.myfonts.com/collections/coach-font-sensatype-studio/?tab=techSpecs
[2026-09-27T15:35:18Z] #6415 attempt=1/2 status=200 0.300s url=https://www.myfonts.com/products/regular-biluck-1212086
[2026-09-27T15:35:19Z] #6416 attempt=1/2 status=200 0.405s url=https://www.myfonts.com/collections/biluck-font-letternesia-studio/
[2026-09-27T15:35:19Z] #6417 attempt=1/2 status=200 0.375s url=https://www.myfonts.com/collections/biluck-font-letternesia-studio/?tab=techSpecs
[2026-09-27T15:35:20Z] #6418 attempt=1/2 status=200 0.323s url=https://www.myfonts.com/products/regular-gasto-fadena-1211757
[2026-09-27T15:35:21Z] #6419 attempt=1/2 status=200 0.352s url=https://www.myfonts.com/collections/gasto-fadena-font-maulana-creative/
[2026-09-27T15:35:22Z] #6420 attempt=1/2 status=200 0.324s url=https://www.myfonts.com/collections/gasto-fadena-font-maulana-creative/?tab=techSpecs
[2026-09-27T15:35:24Z] #6421 attempt=1/6 status=200 0.948s url=https://www.myfonts.com/products.json?limit=100&page=220
[2026-09-27T15:35:25Z] #6422 attempt=1/2 status=200 0.356s url=https://www.myfonts.com/products/regular-brutally-ursa-1211537
[2026-09-27T15:35:25Z] #6423 attempt=1/2 status=200 0.351s url=https://www.myfonts.com/collections/brutally-ursa-font-alit-design/
[2026-09-27T15:35:26Z] #6424 attempt=1/2 status=200 0.319s url=https://www.myfonts.com/collections/brutally-ursa-font-alit-design/?tab=techSpecs
[2026-09-27T15:35:27Z] #6425 attempt=1/2 status=200 0.319s url=https://www.myfonts.com/products/regular-sinnora-delloris-1212317
[2026-09-27T15:35:28Z] #6426 attempt=1/2 status=200 0.326s url=https://www.myfonts.com/collections/sinnora-delloris-font-sensatype-studio/
[2026-09-27T15:35:29Z] #6427 attempt=1/2 status=200 0.319s url=https://www.myfonts.com/collections/sinnora-delloris-font-sensatype-studio/?tab=techSpecs
[2026-09-27T15:35:30Z] #6428 attempt=1/2 status=200 0.341s url=https://www.myfonts.com/products/regular-sportball-1212316
[2026-09-27T15:35:31Z] #6429 attempt=1/2 status=200 0.395s url=https://www.myfonts.com/collections/sportball-font-sensatype-studio/
[2026-09-27T15:35:31Z] #6430 attempt=1/2 status=200 0.358s url=https://www.myfonts.com/collections/sportball-font-sensatype-studio/?tab=techSpecs
[2026-09-27T15:35:33Z] #6431 attempt=1/2 status=200 0.348s url=https://www.myfonts.com/products/regular-malviro-1212290
[2026-09-27T15:35:33Z] #6432 attempt=1/2 status=200 0.376s url=https://www.myfonts.com/collections/malviro-font-arif-novianto/
[2026-09-27T15:35:34Z] #6433 attempt=1/2 status=200 0.313s url=https://www.myfonts.com/collections/malviro-font-arif-novianto/?tab=techSpecs
[2026-09-27T15:35:35Z] #6434 attempt=1/2 status=200 0.351s url=https://www.myfonts.com/products/regular-life-mission-1212616
[2026-09-27T15:35:36Z] #6435 attempt=1/2 status=200 0.355s url=https://www.myfonts.com/collections/life-mission-font-epiclinez/
[2026-09-27T15:35:37Z] #6436 attempt=1/2 status=200 0.318s url=https://www.myfonts.com/collections/life-mission-font-epiclinez/?tab=techSpecs
[2026-09-27T15:35:38Z] #6437 attempt=1/2 status=200 0.368s url=https://www.myfonts.com/products/regular-west-coast-1212609
[2026-09-27T15:35:39Z] #6438 attempt=1/2 status=200 0.352s url=https://www.myfonts.com/collections/west-coast-font-letterzep-studio/
[2026-09-27T15:35:39Z] #6439 attempt=1/2 status=200 0.331s url=https://www.myfonts.com/collections/west-coast-font-letterzep-studio/?tab=techSpecs
[2026-09-27T15:35:41Z] #6440 attempt=1/2 status=200 0.341s url=https://www.myfonts.com/products/regular-kazuro-1212603
[2026-09-27T15:35:41Z] #6441 attempt=1/2 status=200 0.373s url=https://www.myfonts.com/collections/kazuro-font-alit-design/
[2026-09-27T15:35:42Z] #6442 attempt=1/2 status=200 0.326s url=https://www.myfonts.com/collections/kazuro-font-alit-design/?tab=techSpecs
[2026-09-27T15:35:44Z] #6443 attempt=1/6 status=200 0.945s url=https://www.myfonts.com/products.json?limit=100&page=221
[2026-09-27T15:35:45Z] #6444 attempt=1/2 status=200 0.326s url=https://www.myfonts.com/products/regular-louberty-slab-1212337
[2026-09-27T15:35:45Z] #6445 attempt=1/2 status=200 0.371s url=https://www.myfonts.com/collections/louberty-slab-font-unitype-studio/
[2026-09-27T15:35:46Z] #6446 attempt=1/2 status=200 0.324s url=https://www.myfonts.com/collections/louberty-slab-font-unitype-studio/?tab=techSpecs
[2026-09-27T15:35:47Z] #6447 attempt=1/2 status=200 0.364s url=https://www.myfonts.com/products/regular-codge-1212318
[2026-09-27T15:35:48Z] #6448 attempt=1/2 status=200 0.528s url=https://www.myfonts.com/collections/codge-font-sensatype-studio/
[2026-09-27T15:35:49Z] #6449 attempt=1/2 status=200 0.329s url=https://www.myfonts.com/collections/codge-font-sensatype-studio/?tab=techSpecs
[2026-09-27T15:35:50Z] #6450 attempt=1/2 status=200 0.371s url=https://www.myfonts.com/products/cardelo-complete-family-package-1212076
[2026-09-27T15:35:51Z] #6451 attempt=1/2 status=200 0.376s url=https://www.myfonts.com/collections/cardelo-font-tini-fitriani/
[2026-09-27T15:35:52Z] #6452 attempt=1/2 status=200 0.353s url=https://www.myfonts.com/collections/cardelo-font-tini-fitriani/?tab=techSpecs
[2026-09-27T15:35:54Z] #6453 attempt=1/2 status=200 0.385s url=https://www.myfonts.com/products/aristoteles-complete-family-package-1211566
[2026-09-27T15:35:54Z] #6454 attempt=1/2 status=200 0.379s url=https://www.myfonts.com/collections/aristoteles-font-struggle-studio/
[2026-09-27T15:35:55Z] #6455 attempt=1/2 status=200 0.377s url=https://www.myfonts.com/collections/aristoteles-font-struggle-studio/?tab=techSpecs
[2026-09-27T15:35:57Z] #6456 attempt=1/2 status=200 0.351s url=https://www.myfonts.com/products/krisle-complete-family-package-1211570
[2026-09-27T15:35:57Z] #6457 attempt=1/2 status=200 0.365s url=https://www.myfonts.com/collections/krisle-font-vermilione/
[2026-09-27T15:35:58Z] #6458 attempt=1/2 status=200 0.389s url=https://www.myfonts.com/collections/krisle-font-vermilione/?tab=techSpecs
[2026-09-27T15:36:00Z] #6459 attempt=1/2 status=200 0.342s url=https://www.myfonts.com/products/morisayib-complete-family-package-1211791
[2026-09-27T15:36:01Z] #6460 attempt=1/2 status=200 0.409s url=https://www.myfonts.com/collections/morisayib-font-timelesstype-studio/
[2026-09-27T15:36:02Z] #6461 attempt=1/2 status=200 0.427s url=https://www.myfonts.com/collections/morisayib-font-timelesstype-studio/?tab=techSpecs
[2026-09-27T15:36:03Z] #6462 attempt=1/2 status=200 0.412s url=https://www.myfonts.com/products/little-note-complete-family-package-1212079
[2026-09-27T15:36:04Z] #6463 attempt=1/2 status=200 0.364s url=https://www.myfonts.com/collections/little-note-font-youandigraphics/
[2026-09-27T15:36:05Z] #6464 attempt=1/2 status=200 0.326s url=https://www.myfonts.com/collections/little-note-font-youandigraphics/?tab=techSpecs
[2026-09-27T15:36:06Z] #6465 attempt=1/2 status=200 0.345s url=https://www.myfonts.com/products/neural-kheva-complete-family-package-1211794
[2026-09-27T15:36:07Z] #6466 attempt=1/2 status=200 0.376s url=https://www.myfonts.com/collections/neural-kheva-font-timelesstype-studio/
[2026-09-27T15:36:08Z] #6467 attempt=1/2 status=200 0.373s url=https://www.myfonts.com/collections/neural-kheva-font-timelesstype-studio/?tab=techSpecs
[2026-09-27T15:36:10Z] #6468 attempt=1/2 status=200 0.441s url=https://www.myfonts.com/products/bold-italic-marble-brand-1211561
[2026-09-27T15:36:11Z] #6469 attempt=1/2 status=200 0.533s url=https://www.myfonts.com/collections/marble-brand-font-unitype-studio/
[2026-09-27T15:36:11Z] #6470 attempt=1/2 status=200 0.452s url=https://www.myfonts.com/collections/marble-brand-font-unitype-studio/?tab=techSpecs
[2026-09-27T15:36:13Z] #6471 attempt=1/2 status=200 0.382s url=https://www.myfonts.com/products/bold-sugar-magic-serif-1211534
[2026-09-27T15:36:14Z] #6472 attempt=1/2 status=200 0.533s url=https://www.myfonts.com/collections/sugar-magic-serif-font-zeenesia-studio/
[2026-09-27T15:36:15Z] #6473 attempt=1/2 status=200 0.372s url=https://www.myfonts.com/collections/sugar-magic-serif-font-zeenesia-studio/?tab=techSpecs
[2026-09-27T15:36:16Z] #6474 attempt=1/2 status=200 0.335s url=https://www.myfonts.com/products/regular-outlaw-major-1211760
[2026-09-27T15:36:17Z] #6475 attempt=1/2 status=200 0.411s url=https://www.myfonts.com/collections/outlaw-major-font-flawlessandco/
[2026-09-27T15:36:18Z] #6476 attempt=1/2 status=200 0.348s url=https://www.myfonts.com/collections/outlaw-major-font-flawlessandco/?tab=techSpecs
[2026-09-27T15:36:19Z] #6477 attempt=1/2 status=200 0.339s url=https://www.myfonts.com/products/slant-meadow-script-1211542
[2026-09-27T15:36:20Z] #6478 attempt=1/2 status=200 0.415s url=https://www.myfonts.com/collections/meadow-script-font-letterytz/
[2026-09-27T15:36:21Z] #6479 attempt=1/2 status=200 0.312s url=https://www.myfonts.com/collections/meadow-script-font-letterytz/?tab=techSpecs
[2026-09-27T15:36:22Z] #6480 attempt=1/2 status=200 0.320s url=https://www.myfonts.com/products/regular-sabesira-signature-brush-1211540
[2026-09-27T15:36:23Z] #6481 attempt=1/2 status=200 0.344s url=https://www.myfonts.com/collections/sabesira-signature-brush-font-tebaltipis-studio/
[2026-09-27T15:36:24Z] #6482 attempt=1/2 status=200 0.287s url=https://www.myfonts.com/collections/sabesira-signature-brush-font-tebaltipis-studio/?tab=techSpecs
[2026-09-27T15:36:25Z] #6483 attempt=1/2 status=200 0.330s url=https://www.myfonts.com/products/regular-rockavelle-1211797
[2026-09-27T15:36:26Z] #6484 attempt=1/2 status=200 0.346s url=https://www.myfonts.com/collections/rockavelle-font-maghrib-type/
[2026-09-27T15:36:26Z] #6485 attempt=1/2 status=200 0.331s url=https://www.myfonts.com/collections/rockavelle-font-maghrib-type/?tab=techSpecs
[2026-09-27T15:36:28Z] #6486 attempt=1/6 status=200 1.078s url=https://www.myfonts.com/products.json?limit=100&page=222
[2026-09-27T15:36:29Z] #6487 attempt=1/2 status=200 0.326s url=https://www.myfonts.com/products/regular-karanis-1211758
[2026-09-27T15:36:30Z] #6488 attempt=1/2 status=200 0.364s url=https://www.myfonts.com/collections/karanis-font-syafbe/
[2026-09-27T15:36:31Z] #6489 attempt=1/2 status=200 0.356s url=https://www.myfonts.com/collections/karanis-font-syafbe/?tab=techSpecs
[2026-09-27T15:36:32Z] #6490 attempt=1/2 status=200 0.316s url=https://www.myfonts.com/products/display-pickles-display-1211801
[2026-09-27T15:36:33Z] #6491 attempt=1/2 status=200 0.353s url=https://www.myfonts.com/collections/pickles-display-font-youandigraphics/
[2026-09-27T15:36:33Z] #6492 attempt=1/2 status=200 0.284s url=https://www.myfonts.com/collections/pickles-display-font-youandigraphics/?tab=techSpecs
[2026-09-27T15:36:34Z] #6493 attempt=1/2 status=200 0.330s url=https://www.myfonts.com/products/regular-saltriver-grotesk-1211786
[2026-09-27T15:36:35Z] #6494 attempt=1/2 status=200 0.354s url=https://www.myfonts.com/collections/saltriver-grotesk-font-sundaylab/
[2026-09-27T15:36:36Z] #6495 attempt=1/2 status=200 0.329s url=https://www.myfonts.com/collections/saltriver-grotesk-font-sundaylab/?tab=techSpecs
[2026-09-27T15:36:38Z] #6496 attempt=1/6 status=200 0.806s url=https://www.myfonts.com/products.json?limit=100&page=223
[2026-09-27T15:36:38Z] #6497 attempt=1/2 status=200 0.383s url=https://www.myfonts.com/products/regular-monure-1211759
[2026-09-27T15:36:39Z] #6498 attempt=1/2 status=200 0.402s url=https://www.myfonts.com/collections/monure-font-rasio-studio/
[2026-09-27T15:36:40Z] #6499 attempt=1/2 status=200 0.320s url=https://www.myfonts.com/collections/monure-font-rasio-studio/?tab=techSpecs
[2026-09-27T15:36:41Z] #6500 attempt=1/2 status=200 0.395s url=https://www.myfonts.com/products/regular-wiggly-club-1211545
[2026-09-27T15:36:42Z] #6501 attempt=1/2 status=200 0.394s url=https://www.myfonts.com/collections/wiggly-club-font-sekyra-lab/
[2026-09-27T15:36:43Z] #6502 attempt=1/2 status=200 0.345s url=https://www.myfonts.com/collections/wiggly-club-font-sekyra-lab/?tab=techSpecs
[2026-09-27T15:36:45Z] #6503 attempt=1/2 status=200 0.370s url=https://www.myfonts.com/products/regular-mltp-lakores-1211538
[2026-09-27T15:36:45Z] #6504 attempt=1/2 status=200 0.417s url=https://www.myfonts.com/collections/mltp-lakores-font-multype-studio/
[2026-09-27T15:36:46Z] #6505 attempt=1/2 status=200 0.305s url=https://www.myfonts.com/collections/mltp-lakores-font-multype-studio/?tab=techSpecs
[2026-09-27T15:36:47Z] #6506 attempt=1/2 status=200 0.323s url=https://www.myfonts.com/products/regular-ez-incallidove-1211492
[2026-09-27T15:36:48Z] #6507 attempt=1/2 status=200 0.346s url=https://www.myfonts.com/collections/ez-incallidove-font-zafara-studios/
[2026-09-27T15:36:49Z] #6508 attempt=1/2 status=200 0.306s url=https://www.myfonts.com/collections/ez-incallidove-font-zafara-studios/?tab=techSpecs
[2026-09-27T15:36:50Z] #6509 attempt=1/2 status=200 0.281s url=https://www.myfonts.com/products/regular-jolly-notes-1211544
[2026-09-27T15:36:50Z] #6510 attempt=1/2 status=200 0.377s url=https://www.myfonts.com/collections/jolly-notes-font-zafira-type/
[2026-09-27T15:36:51Z] #6511 attempt=1/2 status=200 0.315s url=https://www.myfonts.com/collections/jolly-notes-font-zafira-type/?tab=techSpecs
[2026-09-27T15:36:53Z] #6512 attempt=1/6 status=200 0.947s url=https://www.myfonts.com/products.json?limit=100&page=224
[2026-09-27T15:36:54Z] #6513 attempt=1/2 status=200 0.332s url=https://www.myfonts.com/products/regular-grimbone-1211305
[2026-09-27T15:36:54Z] #6514 attempt=1/2 status=200 0.320s url=https://www.myfonts.com/collections/grimbone-font-arif-novianto/
[2026-09-27T15:36:55Z] #6515 attempt=1/2 status=200 0.300s url=https://www.myfonts.com/collections/grimbone-font-arif-novianto/?tab=techSpecs
[2026-09-27T15:36:56Z] #6516 attempt=1/2 status=200 0.303s url=https://www.myfonts.com/products/regular-cranko-1211486
[2026-09-27T15:36:57Z] #6517 attempt=1/2 status=200 0.334s url=https://www.myfonts.com/collections/cranko-font-rasio-studio/
[2026-09-27T15:36:58Z] #6518 attempt=1/2 status=200 0.308s url=https://www.myfonts.com/collections/cranko-font-rasio-studio/?tab=techSpecs
[2026-09-27T15:36:59Z] #6519 attempt=1/2 status=200 0.331s url=https://www.myfonts.com/products/regular-mosley-1211307
[2026-09-27T15:37:00Z] #6520 attempt=1/2 status=200 0.319s url=https://www.myfonts.com/collections/mosley-font-maghrib-type/
[2026-09-27T15:37:00Z] #6521 attempt=1/2 status=200 0.331s url=https://www.myfonts.com/collections/mosley-font-maghrib-type/?tab=techSpecs
[2026-09-27T15:37:02Z] #6522 attempt=1/2 status=200 0.343s url=https://www.myfonts.com/products/regular-faymora-1211297
[2026-09-27T15:37:02Z] #6523 attempt=1/2 status=200 0.395s url=https://www.myfonts.com/collections/faymora-font-asbill-studio/
[2026-09-27T15:37:03Z] #6524 attempt=1/2 status=200 0.365s url=https://www.myfonts.com/collections/faymora-font-asbill-studio/?tab=techSpecs
[2026-09-27T15:37:04Z] #6525 attempt=1/2 status=200 0.324s url=https://www.myfonts.com/products/regular-senja-1211306
[2026-09-27T15:37:05Z] #6526 attempt=1/2 status=200 0.352s url=https://www.myfonts.com/collections/senja-font-canden-meutuah/
[2026-09-27T15:37:06Z] #6527 attempt=1/2 status=200 0.304s url=https://www.myfonts.com/collections/senja-font-canden-meutuah/?tab=techSpecs
[2026-09-27T15:37:07Z] #6528 attempt=1/2 status=200 0.334s url=https://www.myfonts.com/products/regular-alsawsan-1211293
[2026-09-27T15:37:08Z] #6529 attempt=1/2 status=200 0.388s url=https://www.myfonts.com/collections/alsawsan-font-eisa-aleisa/
[2026-09-27T15:37:08Z] #6530 attempt=1/2 status=200 0.311s url=https://www.myfonts.com/collections/alsawsan-font-eisa-aleisa/?tab=techSpecs
[2026-09-27T15:37:10Z] #6531 attempt=1/2 status=200 0.488s url=https://www.myfonts.com/products/chesham-sans-italic-family-package-1211261
[2026-09-27T15:37:11Z] #6532 attempt=1/2 status=200 0.614s url=https://www.myfonts.com/collections/chesham-sans-font-quainton-type/
[2026-09-27T15:37:12Z] #6533 attempt=1/2 status=200 0.486s url=https://www.myfonts.com/collections/chesham-sans-font-quainton-type/?tab=techSpecs
[2026-09-27T15:37:13Z] #6534 attempt=1/2 status=200 0.526s url=https://www.myfonts.com/products/crumbly-combo-package-1211205
[2026-09-27T15:37:15Z] #6535 attempt=1/2 status=200 0.796s url=https://www.myfonts.com/collections/crumbly-twinkles-font-black-junst/
[2026-09-27T15:37:16Z] #6536 attempt=1/2 status=200 0.661s url=https://www.myfonts.com/collections/crumbly-twinkles-font-black-junst/?tab=techSpecs
[2026-09-27T15:37:18Z] #6537 attempt=1/2 status=200 0.717s url=https://www.myfonts.com/products/chesna-standard-vf-package-1211190
[2026-09-27T15:37:19Z] #6538 attempt=1/2 status=200 0.949s url=https://www.myfonts.com/collections/chesna-grotesk-font-horizon-type/
[2026-09-27T15:37:20Z] #6539 attempt=1/2 status=200 0.824s url=https://www.myfonts.com/collections/chesna-grotesk-font-horizon-type/?tab=techSpecs
[2026-09-27T15:37:22Z] #6540 attempt=1/2 status=200 0.426s url=https://www.myfonts.com/products/heilo-complete-family-package-1187847
[2026-09-27T15:37:23Z] #6541 attempt=1/2 status=200 0.505s url=https://www.myfonts.com/collections/heilo-font-fateh-lab/
[2026-09-27T15:37:24Z] #6542 attempt=1/2 status=200 0.467s url=https://www.myfonts.com/collections/heilo-font-fateh-lab/?tab=techSpecs
[2026-09-27T15:37:26Z] #6543 attempt=1/6 status=200 0.846s url=https://www.myfonts.com/products.json?limit=100&page=225
[2026-09-27T15:37:27Z] #6544 attempt=1/2 status=200 0.334s url=https://www.myfonts.com/products/katsuno-japan-italic-complete-family-package-1210998
[2026-09-27T15:37:28Z] #6545 attempt=1/2 status=200 0.424s url=https://www.myfonts.com/collections/katsuno-japan-italic-font-yoga-letter/
[2026-09-27T15:37:29Z] #6546 attempt=1/2 status=200 0.321s url=https://www.myfonts.com/collections/katsuno-japan-italic-font-yoga-letter/?tab=techSpecs
[2026-09-27T15:37:31Z] #6547 attempt=1/2 status=200 1.147s url=https://www.myfonts.com/products/grento-complete-family-package-1209492
[2026-09-27T15:37:33Z] #6548 attempt=1/2 status=200 1.383s url=https://www.myfonts.com/collections/grento-font-aqeela-studio/
[2026-09-27T15:37:35Z] #6549 attempt=1/2 status=200 1.195s url=https://www.myfonts.com/collections/grento-font-aqeela-studio/?tab=techSpecs
[2026-09-27T15:37:37Z] #6550 attempt=1/2 status=200 1.135s url=https://www.myfonts.com/products/expanded-package-1210791
[2026-09-27T15:37:39Z] #6551 attempt=1/2 status=200 1.623s url=https://www.myfonts.com/collections/sonne-font-skinny-type/
[2026-09-27T15:37:41Z] #6552 attempt=1/2 status=200 1.469s url=https://www.myfonts.com/collections/sonne-font-skinny-type/?tab=techSpecs
[2026-09-27T15:37:44Z] #6553 attempt=1/6 status=200 0.855s url=https://www.myfonts.com/products.json?limit=100&page=226
[2026-09-27T15:37:44Z] #6554 attempt=1/2 status=200 0.318s url=https://www.myfonts.com/products/wispedoodle-complete-family-package-1210690
[2026-09-27T15:37:45Z] #6555 attempt=1/2 status=200 0.392s url=https://www.myfonts.com/collections/wispedoodle-font-zorkslide/
[2026-09-27T15:37:46Z] #6556 attempt=1/2 status=200 0.335s url=https://www.myfonts.com/collections/wispedoodle-font-zorkslide/?tab=techSpecs
[2026-09-27T15:37:48Z] #6557 attempt=1/2 status=200 0.509s url=https://www.myfonts.com/products/sub-package-3-package-1209664
[2026-09-27T15:37:49Z] #6558 attempt=1/2 status=200 0.670s url=https://www.myfonts.com/collections/editorial-revival-font-maxart/
[2026-09-27T15:37:50Z] #6559 attempt=1/2 status=200 0.449s url=https://www.myfonts.com/collections/editorial-revival-font-maxart/?tab=techSpecs
[2026-09-27T15:37:51Z] #6560 attempt=1/2 status=200 0.383s url=https://www.myfonts.com/products/ccs-neue-serave-complete-family-package-1209606
[2026-09-27T15:37:52Z] #6561 attempt=1/2 status=200 0.388s url=https://www.myfonts.com/collections/ccs-neue-serave-font-creative-corner-studio/
[2026-09-27T15:37:53Z] #6562 attempt=1/2 status=200 0.307s url=https://www.myfonts.com/collections/ccs-neue-serave-font-creative-corner-studio/?tab=techSpecs
[2026-09-27T15:37:54Z] #6563 attempt=1/2 status=200 0.356s url=https://www.myfonts.com/products/blubero-complete-family-package-1210693
[2026-09-27T15:37:55Z] #6564 attempt=1/2 status=200 0.446s url=https://www.myfonts.com/collections/blubero-font-sipanji21/
[2026-09-27T15:37:56Z] #6565 attempt=1/2 status=200 0.357s url=https://www.myfonts.com/collections/blubero-font-sipanji21/?tab=techSpecs
[2026-09-27T15:37:58Z] #6566 attempt=1/2 status=200 0.359s url=https://www.myfonts.com/products/reygrown-complete-family-package-1211001
[2026-09-27T15:37:58Z] #6567 attempt=1/2 status=200 0.373s url=https://www.myfonts.com/collections/reygrown-font-tegaki/
[2026-09-27T15:37:59Z] #6568 attempt=1/2 status=200 0.319s url=https://www.myfonts.com/collections/reygrown-font-tegaki/?tab=techSpecs
[2026-09-27T15:38:02Z] #6569 attempt=1/2 status=200 1.073s url=https://www.myfonts.com/products/aplenty-complete-family-package-1210802
[2026-09-27T15:38:04Z] #6570 attempt=1/2 status=200 2.422s url=https://www.myfonts.com/collections/aplenty-font-artisan-studio/
[2026-09-27T15:38:07Z] #6571 attempt=1/2 status=200 1.981s url=https://www.myfonts.com/collections/aplenty-font-artisan-studio/?tab=techSpecs
[2026-09-27T15:38:09Z] #6572 attempt=1/2 status=200 0.606s url=https://www.myfonts.com/products/rounvia-contrast-complete-family-package-1209491
[2026-09-27T15:38:11Z] #6573 attempt=1/2 status=200 0.948s url=https://www.myfonts.com/collections/rounvia-contrast-font-kaidosan/
[2026-09-27T15:38:12Z] #6574 attempt=1/2 status=200 0.743s url=https://www.myfonts.com/collections/rounvia-contrast-font-kaidosan/?tab=techSpecs
[2026-09-27T15:38:14Z] #6575 attempt=1/2 status=200 0.341s url=https://www.myfonts.com/products/unityped-pro-complete-family-package-1209625
[2026-09-27T15:38:15Z] #6576 attempt=1/2 status=200 0.402s url=https://www.myfonts.com/collections/unityped-pro-font-tension-type/
[2026-09-27T15:38:15Z] #6577 attempt=1/2 status=200 0.327s url=https://www.myfonts.com/collections/unityped-pro-font-tension-type/?tab=techSpecs
[2026-09-27T15:38:17Z] #6578 attempt=1/2 status=200 0.335s url=https://www.myfonts.com/products/deltha-complete-family-package-1210803
[2026-09-27T15:38:18Z] #6579 attempt=1/2 status=200 0.382s url=https://www.myfonts.com/collections/deltha-font-vultype-co/
[2026-09-27T15:38:18Z] #6580 attempt=1/2 status=200 0.402s url=https://www.myfonts.com/collections/deltha-font-vultype-co/?tab=techSpecs
[2026-09-27T15:38:20Z] #6581 attempt=1/2 status=200 0.339s url=https://www.myfonts.com/products/nora-brindle-complete-family-package-1210687
[2026-09-27T15:38:21Z] #6582 attempt=1/2 status=200 0.416s url=https://www.myfonts.com/collections/nora-brindle-font-mei-suseno/
[2026-09-27T15:38:22Z] #6583 attempt=1/2 status=200 0.393s url=https://www.myfonts.com/collections/nora-brindle-font-mei-suseno/?tab=techSpecs
[2026-09-27T15:38:24Z] #6584 attempt=1/2 status=200 0.935s url=https://www.myfonts.com/products/dietary-complete-family-package-1210319
[2026-09-27T15:38:26Z] #6585 attempt=1/2 status=200 1.486s url=https://www.myfonts.com/collections/dietary-font-groenstudio/
[2026-09-27T15:38:27Z] #6586 attempt=1/2 status=200 1.039s url=https://www.myfonts.com/collections/dietary-font-groenstudio/?tab=techSpecs
[2026-09-27T15:38:29Z] #6587 attempt=1/2 status=200 0.415s url=https://www.myfonts.com/products/gravis-text-complete-family-package-1210420
[2026-09-27T15:38:30Z] #6588 attempt=1/2 status=200 0.510s url=https://www.myfonts.com/collections/gravis-text-font-webhance/
[2026-09-27T15:38:31Z] #6589 attempt=1/2 status=200 0.367s url=https://www.myfonts.com/collections/gravis-text-font-webhance/?tab=techSpecs
[2026-09-27T15:38:33Z] #6590 attempt=1/2 status=200 0.525s url=https://www.myfonts.com/products/ot-orthant-complete-family-package-1210661
[2026-09-27T15:38:34Z] #6591 attempt=1/2 status=200 0.665s url=https://www.myfonts.com/collections/ot-orthant-font-oz-design/
[2026-09-27T15:38:35Z] #6592 attempt=1/2 status=200 0.570s url=https://www.myfonts.com/collections/ot-orthant-font-oz-design/?tab=techSpecs
[2026-09-27T15:38:38Z] #6593 attempt=1/2 status=200 2.166s url=https://www.myfonts.com/products/fullgraf-complete-family-package-1211010
[2026-09-27T15:38:43Z] #6594 attempt=1/2 status=200 4.526s url=https://www.myfonts.com/collections/fullgraf-font-akbartype/
[2026-09-27T15:38:49Z] #6595 attempt=1/2 status=200 3.935s url=https://www.myfonts.com/collections/fullgraf-font-akbartype/?tab=techSpecs
[2026-09-27T15:38:51Z] #6596 attempt=1/2 status=200 0.427s url=https://www.myfonts.com/products/perfect-union-script-complete-family-package-1210438
[2026-09-27T15:38:52Z] #6597 attempt=1/2 status=200 0.448s url=https://www.myfonts.com/collections/perfect-union-script-font-ibar-fonts/
[2026-09-27T15:38:53Z] #6598 attempt=1/2 status=200 0.365s url=https://www.myfonts.com/collections/perfect-union-script-font-ibar-fonts/?tab=techSpecs
[2026-09-27T15:38:55Z] #6599 attempt=1/2 status=200 0.344s url=https://www.myfonts.com/products/vyriy-complete-family-package-1209487
[2026-09-27T15:38:55Z] #6600 attempt=1/2 status=200 0.427s url=https://www.myfonts.com/collections/vyriy-font-vlad-b/
[2026-09-27T15:38:56Z] #6601 attempt=1/2 status=200 0.344s url=https://www.myfonts.com/collections/vyriy-font-vlad-b/?tab=techSpecs
[2026-09-27T15:38:58Z] #6602 attempt=1/2 status=200 0.336s url=https://www.myfonts.com/products/curve-logic-complete-family-package-1209373
[2026-09-27T15:38:59Z] #6603 attempt=1/2 status=200 0.400s url=https://www.myfonts.com/collections/curve-logic-font-isolatype/
[2026-09-27T15:38:59Z] #6604 attempt=1/2 status=200 0.412s url=https://www.myfonts.com/collections/curve-logic-font-isolatype/?tab=techSpecs
[2026-09-27T15:39:01Z] #6605 attempt=1/2 status=200 0.394s url=https://www.myfonts.com/products/lunetia-signature-complete-family-package-1211004
[2026-09-27T15:39:02Z] #6606 attempt=1/2 status=200 0.376s url=https://www.myfonts.com/collections/lunetia-signature-font-maulana-creative/
[2026-09-27T15:39:03Z] #6607 attempt=1/2 status=200 0.368s url=https://www.myfonts.com/collections/lunetia-signature-font-maulana-creative/?tab=techSpecs
[2026-09-27T15:39:04Z] #6608 attempt=1/2 status=200 0.361s url=https://www.myfonts.com/products/bouncy-petal-complete-family-package-1210832
[2026-09-27T15:39:05Z] #6609 attempt=1/2 status=200 0.406s url=https://www.myfonts.com/collections/bouncy-petal-font-cocodesign/
[2026-09-27T15:39:06Z] #6610 attempt=1/2 status=200 0.400s url=https://www.myfonts.com/collections/bouncy-petal-font-cocodesign/?tab=techSpecs
[2026-09-27T15:39:09Z] #6611 attempt=1/2 status=200 1.356s url=https://www.myfonts.com/products/braskion-complete-family-package-1210431
[2026-09-27T15:39:12Z] #6612 attempt=1/2 status=200 3.268s url=https://www.myfonts.com/collections/braskion-font-propertype/
[2026-09-27T15:39:15Z] #6613 attempt=1/2 status=200 1.872s url=https://www.myfonts.com/collections/braskion-font-propertype/?tab=techSpecs
[2026-09-27T15:39:17Z] #6614 attempt=1/2 status=200 0.360s url=https://www.myfonts.com/products/jingle-wish-complete-family-package-1210658
[2026-09-27T15:39:18Z] #6615 attempt=1/2 status=200 0.397s url=https://www.myfonts.com/collections/jingle-wish-font-yoga-letter/
[2026-09-27T15:39:19Z] #6616 attempt=1/2 status=200 0.395s url=https://www.myfonts.com/collections/jingle-wish-font-yoga-letter/?tab=techSpecs
[2026-09-27T15:39:20Z] #6617 attempt=1/2 status=200 0.353s url=https://www.myfonts.com/products/catsumi-complete-family-package-1209368
[2026-09-27T15:39:21Z] #6618 attempt=1/2 status=200 0.366s url=https://www.myfonts.com/collections/catsumi-font-burntilldead/
[2026-09-27T15:39:22Z] #6619 attempt=1/2 status=200 0.339s url=https://www.myfonts.com/collections/catsumi-font-burntilldead/?tab=techSpecs
[2026-09-27T15:39:24Z] #6620 attempt=1/2 status=200 0.652s url=https://www.myfonts.com/products/cubron-grotesk-complete-family-package-1209392
[2026-09-27T15:39:25Z] #6621 attempt=1/2 status=200 0.745s url=https://www.myfonts.com/collections/cubron-grotesk-font-horizon-type/
[2026-09-27T15:39:26Z] #6622 attempt=1/2 status=200 0.689s url=https://www.myfonts.com/collections/cubron-grotesk-font-horizon-type/?tab=techSpecs
[2026-09-27T15:39:28Z] #6623 attempt=1/2 status=200 0.346s url=https://www.myfonts.com/products/kinnielc-complete-family-package-1210540
[2026-09-27T15:39:28Z] #6624 attempt=1/2 status=200 0.371s url=https://www.myfonts.com/products/murisa-giancarlo-complete-family-package-1209380
[2026-09-27T15:39:29Z] #6625 attempt=1/2 status=200 0.401s url=https://www.myfonts.com/collections/murisa-giancarlo-font-murisa-studio/
[2026-09-27T15:39:30Z] #6626 attempt=1/2 status=200 0.336s url=https://www.myfonts.com/collections/murisa-giancarlo-font-murisa-studio/?tab=techSpecs
[2026-09-27T15:39:32Z] #6627 attempt=1/2 status=200 0.404s url=https://www.myfonts.com/products/nexza-complete-family-package-1210794
[2026-09-27T15:39:32Z] #6628 attempt=1/2 status=200 0.410s url=https://www.myfonts.com/collections/nexza-font-hamizan/
[2026-09-27T15:39:33Z] #6629 attempt=1/2 status=200 0.439s url=https://www.myfonts.com/collections/nexza-font-hamizan/?tab=techSpecs
[2026-09-27T15:39:35Z] #6630 attempt=1/2 status=200 0.354s url=https://www.myfonts.com/products/nieuk-complete-family-package-1205527
[2026-09-27T15:39:36Z] #6631 attempt=1/2 status=200 0.411s url=https://www.myfonts.com/collections/nieuk-font-multum/
[2026-09-27T15:39:36Z] #6632 attempt=1/2 status=200 0.360s url=https://www.myfonts.com/collections/nieuk-font-multum/?tab=techSpecs
[2026-09-27T15:39:39Z] #6633 attempt=1/6 status=200 0.890s url=https://www.myfonts.com/products.json?limit=100&page=227
[2026-09-27T15:39:39Z] #6634 attempt=1/2 status=200 0.357s url=https://www.myfonts.com/products/regular-mournveil-1209486
[2026-09-27T15:39:40Z] #6635 attempt=1/2 status=200 0.367s url=https://www.myfonts.com/collections/mournveil-font-alchemynoir/
[2026-09-27T15:39:41Z] #6636 attempt=1/2 status=200 0.334s url=https://www.myfonts.com/collections/mournveil-font-alchemynoir/?tab=techSpecs
[2026-09-27T15:39:42Z] #6637 attempt=1/2 status=200 0.317s url=https://www.myfonts.com/products/regular-complete-destroy-1210318
[2026-09-27T15:39:43Z] #6638 attempt=1/2 status=200 0.356s url=https://www.myfonts.com/collections/complete-destroy-font-woodcutter/
[2026-09-27T15:39:43Z] #6639 attempt=1/2 status=200 0.304s url=https://www.myfonts.com/collections/complete-destroy-font-woodcutter/?tab=techSpecs
[2026-09-27T15:39:45Z] #6640 attempt=1/2 status=200 0.351s url=https://www.myfonts.com/products/regular-rucka-1209372
[2026-09-27T15:39:46Z] #6641 attempt=1/2 status=200 0.358s url=https://www.myfonts.com/collections/rucka-font-eotype/
[2026-09-27T15:39:46Z] #6642 attempt=1/2 status=200 0.331s url=https://www.myfonts.com/collections/rucka-font-eotype/?tab=techSpecs
[2026-09-27T15:39:48Z] #6643 attempt=1/6 status=200 0.888s url=https://www.myfonts.com/products.json?limit=100&page=228
[2026-09-27T15:39:49Z] #6644 attempt=1/2 status=200 0.378s url=https://www.myfonts.com/products/regular-roselime-1209379
[2026-09-27T15:39:50Z] #6645 attempt=1/2 status=200 0.347s url=https://www.myfonts.com/collections/roselime-font-monolimes/
[2026-09-27T15:39:50Z] #6646 attempt=1/2 status=200 0.364s url=https://www.myfonts.com/collections/roselime-font-monolimes/?tab=techSpecs
[2026-09-27T15:39:52Z] #6647 attempt=1/2 status=200 0.327s url=https://www.myfonts.com/products/nmletitchange-regular-nm-let-it-change-1210317
[2026-09-27T15:39:52Z] #6648 attempt=1/2 status=200 0.312s url=https://www.myfonts.com/collections/nm-let-it-change-font-norm/
[2026-09-27T15:39:53Z] #6649 attempt=1/2 status=200 0.305s url=https://www.myfonts.com/collections/nm-let-it-change-font-norm/?tab=techSpecs
[2026-09-27T15:39:54Z] #6650 attempt=1/2 status=200 0.338s url=https://www.myfonts.com/products/regular-quatrix-master-1211009
[2026-09-27T15:39:55Z] #6651 attempt=1/2 status=200 0.336s url=https://www.myfonts.com/collections/quatrix-master-font-unitype-studio/
[2026-09-27T15:39:56Z] #6652 attempt=1/2 status=200 0.317s url=https://www.myfonts.com/collections/quatrix-master-font-unitype-studio/?tab=techSpecs
[2026-09-27T15:39:58Z] #6653 attempt=1/6 status=200 1.026s url=https://www.myfonts.com/products.json?limit=100&page=229
[2026-09-27T15:39:58Z] #6654 attempt=1/2 status=200 0.368s url=https://www.myfonts.com/products/regular-bronks-1209385
[2026-09-27T15:39:59Z] #6655 attempt=1/2 status=200 0.359s url=https://www.myfonts.com/collections/bronks-font-zeptonn/
[2026-09-27T15:40:00Z] #6656 attempt=1/2 status=200 0.302s url=https://www.myfonts.com/collections/bronks-font-zeptonn/?tab=techSpecs
[2026-09-27T15:40:01Z] #6657 attempt=1/2 status=200 0.362s url=https://www.myfonts.com/products/regular-pictton-port-1209371
[2026-09-27T15:40:02Z] #6658 attempt=1/2 status=200 0.402s url=https://www.myfonts.com/collections/pictton-port-font-attype-studio/
[2026-09-27T15:40:03Z] #6659 attempt=1/2 status=200 0.312s url=https://www.myfonts.com/collections/pictton-port-font-attype-studio/?tab=techSpecs
[2026-09-27T15:40:04Z] #6660 attempt=1/2 status=200 0.369s url=https://www.myfonts.com/products/belajar-nulis-regular-belajar-nulis-tipis-1209384
[2026-09-27T15:40:04Z] #6661 attempt=1/2 status=200 0.363s url=https://www.myfonts.com/collections/belajar-nulis-tipis-font-randy-studio/
[2026-09-27T15:40:05Z] #6662 attempt=1/2 status=200 0.345s url=https://www.myfonts.com/collections/belajar-nulis-tipis-font-randy-studio/?tab=techSpecs
[2026-09-27T15:40:06Z] #6663 attempt=1/2 status=200 0.406s url=https://www.myfonts.com/products/regular-pola-words-1209378
[2026-09-27T15:40:07Z] #6664 attempt=1/2 status=200 0.407s url=https://www.myfonts.com/collections/pola-words-font-marvadesign/
[2026-09-27T15:40:08Z] #6665 attempt=1/2 status=200 0.298s url=https://www.myfonts.com/collections/pola-words-font-marvadesign/?tab=techSpecs
[2026-09-27T15:40:10Z] #6666 attempt=1/6 status=200 0.973s url=https://www.myfonts.com/products.json?limit=100&page=230
[2026-09-27T15:40:11Z] #6667 attempt=1/2 status=200 0.350s url=https://www.myfonts.com/products/regular-sparkling-fairy-1209383
[2026-09-27T15:40:12Z] #6668 attempt=1/2 status=200 0.377s url=https://www.myfonts.com/collections/sparkling-fairy-font-sarid-ezra/
[2026-09-27T15:40:12Z] #6669 attempt=1/2 status=200 0.345s url=https://www.myfonts.com/collections/sparkling-fairy-font-sarid-ezra/?tab=techSpecs
[2026-09-27T15:40:13Z] #6670 attempt=1/2 status=200 0.320s url=https://www.myfonts.com/products/cleangirl-regular-clean-girl-1210316
[2026-09-27T15:40:14Z] #6671 attempt=1/2 status=200 0.354s url=https://www.myfonts.com/collections/clean-girl-font-eryn-rose-design/
[2026-09-27T15:40:15Z] #6672 attempt=1/2 status=200 0.335s url=https://www.myfonts.com/collections/clean-girl-font-eryn-rose-design/?tab=techSpecs
[2026-09-27T15:40:17Z] #6673 attempt=1/6 status=200 0.983s url=https://www.myfonts.com/products.json?limit=100&page=231
[2026-09-27T15:40:18Z] #6674 attempt=1/6 status=200 0.743s url=https://www.myfonts.com/products.json?limit=100&page=232
[2026-09-27T15:40:19Z] #6675 attempt=1/2 status=200 0.346s url=https://www.myfonts.com/products/regular-figetress-signature-1210994
[2026-09-27T15:40:20Z] #6676 attempt=1/2 status=200 0.341s url=https://www.myfonts.com/collections/figetress-signature-font-tebaltipis-studio/
[2026-09-27T15:40:20Z] #6677 attempt=1/2 status=200 0.320s url=https://www.myfonts.com/collections/figetress-signature-font-tebaltipis-studio/?tab=techSpecs
[2026-09-27T15:40:22Z] #6678 attempt=1/2 status=200 0.330s url=https://www.myfonts.com/products/regular-ugly-form-1210432
[2026-09-27T15:40:22Z] #6679 attempt=1/2 status=200 0.328s url=https://www.myfonts.com/collections/ugly-form-font-timurtype/
[2026-09-27T15:40:23Z] #6680 attempt=1/2 status=200 0.330s url=https://www.myfonts.com/collections/ugly-form-font-timurtype/?tab=techSpecs
[2026-09-27T15:40:25Z] #6681 attempt=1/6 status=200 0.895s url=https://www.myfonts.com/products.json?limit=100&page=233
[2026-09-27T15:40:26Z] #6682 attempt=1/2 status=200 0.357s url=https://www.myfonts.com/products/regular-central-milling-signature-1210997
[2026-09-27T15:40:26Z] #6683 attempt=1/2 status=200 0.378s url=https://www.myfonts.com/collections/central-milling-signature-font-tebaltipis-studio/
[2026-09-27T15:40:27Z] #6684 attempt=1/2 status=200 0.320s url=https://www.myfonts.com/collections/central-milling-signature-font-tebaltipis-studio/?tab=techSpecs
[2026-09-27T15:40:28Z] #6685 attempt=1/2 status=200 0.334s url=https://www.myfonts.com/products/regular-westerning-brush-signature-1211008
[2026-09-27T15:40:29Z] #6686 attempt=1/2 status=200 0.335s url=https://www.myfonts.com/collections/westerning-brush-signature-font-tebaltipis-studio/
[2026-09-27T15:40:30Z] #6687 attempt=1/2 status=200 0.289s url=https://www.myfonts.com/collections/westerning-brush-signature-font-tebaltipis-studio/?tab=techSpecs
[2026-09-27T15:40:31Z] #6688 attempt=1/2 status=200 0.352s url=https://www.myfonts.com/products/hossegor-regular-hossegor-retro-surf-serif-display-1210433
[2026-09-27T15:40:32Z] #6689 attempt=1/2 status=200 0.382s url=https://www.myfonts.com/collections/hossegor-retro-surf-serif-display-font-pixelbuddha-studio/
[2026-09-27T15:40:32Z] #6690 attempt=1/2 status=200 0.340s url=https://www.myfonts.com/collections/hossegor-retro-surf-serif-display-font-pixelbuddha-studio/?tab=techSpecs
[2026-09-27T15:40:34Z] #6691 attempt=1/6 status=200 0.789s url=https://www.myfonts.com/products.json?limit=100&page=234
[2026-09-27T15:40:35Z] #6692 attempt=1/2 status=200 0.453s url=https://www.myfonts.com/products/regular-densha-ni-arimasu-1209557
[2026-09-27T15:40:36Z] #6693 attempt=1/2 status=200 0.414s url=https://www.myfonts.com/collections/densha-ni-arimasu-font-maulana-creative/
[2026-09-27T15:40:36Z] #6694 attempt=1/2 status=200 0.321s url=https://www.myfonts.com/collections/densha-ni-arimasu-font-maulana-creative/?tab=techSpecs
[2026-09-27T15:40:38Z] #6695 attempt=1/2 status=200 0.346s url=https://www.myfonts.com/products/regular-zaraskids-1210657
[2026-09-27T15:40:38Z] #6696 attempt=1/2 status=200 0.428s url=https://www.myfonts.com/collections/zaraskids-font-syafbe/
[2026-09-27T15:40:39Z] #6697 attempt=1/2 status=200 0.324s url=https://www.myfonts.com/collections/zaraskids-font-syafbe/?tab=techSpecs
[2026-09-27T15:40:40Z] #6698 attempt=1/2 status=200 0.448s url=https://www.myfonts.com/products/ruslan-display-regular-believe-in-yourself-1210500
[2026-09-27T15:40:41Z] #6699 attempt=1/2 status=200 0.353s url=https://www.myfonts.com/collections/believe-in-yourself-font-muhammad-azhar-khatri/
[2026-09-27T15:40:42Z] #6700 attempt=1/2 status=200 0.324s url=https://www.myfonts.com/collections/believe-in-yourself-font-muhammad-azhar-khatri/?tab=techSpecs
[2026-09-27T15:40:44Z] #6701 attempt=1/6 status=200 0.991s url=https://www.myfonts.com/products.json?limit=100&page=235
[2026-09-27T15:40:45Z] #6702 attempt=1/2 status=200 0.401s url=https://www.myfonts.com/products/regular-hollowick-1210895
[2026-09-27T15:40:45Z] #6703 attempt=1/2 status=200 0.338s url=https://www.myfonts.com/collections/hollowick-font-denustudio/
[2026-09-27T15:40:46Z] #6704 attempt=1/2 status=200 0.314s url=https://www.myfonts.com/collections/hollowick-font-denustudio/?tab=techSpecs
[2026-09-27T15:40:47Z] #6705 attempt=1/2 status=200 0.322s url=https://www.myfonts.com/products/regular-emirtha-signature-1210993
[2026-09-27T15:40:48Z] #6706 attempt=1/2 status=200 0.383s url=https://www.myfonts.com/collections/emirtha-signature-font-tebaltipis-studio/
[2026-09-27T15:40:49Z] #6707 attempt=1/2 status=200 0.303s url=https://www.myfonts.com/collections/emirtha-signature-font-tebaltipis-studio/?tab=techSpecs
[2026-09-27T15:40:50Z] #6708 attempt=1/2 status=200 0.317s url=https://www.myfonts.com/products/regular-themusion-signature-1211007
[2026-09-27T15:40:51Z] #6709 attempt=1/2 status=200 0.351s url=https://www.myfonts.com/collections/themusion-signature-font-tebaltipis-studio/
[2026-09-27T15:40:52Z] #6710 attempt=1/2 status=200 0.309s url=https://www.myfonts.com/collections/themusion-signature-font-tebaltipis-studio/?tab=techSpecs
[2026-09-27T15:40:53Z] #6711 attempt=1/2 status=200 0.329s url=https://www.myfonts.com/products/regular-wolfsburg-heritage-1210647
[2026-09-27T15:40:53Z] #6712 attempt=1/2 status=200 0.340s url=https://www.myfonts.com/collections/wolfsburg-heritage-font-unitype-studio/
[2026-09-27T15:40:54Z] #6713 attempt=1/2 status=200 0.332s url=https://www.myfonts.com/collections/wolfsburg-heritage-font-unitype-studio/?tab=techSpecs
[2026-09-27T15:40:55Z] #6714 attempt=1/2 status=200 0.319s url=https://www.myfonts.com/products/regular-rushville-swash-1210806
[2026-09-27T15:40:56Z] #6715 attempt=1/2 status=200 0.324s url=https://www.myfonts.com/collections/rushville-swash-font-unitype-studio/
[2026-09-27T15:40:57Z] #6716 attempt=1/2 status=200 0.294s url=https://www.myfonts.com/collections/rushville-swash-font-unitype-studio/?tab=techSpecs
[2026-09-27T15:40:58Z] #6717 attempt=1/2 status=200 0.321s url=https://www.myfonts.com/products/regular-waffelli-signature-1210996
[2026-09-27T15:40:59Z] #6718 attempt=1/2 status=200 0.343s url=https://www.myfonts.com/collections/waffelli-signature-font-tebaltipis-studio/
[2026-09-27T15:40:59Z] #6719 attempt=1/2 status=200 0.334s url=https://www.myfonts.com/collections/waffelli-signature-font-tebaltipis-studio/?tab=techSpecs
[2026-09-27T15:41:01Z] #6720 attempt=1/2 status=200 0.308s url=https://www.myfonts.com/products/regular-ursie-bellove-signature-1210995
[2026-09-27T15:41:01Z] #6721 attempt=1/2 status=200 0.376s url=https://www.myfonts.com/collections/ursie-bellove-signature-font-tebaltipis-studio/
[2026-09-27T15:41:02Z] #6722 attempt=1/2 status=200 0.343s url=https://www.myfonts.com/collections/ursie-bellove-signature-font-tebaltipis-studio/?tab=techSpecs
[2026-09-27T15:41:03Z] #6723 attempt=1/2 status=200 0.347s url=https://www.myfonts.com/products/regular-another-inkley-signature-1210946
[2026-09-27T15:41:04Z] #6724 attempt=1/2 status=200 0.313s url=https://www.myfonts.com/collections/another-inkley-signature-font-tebaltipis-studio/
[2026-09-27T15:41:05Z] #6725 attempt=1/2 status=200 0.328s url=https://www.myfonts.com/collections/another-inkley-signature-font-tebaltipis-studio/?tab=techSpecs
[2026-09-27T15:41:07Z] #6726 attempt=1/6 status=200 1.044s url=https://www.myfonts.com/products.json?limit=100&page=236
[2026-09-27T15:41:07Z] #6727 attempt=1/2 status=200 0.434s url=https://www.myfonts.com/products/raviko-rift-complete-family-package-1210651
[2026-09-27T15:41:08Z] #6728 attempt=1/2 status=200 0.412s url=https://www.myfonts.com/collections/raviko-rift-font-mei-suseno/
[2026-09-27T15:41:09Z] #6729 attempt=1/2 status=200 0.361s url=https://www.myfonts.com/collections/raviko-rift-font-mei-suseno/?tab=techSpecs
[2026-09-27T15:41:11Z] #6730 attempt=1/2 status=200 0.361s url=https://www.myfonts.com/products/adab-adil-complete-family-package-1210654
[2026-09-27T15:41:11Z] #6731 attempt=1/2 status=200 0.384s url=https://www.myfonts.com/collections/adab-adil-font-kalam/
[2026-09-27T15:41:12Z] #6732 attempt=1/2 status=200 0.396s url=https://www.myfonts.com/collections/adab-adil-font-kalam/?tab=techSpecs
[2026-09-27T15:41:14Z] #6733 attempt=1/2 status=200 0.368s url=https://www.myfonts.com/products/luna-muse-complete-family-package-1210648
[2026-09-27T15:41:15Z] #6734 attempt=1/2 status=200 0.390s url=https://www.myfonts.com/collections/luna-muse-font-mei-suseno/
[2026-09-27T15:41:16Z] #6735 attempt=1/2 status=200 0.354s url=https://www.myfonts.com/collections/luna-muse-font-mei-suseno/?tab=techSpecs
[2026-09-27T15:41:17Z] #6736 attempt=1/2 status=200 0.345s url=https://www.myfonts.com/products/kalviro-complete-family-package-1209347
[2026-09-27T15:41:18Z] #6737 attempt=1/2 status=200 0.376s url=https://www.myfonts.com/collections/kalviro-font-rafis-type/
[2026-09-27T15:41:19Z] #6738 attempt=1/2 status=200 0.356s url=https://www.myfonts.com/collections/kalviro-font-rafis-type/?tab=techSpecs
[2026-09-27T15:41:21Z] #6739 attempt=1/2 status=200 0.368s url=https://www.myfonts.com/products/sugar-blushy-complete-family-package-1209331
[2026-09-27T15:41:21Z] #6740 attempt=1/2 status=200 0.378s url=https://www.myfonts.com/collections/sugar-blushy-font-letterena-studios/
[2026-09-27T15:41:22Z] #6741 attempt=1/2 status=200 0.355s url=https://www.myfonts.com/collections/sugar-blushy-font-letterena-studios/?tab=techSpecs
[2026-09-27T15:41:24Z] #6742 attempt=1/2 status=200 0.333s url=https://www.myfonts.com/products/armonia-sans-vf-complete-family-package-1208267
[2026-09-27T15:41:24Z] #6743 attempt=1/2 status=200 0.362s url=https://www.myfonts.com/collections/armonia-sans-vf-font-vp-creative-shop/
[2026-09-27T15:41:25Z] #6744 attempt=1/2 status=200 0.342s url=https://www.myfonts.com/collections/armonia-sans-vf-font-vp-creative-shop/?tab=techSpecs
[2026-09-27T15:41:27Z] #6745 attempt=1/2 status=200 0.371s url=https://www.myfonts.com/products/rondapo-complete-family-package-1209344
[2026-09-27T15:41:28Z] #6746 attempt=1/2 status=200 0.401s url=https://www.myfonts.com/collections/rondapo-font-qiubare-studio/
[2026-09-27T15:41:28Z] #6747 attempt=1/2 status=200 0.318s url=https://www.myfonts.com/collections/rondapo-font-qiubare-studio/?tab=techSpecs
[2026-09-27T15:41:30Z] #6748 attempt=1/2 status=200 0.393s url=https://www.myfonts.com/products/mondique-complete-family-package-1204225
[2026-09-27T15:41:31Z] #6749 attempt=1/2 status=200 0.424s url=https://www.myfonts.com/collections/mondique-font-marc-lohner/
[2026-09-27T15:41:32Z] #6750 attempt=1/2 status=200 0.488s url=https://www.myfonts.com/collections/mondique-font-marc-lohner/?tab=techSpecs
[2026-09-27T15:41:34Z] #6751 attempt=1/2 status=200 0.386s url=https://www.myfonts.com/products/boldega-complete-family-package-1209327
[2026-09-27T15:41:34Z] #6752 attempt=1/2 status=200 0.367s url=https://www.myfonts.com/collections/boldega-font-jafar07/
[2026-09-27T15:41:35Z] #6753 attempt=1/2 status=200 0.317s url=https://www.myfonts.com/collections/boldega-font-jafar07/?tab=techSpecs
[2026-09-27T15:41:37Z] #6754 attempt=1/2 status=200 0.450s url=https://www.myfonts.com/products/baulgante-complete-family-package-1209286
[2026-09-27T15:41:38Z] #6755 attempt=1/2 status=200 0.599s url=https://www.myfonts.com/collections/baulgante-font-deorde-studio/
[2026-09-27T15:41:39Z] #6756 attempt=1/2 status=200 0.380s url=https://www.myfonts.com/collections/baulgante-font-deorde-studio/?tab=techSpecs
[2026-09-27T15:41:41Z] #6757 attempt=1/2 status=200 1.049s url=https://www.myfonts.com/products/montile-complete-family-package-1207926
[2026-09-27T15:41:43Z] #6758 attempt=1/2 status=200 1.349s url=https://www.myfonts.com/collections/montile-font-akna-typefoundry/
[2026-09-27T15:41:45Z] #6759 attempt=1/2 status=200 1.279s url=https://www.myfonts.com/collections/montile-font-akna-typefoundry/?tab=techSpecs
[2026-09-27T15:41:47Z] #6760 attempt=1/2 status=200 1.182s url=https://www.myfonts.com/products/rounvia-complete-family-package-1208122
[2026-09-27T15:41:50Z] #6761 attempt=1/2 status=200 2.223s url=https://www.myfonts.com/collections/rounvia-font-kaidosan/
[2026-09-27T15:41:52Z] #6762 attempt=1/2 status=200 1.413s url=https://www.myfonts.com/collections/rounvia-font-kaidosan/?tab=techSpecs
[2026-09-27T15:41:54Z] #6763 attempt=1/2 status=200 0.341s url=https://www.myfonts.com/products/black-rustik-complete-family-package-1209324
[2026-09-27T15:41:55Z] #6764 attempt=1/2 status=200 0.403s url=https://www.myfonts.com/collections/black-rustik-font-illushvara/
[2026-09-27T15:41:55Z] #6765 attempt=1/2 status=200 0.373s url=https://www.myfonts.com/collections/black-rustik-font-illushvara/?tab=techSpecs
[2026-09-27T15:41:58Z] #6766 attempt=1/2 status=200 0.941s url=https://www.myfonts.com/products/new-bight-complete-family-package-1207537
[2026-09-27T15:41:59Z] #6767 attempt=1/2 status=200 1.288s url=https://www.myfonts.com/collections/new-bight-font-groenstudio/
[2026-09-27T15:42:01Z] #6768 attempt=1/2 status=200 1.253s url=https://www.myfonts.com/collections/new-bight-font-groenstudio/?tab=techSpecs
[2026-09-27T15:42:03Z] #6769 attempt=1/2 status=200 0.379s url=https://www.myfonts.com/products/norevia-complete-family-package-1209340
[2026-09-27T15:42:04Z] #6770 attempt=1/2 status=200 0.397s url=https://www.myfonts.com/collections/norevia-font-muksal-creatives/
[2026-09-27T15:42:05Z] #6771 attempt=1/2 status=200 0.356s url=https://www.myfonts.com/collections/norevia-font-muksal-creatives/?tab=techSpecs
[2026-09-27T15:42:06Z] #6772 attempt=1/2 status=200 0.380s url=https://www.myfonts.com/products/harvellia-complete-family-package-1209364
[2026-09-27T15:42:07Z] #6773 attempt=1/2 status=200 0.401s url=https://www.myfonts.com/collections/harvellia-font-vermilione/
[2026-09-27T15:42:08Z] #6774 attempt=1/2 status=200 0.359s url=https://www.myfonts.com/collections/harvellia-font-vermilione/?tab=techSpecs
[2026-09-27T15:42:10Z] #6775 attempt=1/2 status=200 0.393s url=https://www.myfonts.com/products/ss-sparling-complete-family-package-1208061
[2026-09-27T15:42:11Z] #6776 attempt=1/2 status=200 0.449s url=https://www.myfonts.com/collections/ss-sparling-font-vermilione/
[2026-09-27T15:42:11Z] #6777 attempt=1/2 status=200 0.353s url=https://www.myfonts.com/collections/ss-sparling-font-vermilione/?tab=techSpecs
[2026-09-27T15:42:13Z] #6778 attempt=1/2 status=200 0.409s url=https://www.myfonts.com/products/badalia-complete-family-package-1209309
[2026-09-27T15:42:14Z] #6779 attempt=1/2 status=200 0.668s url=https://www.myfonts.com/collections/badalia-font-thinkdust/
[2026-09-27T15:42:15Z] #6780 attempt=1/2 status=200 0.472s url=https://www.myfonts.com/collections/badalia-font-thinkdust/?tab=techSpecs
[2026-09-27T15:42:17Z] #6781 attempt=1/2 status=200 0.439s url=https://www.myfonts.com/products/saucy-society-bubble-complete-family-package-1209301
[2026-09-27T15:42:18Z] #6782 attempt=1/2 status=200 0.433s url=https://www.myfonts.com/collections/saucy-society-bubble-font-four-lines-std/
[2026-09-27T15:42:18Z] #6783 attempt=1/2 status=200 0.359s url=https://www.myfonts.com/collections/saucy-society-bubble-font-four-lines-std/?tab=techSpecs
[2026-09-27T15:42:21Z] #6784 attempt=1/2 status=200 1.633s url=https://www.myfonts.com/products/kelmitha-complete-family-package-1207461
[2026-09-27T15:42:25Z] #6785 attempt=1/2 status=200 3.054s url=https://www.myfonts.com/collections/kelmitha-font-propertype/
[2026-09-27T15:42:28Z] #6786 attempt=1/2 status=200 2.505s url=https://www.myfonts.com/collections/kelmitha-font-propertype/?tab=techSpecs
[2026-09-27T15:42:30Z] #6787 attempt=1/2 status=200 0.437s url=https://www.myfonts.com/products/sylvian-complete-family-package-1208021
[2026-09-27T15:42:31Z] #6788 attempt=1/2 status=200 0.450s url=https://www.myfonts.com/collections/sylvian-font-vermilione/
[2026-09-27T15:42:32Z] #6789 attempt=1/2 status=200 0.346s url=https://www.myfonts.com/collections/sylvian-font-vermilione/?tab=techSpecs
[2026-09-27T15:42:34Z] #6790 attempt=1/2 status=200 0.341s url=https://www.myfonts.com/products/wonder-castle-complete-family-package-1209361
[2026-09-27T15:42:35Z] #6791 attempt=1/2 status=200 0.401s url=https://www.myfonts.com/collections/wonder-castle-font-sloulyfe-studio/
[2026-09-27T15:42:36Z] #6792 attempt=1/2 status=200 0.335s url=https://www.myfonts.com/collections/wonder-castle-font-sloulyfe-studio/?tab=techSpecs
[2026-09-27T15:42:37Z] #6793 attempt=1/2 status=200 0.359s url=https://www.myfonts.com/products/lowera-complete-family-package-1209305
[2026-09-27T15:42:38Z] #6794 attempt=1/2 status=200 0.451s url=https://www.myfonts.com/collections/lowera-font-hishand-studio/
[2026-09-27T15:42:39Z] #6795 attempt=1/2 status=200 0.379s url=https://www.myfonts.com/collections/lowera-font-hishand-studio/?tab=techSpecs
[2026-09-27T15:42:41Z] #6796 attempt=1/2 status=200 0.385s url=https://www.myfonts.com/products/markerly-truely-complete-family-package-1209337
[2026-09-27T15:42:41Z] #6797 attempt=1/2 status=200 0.432s url=https://www.myfonts.com/collections/markerly-truely-font-letterytz/
[2026-09-27T15:42:42Z] #6798 attempt=1/2 status=200 0.406s url=https://www.myfonts.com/collections/markerly-truely-font-letterytz/?tab=techSpecs
[2026-09-27T15:42:44Z] #6799 attempt=1/2 status=200 0.377s url=https://www.myfonts.com/products/quadfix-complete-family-package-1207457
[2026-09-27T15:42:45Z] #6800 attempt=1/2 status=200 0.374s url=https://www.myfonts.com/collections/quadfix-font-hasnat-studio/
[2026-09-27T15:42:45Z] #6801 attempt=1/2 status=200 0.363s url=https://www.myfonts.com/collections/quadfix-font-hasnat-studio/?tab=techSpecs
[2026-09-27T15:42:47Z] #6802 attempt=1/2 status=200 0.390s url=https://www.myfonts.com/products/laveno-qauline-complete-family-package-1207923
[2026-09-27T15:42:48Z] #6803 attempt=1/2 status=200 0.398s url=https://www.myfonts.com/collections/laveno-qauline-font-vermilione/
[2026-09-27T15:42:49Z] #6804 attempt=1/2 status=200 0.434s url=https://www.myfonts.com/collections/laveno-qauline-font-vermilione/?tab=techSpecs
[2026-09-27T15:42:50Z] #6805 attempt=1/2 status=200 0.340s url=https://www.myfonts.com/products/drakewyn-complete-family-package-1209297
[2026-09-27T15:42:51Z] #6806 attempt=1/2 status=200 0.379s url=https://www.myfonts.com/collections/drakewyn-font-din-studio/
[2026-09-27T15:42:52Z] #6807 attempt=1/2 status=200 0.358s url=https://www.myfonts.com/collections/drakewyn-font-din-studio/?tab=techSpecs
[2026-09-27T15:42:54Z] #6808 attempt=1/2 status=200 0.368s url=https://www.myfonts.com/products/augler-complete-family-package-1209351
[2026-09-27T15:42:54Z] #6809 attempt=1/2 status=200 0.513s url=https://www.myfonts.com/collections/augler-font-sarid-ezra/
[2026-09-27T15:42:55Z] #6810 attempt=1/2 status=200 0.381s url=https://www.myfonts.com/collections/augler-font-sarid-ezra/?tab=techSpecs
[2026-09-27T15:42:57Z] #6811 attempt=1/2 status=200 0.380s url=https://www.myfonts.com/products/writeroom-script-complete-family-package-1209334
[2026-09-27T15:42:58Z] #6812 attempt=1/2 status=200 0.420s url=https://www.myfonts.com/collections/writeroom-script-font-letterytz/
[2026-09-27T15:42:58Z] #6813 attempt=1/2 status=200 0.388s url=https://www.myfonts.com/collections/writeroom-script-font-letterytz/?tab=techSpecs
[2026-09-27T15:43:00Z] #6814 attempt=1/2 status=200 0.370s url=https://www.myfonts.com/products/hanor-dhams-complete-family-package-1207127
[2026-09-27T15:43:01Z] #6815 attempt=1/2 status=200 0.403s url=https://www.myfonts.com/collections/hanor-dhams-font-letterena-studios/
[2026-09-27T15:43:02Z] #6816 attempt=1/2 status=200 0.323s url=https://www.myfonts.com/collections/hanor-dhams-font-letterena-studios/?tab=techSpecs
[2026-09-27T15:43:04Z] #6817 attempt=1/2 status=200 0.392s url=https://www.myfonts.com/products/afterspace-complete-family-package-1208354
[2026-09-27T15:43:04Z] #6818 attempt=1/2 status=200 0.517s url=https://www.myfonts.com/collections/afterspace-font-metypeverse/
[2026-09-27T15:43:05Z] #6819 attempt=1/2 status=200 0.381s url=https://www.myfonts.com/collections/afterspace-font-metypeverse/?tab=techSpecs
[2026-09-27T15:43:07Z] #6820 attempt=1/2 status=200 0.319s url=https://www.myfonts.com/products/regular-dura-europos-rustica-1208109
[2026-09-27T15:43:08Z] #6821 attempt=1/2 status=200 0.352s url=https://www.myfonts.com/collections/dura-europos-rustica-font-mysterian/
[2026-09-27T15:43:08Z] #6822 attempt=1/2 status=200 0.320s url=https://www.myfonts.com/collections/dura-europos-rustica-font-mysterian/?tab=techSpecs
[2026-09-27T15:43:09Z] #6823 attempt=1/2 status=200 0.322s url=https://www.myfonts.com/products/display-maerath-1209330
[2026-09-27T15:43:10Z] #6824 attempt=1/2 status=200 0.330s url=https://www.myfonts.com/collections/maerath-font-kavoon/
[2026-09-27T15:43:11Z] #6825 attempt=1/2 status=200 0.327s url=https://www.myfonts.com/collections/maerath-font-kavoon/?tab=techSpecs
[2026-09-27T15:43:12Z] #6826 attempt=1/2 status=200 0.350s url=https://www.myfonts.com/products/zorell-regular-zorell-1208024
[2026-09-27T15:43:13Z] #6827 attempt=1/2 status=200 0.354s url=https://www.myfonts.com/collections/zorell-font-zefrar/
[2026-09-27T15:43:14Z] #6828 attempt=1/2 status=200 0.317s url=https://www.myfonts.com/collections/zorell-font-zefrar/?tab=techSpecs
[2026-09-27T15:43:16Z] #6829 attempt=1/6 status=200 1.034s url=https://www.myfonts.com/products.json?limit=100&page=237
[2026-09-27T15:43:16Z] #6830 attempt=1/2 status=200 0.361s url=https://www.myfonts.com/products/regular-torq-1208343
[2026-09-27T15:43:17Z] #6831 attempt=1/2 status=200 0.380s url=https://www.myfonts.com/collections/torq-font-sipanji21/
[2026-09-27T15:43:18Z] #6832 attempt=1/2 status=200 0.352s url=https://www.myfonts.com/collections/torq-font-sipanji21/?tab=techSpecs
[2026-09-27T15:43:19Z] #6833 attempt=1/2 status=200 0.372s url=https://www.myfonts.com/products/bold-tejobase-1208121
[2026-09-27T15:43:20Z] #6834 attempt=1/2 status=200 0.370s url=https://www.myfonts.com/collections/tejobase-font-wontenart/
[2026-09-27T15:43:21Z] #6835 attempt=1/2 status=200 0.361s url=https://www.myfonts.com/collections/tejobase-font-wontenart/?tab=techSpecs
[2026-09-27T15:43:22Z] #6836 attempt=1/6 status=200 0.894s url=https://www.myfonts.com/products.json?limit=100&page=238
[2026-09-27T15:43:23Z] #6837 attempt=1/2 status=200 0.324s url=https://www.myfonts.com/products/regular-halozed-1209304
[2026-09-27T15:43:24Z] #6838 attempt=1/2 status=200 0.345s url=https://www.myfonts.com/collections/halozed-font-hasnat-studio/
[2026-09-27T15:43:25Z] #6839 attempt=1/2 status=200 0.293s url=https://www.myfonts.com/collections/halozed-font-hasnat-studio/?tab=techSpecs
[2026-09-27T15:43:26Z] #6840 attempt=1/2 status=200 0.348s url=https://www.myfonts.com/products/regular-modbee-1209300
[2026-09-27T15:43:26Z] #6841 attempt=1/2 status=200 0.314s url=https://www.myfonts.com/collections/modbee-font-flawlessandco/
[2026-09-27T15:43:27Z] #6842 attempt=1/2 status=200 0.339s url=https://www.myfonts.com/collections/modbee-font-flawlessandco/?tab=techSpecs
[2026-09-27T15:43:28Z] #6843 attempt=1/2 status=200 0.362s url=https://www.myfonts.com/products/regular-vexmour-1209367
[2026-09-27T15:43:29Z] #6844 attempt=1/2 status=200 0.397s url=https://www.myfonts.com/collections/vexmour-font-arif-novianto/
[2026-09-27T15:43:30Z] #6845 attempt=1/2 status=200 0.389s url=https://www.myfonts.com/collections/vexmour-font-arif-novianto/?tab=techSpecs
[2026-09-27T15:43:32Z] #6846 attempt=1/6 status=200 0.813s url=https://www.myfonts.com/products.json?limit=100&page=239
[2026-09-27T15:43:33Z] #6847 attempt=1/6 status=200 0.959s url=https://www.myfonts.com/products.json?limit=100&page=240
[2026-09-27T15:43:34Z] #6848 attempt=1/2 status=200 0.322s url=https://www.myfonts.com/products/regular-seprolle-1209273
[2026-09-27T15:43:35Z] #6849 attempt=1/2 status=200 0.343s url=https://www.myfonts.com/collections/seprolle-font-anxietype-foundry/
[2026-09-27T15:43:35Z] #6850 attempt=1/2 status=200 0.323s url=https://www.myfonts.com/collections/seprolle-font-anxietype-foundry/?tab=techSpecs
[2026-09-27T15:43:37Z] #6851 attempt=1/2 status=200 0.421s url=https://www.myfonts.com/products/regular-ac-leafs-1209258
[2026-09-27T15:43:37Z] #6852 attempt=1/2 status=200 0.337s url=https://www.myfonts.com/collections/ac-leafs-font-antoine-crama/
[2026-09-27T15:43:38Z] #6853 attempt=1/2 status=200 0.326s url=https://www.myfonts.com/collections/ac-leafs-font-antoine-crama/?tab=techSpecs
[2026-09-27T15:43:39Z] #6854 attempt=1/2 status=200 0.348s url=https://www.myfonts.com/products/regular-bloopie-1207460
[2026-09-27T15:43:40Z] #6855 attempt=1/2 status=200 0.347s url=https://www.myfonts.com/collections/bloopie-font-zefrar/
[2026-09-27T15:43:41Z] #6856 attempt=1/2 status=200 0.312s url=https://www.myfonts.com/collections/bloopie-font-zefrar/?tab=techSpecs
[2026-09-27T15:43:42Z] #6857 attempt=1/6 status=200 0.846s url=https://www.myfonts.com/products.json?limit=100&page=241
[2026-09-27T15:43:43Z] #6858 attempt=1/2 status=200 0.358s url=https://www.myfonts.com/products/regular-vinagosta-1207130
[2026-09-27T15:43:44Z] #6859 attempt=1/2 status=200 0.348s url=https://www.myfonts.com/collections/vinagosta-font-letterhanna-studio/
[2026-09-27T15:43:45Z] #6860 attempt=1/2 status=200 0.338s url=https://www.myfonts.com/collections/vinagosta-font-letterhanna-studio/?tab=techSpecs
[2026-09-27T15:43:46Z] #6861 attempt=1/2 status=200 0.331s url=https://www.myfonts.com/products/regular-miette-1208960
[2026-09-27T15:43:47Z] #6862 attempt=1/2 status=200 0.338s url=https://www.myfonts.com/collections/miette-font-sloulyfe-studio/
[2026-09-27T15:43:47Z] #6863 attempt=1/2 status=200 0.311s url=https://www.myfonts.com/collections/miette-font-sloulyfe-studio/?tab=techSpecs
[2026-09-27T15:43:48Z] #6864 attempt=1/2 status=200 0.341s url=https://www.myfonts.com/products/regular-mask-1208818
[2026-09-27T15:43:49Z] #6865 attempt=1/2 status=200 0.347s url=https://www.myfonts.com/collections/mask-font-sensatype-studio/
[2026-09-27T15:43:50Z] #6866 attempt=1/2 status=200 0.364s url=https://www.myfonts.com/collections/mask-font-sensatype-studio/?tab=techSpecs
[2026-09-27T15:43:51Z] #6867 attempt=1/2 status=200 0.308s url=https://www.myfonts.com/products/regular-delicio-1208344
[2026-09-27T15:43:52Z] #6868 attempt=1/2 status=200 0.336s url=https://www.myfonts.com/collections/delicio-font-sensatype-studio/
[2026-09-27T15:43:53Z] #6869 attempt=1/2 status=200 0.351s url=https://www.myfonts.com/collections/delicio-font-sensatype-studio/?tab=techSpecs
[2026-09-27T15:43:54Z] #6870 attempt=1/6 status=200 0.816s url=https://www.myfonts.com/products.json?limit=100&page=242
[2026-09-27T15:43:56Z] #6871 attempt=1/6 status=200 0.827s url=https://www.myfonts.com/products.json?limit=100&page=243
[2026-09-27T15:43:57Z] #6872 attempt=1/6 status=200 0.997s url=https://www.myfonts.com/products.json?limit=100&page=244
[2026-09-27T15:43:58Z] #6873 attempt=1/2 status=200 0.333s url=https://www.myfonts.com/products/regular-zfscribelle-1207126
[2026-09-27T15:43:59Z] #6874 attempt=1/2 status=200 0.362s url=https://www.myfonts.com/collections/zfscribelle-font-zoofont/
[2026-09-27T15:43:59Z] #6875 attempt=1/2 status=200 0.338s url=https://www.myfonts.com/collections/zfscribelle-font-zoofont/?tab=techSpecs
[2026-09-27T15:44:01Z] #6876 attempt=1/2 status=200 0.350s url=https://www.myfonts.com/products/regular-brond-1209350
[2026-09-27T15:44:01Z] #6877 attempt=1/2 status=200 0.431s url=https://www.myfonts.com/collections/brond-font-rasio-studio/
[2026-09-27T15:44:02Z] #6878 attempt=1/2 status=200 0.361s url=https://www.myfonts.com/collections/brond-font-rasio-studio/?tab=techSpecs
[2026-09-27T15:44:03Z] #6879 attempt=1/2 status=200 0.357s url=https://www.myfonts.com/products/regular-drakhon-brush-1209343
[2026-09-27T15:44:04Z] #6880 attempt=1/2 status=200 0.357s url=https://www.myfonts.com/collections/drakhon-brush-font-pointlab/
[2026-09-27T15:44:05Z] #6881 attempt=1/2 status=200 0.325s url=https://www.myfonts.com/collections/drakhon-brush-font-pointlab/?tab=techSpecs
[2026-09-27T15:44:07Z] #6882 attempt=1/2 status=200 0.951s url=https://www.myfonts.com/products/the-vintage-font-collection-package-933106
[2026-09-27T15:44:07Z] #6883 attempt=1/2 status=404 0.241s url=https://www.myfonts.com/collections/the-vintage-font-collection-font-anas-fonts
[2026-09-27T15:44:09Z] #6884 attempt=1/2 status=200 1.011s url=https://www.myfonts.com/products/the-script-and-serif-font-bundle-package-933151
[2026-09-27T15:44:09Z] #6885 attempt=1/2 status=404 0.248s url=https://www.myfonts.com/collections/the-script-and-serif-font-bundle-font-anas-fonts
[2026-09-27T15:44:10Z] #6886 attempt=1/2 status=200 0.389s url=https://www.myfonts.com/products/the-simplie-complete-family-package-1209274
[2026-09-27T15:44:11Z] #6887 attempt=1/2 status=200 0.460s url=https://www.myfonts.com/collections/the-simplie-font-abbasy-studio/
[2026-09-27T15:44:12Z] #6888 attempt=1/2 status=200 0.363s url=https://www.myfonts.com/collections/the-simplie-font-abbasy-studio/?tab=techSpecs
[2026-09-27T15:44:13Z] #6889 attempt=1/2 status=200 0.349s url=https://www.myfonts.com/products/arimels-complete-family-package-1209283
[2026-09-27T15:44:14Z] #6890 attempt=1/2 status=200 0.380s url=https://www.myfonts.com/collections/arimels-font-artisan-themes/
[2026-09-27T15:44:15Z] #6891 attempt=1/2 status=200 0.367s url=https://www.myfonts.com/collections/arimels-font-artisan-themes/?tab=techSpecs
[2026-09-27T15:44:17Z] #6892 attempt=1/2 status=200 0.406s url=https://www.myfonts.com/products/gumbolt-complete-family-package-1209277
[2026-09-27T15:44:18Z] #6893 attempt=1/2 status=200 0.492s url=https://www.myfonts.com/collections/gumbolt-font-arterfak-project/
[2026-09-27T15:44:18Z] #6894 attempt=1/2 status=200 0.466s url=https://www.myfonts.com/collections/gumbolt-font-arterfak-project/?tab=techSpecs
[2026-09-27T15:44:20Z] #6895 attempt=1/2 status=200 0.405s url=https://www.myfonts.com/products/fluctus-complete-family-package-1208965
[2026-09-27T15:44:21Z] #6896 attempt=1/2 status=200 0.476s url=https://www.myfonts.com/collections/fluctus-font-kaisertype/
[2026-09-27T15:44:22Z] #6897 attempt=1/2 status=200 0.443s url=https://www.myfonts.com/collections/fluctus-font-kaisertype/?tab=techSpecs
[2026-09-27T15:44:24Z] #6898 attempt=1/2 status=200 0.416s url=https://www.myfonts.com/products/balveros-vecia-script-complete-family-package-1208351
[2026-09-27T15:44:24Z] #6899 attempt=1/2 status=200 0.374s url=https://www.myfonts.com/collections/balveros-vecia-script-font-maulana-creative/
[2026-09-27T15:44:25Z] #6900 attempt=1/2 status=200 0.340s url=https://www.myfonts.com/collections/balveros-vecia-script-font-maulana-creative/?tab=techSpecs
[2026-09-27T15:44:27Z] #6901 attempt=1/2 status=200 0.368s url=https://www.myfonts.com/products/lush-refinement-complete-family-package-1208264
[2026-09-27T15:44:27Z] #6902 attempt=1/2 status=200 0.393s url=https://www.myfonts.com/collections/lush-refinement-font-vermilione/
[2026-09-27T15:44:28Z] #6903 attempt=1/2 status=200 0.357s url=https://www.myfonts.com/collections/lush-refinement-font-vermilione/?tab=techSpecs
[2026-09-27T15:44:30Z] #6904 attempt=1/2 status=200 0.626s url=https://www.myfonts.com/products/mondeya-complete-family-package-1208292
[2026-09-27T15:44:31Z] #6905 attempt=1/2 status=200 0.837s url=https://www.myfonts.com/collections/mondeya-font-bungletter/
[2026-09-27T15:44:33Z] #6906 attempt=1/2 status=200 0.667s url=https://www.myfonts.com/collections/mondeya-font-bungletter/?tab=techSpecs
[2026-09-27T15:44:35Z] #6907 attempt=1/2 status=200 1.082s url=https://www.myfonts.com/products/bargalis-complete-family-package-1208025
[2026-09-27T15:44:37Z] #6908 attempt=1/2 status=200 1.437s url=https://www.myfonts.com/collections/bargalis-font-ulfa-foundry/
[2026-09-27T15:44:39Z] #6909 attempt=1/2 status=200 1.592s url=https://www.myfonts.com/collections/bargalis-font-ulfa-foundry/?tab=techSpecs
[2026-09-27T15:44:41Z] #6910 attempt=1/2 status=200 0.352s url=https://www.myfonts.com/products/zenosix-complete-family-package-1208962
[2026-09-27T15:44:42Z] #6911 attempt=1/2 status=200 0.458s url=https://www.myfonts.com/collections/zenosix-font-metypeverse/
[2026-09-27T15:44:42Z] #6912 attempt=1/2 status=200 0.342s url=https://www.myfonts.com/collections/zenosix-font-metypeverse/?tab=techSpecs
[2026-09-27T15:44:44Z] #6913 attempt=1/2 status=200 0.736s url=https://www.myfonts.com/products/gasby-binega-complete-family-package-1207426
[2026-09-27T15:44:46Z] #6914 attempt=1/2 status=200 0.900s url=https://www.myfonts.com/collections/gasby-binega-font-gatype/
[2026-09-27T15:44:47Z] #6915 attempt=1/2 status=200 0.632s url=https://www.myfonts.com/collections/gasby-binega-font-gatype/?tab=techSpecs
[2026-09-27T15:44:50Z] #6916 attempt=1/2 status=200 1.405s url=https://www.myfonts.com/products/kulutu-alt-complete-family-package-1207131
[2026-09-27T15:44:53Z] #6917 attempt=1/2 status=200 2.689s url=https://www.myfonts.com/collections/kulutu-alt-font-aukimvisuel/
[2026-09-27T15:44:56Z] #6918 attempt=1/2 status=200 2.388s url=https://www.myfonts.com/collections/kulutu-alt-font-aukimvisuel/?tab=techSpecs
[2026-09-27T15:44:58Z] #6919 attempt=1/2 status=200 0.357s url=https://www.myfonts.com/products/keep-it-real-complete-family-package-1207937
[2026-09-27T15:44:59Z] #6920 attempt=1/2 status=200 0.436s url=https://www.myfonts.com/collections/keep-it-real-font-pizzadude-dk/
[2026-09-27T15:45:00Z] #6921 attempt=1/2 status=200 0.318s url=https://www.myfonts.com/collections/keep-it-real-font-pizzadude-dk/?tab=techSpecs
[2026-09-27T15:45:02Z] #6922 attempt=1/2 status=200 0.449s url=https://www.myfonts.com/products/nabellin-complete-family-package-1208977
[2026-09-27T15:45:03Z] #6923 attempt=1/2 status=200 0.484s url=https://www.myfonts.com/collections/nabellin-font-nollev/
[2026-09-27T15:45:03Z] #6924 attempt=1/2 status=200 0.457s url=https://www.myfonts.com/collections/nabellin-font-nollev/?tab=techSpecs
[2026-09-27T15:45:05Z] #6925 attempt=1/2 status=200 0.522s url=https://www.myfonts.com/products/autentica-classic-complete-family-package-1209259
[2026-09-27T15:45:06Z] #6926 attempt=1/2 status=200 0.557s url=https://www.myfonts.com/collections/autentica-classic-font-sofiamohr/
[2026-09-27T15:45:07Z] #6927 attempt=1/2 status=200 0.457s url=https://www.myfonts.com/collections/autentica-classic-font-sofiamohr/?tab=techSpecs
[2026-09-27T15:45:09Z] #6928 attempt=1/2 status=200 0.350s url=https://www.myfonts.com/products/panther-brush-complete-family-package-1173799
[2026-09-27T15:45:09Z] #6929 attempt=1/2 status=200 0.415s url=https://www.myfonts.com/collections/panther-brush-font-sign-studio/
[2026-09-27T15:45:10Z] #6930 attempt=1/2 status=200 0.348s url=https://www.myfonts.com/collections/panther-brush-font-sign-studio/?tab=techSpecs
[2026-09-27T15:45:15Z] #6931 attempt=1/2 status=200 3.080s url=https://www.myfonts.com/products/besinar-complete-family-package-1208350
[2026-09-27T15:45:18Z] #6932 attempt=1/2 status=200 2.985s url=https://www.myfonts.com/collections/besinar-font-ajibatype/
[2026-09-27T15:45:21Z] #6933 attempt=1/2 status=200 2.487s url=https://www.myfonts.com/collections/besinar-font-ajibatype/?tab=techSpecs
[2026-09-27T15:45:23Z] #6934 attempt=1/2 status=200 0.492s url=https://www.myfonts.com/products/armonia-sans-complete-family-package-1208270
[2026-09-27T15:45:24Z] #6935 attempt=1/2 status=200 0.617s url=https://www.myfonts.com/collections/armonia-sans-font-vp-creative-shop/
[2026-09-27T15:45:25Z] #6936 attempt=1/2 status=200 0.465s url=https://www.myfonts.com/collections/armonia-sans-font-vp-creative-shop/?tab=techSpecs
[2026-09-27T15:45:27Z] #6937 attempt=1/2 status=200 0.445s url=https://www.myfonts.com/products/mounsfield-complete-family-package-1208995
[2026-09-27T15:45:28Z] #6938 attempt=1/2 status=200 0.617s url=https://www.myfonts.com/collections/mounsfield-font-unitype-studio/
[2026-09-27T15:45:29Z] #6939 attempt=1/2 status=200 0.504s url=https://www.myfonts.com/collections/mounsfield-font-unitype-studio/?tab=techSpecs
[2026-09-27T15:45:31Z] #6940 attempt=1/2 status=200 0.767s url=https://www.myfonts.com/products/iqarus-complete-family-package-1209123
[2026-09-27T15:45:33Z] #6941 attempt=1/2 status=200 1.015s url=https://www.myfonts.com/collections/iqarus-font-alpercakici/
[2026-09-27T15:45:34Z] #6942 attempt=1/2 status=200 0.860s url=https://www.myfonts.com/collections/iqarus-font-alpercakici/?tab=techSpecs
[2026-09-27T15:45:36Z] #6943 attempt=1/2 status=200 0.882s url=https://www.myfonts.com/products/giselax-complete-family-package-1208357
[2026-09-27T15:45:38Z] #6944 attempt=1/2 status=200 1.437s url=https://www.myfonts.com/collections/giselax-font-donyadesign/
[2026-09-27T15:45:40Z] #6945 attempt=1/2 status=200 1.186s url=https://www.myfonts.com/collections/giselax-font-donyadesign/?tab=techSpecs
[2026-09-27T15:45:42Z] #6946 attempt=1/2 status=200 0.727s url=https://www.myfonts.com/products/segikan-complete-family-package-1209184
[2026-09-27T15:45:43Z] #6947 attempt=1/2 status=200 1.061s url=https://www.myfonts.com/collections/segikan-font-areatype/
[2026-09-27T15:45:45Z] #6948 attempt=1/2 status=200 1.030s url=https://www.myfonts.com/collections/segikan-font-areatype/?tab=techSpecs
[2026-09-27T15:45:47Z] #6949 attempt=1/2 status=200 0.427s url=https://www.myfonts.com/products/reotta-complete-family-package-1208973
[2026-09-27T15:45:48Z] #6950 attempt=1/2 status=200 0.371s url=https://www.myfonts.com/collections/reotta-font-mbonster/
[2026-09-27T15:45:48Z] #6951 attempt=1/2 status=200 0.341s url=https://www.myfonts.com/collections/reotta-font-mbonster/?tab=techSpecs
[2026-09-27T15:45:50Z] #6952 attempt=1/2 status=200 0.419s url=https://www.myfonts.com/products/ft-baile-complete-family-package-1208984
[2026-09-27T15:45:51Z] #6953 attempt=1/2 status=200 0.493s url=https://www.myfonts.com/collections/ft-baile-font-fateh-lab/
[2026-09-27T15:45:52Z] #6954 attempt=1/2 status=200 0.404s url=https://www.myfonts.com/collections/ft-baile-font-fateh-lab/?tab=techSpecs
[2026-09-27T15:45:54Z] #6955 attempt=1/2 status=200 0.393s url=https://www.myfonts.com/products/labeled-complete-family-package-1208340
[2026-09-27T15:45:54Z] #6956 attempt=1/2 status=200 0.423s url=https://www.myfonts.com/collections/labeled-font-tension-type/
[2026-09-27T15:45:55Z] #6957 attempt=1/2 status=200 0.320s url=https://www.myfonts.com/collections/labeled-font-tension-type/?tab=techSpecs
[2026-09-27T15:45:57Z] #6958 attempt=1/2 status=200 0.399s url=https://www.myfonts.com/products/perfect-sprouts-complete-family-package-1208345
[2026-09-27T15:45:58Z] #6959 attempt=1/2 status=200 0.451s url=https://www.myfonts.com/collections/perfect-sprouts-font-type-peace/
[2026-09-27T15:45:59Z] #6960 attempt=1/2 status=200 0.415s url=https://www.myfonts.com/collections/perfect-sprouts-font-type-peace/?tab=techSpecs
[2026-09-27T15:46:00Z] #6961 attempt=1/2 status=200 0.398s url=https://www.myfonts.com/products/sacred-grove-complete-family-package-1208289
[2026-09-27T15:46:01Z] #6962 attempt=1/2 status=200 0.381s url=https://www.myfonts.com/collections/sacred-grove-font-ragamkata/
[2026-09-27T15:46:02Z] #6963 attempt=1/2 status=200 0.349s url=https://www.myfonts.com/collections/sacred-grove-font-ragamkata/?tab=techSpecs
[2026-09-27T15:46:04Z] #6964 attempt=1/2 status=200 0.391s url=https://www.myfonts.com/products/chimela-complete-family-package-1208970
[2026-09-27T15:46:04Z] #6965 attempt=1/2 status=200 0.433s url=https://www.myfonts.com/collections/chimela-font-font-liner/
[2026-09-27T15:46:05Z] #6966 attempt=1/2 status=200 0.362s url=https://www.myfonts.com/collections/chimela-font-font-liner/?tab=techSpecs
[2026-09-27T15:46:07Z] #6967 attempt=1/2 status=200 0.999s url=https://www.myfonts.com/products/solsano-complete-family-package-1209014
[2026-09-27T15:46:09Z] #6968 attempt=1/2 status=200 1.437s url=https://www.myfonts.com/collections/solsano-font-rcky-studio/
[2026-09-27T15:46:11Z] #6969 attempt=1/2 status=200 1.200s url=https://www.myfonts.com/collections/solsano-font-rcky-studio/?tab=techSpecs
[2026-09-27T15:46:14Z] #6970 attempt=1/6 status=200 0.876s url=https://www.myfonts.com/products.json?limit=100&page=245
[2026-09-27T15:46:15Z] #6971 attempt=1/2 status=200 0.362s url=https://www.myfonts.com/products/regular-maldiko-1208860
[2026-09-27T15:46:15Z] #6972 attempt=1/2 status=200 0.358s url=https://www.myfonts.com/collections/maldiko-font-arif-novianto/
[2026-09-27T15:46:16Z] #6973 attempt=1/2 status=200 0.312s url=https://www.myfonts.com/collections/maldiko-font-arif-novianto/?tab=techSpecs
[2026-09-27T15:46:18Z] #6974 attempt=1/6 status=200 1.008s url=https://www.myfonts.com/products.json?limit=100&page=246
[2026-09-27T15:46:20Z] #6975 attempt=1/6 status=200 0.967s url=https://www.myfonts.com/products.json?limit=100&page=247
[2026-09-27T15:46:21Z] #6976 attempt=1/6 status=200 0.832s url=https://www.myfonts.com/products.json?limit=100&page=248
[2026-09-27T15:46:22Z] #6977 attempt=1/6 status=200 0.973s url=https://www.myfonts.com/products.json?limit=100&page=249
[2026-09-27T15:46:24Z] #6978 attempt=1/6 status=200 1.084s url=https://www.myfonts.com/products.json?limit=100&page=250
[2026-09-27T15:46:24Z] summary releases=7972 first_429=None log_file=state/myfonts_run_20260927_133312.log
[2026-09-27T15:46:24Z] saved_success_profile path=state/myfonts_success_profile.json
[2026-09-27T15:46:24Z] === MyFonts crawl end ===
