[2026-10-09T13:03:07Z] checkpoint fresh next_page=1 path=state/myfonts_crawl_checkpoint.json
[2026-10-09T13:03:07Z] === MyFonts crawl start source=myfonts ===
[2026-10-09T13:03:07Z] config max_pages=25 page_size=100 start_date=2026-10-07 end_date=2026-10-09 api_delay=0.5s detail_delay=0.2s max_debut_checks=400 max_tech_specs_checks=200 reuse_success_profile=False always_enrich_packages=True language_script_signal_mode=strong force_fresh_run=False start_page=1 browser_mode=False browser_headless=True browser_storage_state_path=state/myfonts_storage_state.json
[2026-10-09T13:03:09Z] #1 attempt=1/6 status=200 1.004s url=https://www.myfonts.com/products.json?limit=100&page=1
[2026-10-09T13:03:10Z] #2 attempt=1/2 status=200 0.557s url=https://www.myfonts.com/products/italic-package-1239038
[2026-10-09T13:03:11Z] #3 attempt=1/2 status=200 0.520s url=https://www.myfonts.com/collections/zia-glastyo-condensed-font-zia-creative-studio/
[2026-10-09T13:03:11Z] #4 attempt=1/2 status=200 0.491s url=https://www.myfonts.com/collections/zia-glastyo-condensed-font-zia-creative-studio/?tab=techSpecs
[2026-10-09T13:03:12Z] #5 attempt=1/2 status=200 0.327s url=https://www.myfonts.com/products/inkwell-decorative-pack-package-1237636
[2026-10-09T13:03:13Z] #6 attempt=1/2 status=200 0.287s url=https://www.myfonts.com/collections/inkwell-font-hoefler-and-co/
[2026-10-09T13:03:13Z] #7 attempt=1/2 status=200 0.239s url=https://www.myfonts.com/collections/inkwell-font-hoefler-and-co/?tab=techSpecs
[2026-10-09T13:03:14Z] #8 attempt=1/2 status=200 0.323s url=https://www.myfonts.com/collections/inkwell-font-hoefler-and-co/
[2026-10-09T13:03:15Z] #9 attempt=1/2 status=404 0.363s url=https://www.myfonts.com/collections/inkwell-decorative-pack-font-hoefler-co
[2026-10-09T13:03:15Z] #10 attempt=1/2 status=200 0.558s url=https://www.myfonts.com/products/frutiger-arabic-complete-family-package-1238493
[2026-10-09T13:03:16Z] #11 attempt=1/2 status=200 0.561s url=https://www.myfonts.com/collections/frutiger-arabic-font-linotype/
[2026-10-09T13:03:17Z] #12 attempt=1/2 status=200 0.668s url=https://www.myfonts.com/collections/frutiger-arabic-font-linotype/?tab=techSpecs
[2026-10-09T13:03:18Z] #13 attempt=1/2 status=200 0.419s url=https://www.myfonts.com/products/neue-helvetica-arabic-complete-family-package-1238510
[2026-10-09T13:03:19Z] #14 attempt=1/2 status=200 0.411s url=https://www.myfonts.com/collections/neue-helvetica-arabic-font-linotype/
[2026-10-09T13:03:20Z] #15 attempt=1/2 status=200 0.358s url=https://www.myfonts.com/collections/neue-helvetica-arabic-font-linotype/?tab=techSpecs
[2026-10-09T13:03:21Z] #16 attempt=1/2 status=200 0.509s url=https://www.myfonts.com/products/gold-roger-complete-family-package-1240095
[2026-10-09T13:03:21Z] #17 attempt=1/2 status=200 0.413s url=https://www.myfonts.com/collections/gold-roger-font-font-liner/
[2026-10-09T13:03:22Z] #18 attempt=1/2 status=200 0.321s url=https://www.myfonts.com/collections/gold-roger-font-font-liner/?tab=techSpecs
[2026-10-09T13:03:23Z] #19 attempt=1/2 status=200 0.433s url=https://www.myfonts.com/products/pilatus-iso-complete-family-package-1240148
[2026-10-09T13:03:24Z] #20 attempt=1/2 status=200 0.454s url=https://www.myfonts.com/collections/pilatus-iso-font-milan-rohrer-studio/
[2026-10-09T13:03:25Z] #21 attempt=1/2 status=200 0.464s url=https://www.myfonts.com/collections/pilatus-iso-font-milan-rohrer-studio/?tab=techSpecs
[2026-10-09T13:03:26Z] #22 attempt=1/2 status=200 0.342s url=https://www.myfonts.com/products/ratsing-complete-family-package-1239039
[2026-10-09T13:03:26Z] #23 attempt=1/2 status=200 0.451s url=https://www.myfonts.com/collections/ratsing-font-maulana-creative/
[2026-10-09T13:03:27Z] #24 attempt=1/2 status=200 0.454s url=https://www.myfonts.com/collections/ratsing-font-maulana-creative/?tab=techSpecs
[2026-10-09T13:03:28Z] #25 attempt=1/2 status=200 0.386s url=https://www.myfonts.com/products/bold-metal-complete-family-package-1240083
[2026-10-09T13:03:29Z] #26 attempt=1/2 status=200 0.405s url=https://www.myfonts.com/collections/bold-metal-font-letterafandi-studio/
[2026-10-09T13:03:30Z] #27 attempt=1/2 status=200 0.396s url=https://www.myfonts.com/collections/bold-metal-font-letterafandi-studio/?tab=techSpecs
[2026-10-09T13:03:32Z] #28 attempt=1/2 status=200 1.369s url=https://www.myfonts.com/products/sansinkup-sembdexp-giusy-1239663
[2026-10-09T13:03:34Z] #29 attempt=1/2 status=200 1.756s url=https://www.myfonts.com/collections/giusy-font-akbartype/
[2026-10-09T13:03:36Z] #30 attempt=1/2 status=200 1.619s url=https://www.myfonts.com/collections/giusy-font-akbartype/?tab=techSpecs
[2026-10-09T13:03:37Z] #31 attempt=1/2 status=200 0.490s url=https://www.myfonts.com/products/black-italic-jettic-1239061
[2026-10-09T13:03:38Z] #32 attempt=1/2 status=200 0.507s url=https://www.myfonts.com/collections/jettic-font-eotype/
[2026-10-09T13:03:39Z] #33 attempt=1/2 status=200 0.342s url=https://www.myfonts.com/collections/jettic-font-eotype/?tab=techSpecs
[2026-10-09T13:03:40Z] #34 attempt=1/2 status=200 0.386s url=https://www.myfonts.com/products/regular-macalimo-1239002
[2026-10-09T13:03:40Z] #35 attempt=1/2 status=200 0.402s url=https://www.myfonts.com/collections/macalimo-font-hishand-studio/
[2026-10-09T13:03:41Z] #36 attempt=1/2 status=200 0.346s url=https://www.myfonts.com/collections/macalimo-font-hishand-studio/?tab=techSpecs
[2026-10-09T13:03:42Z] #37 attempt=1/2 status=200 0.390s url=https://www.myfonts.com/products/script-regular-gilded-lumiere-1239076
[2026-10-09T13:03:42Z] #38 attempt=1/2 status=200 0.356s url=https://www.myfonts.com/collections/gilded-lumiere-font-jinan-studio/
[2026-10-09T13:03:43Z] #39 attempt=1/2 status=200 0.360s url=https://www.myfonts.com/collections/gilded-lumiere-font-jinan-studio/?tab=techSpecs
[2026-10-09T13:03:45Z] #40 attempt=1/2 status=200 0.363s url=https://www.myfonts.com/products/regular-moskaw-1239082
[2026-10-09T13:03:46Z] #41 attempt=1/2 status=200 0.429s url=https://www.myfonts.com/collections/moskaw-font-jafar07/
[2026-10-09T13:03:46Z] #42 attempt=1/2 status=200 0.394s url=https://www.myfonts.com/collections/moskaw-font-jafar07/?tab=techSpecs
[2026-10-09T13:03:48Z] #43 attempt=1/2 status=200 1.237s url=https://www.myfonts.com/products/sf-cntr-semibold-semicondensed-italic-zelmorith-1239823
[2026-10-09T13:03:50Z] #44 attempt=1/2 status=200 1.402s url=https://www.myfonts.com/collections/zelmorith-font-propertype/
[2026-10-09T13:03:52Z] #45 attempt=1/2 status=200 1.310s url=https://www.myfonts.com/collections/zelmorith-font-propertype/?tab=techSpecs
[2026-10-09T13:03:53Z] #46 attempt=1/2 status=200 0.361s url=https://www.myfonts.com/products/hairline-rithum-1240072
[2026-10-09T13:03:54Z] #47 attempt=1/2 status=200 0.470s url=https://www.myfonts.com/collections/rithum-font-blaze-type/
[2026-10-09T13:03:54Z] #48 attempt=1/2 status=200 0.319s url=https://www.myfonts.com/collections/rithum-font-blaze-type/?tab=techSpecs
[2026-10-09T13:03:55Z] #49 attempt=1/2 status=200 0.392s url=https://www.myfonts.com/products/cond-med-italic-psekas-pro-1240104
[2026-10-09T13:03:56Z] #50 attempt=1/2 status=200 0.371s url=https://www.myfonts.com/collections/psekas-pro-font-dbsv-moulding-ideas/
[2026-10-09T13:03:57Z] #51 attempt=1/2 status=200 0.485s url=https://www.myfonts.com/collections/psekas-pro-font-dbsv-moulding-ideas/?tab=techSpecs
[2026-10-09T13:03:58Z] #52 attempt=1/2 status=200 0.347s url=https://www.myfonts.com/products/regular-yanura-1239977
[2026-10-09T13:03:58Z] #53 attempt=1/2 status=200 0.461s url=https://www.myfonts.com/collections/yanura-font-dareco-studio/
[2026-10-09T13:03:59Z] #54 attempt=1/2 status=200 0.443s url=https://www.myfonts.com/collections/yanura-font-dareco-studio/?tab=techSpecs
[2026-10-09T13:04:00Z] #55 attempt=1/2 status=200 0.389s url=https://www.myfonts.com/products/serif-norhaven-1239068
[2026-10-09T13:04:01Z] #56 attempt=1/2 status=200 0.400s url=https://www.myfonts.com/collections/norhaven-font-din-studio/
[2026-10-09T13:04:01Z] #57 attempt=1/2 status=200 0.305s url=https://www.myfonts.com/collections/norhaven-font-din-studio/?tab=techSpecs
[2026-10-09T13:04:02Z] #58 attempt=1/2 status=200 0.356s url=https://www.myfonts.com/products/regular-nostalgic-nineties-1240147
[2026-10-09T13:04:03Z] #59 attempt=1/2 status=200 0.347s url=https://www.myfonts.com/collections/nostalgic-nineties-font-jaruka-creative/
[2026-10-09T13:04:03Z] #60 attempt=1/2 status=200 0.403s url=https://www.myfonts.com/collections/nostalgic-nineties-font-jaruka-creative/?tab=techSpecs
[2026-10-09T13:04:04Z] #61 attempt=1/2 status=200 0.321s url=https://www.myfonts.com/products/regular-kover-1239859
[2026-10-09T13:04:05Z] #62 attempt=1/2 status=200 0.348s url=https://www.myfonts.com/collections/kover-font-dareco-studio/
[2026-10-09T13:04:05Z] #63 attempt=1/2 status=200 0.338s url=https://www.myfonts.com/collections/kover-font-dareco-studio/?tab=techSpecs
[2026-10-09T13:04:06Z] #64 attempt=1/2 status=200 0.388s url=https://www.myfonts.com/products/regular-rialo-1239916
[2026-10-09T13:04:07Z] #65 attempt=1/2 status=200 0.427s url=https://www.myfonts.com/collections/rialo-font-dareco-studio/
[2026-10-09T13:04:08Z] #66 attempt=1/2 status=200 0.366s url=https://www.myfonts.com/collections/rialo-font-dareco-studio/?tab=techSpecs
[2026-10-09T13:04:09Z] #67 attempt=1/2 status=200 0.465s url=https://www.myfonts.com/products/regular-rocatsy-1239042
[2026-10-09T13:04:09Z] #68 attempt=1/2 status=200 0.338s url=https://www.myfonts.com/collections/rocatsy-font-maulana-creative/
[2026-10-09T13:04:10Z] #69 attempt=1/2 status=200 0.292s url=https://www.myfonts.com/collections/rocatsy-font-maulana-creative/?tab=techSpecs
[2026-10-09T13:04:13Z] #70 attempt=1/6 status=200 0.914s url=https://www.myfonts.com/products.json?limit=100&page=2
[2026-10-09T13:04:13Z] #71 attempt=1/2 status=200 0.378s url=https://www.myfonts.com/products/regular-sweetbell-1239001
[2026-10-09T13:04:14Z] #72 attempt=1/2 status=200 0.412s url=https://www.myfonts.com/collections/sweetbell-font-letterhanna-studio/
[2026-10-09T13:04:15Z] #73 attempt=1/2 status=200 0.389s url=https://www.myfonts.com/collections/sweetbell-font-letterhanna-studio/?tab=techSpecs
[2026-10-09T13:04:15Z] #74 attempt=1/2 status=200 0.413s url=https://www.myfonts.com/products/regular-glion-1240024
[2026-10-09T13:04:16Z] #75 attempt=1/2 status=200 0.317s url=https://www.myfonts.com/collections/glion-font-dareco-studio/
[2026-10-09T13:04:17Z] #76 attempt=1/2 status=200 0.391s url=https://www.myfonts.com/collections/glion-font-dareco-studio/?tab=techSpecs
[2026-10-09T13:04:18Z] #77 attempt=1/2 status=200 0.430s url=https://www.myfonts.com/products/regular-gabriel-rhys-hawthorne-1238983
[2026-10-09T13:04:18Z] #78 attempt=1/2 status=200 0.335s url=https://www.myfonts.com/collections/gabriel-rhys-hawthorne-font-struggle-studio/
[2026-10-09T13:04:19Z] #79 attempt=1/2 status=200 0.363s url=https://www.myfonts.com/collections/gabriel-rhys-hawthorne-font-struggle-studio/?tab=techSpecs
[2026-10-09T13:04:20Z] #80 attempt=1/2 status=200 0.351s url=https://www.myfonts.com/products/regular-aloows-1239066
[2026-10-09T13:04:20Z] #81 attempt=1/2 status=200 0.400s url=https://www.myfonts.com/collections/aloows-font-letternesia-studio/
[2026-10-09T13:04:21Z] #82 attempt=1/2 status=200 0.382s url=https://www.myfonts.com/collections/aloows-font-letternesia-studio/?tab=techSpecs
[2026-10-09T13:04:22Z] #83 attempt=1/2 status=200 0.386s url=https://www.myfonts.com/products/effect-resistor-slab-1239417
[2026-10-09T13:04:22Z] #84 attempt=1/2 status=200 0.372s url=https://www.myfonts.com/collections/resistor-slab-font-gleb-guralnyk/
[2026-10-09T13:04:23Z] #85 attempt=1/2 status=200 0.334s url=https://www.myfonts.com/collections/resistor-slab-font-gleb-guralnyk/?tab=techSpecs
[2026-10-09T13:04:24Z] #86 attempt=1/2 status=200 0.461s url=https://www.myfonts.com/products/carvent-script-carvent-neutral-1239012
[2026-10-09T13:04:25Z] #87 attempt=1/2 status=200 0.395s url=https://www.myfonts.com/collections/carvent-neutral-font-letterhend/
[2026-10-09T13:04:26Z] #88 attempt=1/2 status=200 0.391s url=https://www.myfonts.com/collections/carvent-neutral-font-letterhend/?tab=techSpecs
[2026-10-09T13:04:26Z] #89 attempt=1/2 status=200 0.414s url=https://www.myfonts.com/products/variable-basler-1239156
[2026-10-09T13:04:27Z] #90 attempt=1/2 status=200 0.435s url=https://www.myfonts.com/collections/basler-font-mbonster/
[2026-10-09T13:04:28Z] #91 attempt=1/2 status=200 0.352s url=https://www.myfonts.com/collections/basler-font-mbonster/?tab=techSpecs
[2026-10-09T13:04:29Z] #92 attempt=1/2 status=200 0.353s url=https://www.myfonts.com/products/regular-nmsweethome-1240145
[2026-10-09T13:04:29Z] #93 attempt=1/2 status=200 0.416s url=https://www.myfonts.com/collections/nmsweethome-font-norm/
[2026-10-09T13:04:30Z] #94 attempt=1/2 status=200 0.401s url=https://www.myfonts.com/collections/nmsweethome-font-norm/?tab=techSpecs
[2026-10-09T13:04:32Z] #95 attempt=1/6 status=200 1.091s url=https://www.myfonts.com/products.json?limit=100&page=3
[2026-10-09T13:04:33Z] #96 attempt=1/2 status=200 0.397s url=https://www.myfonts.com/products/regular-detra-1239803
[2026-10-09T13:04:33Z] #97 attempt=1/2 status=200 0.490s url=https://www.myfonts.com/collections/detra-font-dareco-studio/
[2026-10-09T13:04:34Z] #98 attempt=1/2 status=200 0.386s url=https://www.myfonts.com/collections/detra-font-dareco-studio/?tab=techSpecs
[2026-10-09T13:04:35Z] #99 attempt=1/2 status=200 0.332s url=https://www.myfonts.com/products/regular-garielos-mobegt-1239702
[2026-10-09T13:04:36Z] #100 attempt=1/2 status=200 0.443s url=https://www.myfonts.com/collections/garielos-mobegt-font-maulana-creative/
[2026-10-09T13:04:36Z] #101 attempt=1/2 status=200 0.393s url=https://www.myfonts.com/collections/garielos-mobegt-font-maulana-creative/?tab=techSpecs
[2026-10-09T13:04:38Z] #102 attempt=1/2 status=200 0.405s url=https://www.myfonts.com/products/regular-mangi-1240141
[2026-10-09T13:04:39Z] #103 attempt=1/2 status=200 0.394s url=https://www.myfonts.com/collections/mangi-font-sensatype-studio/
[2026-10-09T13:04:40Z] #104 attempt=1/2 status=200 0.434s url=https://www.myfonts.com/collections/mangi-font-sensatype-studio/?tab=techSpecs
[2026-10-09T13:04:41Z] #105 attempt=1/2 status=200 0.417s url=https://www.myfonts.com/products/regular-coldnight-1238946
[2026-10-09T13:04:41Z] #106 attempt=1/2 status=200 0.336s url=https://www.myfonts.com/collections/coldnight-font-typehand-studio/
[2026-10-09T13:04:42Z] #107 attempt=1/2 status=200 0.387s url=https://www.myfonts.com/collections/coldnight-font-typehand-studio/?tab=techSpecs
[2026-10-09T13:04:43Z] #108 attempt=1/2 status=200 0.452s url=https://www.myfonts.com/products/kelopak-display-regular-kelopak-outline-display-1240136
[2026-10-09T13:04:43Z] #109 attempt=1/2 status=200 0.457s url=https://www.myfonts.com/collections/kelopak-outline-display-font-tebaltipis-studio/
[2026-10-09T13:04:44Z] #110 attempt=1/2 status=200 0.446s url=https://www.myfonts.com/collections/kelopak-outline-display-font-tebaltipis-studio/?tab=techSpecs
[2026-10-09T13:04:45Z] #111 attempt=1/2 status=200 0.401s url=https://www.myfonts.com/products/italic-onilery-1240094
[2026-10-09T13:04:46Z] #112 attempt=1/2 status=200 0.393s url=https://www.myfonts.com/collections/onilery-font-vermilione/
[2026-10-09T13:04:47Z] #113 attempt=1/2 status=200 0.482s url=https://www.myfonts.com/collections/onilery-font-vermilione/?tab=techSpecs
[2026-10-09T13:04:47Z] #114 attempt=1/2 status=200 0.333s url=https://www.myfonts.com/products/italic-mepro-exoren-1240144
[2026-10-09T13:04:48Z] #115 attempt=1/2 status=404 0.321s url=https://www.myfonts.com/collections/italic-mepro-exoren-1240144-font-trabas-kriya
[2026-10-09T13:04:49Z] #116 attempt=1/2 status=200 0.546s url=https://www.myfonts.com/products/light-goudy-modern-now-1238491
[2026-10-09T13:04:50Z] #117 attempt=1/2 status=200 0.718s url=https://www.myfonts.com/collections/goudy-modern-now-font-monotype-imaging/
[2026-10-09T13:04:51Z] #118 attempt=1/2 status=200 0.616s url=https://www.myfonts.com/collections/goudy-modern-now-font-monotype-imaging/?tab=techSpecs
[2026-10-09T13:04:52Z] #119 attempt=1/2 status=200 0.503s url=https://www.myfonts.com/products/identification-complete-family-package-1238142
[2026-10-09T13:04:53Z] #120 attempt=1/2 status=200 0.558s url=https://www.myfonts.com/collections/identification-font-device/
[2026-10-09T13:04:53Z] #121 attempt=1/2 status=200 0.434s url=https://www.myfonts.com/collections/identification-font-device/?tab=techSpecs
[2026-10-09T13:04:56Z] #122 attempt=1/6 status=200 1.135s url=https://www.myfonts.com/products.json?limit=100&page=4
[2026-10-09T13:04:57Z] #123 attempt=1/2 status=200 0.741s url=https://www.myfonts.com/products/elsie-complete-family-package-1237991
[2026-10-09T13:04:58Z] #124 attempt=1/2 status=200 0.810s url=https://www.myfonts.com/collections/elsie-font-device/
[2026-10-09T13:04:59Z] #125 attempt=1/2 status=200 0.765s url=https://www.myfonts.com/collections/elsie-font-device/?tab=techSpecs
[2026-10-09T13:05:00Z] #126 attempt=1/2 status=200 0.543s url=https://www.myfonts.com/products/korolev-serif-alts-complete-family-package-1238024
[2026-10-09T13:05:01Z] #127 attempt=1/2 status=200 0.718s url=https://www.myfonts.com/collections/korolev-serif-alts-font-device/
[2026-10-09T13:05:02Z] #128 attempt=1/2 status=200 0.569s url=https://www.myfonts.com/collections/korolev-serif-alts-font-device/?tab=techSpecs
[2026-10-09T13:05:03Z] #129 attempt=1/2 status=200 0.578s url=https://www.myfonts.com/products/hackensack-complete-family-package-1237657
[2026-10-09T13:05:04Z] #130 attempt=1/2 status=200 0.939s url=https://www.myfonts.com/collections/hackensack-font-typodermic/
[2026-10-09T13:05:06Z] #131 attempt=1/2 status=200 0.760s url=https://www.myfonts.com/collections/hackensack-font-typodermic/?tab=techSpecs
[2026-10-09T13:05:07Z] #132 attempt=1/2 status=200 0.543s url=https://www.myfonts.com/products/greystoke-complete-family-package-1237976
[2026-10-09T13:05:08Z] #133 attempt=1/2 status=200 0.614s url=https://www.myfonts.com/collections/greystoke-font-device/
[2026-10-09T13:05:08Z] #134 attempt=1/2 status=200 0.459s url=https://www.myfonts.com/collections/greystoke-font-device/?tab=techSpecs
[2026-10-09T13:05:10Z] #135 attempt=1/2 status=200 0.513s url=https://www.myfonts.com/products/qualia-complete-family-package-1238041
[2026-10-09T13:05:11Z] #136 attempt=1/2 status=200 0.608s url=https://www.myfonts.com/collections/qualia-font-device/
[2026-10-09T13:05:12Z] #137 attempt=1/2 status=200 0.776s url=https://www.myfonts.com/collections/qualia-font-device/?tab=techSpecs
[2026-10-09T13:05:13Z] #138 attempt=1/2 status=200 0.345s url=https://www.myfonts.com/products/substrata-complete-family-package-1238056
[2026-10-09T13:05:13Z] #139 attempt=1/2 status=200 0.415s url=https://www.myfonts.com/collections/substrata-font-device/
[2026-10-09T13:05:14Z] #140 attempt=1/2 status=200 0.472s url=https://www.myfonts.com/collections/substrata-font-device/?tab=techSpecs
[2026-10-09T13:05:15Z] #141 attempt=1/2 status=200 0.405s url=https://www.myfonts.com/products/kallisto-stencil-complete-family-package-1238136
[2026-10-09T13:05:16Z] #142 attempt=1/2 status=200 0.411s url=https://www.myfonts.com/collections/kallisto-stencil-font-device/
[2026-10-09T13:05:17Z] #143 attempt=1/2 status=200 0.444s url=https://www.myfonts.com/collections/kallisto-stencil-font-device/?tab=techSpecs
[2026-10-09T13:05:19Z] #144 attempt=1/2 status=200 1.622s url=https://www.myfonts.com/products/azelith-complete-family-package-1238158
[2026-10-09T13:05:22Z] #145 attempt=1/2 status=200 2.114s url=https://www.myfonts.com/collections/azelith-font-nia-typework/
[2026-10-09T13:05:24Z] #146 attempt=1/2 status=200 1.848s url=https://www.myfonts.com/collections/azelith-font-nia-typework/?tab=techSpecs
[2026-10-09T13:05:26Z] #147 attempt=1/2 status=200 0.373s url=https://www.myfonts.com/products/knobcheese-complete-family-package-1238020
[2026-10-09T13:05:26Z] #148 attempt=1/2 status=200 0.443s url=https://www.myfonts.com/collections/knobcheese-font-device/
[2026-10-09T13:05:27Z] #149 attempt=1/2 status=200 0.399s url=https://www.myfonts.com/collections/knobcheese-font-device/?tab=techSpecs
[2026-10-09T13:05:30Z] #150 attempt=1/2 status=200 2.393s url=https://www.myfonts.com/products/senviro-complete-family-package-1237870
[2026-10-09T13:05:34Z] #151 attempt=1/2 status=200 3.217s url=https://www.myfonts.com/collections/senviro-font-stripes-studio/
[2026-10-09T13:05:38Z] #152 attempt=1/2 status=200 3.209s url=https://www.myfonts.com/collections/senviro-font-stripes-studio/?tab=techSpecs
[2026-10-09T13:05:40Z] #153 attempt=1/2 status=200 0.431s url=https://www.myfonts.com/products/carburettor-complete-family-package-1238149
[2026-10-09T13:05:41Z] #154 attempt=1/2 status=200 0.436s url=https://www.myfonts.com/collections/carburettor-font-device/
[2026-10-09T13:05:42Z] #155 attempt=1/2 status=200 0.410s url=https://www.myfonts.com/collections/carburettor-font-device/?tab=techSpecs
[2026-10-09T13:05:43Z] #156 attempt=1/2 status=200 0.420s url=https://www.myfonts.com/products/stratagem-complete-family-package-1238097
[2026-10-09T13:05:43Z] #157 attempt=1/2 status=200 0.531s url=https://www.myfonts.com/collections/stratagem-font-device/
[2026-10-09T13:05:44Z] #158 attempt=1/2 status=200 0.428s url=https://www.myfonts.com/collections/stratagem-font-device/?tab=techSpecs
[2026-10-09T13:05:45Z] #159 attempt=1/2 status=200 0.434s url=https://www.myfonts.com/products/british-institutional-complete-family-package-1238105
[2026-10-09T13:05:46Z] #160 attempt=1/2 status=200 0.643s url=https://www.myfonts.com/collections/british-institutional-font-device/
[2026-10-09T13:05:47Z] #161 attempt=1/2 status=200 0.411s url=https://www.myfonts.com/collections/british-institutional-font-device/?tab=techSpecs
[2026-10-09T13:05:48Z] #162 attempt=1/2 status=200 0.397s url=https://www.myfonts.com/products/finlado-variable-complete-family-package-1238340
[2026-10-09T13:05:49Z] #163 attempt=1/2 status=200 0.456s url=https://www.myfonts.com/collections/finlado-variable-font-bartama-graphic/
[2026-10-09T13:05:50Z] #164 attempt=1/2 status=200 0.423s url=https://www.myfonts.com/collections/finlado-variable-font-bartama-graphic/?tab=techSpecs
[2026-10-09T13:05:51Z] #165 attempt=1/2 status=200 1.127s url=https://www.myfonts.com/products/delayed-love-complete-family-package-1238202
[2026-10-09T13:05:54Z] #166 attempt=1/2 status=200 2.338s url=https://www.myfonts.com/collections/delayed-love-font-abbastype/
[2026-10-09T13:05:58Z] #167 attempt=1/2 status=200 3.142s url=https://www.myfonts.com/collections/delayed-love-font-abbastype/?tab=techSpecs
[2026-10-09T13:05:59Z] #168 attempt=1/2 status=200 0.377s url=https://www.myfonts.com/products/lomax-complete-family-package-1237970
[2026-10-09T13:06:00Z] #169 attempt=1/2 status=200 0.425s url=https://www.myfonts.com/collections/lomax-font-device/
[2026-10-09T13:06:01Z] #170 attempt=1/2 status=200 0.391s url=https://www.myfonts.com/collections/lomax-font-device/?tab=techSpecs
[2026-10-09T13:06:02Z] #171 attempt=1/2 status=200 0.572s url=https://www.myfonts.com/products/machinehead-complete-family-package-1238085
[2026-10-09T13:06:03Z] #172 attempt=1/2 status=200 0.556s url=https://www.myfonts.com/collections/machinehead-font-device/
[2026-10-09T13:06:04Z] #173 attempt=1/2 status=200 0.534s url=https://www.myfonts.com/collections/machinehead-font-device/?tab=techSpecs
[2026-10-09T13:06:05Z] #174 attempt=1/2 status=200 0.347s url=https://www.myfonts.com/products/standpoint-complete-family-package-1238080
[2026-10-09T13:06:06Z] #175 attempt=1/2 status=200 0.670s url=https://www.myfonts.com/collections/standpoint-font-device/
[2026-10-09T13:06:07Z] #176 attempt=1/2 status=200 0.483s url=https://www.myfonts.com/collections/standpoint-font-device/?tab=techSpecs
[2026-10-09T13:06:08Z] #177 attempt=1/2 status=200 0.458s url=https://www.myfonts.com/products/chacaltana-complete-family-package-1238155
[2026-10-09T13:06:08Z] #178 attempt=1/2 status=200 0.367s url=https://www.myfonts.com/collections/chacaltana-font-device/
[2026-10-09T13:06:09Z] #179 attempt=1/2 status=200 0.346s url=https://www.myfonts.com/collections/chacaltana-font-device/?tab=techSpecs
[2026-10-09T13:06:10Z] #180 attempt=1/2 status=200 0.451s url=https://www.myfonts.com/products/pilatus-complete-family-package-1238345
[2026-10-09T13:06:11Z] #181 attempt=1/2 status=200 0.709s url=https://www.myfonts.com/collections/pilatus-font-milan-rohrer-studio/
[2026-10-09T13:06:12Z] #182 attempt=1/2 status=200 0.570s url=https://www.myfonts.com/collections/pilatus-font-milan-rohrer-studio/?tab=techSpecs
[2026-10-09T13:06:13Z] #183 attempt=1/2 status=200 0.358s url=https://www.myfonts.com/products/punk-runic-complete-family-package-1237967
[2026-10-09T13:06:14Z] #184 attempt=1/2 status=200 0.597s url=https://www.myfonts.com/collections/punk-runic-font-device/
[2026-10-09T13:06:15Z] #185 attempt=1/2 status=200 0.422s url=https://www.myfonts.com/collections/punk-runic-font-device/?tab=techSpecs
[2026-10-09T13:06:16Z] #186 attempt=1/2 status=200 0.413s url=https://www.myfonts.com/products/springer-complete-family-package-1238035
[2026-10-09T13:06:16Z] #187 attempt=1/2 status=200 0.443s url=https://www.myfonts.com/collections/springer-font-device/
[2026-10-09T13:06:17Z] #188 attempt=1/2 status=200 0.475s url=https://www.myfonts.com/collections/springer-font-device/?tab=techSpecs
[2026-10-09T13:06:18Z] #189 attempt=1/2 status=200 0.371s url=https://www.myfonts.com/products/maisonette-complete-family-package-1237962
[2026-10-09T13:06:19Z] #190 attempt=1/2 status=200 0.474s url=https://www.myfonts.com/collections/maisonette-font-device/
[2026-10-09T13:06:20Z] #191 attempt=1/2 status=200 0.361s url=https://www.myfonts.com/collections/maisonette-font-device/?tab=techSpecs
[2026-10-09T13:06:23Z] #192 attempt=1/2 status=200 2.491s url=https://www.myfonts.com/products/nuviora-complete-family-package-1238360
[2026-10-09T13:06:27Z] #193 attempt=1/2 status=200 3.234s url=https://www.myfonts.com/collections/nuviora-font-stripes-studio/
[2026-10-09T13:06:33Z] #194 attempt=1/2 status=200 4.969s url=https://www.myfonts.com/collections/nuviora-font-stripes-studio/?tab=techSpecs
[2026-10-09T13:06:35Z] #195 attempt=1/2 status=200 0.411s url=https://www.myfonts.com/products/korolev-serif-complete-family-package-1238060
[2026-10-09T13:06:35Z] #196 attempt=1/2 status=200 0.508s url=https://www.myfonts.com/collections/korolev-serif-font-device/
[2026-10-09T13:06:36Z] #197 attempt=1/2 status=200 0.519s url=https://www.myfonts.com/collections/korolev-serif-font-device/?tab=techSpecs
[2026-10-09T13:06:37Z] #198 attempt=1/2 status=200 0.434s url=https://www.myfonts.com/products/psientist-complete-family-package-1238070
[2026-10-09T13:06:38Z] #199 attempt=1/2 status=200 0.471s url=https://www.myfonts.com/collections/psientist-font-device/
[2026-10-09T13:06:39Z] #200 attempt=1/2 status=200 0.422s url=https://www.myfonts.com/collections/psientist-font-device/?tab=techSpecs
[2026-10-09T13:06:40Z] #201 attempt=1/2 status=200 0.392s url=https://www.myfonts.com/products/crash-bang-wallop-complete-family-package-1238120
[2026-10-09T13:06:41Z] #202 attempt=1/2 status=200 0.756s url=https://www.myfonts.com/collections/crash-bang-wallop-font-device/
[2026-10-09T13:06:42Z] #203 attempt=1/2 status=200 0.435s url=https://www.myfonts.com/collections/crash-bang-wallop-font-device/?tab=techSpecs
[2026-10-09T13:06:43Z] #204 attempt=1/2 status=200 0.423s url=https://www.myfonts.com/products/tuscana-complete-family-package-1238127
[2026-10-09T13:06:44Z] #205 attempt=1/2 status=200 0.540s url=https://www.myfonts.com/collections/tuscana-font-device/
[2026-10-09T13:06:44Z] #206 attempt=1/2 status=200 0.593s url=https://www.myfonts.com/collections/tuscana-font-device/?tab=techSpecs
[2026-10-09T13:06:46Z] #207 attempt=1/2 status=200 0.431s url=https://www.myfonts.com/products/piazzetta-complete-family-package-1238133
[2026-10-09T13:06:46Z] #208 attempt=1/2 status=200 0.441s url=https://www.myfonts.com/collections/piazzetta-font-device/
[2026-10-09T13:06:47Z] #209 attempt=1/2 status=200 0.383s url=https://www.myfonts.com/collections/piazzetta-font-device/?tab=techSpecs
[2026-10-09T13:06:49Z] #210 attempt=1/2 status=200 0.377s url=https://www.myfonts.com/products/standard-pilatus-variable-1238344
[2026-10-09T13:06:49Z] #211 attempt=1/2 status=200 0.438s url=https://www.myfonts.com/collections/pilatus-variable-font-milan-rohrer-studio/
[2026-10-09T13:06:50Z] #212 attempt=1/2 status=200 0.393s url=https://www.myfonts.com/collections/pilatus-variable-font-milan-rohrer-studio/?tab=techSpecs
[2026-10-09T13:06:51Z] #213 attempt=1/2 status=200 0.386s url=https://www.myfonts.com/products/regular-jewelsmith-1238079
[2026-10-09T13:06:52Z] #214 attempt=1/2 status=200 0.380s url=https://www.myfonts.com/collections/jewelsmith-font-device/
[2026-10-09T13:06:52Z] #215 attempt=1/2 status=200 0.435s url=https://www.myfonts.com/collections/jewelsmith-font-device/?tab=techSpecs
[2026-10-09T13:06:53Z] #216 attempt=1/2 status=200 0.317s url=https://www.myfonts.com/products/stencil-superstructure-1238077
[2026-10-09T13:06:54Z] #217 attempt=1/2 status=200 0.369s url=https://www.myfonts.com/collections/superstructure-font-device/
[2026-10-09T13:06:54Z] #218 attempt=1/2 status=200 0.345s url=https://www.myfonts.com/collections/superstructure-font-device/?tab=techSpecs
[2026-10-09T13:06:56Z] #219 attempt=1/6 status=200 1.010s url=https://www.myfonts.com/products.json?limit=100&page=5
[2026-10-09T13:06:57Z] #220 attempt=1/2 status=200 0.335s url=https://www.myfonts.com/products/regular-frequency-1238154
[2026-10-09T13:06:57Z] #221 attempt=1/2 status=200 0.344s url=https://www.myfonts.com/collections/frequency-font-device/
[2026-10-09T13:06:58Z] #222 attempt=1/2 status=200 0.377s url=https://www.myfonts.com/collections/frequency-font-device/?tab=techSpecs
[2026-10-09T13:06:59Z] #223 attempt=1/2 status=200 0.405s url=https://www.myfonts.com/products/regular-xenith-1238096
[2026-10-09T13:06:59Z] #224 attempt=1/2 status=200 0.445s url=https://www.myfonts.com/collections/xenith-font-device/
[2026-10-09T13:07:00Z] #225 attempt=1/2 status=200 0.433s url=https://www.myfonts.com/collections/xenith-font-device/?tab=techSpecs
[2026-10-09T13:07:01Z] #226 attempt=1/2 status=200 0.373s url=https://www.myfonts.com/products/regular-rackleberry-1237975
[2026-10-09T13:07:02Z] #227 attempt=1/2 status=200 0.508s url=https://www.myfonts.com/collections/rackleberry-font-device/
[2026-10-09T13:07:03Z] #228 attempt=1/2 status=200 0.452s url=https://www.myfonts.com/collections/rackleberry-font-device/?tab=techSpecs
[2026-10-09T13:07:03Z] #229 attempt=1/2 status=200 0.403s url=https://www.myfonts.com/products/regular-kerberos-1238034
[2026-10-09T13:07:04Z] #230 attempt=1/2 status=200 0.379s url=https://www.myfonts.com/collections/kerberos-font-device/
[2026-10-09T13:07:05Z] #231 attempt=1/2 status=200 0.345s url=https://www.myfonts.com/collections/kerberos-font-device/?tab=techSpecs
[2026-10-09T13:07:06Z] #232 attempt=1/2 status=200 0.330s url=https://www.myfonts.com/products/regular-fresko-tablet-1238078
[2026-10-09T13:07:06Z] #233 attempt=1/2 status=200 0.347s url=https://www.myfonts.com/collections/fresko-tablet-font-device/
[2026-10-09T13:07:07Z] #234 attempt=1/2 status=200 0.400s url=https://www.myfonts.com/collections/fresko-tablet-font-device/?tab=techSpecs
[2026-10-09T13:07:08Z] #235 attempt=1/2 status=200 0.329s url=https://www.myfonts.com/products/regular-hotrod-1238148
[2026-10-09T13:07:08Z] #236 attempt=1/2 status=200 0.389s url=https://www.myfonts.com/collections/hotrod-font-device/
[2026-10-09T13:07:09Z] #237 attempt=1/2 status=200 0.356s url=https://www.myfonts.com/collections/hotrod-font-device/?tab=techSpecs
[2026-10-09T13:07:10Z] #238 attempt=1/2 status=200 0.352s url=https://www.myfonts.com/products/regular-discotek-1238040
[2026-10-09T13:07:10Z] #239 attempt=1/2 status=200 0.428s url=https://www.myfonts.com/collections/discotek-font-device/
[2026-10-09T13:07:11Z] #240 attempt=1/2 status=200 0.380s url=https://www.myfonts.com/collections/discotek-font-device/?tab=techSpecs
[2026-10-09T13:07:13Z] #241 attempt=1/6 status=200 0.931s url=https://www.myfonts.com/products.json?limit=100&page=6
[2026-10-09T13:07:13Z] #242 attempt=1/2 status=200 0.398s url=https://www.myfonts.com/products/regular-karang-1237961
[2026-10-09T13:07:14Z] #243 attempt=1/2 status=200 0.365s url=https://www.myfonts.com/collections/karang-font-device/
[2026-10-09T13:07:15Z] #244 attempt=1/2 status=200 0.396s url=https://www.myfonts.com/collections/karang-font-device/?tab=techSpecs
[2026-10-09T13:07:18Z] #245 attempt=1/6 status=200 2.014s url=https://www.myfonts.com/products.json?limit=100&page=7
[2026-10-09T13:07:19Z] #246 attempt=1/2 status=200 0.785s url=https://www.myfonts.com/products/forme-grotesque-complete-family-package-1099794
[2026-10-09T13:07:20Z] #247 attempt=1/2 status=200 0.759s url=https://www.myfonts.com/collections/forme-grotesque-font-forme-type/
[2026-10-09T13:07:21Z] #248 attempt=1/2 status=200 0.727s url=https://www.myfonts.com/collections/forme-grotesque-font-forme-type/?tab=techSpecs
[2026-10-09T13:07:23Z] #249 attempt=1/6 status=200 0.807s url=https://www.myfonts.com/products.json?limit=100&page=8
[2026-10-09T13:07:24Z] #250 attempt=1/6 status=200 0.919s url=https://www.myfonts.com/products.json?limit=100&page=9
[2026-10-09T13:07:25Z] #251 attempt=1/2 status=200 0.403s url=https://www.myfonts.com/products/bicena-complete-family-package-1237193
[2026-10-09T13:07:25Z] #252 attempt=1/2 status=200 0.468s url=https://www.myfonts.com/collections/bicena-font-adam-fathony/
[2026-10-09T13:07:26Z] #253 attempt=1/2 status=200 0.290s url=https://www.myfonts.com/collections/bicena-font-adam-fathony/?tab=techSpecs
[2026-10-09T13:07:28Z] #254 attempt=1/2 status=200 1.710s url=https://www.myfonts.com/products/upright-and-italic-package-1237438
[2026-10-09T13:07:32Z] #255 attempt=1/2 status=200 2.969s url=https://www.myfonts.com/collections/agrestin-font-black-studio/
[2026-10-09T13:07:35Z] #256 attempt=1/2 status=200 2.322s url=https://www.myfonts.com/collections/agrestin-font-black-studio/?tab=techSpecs
[2026-10-09T13:07:37Z] #257 attempt=1/2 status=200 0.395s url=https://www.myfonts.com/products/valgrim-complete-family-package-1237231
[2026-10-09T13:07:37Z] #258 attempt=1/2 status=200 0.376s url=https://www.myfonts.com/collections/valgrim-font-auspicetype/
[2026-10-09T13:07:38Z] #259 attempt=1/2 status=200 0.449s url=https://www.myfonts.com/collections/valgrim-font-auspicetype/?tab=techSpecs
[2026-10-09T13:07:39Z] #260 attempt=1/2 status=200 0.537s url=https://www.myfonts.com/products/montreux-grotesk-complete-family-package-1237169
[2026-10-09T13:07:40Z] #261 attempt=1/2 status=200 0.876s url=https://www.myfonts.com/collections/montreux-grotesk-font-rohh/
[2026-10-09T13:07:41Z] #262 attempt=1/2 status=200 0.495s url=https://www.myfonts.com/collections/montreux-grotesk-font-rohh/?tab=techSpecs
[2026-10-09T13:07:43Z] #263 attempt=1/2 status=200 0.490s url=https://www.myfonts.com/products/dexialis-complete-family-package-1237677
[2026-10-09T13:07:44Z] #264 attempt=1/2 status=200 0.734s url=https://www.myfonts.com/collections/dexialis-font-bartama-graphic/
[2026-10-09T13:07:45Z] #265 attempt=1/2 status=200 0.807s url=https://www.myfonts.com/collections/dexialis-font-bartama-graphic/?tab=techSpecs
[2026-10-09T13:07:46Z] #266 attempt=1/2 status=200 0.354s url=https://www.myfonts.com/products/avenir-next-arabic-complete-family-package-1237849
[2026-10-09T13:07:47Z] #267 attempt=1/2 status=200 0.527s url=https://www.myfonts.com/collections/avenir-next-arabic-font-linotype/
[2026-10-09T13:07:48Z] #268 attempt=1/2 status=200 0.566s url=https://www.myfonts.com/collections/avenir-next-arabic-font-linotype/?tab=techSpecs
[2026-10-09T13:07:49Z] #269 attempt=1/2 status=200 0.411s url=https://www.myfonts.com/products/ayakanaasuka-complete-family-package-1237845
[2026-10-09T13:07:50Z] #270 attempt=1/2 status=200 0.501s url=https://www.myfonts.com/collections/ayakanaasuka-font-susumu-matsubayashi/
[2026-10-09T13:07:50Z] #271 attempt=1/2 status=200 0.488s url=https://www.myfonts.com/collections/ayakanaasuka-font-susumu-matsubayashi/?tab=techSpecs
[2026-10-09T13:07:52Z] #272 attempt=1/2 status=200 0.651s url=https://www.myfonts.com/products/nemona-complete-family-package-1237212
[2026-10-09T13:07:52Z] #273 attempt=1/2 status=200 0.483s url=https://www.myfonts.com/collections/nemona-font-asenbayu/
[2026-10-09T13:07:53Z] #274 attempt=1/2 status=200 0.558s url=https://www.myfonts.com/collections/nemona-font-asenbayu/?tab=techSpecs
[2026-10-09T13:07:54Z] #275 attempt=1/2 status=200 0.457s url=https://www.myfonts.com/products/lets-get-crazy-complete-family-package-1237168
[2026-10-09T13:07:55Z] #276 attempt=1/2 status=200 0.489s url=https://www.myfonts.com/collections/lets-get-crazy-font-pedro-teixeira/
[2026-10-09T13:07:56Z] #277 attempt=1/2 status=200 0.514s url=https://www.myfonts.com/collections/lets-get-crazy-font-pedro-teixeira/?tab=techSpecs
[2026-10-09T13:07:57Z] #278 attempt=1/2 status=200 0.367s url=https://www.myfonts.com/products/santamas-complete-family-package-1237242
[2026-10-09T13:07:58Z] #279 attempt=1/2 status=200 0.431s url=https://www.myfonts.com/collections/santamas-font-burntilldead/
[2026-10-09T13:07:58Z] #280 attempt=1/2 status=200 0.407s url=https://www.myfonts.com/collections/santamas-font-burntilldead/?tab=techSpecs
[2026-10-09T13:08:00Z] #281 attempt=1/2 status=200 0.410s url=https://www.myfonts.com/products/ottearai-complete-family-package-1237207
[2026-10-09T13:08:00Z] #282 attempt=1/2 status=200 0.464s url=https://www.myfonts.com/collections/ottearai-font-artiveko/
[2026-10-09T13:08:01Z] #283 attempt=1/2 status=200 0.399s url=https://www.myfonts.com/collections/ottearai-font-artiveko/?tab=techSpecs
[2026-10-09T13:08:02Z] #284 attempt=1/2 status=200 0.412s url=https://www.myfonts.com/products/ayakanaharuka-complete-family-package-1237841
[2026-10-09T13:08:03Z] #285 attempt=1/2 status=200 0.531s url=https://www.myfonts.com/collections/ayakanaharuka-font-susumu-matsubayashi/
[2026-10-09T13:08:04Z] #286 attempt=1/2 status=200 0.448s url=https://www.myfonts.com/collections/ayakanaharuka-font-susumu-matsubayashi/?tab=techSpecs
[2026-10-09T13:08:05Z] #287 attempt=1/2 status=200 0.413s url=https://www.myfonts.com/products/sunday-gaul-complete-family-package-1237653
[2026-10-09T13:08:05Z] #288 attempt=1/2 status=200 0.438s url=https://www.myfonts.com/collections/sunday-gaul-font-zut-alors/
[2026-10-09T13:08:06Z] #289 attempt=1/2 status=200 0.436s url=https://www.myfonts.com/collections/sunday-gaul-font-zut-alors/?tab=techSpecs
[2026-10-09T13:08:07Z] #290 attempt=1/2 status=200 0.410s url=https://www.myfonts.com/products/sogu-complete-family-package-1237167
[2026-10-09T13:08:08Z] #291 attempt=1/2 status=200 0.427s url=https://www.myfonts.com/collections/sogu-font-pedro-teixeira/
[2026-10-09T13:08:09Z] #292 attempt=1/2 status=200 0.322s url=https://www.myfonts.com/collections/sogu-font-pedro-teixeira/?tab=techSpecs
[2026-10-09T13:08:10Z] #293 attempt=1/2 status=200 0.391s url=https://www.myfonts.com/products/lucky-saint-complete-family-package-1237237
[2026-10-09T13:08:10Z] #294 attempt=1/2 status=200 0.477s url=https://www.myfonts.com/collections/lucky-saint-font-blankids/
[2026-10-09T13:08:11Z] #295 attempt=1/2 status=200 0.426s url=https://www.myfonts.com/collections/lucky-saint-font-blankids/?tab=techSpecs
[2026-10-09T13:08:12Z] #296 attempt=1/2 status=200 0.346s url=https://www.myfonts.com/products/monarche-complete-family-package-1237204
[2026-10-09T13:08:13Z] #297 attempt=1/2 status=200 0.381s url=https://www.myfonts.com/collections/monarche-font-anxietype-foundry/
[2026-10-09T13:08:13Z] #298 attempt=1/2 status=200 0.318s url=https://www.myfonts.com/collections/monarche-font-anxietype-foundry/?tab=techSpecs
[2026-10-09T13:08:14Z] #299 attempt=1/2 status=200 0.363s url=https://www.myfonts.com/products/ayakanamaika-complete-family-package-1237837
[2026-10-09T13:08:15Z] #300 attempt=1/2 status=200 0.588s url=https://www.myfonts.com/collections/ayakanamaika-font-susumu-matsubayashi/
[2026-10-09T13:08:16Z] #301 attempt=1/2 status=200 0.388s url=https://www.myfonts.com/collections/ayakanamaika-font-susumu-matsubayashi/?tab=techSpecs
[2026-10-09T13:08:17Z] #302 attempt=1/2 status=200 0.365s url=https://www.myfonts.com/products/cursed-spirit-complete-family-package-1237234
[2026-10-09T13:08:18Z] #303 attempt=1/2 status=200 0.458s url=https://www.myfonts.com/collections/cursed-spirit-font-bale-type/
[2026-10-09T13:08:18Z] #304 attempt=1/2 status=200 0.378s url=https://www.myfonts.com/collections/cursed-spirit-font-bale-type/?tab=techSpecs
[2026-10-09T13:08:20Z] #305 attempt=1/2 status=200 0.518s url=https://www.myfonts.com/products/rabelo-complete-family-package-1237166
[2026-10-09T13:08:20Z] #306 attempt=1/2 status=200 0.547s url=https://www.myfonts.com/collections/rabelo-font-pedro-teixeira/
[2026-10-09T13:08:21Z] #307 attempt=1/2 status=200 0.483s url=https://www.myfonts.com/collections/rabelo-font-pedro-teixeira/?tab=techSpecs
[2026-10-09T13:08:22Z] #308 attempt=1/2 status=200 0.430s url=https://www.myfonts.com/products/ayakanaepoka-complete-family-package-1237833
[2026-10-09T13:08:23Z] #309 attempt=1/2 status=200 0.391s url=https://www.myfonts.com/collections/ayakanaepoka-font-susumu-matsubayashi/
[2026-10-09T13:08:24Z] #310 attempt=1/2 status=200 0.403s url=https://www.myfonts.com/collections/ayakanaepoka-font-susumu-matsubayashi/?tab=techSpecs
[2026-10-09T13:08:25Z] #311 attempt=1/2 status=200 0.400s url=https://www.myfonts.com/products/bartonis-complete-family-package-1237196
[2026-10-09T13:08:25Z] #312 attempt=1/2 status=200 0.418s url=https://www.myfonts.com/collections/bartonis-font-ahweproject/
[2026-10-09T13:08:26Z] #313 attempt=1/2 status=200 0.381s url=https://www.myfonts.com/collections/bartonis-font-ahweproject/?tab=techSpecs
[2026-10-09T13:08:28Z] #314 attempt=1/6 status=200 0.994s url=https://www.myfonts.com/products.json?limit=100&page=10
[2026-10-09T13:08:29Z] #315 attempt=1/2 status=200 0.356s url=https://www.myfonts.com/products/regular-californian-signature-1237655
[2026-10-09T13:08:29Z] #316 attempt=1/2 status=200 0.314s url=https://www.myfonts.com/collections/californian-signature-font-anxietype-foundry/
[2026-10-09T13:08:30Z] #317 attempt=1/2 status=200 0.436s url=https://www.myfonts.com/collections/californian-signature-font-anxietype-foundry/?tab=techSpecs
[2026-10-09T13:08:31Z] #318 attempt=1/2 status=200 0.398s url=https://www.myfonts.com/products/regular-melathea-1237241
[2026-10-09T13:08:31Z] #319 attempt=1/2 status=200 0.397s url=https://www.myfonts.com/collections/melathea-font-bluestype-studio/
[2026-10-09T13:08:32Z] #320 attempt=1/2 status=200 0.364s url=https://www.myfonts.com/collections/melathea-font-bluestype-studio/?tab=techSpecs
[2026-10-09T13:08:34Z] #321 attempt=1/6 status=200 1.161s url=https://www.myfonts.com/products.json?limit=100&page=11
[2026-10-09T13:08:35Z] #322 attempt=1/6 status=200 0.817s url=https://www.myfonts.com/products.json?limit=100&page=12
[2026-10-09T13:08:37Z] #323 attempt=1/2 status=200 1.287s url=https://www.myfonts.com/products/semi-bold-italic-kenisya-1237759
[2026-10-09T13:08:39Z] #324 attempt=1/2 status=200 2.329s url=https://www.myfonts.com/collections/kenisya-font-mordex-studio/
[2026-10-09T13:08:43Z] #325 attempt=1/2 status=200 2.608s url=https://www.myfonts.com/collections/kenisya-font-mordex-studio/?tab=techSpecs
[2026-10-09T13:08:45Z] #326 attempt=1/6 status=200 0.784s url=https://www.myfonts.com/products.json?limit=100&page=13
[2026-10-09T13:08:47Z] #327 attempt=1/6 status=200 0.960s url=https://www.myfonts.com/products.json?limit=100&page=14
[2026-10-09T13:08:47Z] #328 attempt=1/2 status=200 0.477s url=https://www.myfonts.com/products/total-black-complete-family-package-1237658
[2026-10-09T13:08:48Z] #329 attempt=1/2 status=200 0.706s url=https://www.myfonts.com/collections/total-black-font-resistenza/
[2026-10-09T13:08:49Z] #330 attempt=1/2 status=200 0.605s url=https://www.myfonts.com/collections/total-black-font-resistenza/?tab=techSpecs
[2026-10-09T13:08:50Z] #331 attempt=1/2 status=200 0.501s url=https://www.myfonts.com/products/finlado-complete-family-package-1236753
[2026-10-09T13:08:51Z] #332 attempt=1/2 status=200 0.695s url=https://www.myfonts.com/collections/finlado-font-bartama-graphic/
[2026-10-09T13:08:52Z] #333 attempt=1/2 status=200 0.481s url=https://www.myfonts.com/collections/finlado-font-bartama-graphic/?tab=techSpecs
[2026-10-09T13:08:53Z] #334 attempt=1/2 status=200 0.397s url=https://www.myfonts.com/products/ghost-mortar-complete-family-package-1237608
[2026-10-09T13:08:54Z] #335 attempt=1/2 status=200 0.422s url=https://www.myfonts.com/collections/ghost-mortar-font-yoga-letter/
[2026-10-09T13:08:55Z] #336 attempt=1/2 status=200 0.414s url=https://www.myfonts.com/collections/ghost-mortar-font-yoga-letter/?tab=techSpecs
[2026-10-09T13:08:56Z] #337 attempt=1/2 status=200 0.345s url=https://www.myfonts.com/products/dettfass-trafalgar-complete-family-package-1237632
[2026-10-09T13:08:56Z] #338 attempt=1/2 status=200 0.455s url=https://www.myfonts.com/collections/dettfass-trafalgar-font-integritype/
[2026-10-09T13:08:57Z] #339 attempt=1/2 status=200 0.376s url=https://www.myfonts.com/collections/dettfass-trafalgar-font-integritype/?tab=techSpecs
[2026-10-09T13:08:58Z] #340 attempt=1/2 status=200 0.356s url=https://www.myfonts.com/products/alphaxen-wolfy-complete-family-package-1237614
[2026-10-09T13:08:59Z] #341 attempt=1/2 status=200 0.405s url=https://www.myfonts.com/collections/alphaxen-font-lab-foundry/
[2026-10-09T13:08:59Z] #342 attempt=1/2 status=200 0.391s url=https://www.myfonts.com/collections/alphaxen-font-lab-foundry/?tab=techSpecs
[2026-10-09T13:09:00Z] #343 attempt=1/2 status=200 0.502s url=https://www.myfonts.com/collections/alphaxen-font-lab-foundry/
[2026-10-09T13:09:01Z] #344 attempt=1/2 status=200 1.025s url=https://www.myfonts.com/products/meduim-package-1237541
[2026-10-09T13:09:03Z] #345 attempt=1/2 status=200 1.800s url=https://www.myfonts.com/collections/niranarasoft-font-hkl-studio/
[2026-10-09T13:09:06Z] #346 attempt=1/2 status=200 1.640s url=https://www.myfonts.com/collections/niranarasoft-font-hkl-studio/?tab=techSpecs
[2026-10-09T13:09:07Z] #347 attempt=1/2 status=200 0.418s url=https://www.myfonts.com/products/round-chips-complete-family-package-1237629
[2026-10-09T13:09:08Z] #348 attempt=1/2 status=200 0.348s url=https://www.myfonts.com/collections/round-chips-font-integritype/
[2026-10-09T13:09:08Z] #349 attempt=1/2 status=200 0.472s url=https://www.myfonts.com/collections/round-chips-font-integritype/?tab=techSpecs
[2026-10-09T13:09:10Z] #350 attempt=1/2 status=200 0.364s url=https://www.myfonts.com/products/reebbett-complete-family-package-1237587
[2026-10-09T13:09:10Z] #351 attempt=1/2 status=200 0.414s url=https://www.myfonts.com/collections/reebbett-font-integritype/
[2026-10-09T13:09:11Z] #352 attempt=1/2 status=200 0.334s url=https://www.myfonts.com/collections/reebbett-font-integritype/?tab=techSpecs
[2026-10-09T13:09:12Z] #353 attempt=1/2 status=200 0.374s url=https://www.myfonts.com/products/alventary-complete-family-package-1237603
[2026-10-09T13:09:12Z] #354 attempt=1/2 status=200 0.394s url=https://www.myfonts.com/collections/alventary-font-tini-fitriani/
[2026-10-09T13:09:13Z] #355 attempt=1/2 status=200 0.427s url=https://www.myfonts.com/collections/alventary-font-tini-fitriani/?tab=techSpecs
[2026-10-09T13:09:14Z] #356 attempt=1/2 status=200 0.386s url=https://www.myfonts.com/products/sketchitaliclc-complete-family-package-1237540
[2026-10-09T13:09:15Z] #357 attempt=1/2 status=200 0.415s url=https://www.myfonts.com/products/attas-complete-family-package-1237584
[2026-10-09T13:09:16Z] #358 attempt=1/2 status=200 0.428s url=https://www.myfonts.com/collections/attas-font-integritype/
[2026-10-09T13:09:16Z] #359 attempt=1/2 status=200 0.503s url=https://www.myfonts.com/collections/attas-font-integritype/?tab=techSpecs
[2026-10-09T13:09:17Z] #360 attempt=1/2 status=200 0.355s url=https://www.myfonts.com/products/rock-degun-complete-family-package-1237600
[2026-10-09T13:09:18Z] #361 attempt=1/2 status=200 0.426s url=https://www.myfonts.com/collections/rock-degun-font-integritype/
[2026-10-09T13:09:19Z] #362 attempt=1/2 status=200 0.356s url=https://www.myfonts.com/collections/rock-degun-font-integritype/?tab=techSpecs
[2026-10-09T13:09:20Z] #363 attempt=1/2 status=200 0.411s url=https://www.myfonts.com/products/giproda-complete-family-package-1237558
[2026-10-09T13:09:21Z] #364 attempt=1/2 status=200 0.765s url=https://www.myfonts.com/collections/giproda-font-vermilione/
[2026-10-09T13:09:22Z] #365 attempt=1/2 status=200 0.704s url=https://www.myfonts.com/collections/giproda-font-vermilione/?tab=techSpecs
[2026-10-09T13:09:23Z] #366 attempt=1/2 status=200 0.386s url=https://www.myfonts.com/products/knott-riccardo-complete-family-package-1237626
[2026-10-09T13:09:24Z] #367 attempt=1/2 status=200 0.396s url=https://www.myfonts.com/collections/knott-riccardo-font-integritype/
[2026-10-09T13:09:24Z] #368 attempt=1/2 status=200 0.374s url=https://www.myfonts.com/collections/knott-riccardo-font-integritype/?tab=techSpecs
[2026-10-09T13:09:25Z] #369 attempt=1/2 status=200 0.374s url=https://www.myfonts.com/products/cs-franco-complete-family-package-1237548
[2026-10-09T13:09:26Z] #370 attempt=1/2 status=200 0.419s url=https://www.myfonts.com/collections/cs-franco-font-craft-supply-co/
[2026-10-09T13:09:27Z] #371 attempt=1/2 status=200 0.339s url=https://www.myfonts.com/collections/cs-franco-font-craft-supply-co/?tab=techSpecs
[2026-10-09T13:09:28Z] #372 attempt=1/2 status=200 0.344s url=https://www.myfonts.com/products/black-raint-complete-family-package-1237596
[2026-10-09T13:09:28Z] #373 attempt=1/2 status=200 0.380s url=https://www.myfonts.com/collections/black-raint-font-integritype/
[2026-10-09T13:09:29Z] #374 attempt=1/2 status=200 0.507s url=https://www.myfonts.com/collections/black-raint-font-integritype/?tab=techSpecs
[2026-10-09T13:09:30Z] #375 attempt=1/2 status=200 0.418s url=https://www.myfonts.com/products/leandro-daniel-complete-family-package-1237593
[2026-10-09T13:09:31Z] #376 attempt=1/2 status=200 0.428s url=https://www.myfonts.com/collections/leandro-daniel-font-integritype/
[2026-10-09T13:09:32Z] #377 attempt=1/2 status=200 0.380s url=https://www.myfonts.com/collections/leandro-daniel-font-integritype/?tab=techSpecs
[2026-10-09T13:09:33Z] #378 attempt=1/2 status=200 0.418s url=https://www.myfonts.com/products/treebud-complete-family-package-1237622
[2026-10-09T13:09:34Z] #379 attempt=1/2 status=200 0.462s url=https://www.myfonts.com/collections/treebud-font-hasnat-studio/
[2026-10-09T13:09:34Z] #380 attempt=1/2 status=200 0.436s url=https://www.myfonts.com/collections/treebud-font-hasnat-studio/?tab=techSpecs
[2026-10-09T13:09:35Z] #381 attempt=1/2 status=200 0.499s url=https://www.myfonts.com/products/ice9lc-complete-family-package-1237440
[2026-10-09T13:09:36Z] #382 attempt=1/2 status=200 0.373s url=https://www.myfonts.com/products/gemura-complete-family-package-1237617
[2026-10-09T13:09:37Z] #383 attempt=1/2 status=200 0.499s url=https://www.myfonts.com/collections/gemura-font-dareco-studio/
[2026-10-09T13:09:37Z] #384 attempt=1/2 status=200 0.423s url=https://www.myfonts.com/collections/gemura-font-dareco-studio/?tab=techSpecs
[2026-10-09T13:09:39Z] #385 attempt=1/2 status=200 0.441s url=https://www.myfonts.com/products/risess-singature-complete-family-package-1237590
[2026-10-09T13:09:39Z] #386 attempt=1/2 status=200 0.491s url=https://www.myfonts.com/collections/risess-singature-font-integritype/
[2026-10-09T13:09:40Z] #387 attempt=1/2 status=200 0.401s url=https://www.myfonts.com/collections/risess-singature-font-integritype/?tab=techSpecs
[2026-10-09T13:09:41Z] #388 attempt=1/2 status=200 0.412s url=https://www.myfonts.com/products/regular-roslenk-v2-1237482
[2026-10-09T13:09:42Z] #389 attempt=1/2 status=200 0.341s url=https://www.myfonts.com/collections/roslenk-v2-font-flawlessandco/
[2026-10-09T13:09:42Z] #390 attempt=1/2 status=200 0.315s url=https://www.myfonts.com/collections/roslenk-v2-font-flawlessandco/?tab=techSpecs
[2026-10-09T13:09:43Z] #391 attempt=1/2 status=200 0.410s url=https://www.myfonts.com/products/regular-rustic-montera-1237556
[2026-10-09T13:09:44Z] #392 attempt=1/2 status=200 0.422s url=https://www.myfonts.com/collections/rustic-montera-font-unitype-studio/
[2026-10-09T13:09:45Z] #393 attempt=1/2 status=200 0.354s url=https://www.myfonts.com/collections/rustic-montera-font-unitype-studio/?tab=techSpecs
[2026-10-09T13:09:46Z] #394 attempt=1/6 status=200 0.888s url=https://www.myfonts.com/products.json?limit=100&page=15
[2026-10-09T13:09:47Z] #395 attempt=1/2 status=200 0.309s url=https://www.myfonts.com/products/regular-orcish-1237580
[2026-10-09T13:09:47Z] #396 attempt=1/2 status=200 0.374s url=https://www.myfonts.com/collections/orcish-font-hanzel-space/
[2026-10-09T13:09:48Z] #397 attempt=1/2 status=200 0.354s url=https://www.myfonts.com/collections/orcish-font-hanzel-space/?tab=techSpecs
[2026-10-09T13:09:49Z] #398 attempt=1/2 status=200 0.363s url=https://www.myfonts.com/products/regular-arcon-1237579
[2026-10-09T13:09:50Z] #399 attempt=1/2 status=200 0.421s url=https://www.myfonts.com/collections/arcon-font-sensatype-studio/
[2026-10-09T13:09:50Z] #400 attempt=1/2 status=200 0.324s url=https://www.myfonts.com/collections/arcon-font-sensatype-studio/?tab=techSpecs
[2026-10-09T13:09:51Z] #401 attempt=1/2 status=200 0.332s url=https://www.myfonts.com/products/regular-eternal-heaven-1237578
[2026-10-09T13:09:52Z] #402 attempt=1/2 status=200 0.474s url=https://www.myfonts.com/collections/eternal-heaven-font-hanzel-space/
[2026-10-09T13:09:52Z] #403 attempt=1/2 status=200 0.349s url=https://www.myfonts.com/collections/eternal-heaven-font-hanzel-space/?tab=techSpecs
[2026-10-09T13:09:53Z] #404 attempt=1/2 status=200 0.334s url=https://www.myfonts.com/products/regular-my-rabling-pixel-1237445
[2026-10-09T13:09:54Z] #405 attempt=1/2 status=200 0.366s url=https://www.myfonts.com/collections/my-rabling-pixel-font-tebaltipis-studio/
[2026-10-09T13:09:54Z] #406 attempt=1/2 status=200 0.357s url=https://www.myfonts.com/collections/my-rabling-pixel-font-tebaltipis-studio/?tab=techSpecs
[2026-10-09T13:09:55Z] #407 attempt=1/2 status=200 0.321s url=https://www.myfonts.com/products/regular-naster-1237577
[2026-10-09T13:09:56Z] #408 attempt=1/2 status=200 0.342s url=https://www.myfonts.com/collections/naster-font-sensatype-studio/
[2026-10-09T13:09:56Z] #409 attempt=1/2 status=200 0.344s url=https://www.myfonts.com/collections/naster-font-sensatype-studio/?tab=techSpecs
[2026-10-09T13:09:57Z] #410 attempt=1/2 status=200 0.424s url=https://www.myfonts.com/products/regular-nakor-mopay-1237599
[2026-10-09T13:09:58Z] #411 attempt=1/2 status=200 0.364s url=https://www.myfonts.com/collections/nakor-mopay-font-trabas-kriya/
[2026-10-09T13:09:59Z] #412 attempt=1/2 status=200 0.424s url=https://www.myfonts.com/collections/nakor-mopay-font-trabas-kriya/?tab=techSpecs
[2026-10-09T13:10:00Z] #413 attempt=1/2 status=200 0.664s url=https://www.myfonts.com/products/regular-phantom-jumpscare-1237557
[2026-10-09T13:10:01Z] #414 attempt=1/2 status=200 0.495s url=https://www.myfonts.com/collections/phantom-jumpscare-font-unitype-studio/
[2026-10-09T13:10:01Z] #415 attempt=1/2 status=200 0.377s url=https://www.myfonts.com/collections/phantom-jumpscare-font-unitype-studio/?tab=techSpecs
[2026-10-09T13:10:02Z] #416 attempt=1/2 status=200 0.335s url=https://www.myfonts.com/products/regular-halloween-day-festival-1237555
[2026-10-09T13:10:03Z] #417 attempt=1/2 status=200 0.368s url=https://www.myfonts.com/collections/halloween-day-festival-font-unitype-studio/
[2026-10-09T13:10:03Z] #418 attempt=1/2 status=200 0.376s url=https://www.myfonts.com/collections/halloween-day-festival-font-unitype-studio/?tab=techSpecs
[2026-10-09T13:10:04Z] #419 attempt=1/2 status=200 0.335s url=https://www.myfonts.com/products/regular-halloween-witches-1237554
[2026-10-09T13:10:05Z] #420 attempt=1/2 status=200 0.431s url=https://www.myfonts.com/collections/halloween-witches-font-unitype-studio/
[2026-10-09T13:10:05Z] #421 attempt=1/2 status=200 0.356s url=https://www.myfonts.com/collections/halloween-witches-font-unitype-studio/?tab=techSpecs
[2026-10-09T13:10:06Z] #422 attempt=1/2 status=200 0.344s url=https://www.myfonts.com/products/regular-halloween-screams-1237553
[2026-10-09T13:10:07Z] #423 attempt=1/2 status=200 0.430s url=https://www.myfonts.com/collections/halloween-screams-font-unitype-studio/
[2026-10-09T13:10:08Z] #424 attempt=1/2 status=200 0.383s url=https://www.myfonts.com/collections/halloween-screams-font-unitype-studio/?tab=techSpecs
[2026-10-09T13:10:08Z] #425 attempt=1/2 status=200 0.373s url=https://www.myfonts.com/products/regular-jangit-1237245
[2026-10-09T13:10:09Z] #426 attempt=1/2 status=200 0.414s url=https://www.myfonts.com/collections/jangit-font-canden-meutuah/
[2026-10-09T13:10:10Z] #427 attempt=1/2 status=200 0.419s url=https://www.myfonts.com/collections/jangit-font-canden-meutuah/?tab=techSpecs
[2026-10-09T13:10:11Z] #428 attempt=1/2 status=200 0.335s url=https://www.myfonts.com/products/regular-wobzy-groovy-1237552
[2026-10-09T13:10:11Z] #429 attempt=1/2 status=200 0.412s url=https://www.myfonts.com/collections/wobzy-groovy-font-syauqi-studio/
[2026-10-09T13:10:12Z] #430 attempt=1/2 status=200 0.389s url=https://www.myfonts.com/collections/wobzy-groovy-font-syauqi-studio/?tab=techSpecs
[2026-10-09T13:10:13Z] #431 attempt=1/2 status=200 0.378s url=https://www.myfonts.com/products/regular-eighty-1237211
[2026-10-09T13:10:13Z] #432 attempt=1/2 status=200 0.409s url=https://www.myfonts.com/collections/eighty-font-asbill-studio/
[2026-10-09T13:10:14Z] #433 attempt=1/2 status=200 0.422s url=https://www.myfonts.com/collections/eighty-font-asbill-studio/?tab=techSpecs
[2026-10-09T13:10:15Z] #434 attempt=1/2 status=200 0.390s url=https://www.myfonts.com/products/regular-hazor-1237210
[2026-10-09T13:10:16Z] #435 attempt=1/2 status=200 0.343s url=https://www.myfonts.com/collections/hazor-font-asbill-studio/
[2026-10-09T13:10:16Z] #436 attempt=1/2 status=200 0.333s url=https://www.myfonts.com/collections/hazor-font-asbill-studio/?tab=techSpecs
[2026-10-09T13:10:17Z] #437 attempt=1/2 status=200 0.359s url=https://www.myfonts.com/products/regular-hatena-1237203
[2026-10-09T13:10:18Z] #438 attempt=1/2 status=200 0.358s url=https://www.myfonts.com/collections/hatena-font-anxietype-foundry/
[2026-10-09T13:10:18Z] #439 attempt=1/2 status=200 0.350s url=https://www.myfonts.com/collections/hatena-font-anxietype-foundry/?tab=techSpecs
[2026-10-09T13:10:19Z] #440 attempt=1/2 status=200 0.364s url=https://www.myfonts.com/products/regular-kobru-1237202
[2026-10-09T13:10:20Z] #441 attempt=1/2 status=200 0.348s url=https://www.myfonts.com/collections/kobru-font-casloop-studio/
[2026-10-09T13:10:20Z] #442 attempt=1/2 status=200 0.309s url=https://www.myfonts.com/collections/kobru-font-casloop-studio/?tab=techSpecs
[2026-10-09T13:10:21Z] #443 attempt=1/2 status=200 0.309s url=https://www.myfonts.com/products/regular-echo-chamber-1237201
[2026-10-09T13:10:22Z] #444 attempt=1/2 status=200 0.393s url=https://www.myfonts.com/collections/echo-chamber-font-alpaprana/
[2026-10-09T13:10:22Z] #445 attempt=1/2 status=200 0.298s url=https://www.myfonts.com/collections/echo-chamber-font-alpaprana/?tab=techSpecs
[2026-10-09T13:10:23Z] #446 attempt=1/2 status=200 0.378s url=https://www.myfonts.com/products/regular-roguepunk-1237583
[2026-10-09T13:10:24Z] #447 attempt=1/2 status=200 0.456s url=https://www.myfonts.com/collections/roguepunk-font-sipanji21/
[2026-10-09T13:10:25Z] #448 attempt=1/2 status=200 0.459s url=https://www.myfonts.com/collections/roguepunk-font-sipanji21/?tab=techSpecs
[2026-10-09T13:10:26Z] #449 attempt=1/2 status=200 0.375s url=https://www.myfonts.com/products/regular-ball-rosther-1237606
[2026-10-09T13:10:26Z] #450 attempt=1/2 status=200 0.375s url=https://www.myfonts.com/collections/ball-rosther-font-tyedge-studio/
[2026-10-09T13:10:27Z] #451 attempt=1/2 status=200 0.338s url=https://www.myfonts.com/collections/ball-rosther-font-tyedge-studio/?tab=techSpecs
[2026-10-09T13:10:28Z] #452 attempt=1/2 status=200 0.368s url=https://www.myfonts.com/products/regular-alphaxen-earth-texture-1237635
[2026-10-09T13:10:28Z] #453 attempt=1/2 status=200 0.371s url=https://www.myfonts.com/collections/alphaxen-font-lab-foundry/
[2026-10-09T13:10:29Z] #454 attempt=1/2 status=200 0.417s url=https://www.myfonts.com/collections/alphaxen-font-lab-foundry/?tab=techSpecs
[2026-10-09T13:10:30Z] #455 attempt=1/2 status=200 0.349s url=https://www.myfonts.com/collections/alphaxen-font-lab-foundry/
[2026-10-09T13:10:30Z] #456 attempt=1/2 status=200 0.413s url=https://www.myfonts.com/products/black-altus-grotesk-1237582
[2026-10-09T13:10:31Z] #457 attempt=1/2 status=200 0.384s url=https://www.myfonts.com/collections/altus-grotesk-font-type-innovations/
[2026-10-09T13:10:31Z] #458 attempt=1/2 status=200 0.391s url=https://www.myfonts.com/collections/altus-grotesk-font-type-innovations/?tab=techSpecs
[2026-10-09T13:10:32Z] #459 attempt=1/2 status=200 0.389s url=https://www.myfonts.com/products/regular-pennyellen-1237581
[2026-10-09T13:10:33Z] #460 attempt=1/2 status=200 0.475s url=https://www.myfonts.com/collections/pennyellen-font-youandigraphics/
[2026-10-09T13:10:34Z] #461 attempt=1/2 status=200 0.355s url=https://www.myfonts.com/collections/pennyellen-font-youandigraphics/?tab=techSpecs
[2026-10-09T13:10:35Z] #462 attempt=1/6 status=200 1.017s url=https://www.myfonts.com/products.json?limit=100&page=16
[2026-10-09T13:10:36Z] #463 attempt=1/2 status=200 0.329s url=https://www.myfonts.com/products/regular-gritty-bellano-1237625
[2026-10-09T13:10:37Z] #464 attempt=1/2 status=200 0.375s url=https://www.myfonts.com/collections/gritty-bellano-font-letterhanna-studio/
[2026-10-09T13:10:37Z] #465 attempt=1/2 status=200 0.297s url=https://www.myfonts.com/collections/gritty-bellano-font-letterhanna-studio/?tab=techSpecs
[2026-10-09T13:10:38Z] #466 attempt=1/2 status=200 0.398s url=https://www.myfonts.com/products/regular-ablimuan-1237621
[2026-10-09T13:10:39Z] #467 attempt=1/2 status=200 0.462s url=https://www.myfonts.com/collections/ablimuan-font-hasnat-studio/
[2026-10-09T13:10:40Z] #468 attempt=1/2 status=200 0.418s url=https://www.myfonts.com/collections/ablimuan-font-hasnat-studio/?tab=techSpecs
[2026-10-09T13:10:40Z] #469 attempt=1/2 status=200 0.315s url=https://www.myfonts.com/products/regular-kegion-1237620
[2026-10-09T13:10:41Z] #470 attempt=1/2 status=200 0.363s url=https://www.myfonts.com/collections/kegion-font-dareco-studio/
[2026-10-09T13:10:42Z] #471 attempt=1/2 status=200 0.347s url=https://www.myfonts.com/collections/kegion-font-dareco-studio/?tab=techSpecs
[2026-10-09T13:10:42Z] #472 attempt=1/2 status=200 0.400s url=https://www.myfonts.com/products/regular-grofler-piscaro-1237613
[2026-10-09T13:10:43Z] #473 attempt=1/2 status=200 0.407s url=https://www.myfonts.com/collections/grofler-piscaro-font-typoraith-co/
[2026-10-09T13:10:44Z] #474 attempt=1/2 status=200 0.353s url=https://www.myfonts.com/collections/grofler-piscaro-font-typoraith-co/?tab=techSpecs
[2026-10-09T13:10:44Z] #475 attempt=1/2 status=200 0.360s url=https://www.myfonts.com/products/regular-megra-1237612
[2026-10-09T13:10:45Z] #476 attempt=1/2 status=200 0.316s url=https://www.myfonts.com/collections/megra-font-typoraith-co/
[2026-10-09T13:10:46Z] #477 attempt=1/2 status=200 0.357s url=https://www.myfonts.com/collections/megra-font-typoraith-co/?tab=techSpecs
[2026-10-09T13:10:47Z] #478 attempt=1/2 status=200 0.363s url=https://www.myfonts.com/products/regular-sugra-1237611
[2026-10-09T13:10:47Z] #479 attempt=1/2 status=200 0.384s url=https://www.myfonts.com/collections/sugra-font-typoraith-co/
[2026-10-09T13:10:48Z] #480 attempt=1/2 status=200 0.394s url=https://www.myfonts.com/collections/sugra-font-typoraith-co/?tab=techSpecs
[2026-10-09T13:10:49Z] #481 attempt=1/2 status=200 0.438s url=https://www.myfonts.com/products/irregular-algor-1237607
[2026-10-09T13:10:50Z] #482 attempt=1/2 status=200 0.823s url=https://www.myfonts.com/products/deplictis-3rd-bundle-package-1025130
[2026-10-09T13:10:50Z] #483 attempt=1/2 status=404 0.294s url=https://www.myfonts.com/collections/deplictis-3rd-bundle-font-deplictis-types
[2026-10-09T13:10:51Z] #484 attempt=1/2 status=200 0.436s url=https://www.myfonts.com/products/arial-arabic-complete-family-package-1237049
[2026-10-09T13:10:52Z] #485 attempt=1/2 status=200 0.473s url=https://www.myfonts.com/collections/arial-arabic-font-monotype-imaging/
[2026-10-09T13:10:52Z] #486 attempt=1/2 status=200 0.354s url=https://www.myfonts.com/collections/arial-arabic-font-monotype-imaging/?tab=techSpecs
[2026-10-09T13:10:53Z] #487 attempt=1/2 status=200 0.473s url=https://www.myfonts.com/products/regular-souffle-1237053
[2026-10-09T13:10:54Z] #488 attempt=1/2 status=200 0.391s url=https://www.myfonts.com/collections/souffle-font-eurotypo/
[2026-10-09T13:10:55Z] #489 attempt=1/2 status=200 0.420s url=https://www.myfonts.com/collections/souffle-font-eurotypo/?tab=techSpecs
[2026-10-09T13:10:56Z] #490 attempt=1/2 status=200 0.433s url=https://www.myfonts.com/products/black-edge-family-package-319192
[2026-10-09T13:10:57Z] #491 attempt=1/2 status=200 0.457s url=https://www.myfonts.com/collections/black-edge-font-mirco-zett/
[2026-10-09T13:10:57Z] #492 attempt=1/2 status=200 0.497s url=https://www.myfonts.com/collections/black-edge-font-mirco-zett/?tab=techSpecs
[2026-10-09T13:10:59Z] #493 attempt=1/2 status=200 0.459s url=https://www.myfonts.com/products/cinematic-english-complete-family-package-622299
[2026-10-09T13:10:59Z] #494 attempt=1/2 status=200 0.480s url=https://www.myfonts.com/collections/cinematic-english-font-mirco-zett/
[2026-10-09T13:11:00Z] #495 attempt=1/2 status=200 0.436s url=https://www.myfonts.com/collections/cinematic-english-font-mirco-zett/?tab=techSpecs
[2026-10-09T13:11:01Z] #496 attempt=1/2 status=200 0.418s url=https://www.myfonts.com/products/lovely-madness-package-323079
[2026-10-09T13:11:02Z] #497 attempt=1/2 status=200 0.499s url=https://www.myfonts.com/collections/lovely-madness-font-mirco-zett/
[2026-10-09T13:11:03Z] #498 attempt=1/2 status=200 0.512s url=https://www.myfonts.com/collections/lovely-madness-font-mirco-zett/?tab=techSpecs
[2026-10-09T13:11:04Z] #499 attempt=1/2 status=200 0.396s url=https://www.myfonts.com/products/uncut-madness-complete-family-package-622298
[2026-10-09T13:11:04Z] #500 attempt=1/2 status=200 0.506s url=https://www.myfonts.com/collections/uncut-madness-font-mirco-zett/
[2026-10-09T13:11:05Z] #501 attempt=1/2 status=200 0.422s url=https://www.myfonts.com/collections/uncut-madness-font-mirco-zett/?tab=techSpecs
[2026-10-09T13:11:06Z] #502 attempt=1/2 status=200 0.428s url=https://www.myfonts.com/products/ornaments-black-edge-319201
[2026-10-09T13:11:07Z] #503 attempt=1/2 status=200 0.346s url=https://www.myfonts.com/collections/black-edge-font-mirco-zett/
[2026-10-09T13:11:08Z] #504 attempt=1/2 status=200 0.281s url=https://www.myfonts.com/collections/black-edge-font-mirco-zett/?tab=techSpecs
[2026-10-09T13:11:09Z] #505 attempt=1/2 status=200 0.426s url=https://www.myfonts.com/products/light-cinematic-english-318405
[2026-10-09T13:11:09Z] #506 attempt=1/2 status=200 0.477s url=https://www.myfonts.com/collections/cinematic-english-font-mirco-zett/
[2026-10-09T13:11:10Z] #507 attempt=1/2 status=200 0.443s url=https://www.myfonts.com/collections/cinematic-english-font-mirco-zett/?tab=techSpecs
[2026-10-09T13:11:11Z] #508 attempt=1/2 status=200 0.336s url=https://www.myfonts.com/products/regular-black-madness-325625
[2026-10-09T13:11:12Z] #509 attempt=1/2 status=200 0.384s url=https://www.myfonts.com/collections/black-madness-font-mirco-zett/
[2026-10-09T13:11:12Z] #510 attempt=1/2 status=200 0.349s url=https://www.myfonts.com/collections/black-madness-font-mirco-zett/?tab=techSpecs
[2026-10-09T13:11:13Z] #511 attempt=1/2 status=200 0.370s url=https://www.myfonts.com/products/regular-uncut-madness-325576
[2026-10-09T13:11:14Z] #512 attempt=1/2 status=200 0.424s url=https://www.myfonts.com/collections/uncut-madness-font-mirco-zett/
[2026-10-09T13:11:14Z] #513 attempt=1/2 status=200 0.237s url=https://www.myfonts.com/collections/uncut-madness-font-mirco-zett/?tab=techSpecs
[2026-10-09T13:11:16Z] #514 attempt=1/2 status=200 0.393s url=https://www.myfonts.com/products/regular-black-edge-319195
[2026-10-09T13:11:16Z] #515 attempt=1/2 status=200 0.422s url=https://www.myfonts.com/collections/black-edge-font-mirco-zett/
[2026-10-09T13:11:17Z] #516 attempt=1/2 status=200 0.251s url=https://www.myfonts.com/collections/black-edge-font-mirco-zett/?tab=techSpecs
[2026-10-09T13:11:18Z] #517 attempt=1/2 status=200 0.346s url=https://www.myfonts.com/products/regular-vertigo-death-318401
[2026-10-09T13:11:18Z] #518 attempt=1/2 status=200 0.445s url=https://www.myfonts.com/collections/vertigo-death-font-mirco-zett/
[2026-10-09T13:11:19Z] #519 attempt=1/2 status=200 0.348s url=https://www.myfonts.com/collections/vertigo-death-font-mirco-zett/?tab=techSpecs
[2026-10-09T13:11:20Z] #520 attempt=1/2 status=200 0.360s url=https://www.myfonts.com/products/extras-uncut-madness-325564
[2026-10-09T13:11:20Z] #521 attempt=1/2 status=200 0.274s url=https://www.myfonts.com/collections/uncut-madness-font-mirco-zett/
[2026-10-09T13:11:21Z] #522 attempt=1/2 status=200 0.370s url=https://www.myfonts.com/collections/uncut-madness-font-mirco-zett/?tab=techSpecs
[2026-10-09T13:11:22Z] #523 attempt=1/2 status=200 0.377s url=https://www.myfonts.com/products/regular-lovely-madness-323697
[2026-10-09T13:11:23Z] #524 attempt=1/2 status=200 0.360s url=https://www.myfonts.com/collections/lovely-madness-font-mirco-zett/
[2026-10-09T13:11:24Z] #525 attempt=1/2 status=200 0.448s url=https://www.myfonts.com/collections/lovely-madness-font-mirco-zett/?tab=techSpecs
[2026-10-09T13:11:25Z] #526 attempt=1/2 status=200 0.368s url=https://www.myfonts.com/products/regular-paunchy-324780
[2026-10-09T13:11:25Z] #527 attempt=1/2 status=200 0.370s url=https://www.myfonts.com/collections/paunchy-font-mirco-zett/
[2026-10-09T13:11:26Z] #528 attempt=1/2 status=200 0.458s url=https://www.myfonts.com/collections/paunchy-font-mirco-zett/?tab=techSpecs
[2026-10-09T13:11:27Z] #529 attempt=1/2 status=200 0.357s url=https://www.myfonts.com/products/regular-shodo-gothic-319056
[2026-10-09T13:11:27Z] #530 attempt=1/2 status=200 0.376s url=https://www.myfonts.com/collections/shodo-gothic-font-mirco-zett/
[2026-10-09T13:11:28Z] #531 attempt=1/2 status=200 0.312s url=https://www.myfonts.com/collections/shodo-gothic-font-mirco-zett/?tab=techSpecs
[2026-10-09T13:11:30Z] #532 attempt=1/6 status=200 1.023s url=https://www.myfonts.com/products.json?limit=100&page=17
[2026-10-09T13:11:31Z] #533 attempt=1/2 status=200 0.485s url=https://www.myfonts.com/products/regular-cinematic-english-318409
[2026-10-09T13:11:31Z] #534 attempt=1/2 status=200 0.361s url=https://www.myfonts.com/collections/cinematic-english-font-mirco-zett/
[2026-10-09T13:11:32Z] #535 attempt=1/2 status=200 0.236s url=https://www.myfonts.com/collections/cinematic-english-font-mirco-zett/?tab=techSpecs
[2026-10-09T13:11:33Z] #536 attempt=1/2 status=200 0.557s url=https://www.myfonts.com/products/frine-complete-family-package-1236809
[2026-10-09T13:11:34Z] #537 attempt=1/2 status=200 0.682s url=https://www.myfonts.com/collections/frine-font-sealoung/
[2026-10-09T13:11:35Z] #538 attempt=1/2 status=200 0.507s url=https://www.myfonts.com/collections/frine-font-sealoung/?tab=techSpecs
[2026-10-09T13:11:36Z] #539 attempt=1/2 status=200 0.373s url=https://www.myfonts.com/products/cooking-paradise-complete-family-package-1236877
[2026-10-09T13:11:36Z] #540 attempt=1/2 status=200 0.450s url=https://www.myfonts.com/collections/cooking-paradise-font-timelesstype-studio/
[2026-10-09T13:11:37Z] #541 attempt=1/2 status=200 0.466s url=https://www.myfonts.com/collections/cooking-paradise-font-timelesstype-studio/?tab=techSpecs
[2026-10-09T13:11:39Z] #542 attempt=1/2 status=200 0.578s url=https://www.myfonts.com/products/eitel-complete-family-package-1236828
[2026-10-09T13:11:39Z] #543 attempt=1/2 status=200 0.404s url=https://www.myfonts.com/collections/eitel-font-rosario-nocera/
[2026-10-09T13:11:40Z] #544 attempt=1/2 status=200 0.406s url=https://www.myfonts.com/collections/eitel-font-rosario-nocera/?tab=techSpecs
[2026-10-09T13:11:41Z] #545 attempt=1/2 status=200 0.364s url=https://www.myfonts.com/products/impact-strike-complete-family-package-1236874
[2026-10-09T13:11:42Z] #546 attempt=1/2 status=200 0.449s url=https://www.myfonts.com/collections/impact-strike-font-rahagita-type/
[2026-10-09T13:11:42Z] #547 attempt=1/2 status=200 0.396s url=https://www.myfonts.com/collections/impact-strike-font-rahagita-type/?tab=techSpecs
[2026-10-09T13:11:44Z] #548 attempt=1/2 status=200 0.534s url=https://www.myfonts.com/products/creative-online-complete-family-package-1236866
[2026-10-09T13:11:44Z] #549 attempt=1/2 status=200 0.375s url=https://www.myfonts.com/collections/creative-online-font-letterena-studios/
[2026-10-09T13:11:45Z] #550 attempt=1/2 status=200 0.360s url=https://www.myfonts.com/collections/creative-online-font-letterena-studios/?tab=techSpecs
[2026-10-09T13:11:46Z] #551 attempt=1/2 status=200 0.399s url=https://www.myfonts.com/products/molusen-complete-family-package-1236898
[2026-10-09T13:11:47Z] #552 attempt=1/2 status=200 0.469s url=https://www.myfonts.com/collections/molusen-font-timelesstype-studio/
[2026-10-09T13:11:47Z] #553 attempt=1/2 status=200 0.421s url=https://www.myfonts.com/collections/molusen-font-timelesstype-studio/?tab=techSpecs
[2026-10-09T13:11:49Z] #554 attempt=1/2 status=200 0.376s url=https://www.myfonts.com/products/alphaxen-jellyfish-jellynox-complete-family-package-1236336
[2026-10-09T13:11:49Z] #555 attempt=1/2 status=200 0.432s url=https://www.myfonts.com/collections/alphaxen-font-lab-foundry/
[2026-10-09T13:11:50Z] #556 attempt=1/2 status=200 0.258s url=https://www.myfonts.com/collections/alphaxen-font-lab-foundry/?tab=techSpecs
[2026-10-09T13:11:50Z] #557 attempt=1/2 status=200 0.369s url=https://www.myfonts.com/collections/alphaxen-font-lab-foundry/
[2026-10-09T13:11:51Z] #558 attempt=1/2 status=200 0.399s url=https://www.myfonts.com/products/cosmic-fantasy-complete-family-package-1236852
[2026-10-09T13:11:52Z] #559 attempt=1/2 status=200 0.437s url=https://www.myfonts.com/collections/cosmic-fantasy-font-letterena-studios/
[2026-10-09T13:11:52Z] #560 attempt=1/2 status=200 0.544s url=https://www.myfonts.com/collections/cosmic-fantasy-font-letterena-studios/?tab=techSpecs
[2026-10-09T13:11:54Z] #561 attempt=1/2 status=200 0.446s url=https://www.myfonts.com/products/willow-starlion-complete-family-package-1236846
[2026-10-09T13:11:54Z] #562 attempt=1/2 status=200 0.431s url=https://www.myfonts.com/collections/willow-starlion-font-vermilione/
[2026-10-09T13:11:55Z] #563 attempt=1/2 status=200 0.396s url=https://www.myfonts.com/collections/willow-starlion-font-vermilione/?tab=techSpecs
[2026-10-09T13:11:56Z] #564 attempt=1/2 status=200 0.373s url=https://www.myfonts.com/products/magloria-complete-family-package-1236863
[2026-10-09T13:11:57Z] #565 attempt=1/2 status=200 0.447s url=https://www.myfonts.com/collections/magloria-font-sarid-ezra/
[2026-10-09T13:11:57Z] #566 attempt=1/2 status=200 0.474s url=https://www.myfonts.com/collections/magloria-font-sarid-ezra/?tab=techSpecs
[2026-10-09T13:11:59Z] #567 attempt=1/2 status=200 0.332s url=https://www.myfonts.com/products/matrixgi-complete-family-package-1236892
[2026-10-09T13:11:59Z] #568 attempt=1/2 status=200 0.443s url=https://www.myfonts.com/collections/matrixgi-font-timelesstype-studio/
[2026-10-09T13:12:00Z] #569 attempt=1/2 status=200 0.369s url=https://www.myfonts.com/collections/matrixgi-font-timelesstype-studio/?tab=techSpecs
[2026-10-09T13:12:01Z] #570 attempt=1/2 status=200 0.369s url=https://www.myfonts.com/products/mltp-raceour-complete-family-package-1236880
[2026-10-09T13:12:02Z] #571 attempt=1/2 status=200 0.400s url=https://www.myfonts.com/collections/mltp-raceour-font-multype-studio/
[2026-10-09T13:12:02Z] #572 attempt=1/2 status=200 0.479s url=https://www.myfonts.com/collections/mltp-raceour-font-multype-studio/?tab=techSpecs
[2026-10-09T13:12:04Z] #573 attempt=1/2 status=200 0.336s url=https://www.myfonts.com/products/onex-traki-complete-family-package-1236806
[2026-10-09T13:12:04Z] #574 attempt=1/2 status=200 0.385s url=https://www.myfonts.com/collections/onex-traki-font-twinletter/
[2026-10-09T13:12:05Z] #575 attempt=1/2 status=200 0.461s url=https://www.myfonts.com/collections/onex-traki-font-twinletter/?tab=techSpecs
[2026-10-09T13:12:06Z] #576 attempt=1/2 status=200 0.382s url=https://www.myfonts.com/products/laurent-complete-family-package-1236869
[2026-10-09T13:12:07Z] #577 attempt=1/2 status=200 0.420s url=https://www.myfonts.com/collections/laurent-font-sensatype-studio/
[2026-10-09T13:12:07Z] #578 attempt=1/2 status=200 0.342s url=https://www.myfonts.com/collections/laurent-font-sensatype-studio/?tab=techSpecs
[2026-10-09T13:12:08Z] #579 attempt=1/2 status=200 0.503s url=https://www.myfonts.com/products/velmont-complete-family-package-1236849
[2026-10-09T13:12:09Z] #580 attempt=1/2 status=200 0.504s url=https://www.myfonts.com/collections/velmont-font-steptype/
[2026-10-09T13:12:10Z] #581 attempt=1/2 status=200 0.618s url=https://www.myfonts.com/collections/velmont-font-steptype/?tab=techSpecs
[2026-10-09T13:12:12Z] #582 attempt=1/2 status=200 0.622s url=https://www.myfonts.com/products/typetopia-complete-family-package-1236776
[2026-10-09T13:12:12Z] #583 attempt=1/2 status=200 0.538s url=https://www.myfonts.com/collections/typetopia-font-alpercakici/
[2026-10-09T13:12:13Z] #584 attempt=1/2 status=200 0.605s url=https://www.myfonts.com/collections/typetopia-font-alpercakici/?tab=techSpecs
[2026-10-09T13:12:14Z] #585 attempt=1/2 status=200 0.406s url=https://www.myfonts.com/products/roejak-complete-family-package-1236840
[2026-10-09T13:12:15Z] #586 attempt=1/2 status=200 0.466s url=https://www.myfonts.com/collections/roejak-font-vermilione/
[2026-10-09T13:12:16Z] #587 attempt=1/2 status=200 0.336s url=https://www.myfonts.com/collections/roejak-font-vermilione/?tab=techSpecs
[2026-10-09T13:12:17Z] #588 attempt=1/2 status=200 0.384s url=https://www.myfonts.com/products/refusion-complete-family-package-1236883
[2026-10-09T13:12:17Z] #589 attempt=1/2 status=200 0.406s url=https://www.myfonts.com/collections/refusion-font-timelesstype-studio/
[2026-10-09T13:12:18Z] #590 attempt=1/2 status=200 0.393s url=https://www.myfonts.com/collections/refusion-font-timelesstype-studio/?tab=techSpecs
[2026-10-09T13:12:19Z] #591 attempt=1/2 status=200 0.339s url=https://www.myfonts.com/products/blasting-complete-family-package-1236843
[2026-10-09T13:12:20Z] #592 attempt=1/2 status=200 0.378s url=https://www.myfonts.com/collections/blasting-font-letterena-studios/
[2026-10-09T13:12:21Z] #593 attempt=1/2 status=200 0.376s url=https://www.myfonts.com/collections/blasting-font-letterena-studios/?tab=techSpecs
[2026-10-09T13:12:22Z] #594 attempt=1/2 status=200 0.416s url=https://www.myfonts.com/products/cs-floid-complete-family-package-1236795
[2026-10-09T13:12:22Z] #595 attempt=1/2 status=200 0.429s url=https://www.myfonts.com/collections/cs-floid-font-craft-supply-co/
[2026-10-09T13:12:23Z] #596 attempt=1/2 status=200 0.410s url=https://www.myfonts.com/collections/cs-floid-font-craft-supply-co/?tab=techSpecs
[2026-10-09T13:12:24Z] #597 attempt=1/2 status=200 0.401s url=https://www.myfonts.com/products/geoumethrics-specimen-complete-family-package-1236799
[2026-10-09T13:12:25Z] #598 attempt=1/2 status=200 0.387s url=https://www.myfonts.com/collections/geoumethrics-specimen-font-randy-studio/
[2026-10-09T13:12:26Z] #599 attempt=1/2 status=200 0.490s url=https://www.myfonts.com/collections/geoumethrics-specimen-font-randy-studio/?tab=techSpecs
[2026-10-09T13:12:27Z] #600 attempt=1/2 status=200 0.355s url=https://www.myfonts.com/products/syora-complete-family-package-1236837
[2026-10-09T13:12:27Z] #601 attempt=1/2 status=200 0.410s url=https://www.myfonts.com/collections/syora-font-sensatype-studio/
[2026-10-09T13:12:28Z] #602 attempt=1/2 status=200 0.359s url=https://www.myfonts.com/collections/syora-font-sensatype-studio/?tab=techSpecs
[2026-10-09T13:12:29Z] #603 attempt=1/2 status=200 0.388s url=https://www.myfonts.com/products/digital-block-complete-family-package-1236895
[2026-10-09T13:12:30Z] #604 attempt=1/2 status=200 0.446s url=https://www.myfonts.com/collections/digital-block-font-timelesstype-studio/
[2026-10-09T13:12:30Z] #605 attempt=1/2 status=200 0.372s url=https://www.myfonts.com/collections/digital-block-font-timelesstype-studio/?tab=techSpecs
[2026-10-09T13:12:31Z] #606 attempt=1/2 status=200 0.331s url=https://www.myfonts.com/products/charm-florals-complete-family-package-1236889
[2026-10-09T13:12:32Z] #607 attempt=1/2 status=200 0.491s url=https://www.myfonts.com/collections/charm-florals-font-timelesstype-studio/
[2026-10-09T13:12:33Z] #608 attempt=1/2 status=200 0.497s url=https://www.myfonts.com/collections/charm-florals-font-timelesstype-studio/?tab=techSpecs
[2026-10-09T13:12:34Z] #609 attempt=1/2 status=200 0.399s url=https://www.myfonts.com/products/stay-moosen-complete-family-package-1236886
[2026-10-09T13:12:35Z] #610 attempt=1/2 status=200 0.440s url=https://www.myfonts.com/collections/stay-moosen-font-timelesstype-studio/
[2026-10-09T13:12:35Z] #611 attempt=1/2 status=200 0.357s url=https://www.myfonts.com/collections/stay-moosen-font-timelesstype-studio/?tab=techSpecs
[2026-10-09T13:12:36Z] #612 attempt=1/2 status=200 0.364s url=https://www.myfonts.com/products/regular-rukila-1236872
[2026-10-09T13:12:37Z] #613 attempt=1/2 status=200 0.335s url=https://www.myfonts.com/collections/rukila-font-sensatype-studio/
[2026-10-09T13:12:38Z] #614 attempt=1/2 status=200 0.358s url=https://www.myfonts.com/collections/rukila-font-sensatype-studio/?tab=techSpecs
[2026-10-09T13:12:38Z] #615 attempt=1/2 status=200 0.365s url=https://www.myfonts.com/products/regular-yoland-1236836
[2026-10-09T13:12:39Z] #616 attempt=1/2 status=200 0.440s url=https://www.myfonts.com/collections/yoland-font-sensatype-studio/
[2026-10-09T13:12:40Z] #617 attempt=1/2 status=200 0.426s url=https://www.myfonts.com/products/regular-restocke-script-1236792
[2026-10-09T13:12:40Z] #618 attempt=1/2 status=200 0.363s url=https://www.myfonts.com/collections/restocke-script-font-tebaltipis-studio/
[2026-10-09T13:12:41Z] #619 attempt=1/2 status=200 0.401s url=https://www.myfonts.com/products/regular-wild-youth-1236804
[2026-10-09T13:12:42Z] #620 attempt=1/2 status=200 0.414s url=https://www.myfonts.com/collections/wild-youth-font-realtype/
[2026-10-09T13:12:42Z] #621 attempt=1/2 status=200 0.354s url=https://www.myfonts.com/products/regular-orsel-poope-1236791
[2026-10-09T13:12:43Z] #622 attempt=1/2 status=200 0.408s url=https://www.myfonts.com/collections/orsel-poope-font-trabas-kriya/
[2026-10-09T13:12:44Z] #623 attempt=1/2 status=200 0.331s url=https://www.myfonts.com/products/regular-fasturise-brush-1236793
[2026-10-09T13:12:44Z] #624 attempt=1/2 status=200 0.409s url=https://www.myfonts.com/collections/fasturise-brush-font-tebaltipis-studio/
[2026-10-09T13:12:45Z] #625 attempt=1/2 status=200 0.339s url=https://www.myfonts.com/products/regular-costa-grove-1236873
[2026-10-09T13:12:46Z] #626 attempt=1/2 status=200 0.331s url=https://www.myfonts.com/collections/costa-grove-font-rahagita-type/
[2026-10-09T13:12:46Z] #627 attempt=1/2 status=200 0.387s url=https://www.myfonts.com/products/regular-pimsy-diary-1236862
[2026-10-09T13:12:47Z] #628 attempt=1/2 status=200 0.414s url=https://www.myfonts.com/collections/pimsy-diary-font-rasio-studio/
[2026-10-09T13:12:48Z] #629 attempt=1/2 status=200 0.338s url=https://www.myfonts.com/products/regular-shine-phobia-1236794
[2026-10-09T13:12:48Z] #630 attempt=1/2 status=200 0.356s url=https://www.myfonts.com/collections/shine-phobia-font-tebaltipis-studio/
[2026-10-09T13:12:49Z] #631 attempt=1/2 status=200 0.293s url=https://www.myfonts.com/products/regular-glorine-1236835
[2026-10-09T13:12:49Z] #632 attempt=1/2 status=200 0.358s url=https://www.myfonts.com/collections/glorine-font-tonistudio/
[2026-10-09T13:12:51Z] #633 attempt=1/6 status=200 1.056s url=https://www.myfonts.com/products.json?limit=100&page=18
[2026-10-09T13:12:52Z] #634 attempt=1/2 status=200 0.352s url=https://www.myfonts.com/products/regular-bellunora-1236805
[2026-10-09T13:12:52Z] #635 attempt=1/2 status=200 0.351s url=https://www.myfonts.com/collections/bellunora-font-letterhanna-studio/
[2026-10-09T13:12:53Z] #636 attempt=1/2 status=200 0.499s url=https://www.myfonts.com/products/softa-complete-family-package-1236917
[2026-10-09T13:12:54Z] #637 attempt=1/2 status=200 0.530s url=https://www.myfonts.com/collections/softa-font-steptype/
[2026-10-09T13:12:54Z] #638 attempt=1/2 status=200 0.415s url=https://www.myfonts.com/products/horizon-path-complete-family-package-1236929
[2026-10-09T13:12:55Z] #639 attempt=1/2 status=200 0.434s url=https://www.myfonts.com/collections/horizon-path-font-hakara-type/
[2026-10-09T13:12:56Z] #640 attempt=1/2 status=200 0.351s url=https://www.myfonts.com/products/pastiorie-complete-family-package-1236901
[2026-10-09T13:12:56Z] #641 attempt=1/2 status=200 0.466s url=https://www.myfonts.com/collections/pastiorie-font-timelesstype-studio/
[2026-10-09T13:12:57Z] #642 attempt=1/2 status=200 0.434s url=https://www.myfonts.com/products/combo-machine-complete-family-package-1236904
[2026-10-09T13:12:58Z] #643 attempt=1/2 status=200 0.464s url=https://www.myfonts.com/collections/combo-machine-font-alpercakici/
[2026-10-09T13:12:59Z] #644 attempt=1/2 status=200 0.400s url=https://www.myfonts.com/products/regular-crude-line-1236932
[2026-10-09T13:12:59Z] #645 attempt=1/2 status=200 0.379s url=https://www.myfonts.com/collections/crude-line-font-allmo-studio/
[2026-10-09T13:13:00Z] #646 attempt=1/2 status=200 0.399s url=https://www.myfonts.com/products/regular-axeblast-1236927
[2026-10-09T13:13:01Z] #647 attempt=1/2 status=200 0.383s url=https://www.myfonts.com/collections/axeblast-font-letterhanna-studio/
[2026-10-09T13:13:01Z] #648 attempt=1/2 status=200 0.515s url=https://www.myfonts.com/products/regular-dargombes-1236928
[2026-10-09T13:13:02Z] #649 attempt=1/2 status=200 0.386s url=https://www.myfonts.com/collections/dargombes-font-sealoung/
[2026-10-09T13:13:03Z] #650 attempt=1/2 status=200 0.399s url=https://www.myfonts.com/products/regular-fairy-mesova-1236933
[2026-10-09T13:13:03Z] #651 attempt=1/2 status=200 0.370s url=https://www.myfonts.com/collections/fairy-mesova-font-letterhanna-studio/
[2026-10-09T13:13:04Z] #652 attempt=1/2 status=200 0.394s url=https://www.myfonts.com/products/murisa-fazio-complete-family-package-1236366
[2026-10-09T13:13:05Z] #653 attempt=1/2 status=200 0.496s url=https://www.myfonts.com/collections/murisa-fazio-font-murisa-studio/
[2026-10-09T13:13:06Z] #654 attempt=1/2 status=200 0.441s url=https://www.myfonts.com/products/hyperspace-cargo-complete-family-package-1236645
[2026-10-09T13:13:06Z] #655 attempt=1/2 status=200 0.703s url=https://www.myfonts.com/collections/hyperspace-cargo-font-swell-type/
[2026-10-09T13:13:07Z] #656 attempt=1/2 status=200 0.380s url=https://www.myfonts.com/products/vekotail-complete-family-package-1236547
[2026-10-09T13:13:08Z] #657 attempt=1/2 status=200 0.352s url=https://www.myfonts.com/collections/vekotail-font-timelesstype-studio/
[2026-10-09T13:13:08Z] #658 attempt=1/2 status=200 0.338s url=https://www.myfonts.com/products/golden-petals-complete-family-package-1236659
[2026-10-09T13:13:09Z] #659 attempt=1/2 status=200 0.461s url=https://www.myfonts.com/collections/golden-petals-font-letterena-studios/
[2026-10-09T13:13:10Z] #660 attempt=1/2 status=200 0.468s url=https://www.myfonts.com/products/hipnotesa-majestory-complete-family-package-1236668
[2026-10-09T13:13:11Z] #661 attempt=1/2 status=200 0.419s url=https://www.myfonts.com/collections/hipnotesa-majestory-font-letterena-studios/
[2026-10-09T13:13:12Z] #662 attempt=1/2 status=200 1.533s url=https://www.myfonts.com/products/nazca-complete-family-package-1236431
[2026-10-09T13:13:15Z] #663 attempt=1/2 status=200 2.674s url=https://www.myfonts.com/collections/nazca-font-piscotype/
[2026-10-09T13:13:17Z] #664 attempt=1/2 status=200 0.495s url=https://www.myfonts.com/products/bisteko-complete-family-package-1236391
[2026-10-09T13:13:18Z] #665 attempt=1/2 status=200 0.575s url=https://www.myfonts.com/collections/bisteko-font-pakeh-type/
[2026-10-09T13:13:18Z] #666 attempt=1/2 status=200 0.395s url=https://www.myfonts.com/products/alma-pro-complete-family-package-1236446
[2026-10-09T13:13:19Z] #667 attempt=1/2 status=200 0.495s url=https://www.myfonts.com/collections/alma-pro-font-rahagita-type/
[2026-10-09T13:13:20Z] #668 attempt=1/2 status=200 0.446s url=https://www.myfonts.com/products/koberon-complete-family-package-1236675
[2026-10-09T13:13:21Z] #669 attempt=1/2 status=200 0.542s url=https://www.myfonts.com/collections/koberon-font-steptype/
[2026-10-09T13:13:22Z] #670 attempt=1/2 status=200 0.355s url=https://www.myfonts.com/products/belle-aurelia-complete-family-package-1236665
[2026-10-09T13:13:22Z] #671 attempt=1/2 status=200 0.442s url=https://www.myfonts.com/collections/belle-aurelia-font-letterena-studios/
[2026-10-09T13:13:23Z] #672 attempt=1/2 status=200 0.504s url=https://www.myfonts.com/products/nansouk-complete-family-package-1236376
[2026-10-09T13:13:24Z] #673 attempt=1/2 status=200 0.567s url=https://www.myfonts.com/collections/nansouk-font-octotypo/
[2026-10-09T13:13:25Z] #674 attempt=1/2 status=200 0.418s url=https://www.myfonts.com/products/persian-v2-complete-family-package-1236360
[2026-10-09T13:13:25Z] #675 attempt=1/2 status=200 0.443s url=https://www.myfonts.com/collections/persian-v2-font-mevstory-studio/
[2026-10-09T13:13:26Z] #676 attempt=1/2 status=200 0.430s url=https://www.myfonts.com/products/mltp-redbos-complete-family-package-1236363
[2026-10-09T13:13:27Z] #677 attempt=1/2 status=200 0.386s url=https://www.myfonts.com/collections/mltp-redbos-font-multype-studio/
[2026-10-09T13:13:27Z] #678 attempt=1/2 status=200 0.442s url=https://www.myfonts.com/products/rumela-smart-complete-family-package-1236412
[2026-10-09T13:13:28Z] #679 attempt=1/2 status=200 0.595s url=https://www.myfonts.com/collections/rumela-smart-font-product-type/
[2026-10-09T13:13:29Z] #680 attempt=1/2 status=200 0.383s url=https://www.myfonts.com/products/roman-coin-trajan-complete-family-package-1236369
[2026-10-09T13:13:30Z] #681 attempt=1/2 status=200 0.475s url=https://www.myfonts.com/collections/roman-coin-trajan-font-numisma-type/
[2026-10-09T13:13:30Z] #682 attempt=1/2 status=200 0.457s url=https://www.myfonts.com/products/natyfha-gikaro-complete-family-package-1236672
[2026-10-09T13:13:31Z] #683 attempt=1/2 status=200 0.399s url=https://www.myfonts.com/collections/natyfha-gikaro-font-timelesstype-studio/
[2026-10-09T13:13:32Z] #684 attempt=1/2 status=200 0.372s url=https://www.myfonts.com/products/metro-punch-complete-family-package-1236662
[2026-10-09T13:13:33Z] #685 attempt=1/2 status=200 0.557s url=https://www.myfonts.com/collections/metro-punch-font-sipanji21/
[2026-10-09T13:13:34Z] #686 attempt=1/6 status=200 0.888s url=https://www.myfonts.com/products.json?limit=100&page=19
[2026-10-09T13:13:35Z] #687 attempt=1/2 status=200 0.348s url=https://www.myfonts.com/products/black-calsio-1236411
[2026-10-09T13:13:35Z] #688 attempt=1/2 status=200 0.352s url=https://www.myfonts.com/collections/calsio-font-phonnastudio/
[2026-10-09T13:13:37Z] #689 attempt=1/6 status=200 0.885s url=https://www.myfonts.com/products.json?limit=100&page=20
[2026-10-09T13:13:37Z] #690 attempt=1/2 status=200 0.414s url=https://www.myfonts.com/products/regular-jellobop-1236644
[2026-10-09T13:13:38Z] #691 attempt=1/2 status=200 0.358s url=https://www.myfonts.com/collections/jellobop-font-sipanji21/
[2026-10-09T13:13:39Z] #692 attempt=1/2 status=200 0.412s url=https://www.myfonts.com/products/regular-mltp-amerdam-script-1235638
[2026-10-09T13:13:39Z] #693 attempt=1/2 status=200 0.433s url=https://www.myfonts.com/collections/mltp-amerdam-script-font-multype-studio/
[2026-10-09T13:13:41Z] #694 attempt=1/6 status=200 0.927s url=https://www.myfonts.com/products.json?limit=100&page=21
[2026-10-09T13:13:42Z] #695 attempt=1/2 status=200 0.444s url=https://www.myfonts.com/products/regular-fessenden-1236643
[2026-10-09T13:13:42Z] #696 attempt=1/2 status=200 0.399s url=https://www.myfonts.com/collections/fessenden-font-tower-of-babel/
[2026-10-09T13:13:44Z] #697 attempt=1/6 status=200 1.185s url=https://www.myfonts.com/products.json?limit=100&page=22
[2026-10-09T13:13:45Z] #698 attempt=1/2 status=200 0.374s url=https://www.myfonts.com/products/regular-mltp-moewa-1235169
[2026-10-09T13:13:45Z] #699 attempt=1/2 status=200 0.330s url=https://www.myfonts.com/collections/mltp-moewa-font-multype-studio/
[2026-10-09T13:13:46Z] #700 attempt=1/2 status=200 0.409s url=https://www.myfonts.com/products/chintaron-regular-chintaron-1236671
[2026-10-09T13:13:46Z] #701 attempt=1/2 status=200 0.382s url=https://www.myfonts.com/collections/chintaron-font-flawlessandco/
[2026-10-09T13:13:47Z] #702 attempt=1/2 status=200 0.385s url=https://www.myfonts.com/products/romantic-sunny-days-complete-family-package-1236730
[2026-10-09T13:13:48Z] #703 attempt=1/2 status=200 0.389s url=https://www.myfonts.com/collections/romantic-sunny-days-font-struggle-studio/
[2026-10-09T13:13:48Z] #704 attempt=1/2 status=200 0.460s url=https://www.myfonts.com/products/gefora-complete-family-package-1236721
[2026-10-09T13:13:49Z] #705 attempt=1/2 status=200 0.426s url=https://www.myfonts.com/collections/gefora-font-vermilione/
[2026-10-09T13:13:50Z] #706 attempt=1/2 status=200 0.361s url=https://www.myfonts.com/products/romalise-complete-family-package-1236740
[2026-10-09T13:13:50Z] #707 attempt=1/2 status=200 0.416s url=https://www.myfonts.com/collections/romalise-font-typeclassheroes/
[2026-10-09T13:13:51Z] #708 attempt=1/2 status=200 0.434s url=https://www.myfonts.com/products/seville-milano-complete-family-package-1236686
[2026-10-09T13:13:52Z] #709 attempt=1/2 status=200 0.442s url=https://www.myfonts.com/collections/seville-milano-font-tyasify/
[2026-10-09T13:13:53Z] #710 attempt=1/2 status=200 0.423s url=https://www.myfonts.com/products/turnflow-blathco-complete-family-package-1236711
[2026-10-09T13:13:53Z] #711 attempt=1/2 status=200 0.420s url=https://www.myfonts.com/collections/turnflow-blathco-font-letterena-studios/
[2026-10-09T13:13:54Z] #712 attempt=1/2 status=200 0.309s url=https://www.myfonts.com/products/roastland-complete-family-package-1236727
[2026-10-09T13:13:54Z] #713 attempt=1/2 status=200 0.442s url=https://www.myfonts.com/collections/roastland-font-sibelumpagi/
[2026-10-09T13:13:55Z] #714 attempt=1/2 status=200 0.390s url=https://www.myfonts.com/products/meronny-complete-family-package-1236724
[2026-10-09T13:13:56Z] #715 attempt=1/2 status=200 0.430s url=https://www.myfonts.com/collections/meronny-font-vermilione/
[2026-10-09T13:13:57Z] #716 attempt=1/2 status=200 0.362s url=https://www.myfonts.com/products/rastiya-daffodil-complete-family-package-1236718
[2026-10-09T13:13:57Z] #717 attempt=1/2 status=200 0.458s url=https://www.myfonts.com/collections/rastiya-daffodil-font-tini-fitriani/
[2026-10-09T13:13:58Z] #718 attempt=1/2 status=200 0.477s url=https://www.myfonts.com/products/sona-serif-complete-family-package-1236691
[2026-10-09T13:13:59Z] #719 attempt=1/2 status=200 0.760s url=https://www.myfonts.com/collections/sona-serif-font-s6-foundry/
[2026-10-09T13:14:00Z] #720 attempt=1/2 status=200 0.385s url=https://www.myfonts.com/products/ranoa-scaloth-complete-family-package-1236715
[2026-10-09T13:14:00Z] #721 attempt=1/2 status=200 0.431s url=https://www.myfonts.com/collections/ranoa-scaloth-font-tini-fitriani/
[2026-10-09T13:14:01Z] #722 attempt=1/2 status=200 0.400s url=https://www.myfonts.com/products/sodar-complete-family-package-1236743
[2026-10-09T13:14:02Z] #723 attempt=1/2 status=200 0.527s url=https://www.myfonts.com/collections/sodar-font-s6-foundry/
[2026-10-09T13:14:03Z] #724 attempt=1/2 status=200 0.420s url=https://www.myfonts.com/products/varesco-complete-family-package-1236736
[2026-10-09T13:14:03Z] #725 attempt=1/2 status=200 0.483s url=https://www.myfonts.com/collections/varesco-font-vermilione/
[2026-10-09T13:14:04Z] #726 attempt=1/2 status=200 0.358s url=https://www.myfonts.com/products/regular-gynkton-1236739
[2026-10-09T13:14:05Z] #727 attempt=1/2 status=200 0.386s url=https://www.myfonts.com/collections/gynkton-font-letterhanna-studio/
[2026-10-09T13:14:05Z] #728 attempt=1/2 status=200 0.387s url=https://www.myfonts.com/products/regular-zetabeta-1236733
[2026-10-09T13:14:06Z] #729 attempt=1/2 status=200 0.395s url=https://www.myfonts.com/collections/zetabeta-font-tower-of-babel/
[2026-10-09T13:14:07Z] #730 attempt=1/2 status=200 0.669s url=https://www.myfonts.com/products/regular-mordren-1236734
[2026-10-09T13:14:07Z] #731 attempt=1/2 status=200 0.339s url=https://www.myfonts.com/collections/mordren-font-reyrey-blue-std/
[2026-10-09T13:14:08Z] #732 attempt=1/2 status=200 0.324s url=https://www.myfonts.com/products/regular-sunny-bella-1236710
[2026-10-09T13:14:09Z] #733 attempt=1/2 status=200 0.369s url=https://www.myfonts.com/collections/sunny-bella-font-letterhanna-studio/
[2026-10-09T13:14:09Z] #734 attempt=1/2 status=200 0.388s url=https://www.myfonts.com/products/regular-within-romance-1236714
[2026-10-09T13:14:10Z] #735 attempt=1/2 status=200 0.424s url=https://www.myfonts.com/collections/within-romance-font-subectype/
[2026-10-09T13:14:11Z] #736 attempt=1/2 status=200 0.332s url=https://www.myfonts.com/products/regular-bisklend-signature-1236752
[2026-10-09T13:14:11Z] #737 attempt=1/2 status=200 0.428s url=https://www.myfonts.com/collections/bisklend-signature-font-tebaltipis-studio/
[2026-10-09T13:14:12Z] #738 attempt=1/2 status=200 0.714s url=https://www.myfonts.com/products/monalisa-rastoner-complete-family-package-1236012
[2026-10-09T13:14:13Z] #739 attempt=1/2 status=200 0.711s url=https://www.myfonts.com/collections/monalisa-rastoner-font-gold-type/
[2026-10-09T13:14:14Z] #740 attempt=1/2 status=200 0.490s url=https://www.myfonts.com/products/trans-rapid-subpackage-basic-package-1236333
[2026-10-09T13:14:15Z] #741 attempt=1/2 status=200 0.569s url=https://www.myfonts.com/collections/trans-rapid-font-typographicdesign/
[2026-10-09T13:14:16Z] #742 attempt=1/2 status=200 0.424s url=https://www.myfonts.com/products/mavero-complete-family-package-1236067
[2026-10-09T13:14:16Z] #743 attempt=1/2 status=200 0.403s url=https://www.myfonts.com/collections/mavero-font-rafis-type/
[2026-10-09T13:14:17Z] #744 attempt=1/2 status=200 0.599s url=https://www.myfonts.com/products/everplay-complete-family-package-1236286
[2026-10-09T13:14:18Z] #745 attempt=1/2 status=200 0.500s url=https://www.myfonts.com/collections/everplay-font-vp-creative-shop/
[2026-10-09T13:14:19Z] #746 attempt=1/2 status=200 0.537s url=https://www.myfonts.com/products/crisbon-complete-family-package-1236338
[2026-10-09T13:14:20Z] #747 attempt=1/2 status=200 0.777s url=https://www.myfonts.com/collections/crisbon-font-great-studio/
[2026-10-09T13:14:21Z] #748 attempt=1/2 status=200 0.396s url=https://www.myfonts.com/products/roughney-complete-family-package-1236311
[2026-10-09T13:14:21Z] #749 attempt=1/2 status=200 0.556s url=https://www.myfonts.com/collections/roughney-font-viaction-type/
[2026-10-09T13:14:22Z] #750 attempt=1/2 status=200 0.483s url=https://www.myfonts.com/products/mildrain-complete-family-package-1235989
[2026-10-09T13:14:23Z] #751 attempt=1/2 status=200 0.585s url=https://www.myfonts.com/collections/mildrain-font-din-studio/
[2026-10-09T13:14:24Z] #752 attempt=1/2 status=200 0.405s url=https://www.myfonts.com/products/yesternote-complete-family-package-1236296
[2026-10-09T13:14:24Z] #753 attempt=1/2 status=200 0.434s url=https://www.myfonts.com/collections/yesternote-font-vp-creative-shop/
[2026-10-09T13:14:25Z] #754 attempt=1/2 status=200 0.426s url=https://www.myfonts.com/products/alpha-moon-complete-family-package-1236146
[2026-10-09T13:14:26Z] #755 attempt=1/2 status=200 0.373s url=https://www.myfonts.com/collections/alpha-moon-font-pleasure-fonts/
[2026-10-09T13:14:26Z] #756 attempt=1/2 status=200 0.421s url=https://www.myfonts.com/products/bayari-complete-family-package-1236154
[2026-10-09T13:14:27Z] #757 attempt=1/2 status=200 0.419s url=https://www.myfonts.com/collections/bayari-font-zaain-type/
[2026-10-09T13:14:28Z] #758 attempt=1/2 status=200 0.929s url=https://www.myfonts.com/products/macego-complete-family-package-1235909
[2026-10-09T13:14:30Z] #759 attempt=1/2 status=200 1.105s url=https://www.myfonts.com/collections/macego-font-alpercakici/
[2026-10-09T13:14:31Z] #760 attempt=1/2 status=200 1.173s url=https://www.myfonts.com/products/dribble-complete-family-package-1236157
[2026-10-09T13:14:34Z] #761 attempt=1/2 status=200 2.102s url=https://www.myfonts.com/collections/dribble-font-zeenesia-studio/
[2026-10-09T13:14:35Z] #762 attempt=1/2 status=200 0.433s url=https://www.myfonts.com/products/hemas-complete-family-package-1236059
[2026-10-09T13:14:36Z] #763 attempt=1/2 status=200 0.436s url=https://www.myfonts.com/collections/hemas-font-hishand-studio/
[2026-10-09T13:14:36Z] #764 attempt=1/2 status=200 0.422s url=https://www.myfonts.com/products/designer-stuff-package-1236140
[2026-10-09T13:14:37Z] #765 attempt=1/2 status=200 0.619s url=https://www.myfonts.com/collections/gc-numenor-font-onyx-studio/
[2026-10-09T13:14:38Z] #766 attempt=1/2 status=200 0.428s url=https://www.myfonts.com/products/takugi-complete-family-package-1236070
[2026-10-09T13:14:39Z] #767 attempt=1/2 status=200 0.423s url=https://www.myfonts.com/collections/takugi-font-ragamkata/
[2026-10-09T13:14:39Z] #768 attempt=1/2 status=200 0.365s url=https://www.myfonts.com/products/cs-decland-complete-family-package-1235975
[2026-10-09T13:14:40Z] #769 attempt=1/2 status=200 0.391s url=https://www.myfonts.com/collections/cs-decland-font-craft-supply-co/
[2026-10-09T13:14:41Z] #770 attempt=1/2 status=200 0.472s url=https://www.myfonts.com/products/vitral-complete-family-package-1236049
[2026-10-09T13:14:41Z] #771 attempt=1/2 status=200 0.463s url=https://www.myfonts.com/collections/vitral-font-gordan-jast-type/
[2026-10-09T13:14:42Z] #772 attempt=1/2 status=200 0.349s url=https://www.myfonts.com/products/qago-complete-family-package-1236141
[2026-10-09T13:14:43Z] #773 attempt=1/2 status=200 0.453s url=https://www.myfonts.com/collections/qago-font-pandeka-studio/
[2026-10-09T13:14:44Z] #774 attempt=1/2 status=200 0.425s url=https://www.myfonts.com/products/bakly-cake-complete-family-package-1236125
[2026-10-09T13:14:44Z] #775 attempt=1/2 status=200 0.418s url=https://www.myfonts.com/collections/bakly-cake-font-mei-suseno/
[2026-10-09T13:14:45Z] #776 attempt=1/2 status=200 0.455s url=https://www.myfonts.com/products/rumiond-complete-family-package-1235905
[2026-10-09T13:14:46Z] #777 attempt=1/2 status=200 0.425s url=https://www.myfonts.com/collections/rumiond-font-luminatype-studio/
[2026-10-09T13:14:46Z] #778 attempt=1/2 status=200 0.415s url=https://www.myfonts.com/products/frosty-dream-complete-family-package-1236282
[2026-10-09T13:14:47Z] #779 attempt=1/2 status=200 0.476s url=https://www.myfonts.com/collections/frosty-dream-font-yoga-letter/
[2026-10-09T13:14:48Z] #780 attempt=1/2 status=200 0.438s url=https://www.myfonts.com/products/naica-complete-family-package-1236041
[2026-10-09T13:14:48Z] #781 attempt=1/2 status=200 0.483s url=https://www.myfonts.com/collections/naica-font-gordan-jast-type/
[2026-10-09T13:14:49Z] #782 attempt=1/2 status=200 0.368s url=https://www.myfonts.com/products/bestira-complete-family-package-1236003
[2026-10-09T13:14:50Z] #783 attempt=1/2 status=200 0.406s url=https://www.myfonts.com/collections/bestira-font-flawlessandco/
[2026-10-09T13:14:51Z] #784 attempt=1/2 status=200 0.394s url=https://www.myfonts.com/products/friezy-complete-family-package-1236006
[2026-10-09T13:14:51Z] #785 attempt=1/2 status=200 0.353s url=https://www.myfonts.com/collections/friezy-font-font-liner/
[2026-10-09T13:14:52Z] #786 attempt=1/2 status=200 0.419s url=https://www.myfonts.com/products/maple-chunky-complete-family-package-1236319
[2026-10-09T13:14:52Z] #787 attempt=1/2 status=200 0.376s url=https://www.myfonts.com/collections/maple-chunky-font-vampstudio/
[2026-10-09T13:14:53Z] #788 attempt=1/2 status=200 0.440s url=https://www.myfonts.com/products/misspent-youth-complete-family-package-1236149
[2026-10-09T13:14:54Z] #789 attempt=1/2 status=200 0.522s url=https://www.myfonts.com/collections/misspent-youth-font-pizzadude-dk/
[2026-10-09T13:14:56Z] #790 attempt=1/6 status=200 1.026s url=https://www.myfonts.com/products.json?limit=100&page=23
[2026-10-09T13:14:56Z] #791 attempt=1/2 status=200 0.419s url=https://www.myfonts.com/products/lextron-complete-family-package-1236073
[2026-10-09T13:14:57Z] #792 attempt=1/2 status=200 0.478s url=https://www.myfonts.com/collections/lextron-font-hasbi-creative/
[2026-10-09T13:14:58Z] #793 attempt=1/2 status=200 0.578s url=https://www.myfonts.com/products/din-next-slab-complete-family-package-1236335
[2026-10-09T13:14:59Z] #794 attempt=1/2 status=200 0.600s url=https://www.myfonts.com/collections/din-next-slab-font-monotype-imaging/
[2026-10-09T13:14:59Z] #795 attempt=1/2 status=200 0.450s url=https://www.myfonts.com/products/spect-complete-family-package-1236301
[2026-10-09T13:15:00Z] #796 attempt=1/2 status=200 0.511s url=https://www.myfonts.com/collections/spect-font-vitaliy-gotsanyuk/
[2026-10-09T13:15:01Z] #797 attempt=1/2 status=200 0.390s url=https://www.myfonts.com/products/agrifox-mestalube-complete-family-package-1236122
[2026-10-09T13:15:02Z] #798 attempt=1/2 status=200 0.439s url=https://www.myfonts.com/collections/agrifox-mestalube-font-maulana-creative/
[2026-10-09T13:15:02Z] #799 attempt=1/2 status=200 0.397s url=https://www.myfonts.com/products/stylish-harmony-complete-family-package-1236009
[2026-10-09T13:15:03Z] #800 attempt=1/2 status=200 0.384s url=https://www.myfonts.com/collections/stylish-harmony-font-font-liner/
[2026-10-09T13:15:04Z] #801 attempt=1/2 status=200 0.532s url=https://www.myfonts.com/products/rengo-complete-family-package-1235983
[2026-10-09T13:15:04Z] #802 attempt=1/2 status=200 0.445s url=https://www.myfonts.com/collections/rengo-font-dareco-studio/
[2026-10-09T13:15:05Z] #803 attempt=1/2 status=200 0.422s url=https://www.myfonts.com/products/crustica-complete-family-package-1236118
[2026-10-09T13:15:06Z] #804 attempt=1/2 status=200 0.432s url=https://www.myfonts.com/collections/crustica-font-maulana-creative/
[2026-10-09T13:15:07Z] #805 attempt=1/2 status=200 0.442s url=https://www.myfonts.com/products/cs-frank-complete-family-package-1235971
[2026-10-09T13:15:07Z] #806 attempt=1/2 status=200 0.418s url=https://www.myfonts.com/collections/cs-frank-font-craft-supply-co/
[2026-10-09T13:15:08Z] #807 attempt=1/2 status=200 0.390s url=https://www.myfonts.com/products/regular-banxel-1236129
[2026-10-09T13:15:08Z] #808 attempt=1/2 status=200 0.361s url=https://www.myfonts.com/collections/banxel-font-drizy-font/
[2026-10-09T13:15:10Z] #809 attempt=1/6 status=200 1.054s url=https://www.myfonts.com/products.json?limit=100&page=24
[2026-10-09T13:15:11Z] #810 attempt=1/2 status=200 0.430s url=https://www.myfonts.com/products/regular-wormsandbranches-1236117
[2026-10-09T13:15:11Z] #811 attempt=1/2 status=200 0.366s url=https://www.myfonts.com/collections/wormsandbranches-font-jointype/
[2026-10-09T13:15:13Z] #812 attempt=1/6 status=200 0.817s url=https://www.myfonts.com/products.json?limit=100&page=25
[2026-10-09T13:15:13Z] #813 attempt=1/2 status=200 0.389s url=https://www.myfonts.com/products/regular-britain-party-1236128
[2026-10-09T13:15:14Z] #814 attempt=1/2 status=200 0.413s url=https://www.myfonts.com/collections/britain-party-font-metasena-typefoundry/
[2026-10-09T13:15:15Z] #815 attempt=1/2 status=200 0.399s url=https://www.myfonts.com/products/regular-drainz-1236130
[2026-10-09T13:15:15Z] #816 attempt=1/2 status=200 0.426s url=https://www.myfonts.com/collections/drainz-font-olivetype/
[2026-10-09T13:15:16Z] #817 attempt=1/2 status=200 0.417s url=https://www.myfonts.com/products/regular-morame-yoabe-1236121
[2026-10-09T13:15:17Z] #818 attempt=1/2 status=200 0.388s url=https://www.myfonts.com/collections/morame-yoabe-font-maulana-creative/
[2026-10-09T13:15:17Z] summary releases=495 first_429=None log_file=state/myfonts_run_20261009_130307.log
[2026-10-09T13:15:17Z] saved_success_profile path=state/myfonts_success_profile.json
[2026-10-09T13:15:17Z] === MyFonts crawl end ===
