[2026-05-02T07:55:09Z] checkpoint fresh next_page=1 path=state/myfonts_crawl_checkpoint.json
[2026-05-02T07:55:09Z] === MyFonts crawl start source=myfonts ===
[2026-05-02T07:55:09Z] config max_pages=25 page_size=100 start_date=2026-05-01 end_date=2026-05-02 api_delay=0.5s detail_delay=0.2s max_debut_checks=400 max_tech_specs_checks=200 reuse_success_profile=False always_enrich_packages=True language_script_signal_mode=strong force_fresh_run=False start_page=1 browser_mode=False browser_headless=True browser_storage_state_path=state/myfonts_storage_state.json
[2026-05-02T07:55:10Z] #1 attempt=1/6 status=200 0.837s url=https://www.myfonts.com/products.json?limit=100&page=1
[2026-05-02T07:55:11Z] #2 attempt=1/2 status=200 0.425s url=https://www.myfonts.com/products/technical-forest-family-package-321226
[2026-05-02T07:55:11Z] #3 attempt=1/2 status=200 0.444s url=https://www.myfonts.com/collections/technical-forest-font-maciej-swierczek/
[2026-05-02T07:55:12Z] #4 attempt=1/2 status=200 0.160s url=https://www.myfonts.com/collections/technical-forest-font-maciej-swierczek/?tab=techSpecs
[2026-05-02T07:55:13Z] #5 attempt=1/2 status=200 0.400s url=https://www.myfonts.com/products/light-134804-technical-forest-321220
[2026-05-02T07:55:14Z] #6 attempt=1/2 status=200 0.181s url=https://www.myfonts.com/collections/technical-forest-font-maciej-swierczek/
[2026-05-02T07:55:14Z] #7 attempt=1/2 status=200 0.200s url=https://www.myfonts.com/collections/technical-forest-font-maciej-swierczek/?tab=techSpecs
[2026-05-02T07:55:16Z] #8 attempt=1/2 status=200 0.339s url=https://www.myfonts.com/products/bold-134804-technical-forest-321235
[2026-05-02T07:55:16Z] #9 attempt=1/2 status=200 0.164s url=https://www.myfonts.com/collections/technical-forest-font-maciej-swierczek/
[2026-05-02T07:55:16Z] #10 attempt=1/2 status=200 0.164s url=https://www.myfonts.com/collections/technical-forest-font-maciej-swierczek/?tab=techSpecs
[2026-05-02T07:55:18Z] #11 attempt=1/2 status=200 0.373s url=https://www.myfonts.com/products/display-teutura-324235
[2026-05-02T07:55:18Z] #12 attempt=1/2 status=200 0.287s url=https://www.myfonts.com/collections/teutura-font-maciej-swierczek/
[2026-05-02T07:55:19Z] #13 attempt=1/2 status=200 0.178s url=https://www.myfonts.com/collections/teutura-font-maciej-swierczek/?tab=techSpecs
[2026-05-02T07:55:20Z] #14 attempt=1/2 status=200 0.431s url=https://www.myfonts.com/products/regular-134804-technical-forest-321231
[2026-05-02T07:55:20Z] #15 attempt=1/2 status=200 0.173s url=https://www.myfonts.com/collections/technical-forest-font-maciej-swierczek/
[2026-05-02T07:55:21Z] #16 attempt=1/2 status=200 0.188s url=https://www.myfonts.com/collections/technical-forest-font-maciej-swierczek/?tab=techSpecs
[2026-05-02T07:55:22Z] #17 attempt=1/2 status=200 0.798s url=https://www.myfonts.com/products/bulldog-pro-roman-italic-static-complete-package-1144780
[2026-05-02T07:55:23Z] #18 attempt=1/2 status=404 0.197s url=https://www.myfonts.com/collections/bulldog-pro-roman-italic-static-font-club-type
[2026-05-02T07:55:24Z] #19 attempt=1/2 status=200 1.181s url=https://www.myfonts.com/products/mix-bundle-package-718721
[2026-05-02T07:55:24Z] #20 attempt=1/2 status=404 0.176s url=https://www.myfonts.com/collections/mix-bundle-font-aisyah
[2026-05-02T07:55:25Z] #21 attempt=1/2 status=200 0.474s url=https://www.myfonts.com/products/brightons-complete-family-package-1143669
[2026-05-02T07:55:26Z] #22 attempt=1/2 status=200 0.646s url=https://www.myfonts.com/collections/um-brightons-font-unitype-studio/
[2026-05-02T07:55:26Z] #23 attempt=1/2 status=200 0.190s url=https://www.myfonts.com/collections/um-brightons-font-unitype-studio/?tab=techSpecs
[2026-05-02T07:55:28Z] #24 attempt=1/2 status=200 0.486s url=https://www.myfonts.com/products/acel-gothic-complete-family-package-1131280
[2026-05-02T07:55:29Z] #25 attempt=1/2 status=200 0.846s url=https://www.myfonts.com/collections/acel-gothic-font-monovo/
[2026-05-02T07:55:30Z] #26 attempt=1/2 status=200 0.230s url=https://www.myfonts.com/collections/acel-gothic-font-monovo/?tab=techSpecs
[2026-05-02T07:55:31Z] #27 attempt=1/2 status=200 0.450s url=https://www.myfonts.com/products/a-fool-like-me-complete-family-package-1144267
[2026-05-02T07:55:32Z] #28 attempt=1/2 status=200 0.555s url=https://www.myfonts.com/collections/a-fool-like-me-font-pizzadudedk/
[2026-05-02T07:55:33Z] #29 attempt=1/2 status=200 0.143s url=https://www.myfonts.com/collections/a-fool-like-me-font-pizzadudedk/?tab=techSpecs
[2026-05-02T07:55:34Z] #30 attempt=1/2 status=200 0.403s url=https://www.myfonts.com/products/montreal-complete-family-package-1143606
[2026-05-02T07:55:35Z] #31 attempt=1/2 status=200 0.563s url=https://www.myfonts.com/collections/um-montreal-font-unitype-studio/
[2026-05-02T07:55:35Z] #32 attempt=1/2 status=200 0.171s url=https://www.myfonts.com/collections/um-montreal-font-unitype-studio/?tab=techSpecs
[2026-05-02T07:55:37Z] #33 attempt=1/2 status=200 0.506s url=https://www.myfonts.com/products/bulldog-pro-italic-complete-family-package-1136644
[2026-05-02T07:55:37Z] #34 attempt=1/2 status=200 0.439s url=https://www.myfonts.com/collections/bulldog-pro-italic-font-club-type/
[2026-05-02T07:55:38Z] #35 attempt=1/2 status=200 0.193s url=https://www.myfonts.com/collections/bulldog-pro-italic-font-club-type/?tab=techSpecs
[2026-05-02T07:55:39Z] #36 attempt=1/2 status=200 0.431s url=https://www.myfonts.com/products/gotham-complete-family-package-1144278
[2026-05-02T07:55:40Z] #37 attempt=1/2 status=200 0.802s url=https://www.myfonts.com/collections/gotham-font-hoefler-and-co/
[2026-05-02T07:55:41Z] #38 attempt=1/2 status=200 0.161s url=https://www.myfonts.com/collections/gotham-font-hoefler-and-co/?tab=techSpecs
[2026-05-02T07:55:43Z] #39 attempt=1/2 status=200 0.475s url=https://www.myfonts.com/products/bulldog-pro-variable-complete-package-1142551
[2026-05-02T07:55:43Z] #40 attempt=1/2 status=200 0.370s url=https://www.myfonts.com/collections/bulldog-pro-variable-font-club-type
[2026-05-02T07:55:44Z] #41 attempt=1/2 status=200 0.174s url=https://www.myfonts.com/collections/bulldog-pro-variable-font-club-type?tab=techSpecs
[2026-05-02T07:55:45Z] #42 attempt=1/2 status=200 0.399s url=https://www.myfonts.com/products/brutalist-complete-family-package-1144744
[2026-05-02T07:55:46Z] #43 attempt=1/2 status=200 0.497s url=https://www.myfonts.com/collections/brutalist-font-vozzy/
[2026-05-02T07:55:46Z] #44 attempt=1/2 status=200 0.164s url=https://www.myfonts.com/collections/brutalist-font-vozzy/?tab=techSpecs
[2026-05-02T07:55:47Z] #45 attempt=1/2 status=200 0.427s url=https://www.myfonts.com/products/barend-slanted-package-1144743
[2026-05-02T07:55:48Z] #46 attempt=1/2 status=200 0.753s url=https://www.myfonts.com/collections/barend-font-sekyra-lab/
[2026-05-02T07:55:49Z] #47 attempt=1/2 status=200 0.204s url=https://www.myfonts.com/collections/barend-font-sekyra-lab/?tab=techSpecs
[2026-05-02T07:55:50Z] #48 attempt=1/2 status=200 0.398s url=https://www.myfonts.com/products/statos-complete-family-package-1144749
[2026-05-02T07:55:51Z] #49 attempt=1/2 status=200 0.426s url=https://www.myfonts.com/collections/statos-font-defharo/
[2026-05-02T07:55:51Z] #50 attempt=1/2 status=200 0.159s url=https://www.myfonts.com/collections/statos-font-defharo/?tab=techSpecs
[2026-05-02T07:55:53Z] #51 attempt=1/2 status=200 0.365s url=https://www.myfonts.com/products/regalic-complete-family-package-1142881
[2026-05-02T07:55:53Z] #52 attempt=1/2 status=200 0.508s url=https://www.myfonts.com/collections/regalic-font-digitype-studio/
[2026-05-02T07:55:54Z] #53 attempt=1/2 status=200 0.193s url=https://www.myfonts.com/collections/regalic-font-digitype-studio/?tab=techSpecs
[2026-05-02T07:55:55Z] #54 attempt=1/2 status=200 0.328s url=https://www.myfonts.com/products/insta-avant-complete-family-package-1144761
[2026-05-02T07:55:56Z] #55 attempt=1/2 status=200 0.450s url=https://www.myfonts.com/collections/insta-avant-font-clevus/
[2026-05-02T07:55:56Z] #56 attempt=1/2 status=200 0.176s url=https://www.myfonts.com/collections/insta-avant-font-clevus/?tab=techSpecs
[2026-05-02T07:55:58Z] #57 attempt=1/2 status=200 1.003s url=https://www.myfonts.com/products/alternates-package-1144523
[2026-05-02T07:56:01Z] #58 attempt=1/2 status=200 2.290s url=https://www.myfonts.com/collections/reicha-font-akbartype/
[2026-05-02T07:56:02Z] #59 attempt=1/2 status=200 0.270s url=https://www.myfonts.com/collections/reicha-font-akbartype/?tab=techSpecs
[2026-05-02T07:56:04Z] #60 attempt=1/2 status=200 0.325s url=https://www.myfonts.com/products/makola-belvare-font-duo-complete-family-package-1144757
[2026-05-02T07:56:05Z] #61 attempt=1/2 status=200 0.364s url=https://www.myfonts.com/collections/makola-belvare-font-duo-font-clevus/
[2026-05-02T07:56:05Z] #62 attempt=1/2 status=200 0.152s url=https://www.myfonts.com/collections/makola-belvare-font-duo-font-clevus/?tab=techSpecs
[2026-05-02T07:56:06Z] #63 attempt=1/2 status=200 0.383s url=https://www.myfonts.com/products/annabelle-duo-complete-family-package-1144530
[2026-05-02T07:56:07Z] #64 attempt=1/2 status=200 0.556s url=https://www.myfonts.com/collections/annabelle-duo-font-naturalink/
[2026-05-02T07:56:07Z] #65 attempt=1/2 status=200 0.170s url=https://www.myfonts.com/collections/annabelle-duo-font-naturalink/?tab=techSpecs
[2026-05-02T07:56:09Z] #66 attempt=1/2 status=200 0.336s url=https://www.myfonts.com/products/andenes-complete-family-package-1140047
[2026-05-02T07:56:09Z] #67 attempt=1/2 status=200 0.540s url=https://www.myfonts.com/collections/andenes-font-piscotype/
[2026-05-02T07:56:10Z] #68 attempt=1/2 status=200 0.176s url=https://www.myfonts.com/collections/andenes-font-piscotype/?tab=techSpecs
[2026-05-02T07:56:11Z] #69 attempt=1/2 status=200 0.384s url=https://www.myfonts.com/products/bulldog-pro-complete-family-package-1141325
[2026-05-02T07:56:12Z] #70 attempt=1/2 status=200 0.551s url=https://www.myfonts.com/collections/bulldog-pro-font-club-type/
[2026-05-02T07:56:13Z] #71 attempt=1/2 status=200 0.184s url=https://www.myfonts.com/collections/bulldog-pro-font-club-type/?tab=techSpecs
[2026-05-02T07:56:14Z] #72 attempt=1/2 status=200 0.393s url=https://www.myfonts.com/products/it-aurelyanne-complete-family-package-1120215
[2026-05-02T07:56:15Z] #73 attempt=1/2 status=200 0.530s url=https://www.myfonts.com/collections/it-aurelyanne-font-creatifont-studio/
[2026-05-02T07:56:15Z] #74 attempt=1/2 status=200 0.186s url=https://www.myfonts.com/collections/it-aurelyanne-font-creatifont-studio/?tab=techSpecs
[2026-05-02T07:56:17Z] #75 attempt=1/2 status=200 0.515s url=https://www.myfonts.com/products/rockets-complete-family-package-1143661
[2026-05-02T07:56:17Z] #76 attempt=1/2 status=200 0.395s url=https://www.myfonts.com/collections/um-rockets-font-unitype-studio/
[2026-05-02T07:56:18Z] #77 attempt=1/2 status=200 0.201s url=https://www.myfonts.com/collections/um-rockets-font-unitype-studio/?tab=techSpecs
[2026-05-02T07:56:20Z] #78 attempt=1/2 status=200 1.368s url=https://www.myfonts.com/products/akisan-complete-family-package-1144540
[2026-05-02T07:56:23Z] #79 attempt=1/2 status=200 2.094s url=https://www.myfonts.com/collections/akisan-font-akbartype/
[2026-05-02T07:56:24Z] #80 attempt=1/2 status=200 0.217s url=https://www.myfonts.com/collections/akisan-font-akbartype/?tab=techSpecs
[2026-05-02T07:56:26Z] #81 attempt=1/2 status=200 0.373s url=https://www.myfonts.com/products/jotable-complete-family-package-1138403
[2026-05-02T07:56:26Z] #82 attempt=1/2 status=200 0.557s url=https://www.myfonts.com/collections/jotable-font-varifont/
[2026-05-02T07:56:27Z] #83 attempt=1/2 status=200 0.197s url=https://www.myfonts.com/collections/jotable-font-varifont/?tab=techSpecs
[2026-05-02T07:56:28Z] #84 attempt=1/2 status=200 0.330s url=https://www.myfonts.com/products/absolute-subject-film-complete-family-package-1144527
[2026-05-02T07:56:29Z] #85 attempt=1/2 status=200 0.379s url=https://www.myfonts.com/collections/absolute-subject-film-font-metasena-typefoundry/
[2026-05-02T07:56:29Z] #86 attempt=1/2 status=200 0.177s url=https://www.myfonts.com/collections/absolute-subject-film-font-metasena-typefoundry/?tab=techSpecs
[2026-05-02T07:56:31Z] #87 attempt=1/2 status=200 0.435s url=https://www.myfonts.com/products/degon-stuz-complete-family-package-1144524
[2026-05-02T07:56:31Z] #88 attempt=1/2 status=200 0.430s url=https://www.myfonts.com/collections/degon-stuz-font-mooneseye-studio/
[2026-05-02T07:56:32Z] #89 attempt=1/2 status=200 0.189s url=https://www.myfonts.com/collections/degon-stuz-font-mooneseye-studio/?tab=techSpecs
[2026-05-02T07:56:33Z] #90 attempt=1/2 status=200 0.320s url=https://www.myfonts.com/products/hey-chuck-complete-family-package-1144399
[2026-05-02T07:56:34Z] #91 attempt=1/2 status=200 0.416s url=https://www.myfonts.com/collections/hey-chuck-font-matthew-carl/
[2026-05-02T07:56:34Z] #92 attempt=1/2 status=200 0.204s url=https://www.myfonts.com/collections/hey-chuck-font-matthew-carl/?tab=techSpecs
[2026-05-02T07:56:36Z] #93 attempt=1/2 status=200 0.385s url=https://www.myfonts.com/products/existo-complete-family-package-1144535
[2026-05-02T07:56:36Z] #94 attempt=1/2 status=200 0.487s url=https://www.myfonts.com/collections/existo-font-asenbayu/
[2026-05-02T07:56:37Z] #95 attempt=1/2 status=200 0.228s url=https://www.myfonts.com/collections/existo-font-asenbayu/?tab=techSpecs
[2026-05-02T07:56:38Z] #96 attempt=1/2 status=200 0.357s url=https://www.myfonts.com/products/regular-kaiby-1102757
[2026-05-02T07:56:39Z] #97 attempt=1/2 status=200 0.508s url=https://www.myfonts.com/collections/kaiby-font-nirmana-visual/
[2026-05-02T07:56:40Z] #98 attempt=1/2 status=200 0.141s url=https://www.myfonts.com/collections/kaiby-font-nirmana-visual/?tab=techSpecs
[2026-05-02T07:56:41Z] #99 attempt=1/2 status=200 0.440s url=https://www.myfonts.com/products/light-ebisu-1144404
[2026-05-02T07:56:42Z] #100 attempt=1/2 status=200 0.958s url=https://www.myfonts.com/collections/ebisu-font-thinkdust/
[2026-05-02T07:56:43Z] #101 attempt=1/2 status=200 0.225s url=https://www.myfonts.com/collections/ebisu-font-thinkdust/?tab=techSpecs
[2026-05-02T07:56:44Z] #102 attempt=1/2 status=200 0.465s url=https://www.myfonts.com/products/regular-aestica-1144541
[2026-05-02T07:56:45Z] #103 attempt=1/2 status=200 0.366s url=https://www.myfonts.com/collections/aestica-font-kangfont-studio/
[2026-05-02T07:56:45Z] #104 attempt=1/2 status=200 0.193s url=https://www.myfonts.com/collections/aestica-font-kangfont-studio/?tab=techSpecs
[2026-05-02T07:56:47Z] #105 attempt=1/6 status=200 0.594s url=https://www.myfonts.com/products.json?limit=100&page=2
[2026-05-02T07:56:47Z] #106 attempt=1/2 status=200 0.282s url=https://www.myfonts.com/products/risatry-regular-risatry-1056337
[2026-05-02T07:56:48Z] #107 attempt=1/2 status=200 0.373s url=https://www.myfonts.com/collections/risatry-font-stringlabs-creative-studio/
[2026-05-02T07:56:48Z] #108 attempt=1/2 status=200 0.178s url=https://www.myfonts.com/collections/risatry-font-stringlabs-creative-studio/?tab=techSpecs
[2026-05-02T07:56:49Z] #109 attempt=1/2 status=200 0.303s url=https://www.myfonts.com/products/pangestu-regular-pangestu-1056339
[2026-05-02T07:56:50Z] #110 attempt=1/2 status=200 0.287s url=https://www.myfonts.com/collections/pangestu-font-stringlabs-creative-studio/
[2026-05-02T07:56:50Z] #111 attempt=1/2 status=200 0.185s url=https://www.myfonts.com/collections/pangestu-font-stringlabs-creative-studio/?tab=techSpecs
[2026-05-02T07:56:51Z] #112 attempt=1/2 status=200 0.412s url=https://www.myfonts.com/products/regular-back-honey-1102752
[2026-05-02T07:56:52Z] #113 attempt=1/2 status=200 0.381s url=https://www.myfonts.com/collections/back-honey-font-alit-design/
[2026-05-02T07:56:52Z] #114 attempt=1/2 status=200 0.175s url=https://www.myfonts.com/collections/back-honey-font-alit-design/?tab=techSpecs
[2026-05-02T07:56:53Z] #115 attempt=1/2 status=200 0.404s url=https://www.myfonts.com/products/regular-bulldog-pro-italic-variable-1142327
[2026-05-02T07:56:54Z] #116 attempt=1/2 status=200 0.281s url=https://www.myfonts.com/collections/bulldog-pro-italic-variable-font-club-type/
[2026-05-02T07:56:54Z] #117 attempt=1/2 status=200 0.182s url=https://www.myfonts.com/collections/bulldog-pro-italic-variable-font-club-type/?tab=techSpecs
[2026-05-02T07:56:55Z] #118 attempt=1/2 status=200 0.265s url=https://www.myfonts.com/products/regular-bulldog-pro-variable-1136627
[2026-05-02T07:56:56Z] #119 attempt=1/2 status=200 0.144s url=https://www.myfonts.com/collections/bulldog-pro-variable-font-club-type/
[2026-05-02T07:56:56Z] #120 attempt=1/2 status=200 0.191s url=https://www.myfonts.com/collections/bulldog-pro-variable-font-club-type/?tab=techSpecs
[2026-05-02T07:56:57Z] #121 attempt=1/2 status=200 0.291s url=https://www.myfonts.com/products/regular-rogue-legends-1144748
[2026-05-02T07:56:57Z] #122 attempt=1/2 status=200 0.255s url=https://www.myfonts.com/collections/rogue-legends-font-andrey-sharonov/
[2026-05-02T07:56:58Z] #123 attempt=1/2 status=200 0.173s url=https://www.myfonts.com/collections/rogue-legends-font-andrey-sharonov/?tab=techSpecs
[2026-05-02T07:56:59Z] #124 attempt=1/2 status=200 0.563s url=https://www.myfonts.com/products/losera-regular-losera-1144764
[2026-05-02T07:57:00Z] #125 attempt=1/2 status=200 0.353s url=https://www.myfonts.com/collections/losera-font-marvadesign/
[2026-05-02T07:57:00Z] #126 attempt=1/2 status=200 0.177s url=https://www.myfonts.com/collections/losera-font-marvadesign/?tab=techSpecs
[2026-05-02T07:57:01Z] #127 attempt=1/2 status=200 0.353s url=https://www.myfonts.com/products/regular-belathine-signature-1144560
[2026-05-02T07:57:02Z] #128 attempt=1/2 status=200 0.464s url=https://www.myfonts.com/collections/belathine-signature-font-mjb-letters/
[2026-05-02T07:57:02Z] #129 attempt=1/2 status=200 0.215s url=https://www.myfonts.com/collections/belathine-signature-font-mjb-letters/?tab=techSpecs
[2026-05-02T07:57:03Z] #130 attempt=1/2 status=200 0.486s url=https://www.myfonts.com/products/regular-bad-recipe-1144747
[2026-05-02T07:57:04Z] #131 attempt=1/2 status=200 0.261s url=https://www.myfonts.com/collections/bad-recipe-font-aisyah/
[2026-05-02T07:57:04Z] #132 attempt=1/2 status=200 0.172s url=https://www.myfonts.com/collections/bad-recipe-font-aisyah/?tab=techSpecs
[2026-05-02T07:57:06Z] #133 attempt=1/6 status=200 0.702s url=https://www.myfonts.com/products.json?limit=100&page=3
[2026-05-02T07:57:06Z] #134 attempt=1/2 status=200 0.332s url=https://www.myfonts.com/products/regular-anicha-script-1090359
[2026-05-02T07:57:07Z] #135 attempt=1/2 status=200 0.299s url=https://www.myfonts.com/collections/anicha-script-font-maikohatta/
[2026-05-02T07:57:07Z] #136 attempt=1/2 status=200 0.154s url=https://www.myfonts.com/collections/anicha-script-font-maikohatta/?tab=techSpecs
[2026-05-02T07:57:08Z] #137 attempt=1/2 status=200 0.300s url=https://www.myfonts.com/products/regular-um-christmas-1143622
[2026-05-02T07:57:09Z] #138 attempt=1/2 status=200 0.304s url=https://www.myfonts.com/collections/um-christmas-font-unitype-studio/
[2026-05-02T07:57:09Z] #139 attempt=1/2 status=200 0.195s url=https://www.myfonts.com/collections/um-christmas-font-unitype-studio/?tab=techSpecs
[2026-05-02T07:57:10Z] #140 attempt=1/2 status=200 0.354s url=https://www.myfonts.com/products/regular-ronta-1056332
[2026-05-02T07:57:11Z] #141 attempt=1/2 status=200 0.491s url=https://www.myfonts.com/collections/ronta-font-artiveko/
[2026-05-02T07:57:11Z] #142 attempt=1/2 status=200 0.184s url=https://www.myfonts.com/collections/ronta-font-artiveko/?tab=techSpecs
[2026-05-02T07:57:12Z] #143 attempt=1/2 status=200 0.324s url=https://www.myfonts.com/products/regular-casual-simone-1144760
[2026-05-02T07:57:13Z] #144 attempt=1/2 status=200 0.300s url=https://www.myfonts.com/collections/casual-simone-font-timurtype/
[2026-05-02T07:57:13Z] #145 attempt=1/2 status=200 0.154s url=https://www.myfonts.com/collections/casual-simone-font-timurtype/?tab=techSpecs
[2026-05-02T07:57:14Z] #146 attempt=1/2 status=200 0.378s url=https://www.myfonts.com/products/regular-sinar-rahayu-o-1141267
[2026-05-02T07:57:15Z] #147 attempt=1/2 status=200 0.290s url=https://www.myfonts.com/collections/sinar-rahayu-o-font-o-type-foundry/
[2026-05-02T07:57:15Z] #148 attempt=1/2 status=200 0.254s url=https://www.myfonts.com/collections/sinar-rahayu-o-font-o-type-foundry/?tab=techSpecs
[2026-05-02T07:57:17Z] #149 attempt=1/2 status=200 0.489s url=https://www.myfonts.com/products/regular-benefits-days-1144534
[2026-05-02T07:57:17Z] #150 attempt=1/2 status=200 0.266s url=https://www.myfonts.com/collections/benefits-days-font-naturalink/
[2026-05-02T07:57:18Z] #151 attempt=1/2 status=200 0.220s url=https://www.myfonts.com/collections/benefits-days-font-naturalink/?tab=techSpecs
[2026-05-02T07:57:19Z] #152 attempt=1/6 status=200 0.666s url=https://www.myfonts.com/products.json?limit=100&page=4
[2026-05-02T07:57:20Z] #153 attempt=1/2 status=200 0.379s url=https://www.myfonts.com/products/script-regular-lonthe-1144533
[2026-05-02T07:57:20Z] #154 attempt=1/2 status=200 0.307s url=https://www.myfonts.com/collections/lonthe-font-qiubare-studio/
[2026-05-02T07:57:21Z] #155 attempt=1/2 status=200 0.220s url=https://www.myfonts.com/collections/lonthe-font-qiubare-studio/?tab=techSpecs
[2026-05-02T07:57:22Z] #156 attempt=1/2 status=200 0.643s url=https://www.myfonts.com/products/sofia-pro-complete-family-package-1144765
[2026-05-02T07:57:23Z] #157 attempt=1/2 status=200 0.866s url=https://www.myfonts.com/collections/sofia-pro-font-mostardesign/
[2026-05-02T07:57:24Z] #158 attempt=1/2 status=200 0.167s url=https://www.myfonts.com/collections/sofia-pro-font-mostardesign/?tab=techSpecs
[2026-05-02T07:57:26Z] #159 attempt=1/2 status=200 1.443s url=https://www.myfonts.com/products/stencil-e-condensed-mixera-1143968
[2026-05-02T07:57:28Z] #160 attempt=1/2 status=200 1.859s url=https://www.myfonts.com/collections/mixera-font-seniors-studio/
[2026-05-02T07:57:29Z] #161 attempt=1/2 status=200 0.203s url=https://www.myfonts.com/collections/mixera-font-seniors-studio/?tab=techSpecs
[2026-05-02T07:57:31Z] #162 attempt=1/2 status=200 0.417s url=https://www.myfonts.com/products/regular-simple-notes-1144116
[2026-05-02T07:57:32Z] #163 attempt=1/2 status=200 0.606s url=https://www.myfonts.com/collections/simple-notes-font-vp-creative-shop/
[2026-05-02T07:57:32Z] #164 attempt=1/2 status=200 0.217s url=https://www.myfonts.com/collections/simple-notes-font-vp-creative-shop/?tab=techSpecs
[2026-05-02T07:57:34Z] #165 attempt=1/2 status=200 0.487s url=https://www.myfonts.com/products/medium-italic-superantia-1144076
[2026-05-02T07:57:35Z] #166 attempt=1/2 status=200 0.900s url=https://www.myfonts.com/collections/superantia-font-artisticandunique/
[2026-05-02T07:57:35Z] #167 attempt=1/2 status=200 0.168s url=https://www.myfonts.com/collections/superantia-font-artisticandunique/?tab=techSpecs
[2026-05-02T07:57:37Z] #168 attempt=1/2 status=200 0.425s url=https://www.myfonts.com/products/style-07-scribe-tales-1144091
[2026-05-02T07:57:38Z] #169 attempt=1/2 status=200 0.661s url=https://www.myfonts.com/collections/scribe-tales-font-vp-creative-shop/
[2026-05-02T07:57:38Z] #170 attempt=1/2 status=200 0.170s url=https://www.myfonts.com/collections/scribe-tales-font-vp-creative-shop/?tab=techSpecs
[2026-05-02T07:57:39Z] #171 attempt=1/2 status=200 0.476s url=https://www.myfonts.com/products/serif-autumn-in-philadelphia-1144033
[2026-05-02T07:57:40Z] #172 attempt=1/2 status=200 0.660s url=https://www.myfonts.com/collections/autumn-in-philadelphia-font-agny-hasya-studio/
[2026-05-02T07:57:41Z] #173 attempt=1/2 status=200 0.164s url=https://www.myfonts.com/collections/autumn-in-philadelphia-font-agny-hasya-studio/?tab=techSpecs
[2026-05-02T07:57:43Z] #174 attempt=1/2 status=200 1.048s url=https://www.myfonts.com/products/condensed-slant-regante-1144137
[2026-05-02T07:57:44Z] #175 attempt=1/2 status=200 1.151s url=https://www.myfonts.com/collections/regante-font-lettersams/
[2026-05-02T07:57:45Z] #176 attempt=1/2 status=200 0.181s url=https://www.myfonts.com/collections/regante-font-lettersams/?tab=techSpecs
[2026-05-02T07:57:46Z] #177 attempt=1/2 status=200 0.325s url=https://www.myfonts.com/products/regular-floxy-1144067
[2026-05-02T07:57:47Z] #178 attempt=1/2 status=200 0.291s url=https://www.myfonts.com/collections/floxy-font-imoodev/
[2026-05-02T07:57:47Z] #179 attempt=1/2 status=200 0.183s url=https://www.myfonts.com/collections/floxy-font-imoodev/?tab=techSpecs
[2026-05-02T07:57:48Z] #180 attempt=1/2 status=200 0.304s url=https://www.myfonts.com/products/light-seibi-takanawa-1144221
[2026-05-02T07:57:49Z] #181 attempt=1/2 status=200 0.434s url=https://www.myfonts.com/collections/seibi-takanawa-font-nihon-literal/
[2026-05-02T07:57:49Z] #182 attempt=1/2 status=200 0.202s url=https://www.myfonts.com/collections/seibi-takanawa-font-nihon-literal/?tab=techSpecs
[2026-05-02T07:57:53Z] #183 attempt=1/2 status=200 0.344s url=https://www.myfonts.com/products/bold-seibi-isarago-1144213
[2026-05-02T07:57:54Z] #184 attempt=1/2 status=200 0.513s url=https://www.myfonts.com/collections/seibi-isarago-font-nihon-literal/
[2026-05-02T07:57:54Z] #185 attempt=1/2 status=200 0.181s url=https://www.myfonts.com/collections/seibi-isarago-font-nihon-literal/?tab=techSpecs
[2026-05-02T07:57:57Z] #186 attempt=1/2 status=200 0.346s url=https://www.myfonts.com/products/regular-scarvox-1144042
[2026-05-02T07:57:58Z] #187 attempt=1/2 status=200 0.274s url=https://www.myfonts.com/collections/scarvox-font-epiclinez/
[2026-05-02T07:57:58Z] #188 attempt=1/2 status=200 0.211s url=https://www.myfonts.com/collections/scarvox-font-epiclinez/?tab=techSpecs
[2026-05-02T07:57:59Z] #189 attempt=1/2 status=200 0.335s url=https://www.myfonts.com/products/regular-larfioda-1144123
[2026-05-02T07:58:00Z] #190 attempt=1/2 status=200 0.351s url=https://www.myfonts.com/collections/larfioda-font-tini-fitriani/
[2026-05-02T07:58:00Z] #191 attempt=1/2 status=200 0.254s url=https://www.myfonts.com/collections/larfioda-font-tini-fitriani/?tab=techSpecs
[2026-05-02T07:58:02Z] #192 attempt=1/2 status=200 0.367s url=https://www.myfonts.com/products/regular-pixelatura-1144063
[2026-05-02T07:58:02Z] #193 attempt=1/2 status=200 0.331s url=https://www.myfonts.com/collections/pixelatura-font-angin-studio/
[2026-05-02T07:58:03Z] #194 attempt=1/2 status=200 0.176s url=https://www.myfonts.com/collections/pixelatura-font-angin-studio/?tab=techSpecs
[2026-05-02T07:58:04Z] #195 attempt=1/2 status=200 0.378s url=https://www.myfonts.com/products/regular-quervia-1144061
[2026-05-02T07:58:04Z] #196 attempt=1/2 status=200 0.451s url=https://www.myfonts.com/collections/quervia-font-shanaf/
[2026-05-02T07:58:05Z] #197 attempt=1/2 status=200 0.214s url=https://www.myfonts.com/collections/quervia-font-shanaf/?tab=techSpecs
[2026-05-02T07:58:06Z] #198 attempt=1/2 status=200 0.385s url=https://www.myfonts.com/products/medium-seibi-ai-1144207
[2026-05-02T07:58:07Z] #199 attempt=1/2 status=200 0.455s url=https://www.myfonts.com/collections/seibi-ai-font-nihon-literal/
[2026-05-02T07:58:08Z] #200 attempt=1/2 status=200 0.238s url=https://www.myfonts.com/collections/seibi-ai-font-nihon-literal/?tab=techSpecs
[2026-05-02T07:58:12Z] #201 attempt=1/6 status=200 0.795s url=https://www.myfonts.com/products.json?limit=100&page=5
[2026-05-02T07:58:12Z] #202 attempt=1/2 status=200 0.329s url=https://www.myfonts.com/products/regular-varhen-karisha-1144029
[2026-05-02T07:58:13Z] #203 attempt=1/2 status=200 0.433s url=https://www.myfonts.com/collections/varhen-karisha-font-letterena-studios/
[2026-05-02T07:58:13Z] #204 attempt=1/2 status=200 0.148s url=https://www.myfonts.com/collections/varhen-karisha-font-letterena-studios/?tab=techSpecs
[2026-05-02T07:58:15Z] #205 attempt=1/2 status=200 0.455s url=https://www.myfonts.com/products/regular-blooming-pages-1144052
[2026-05-02T07:58:15Z] #206 attempt=1/2 status=200 0.325s url=https://www.myfonts.com/collections/blooming-pages-font-shanaf/
[2026-05-02T07:58:16Z] #207 attempt=1/2 status=200 0.169s url=https://www.myfonts.com/collections/blooming-pages-font-shanaf/?tab=techSpecs
[2026-05-02T07:58:17Z] #208 attempt=1/2 status=200 0.411s url=https://www.myfonts.com/products/ultrabold-seibi-kakupop-sbd-extrabold-1144231
[2026-05-02T07:58:18Z] #209 attempt=1/2 status=200 0.527s url=https://www.myfonts.com/collections/seibi-kakupop-sbd-extrabold-font-nihon-literal/
[2026-05-02T07:58:18Z] #210 attempt=1/2 status=200 0.166s url=https://www.myfonts.com/collections/seibi-kakupop-sbd-extrabold-font-nihon-literal/?tab=techSpecs
[2026-05-02T07:58:21Z] #211 attempt=1/2 status=200 0.157s url=https://www.myfonts.com/collections/seibi-kakupop-sbd-extrabold-font-nihon-literal/
[2026-05-02T07:58:21Z] #212 attempt=1/2 status=200 0.464s url=https://www.myfonts.com/products/black-italic-fusiform-1144265
[2026-05-02T07:58:22Z] #213 attempt=1/2 status=200 0.778s url=https://www.myfonts.com/collections/fusiform-font-hanken-design-co/
[2026-05-02T07:58:23Z] #214 attempt=1/2 status=200 0.224s url=https://www.myfonts.com/collections/fusiform-font-hanken-design-co/?tab=techSpecs
[2026-05-02T07:58:25Z] #215 attempt=1/2 status=200 0.466s url=https://www.myfonts.com/products/script-strikies-sports-1143886
[2026-05-02T07:58:25Z] #216 attempt=1/2 status=200 0.437s url=https://www.myfonts.com/collections/strikies-sports-font-nirmana-visual/
[2026-05-02T07:58:26Z] #217 attempt=1/2 status=200 0.154s url=https://www.myfonts.com/collections/strikies-sports-font-nirmana-visual/?tab=techSpecs
[2026-05-02T07:58:27Z] #218 attempt=1/2 status=200 0.398s url=https://www.myfonts.com/products/regular-mocha-muffin-1144027
[2026-05-02T07:58:28Z] #219 attempt=1/2 status=200 0.333s url=https://www.myfonts.com/collections/mocha-muffin-font-rasio-studio/
[2026-05-02T07:58:28Z] #220 attempt=1/2 status=200 0.247s url=https://www.myfonts.com/collections/mocha-muffin-font-rasio-studio/?tab=techSpecs
[2026-05-02T07:58:29Z] #221 attempt=1/2 status=200 0.325s url=https://www.myfonts.com/products/regular-kurojin-1144058
[2026-05-02T07:58:30Z] #222 attempt=1/2 status=200 0.383s url=https://www.myfonts.com/collections/kurojin-font-shanaf/
[2026-05-02T07:58:30Z] #223 attempt=1/2 status=200 0.161s url=https://www.myfonts.com/collections/kurojin-font-shanaf/?tab=techSpecs
[2026-05-02T07:58:31Z] #224 attempt=1/2 status=200 0.368s url=https://www.myfonts.com/products/regular-melkova-1143935
[2026-05-02T07:58:32Z] #225 attempt=1/2 status=200 0.287s url=https://www.myfonts.com/collections/melkova-font-vadova-std/
[2026-05-02T07:58:32Z] #226 attempt=1/2 status=200 0.146s url=https://www.myfonts.com/collections/melkova-font-vadova-std/?tab=techSpecs
[2026-05-02T07:58:33Z] #227 attempt=1/2 status=200 0.436s url=https://www.myfonts.com/products/regular-orinella-scribble-1144051
[2026-05-02T07:58:34Z] #228 attempt=1/2 status=200 0.288s url=https://www.myfonts.com/collections/orinella-scribble-font-letterhanna-studio/
[2026-05-02T07:58:34Z] #229 attempt=1/2 status=200 0.190s url=https://www.myfonts.com/collections/orinella-scribble-font-letterhanna-studio/?tab=techSpecs
[2026-05-02T07:58:35Z] #230 attempt=1/2 status=200 0.334s url=https://www.myfonts.com/products/italic-patugo-1143649
[2026-05-02T07:58:36Z] #231 attempt=1/2 status=200 0.393s url=https://www.myfonts.com/collections/patugo-font-vermilione/
[2026-05-02T07:58:36Z] #232 attempt=1/2 status=200 0.184s url=https://www.myfonts.com/collections/patugo-font-vermilione/?tab=techSpecs
[2026-05-02T07:58:37Z] #233 attempt=1/2 status=200 0.323s url=https://www.myfonts.com/products/shdw-rumble-block-1144071
[2026-05-02T07:58:38Z] #234 attempt=1/2 status=200 0.417s url=https://www.myfonts.com/collections/rumble-block-font-authentype/
[2026-05-02T07:58:39Z] #235 attempt=1/2 status=200 0.198s url=https://www.myfonts.com/collections/rumble-block-font-authentype/?tab=techSpecs
[2026-05-02T07:58:40Z] #236 attempt=1/2 status=200 0.354s url=https://www.myfonts.com/products/regular-mogace-1144044
[2026-05-02T07:58:41Z] #237 attempt=1/2 status=200 0.440s url=https://www.myfonts.com/collections/mogace-font-jafar07/
[2026-05-02T07:58:41Z] #238 attempt=1/2 status=200 0.152s url=https://www.myfonts.com/collections/mogace-font-jafar07/?tab=techSpecs
[2026-05-02T07:58:42Z] #239 attempt=1/2 status=200 0.386s url=https://www.myfonts.com/products/regular-distyan-stovilky-1144047
[2026-05-02T07:58:43Z] #240 attempt=1/2 status=200 0.414s url=https://www.myfonts.com/collections/distyan-stovilky-font-stylishtype-studio/
[2026-05-02T07:58:43Z] #241 attempt=1/2 status=200 0.153s url=https://www.myfonts.com/collections/distyan-stovilky-font-stylishtype-studio/?tab=techSpecs
[2026-05-02T07:58:45Z] #242 attempt=1/2 status=200 0.497s url=https://www.myfonts.com/products/regular-lahuddin-1144038
[2026-05-02T07:58:46Z] #243 attempt=1/2 status=200 0.630s url=https://www.myfonts.com/collections/lahuddin-font-ahweproject/
[2026-05-02T07:58:46Z] #244 attempt=1/2 status=200 0.179s url=https://www.myfonts.com/collections/lahuddin-font-ahweproject/?tab=techSpecs
[2026-05-02T07:58:48Z] #245 attempt=1/2 status=200 0.323s url=https://www.myfonts.com/products/drip-melto-gofer-1144130
[2026-05-02T07:58:49Z] #246 attempt=1/2 status=200 0.667s url=https://www.myfonts.com/collections/melto-gofer-font-sipanji21/
[2026-05-02T07:58:49Z] #247 attempt=1/2 status=200 0.155s url=https://www.myfonts.com/collections/melto-gofer-font-sipanji21/?tab=techSpecs
[2026-05-02T07:58:50Z] #248 attempt=1/2 status=200 0.432s url=https://www.myfonts.com/products/regular-palmetas-1143876
[2026-05-02T07:58:51Z] #249 attempt=1/2 status=200 0.256s url=https://www.myfonts.com/collections/palmetas-font-gatype/
[2026-05-02T07:58:51Z] #250 attempt=1/2 status=200 0.178s url=https://www.myfonts.com/collections/palmetas-font-gatype/?tab=techSpecs
[2026-05-02T07:58:52Z] #251 attempt=1/2 status=200 0.368s url=https://www.myfonts.com/products/regular-vandal-broken-1143883
[2026-05-02T07:58:53Z] #252 attempt=1/2 status=200 0.414s url=https://www.myfonts.com/collections/vandal-broken-font-yoga-letter/
[2026-05-02T07:58:53Z] #253 attempt=1/2 status=200 0.177s url=https://www.myfonts.com/collections/vandal-broken-font-yoga-letter/?tab=techSpecs
[2026-05-02T07:58:54Z] #254 attempt=1/2 status=200 0.347s url=https://www.myfonts.com/products/regular-forgate-1143892
[2026-05-02T07:58:55Z] #255 attempt=1/2 status=200 0.293s url=https://www.myfonts.com/collections/forgate-font-vadova-std/
[2026-05-02T07:58:55Z] #256 attempt=1/2 status=200 0.167s url=https://www.myfonts.com/collections/forgate-font-vadova-std/?tab=techSpecs
[2026-05-02T07:58:56Z] #257 attempt=1/2 status=200 0.337s url=https://www.myfonts.com/products/medium-seibi-socho-1144235
[2026-05-02T07:58:57Z] #258 attempt=1/2 status=200 0.316s url=https://www.myfonts.com/collections/seibi-socho-font-nihon-literal/
[2026-05-02T07:58:57Z] #259 attempt=1/2 status=200 0.143s url=https://www.myfonts.com/collections/seibi-socho-font-nihon-literal/?tab=techSpecs
[2026-05-02T07:58:59Z] #260 attempt=1/2 status=200 0.403s url=https://www.myfonts.com/products/medium-seibi-seireisho-1144210
[2026-05-02T07:59:00Z] #261 attempt=1/2 status=200 0.425s url=https://www.myfonts.com/collections/seibi-seireisho-font-nihon-literal/
[2026-05-02T07:59:00Z] #262 attempt=1/2 status=200 0.152s url=https://www.myfonts.com/collections/seibi-seireisho-font-nihon-literal/?tab=techSpecs
[2026-05-02T07:59:05Z] #263 attempt=1/2 status=200 0.459s url=https://www.myfonts.com/products/wintress-wintress-1144064
[2026-05-02T07:59:06Z] #264 attempt=1/2 status=200 0.312s url=https://www.myfonts.com/collections/wintress-font-angin-studio/
[2026-05-02T07:59:06Z] #265 attempt=1/2 status=200 0.184s url=https://www.myfonts.com/collections/wintress-font-angin-studio/?tab=techSpecs
[2026-05-02T07:59:07Z] #266 attempt=1/2 status=200 0.356s url=https://www.myfonts.com/products/regular-dino-savara-1143880
[2026-05-02T07:59:08Z] #267 attempt=1/2 status=200 0.367s url=https://www.myfonts.com/collections/dino-savara-font-yoga-letter/
[2026-05-02T07:59:08Z] #268 attempt=1/2 status=200 0.182s url=https://www.myfonts.com/collections/dino-savara-font-yoga-letter/?tab=techSpecs
[2026-05-02T07:59:10Z] #269 attempt=1/6 status=200 0.581s url=https://www.myfonts.com/products.json?limit=100&page=6
[2026-05-02T07:59:10Z] #270 attempt=1/2 status=200 0.314s url=https://www.myfonts.com/products/medium-seibi-shiba-1144244
[2026-05-02T07:59:11Z] #271 attempt=1/2 status=200 0.781s url=https://www.myfonts.com/collections/seibi-shiba-font-nihon-literal/
[2026-05-02T07:59:12Z] #272 attempt=1/2 status=200 0.155s url=https://www.myfonts.com/collections/seibi-shiba-font-nihon-literal/?tab=techSpecs
[2026-05-02T07:59:15Z] #273 attempt=1/2 status=200 0.367s url=https://www.myfonts.com/products/demi-bold-seibi-minato-1144239
[2026-05-02T07:59:16Z] #274 attempt=1/2 status=200 0.593s url=https://www.myfonts.com/collections/seibi-minato-font-nihon-literal/
[2026-05-02T07:59:16Z] #275 attempt=1/2 status=200 0.183s url=https://www.myfonts.com/collections/seibi-minato-font-nihon-literal/?tab=techSpecs
[2026-05-02T07:59:19Z] #276 attempt=1/2 status=200 0.468s url=https://www.myfonts.com/products/regular-moreira-1143654
[2026-05-02T07:59:20Z] #277 attempt=1/2 status=200 0.451s url=https://www.myfonts.com/collections/moreira-font-agung-sudirman/
[2026-05-02T07:59:20Z] #278 attempt=1/2 status=200 0.150s url=https://www.myfonts.com/collections/moreira-font-agung-sudirman/?tab=techSpecs
[2026-05-02T07:59:22Z] #279 attempt=1/2 status=200 0.285s url=https://www.myfonts.com/products/light-seibi-shirogane-1144236
[2026-05-02T07:59:22Z] #280 attempt=1/2 status=200 0.167s url=https://www.myfonts.com/collections/seibi-shirogane-font-nihon-literal/
[2026-05-02T07:59:22Z] #281 attempt=1/2 status=200 0.197s url=https://www.myfonts.com/collections/seibi-shirogane-font-nihon-literal/?tab=techSpecs
[2026-05-02T07:59:24Z] #282 attempt=1/2 status=200 0.383s url=https://www.myfonts.com/products/regular-serenive-1144065
[2026-05-02T07:59:25Z] #283 attempt=1/2 status=200 0.260s url=https://www.myfonts.com/collections/serenive-font-shanaf/
[2026-05-02T07:59:25Z] #284 attempt=1/2 status=200 0.175s url=https://www.myfonts.com/collections/serenive-font-shanaf/?tab=techSpecs
[2026-05-02T07:59:26Z] #285 attempt=1/2 status=200 0.319s url=https://www.myfonts.com/products/regular-wavecore-1143891
[2026-05-02T07:59:27Z] #286 attempt=1/2 status=200 0.287s url=https://www.myfonts.com/collections/wavecore-font-vadova-std/
[2026-05-02T07:59:27Z] #287 attempt=1/2 status=200 0.184s url=https://www.myfonts.com/collections/wavecore-font-vadova-std/?tab=techSpecs
[2026-05-02T07:59:28Z] #288 attempt=1/2 status=200 0.412s url=https://www.myfonts.com/products/regular-mommy-vanesa-1143882
[2026-05-02T07:59:29Z] #289 attempt=1/2 status=200 0.282s url=https://www.myfonts.com/collections/mommy-vanesa-font-yoga-letter/
[2026-05-02T07:59:29Z] #290 attempt=1/2 status=200 0.204s url=https://www.myfonts.com/collections/mommy-vanesa-font-yoga-letter/?tab=techSpecs
[2026-05-02T07:59:30Z] #291 attempt=1/2 status=200 0.400s url=https://www.myfonts.com/products/ultra-bold-seibi-ohkido-1144225
[2026-05-02T07:59:31Z] #292 attempt=1/2 status=200 0.344s url=https://www.myfonts.com/collections/seibi-ohkido-font-nihon-literal/
[2026-05-02T07:59:32Z] #293 attempt=1/2 status=200 0.196s url=https://www.myfonts.com/collections/seibi-ohkido-font-nihon-literal/?tab=techSpecs
[2026-05-02T07:59:33Z] #294 attempt=1/2 status=200 0.323s url=https://www.myfonts.com/products/regular-whisperella-signature-1144031
[2026-05-02T07:59:34Z] #295 attempt=1/2 status=200 0.293s url=https://www.myfonts.com/collections/whisperella-signature-font-tebaltipis-studio/
[2026-05-02T07:59:34Z] #296 attempt=1/2 status=200 0.153s url=https://www.myfonts.com/collections/whisperella-signature-font-tebaltipis-studio/?tab=techSpecs
[2026-05-02T07:59:35Z] #297 attempt=1/2 status=200 0.417s url=https://www.myfonts.com/products/italic-qosta-1144128
[2026-05-02T07:59:36Z] #298 attempt=1/2 status=200 0.424s url=https://www.myfonts.com/collections/qosta-font-artiveko/
[2026-05-02T07:59:37Z] #299 attempt=1/2 status=200 0.252s url=https://www.myfonts.com/collections/qosta-font-artiveko/?tab=techSpecs
[2026-05-02T07:59:38Z] #300 attempt=1/2 status=200 0.331s url=https://www.myfonts.com/products/bold-seibi-kanasugi-sbd-1144234
[2026-05-02T07:59:38Z] #301 attempt=1/2 status=200 0.290s url=https://www.myfonts.com/collections/seibi-kanasugi-sbd-font-nihon-literal/
[2026-05-02T07:59:39Z] #302 attempt=1/2 status=200 0.279s url=https://www.myfonts.com/collections/seibi-kanasugi-sbd-font-nihon-literal/?tab=techSpecs
[2026-05-02T07:59:42Z] #303 attempt=1/2 status=200 0.153s url=https://www.myfonts.com/collections/seibi-kanasugi-sbd-font-nihon-literal/
[2026-05-02T07:59:42Z] #304 attempt=1/2 status=200 0.351s url=https://www.myfonts.com/products/regular-tierra-bonito-1144066
[2026-05-02T07:59:43Z] #305 attempt=1/2 status=200 0.341s url=https://www.myfonts.com/collections/tierra-bonito-font-shanaf/
[2026-05-02T07:59:43Z] #306 attempt=1/2 status=200 0.208s url=https://www.myfonts.com/collections/tierra-bonito-font-shanaf/?tab=techSpecs
[2026-05-02T07:59:44Z] #307 attempt=1/2 status=200 0.310s url=https://www.myfonts.com/products/regular-nebies-retro-1143889
[2026-05-02T07:59:45Z] #308 attempt=1/2 status=200 0.429s url=https://www.myfonts.com/collections/nebies-retro-font-nirmana-visual/
[2026-05-02T07:59:45Z] #309 attempt=1/2 status=200 0.146s url=https://www.myfonts.com/collections/nebies-retro-font-nirmana-visual/?tab=techSpecs
[2026-05-02T07:59:47Z] #310 attempt=1/2 status=200 0.313s url=https://www.myfonts.com/products/regular-luroha-1144121
[2026-05-02T07:59:47Z] #311 attempt=1/2 status=200 0.295s url=https://www.myfonts.com/collections/luroha-font-tini-fitriani/
[2026-05-02T07:59:48Z] #312 attempt=1/2 status=200 0.163s url=https://www.myfonts.com/collections/luroha-font-tini-fitriani/?tab=techSpecs
[2026-05-02T07:59:49Z] #313 attempt=1/2 status=200 0.294s url=https://www.myfonts.com/products/regular-pirhitipr-1144036
[2026-05-02T07:59:49Z] #314 attempt=1/2 status=200 0.333s url=https://www.myfonts.com/collections/pirhitipr-font-imoodev/
[2026-05-02T07:59:50Z] #315 attempt=1/2 status=200 0.170s url=https://www.myfonts.com/collections/pirhitipr-font-imoodev/?tab=techSpecs
[2026-05-02T07:59:51Z] #316 attempt=1/2 status=200 0.306s url=https://www.myfonts.com/products/regular-honest-mistake-1144120
[2026-05-02T07:59:51Z] #317 attempt=1/2 status=200 0.341s url=https://www.myfonts.com/collections/honest-mistake-font-inviline/
[2026-05-02T07:59:52Z] #318 attempt=1/2 status=200 0.175s url=https://www.myfonts.com/collections/honest-mistake-font-inviline/?tab=techSpecs
[2026-05-02T07:59:53Z] #319 attempt=1/2 status=200 0.299s url=https://www.myfonts.com/products/regular-bruksy-1144053
[2026-05-02T07:59:53Z] #320 attempt=1/2 status=200 0.271s url=https://www.myfonts.com/collections/bruksy-font-shanaf/
[2026-05-02T07:59:54Z] #321 attempt=1/2 status=200 0.175s url=https://www.myfonts.com/collections/bruksy-font-shanaf/?tab=techSpecs
[2026-05-02T07:59:54Z] #322 attempt=1/2 status=200 0.350s url=https://www.myfonts.com/products/regular-gravebound-1144057
[2026-05-02T07:59:55Z] #323 attempt=1/2 status=200 0.363s url=https://www.myfonts.com/collections/gravebound-font-shanaf/
[2026-05-02T07:59:56Z] #324 attempt=1/2 status=200 0.163s url=https://www.myfonts.com/collections/gravebound-font-shanaf/?tab=techSpecs
[2026-05-02T07:59:56Z] #325 attempt=1/2 status=200 0.333s url=https://www.myfonts.com/products/regular-nighters-club-1144049
[2026-05-02T07:59:57Z] #326 attempt=1/2 status=200 0.284s url=https://www.myfonts.com/collections/nighters-club-font-bale-type/
[2026-05-02T07:59:57Z] #327 attempt=1/2 status=200 0.170s url=https://www.myfonts.com/collections/nighters-club-font-bale-type/?tab=techSpecs
[2026-05-02T07:59:58Z] #328 attempt=1/2 status=200 0.346s url=https://www.myfonts.com/products/regular-barckman-1143587
[2026-05-02T07:59:59Z] #329 attempt=1/2 status=200 0.270s url=https://www.myfonts.com/collections/barckman-font-typerasa/
[2026-05-02T07:59:59Z] #330 attempt=1/2 status=200 0.273s url=https://www.myfonts.com/collections/barckman-font-typerasa/?tab=techSpecs
[2026-05-02T08:00:01Z] #331 attempt=1/2 status=200 0.294s url=https://www.myfonts.com/products/regular-human-form-1144059
[2026-05-02T08:00:01Z] #332 attempt=1/2 status=200 0.278s url=https://www.myfonts.com/collections/human-form-font-shanaf/
[2026-05-02T08:00:02Z] #333 attempt=1/2 status=200 0.197s url=https://www.myfonts.com/collections/human-form-font-shanaf/?tab=techSpecs
[2026-05-02T08:00:03Z] #334 attempt=1/2 status=200 0.368s url=https://www.myfonts.com/products/regular-kaiyote-1144035
[2026-05-02T08:00:03Z] #335 attempt=1/2 status=200 0.332s url=https://www.myfonts.com/collections/kaiyote-font-sixtype-foundry/
[2026-05-02T08:00:04Z] #336 attempt=1/2 status=200 0.169s url=https://www.myfonts.com/collections/kaiyote-font-sixtype-foundry/?tab=techSpecs
[2026-05-02T08:00:05Z] #337 attempt=1/2 status=200 0.301s url=https://www.myfonts.com/products/regular-adorably-lovely-1143732
[2026-05-02T08:00:05Z] #338 attempt=1/2 status=200 0.273s url=https://www.myfonts.com/collections/adorably-lovely-font-epiclinez/
[2026-05-02T08:00:06Z] #339 attempt=1/2 status=200 0.200s url=https://www.myfonts.com/collections/adorably-lovely-font-epiclinez/?tab=techSpecs
[2026-05-02T08:00:07Z] #340 attempt=1/2 status=200 0.454s url=https://www.myfonts.com/products/slant-crust-cream-1144056
[2026-05-02T08:00:08Z] #341 attempt=1/2 status=200 0.535s url=https://www.myfonts.com/collections/crust-cream-font-shanaf/
[2026-05-02T08:00:08Z] #342 attempt=1/2 status=200 0.207s url=https://www.myfonts.com/collections/crust-cream-font-shanaf/?tab=techSpecs
[2026-05-02T08:00:10Z] #343 attempt=1/6 status=200 0.570s url=https://www.myfonts.com/products.json?limit=100&page=7
[2026-05-02T08:00:11Z] #344 attempt=1/2 status=200 0.357s url=https://www.myfonts.com/products/regular-mother-sahila-1143881
[2026-05-02T08:00:11Z] #345 attempt=1/2 status=200 0.311s url=https://www.myfonts.com/collections/mother-sahila-font-yoga-letter/
[2026-05-02T08:00:12Z] #346 attempt=1/2 status=200 0.196s url=https://www.myfonts.com/collections/mother-sahila-font-yoga-letter/?tab=techSpecs
[2026-05-02T08:00:12Z] #347 attempt=1/2 status=200 0.345s url=https://www.myfonts.com/products/regular-vane-dream-1144050
[2026-05-02T08:00:13Z] #348 attempt=1/2 status=200 0.300s url=https://www.myfonts.com/collections/vane-dream-font-alit-design/
[2026-05-02T08:00:13Z] #349 attempt=1/2 status=200 0.156s url=https://www.myfonts.com/collections/vane-dream-font-alit-design/?tab=techSpecs
[2026-05-02T08:00:14Z] #350 attempt=1/2 status=200 0.313s url=https://www.myfonts.com/products/regular-annagia-1143878
[2026-05-02T08:00:15Z] #351 attempt=1/2 status=200 0.431s url=https://www.myfonts.com/collections/annagia-font-qweera-studio/
[2026-05-02T08:00:15Z] #352 attempt=1/2 status=200 0.196s url=https://www.myfonts.com/collections/annagia-font-qweera-studio/?tab=techSpecs
[2026-05-02T08:00:17Z] #353 attempt=1/2 status=200 0.383s url=https://www.myfonts.com/products/regular-intrade-1143657
[2026-05-02T08:00:18Z] #354 attempt=1/2 status=200 0.531s url=https://www.myfonts.com/collections/intrade-font-ragamkata/
[2026-05-02T08:00:18Z] #355 attempt=1/2 status=200 0.200s url=https://www.myfonts.com/collections/intrade-font-ragamkata/?tab=techSpecs
[2026-05-02T08:00:19Z] #356 attempt=1/2 status=200 0.321s url=https://www.myfonts.com/products/demibold-seibi-akabane-sbd-bold-1144218
[2026-05-02T08:00:20Z] #357 attempt=1/2 status=200 0.352s url=https://www.myfonts.com/collections/seibi-akabane-sbd-bold-font-nihon-literal/
[2026-05-02T08:00:20Z] #358 attempt=1/2 status=200 0.183s url=https://www.myfonts.com/collections/seibi-akabane-sbd-bold-font-nihon-literal/?tab=techSpecs
[2026-05-02T08:00:24Z] #359 attempt=1/2 status=200 0.161s url=https://www.myfonts.com/collections/seibi-akabane-sbd-bold-font-nihon-literal/
[2026-05-02T08:00:24Z] #360 attempt=1/2 status=200 0.407s url=https://www.myfonts.com/products/regular-aesthelina-1144068
[2026-05-02T08:00:25Z] #361 attempt=1/2 status=200 0.301s url=https://www.myfonts.com/collections/aesthelina-font-uncurve/
[2026-05-02T08:00:25Z] #362 attempt=1/2 status=200 0.162s url=https://www.myfonts.com/collections/aesthelina-font-uncurve/?tab=techSpecs
[2026-05-02T08:00:26Z] #363 attempt=1/2 status=200 0.338s url=https://www.myfonts.com/products/bold-seibi-shiomi-sbd-bold-1144241
[2026-05-02T08:00:27Z] #364 attempt=1/2 status=200 0.336s url=https://www.myfonts.com/collections/seibi-shiomi-sbd-bold-font-nihon-literal/
[2026-05-02T08:00:27Z] #365 attempt=1/2 status=200 0.149s url=https://www.myfonts.com/collections/seibi-shiomi-sbd-bold-font-nihon-literal/?tab=techSpecs
[2026-05-02T08:00:31Z] #366 attempt=1/2 status=200 0.156s url=https://www.myfonts.com/collections/seibi-shiomi-sbd-bold-font-nihon-literal/
[2026-05-02T08:00:31Z] #367 attempt=1/2 status=200 0.306s url=https://www.myfonts.com/products/demibold-seibi-atago-sbd-1144233
[2026-05-02T08:00:32Z] #368 attempt=1/2 status=200 0.304s url=https://www.myfonts.com/collections/seibi-atago-sbd-font-nihon-literal/
[2026-05-02T08:00:32Z] #369 attempt=1/2 status=200 0.220s url=https://www.myfonts.com/collections/seibi-atago-sbd-font-nihon-literal/?tab=techSpecs
[2026-05-02T08:00:34Z] #370 attempt=1/2 status=200 0.167s url=https://www.myfonts.com/collections/seibi-atago-sbd-font-nihon-literal/
[2026-05-02T08:00:35Z] #371 attempt=1/2 status=200 0.286s url=https://www.myfonts.com/products/medium-seibi-mita-1144219
[2026-05-02T08:00:35Z] #372 attempt=1/2 status=200 0.267s url=https://www.myfonts.com/collections/seibi-mita-font-nihon-literal/
[2026-05-02T08:00:36Z] #373 attempt=1/2 status=200 0.156s url=https://www.myfonts.com/collections/seibi-mita-font-nihon-literal/?tab=techSpecs
[2026-05-02T08:00:38Z] #374 attempt=1/2 status=200 0.335s url=https://www.myfonts.com/products/regular-aurelia-sunlight-1143706
[2026-05-02T08:00:38Z] #375 attempt=1/2 status=200 0.278s url=https://www.myfonts.com/collections/aurelia-sunlight-font-letterhanna-studio/
[2026-05-02T08:00:39Z] #376 attempt=1/2 status=200 0.204s url=https://www.myfonts.com/collections/aurelia-sunlight-font-letterhanna-studio/?tab=techSpecs
[2026-05-02T08:00:40Z] #377 attempt=1/2 status=200 0.348s url=https://www.myfonts.com/products/regular-maxuire-1144004
[2026-05-02T08:00:40Z] #378 attempt=1/2 status=200 0.288s url=https://www.myfonts.com/collections/maxuire-font-vadova-std/
[2026-05-02T08:00:41Z] #379 attempt=1/2 status=200 0.227s url=https://www.myfonts.com/collections/maxuire-font-vadova-std/?tab=techSpecs
[2026-05-02T08:00:42Z] #380 attempt=1/2 status=200 0.327s url=https://www.myfonts.com/products/regular-zenic-1143651
[2026-05-02T08:00:42Z] #381 attempt=1/2 status=200 0.418s url=https://www.myfonts.com/collections/zenic-font-font-liner/
[2026-05-02T08:00:43Z] #382 attempt=1/2 status=200 0.330s url=https://www.myfonts.com/collections/zenic-font-font-liner/?tab=techSpecs
[2026-05-02T08:00:45Z] #383 attempt=1/6 status=200 0.781s url=https://www.myfonts.com/products.json?limit=100&page=8
[2026-05-02T08:00:46Z] #384 attempt=1/2 status=200 0.325s url=https://www.myfonts.com/products/regular-valoris-1144125
[2026-05-02T08:00:46Z] #385 attempt=1/2 status=200 0.251s url=https://www.myfonts.com/collections/valoris-font-imiftype-studio/
[2026-05-02T08:00:47Z] #386 attempt=1/2 status=200 0.223s url=https://www.myfonts.com/collections/valoris-font-imiftype-studio/?tab=techSpecs
[2026-05-02T08:00:47Z] #387 attempt=1/2 status=200 0.347s url=https://www.myfonts.com/products/ultra-bold-seibi-jindai-1144232
[2026-05-02T08:00:48Z] #388 attempt=1/2 status=200 0.483s url=https://www.myfonts.com/collections/seibi-jindai-font-nihon-literal/
[2026-05-02T08:00:49Z] #389 attempt=1/2 status=200 0.190s url=https://www.myfonts.com/collections/seibi-jindai-font-nihon-literal/?tab=techSpecs
[2026-05-02T08:00:51Z] #390 attempt=1/2 status=200 0.397s url=https://www.myfonts.com/products/bold-italic-qonora-1126470
[2026-05-02T08:00:52Z] #391 attempt=1/2 status=200 0.516s url=https://www.myfonts.com/collections/qonora-font-charles-casmiro-design/
[2026-05-02T08:00:52Z] #392 attempt=1/2 status=200 0.206s url=https://www.myfonts.com/collections/qonora-font-charles-casmiro-design/?tab=techSpecs
[2026-05-02T08:00:53Z] #393 attempt=1/2 status=200 0.375s url=https://www.myfonts.com/products/textured-armistice-1143717
[2026-05-02T08:00:54Z] #394 attempt=1/2 status=200 0.518s url=https://www.myfonts.com/collections/armistice-font-angin-studio/
[2026-05-02T08:00:55Z] #395 attempt=1/2 status=200 0.216s url=https://www.myfonts.com/collections/armistice-font-angin-studio/?tab=techSpecs
[2026-05-02T08:00:56Z] #396 attempt=1/2 status=200 0.421s url=https://www.myfonts.com/products/italic-soft-mn-virelis-1143621
[2026-05-02T08:00:57Z] #397 attempt=1/2 status=200 0.513s url=https://www.myfonts.com/collections/mn-virelis-font-mantra-naga-studio/
[2026-05-02T08:00:57Z] #398 attempt=1/2 status=200 0.151s url=https://www.myfonts.com/collections/mn-virelis-font-mantra-naga-studio/?tab=techSpecs
[2026-05-02T08:00:59Z] #399 attempt=1/2 status=200 0.480s url=https://www.myfonts.com/products/light-italic-mello-sans-1143593
[2026-05-02T08:01:00Z] #400 attempt=1/2 status=200 0.640s url=https://www.myfonts.com/collections/mello-sans-font-laroyba-type/
[2026-05-02T08:01:01Z] #401 attempt=1/2 status=200 0.208s url=https://www.myfonts.com/collections/mello-sans-font-laroyba-type/?tab=techSpecs
[2026-05-02T08:01:02Z] #402 attempt=1/2 status=200 0.395s url=https://www.myfonts.com/products/bold-mello-serif-1143577
[2026-05-02T08:01:03Z] #403 attempt=1/2 status=200 0.891s url=https://www.myfonts.com/collections/mello-serif-font-laroyba-type/
[2026-05-02T08:01:04Z] #404 attempt=1/2 status=200 0.197s url=https://www.myfonts.com/collections/mello-serif-font-laroyba-type/?tab=techSpecs
[2026-05-02T08:01:06Z] #405 attempt=1/2 status=200 0.487s url=https://www.myfonts.com/products/cameo-retro-martini-at-joes-1143563
[2026-05-02T08:01:06Z] #406 attempt=1/2 status=200 0.555s url=https://www.myfonts.com/collections/martini-at-joes-font-steve-mehallo/
[2026-05-02T08:01:07Z] #407 attempt=1/2 status=200 0.152s url=https://www.myfonts.com/collections/martini-at-joes-font-steve-mehallo/?tab=techSpecs
[2026-05-02T08:01:09Z] #408 attempt=1/2 status=200 0.612s url=https://www.myfonts.com/products/extra-light-italic-panpan-and-dondot-1143855
[2026-05-02T08:01:09Z] #409 attempt=1/2 status=200 0.531s url=https://www.myfonts.com/collections/panpan-and-dondot-font-mystical-type/
[2026-05-02T08:01:10Z] #410 attempt=1/2 status=200 0.182s url=https://www.myfonts.com/collections/panpan-and-dondot-font-mystical-type/?tab=techSpecs
[2026-05-02T08:01:11Z] #411 attempt=1/2 status=200 0.504s url=https://www.myfonts.com/products/thin-krasar-1131548
[2026-05-02T08:01:12Z] #412 attempt=1/2 status=200 0.676s url=https://www.myfonts.com/collections/krasar-font-anagata-type/
[2026-05-02T08:01:13Z] #413 attempt=1/2 status=200 0.167s url=https://www.myfonts.com/collections/krasar-font-anagata-type/?tab=techSpecs
[2026-05-02T08:01:15Z] #414 attempt=1/2 status=200 0.489s url=https://www.myfonts.com/products/semi-bold-italic-clofie-1130202
[2026-05-02T08:01:16Z] #415 attempt=1/2 status=200 0.572s url=https://www.myfonts.com/collections/clofie-font-dealita-studio/
[2026-05-02T08:01:16Z] #416 attempt=1/2 status=200 0.227s url=https://www.myfonts.com/collections/clofie-font-dealita-studio/?tab=techSpecs
[2026-05-02T08:01:18Z] #417 attempt=1/2 status=200 0.797s url=https://www.myfonts.com/products/extra-bold-expanded-smilant-1143839
[2026-05-02T08:01:20Z] #418 attempt=1/2 status=200 1.970s url=https://www.myfonts.com/collections/smilant-font-rastype-studio/
[2026-05-02T08:01:21Z] #419 attempt=1/2 status=200 0.231s url=https://www.myfonts.com/collections/smilant-font-rastype-studio/?tab=techSpecs
[2026-05-02T08:01:23Z] #420 attempt=1/2 status=200 0.291s url=https://www.myfonts.com/products/regular-crawley-1143708
[2026-05-02T08:01:23Z] #421 attempt=1/2 status=200 0.481s url=https://www.myfonts.com/collections/crawley-font-angin-studio/
[2026-05-02T08:01:24Z] #422 attempt=1/2 status=200 0.170s url=https://www.myfonts.com/collections/crawley-font-angin-studio/?tab=techSpecs
[2026-05-02T08:01:25Z] #423 attempt=1/2 status=200 0.533s url=https://www.myfonts.com/products/extra-bold-oblique-gutriger-1143642
[2026-05-02T08:01:26Z] #424 attempt=1/2 status=200 0.754s url=https://www.myfonts.com/collections/gutriger-font-ridtype/
[2026-05-02T08:01:27Z] #425 attempt=1/2 status=200 0.163s url=https://www.myfonts.com/collections/gutriger-font-ridtype/?tab=techSpecs
[2026-05-02T08:01:28Z] #426 attempt=1/2 status=200 0.327s url=https://www.myfonts.com/products/regular-almenty-carmine-1143737
[2026-05-02T08:01:29Z] #427 attempt=1/2 status=200 0.461s url=https://www.myfonts.com/collections/almenty-carmine-font-tini-fitriani/
[2026-05-02T08:01:29Z] #428 attempt=1/2 status=200 0.145s url=https://www.myfonts.com/collections/almenty-carmine-font-tini-fitriani/?tab=techSpecs
[2026-05-02T08:01:31Z] #429 attempt=1/2 status=200 0.457s url=https://www.myfonts.com/products/black-italic-konstructa-rounded-1143425
[2026-05-02T08:01:31Z] #430 attempt=1/2 status=200 0.372s url=https://www.myfonts.com/collections/konstructa-rounded-font-ghozai-studio/
[2026-05-02T08:01:32Z] #431 attempt=1/2 status=200 0.180s url=https://www.myfonts.com/collections/konstructa-rounded-font-ghozai-studio/?tab=techSpecs
[2026-05-02T08:01:33Z] #432 attempt=1/2 status=200 0.432s url=https://www.myfonts.com/products/italic-vesue-1143387
[2026-05-02T08:01:34Z] #433 attempt=1/2 status=200 0.315s url=https://www.myfonts.com/collections/vesue-font-artiveko/
[2026-05-02T08:01:34Z] #434 attempt=1/2 status=200 0.151s url=https://www.myfonts.com/collections/vesue-font-artiveko/?tab=techSpecs
[2026-05-02T08:01:36Z] #435 attempt=1/2 status=200 0.557s url=https://www.myfonts.com/products/scratch-outline-italic-poppy-otter-1143340
[2026-05-02T08:01:37Z] #436 attempt=1/2 status=200 0.699s url=https://www.myfonts.com/collections/poppy-otter-font-ottertype/
[2026-05-02T08:01:37Z] #437 attempt=1/2 status=200 0.173s url=https://www.myfonts.com/collections/poppy-otter-font-ottertype/?tab=techSpecs
[2026-05-02T08:01:39Z] #438 attempt=1/2 status=200 0.368s url=https://www.myfonts.com/products/whither-display-regular-whither-display-slant-1143393
[2026-05-02T08:01:39Z] #439 attempt=1/2 status=200 0.371s url=https://www.myfonts.com/collections/whither-display-slant-font-ijemrockart/
[2026-05-02T08:01:40Z] #440 attempt=1/2 status=200 0.171s url=https://www.myfonts.com/collections/whither-display-slant-font-ijemrockart/?tab=techSpecs
[2026-05-02T08:01:41Z] #441 attempt=1/2 status=200 0.338s url=https://www.myfonts.com/products/italic-quwela-1139869
[2026-05-02T08:01:42Z] #442 attempt=1/2 status=200 0.522s url=https://www.myfonts.com/collections/quwela-font-ragamkata/
[2026-05-02T08:01:42Z] #443 attempt=1/2 status=200 0.151s url=https://www.myfonts.com/collections/quwela-font-ragamkata/?tab=techSpecs
[2026-05-02T08:01:44Z] #444 attempt=1/2 status=200 0.346s url=https://www.myfonts.com/products/bold-ana-diego-rounded-1143380
[2026-05-02T08:01:44Z] #445 attempt=1/2 status=200 0.374s url=https://www.myfonts.com/collections/ana-diego-rounded-font-tipastype/
[2026-05-02T08:01:45Z] #446 attempt=1/2 status=200 0.206s url=https://www.myfonts.com/collections/ana-diego-rounded-font-tipastype/?tab=techSpecs
[2026-05-02T08:01:46Z] #447 attempt=1/2 status=200 0.405s url=https://www.myfonts.com/products/branson-script-bransona-hellings-1143297
[2026-05-02T08:01:47Z] #448 attempt=1/2 status=200 0.397s url=https://www.myfonts.com/collections/bransona-hellings-font-bayuktx/
[2026-05-02T08:01:47Z] #449 attempt=1/2 status=200 0.208s url=https://www.myfonts.com/collections/bransona-hellings-font-bayuktx/?tab=techSpecs
[2026-05-02T08:01:48Z] #450 attempt=1/2 status=200 0.362s url=https://www.myfonts.com/products/bertha-regular-bertha-serif-1143455
[2026-05-02T08:01:49Z] #451 attempt=1/2 status=200 0.342s url=https://www.myfonts.com/collections/bertha-serif-font-alphaleonis-std/
[2026-05-02T08:01:49Z] #452 attempt=1/2 status=200 0.165s url=https://www.myfonts.com/collections/bertha-serif-font-alphaleonis-std/?tab=techSpecs
[2026-05-02T08:01:50Z] #453 attempt=1/2 status=200 0.317s url=https://www.myfonts.com/products/regular-sabiren-1143286
[2026-05-02T08:01:51Z] #454 attempt=1/2 status=200 0.378s url=https://www.myfonts.com/collections/sabiren-font-sealoung/
[2026-05-02T08:01:51Z] #455 attempt=1/2 status=200 0.181s url=https://www.myfonts.com/collections/sabiren-font-sealoung/?tab=techSpecs
[2026-05-02T08:01:52Z] #456 attempt=1/2 status=200 0.447s url=https://www.myfonts.com/products/serif-slant-untold-chapter-1143468
[2026-05-02T08:01:53Z] #457 attempt=1/2 status=200 0.397s url=https://www.myfonts.com/collections/untold-chapter-font-letterhend/
[2026-05-02T08:01:54Z] #458 attempt=1/2 status=200 0.174s url=https://www.myfonts.com/collections/untold-chapter-font-letterhend/?tab=techSpecs
[2026-05-02T08:01:55Z] #459 attempt=1/2 status=200 0.364s url=https://www.myfonts.com/products/outline-meat-smith-1143692
[2026-05-02T08:01:55Z] #460 attempt=1/2 status=200 0.378s url=https://www.myfonts.com/collections/meat-smith-font-vozzy/
[2026-05-02T08:01:56Z] #461 attempt=1/2 status=200 0.202s url=https://www.myfonts.com/collections/meat-smith-font-vozzy/?tab=techSpecs
[2026-05-02T08:01:57Z] #462 attempt=1/2 status=200 0.346s url=https://www.myfonts.com/products/regular-reclett-1143793
[2026-05-02T08:01:58Z] #463 attempt=1/2 status=200 0.475s url=https://www.myfonts.com/collections/reclett-font-calderon-estudio-typeffoundry/
[2026-05-02T08:01:58Z] #464 attempt=1/2 status=200 0.153s url=https://www.myfonts.com/collections/reclett-font-calderon-estudio-typeffoundry/?tab=techSpecs
[2026-05-02T08:02:00Z] #465 attempt=1/2 status=200 0.277s url=https://www.myfonts.com/products/regular-fedley-1143693
[2026-05-02T08:02:00Z] #466 attempt=1/2 status=200 0.275s url=https://www.myfonts.com/collections/fedley-font-maikohatta/
[2026-05-02T08:02:01Z] #467 attempt=1/2 status=200 0.178s url=https://www.myfonts.com/collections/fedley-font-maikohatta/?tab=techSpecs
[2026-05-02T08:02:02Z] #468 attempt=1/2 status=200 0.430s url=https://www.myfonts.com/products/script-gogo-mumbo-1143585
[2026-05-02T08:02:03Z] #469 attempt=1/2 status=200 0.494s url=https://www.myfonts.com/collections/gogo-mumbo-font-marvadesign/
[2026-05-02T08:02:03Z] #470 attempt=1/2 status=200 0.158s url=https://www.myfonts.com/collections/gogo-mumbo-font-marvadesign/?tab=techSpecs
[2026-05-02T08:02:04Z] #471 attempt=1/2 status=200 0.312s url=https://www.myfonts.com/products/black-bubblio-glaze-1143727
[2026-05-02T08:02:05Z] #472 attempt=1/2 status=200 0.504s url=https://www.myfonts.com/collections/bubblio-glaze-font-rashdrawn/
[2026-05-02T08:02:05Z] #473 attempt=1/2 status=200 0.158s url=https://www.myfonts.com/collections/bubblio-glaze-font-rashdrawn/?tab=techSpecs
[2026-05-02T08:02:07Z] #474 attempt=1/2 status=200 0.376s url=https://www.myfonts.com/products/regular-jelink-1143288
[2026-05-02T08:02:07Z] #475 attempt=1/2 status=200 0.585s url=https://www.myfonts.com/collections/jelink-font-afkari-studio/
[2026-05-02T08:02:08Z] #476 attempt=1/2 status=200 0.158s url=https://www.myfonts.com/collections/jelink-font-afkari-studio/?tab=techSpecs
[2026-05-02T08:02:09Z] #477 attempt=1/2 status=200 0.406s url=https://www.myfonts.com/products/medium-italic-neubricks-1143430
[2026-05-02T08:02:10Z] #478 attempt=1/2 status=200 0.344s url=https://www.myfonts.com/collections/neubricks-font-snapedsgn/
[2026-05-02T08:02:10Z] #479 attempt=1/2 status=200 0.150s url=https://www.myfonts.com/collections/neubricks-font-snapedsgn/?tab=techSpecs
[2026-05-02T08:02:11Z] #480 attempt=1/2 status=200 0.288s url=https://www.myfonts.com/products/regular-bellsshake-1143734
[2026-05-02T08:02:12Z] #481 attempt=1/2 status=200 0.343s url=https://www.myfonts.com/collections/bellsshake-font-stylishtype-studio/
[2026-05-02T08:02:12Z] #482 attempt=1/2 status=200 0.172s url=https://www.myfonts.com/collections/bellsshake-font-stylishtype-studio/?tab=techSpecs
[2026-05-02T08:02:14Z] #483 attempt=1/6 status=200 0.697s url=https://www.myfonts.com/products.json?limit=100&page=9
[2026-05-02T08:02:15Z] #484 attempt=1/2 status=200 0.318s url=https://www.myfonts.com/products/extrude-hoptune-1143306
[2026-05-02T08:02:16Z] #485 attempt=1/2 status=200 0.421s url=https://www.myfonts.com/collections/hoptune-font-ahweproject/
[2026-05-02T08:02:16Z] #486 attempt=1/2 status=200 0.156s url=https://www.myfonts.com/collections/hoptune-font-ahweproject/?tab=techSpecs
[2026-05-02T08:02:17Z] #487 attempt=1/2 status=200 0.415s url=https://www.myfonts.com/products/regular-bravibe-1139871
[2026-05-02T08:02:18Z] #488 attempt=1/2 status=200 0.525s url=https://www.myfonts.com/collections/bravibe-font-burntilldead/
[2026-05-02T08:02:19Z] #489 attempt=1/2 status=200 0.152s url=https://www.myfonts.com/collections/bravibe-font-burntilldead/?tab=techSpecs
[2026-05-02T08:02:20Z] #490 attempt=1/2 status=200 0.389s url=https://www.myfonts.com/products/gorkesq-regular-gorkesq-1143730
[2026-05-02T08:02:21Z] #491 attempt=1/2 status=200 0.473s url=https://www.myfonts.com/collections/gorkesq-font-mooneseye-studio/
[2026-05-02T08:02:21Z] #492 attempt=1/2 status=200 0.146s url=https://www.myfonts.com/collections/gorkesq-font-mooneseye-studio/?tab=techSpecs
[2026-05-02T08:02:22Z] #493 attempt=1/2 status=200 0.349s url=https://www.myfonts.com/products/serif-bold-italic-neo-forma-1143400
[2026-05-02T08:02:23Z] #494 attempt=1/2 status=200 0.386s url=https://www.myfonts.com/collections/neo-forma-font-set-sail-studios/
[2026-05-02T08:02:23Z] #495 attempt=1/2 status=200 0.161s url=https://www.myfonts.com/collections/neo-forma-font-set-sail-studios/?tab=techSpecs
[2026-05-02T08:02:25Z] #496 attempt=1/2 status=200 0.305s url=https://www.myfonts.com/products/regular-eutoria-1143435
[2026-05-02T08:02:25Z] #497 attempt=1/2 status=200 0.293s url=https://www.myfonts.com/collections/eutoria-font-ikiikowrk/
[2026-05-02T08:02:26Z] #498 attempt=1/2 status=200 0.169s url=https://www.myfonts.com/collections/eutoria-font-ikiikowrk/?tab=techSpecs
[2026-05-02T08:02:27Z] #499 attempt=1/2 status=200 0.433s url=https://www.myfonts.com/products/regular-capriola-1143434
[2026-05-02T08:02:27Z] #500 attempt=1/2 status=200 0.272s url=https://www.myfonts.com/collections/capriola-font-hipfonts/
[2026-05-02T08:02:28Z] #501 attempt=1/2 status=200 0.146s url=https://www.myfonts.com/collections/capriola-font-hipfonts/?tab=techSpecs
[2026-05-02T08:02:29Z] #502 attempt=1/2 status=200 0.278s url=https://www.myfonts.com/products/femic-regular-femic-1143506
[2026-05-02T08:02:29Z] #503 attempt=1/2 status=200 0.292s url=https://www.myfonts.com/collections/femic-font-syntype/
[2026-05-02T08:02:29Z] #504 attempt=1/2 status=200 0.146s url=https://www.myfonts.com/collections/femic-font-syntype/?tab=techSpecs
[2026-05-02T08:02:31Z] #505 attempt=1/2 status=200 0.342s url=https://www.myfonts.com/products/full-iron-ape-1143696
[2026-05-02T08:02:31Z] #506 attempt=1/2 status=200 0.381s url=https://www.myfonts.com/collections/iron-ape-font-vozzy/
[2026-05-02T08:02:32Z] #507 attempt=1/2 status=200 0.210s url=https://www.myfonts.com/collections/iron-ape-font-vozzy/?tab=techSpecs
[2026-05-02T08:02:33Z] #508 attempt=1/2 status=200 0.329s url=https://www.myfonts.com/products/italic-blackveilo-1143315
[2026-05-02T08:02:34Z] #509 attempt=1/2 status=200 0.337s url=https://www.myfonts.com/collections/blackveilo-font-faristaputra/
[2026-05-02T08:02:34Z] #510 attempt=1/2 status=200 0.225s url=https://www.myfonts.com/collections/blackveilo-font-faristaputra/?tab=techSpecs
[2026-05-02T08:02:35Z] #511 attempt=1/2 status=200 0.372s url=https://www.myfonts.com/products/oblique-lovine-1143362
[2026-05-02T08:02:36Z] #512 attempt=1/2 status=200 0.298s url=https://www.myfonts.com/collections/lovine-font-zeenesia-studio/
[2026-05-02T08:02:36Z] #513 attempt=1/2 status=200 0.161s url=https://www.myfonts.com/collections/lovine-font-zeenesia-studio/?tab=techSpecs
[2026-05-02T08:02:38Z] #514 attempt=1/2 status=200 0.405s url=https://www.myfonts.com/products/italic-holany-calira-1143384
[2026-05-02T08:02:38Z] #515 attempt=1/2 status=200 0.294s url=https://www.myfonts.com/collections/holany-calira-font-tini-fitriani/
[2026-05-02T08:02:39Z] #516 attempt=1/2 status=200 0.151s url=https://www.myfonts.com/collections/holany-calira-font-tini-fitriani/?tab=techSpecs
[2026-05-02T08:02:40Z] #517 attempt=1/2 status=200 0.316s url=https://www.myfonts.com/products/regular-delighton-script-1143722
[2026-05-02T08:02:41Z] #518 attempt=1/2 status=200 0.423s url=https://www.myfonts.com/collections/delighton-script-font-hrz-studio/
[2026-05-02T08:02:41Z] #519 attempt=1/2 status=200 0.152s url=https://www.myfonts.com/collections/delighton-script-font-hrz-studio/?tab=techSpecs
[2026-05-02T08:02:42Z] #520 attempt=1/2 status=200 0.298s url=https://www.myfonts.com/products/script-regular-atelier-blossom-1138144
[2026-05-02T08:02:43Z] #521 attempt=1/2 status=200 0.531s url=https://www.myfonts.com/collections/atelier-blossom-font-get-studio/
[2026-05-02T08:02:43Z] #522 attempt=1/2 status=200 0.182s url=https://www.myfonts.com/collections/atelier-blossom-font-get-studio/?tab=techSpecs
[2026-05-02T08:02:45Z] #523 attempt=1/2 status=200 0.328s url=https://www.myfonts.com/products/regular-always-classy-1143280
[2026-05-02T08:02:45Z] #524 attempt=1/2 status=200 0.396s url=https://www.myfonts.com/collections/always-classy-font-blankids/
[2026-05-02T08:02:46Z] #525 attempt=1/2 status=200 0.152s url=https://www.myfonts.com/collections/always-classy-font-blankids/?tab=techSpecs
[2026-05-02T08:02:47Z] #526 attempt=1/2 status=200 0.321s url=https://www.myfonts.com/products/offset-asteron-1143671
[2026-05-02T08:02:47Z] #527 attempt=1/2 status=200 0.363s url=https://www.myfonts.com/collections/asteron-font-vozzy/
[2026-05-02T08:02:48Z] #528 attempt=1/2 status=200 0.172s url=https://www.myfonts.com/collections/asteron-font-vozzy/?tab=techSpecs
[2026-05-02T08:02:49Z] #529 attempt=1/2 status=200 0.289s url=https://www.myfonts.com/products/regular-precille-1138431
[2026-05-02T08:02:50Z] #530 attempt=1/2 status=200 0.353s url=https://www.myfonts.com/collections/precille-font-sixtype-foundry/
[2026-05-02T08:02:50Z] #531 attempt=1/2 status=200 0.164s url=https://www.myfonts.com/collections/precille-font-sixtype-foundry/?tab=techSpecs
[2026-05-02T08:02:51Z] #532 attempt=1/2 status=200 0.313s url=https://www.myfonts.com/products/cleju-bibsha-regular-mc-cleju-bibsha-1143283
[2026-05-02T08:02:52Z] #533 attempt=1/2 status=200 0.367s url=https://www.myfonts.com/collections/mc-cleju-bibsha-font-maulana-creative/
[2026-05-02T08:02:52Z] #534 attempt=1/2 status=200 0.304s url=https://www.myfonts.com/collections/mc-cleju-bibsha-font-maulana-creative/?tab=techSpecs
[2026-05-02T08:02:53Z] #535 attempt=1/2 status=200 0.424s url=https://www.myfonts.com/products/regular-arqine-1143847
[2026-05-02T08:02:54Z] #536 attempt=1/2 status=200 0.326s url=https://www.myfonts.com/collections/arqine-font-only-fonts/
[2026-05-02T08:02:54Z] #537 attempt=1/2 status=200 0.145s url=https://www.myfonts.com/collections/arqine-font-only-fonts/?tab=techSpecs
[2026-05-02T08:02:55Z] #538 attempt=1/2 status=200 0.381s url=https://www.myfonts.com/products/regular-ongunkan-rosetta-stone-greek-1143312
[2026-05-02T08:02:56Z] #539 attempt=1/2 status=200 0.277s url=https://www.myfonts.com/collections/ongunkan-rosetta-stone-greek-font-runic-world-tamgaci/
[2026-05-02T08:02:56Z] #540 attempt=1/2 status=200 0.146s url=https://www.myfonts.com/collections/ongunkan-rosetta-stone-greek-font-runic-world-tamgaci/?tab=techSpecs
[2026-05-02T08:02:57Z] #541 attempt=1/2 status=200 0.359s url=https://www.myfonts.com/products/regular-avena-1143310
[2026-05-02T08:02:58Z] #542 attempt=1/2 status=200 0.284s url=https://www.myfonts.com/collections/avena-font-owpictures/
[2026-05-02T08:02:58Z] #543 attempt=1/2 status=200 0.173s url=https://www.myfonts.com/collections/avena-font-owpictures/?tab=techSpecs
[2026-05-02T08:02:59Z] #544 attempt=1/2 status=200 0.465s url=https://www.myfonts.com/products/script-mistkin-1143625
[2026-05-02T08:03:00Z] #545 attempt=1/2 status=200 0.368s url=https://www.myfonts.com/collections/mistkin-font-lemonthe/
[2026-05-02T08:03:00Z] #546 attempt=1/2 status=200 0.165s url=https://www.myfonts.com/collections/mistkin-font-lemonthe/?tab=techSpecs
[2026-05-02T08:03:01Z] #547 attempt=1/2 status=200 0.290s url=https://www.myfonts.com/products/regular-school-notes-1143373
[2026-05-02T08:03:02Z] #548 attempt=1/2 status=200 0.329s url=https://www.myfonts.com/collections/school-notes-font-mvmet/
[2026-05-02T08:03:02Z] #549 attempt=1/2 status=200 0.163s url=https://www.myfonts.com/collections/school-notes-font-mvmet/?tab=techSpecs
[2026-05-02T08:03:03Z] #550 attempt=1/2 status=200 0.305s url=https://www.myfonts.com/products/regular-sume-1143846
[2026-05-02T08:03:04Z] #551 attempt=1/2 status=200 0.275s url=https://www.myfonts.com/collections/sume-font-lb-studio/
[2026-05-02T08:03:04Z] #552 attempt=1/2 status=200 0.163s url=https://www.myfonts.com/collections/sume-font-lb-studio/?tab=techSpecs
[2026-05-02T08:03:05Z] #553 attempt=1/2 status=200 0.272s url=https://www.myfonts.com/products/helenna-regular-helenna-serif-1143456
[2026-05-02T08:03:06Z] #554 attempt=1/2 status=200 0.261s url=https://www.myfonts.com/collections/helenna-serif-font-alphaleonis-std/
[2026-05-02T08:03:06Z] #555 attempt=1/2 status=200 0.151s url=https://www.myfonts.com/collections/helenna-serif-font-alphaleonis-std/?tab=techSpecs
[2026-05-02T08:03:07Z] #556 attempt=1/2 status=200 0.325s url=https://www.myfonts.com/products/regular-juegas-1143712
[2026-05-02T08:03:08Z] #557 attempt=1/2 status=200 0.439s url=https://www.myfonts.com/collections/juegas-font-tini-fitriani/
[2026-05-02T08:03:08Z] #558 attempt=1/2 status=200 0.158s url=https://www.myfonts.com/collections/juegas-font-tini-fitriani/?tab=techSpecs
[2026-05-02T08:03:09Z] #559 attempt=1/2 status=200 0.280s url=https://www.myfonts.com/products/regular-pizzaroo-1143471
[2026-05-02T08:03:10Z] #560 attempt=1/2 status=200 0.350s url=https://www.myfonts.com/collections/pizzaroo-font-rasio-studio/
[2026-05-02T08:03:10Z] #561 attempt=1/2 status=200 0.177s url=https://www.myfonts.com/collections/pizzaroo-font-rasio-studio/?tab=techSpecs
[2026-05-02T08:03:11Z] #562 attempt=1/2 status=200 0.425s url=https://www.myfonts.com/products/italic-flowy-psyche-1143465
[2026-05-02T08:03:12Z] #563 attempt=1/2 status=200 0.629s url=https://www.myfonts.com/collections/flowy-psyche-font-wildan-carfont/
[2026-05-02T08:03:13Z] #564 attempt=1/2 status=200 0.172s url=https://www.myfonts.com/collections/flowy-psyche-font-wildan-carfont/?tab=techSpecs
[2026-05-02T08:03:14Z] #565 attempt=1/2 status=200 0.358s url=https://www.myfonts.com/products/regular-night-shades-brush-1130182
[2026-05-02T08:03:14Z] #566 attempt=1/2 status=200 0.414s url=https://www.myfonts.com/collections/night-shades-brush-font-tebaltipis-studio/
[2026-05-02T08:03:15Z] #567 attempt=1/2 status=200 0.153s url=https://www.myfonts.com/collections/night-shades-brush-font-tebaltipis-studio/?tab=techSpecs
[2026-05-02T08:03:17Z] #568 attempt=1/6 status=200 0.766s url=https://www.myfonts.com/products.json?limit=100&page=10
[2026-05-02T08:03:17Z] #569 attempt=1/2 status=200 0.364s url=https://www.myfonts.com/products/regular-sketchin-1143516
[2026-05-02T08:03:18Z] #570 attempt=1/2 status=200 0.563s url=https://www.myfonts.com/collections/sketchin-font-design-vault-studio/
[2026-05-02T08:03:18Z] #571 attempt=1/2 status=200 0.218s url=https://www.myfonts.com/collections/sketchin-font-design-vault-studio/?tab=techSpecs
[2026-05-02T08:03:19Z] #572 attempt=1/2 status=200 0.352s url=https://www.myfonts.com/products/regular-cardinel-display-1143718
[2026-05-02T08:03:20Z] #573 attempt=1/2 status=200 0.308s url=https://www.myfonts.com/collections/cardinel-display-font-limitype/
[2026-05-02T08:03:20Z] #574 attempt=1/2 status=200 0.188s url=https://www.myfonts.com/collections/cardinel-display-font-limitype/?tab=techSpecs
[2026-05-02T08:03:21Z] #575 attempt=1/2 status=200 0.442s url=https://www.myfonts.com/products/regular-elisabetha-1143514
[2026-05-02T08:03:22Z] #576 attempt=1/2 status=200 0.295s url=https://www.myfonts.com/collections/elisabetha-font-unitype-studio/
[2026-05-02T08:03:22Z] #577 attempt=1/2 status=200 0.234s url=https://www.myfonts.com/collections/elisabetha-font-unitype-studio/?tab=techSpecs
[2026-05-02T08:03:24Z] #578 attempt=1/2 status=200 0.707s url=https://www.myfonts.com/products/italic-kinetica-scribble-1143745
[2026-05-02T08:03:25Z] #579 attempt=1/2 status=200 0.787s url=https://www.myfonts.com/collections/kinetica-scribble-font-stylishtype-studio/
[2026-05-02T08:03:25Z] #580 attempt=1/2 status=200 0.159s url=https://www.myfonts.com/collections/kinetica-scribble-font-stylishtype-studio/?tab=techSpecs
[2026-05-02T08:03:27Z] #581 attempt=1/2 status=200 0.329s url=https://www.myfonts.com/products/regular-fordaline-signature-1130184
[2026-05-02T08:03:27Z] #582 attempt=1/2 status=200 0.263s url=https://www.myfonts.com/collections/fordaline-signature-font-tebaltipis-studio/
[2026-05-02T08:03:28Z] #583 attempt=1/2 status=200 0.179s url=https://www.myfonts.com/collections/fordaline-signature-font-tebaltipis-studio/?tab=techSpecs
[2026-05-02T08:03:29Z] #584 attempt=1/2 status=200 0.369s url=https://www.myfonts.com/products/regular-bad-rabbit-1143668
[2026-05-02T08:03:29Z] #585 attempt=1/2 status=200 0.367s url=https://www.myfonts.com/collections/bad-rabbit-font-vozzy/
[2026-05-02T08:03:30Z] #586 attempt=1/2 status=200 0.153s url=https://www.myfonts.com/collections/bad-rabbit-font-vozzy/?tab=techSpecs
[2026-05-02T08:03:31Z] #587 attempt=1/2 status=200 0.348s url=https://www.myfonts.com/products/bold-some-notes-1143303
[2026-05-02T08:03:32Z] #588 attempt=1/2 status=200 0.412s url=https://www.myfonts.com/collections/some-notes-font-afkari-studio/
[2026-05-02T08:03:32Z] #589 attempt=1/2 status=200 0.153s url=https://www.myfonts.com/collections/some-notes-font-afkari-studio/?tab=techSpecs
[2026-05-02T08:03:33Z] #590 attempt=1/2 status=200 0.437s url=https://www.myfonts.com/products/regular-serafiona-maleri-1143720
[2026-05-02T08:03:34Z] #591 attempt=1/2 status=200 0.372s url=https://www.myfonts.com/collections/serafiona-maleri-font-letterena-studios/
[2026-05-02T08:03:34Z] #592 attempt=1/2 status=200 0.167s url=https://www.myfonts.com/collections/serafiona-maleri-font-letterena-studios/?tab=techSpecs
[2026-05-02T08:03:36Z] #593 attempt=1/2 status=200 0.307s url=https://www.myfonts.com/products/texture-harvest-time-1143702
[2026-05-02T08:03:36Z] #594 attempt=1/2 status=200 0.388s url=https://www.myfonts.com/collections/harvest-time-font-vozzy/
[2026-05-02T08:03:37Z] #595 attempt=1/2 status=200 0.190s url=https://www.myfonts.com/collections/harvest-time-font-vozzy/?tab=techSpecs
[2026-05-02T08:03:38Z] #596 attempt=1/2 status=200 0.283s url=https://www.myfonts.com/products/east-bound-regular-east-bound-1137804
[2026-05-02T08:03:38Z] #597 attempt=1/2 status=200 0.268s url=https://www.myfonts.com/collections/east-bound-font-modikstype/
[2026-05-02T08:03:39Z] #598 attempt=1/2 status=200 0.156s url=https://www.myfonts.com/collections/east-bound-font-modikstype/?tab=techSpecs
[2026-05-02T08:03:40Z] #599 attempt=1/2 status=200 0.388s url=https://www.myfonts.com/products/quin-forte-regular-mc-quin-forte-1143367
[2026-05-02T08:03:40Z] #600 attempt=1/2 status=200 0.320s url=https://www.myfonts.com/collections/mc-quin-forte-font-maulana-creative/
[2026-05-02T08:03:41Z] #601 attempt=1/2 status=200 0.160s url=https://www.myfonts.com/collections/mc-quin-forte-font-maulana-creative/?tab=techSpecs
[2026-05-02T08:03:42Z] #602 attempt=1/2 status=200 0.394s url=https://www.myfonts.com/products/regular-yodia-mangesti-1143282
[2026-05-02T08:03:42Z] #603 attempt=1/2 status=200 0.255s url=https://www.myfonts.com/collections/yodia-mangesti-font-letterhanna-studio/
[2026-05-02T08:03:43Z] #604 attempt=1/2 status=200 0.160s url=https://www.myfonts.com/collections/yodia-mangesti-font-letterhanna-studio/?tab=techSpecs
[2026-05-02T08:03:44Z] #605 attempt=1/2 status=200 0.308s url=https://www.myfonts.com/products/regular-brushed-1143740
[2026-05-02T08:03:44Z] #606 attempt=1/2 status=200 0.636s url=https://www.myfonts.com/collections/brushed-font-sensatype-studio/
[2026-05-02T08:03:45Z] #607 attempt=1/2 status=200 0.229s url=https://www.myfonts.com/collections/brushed-font-sensatype-studio/?tab=techSpecs
[2026-05-02T08:03:46Z] #608 attempt=1/2 status=200 0.446s url=https://www.myfonts.com/products/regular-bungkus-1131305
[2026-05-02T08:03:47Z] #609 attempt=1/2 status=200 0.481s url=https://www.myfonts.com/collections/bungkus-font-letternesia-studio/
[2026-05-02T08:03:48Z] #610 attempt=1/2 status=200 0.180s url=https://www.myfonts.com/collections/bungkus-font-letternesia-studio/?tab=techSpecs
[2026-05-02T08:03:49Z] #611 attempt=1/2 status=200 0.370s url=https://www.myfonts.com/products/regular-calvigan-1143390
[2026-05-02T08:03:49Z] #612 attempt=1/2 status=200 0.406s url=https://www.myfonts.com/collections/calvigan-font-qweera-studio/
[2026-05-02T08:03:50Z] #613 attempt=1/2 status=200 0.171s url=https://www.myfonts.com/collections/calvigan-font-qweera-studio/?tab=techSpecs
[2026-05-02T08:03:51Z] #614 attempt=1/2 status=200 0.337s url=https://www.myfonts.com/products/regular-biketank-1142963
[2026-05-02T08:03:52Z] #615 attempt=1/2 status=200 0.429s url=https://www.myfonts.com/collections/biketank-font-gatype/
[2026-05-02T08:03:52Z] #616 attempt=1/2 status=200 0.396s url=https://www.myfonts.com/products/regular-betgal-1143460
[2026-05-02T08:03:53Z] #617 attempt=1/2 status=200 0.382s url=https://www.myfonts.com/collections/betgal-font-pandeka-studio/
[2026-05-02T08:03:54Z] #618 attempt=1/2 status=200 0.293s url=https://www.myfonts.com/products/cs-danse-liberte-regular-cs-danse-liberte-1143433
[2026-05-02T08:03:54Z] #619 attempt=1/2 status=200 0.277s url=https://www.myfonts.com/collections/cs-danse-liberte-font-calamar/
[2026-05-02T08:03:55Z] #620 attempt=1/2 status=200 0.307s url=https://www.myfonts.com/products/regular-glimolle-1143870
[2026-05-02T08:03:55Z] #621 attempt=1/2 status=200 0.348s url=https://www.myfonts.com/collections/glimolle-font-qiubare-studio/
[2026-05-02T08:03:57Z] #622 attempt=1/6 status=200 0.640s url=https://www.myfonts.com/products.json?limit=100&page=11
[2026-05-02T08:03:57Z] #623 attempt=1/2 status=200 0.397s url=https://www.myfonts.com/products/variable-khaos-1143285
[2026-05-02T08:03:58Z] #624 attempt=1/2 status=200 0.872s url=https://www.myfonts.com/collections/khaos-font-fontbilisi/
[2026-05-02T08:03:59Z] #625 attempt=1/2 status=200 0.353s url=https://www.myfonts.com/products/regular-orlan-1143408
[2026-05-02T08:03:59Z] #626 attempt=1/2 status=200 0.337s url=https://www.myfonts.com/collections/orlan-font-vadova-std/
[2026-05-02T08:04:00Z] #627 attempt=1/2 status=200 0.293s url=https://www.myfonts.com/products/bestam-pren-regular-mc-bestam-pren-1143368
[2026-05-02T08:04:01Z] #628 attempt=1/2 status=200 0.260s url=https://www.myfonts.com/collections/mc-bestam-pren-font-maulana-creative/
[2026-05-02T08:04:01Z] #629 attempt=1/2 status=200 0.440s url=https://www.myfonts.com/products/nerolinia-regular-nerolinia-1143848
[2026-05-02T08:04:02Z] #630 attempt=1/2 status=200 0.249s url=https://www.myfonts.com/collections/nerolinia-font-thinkdust/
[2026-05-02T08:04:02Z] #631 attempt=1/2 status=200 0.363s url=https://www.myfonts.com/products/regular-ogalio-1143462
[2026-05-02T08:04:03Z] #632 attempt=1/2 status=200 0.283s url=https://www.myfonts.com/collections/ogalio-font-pandeka-studio/
[2026-05-02T08:04:04Z] #633 attempt=1/2 status=200 0.345s url=https://www.myfonts.com/products/bold-woris-1143371
[2026-05-02T08:04:04Z] #634 attempt=1/2 status=200 0.318s url=https://www.myfonts.com/collections/woris-font-afkari-studio/
[2026-05-02T08:04:05Z] #635 attempt=1/2 status=200 0.323s url=https://www.myfonts.com/products/regular-raphity-1143458
[2026-05-02T08:04:05Z] #636 attempt=1/2 status=200 0.286s url=https://www.myfonts.com/collections/raphity-font-chatype-studio/
[2026-05-02T08:04:06Z] #637 attempt=1/2 status=200 0.352s url=https://www.myfonts.com/products/regular-tepinar-1143388
[2026-05-02T08:04:06Z] #638 attempt=1/2 status=200 0.338s url=https://www.myfonts.com/collections/tepinar-font-bilahstudio/
[2026-05-02T08:04:07Z] #639 attempt=1/2 status=200 0.326s url=https://www.myfonts.com/products/regular-heavy-palm-1143850
[2026-05-02T08:04:08Z] #640 attempt=1/2 status=200 0.300s url=https://www.myfonts.com/collections/heavy-palm-font-ethylene/
[2026-05-02T08:04:08Z] #641 attempt=1/2 status=200 0.332s url=https://www.myfonts.com/products/regular-willmora-1143728
[2026-05-02T08:04:09Z] #642 attempt=1/2 status=200 0.390s url=https://www.myfonts.com/collections/willmora-font-ikiikowrk/
[2026-05-02T08:04:09Z] #643 attempt=1/2 status=200 0.299s url=https://www.myfonts.com/products/regular-bageba-1143742
[2026-05-02T08:04:10Z] #644 attempt=1/2 status=200 0.296s url=https://www.myfonts.com/collections/bageba-font-pandeka-studio/
[2026-05-02T08:04:11Z] #645 attempt=1/6 status=200 0.715s url=https://www.myfonts.com/products.json?limit=100&page=12
[2026-05-02T08:04:12Z] #646 attempt=1/2 status=200 0.427s url=https://www.myfonts.com/products/regular-splash-chrome-1143470
[2026-05-02T08:04:12Z] #647 attempt=1/2 status=200 0.356s url=https://www.myfonts.com/collections/splash-chrome-font-alit-design/
[2026-05-02T08:04:13Z] #648 attempt=1/2 status=200 0.274s url=https://www.myfonts.com/products/haqutian-regular-mc-haqutian-1140124
[2026-05-02T08:04:13Z] #649 attempt=1/2 status=200 0.301s url=https://www.myfonts.com/collections/mc-haqutian-font-maulana-creative/
[2026-05-02T08:04:14Z] #650 attempt=1/2 status=200 0.360s url=https://www.myfonts.com/products/medium-italic-sintesi-semi-510943
[2026-05-02T08:04:15Z] #651 attempt=1/2 status=200 0.872s url=https://www.myfonts.com/collections/sintesi-semi-font-fsdesign-salmina/
[2026-05-02T08:04:16Z] #652 attempt=1/2 status=200 0.324s url=https://www.myfonts.com/products/italic-sintesi-semi-510941
[2026-05-02T08:04:16Z] #653 attempt=1/2 status=200 0.170s url=https://www.myfonts.com/collections/sintesi-semi-font-fsdesign-salmina/
[2026-05-02T08:04:17Z] #654 attempt=1/2 status=200 0.305s url=https://www.myfonts.com/products/light-charminette-130182
[2026-05-02T08:04:18Z] #655 attempt=1/2 status=200 0.348s url=https://www.myfonts.com/collections/charminette-font-vanderfont/
[2026-05-02T08:04:18Z] #656 attempt=1/2 status=200 0.378s url=https://www.myfonts.com/products/snapshock-complete-family-package-974553
[2026-05-02T08:04:19Z] #657 attempt=1/2 status=200 0.645s url=https://www.myfonts.com/collections/snapshock-font-putracetol/
[2026-05-02T08:04:20Z] #658 attempt=1/2 status=200 0.318s url=https://www.myfonts.com/products/carole-sans-variable-complete-family-package-1143290
[2026-05-02T08:04:21Z] #659 attempt=1/2 status=200 0.620s url=https://www.myfonts.com/collections/carole-sans-variable-font-schriftlabor/
[2026-05-02T08:04:21Z] #660 attempt=1/2 status=200 0.317s url=https://www.myfonts.com/products/carole-serif-variable-complete-family-package-1143294
[2026-05-02T08:04:22Z] #661 attempt=1/2 status=200 0.388s url=https://www.myfonts.com/collections/carole-serif-variable-font-schriftlabor/
[2026-05-02T08:04:23Z] #662 attempt=1/6 status=200 0.858s url=https://www.myfonts.com/products.json?limit=100&page=13
[2026-05-02T08:04:24Z] #663 attempt=1/2 status=200 0.646s url=https://www.myfonts.com/products/salom-sans-office-package-1143366
[2026-05-02T08:04:25Z] #664 attempt=1/2 status=200 0.750s url=https://www.myfonts.com/collections/salom-font-schriftlabor/
[2026-05-02T08:04:26Z] #665 attempt=1/2 status=200 0.544s url=https://www.myfonts.com/products/june-pro-office-package-1143300
[2026-05-02T08:04:27Z] #666 attempt=1/2 status=200 0.698s url=https://www.myfonts.com/collections/june-pro-font-schriftlabor/
[2026-05-02T08:04:28Z] #667 attempt=1/2 status=200 0.498s url=https://www.myfonts.com/products/modal-office-package-1143311
[2026-05-02T08:04:29Z] #668 attempt=1/2 status=200 1.061s url=https://www.myfonts.com/collections/modal-font-schriftlabor/
[2026-05-02T08:04:30Z] #669 attempt=1/2 status=200 0.543s url=https://www.myfonts.com/products/margit-office-package-1143309
[2026-05-02T08:04:31Z] #670 attempt=1/2 status=200 0.914s url=https://www.myfonts.com/collections/margit-font-schriftlabor/
[2026-05-02T08:04:32Z] #671 attempt=1/2 status=200 0.598s url=https://www.myfonts.com/products/gallensis-office-package-1143298
[2026-05-02T08:04:34Z] #672 attempt=1/2 status=200 1.826s url=https://www.myfonts.com/collections/gallensis-font-schriftlabor/
[2026-05-02T08:04:35Z] #673 attempt=1/2 status=200 0.368s url=https://www.myfonts.com/products/grimmig-office-package-1143299
[2026-05-02T08:04:36Z] #674 attempt=1/2 status=200 0.579s url=https://www.myfonts.com/collections/grimmig-font-schriftlabor/
[2026-05-02T08:04:36Z] #675 attempt=1/2 status=200 0.358s url=https://www.myfonts.com/products/barata-display-complete-family-package-319922
[2026-05-02T08:04:37Z] #676 attempt=1/2 status=200 0.365s url=https://www.myfonts.com/collections/barata-display-font-estudio-arellano-type-foundry/
[2026-05-02T08:04:37Z] #677 attempt=1/2 status=200 0.270s url=https://www.myfonts.com/products/shadow-barata-display-319927
[2026-05-02T08:04:38Z] #678 attempt=1/2 status=200 0.157s url=https://www.myfonts.com/collections/barata-display-font-estudio-arellano-type-foundry/
[2026-05-02T08:04:38Z] #679 attempt=1/2 status=200 0.366s url=https://www.myfonts.com/products/regular-barata-display-319917
[2026-05-02T08:04:39Z] #680 attempt=1/2 status=200 0.168s url=https://www.myfonts.com/collections/barata-display-font-estudio-arellano-type-foundry/
[2026-05-02T08:04:40Z] #681 attempt=1/2 status=200 0.338s url=https://www.myfonts.com/products/sans-barata-display-319911
[2026-05-02T08:04:40Z] #682 attempt=1/2 status=200 0.168s url=https://www.myfonts.com/collections/barata-display-font-estudio-arellano-type-foundry/
[2026-05-02T08:04:41Z] #683 attempt=1/2 status=200 0.375s url=https://www.myfonts.com/products/mistur-sleuth-complete-family-package-976891
[2026-05-02T08:04:41Z] #684 attempt=1/2 status=200 0.371s url=https://www.myfonts.com/collections/mistur-sleuth-font-timelesstype-studio/
[2026-05-02T08:04:42Z] #685 attempt=1/2 status=200 0.385s url=https://www.myfonts.com/products/palatino-linotype-complete-family-package-1143547
[2026-05-02T08:04:43Z] #686 attempt=1/2 status=200 0.477s url=https://www.myfonts.com/collections/palatino-linotype-font-zapf-alphabets/
[2026-05-02T08:04:43Z] #687 attempt=1/2 status=200 0.413s url=https://www.myfonts.com/products/gramatika-complete-family-package-1143529
[2026-05-02T08:04:45Z] #688 attempt=1/2 status=200 1.052s url=https://www.myfonts.com/collections/gramatika-font-tokotype/
[2026-05-02T08:04:46Z] #689 attempt=1/2 status=200 1.200s url=https://www.myfonts.com/products/treasure-font-bundle-package-999247
[2026-05-02T08:04:47Z] #690 attempt=1/2 status=404 0.231s url=https://www.myfonts.com/collections/treasure-font-bundle-font-viaction-typeco
[2026-05-02T08:04:48Z] #691 attempt=1/2 status=200 0.993s url=https://www.myfonts.com/products/modern-calligraphy-font-bundle-package-727245
[2026-05-02T08:04:48Z] #692 attempt=1/2 status=404 0.203s url=https://www.myfonts.com/collections/modern-calligraphy-font-bundle-font-slex-studio
[2026-05-02T08:04:49Z] #693 attempt=1/2 status=200 0.523s url=https://www.myfonts.com/products/delsya-script-complete-family-package-1143245
[2026-05-02T08:04:50Z] #694 attempt=1/2 status=200 0.622s url=https://www.myfonts.com/collections/delsya-script-font-tini-fitriani/
[2026-05-02T08:04:50Z] #695 attempt=1/2 status=200 0.378s url=https://www.myfonts.com/products/desire-press-complete-family-package-1142808
[2026-05-02T08:04:51Z] #696 attempt=1/2 status=200 0.560s url=https://www.myfonts.com/collections/desire-press-font-sloulyfe-studio/
[2026-05-02T08:04:52Z] #697 attempt=1/2 status=200 0.628s url=https://www.myfonts.com/products/sparon-complete-family-package-1142878
[2026-05-02T08:04:53Z] #698 attempt=1/2 status=200 0.452s url=https://www.myfonts.com/collections/sparon-font-artisan-themes/
[2026-05-02T08:04:53Z] #699 attempt=1/2 status=200 0.349s url=https://www.myfonts.com/products/neogrid-complete-family-package-1143269
[2026-05-02T08:04:55Z] #700 attempt=1/2 status=200 0.826s url=https://www.myfonts.com/collections/neogrid-font-din-studio/
[2026-05-02T08:04:55Z] #701 attempt=1/2 status=200 0.353s url=https://www.myfonts.com/products/nateen-display-complete-family-package-1142863
[2026-05-02T08:04:56Z] #702 attempt=1/2 status=200 0.515s url=https://www.myfonts.com/collections/nateen-display-font-ijemrockart/
[2026-05-02T08:04:57Z] #703 attempt=1/2 status=200 0.530s url=https://www.myfonts.com/products/ratch-complete-family-package-1142945
[2026-05-02T08:04:58Z] #704 attempt=1/2 status=200 0.601s url=https://www.myfonts.com/collections/ratch-font-roman-melikhov/
[2026-05-02T08:04:58Z] #705 attempt=1/2 status=200 0.327s url=https://www.myfonts.com/products/delorian-display-complete-family-package-1143254
[2026-05-02T08:04:59Z] #706 attempt=1/2 status=200 0.356s url=https://www.myfonts.com/collections/delorian-display-font-tebaltipis-studio/
[2026-05-02T08:04:59Z] #707 attempt=1/2 status=200 0.296s url=https://www.myfonts.com/products/bulldach-lettra-complete-family-package-1142866
[2026-05-02T08:05:00Z] #708 attempt=1/2 status=200 0.415s url=https://www.myfonts.com/collections/bulldach-lettra-font-jolicia-type/
[2026-05-02T08:05:02Z] #709 attempt=1/2 status=200 1.405s url=https://www.myfonts.com/products/galnery-complete-family-package-1142983
[2026-05-02T08:05:05Z] #710 attempt=1/2 status=200 2.794s url=https://www.myfonts.com/collections/galnery-font-suza-studio/
[2026-05-02T08:05:06Z] #711 attempt=1/2 status=200 0.392s url=https://www.myfonts.com/products/funky-culture-complete-family-package-1143239
[2026-05-02T08:05:07Z] #712 attempt=1/2 status=200 0.700s url=https://www.myfonts.com/collections/funky-culture-font-sipanji21/
[2026-05-02T08:05:07Z] #713 attempt=1/2 status=200 0.370s url=https://www.myfonts.com/products/monino-pro-complete-family-package-1142975
[2026-05-02T08:05:08Z] #714 attempt=1/2 status=200 0.426s url=https://www.myfonts.com/collections/monino-pro-font-thinkdust/
[2026-05-02T08:05:09Z] #715 attempt=1/2 status=200 0.373s url=https://www.myfonts.com/products/blonkra-complete-family-package-1142903
[2026-05-02T08:05:10Z] #716 attempt=1/2 status=200 0.486s url=https://www.myfonts.com/collections/blonkra-font-muksal-creatives/
[2026-05-02T08:05:10Z] #717 attempt=1/2 status=200 0.474s url=https://www.myfonts.com/products/highmade-esportas-complete-family-package-1142708
[2026-05-02T08:05:11Z] #718 attempt=1/2 status=200 0.580s url=https://www.myfonts.com/collections/highmade-esportas-font-multype-studio/
[2026-05-02T08:05:12Z] #719 attempt=1/2 status=200 0.359s url=https://www.myfonts.com/products/maileya-vintage-complete-family-package-1143242
[2026-05-02T08:05:12Z] #720 attempt=1/2 status=200 0.455s url=https://www.myfonts.com/collections/maileya-vintage-font-tini-fitriani/
[2026-05-02T08:05:13Z] #721 attempt=1/2 status=200 0.383s url=https://www.myfonts.com/products/rifton-staycation-complete-family-package-1142955
[2026-05-02T08:05:14Z] #722 attempt=1/2 status=200 0.421s url=https://www.myfonts.com/collections/rifton-staycation-font-haksen/
[2026-05-02T08:05:14Z] #723 attempt=1/2 status=200 0.329s url=https://www.myfonts.com/products/agta-complete-family-package-1142811
[2026-05-02T08:05:15Z] #724 attempt=1/2 status=200 0.363s url=https://www.myfonts.com/collections/agta-font-artiveko/
[2026-05-02T08:05:16Z] #725 attempt=1/2 status=200 0.386s url=https://www.myfonts.com/products/granix-complete-family-package-1143261
[2026-05-02T08:05:16Z] #726 attempt=1/2 status=200 0.488s url=https://www.myfonts.com/collections/granix-font-artisan-themes/
[2026-05-02T08:05:17Z] #727 attempt=1/2 status=200 0.405s url=https://www.myfonts.com/products/sweet-daisy-complete-family-package-1142898
[2026-05-02T08:05:18Z] #728 attempt=1/2 status=200 0.391s url=https://www.myfonts.com/collections/sweet-daisy-font-cocodesign/
[2026-05-02T08:05:19Z] #729 attempt=1/2 status=200 0.674s url=https://www.myfonts.com/products/regular-style-package-1142796
[2026-05-02T08:05:20Z] #730 attempt=1/2 status=200 0.984s url=https://www.myfonts.com/collections/galdertine-charetam-semi-serif-font-logic-type/
[2026-05-02T08:05:21Z] #731 attempt=1/2 status=200 0.405s url=https://www.myfonts.com/products/cranch-complete-family-package-1142847
[2026-05-02T08:05:21Z] #732 attempt=1/2 status=200 0.494s url=https://www.myfonts.com/collections/cranch-font-roman-melikhov/
[2026-05-02T08:05:22Z] #733 attempt=1/2 status=200 0.448s url=https://www.myfonts.com/products/lev-type-repyakh-complete-family-package-1142916
[2026-05-02T08:05:23Z] #734 attempt=1/2 status=200 0.451s url=https://www.myfonts.com/collections/lev-type-repyakh-font-lev-type/
[2026-05-02T08:05:24Z] #735 attempt=1/2 status=200 0.700s url=https://www.myfonts.com/products/expanded-family-package-1142703
[2026-05-02T08:05:25Z] #736 attempt=1/2 status=200 1.108s url=https://www.myfonts.com/collections/sinar-grotesk-font-tokotype/
[2026-05-02T08:05:26Z] #737 attempt=1/2 status=200 0.360s url=https://www.myfonts.com/products/andale-mono-complete-family-pack-package-548330
[2026-05-02T08:05:27Z] #738 attempt=1/2 status=200 0.413s url=https://www.myfonts.com/collections/andale-mono-font-monotype-imaging/
[2026-05-02T08:05:27Z] #739 attempt=1/2 status=200 0.172s url=https://www.myfonts.com/collections/andale-mono-font-monotype-imaging/
[2026-05-02T08:05:28Z] #740 attempt=1/2 status=200 0.497s url=https://www.myfonts.com/products/coastaline-balibo-complete-family-package-1142980
[2026-05-02T08:05:29Z] #741 attempt=1/2 status=200 0.438s url=https://www.myfonts.com/collections/coastaline-balibo-font-monolimes/
[2026-05-02T08:05:29Z] #742 attempt=1/2 status=200 0.480s url=https://www.myfonts.com/products/the-heistha-editorial-font-duo-complete-family-package-1142912
[2026-05-02T08:05:30Z] #743 attempt=1/2 status=200 0.532s url=https://www.myfonts.com/collections/the-heistha-editorial-font-duo-font-sigit-nurcholis/
[2026-05-02T08:05:31Z] #744 attempt=1/2 status=200 0.585s url=https://www.myfonts.com/products/expanded-package-1142890
[2026-05-02T08:05:33Z] #745 attempt=1/2 status=200 1.863s url=https://www.myfonts.com/collections/natharie-font-nia-typework/
[2026-05-02T08:05:34Z] #746 attempt=1/2 status=200 0.309s url=https://www.myfonts.com/products/zenfix-complete-family-package-1143264
[2026-05-02T08:05:35Z] #747 attempt=1/2 status=200 0.479s url=https://www.myfonts.com/collections/zenfix-font-artisan-themes/
[2026-05-02T08:05:35Z] #748 attempt=1/2 status=200 0.428s url=https://www.myfonts.com/products/avathor-type-complete-family-package-1142964
[2026-05-02T08:05:36Z] #749 attempt=1/2 status=200 0.578s url=https://www.myfonts.com/collections/avathor-type-font-canden-meutuah/
[2026-05-02T08:05:37Z] #750 attempt=1/2 status=200 0.319s url=https://www.myfonts.com/products/goldray-club-complete-family-package-1142875
[2026-05-02T08:05:37Z] #751 attempt=1/2 status=200 0.376s url=https://www.myfonts.com/collections/goldray-club-font-letterhend/
[2026-05-02T08:05:38Z] #752 attempt=1/2 status=200 0.303s url=https://www.myfonts.com/products/brendast-grande-complete-family-package-1142698
[2026-05-02T08:05:39Z] #753 attempt=1/2 status=200 0.453s url=https://www.myfonts.com/collections/brendast-grande-font-suza-studio/
[2026-05-02T08:05:40Z] #754 attempt=1/6 status=200 0.735s url=https://www.myfonts.com/products.json?limit=100&page=14
[2026-05-02T08:05:41Z] #755 attempt=1/2 status=200 0.674s url=https://www.myfonts.com/products/bajazzo-complete-family-package-1142911
[2026-05-02T08:05:42Z] #756 attempt=1/2 status=200 1.159s url=https://www.myfonts.com/collections/bajazzo-font-schriftlabor/
[2026-05-02T08:05:43Z] #757 attempt=1/2 status=200 0.441s url=https://www.myfonts.com/products/klopfzeichen-complete-family-package-1142914
[2026-05-02T08:05:44Z] #758 attempt=1/2 status=200 0.505s url=https://www.myfonts.com/collections/klopfzeichen-font-mysterian/
[2026-05-02T08:05:45Z] #759 attempt=1/2 status=200 0.296s url=https://www.myfonts.com/products/tallmark-complete-family-package-1143248
[2026-05-02T08:05:45Z] #760 attempt=1/2 status=200 0.438s url=https://www.myfonts.com/collections/tallmark-font-nathatype/
[2026-05-02T08:05:46Z] #761 attempt=1/2 status=200 0.431s url=https://www.myfonts.com/products/ahkara-complete-family-package-1142800
[2026-05-02T08:05:47Z] #762 attempt=1/2 status=200 0.407s url=https://www.myfonts.com/collections/ahkara-font-agung-sudirman/
[2026-05-02T08:05:47Z] #763 attempt=1/2 status=200 0.374s url=https://www.myfonts.com/products/play-sticz-complete-family-package-1142893
[2026-05-02T08:05:48Z] #764 attempt=1/2 status=200 0.426s url=https://www.myfonts.com/collections/play-sticz-font-pandeka-studio/
[2026-05-02T08:05:49Z] #765 attempt=1/2 status=200 0.818s url=https://www.myfonts.com/products/stagger-complete-family-package-1142997
[2026-05-02T08:05:50Z] #766 attempt=1/2 status=200 1.124s url=https://www.myfonts.com/collections/stagger-font-nia-typework/
[2026-05-02T08:05:52Z] #767 attempt=1/2 status=200 0.640s url=https://www.myfonts.com/products/eckhart-complete-family-package-1142695
[2026-05-02T08:05:53Z] #768 attempt=1/2 status=200 1.101s url=https://www.myfonts.com/collections/eckhart-font-rohh/
[2026-05-02T08:05:54Z] #769 attempt=1/2 status=200 0.392s url=https://www.myfonts.com/products/s-thin-goorkit-1140055
[2026-05-02T08:05:55Z] #770 attempt=1/2 status=200 0.809s url=https://www.myfonts.com/collections/goorkit-font-vlad-b/
[2026-05-02T08:05:56Z] #771 attempt=1/2 status=200 0.371s url=https://www.myfonts.com/products/semi-bold-furonto-1141187
[2026-05-02T08:05:57Z] #772 attempt=1/2 status=200 0.608s url=https://www.myfonts.com/collections/furonto-font-simpletype-studios/
[2026-05-02T08:05:57Z] #773 attempt=1/2 status=200 0.323s url=https://www.myfonts.com/products/regular-cleamylo-1142897
[2026-05-02T08:05:58Z] #774 attempt=1/2 status=200 0.346s url=https://www.myfonts.com/collections/cleamylo-font-brandearth/
[2026-05-02T08:05:58Z] #775 attempt=1/2 status=200 0.338s url=https://www.myfonts.com/products/regular-better-gold-brush-1142874
[2026-05-02T08:05:59Z] #776 attempt=1/2 status=200 0.287s url=https://www.myfonts.com/collections/better-gold-brush-font-tebaltipis-studio/
[2026-05-02T08:05:59Z] #777 attempt=1/2 status=200 0.279s url=https://www.myfonts.com/products/regular-boos-spod-1142858
[2026-05-02T08:06:00Z] #778 attempt=1/2 status=200 0.316s url=https://www.myfonts.com/collections/boos-spod-font-bayuktx/
[2026-05-02T08:06:01Z] #779 attempt=1/2 status=200 0.348s url=https://www.myfonts.com/products/regular-collen-1142959
[2026-05-02T08:06:01Z] #780 attempt=1/2 status=200 0.414s url=https://www.myfonts.com/collections/collen-font-only-fonts/
[2026-05-02T08:06:02Z] #781 attempt=1/2 status=200 0.398s url=https://www.myfonts.com/products/regular-3x5-1142706
[2026-05-02T08:06:03Z] #782 attempt=1/2 status=200 0.378s url=https://www.myfonts.com/collections/3x5-font-k-type/
[2026-05-02T08:06:03Z] #783 attempt=1/2 status=200 0.375s url=https://www.myfonts.com/products/regular-cregmils-1142961
[2026-05-02T08:06:04Z] #784 attempt=1/2 status=200 0.365s url=https://www.myfonts.com/collections/cregmils-font-only-fonts/
[2026-05-02T08:06:05Z] #785 attempt=1/2 status=200 0.485s url=https://www.myfonts.com/products/regular-ronamuda-1143251
[2026-05-02T08:06:05Z] #786 attempt=1/2 status=200 0.267s url=https://www.myfonts.com/collections/ronamuda-font-jetsmax-studio/
[2026-05-02T08:06:06Z] #787 attempt=1/2 status=200 0.327s url=https://www.myfonts.com/products/ludane-regular-ludane-condensed-1141212
[2026-05-02T08:06:06Z] #788 attempt=1/2 status=200 0.366s url=https://www.myfonts.com/collections/ludane-condensed-font-fernande/
[2026-05-02T08:06:08Z] #789 attempt=1/6 status=200 0.842s url=https://www.myfonts.com/products.json?limit=100&page=15
[2026-05-02T08:06:08Z] #790 attempt=1/2 status=200 0.325s url=https://www.myfonts.com/products/regular-glistare-brush-1142873
[2026-05-02T08:06:09Z] #791 attempt=1/2 status=200 0.281s url=https://www.myfonts.com/collections/glistare-brush-font-tebaltipis-studio/
[2026-05-02T08:06:09Z] #792 attempt=1/2 status=200 0.288s url=https://www.myfonts.com/products/regular-horsy-moon-1142859
[2026-05-02T08:06:10Z] #793 attempt=1/2 status=200 0.334s url=https://www.myfonts.com/collections/horsy-moon-font-bayuktx/
[2026-05-02T08:06:11Z] #794 attempt=1/2 status=200 0.395s url=https://www.myfonts.com/products/regular-rivella-1142960
[2026-05-02T08:06:11Z] #795 attempt=1/2 status=200 0.263s url=https://www.myfonts.com/collections/rivella-font-only-fonts/
[2026-05-02T08:06:12Z] #796 attempt=1/2 status=200 0.387s url=https://www.myfonts.com/products/regular-hetalhya-scriptly-1142860
[2026-05-02T08:06:12Z] #797 attempt=1/2 status=200 0.287s url=https://www.myfonts.com/collections/hetalhya-scriptly-font-bayuktx/
[2026-05-02T08:06:13Z] #798 attempt=1/2 status=200 0.392s url=https://www.myfonts.com/products/regular-black-graffiti-1142803
[2026-05-02T08:06:13Z] #799 attempt=1/2 status=200 0.356s url=https://www.myfonts.com/collections/black-graffiti-font-yoga-letter/
[2026-05-02T08:06:14Z] #800 attempt=1/2 status=200 0.456s url=https://www.myfonts.com/products/regular-sevenity-1142892
[2026-05-02T08:06:15Z] #801 attempt=1/2 status=200 0.255s url=https://www.myfonts.com/collections/sevenity-font-din-studio/
[2026-05-02T08:06:15Z] #802 attempt=1/2 status=200 0.350s url=https://www.myfonts.com/products/regular-dextive-display-1142862
[2026-05-02T08:06:16Z] #803 attempt=1/2 status=200 0.362s url=https://www.myfonts.com/collections/dextive-display-font-ijemrockart/
[2026-05-02T08:06:17Z] #804 attempt=1/6 status=200 0.676s url=https://www.myfonts.com/products.json?limit=100&page=16
[2026-05-02T08:06:18Z] #805 attempt=1/2 status=200 0.282s url=https://www.myfonts.com/products/thrilas-morsil-regular-mc-thrilas-morsil-1142871
[2026-05-02T08:06:18Z] #806 attempt=1/2 status=200 0.352s url=https://www.myfonts.com/collections/mc-thrilas-morsil-font-maulana-creative/
[2026-05-02T08:06:19Z] #807 attempt=1/2 status=200 0.249s url=https://www.myfonts.com/products/regular-chimo-kids-1142806
[2026-05-02T08:06:19Z] #808 attempt=1/2 status=200 0.259s url=https://www.myfonts.com/collections/chimo-kids-font-sipanji21/
[2026-05-02T08:06:20Z] #809 attempt=1/2 status=200 0.381s url=https://www.myfonts.com/products/regular-gastovali-signature-brush-1143258
[2026-05-02T08:06:20Z] #810 attempt=1/2 status=200 0.324s url=https://www.myfonts.com/collections/gastovali-signature-brush-font-tebaltipis-studio/
[2026-05-02T08:06:21Z] #811 attempt=1/2 status=200 0.315s url=https://www.myfonts.com/products/italic-ludane-1141225
[2026-05-02T08:06:22Z] #812 attempt=1/2 status=200 0.459s url=https://www.myfonts.com/collections/ludane-font-fernande/
[2026-05-02T08:06:22Z] #813 attempt=1/2 status=200 0.288s url=https://www.myfonts.com/products/regular-rembara-1142910
[2026-05-02T08:06:23Z] #814 attempt=1/2 status=200 0.308s url=https://www.myfonts.com/collections/rembara-font-vadova-std/
[2026-05-02T08:06:24Z] #815 attempt=1/2 status=200 0.340s url=https://www.myfonts.com/products/regular-thorne-1142861
[2026-05-02T08:06:24Z] #816 attempt=1/2 status=200 0.332s url=https://www.myfonts.com/collections/thorne-font-imoodev/
[2026-05-02T08:06:25Z] #817 attempt=1/2 status=200 0.354s url=https://www.myfonts.com/products/regular-summer-rovera-1142816
[2026-05-02T08:06:25Z] #818 attempt=1/2 status=200 0.319s url=https://www.myfonts.com/collections/summer-rovera-font-yoga-letter/
[2026-05-02T08:06:26Z] #819 attempt=1/2 status=200 0.364s url=https://www.myfonts.com/products/regular-canefo-1143274
[2026-05-02T08:06:26Z] #820 attempt=1/2 status=200 0.330s url=https://www.myfonts.com/collections/canefo-font-brandearth/
[2026-05-02T08:06:27Z] #821 attempt=1/2 status=200 0.145s url=https://www.myfonts.com/products/regular-rilletone-brush-1143257
[2026-05-02T08:06:27Z] #822 attempt=1/2 status=200 0.327s url=https://www.myfonts.com/collections/rilletone-brush-font-tebaltipis-studio/
[2026-05-02T08:06:29Z] #823 attempt=1/6 status=200 0.668s url=https://www.myfonts.com/products.json?limit=100&page=17
[2026-05-02T08:06:29Z] #824 attempt=1/2 status=200 0.386s url=https://www.myfonts.com/products/regular-jubela-1143275
[2026-05-02T08:06:30Z] #825 attempt=1/2 status=200 0.395s url=https://www.myfonts.com/collections/jubela-font-brandearth/
[2026-05-02T08:06:30Z] #826 attempt=1/2 status=200 0.291s url=https://www.myfonts.com/products/rayed-regular-rayed-1142962
[2026-05-02T08:06:31Z] #827 attempt=1/2 status=200 0.403s url=https://www.myfonts.com/collections/rayed-font-marvadesign/
[2026-05-02T08:06:32Z] #828 attempt=1/2 status=200 0.287s url=https://www.myfonts.com/products/regular-glojean-1142908
[2026-05-02T08:06:32Z] #829 attempt=1/2 status=200 0.322s url=https://www.myfonts.com/collections/glojean-font-vadova-std/
[2026-05-02T08:06:33Z] #830 attempt=1/2 status=200 0.291s url=https://www.myfonts.com/products/regular-biteyums-1142896
[2026-05-02T08:06:33Z] #831 attempt=1/2 status=200 0.324s url=https://www.myfonts.com/collections/biteyums-font-brandearth/
[2026-05-02T08:06:34Z] #832 attempt=1/2 status=200 0.354s url=https://www.myfonts.com/products/regular-mommy-emylina-1142954
[2026-05-02T08:06:34Z] #833 attempt=1/2 status=200 0.260s url=https://www.myfonts.com/collections/mommy-emylina-font-yoga-letter/
[2026-05-02T08:06:35Z] #834 attempt=1/2 status=200 0.306s url=https://www.myfonts.com/products/brothenz-regular-brothenz-1142798
[2026-05-02T08:06:36Z] #835 attempt=1/2 status=200 0.347s url=https://www.myfonts.com/collections/brothenz-font-eza-studio/
[2026-05-02T08:06:36Z] #836 attempt=1/2 status=200 0.358s url=https://www.myfonts.com/products/negen-regular-negen-1142815
[2026-05-02T08:06:37Z] #837 attempt=1/2 status=200 0.299s url=https://www.myfonts.com/collections/negen-font-marvadesign/
[2026-05-02T08:06:37Z] #838 attempt=1/2 status=200 0.335s url=https://www.myfonts.com/products/regular-devanra-1142906
[2026-05-02T08:06:38Z] #839 attempt=1/2 status=200 0.306s url=https://www.myfonts.com/collections/devanra-font-vadova-std/
[2026-05-02T08:06:39Z] #840 attempt=1/2 status=200 0.367s url=https://www.myfonts.com/products/regular-griskay-1142869
[2026-05-02T08:06:39Z] #841 attempt=1/2 status=200 0.263s url=https://www.myfonts.com/collections/griskay-font-imoodev/
[2026-05-02T08:06:40Z] #842 attempt=1/2 status=200 0.342s url=https://www.myfonts.com/products/regular-brooch-1142814
[2026-05-02T08:06:40Z] #843 attempt=1/2 status=200 0.291s url=https://www.myfonts.com/collections/brooch-font-marvadesign/
[2026-05-02T08:06:41Z] #844 attempt=1/2 status=200 0.313s url=https://www.myfonts.com/products/regular-orlynia-1142846
[2026-05-02T08:06:41Z] #845 attempt=1/2 status=200 0.276s url=https://www.myfonts.com/collections/orlynia-font-only-fonts/
[2026-05-02T08:06:42Z] #846 attempt=1/2 status=200 0.450s url=https://www.myfonts.com/products/regular-sakoira-1142837
[2026-05-02T08:06:43Z] #847 attempt=1/2 status=200 0.325s url=https://www.myfonts.com/collections/sakoira-font-only-fonts/
[2026-05-02T08:06:43Z] #848 attempt=1/2 status=200 0.338s url=https://www.myfonts.com/products/regular-ethdown-1142804
[2026-05-02T08:06:44Z] #849 attempt=1/2 status=200 0.291s url=https://www.myfonts.com/collections/ethdown-font-imoodev/
[2026-05-02T08:06:45Z] #850 attempt=1/6 status=200 0.725s url=https://www.myfonts.com/products.json?limit=100&page=18
[2026-05-02T08:06:46Z] #851 attempt=1/2 status=200 0.309s url=https://www.myfonts.com/products/regular-norvane-1142907
[2026-05-02T08:06:46Z] #852 attempt=1/2 status=200 0.275s url=https://www.myfonts.com/collections/norvane-font-vadova-std/
[2026-05-02T08:06:47Z] #853 attempt=1/2 status=200 0.388s url=https://www.myfonts.com/products/regular-edomisse-signature-1143260
[2026-05-02T08:06:47Z] #854 attempt=1/2 status=200 0.266s url=https://www.myfonts.com/collections/edomisse-signature-font-tebaltipis-studio/
[2026-05-02T08:06:48Z] #855 attempt=1/2 status=200 0.375s url=https://www.myfonts.com/products/regular-light-brown-display-1143252
[2026-05-02T08:06:48Z] #856 attempt=1/2 status=200 0.384s url=https://www.myfonts.com/collections/light-brown-display-font-tebaltipis-studio/
[2026-05-02T08:06:49Z] #857 attempt=1/2 status=200 0.292s url=https://www.myfonts.com/products/regular-bartersay-signature-1143253
[2026-05-02T08:06:50Z] #858 attempt=1/2 status=200 0.375s url=https://www.myfonts.com/collections/bartersay-signature-font-tebaltipis-studio/
[2026-05-02T08:06:51Z] #859 attempt=1/6 status=200 0.868s url=https://www.myfonts.com/products.json?limit=100&page=19
[2026-05-02T08:06:52Z] #860 attempt=1/2 status=200 0.322s url=https://www.myfonts.com/products/regular-torquon-1142909
[2026-05-02T08:06:52Z] #861 attempt=1/2 status=200 0.314s url=https://www.myfonts.com/collections/torquon-font-vadova-std/
[2026-05-02T08:06:53Z] #862 attempt=1/2 status=200 0.276s url=https://www.myfonts.com/products/regular-amistarline-signature-1143259
[2026-05-02T08:06:53Z] #863 attempt=1/2 status=200 0.265s url=https://www.myfonts.com/collections/amistarline-signature-font-tebaltipis-studio/
[2026-05-02T08:06:54Z] #864 attempt=1/2 status=200 0.336s url=https://www.myfonts.com/products/regular-summer-delano-1142891
[2026-05-02T08:06:54Z] #865 attempt=1/2 status=200 0.249s url=https://www.myfonts.com/collections/summer-delano-font-yoga-letter/
[2026-05-02T08:06:55Z] #866 attempt=1/2 status=200 0.377s url=https://www.myfonts.com/products/regular-little-dino-1142870
[2026-05-02T08:06:55Z] #867 attempt=1/2 status=200 0.290s url=https://www.myfonts.com/collections/little-dino-font-imoodev/
[2026-05-02T08:06:56Z] #868 attempt=1/2 status=200 0.290s url=https://www.myfonts.com/products/glitcher-regular-glitcher-1142805
[2026-05-02T08:06:57Z] #869 attempt=1/2 status=200 0.304s url=https://www.myfonts.com/collections/glitcher-font-imoodev/
[2026-05-02T08:06:57Z] #870 attempt=1/2 status=200 0.360s url=https://www.myfonts.com/products/regular-gofannon-1142872
[2026-05-02T08:06:58Z] #871 attempt=1/2 status=200 0.341s url=https://www.myfonts.com/collections/gofannon-font-imoodev/
[2026-05-02T08:06:58Z] #872 attempt=1/2 status=200 0.358s url=https://www.myfonts.com/products/regular-park-the-bus-1142799
[2026-05-02T08:06:59Z] #873 attempt=1/2 status=200 0.493s url=https://www.myfonts.com/collections/park-the-bus-font-olivetype/
[2026-05-02T08:07:00Z] #874 attempt=1/2 status=200 0.372s url=https://www.myfonts.com/products/regular-slyvarox-1142836
[2026-05-02T08:07:00Z] #875 attempt=1/2 status=200 0.384s url=https://www.myfonts.com/collections/slyvarox-font-valorix-studio/
[2026-05-02T08:07:01Z] #876 attempt=1/2 status=200 0.338s url=https://www.myfonts.com/products/wasteland-efquake-complete-family-package-1143276
[2026-05-02T08:07:02Z] #877 attempt=1/2 status=200 0.551s url=https://www.myfonts.com/collections/wasteland-bold-font-hellroglyphs/
[2026-05-02T08:07:02Z] #878 attempt=1/2 status=200 0.325s url=https://www.myfonts.com/products/regular-shree-bangali-1558-1047700
[2026-05-02T08:07:03Z] #879 attempt=1/2 status=200 0.324s url=https://www.myfonts.com/collections/shree-bangali-1558-font-modularinfotech/
[2026-05-02T08:07:03Z] #880 attempt=1/2 status=200 0.164s url=https://www.myfonts.com/collections/shree-bangali-1558-font-modularinfotech/
[2026-05-02T08:07:05Z] #881 attempt=1/2 status=200 1.412s url=https://www.myfonts.com/products/circular-sketchy-italic-caviara-1142675
[2026-05-02T08:07:07Z] #882 attempt=1/2 status=200 1.365s url=https://www.myfonts.com/collections/caviara-font-alpercakici/
[2026-05-02T08:07:10Z] #883 attempt=1/2 status=200 2.354s url=https://www.myfonts.com/products/serif-extra-condensed-gentano-athiroen-1141854
[2026-05-02T08:07:12Z] #884 attempt=1/2 status=200 1.655s url=https://www.myfonts.com/collections/gentano-athiroen-font-logic-type/
[2026-05-02T08:07:14Z] #885 attempt=1/2 status=200 1.329s url=https://www.myfonts.com/products/circular-old-squario-1142234
[2026-05-02T08:07:16Z] #886 attempt=1/2 status=200 1.467s url=https://www.myfonts.com/collections/squario-font-alpercakici/
[2026-05-02T08:07:18Z] #887 attempt=1/2 status=200 1.548s url=https://www.myfonts.com/products/light-expanded-slant-magerist-1141529
[2026-05-02T08:07:20Z] #888 attempt=1/2 status=200 2.429s url=https://www.myfonts.com/collections/magerist-font-rcky-studio/
[2026-05-02T08:07:22Z] #889 attempt=1/2 status=200 0.367s url=https://www.myfonts.com/products/heavy-hackensack-1142549
[2026-05-02T08:07:22Z] #890 attempt=1/2 status=200 0.591s url=https://www.myfonts.com/collections/hackensack-font-typodermic/
[2026-05-02T08:07:23Z] #891 attempt=1/2 status=200 0.287s url=https://www.myfonts.com/products/renito-regular-renito-1141752
[2026-05-02T08:07:24Z] #892 attempt=1/2 status=200 0.267s url=https://www.myfonts.com/collections/renito-font-taznix-creative/
[2026-05-02T08:07:26Z] #893 attempt=1/2 status=200 1.901s url=https://www.myfonts.com/products/extra-light-expanded-l-t-bleshil-1140341
[2026-05-02T08:07:29Z] #894 attempt=1/2 status=200 2.942s url=https://www.myfonts.com/collections/bleshil-font-rotterlab-studio/
[2026-05-02T08:07:30Z] #895 attempt=1/2 status=200 0.572s url=https://www.myfonts.com/products/eroded-outline-ot-strada-1142136
[2026-05-02T08:07:31Z] #896 attempt=1/2 status=200 0.707s url=https://www.myfonts.com/collections/ot-strada-font-ottertype/
[2026-05-02T08:07:32Z] #897 attempt=1/2 status=200 0.663s url=https://www.myfonts.com/products/outline-italic-snova-nova-1142502
[2026-05-02T08:07:33Z] #898 attempt=1/2 status=200 0.702s url=https://www.myfonts.com/collections/snova-nova-font-ottertype/
[2026-05-02T08:07:35Z] #899 attempt=1/6 status=200 0.778s url=https://www.myfonts.com/products.json?limit=100&page=20
[2026-05-02T08:07:36Z] #900 attempt=1/2 status=200 0.437s url=https://www.myfonts.com/products/regular-boleuga-1141745
[2026-05-02T08:07:36Z] #901 attempt=1/2 status=200 0.415s url=https://www.myfonts.com/collections/boleuga-font-razetype/
[2026-05-02T08:07:37Z] #902 attempt=1/2 status=200 0.384s url=https://www.myfonts.com/products/semi-bold-gc-blanca-1141402
[2026-05-02T08:07:38Z] #903 attempt=1/2 status=200 0.617s url=https://www.myfonts.com/collections/gc-blanca-font-onyx-studio/
[2026-05-02T08:07:38Z] #904 attempt=1/2 status=200 0.401s url=https://www.myfonts.com/products/regular-doggy-smile-demo-1142117
[2026-05-02T08:07:39Z] #905 attempt=1/2 status=200 0.268s url=https://www.myfonts.com/collections/doggy-smile-demo-font-yoga-letter/
[2026-05-02T08:07:40Z] #906 attempt=1/2 status=200 0.430s url=https://www.myfonts.com/products/extra-bold-haugen-sans-1142311
[2026-05-02T08:07:41Z] #907 attempt=1/2 status=200 0.671s url=https://www.myfonts.com/collections/haugen-sans-font-ghozai-studio/
[2026-05-02T08:07:41Z] #908 attempt=1/2 status=200 0.425s url=https://www.myfonts.com/products/italic-texture-carpenter-1141739
[2026-05-02T08:07:42Z] #909 attempt=1/2 status=200 0.372s url=https://www.myfonts.com/collections/carpenter-font-vozzy/
[2026-05-02T08:07:43Z] #910 attempt=1/2 status=200 0.381s url=https://www.myfonts.com/products/medium-gc-dooze-1139336
[2026-05-02T08:07:44Z] #911 attempt=1/2 status=200 0.748s url=https://www.myfonts.com/collections/gc-dooze-font-onyx-studio/
[2026-05-02T08:07:44Z] #912 attempt=1/2 status=200 0.448s url=https://www.myfonts.com/products/regular-almantra-signature-1141713
[2026-05-02T08:07:45Z] #913 attempt=1/2 status=200 0.286s url=https://www.myfonts.com/collections/almantra-signature-font-tebaltipis-studio/
[2026-05-02T08:07:45Z] #914 attempt=1/2 status=200 0.311s url=https://www.myfonts.com/products/rangled-regular-rangled-1142501
[2026-05-02T08:07:46Z] #915 attempt=1/2 status=200 0.263s url=https://www.myfonts.com/collections/rangled-font-moontiontype/
[2026-05-02T08:07:47Z] #916 attempt=1/2 status=200 0.368s url=https://www.myfonts.com/products/black-deco-notes-1141751
[2026-05-02T08:07:47Z] #917 attempt=1/2 status=200 0.427s url=https://www.myfonts.com/collections/deco-notes-font-heypentype/
[2026-05-02T08:07:48Z] #918 attempt=1/2 status=200 0.357s url=https://www.myfonts.com/products/regular-hanseply-brush-1141711
[2026-05-02T08:07:48Z] #919 attempt=1/2 status=200 0.268s url=https://www.myfonts.com/collections/hanseply-brush-font-tebaltipis-studio/
[2026-05-02T08:07:49Z] #920 attempt=1/2 status=200 0.558s url=https://www.myfonts.com/products/outline-italic-amazing-pearl-1142459
[2026-05-02T08:07:50Z] #921 attempt=1/2 status=200 0.791s url=https://www.myfonts.com/collections/amazing-pearl-font-ottertype/
[2026-05-02T08:07:51Z] #922 attempt=1/2 status=200 0.341s url=https://www.myfonts.com/products/outline-hambo-1141208
[2026-05-02T08:07:52Z] #923 attempt=1/2 status=200 0.407s url=https://www.myfonts.com/collections/hambo-font-kaidosan/
[2026-05-02T08:07:52Z] #924 attempt=1/2 status=200 0.404s url=https://www.myfonts.com/products/medium-beround-1142522
[2026-05-02T08:07:53Z] #925 attempt=1/2 status=200 0.579s url=https://www.myfonts.com/collections/beround-font-nicolass-fonts/
[2026-05-02T08:07:54Z] #926 attempt=1/2 status=200 0.764s url=https://www.myfonts.com/products/bold-semi-expanded-oblique-thalore-1142402
[2026-05-02T08:07:56Z] #927 attempt=1/2 status=200 1.185s url=https://www.myfonts.com/collections/thalore-font-slex-studio/
[2026-05-02T08:07:56Z] #928 attempt=1/2 status=200 0.334s url=https://www.myfonts.com/products/extra-bold-bunke-1141602
[2026-05-02T08:07:58Z] #929 attempt=1/2 status=200 0.999s url=https://www.myfonts.com/collections/bunke-font-nexaline-type/
[2026-05-02T08:07:58Z] #930 attempt=1/2 status=200 0.310s url=https://www.myfonts.com/products/bold-draco-1141614
[2026-05-02T08:07:59Z] #931 attempt=1/2 status=200 0.372s url=https://www.myfonts.com/collections/draco-font-cocijotype/
[2026-05-02T08:08:00Z] #932 attempt=1/6 status=200 0.686s url=https://www.myfonts.com/products.json?limit=100&page=21
[2026-05-02T08:08:01Z] #933 attempt=1/2 status=200 0.361s url=https://www.myfonts.com/products/regular-kitty-meow-1142323
[2026-05-02T08:08:01Z] #934 attempt=1/2 status=200 0.324s url=https://www.myfonts.com/collections/kitty-meow-font-yoga-letter/
[2026-05-02T08:08:02Z] #935 attempt=1/2 status=200 0.346s url=https://www.myfonts.com/products/italic-silkigfined-1141550
[2026-05-02T08:08:03Z] #936 attempt=1/2 status=200 0.441s url=https://www.myfonts.com/collections/silkigfined-font-timelesstype-studio/
[2026-05-02T08:08:03Z] #937 attempt=1/2 status=200 0.431s url=https://www.myfonts.com/products/texture-disintegrator-1141741
[2026-05-02T08:08:04Z] #938 attempt=1/2 status=200 0.400s url=https://www.myfonts.com/collections/disintegrator-font-vozzy/
[2026-05-02T08:08:05Z] #939 attempt=1/2 status=200 0.436s url=https://www.myfonts.com/products/thin-astravictus-1141355
[2026-05-02T08:08:06Z] #940 attempt=1/2 status=200 0.517s url=https://www.myfonts.com/collections/astravictus-font-ghozai-studio/
[2026-05-02T08:08:06Z] #941 attempt=1/2 status=200 0.322s url=https://www.myfonts.com/products/italic-vekota-realies-1141367
[2026-05-02T08:08:07Z] #942 attempt=1/2 status=200 0.399s url=https://www.myfonts.com/collections/vekota-realies-font-nexaline-type/
[2026-05-02T08:08:07Z] #943 attempt=1/2 status=200 0.367s url=https://www.myfonts.com/products/two-texture-battle-royale-1141730
[2026-05-02T08:08:08Z] #944 attempt=1/2 status=200 0.583s url=https://www.myfonts.com/collections/battle-royale-font-vozzy/
[2026-05-02T08:08:10Z] #945 attempt=1/6 status=200 0.673s url=https://www.myfonts.com/products.json?limit=100&page=22
[2026-05-02T08:08:10Z] #946 attempt=1/2 status=200 0.334s url=https://www.myfonts.com/products/regular-montora-1141585
[2026-05-02T08:08:11Z] #947 attempt=1/2 status=200 0.458s url=https://www.myfonts.com/collections/montora-font-artiveko/
[2026-05-02T08:08:11Z] #948 attempt=1/2 status=200 0.367s url=https://www.myfonts.com/products/outline-bitsand-1141583
[2026-05-02T08:08:12Z] #949 attempt=1/2 status=200 0.390s url=https://www.myfonts.com/collections/bitsand-font-jafar07/
[2026-05-02T08:08:13Z] #950 attempt=1/2 status=200 0.443s url=https://www.myfonts.com/products/medium-xtriox-1141721
[2026-05-02T08:08:13Z] #951 attempt=1/2 status=200 0.432s url=https://www.myfonts.com/collections/xtriox-font-outerend/
[2026-05-02T08:08:14Z] #952 attempt=1/2 status=200 0.429s url=https://www.myfonts.com/products/medium-tbj-ultra-centric-1141570
[2026-05-02T08:08:15Z] #953 attempt=1/2 status=200 0.791s url=https://www.myfonts.com/collections/tbj-ultra-centric-font-taboja-studio/
[2026-05-02T08:08:16Z] #954 attempt=1/2 status=200 0.415s url=https://www.myfonts.com/products/black-popper-sparkle-1141626
[2026-05-02T08:08:17Z] #955 attempt=1/2 status=200 0.491s url=https://www.myfonts.com/collections/popper-sparkle-font-rashdrawn/
[2026-05-02T08:08:17Z] #956 attempt=1/2 status=200 0.285s url=https://www.myfonts.com/products/90-s-italic-regular-tuesday-display-classic-italic-1141710
[2026-05-02T08:08:18Z] #957 attempt=1/2 status=200 0.274s url=https://www.myfonts.com/collections/tuesday-display-classic-italic-font-eryn-rose-design/
[2026-05-02T08:08:18Z] #958 attempt=1/2 status=200 0.406s url=https://www.myfonts.com/products/regular-bragona-1141579
[2026-05-02T08:08:19Z] #959 attempt=1/2 status=200 0.316s url=https://www.myfonts.com/collections/bragona-font-sensatype-studio/
[2026-05-02T08:08:20Z] #960 attempt=1/2 status=200 0.296s url=https://www.myfonts.com/products/regular-bigger-chuby-1141580
[2026-05-02T08:08:20Z] #961 attempt=1/2 status=200 0.313s url=https://www.myfonts.com/collections/bigger-chuby-font-sensatype-studio/
[2026-05-02T08:08:21Z] #962 attempt=1/2 status=200 0.366s url=https://www.myfonts.com/products/cafelia-doppio-ouline2-oblique-cafelia-doppio-font-duo-1141565
[2026-05-02T08:08:22Z] #963 attempt=1/2 status=200 0.575s url=https://www.myfonts.com/collections/cafelia-doppio-font-duo-font-tanon-design/
[2026-05-02T08:08:23Z] #964 attempt=1/6 status=200 0.761s url=https://www.myfonts.com/products.json?limit=100&page=23
[2026-05-02T08:08:23Z] #965 attempt=1/2 status=200 0.380s url=https://www.myfonts.com/products/bold-oblique-sketch-tags-1142516
[2026-05-02T08:08:24Z] #966 attempt=1/2 status=200 0.441s url=https://www.myfonts.com/collections/sketch-tags-font-ghozai-studio/
[2026-05-02T08:08:25Z] #967 attempt=1/2 status=200 0.321s url=https://www.myfonts.com/products/rough-funzo-1142468
[2026-05-02T08:08:26Z] #968 attempt=1/2 status=200 0.529s url=https://www.myfonts.com/collections/funzo-font-sekyra-lab/
[2026-05-02T08:08:26Z] #969 attempt=1/2 status=200 0.536s url=https://www.myfonts.com/products/regular-cherish-moment-1142116
[2026-05-02T08:08:27Z] #970 attempt=1/2 status=200 0.378s url=https://www.myfonts.com/collections/cherish-moment-font-orenari/
[2026-05-02T08:08:28Z] #971 attempt=1/2 status=200 0.320s url=https://www.myfonts.com/products/regular-reglia-1142328
[2026-05-02T08:08:28Z] #972 attempt=1/2 status=200 0.307s url=https://www.myfonts.com/collections/reglia-font-suhadidesign/
[2026-05-02T08:08:29Z] #973 attempt=1/6 status=200 0.787s url=https://www.myfonts.com/products.json?limit=100&page=24
[2026-05-02T08:08:30Z] #974 attempt=1/2 status=200 0.333s url=https://www.myfonts.com/products/heavy-italic-new-deco-1141707
[2026-05-02T08:08:31Z] #975 attempt=1/2 status=200 0.667s url=https://www.myfonts.com/collections/new-deco-font-k-type/
[2026-05-02T08:08:32Z] #976 attempt=1/2 status=200 0.317s url=https://www.myfonts.com/products/ride-the-wave-ride-the-wave-1141700
[2026-05-02T08:08:32Z] #977 attempt=1/2 status=200 0.320s url=https://www.myfonts.com/collections/ride-the-wave-font-eryn-rose-design/
[2026-05-02T08:08:33Z] #978 attempt=1/2 status=200 0.347s url=https://www.myfonts.com/products/italic-kloe-1142332
[2026-05-02T08:08:33Z] #979 attempt=1/2 status=200 0.390s url=https://www.myfonts.com/collections/kloe-font-artiveko/
[2026-05-02T08:08:34Z] #980 attempt=1/2 status=200 0.300s url=https://www.myfonts.com/products/regular-summer-brown-1142325
[2026-05-02T08:08:34Z] #981 attempt=1/2 status=200 0.322s url=https://www.myfonts.com/collections/summer-brown-font-yoga-letter/
[2026-05-02T08:08:35Z] #982 attempt=1/2 status=200 0.402s url=https://www.myfonts.com/products/regular-boldybear-1142329
[2026-05-02T08:08:36Z] #983 attempt=1/2 status=200 0.388s url=https://www.myfonts.com/collections/boldybear-font-sesa-grafika/
[2026-05-02T08:08:36Z] #984 attempt=1/2 status=200 0.323s url=https://www.myfonts.com/products/regular-orlithe-1142511
[2026-05-02T08:08:37Z] #985 attempt=1/2 status=200 0.290s url=https://www.myfonts.com/collections/orlithe-font-moontiontype/
[2026-05-02T08:08:37Z] #986 attempt=1/2 status=200 0.266s url=https://www.myfonts.com/products/regular-korelasi-signature-1141714
[2026-05-02T08:08:38Z] #987 attempt=1/2 status=200 0.279s url=https://www.myfonts.com/collections/korelasi-signature-font-tebaltipis-studio/
[2026-05-02T08:08:39Z] #988 attempt=1/6 status=200 0.744s url=https://www.myfonts.com/products.json?limit=100&page=25
[2026-05-02T08:08:40Z] #989 attempt=1/2 status=200 0.284s url=https://www.myfonts.com/products/light-aetheria-1141646
[2026-05-02T08:08:40Z] #990 attempt=1/2 status=200 0.327s url=https://www.myfonts.com/collections/aetheria-font-m10-type/
[2026-05-02T08:08:41Z] #991 attempt=1/2 status=200 0.261s url=https://www.myfonts.com/products/regular-lorvex-1142322
[2026-05-02T08:08:41Z] #992 attempt=1/2 status=200 0.347s url=https://www.myfonts.com/collections/lorvex-font-only-fonts/
[2026-05-02T08:08:42Z] #993 attempt=1/2 status=200 0.334s url=https://www.myfonts.com/products/slant-234-sec-1141578
[2026-05-02T08:08:43Z] #994 attempt=1/2 status=200 0.387s url=https://www.myfonts.com/collections/234-sec-font-casloop-studio/
[2026-05-02T08:08:43Z] summary releases=53 first_429=None log_file=state/myfonts_run_20260502_075509.log
[2026-05-02T08:08:43Z] saved_success_profile path=state/myfonts_success_profile.json
[2026-05-02T08:08:43Z] === MyFonts crawl end ===
