[2026-06-23T09:58:13Z] checkpoint fresh next_page=1 path=state/myfonts_crawl_checkpoint.json
[2026-06-23T09:58:13Z] === MyFonts crawl start source=myfonts ===
[2026-06-23T09:58:13Z] config max_pages=25 page_size=100 start_date=2026-06-22 end_date=2026-06-23 api_delay=0.5s detail_delay=0.2s max_debut_checks=400 max_tech_specs_checks=200 reuse_success_profile=False always_enrich_packages=True language_script_signal_mode=strong force_fresh_run=False start_page=1 browser_mode=False browser_headless=True browser_storage_state_path=state/myfonts_storage_state.json
[2026-06-23T09:58:15Z] #1 attempt=1/6 status=200 1.137s url=https://www.myfonts.com/products.json?limit=100&page=1
[2026-06-23T09:58:15Z] #2 attempt=1/2 status=200 0.283s url=https://www.myfonts.com/products/condensed-regular-tois-1172570
[2026-06-23T09:58:16Z] #3 attempt=1/2 status=404 0.244s url=https://www.myfonts.com/collections/condensed-regular-tois-1172570-font-pb-type
[2026-06-23T09:58:16Z] #4 attempt=1/2 status=200 0.348s url=https://www.myfonts.com/products/regular-drakry-1172479
[2026-06-23T09:58:17Z] #5 attempt=1/2 status=404 0.188s url=https://www.myfonts.com/collections/regular-drakry-1172479-font-hasnat-studio
[2026-06-23T09:58:17Z] #6 attempt=1/2 status=200 0.261s url=https://www.myfonts.com/products/cubiculum-package-321530
[2026-06-23T09:58:18Z] #7 attempt=1/2 status=200 0.318s url=https://www.myfonts.com/collections/cubiculum-font-johan-winge/
[2026-06-23T09:58:18Z] #8 attempt=1/2 status=200 0.423s url=https://www.myfonts.com/collections/cubiculum-font-johan-winge/?tab=techSpecs
[2026-06-23T09:58:20Z] #9 attempt=1/2 status=200 1.324s url=https://www.myfonts.com/products/caber-semibold-slant-dvarlin-staves-41771
[2026-06-23T09:58:23Z] #10 attempt=1/2 status=200 2.352s url=https://www.myfonts.com/collections/dvarlin-staves-font-sins/
[2026-06-23T09:58:26Z] #11 attempt=1/2 status=200 2.099s url=https://www.myfonts.com/collections/dvarlin-staves-font-sins/?tab=techSpecs
[2026-06-23T09:58:28Z] #12 attempt=1/2 status=200 1.242s url=https://www.myfonts.com/products/bole-regular-slant-dvarlin-staves-41743
[2026-06-23T09:58:28Z] #13 attempt=1/2 status=200 0.167s url=https://www.myfonts.com/collections/dvarlin-staves-font-sins/
[2026-06-23T09:58:29Z] #14 attempt=1/2 status=200 0.185s url=https://www.myfonts.com/collections/dvarlin-staves-font-sins/?tab=techSpecs
[2026-06-23T09:58:30Z] #15 attempt=1/2 status=200 0.310s url=https://www.myfonts.com/products/display-value-package-package-1172433
[2026-06-23T09:58:30Z] #16 attempt=1/2 status=404 0.194s url=https://www.myfonts.com/collections/display-value-package-font-bykineks
[2026-06-23T09:58:31Z] #17 attempt=1/2 status=200 0.883s url=https://www.myfonts.com/products/arshila-complete-family-package-1172443
[2026-06-23T09:58:33Z] #18 attempt=1/2 status=200 1.650s url=https://www.myfonts.com/collections/arshila-font-bykineks/
[2026-06-23T09:58:34Z] #19 attempt=1/2 status=200 0.172s url=https://www.myfonts.com/collections/arshila-font-bykineks/?tab=techSpecs
[2026-06-23T09:58:35Z] #20 attempt=1/2 status=200 0.475s url=https://www.myfonts.com/products/smetana-complete-family-package-1172378
[2026-06-23T09:58:36Z] #21 attempt=1/2 status=200 0.506s url=https://www.myfonts.com/collections/smetana-font-alpercakici/
[2026-06-23T09:58:37Z] #22 attempt=1/2 status=200 0.576s url=https://www.myfonts.com/collections/smetana-font-alpercakici/?tab=techSpecs
[2026-06-23T09:58:38Z] #23 attempt=1/2 status=200 0.271s url=https://www.myfonts.com/products/wedding-romantic-monogram-complete-family-package-1172391
[2026-06-23T09:58:38Z] #24 attempt=1/2 status=404 0.176s url=https://www.myfonts.com/collections/wedding-romantic-monogram-font-yoga-letter
[2026-06-23T09:58:41Z] #25 attempt=1/2 status=200 1.923s url=https://www.myfonts.com/products/soft-package-1172375
[2026-06-23T09:58:44Z] #26 attempt=1/2 status=500 3.188s url=https://www.myfonts.com/collections/glowira-font-nia-typework/
[2026-06-23T09:58:44Z] #27 attempt=1/2 status=404 0.242s url=https://www.myfonts.com/collections/soft-font-nia-typework
[2026-06-23T09:58:47Z] #28 attempt=1/2 status=200 2.101s url=https://www.myfonts.com/products/hard-package-1172376
[2026-06-23T09:58:50Z] #29 attempt=1/2 status=500 3.335s url=https://www.myfonts.com/collections/khastiyan-font-nia-typework/
[2026-06-23T09:58:51Z] #30 attempt=1/2 status=404 0.222s url=https://www.myfonts.com/collections/hard-font-nia-typework
[2026-06-23T09:58:51Z] #31 attempt=1/2 status=200 0.342s url=https://www.myfonts.com/products/collection-morning-complete-family-package-1172434
[2026-06-23T09:58:52Z] #32 attempt=1/2 status=404 0.160s url=https://www.myfonts.com/collections/collection-morning-font-timelesstype-studio
[2026-06-23T09:58:52Z] #33 attempt=1/2 status=200 0.505s url=https://www.myfonts.com/products/melonie-complete-family-package-1172445
[2026-06-23T09:58:53Z] #34 attempt=1/2 status=200 0.455s url=https://www.myfonts.com/collections/melonie-font-alpercakici/
[2026-06-23T09:58:54Z] #35 attempt=1/2 status=200 0.177s url=https://www.myfonts.com/collections/melonie-font-alpercakici/?tab=techSpecs
[2026-06-23T09:58:55Z] #36 attempt=1/2 status=200 0.322s url=https://www.myfonts.com/products/digital404-complete-family-package-1171294
[2026-06-23T09:58:55Z] #37 attempt=1/2 status=404 0.176s url=https://www.myfonts.com/collections/digital404-font-centrotype
[2026-06-23T09:58:56Z] #38 attempt=1/2 status=200 0.369s url=https://www.myfonts.com/products/saturday-race-complete-family-package-1161830
[2026-06-23T09:58:57Z] #39 attempt=1/2 status=200 0.547s url=https://www.myfonts.com/collections/saturday-race-font-mans-greback/
[2026-06-23T09:58:57Z] #40 attempt=1/2 status=200 0.198s url=https://www.myfonts.com/collections/saturday-race-font-mans-greback/?tab=techSpecs
[2026-06-23T09:58:59Z] #41 attempt=1/2 status=200 0.292s url=https://www.myfonts.com/products/regular-belove-1172440
[2026-06-23T09:58:59Z] #42 attempt=1/2 status=404 0.199s url=https://www.myfonts.com/collections/regular-belove-1172440-font-flawlessandco
[2026-06-23T09:59:00Z] #43 attempt=1/2 status=200 0.315s url=https://www.myfonts.com/products/regular-chances-1171540
[2026-06-23T09:59:00Z] #44 attempt=1/2 status=404 0.257s url=https://www.myfonts.com/collections/regular-chances-1171540-font-island-type-foundry
[2026-06-23T09:59:01Z] #45 attempt=1/2 status=200 0.369s url=https://www.myfonts.com/products/regular-pikabu-1172439
[2026-06-23T09:59:02Z] #46 attempt=1/2 status=404 0.182s url=https://www.myfonts.com/collections/regular-pikabu-1172439-font-pekotype
[2026-06-23T09:59:02Z] #47 attempt=1/2 status=200 0.332s url=https://www.myfonts.com/products/regular-shokupan-1172438
[2026-06-23T09:59:03Z] #48 attempt=1/2 status=404 0.285s url=https://www.myfonts.com/collections/regular-shokupan-1172438-font-pekotype
[2026-06-23T09:59:03Z] #49 attempt=1/2 status=200 0.288s url=https://www.myfonts.com/products/regular-popstep-1172441
[2026-06-23T09:59:03Z] #50 attempt=1/2 status=404 0.193s url=https://www.myfonts.com/collections/regular-popstep-1172441-font-pekotype
[2026-06-23T09:59:05Z] #51 attempt=1/2 status=200 0.321s url=https://www.myfonts.com/products/regular-legowo-1172437
[2026-06-23T09:59:05Z] #52 attempt=1/2 status=404 0.246s url=https://www.myfonts.com/collections/regular-legowo-1172437-font-pekotype
[2026-06-23T09:59:07Z] #53 attempt=1/2 status=200 1.242s url=https://www.myfonts.com/products/street-graffiti-font-bundle-package-926819
[2026-06-23T09:59:07Z] #54 attempt=1/2 status=404 0.198s url=https://www.myfonts.com/collections/street-graffiti-font-bundle-font-sipanji21
[2026-06-23T09:59:09Z] #55 attempt=1/2 status=200 1.447s url=https://www.myfonts.com/products/cute-and-kiddie-font-pack-package-727714
[2026-06-23T09:59:09Z] #56 attempt=1/2 status=404 0.315s url=https://www.myfonts.com/collections/cute-and-kiddie-font-pack-font-sipanji21
[2026-06-23T09:59:10Z] #57 attempt=1/2 status=200 0.864s url=https://www.myfonts.com/products/street-marks-15-monoline-graffiti-font-bundle-package-1014788
[2026-06-23T09:59:11Z] #58 attempt=1/2 status=404 0.205s url=https://www.myfonts.com/collections/street-marks-15-monoline-graffiti-font-bundle-font-sipanji21
[2026-06-23T09:59:12Z] #59 attempt=1/6 status=200 0.981s url=https://www.myfonts.com/products.json?limit=100&page=2
[2026-06-23T09:59:13Z] #60 attempt=1/2 status=200 0.409s url=https://www.myfonts.com/products/regular-blackstore-script-289989
[2026-06-23T09:59:14Z] #61 attempt=1/2 status=200 0.617s url=https://www.myfonts.com/collections/blackstore-script-font-shape-studio/
[2026-06-23T09:59:14Z] #62 attempt=1/2 status=200 0.156s url=https://www.myfonts.com/collections/blackstore-script-font-shape-studio/?tab=techSpecs
[2026-06-23T09:59:16Z] #63 attempt=1/2 status=200 0.710s url=https://www.myfonts.com/products/text-heavy-grange-269054
[2026-06-23T09:59:17Z] #64 attempt=1/2 status=200 1.126s url=https://www.myfonts.com/collections/grange-font-device/
[2026-06-23T09:59:18Z] #65 attempt=1/2 status=200 1.191s url=https://www.myfonts.com/collections/grange-font-device/?tab=techSpecs
[2026-06-23T09:59:20Z] #66 attempt=1/2 status=200 0.356s url=https://www.myfonts.com/products/light-charminette-130182
[2026-06-23T09:59:20Z] #67 attempt=1/2 status=200 0.382s url=https://www.myfonts.com/collections/charminette-font-vanderfont/
[2026-06-23T09:59:21Z] #68 attempt=1/2 status=200 0.476s url=https://www.myfonts.com/collections/charminette-font-vanderfont/?tab=techSpecs
[2026-06-23T09:59:22Z] #69 attempt=1/2 status=200 0.518s url=https://www.myfonts.com/products/reg-farfetch-37296
[2026-06-23T09:59:23Z] #70 attempt=1/2 status=200 0.350s url=https://www.myfonts.com/collections/farfetch-font-kijiji-hub/
[2026-06-23T09:59:23Z] #71 attempt=1/2 status=200 0.451s url=https://www.myfonts.com/collections/farfetch-font-kijiji-hub/?tab=techSpecs
[2026-06-23T09:59:24Z] #72 attempt=1/2 status=200 0.282s url=https://www.myfonts.com/products/extended-farfetch-37295
[2026-06-23T09:59:25Z] #73 attempt=1/2 status=200 0.209s url=https://www.myfonts.com/collections/farfetch-font-kijiji-hub/
[2026-06-23T09:59:25Z] #74 attempt=1/2 status=200 0.371s url=https://www.myfonts.com/collections/farfetch-font-kijiji-hub/?tab=techSpecs
[2026-06-23T09:59:26Z] #75 attempt=1/2 status=200 0.379s url=https://www.myfonts.com/products/topbirdy-script-complete-family-package-1161825
[2026-06-23T09:59:27Z] #76 attempt=1/2 status=200 0.822s url=https://www.myfonts.com/collections/topbirdy-script-font-mans-greback/
[2026-06-23T09:59:28Z] #77 attempt=1/2 status=200 0.215s url=https://www.myfonts.com/collections/topbirdy-script-font-mans-greback/?tab=techSpecs
[2026-06-23T09:59:31Z] #78 attempt=1/2 status=200 2.234s url=https://www.myfonts.com/products/stigsa-display-complete-family-package-1157673
[2026-06-23T09:59:34Z] #79 attempt=1/2 status=500 3.159s url=https://www.myfonts.com/collections/stigsa-display-font-seniors-studio/
[2026-06-23T09:59:35Z] #80 attempt=1/2 status=200 0.471s url=https://www.myfonts.com/products/klopfzeichen-complete-family-package-1172371
[2026-06-23T09:59:36Z] #81 attempt=1/2 status=200 0.522s url=https://www.myfonts.com/collections/klopfzeichen-font-mysterian/
[2026-06-23T09:59:37Z] #82 attempt=1/2 status=200 0.718s url=https://www.myfonts.com/collections/klopfzeichen-font-mysterian/?tab=techSpecs
[2026-06-23T09:59:38Z] #83 attempt=1/2 status=200 0.865s url=https://www.myfonts.com/products/sokuna-complete-family-package-1172306
[2026-06-23T09:59:40Z] #84 attempt=1/2 status=200 1.222s url=https://www.myfonts.com/collections/sokuna-font-alterspieler/
[2026-06-23T09:59:42Z] #85 attempt=1/2 status=200 1.384s url=https://www.myfonts.com/collections/sokuna-font-alterspieler/?tab=techSpecs
[2026-06-23T09:59:43Z] #86 attempt=1/2 status=200 0.331s url=https://www.myfonts.com/products/regular-rainbow-theory-1171618
[2026-06-23T09:59:43Z] #87 attempt=1/2 status=200 0.291s url=https://www.myfonts.com/collections/rainbow-theory-font-bluestype-studio/
[2026-06-23T09:59:44Z] #88 attempt=1/2 status=200 0.296s url=https://www.myfonts.com/collections/rainbow-theory-font-bluestype-studio/?tab=techSpecs
[2026-06-23T09:59:46Z] #89 attempt=1/6 status=200 1.298s url=https://www.myfonts.com/products.json?limit=100&page=3
[2026-06-23T09:59:48Z] #90 attempt=1/6 status=200 1.099s url=https://www.myfonts.com/products.json?limit=100&page=4
[2026-06-23T09:59:48Z] #91 attempt=1/2 status=200 0.526s url=https://www.myfonts.com/products/1st-bundle-package-1172373
[2026-06-23T09:59:49Z] #92 attempt=1/2 status=404 0.189s url=https://www.myfonts.com/collections/1st-bundle-font-margi-studio
[2026-06-23T09:59:50Z] #93 attempt=1/2 status=200 1.032s url=https://www.myfonts.com/products/cebreja-extra-complete-family-package-1172172
[2026-06-23T09:59:52Z] #94 attempt=1/2 status=200 2.024s url=https://www.myfonts.com/collections/cebreja-extra-font-rafaeiro-typeiro/
[2026-06-23T09:59:55Z] #95 attempt=1/2 status=200 1.999s url=https://www.myfonts.com/collections/cebreja-extra-font-rafaeiro-typeiro/?tab=techSpecs
[2026-06-23T09:59:56Z] #96 attempt=1/2 status=200 0.530s url=https://www.myfonts.com/products/effimera-complete-family-package-1172304
[2026-06-23T09:59:57Z] #97 attempt=1/2 status=200 0.716s url=https://www.myfonts.com/collections/effimera-font-resistenza/
[2026-06-23T09:59:58Z] #98 attempt=1/2 status=200 0.632s url=https://www.myfonts.com/collections/effimera-font-resistenza/?tab=techSpecs
[2026-06-23T09:59:59Z] #99 attempt=1/2 status=200 0.517s url=https://www.myfonts.com/products/glighen-eigthies-complete-family-package-1172154
[2026-06-23T10:00:00Z] #100 attempt=1/2 status=200 0.598s url=https://www.myfonts.com/collections/glighen-eigthies-font-logic-type/
[2026-06-23T10:00:01Z] #101 attempt=1/2 status=200 0.699s url=https://www.myfonts.com/collections/glighen-eigthies-font-logic-type/?tab=techSpecs
[2026-06-23T10:00:02Z] #102 attempt=1/2 status=200 0.524s url=https://www.myfonts.com/products/haribaico-script-complete-family-package-1161820
[2026-06-23T10:00:03Z] #103 attempt=1/2 status=200 0.545s url=https://www.myfonts.com/collections/haribaico-script-font-mans-greback/
[2026-06-23T10:00:04Z] #104 attempt=1/2 status=200 0.159s url=https://www.myfonts.com/collections/haribaico-script-font-mans-greback/?tab=techSpecs
[2026-06-23T10:00:05Z] #105 attempt=1/2 status=200 0.365s url=https://www.myfonts.com/products/blackstore-script-complete-family-package-1172299
[2026-06-23T10:00:06Z] #106 attempt=1/2 status=200 0.791s url=https://www.myfonts.com/collections/blackstore-script-font-shape-studio/
[2026-06-23T10:00:06Z] #107 attempt=1/2 status=200 0.413s url=https://www.myfonts.com/collections/blackstore-script-font-shape-studio/?tab=techSpecs
[2026-06-23T10:00:08Z] #108 attempt=1/2 status=200 0.410s url=https://www.myfonts.com/products/blacknose-complete-family-package-1172151
[2026-06-23T10:00:08Z] #109 attempt=1/2 status=200 0.656s url=https://www.myfonts.com/collections/blacknose-font-arterfak-project/
[2026-06-23T10:00:09Z] #110 attempt=1/2 status=200 0.657s url=https://www.myfonts.com/collections/blacknose-font-arterfak-project/?tab=techSpecs
[2026-06-23T10:00:10Z] #111 attempt=1/2 status=200 0.350s url=https://www.myfonts.com/products/shree-tamil-3951-complete-family-package-1172112
[2026-06-23T10:00:11Z] #112 attempt=1/2 status=200 0.463s url=https://www.myfonts.com/collections/shree-tamil-3951-font-modularinfotech/
[2026-06-23T10:00:12Z] #113 attempt=1/2 status=200 0.697s url=https://www.myfonts.com/collections/shree-tamil-3951-font-modularinfotech/?tab=techSpecs
[2026-06-23T10:00:13Z] #114 attempt=1/2 status=200 0.219s url=https://www.myfonts.com/collections/shree-tamil-3951-font-modularinfotech/
[2026-06-23T10:00:14Z] #115 attempt=1/2 status=200 0.477s url=https://www.myfonts.com/products/winner-college-complete-family-package-1172122
[2026-06-23T10:00:15Z] #116 attempt=1/2 status=200 0.744s url=https://www.myfonts.com/collections/winner-college-font-sportsfonts/
[2026-06-23T10:00:16Z] #117 attempt=1/2 status=200 1.021s url=https://www.myfonts.com/collections/winner-college-font-sportsfonts/?tab=techSpecs
[2026-06-23T10:00:18Z] #118 attempt=1/2 status=200 1.168s url=https://www.myfonts.com/products/plakent-complete-family-package-1172210
[2026-06-23T10:00:20Z] #119 attempt=1/2 status=200 1.412s url=https://www.myfonts.com/collections/plakent-font-gian-studio/
[2026-06-23T10:00:22Z] #120 attempt=1/2 status=200 1.418s url=https://www.myfonts.com/collections/plakent-font-gian-studio/?tab=techSpecs
[2026-06-23T10:00:23Z] #121 attempt=1/2 status=200 0.486s url=https://www.myfonts.com/products/shree-tamil-3883-complete-family-package-1172115
[2026-06-23T10:00:24Z] #122 attempt=1/2 status=200 0.408s url=https://www.myfonts.com/collections/shree-tamil-3883-font-modularinfotech/
[2026-06-23T10:00:24Z] #123 attempt=1/2 status=200 0.454s url=https://www.myfonts.com/collections/shree-tamil-3883-font-modularinfotech/?tab=techSpecs
[2026-06-23T10:00:25Z] #124 attempt=1/2 status=200 0.193s url=https://www.myfonts.com/collections/shree-tamil-3883-font-modularinfotech/
[2026-06-23T10:00:26Z] #125 attempt=1/2 status=200 0.382s url=https://www.myfonts.com/products/polished-sans-vintage-complete-family-package-1172206
[2026-06-23T10:00:27Z] #126 attempt=1/2 status=200 0.402s url=https://www.myfonts.com/collections/polished-sans-vintage-font-letterfreshstudio/
[2026-06-23T10:00:28Z] #127 attempt=1/2 status=200 0.595s url=https://www.myfonts.com/collections/polished-sans-vintage-font-letterfreshstudio/?tab=techSpecs
[2026-06-23T10:00:29Z] #128 attempt=1/2 status=200 0.414s url=https://www.myfonts.com/products/shree-tamil-2841-complete-family-package-1172107
[2026-06-23T10:00:30Z] #129 attempt=1/2 status=200 0.644s url=https://www.myfonts.com/collections/shree-tamil-2841-font-modularinfotech/
[2026-06-23T10:00:30Z] #130 attempt=1/2 status=200 0.522s url=https://www.myfonts.com/collections/shree-tamil-2841-font-modularinfotech/?tab=techSpecs
[2026-06-23T10:00:31Z] #131 attempt=1/2 status=200 0.189s url=https://www.myfonts.com/collections/shree-tamil-2841-font-modularinfotech/
[2026-06-23T10:00:32Z] #132 attempt=1/2 status=200 0.434s url=https://www.myfonts.com/products/negula-complete-family-package-1172168
[2026-06-23T10:00:33Z] #133 attempt=1/2 status=200 0.607s url=https://www.myfonts.com/collections/negula-font-jafar07/
[2026-06-23T10:00:33Z] #134 attempt=1/2 status=200 0.161s url=https://www.myfonts.com/collections/negula-font-jafar07/?tab=techSpecs
[2026-06-23T10:00:34Z] #135 attempt=1/2 status=200 0.461s url=https://www.myfonts.com/products/regular-sacrumy-1172171
[2026-06-23T10:00:35Z] #136 attempt=1/2 status=200 0.359s url=https://www.myfonts.com/collections/sacrumy-font-denustudio/
[2026-06-23T10:00:36Z] #137 attempt=1/2 status=200 0.528s url=https://www.myfonts.com/collections/sacrumy-font-denustudio/?tab=techSpecs
[2026-06-23T10:00:38Z] #138 attempt=1/6 status=200 1.340s url=https://www.myfonts.com/products.json?limit=100&page=5
[2026-06-23T10:00:39Z] #139 attempt=1/2 status=200 0.451s url=https://www.myfonts.com/products/regular-evgen-1172106
[2026-06-23T10:00:39Z] #140 attempt=1/2 status=200 0.281s url=https://www.myfonts.com/collections/evgen-font-pb-type/
[2026-06-23T10:00:39Z] #141 attempt=1/2 status=429 0.047s url=https://www.myfonts.com/collections/evgen-font-pb-type/?tab=techSpecs
[2026-06-23T10:00:39Z] first_429 req=141 url=https://www.myfonts.com/collections/evgen-font-pb-type/?tab=techSpecs
[2026-06-23T10:00:42Z] #142 attempt=2/2 status=200 0.278s url=https://www.myfonts.com/collections/evgen-font-pb-type/?tab=techSpecs
[2026-06-23T10:00:43Z] #143 attempt=1/2 status=200 0.336s url=https://www.myfonts.com/products/regular-bubble-blast-1172147
[2026-06-23T10:00:43Z] #144 attempt=1/2 status=200 0.440s url=https://www.myfonts.com/collections/bubble-blast-font-mvmet/
[2026-06-23T10:00:44Z] #145 attempt=1/2 status=200 0.378s url=https://www.myfonts.com/products/regular-coolesta-1172303
[2026-06-23T10:00:45Z] #146 attempt=1/2 status=200 0.374s url=https://www.myfonts.com/collections/coolesta-font-dilbadil/
[2026-06-23T10:00:46Z] #147 attempt=1/6 status=200 1.279s url=https://www.myfonts.com/products.json?limit=100&page=6
[2026-06-23T10:00:47Z] #148 attempt=1/2 status=200 0.434s url=https://www.myfonts.com/products/regular-chalk-garden-1172209
[2026-06-23T10:00:48Z] #149 attempt=1/2 status=200 0.485s url=https://www.myfonts.com/collections/chalk-garden-font-mvmet/
[2026-06-23T10:00:49Z] #150 attempt=1/2 status=200 1.259s url=https://www.myfonts.com/products/the-handwritten-fonts-collection-bundle-vol-2-package-1067855
[2026-06-23T10:00:50Z] #151 attempt=1/2 status=404 0.170s url=https://www.myfonts.com/collections/the-handwritten-fonts-collection-bundle-vol-2-font-jprintstudio
[2026-06-23T10:00:50Z] #152 attempt=1/2 status=200 0.367s url=https://www.myfonts.com/products/tarmiles-action-complete-family-package-1161751
[2026-06-23T10:00:51Z] #153 attempt=1/2 status=429 0.048s url=https://www.myfonts.com/collections/tarmiles-action-font-mans-greback/
[2026-06-23T10:00:53Z] #154 attempt=2/2 status=200 0.609s url=https://www.myfonts.com/collections/tarmiles-action-font-mans-greback/
[2026-06-23T10:00:54Z] #155 attempt=1/2 status=200 0.615s url=https://www.myfonts.com/products/first-encounter-complete-family-package-1161726
[2026-06-23T10:00:55Z] #156 attempt=1/2 status=200 0.499s url=https://www.myfonts.com/collections/first-encounter-font-mans-greback/
[2026-06-23T10:00:56Z] #157 attempt=1/2 status=200 0.471s url=https://www.myfonts.com/products/hypogea-complete-family-package-1161716
[2026-06-23T10:00:57Z] #158 attempt=1/2 status=200 0.562s url=https://www.myfonts.com/collections/hypogea-font-koplexs-studio/
[2026-06-23T10:00:58Z] #159 attempt=1/2 status=200 1.481s url=https://www.myfonts.com/products/vestica-neue-complete-family-package-1165628
[2026-06-23T10:01:02Z] #160 attempt=1/2 status=200 2.893s url=https://www.myfonts.com/collections/vestica-neue-font-slex-studio/
[2026-06-23T10:01:03Z] #161 attempt=1/2 status=200 0.493s url=https://www.myfonts.com/products/mizzen-variable-complete-family-package-1161601
[2026-06-23T10:01:03Z] #162 attempt=1/2 status=200 0.397s url=https://www.myfonts.com/collections/mizzen-variable-font-octotypo/
[2026-06-23T10:01:04Z] #163 attempt=1/2 status=200 0.415s url=https://www.myfonts.com/products/pg-mallowtine-complete-family-package-1163785
[2026-06-23T10:01:05Z] #164 attempt=1/2 status=200 0.680s url=https://www.myfonts.com/collections/pg-mallowtine-font-pretty-glyphs/
[2026-06-23T10:01:07Z] #165 attempt=1/2 status=200 1.740s url=https://www.myfonts.com/products/axerifa-complete-family-package-1166539
[2026-06-23T10:01:11Z] #166 attempt=1/2 status=500 3.314s url=https://www.myfonts.com/collections/axerifa-font-slex-studio/
[2026-06-23T10:01:12Z] #167 attempt=1/2 status=200 0.703s url=https://www.myfonts.com/products/normal-package-1165958
[2026-06-23T10:01:13Z] #168 attempt=1/2 status=200 1.497s url=https://www.myfonts.com/collections/rockrest-font-eyetype/
[2026-06-23T10:01:14Z] #169 attempt=1/2 status=200 0.469s url=https://www.myfonts.com/products/pg-whitelush-complete-family-package-1165882
[2026-06-23T10:01:15Z] #170 attempt=1/2 status=200 0.510s url=https://www.myfonts.com/collections/pg-whitelush-font-pretty-glyphs/
[2026-06-23T10:01:16Z] #171 attempt=1/2 status=200 0.354s url=https://www.myfonts.com/products/nezag-complete-family-package-1165561
[2026-06-23T10:01:16Z] #172 attempt=1/2 status=200 0.541s url=https://www.myfonts.com/collections/nezag-font-pandeka-studio/
[2026-06-23T10:01:17Z] #173 attempt=1/2 status=200 0.448s url=https://www.myfonts.com/products/ahkara-complete-family-package-1163507
[2026-06-23T10:01:18Z] #174 attempt=1/2 status=200 0.514s url=https://www.myfonts.com/collections/ahkara-font-agung-sudirman/
[2026-06-23T10:01:19Z] #175 attempt=1/2 status=200 0.590s url=https://www.myfonts.com/products/tansei-complete-family-package-1163927
[2026-06-23T10:01:20Z] #176 attempt=1/2 status=200 0.770s url=https://www.myfonts.com/collections/tansei-font-ku-type/
[2026-06-23T10:01:21Z] #177 attempt=1/2 status=200 0.562s url=https://www.myfonts.com/products/altaries-complete-family-package-1163748
[2026-06-23T10:01:22Z] #178 attempt=1/2 status=200 0.655s url=https://www.myfonts.com/collections/altaries-font-gatype/
[2026-06-23T10:01:22Z] #179 attempt=1/2 status=200 0.432s url=https://www.myfonts.com/products/nemorosa-variable-complete-family-package-1161603
[2026-06-23T10:01:23Z] #180 attempt=1/2 status=200 0.717s url=https://www.myfonts.com/collections/nemorosa-variable-font-octotypo/
[2026-06-23T10:01:24Z] #181 attempt=1/2 status=200 0.400s url=https://www.myfonts.com/products/move-your-feet-complete-family-package-1166738
[2026-06-23T10:01:25Z] #182 attempt=1/2 status=200 0.650s url=https://www.myfonts.com/collections/move-your-feet-font-pizzadudedk/
[2026-06-23T10:01:26Z] #183 attempt=1/2 status=200 0.983s url=https://www.myfonts.com/products/voux-sans-alternate-package-1166736
[2026-06-23T10:01:29Z] #184 attempt=1/2 status=200 2.271s url=https://www.myfonts.com/collections/voux-font-miller-type/
[2026-06-23T10:01:30Z] #185 attempt=1/2 status=200 0.401s url=https://www.myfonts.com/products/fairmont-ridge-complete-family-package-1165571
[2026-06-23T10:01:30Z] #186 attempt=1/2 status=200 0.626s url=https://www.myfonts.com/collections/fairmont-ridge-font-letterhend/
[2026-06-23T10:01:31Z] #187 attempt=1/2 status=200 0.342s url=https://www.myfonts.com/products/westbury-press-complete-family-package-1161746
[2026-06-23T10:01:32Z] #188 attempt=1/2 status=200 0.639s url=https://www.myfonts.com/collections/westbury-press-font-mans-greback/
[2026-06-23T10:01:33Z] #189 attempt=1/2 status=200 0.563s url=https://www.myfonts.com/products/henkei-grotesk-complete-family-package-1161604
[2026-06-23T10:01:34Z] #190 attempt=1/2 status=200 0.896s url=https://www.myfonts.com/collections/henkei-grotesk-font-new-yeast-foundry/
[2026-06-23T10:01:35Z] #191 attempt=1/2 status=200 0.553s url=https://www.myfonts.com/products/mild-breeze-complete-family-package-1165612
[2026-06-23T10:01:36Z] #192 attempt=1/2 status=200 0.579s url=https://www.myfonts.com/collections/mild-breeze-font-gleb-guralnyk/
[2026-06-23T10:01:36Z] #193 attempt=1/2 status=200 0.358s url=https://www.myfonts.com/products/marble-rushy-complete-family-package-1163740
[2026-06-23T10:01:37Z] #194 attempt=1/2 status=200 0.430s url=https://www.myfonts.com/collections/marble-rushy-font-letterena-studios/
[2026-06-23T10:01:38Z] #195 attempt=1/2 status=200 0.347s url=https://www.myfonts.com/products/itinera-variable-complete-family-package-1161602
[2026-06-23T10:01:39Z] #196 attempt=1/2 status=200 0.647s url=https://www.myfonts.com/collections/itinera-variable-font-octotypo/
[2026-06-23T10:01:39Z] #197 attempt=1/2 status=200 0.412s url=https://www.myfonts.com/products/daily-quick-complete-family-package-1165568
[2026-06-23T10:01:40Z] #198 attempt=1/2 status=200 0.510s url=https://www.myfonts.com/collections/daily-quick-font-timelesstype-studio/
[2026-06-23T10:01:41Z] #199 attempt=1/2 status=200 0.397s url=https://www.myfonts.com/products/lt-rogile-complete-family-package-1165961
[2026-06-23T10:01:41Z] #200 attempt=1/2 status=200 0.636s url=https://www.myfonts.com/collections/lt-rogile-font-sigit-nurcholis/
[2026-06-23T10:01:42Z] #201 attempt=1/2 status=200 0.674s url=https://www.myfonts.com/products/the-aveloria-twice-complete-family-package-1165827
[2026-06-23T10:01:44Z] #202 attempt=1/2 status=200 1.159s url=https://www.myfonts.com/collections/the-aveloria-twice-font-slex-studio/
[2026-06-23T10:01:45Z] #203 attempt=1/2 status=200 0.353s url=https://www.myfonts.com/products/verandah-reverie-complete-family-package-1161741
[2026-06-23T10:01:45Z] #204 attempt=1/2 status=200 0.485s url=https://www.myfonts.com/collections/verandah-reverie-font-mans-greback/
[2026-06-23T10:01:46Z] #205 attempt=1/2 status=200 0.440s url=https://www.myfonts.com/products/corva-complete-family-package-1164645
[2026-06-23T10:01:47Z] #206 attempt=1/2 status=200 0.646s url=https://www.myfonts.com/collections/corva-font-rezastudio/
[2026-06-23T10:01:48Z] #207 attempt=1/2 status=200 0.382s url=https://www.myfonts.com/products/find-me-there-complete-family-package-1161736
[2026-06-23T10:01:48Z] #208 attempt=1/2 status=200 0.545s url=https://www.myfonts.com/collections/find-me-there-font-mans-greback/
[2026-06-23T10:01:49Z] #209 attempt=1/2 status=200 0.542s url=https://www.myfonts.com/products/karlsborg-complete-family-package-1161761
[2026-06-23T10:01:50Z] #210 attempt=1/2 status=200 0.601s url=https://www.myfonts.com/collections/karlsborg-font-mans-greback/
[2026-06-23T10:01:51Z] #211 attempt=1/2 status=200 0.593s url=https://www.myfonts.com/products/castelle-complete-family-package-1164057
[2026-06-23T10:01:52Z] #212 attempt=1/2 status=200 1.093s url=https://www.myfonts.com/collections/castelle-font-slex-studio/
[2026-06-23T10:01:53Z] #213 attempt=1/2 status=200 0.416s url=https://www.myfonts.com/products/chapter-twelve-complete-family-package-1161756
[2026-06-23T10:01:54Z] #214 attempt=1/2 status=200 0.563s url=https://www.myfonts.com/collections/chapter-twelve-font-mans-greback/
[2026-06-23T10:01:54Z] #215 attempt=1/2 status=429 0.058s url=https://www.myfonts.com/products/sealine-complete-family-package-1165896
[2026-06-23T10:01:57Z] #216 attempt=2/2 status=200 0.505s url=https://www.myfonts.com/products/sealine-complete-family-package-1165896
[2026-06-23T10:01:58Z] #217 attempt=1/2 status=200 0.634s url=https://www.myfonts.com/collections/sealine-font-din-studio/
[2026-06-23T10:01:58Z] #218 attempt=1/2 status=200 0.347s url=https://www.myfonts.com/products/most-pixels-complete-family-package-1165887
[2026-06-23T10:01:59Z] #219 attempt=1/2 status=200 0.614s url=https://www.myfonts.com/collections/most-pixels-font-timelesstype-studio/
[2026-06-23T10:02:01Z] #220 attempt=1/2 status=200 1.118s url=https://www.myfonts.com/products/tachos-complete-family-package-1161915
[2026-06-23T10:02:03Z] #221 attempt=1/2 status=200 1.624s url=https://www.myfonts.com/collections/tachos-font-alpercakici/
[2026-06-23T10:02:04Z] #222 attempt=1/2 status=200 0.585s url=https://www.myfonts.com/products/qelvora-complete-family-package-1165594
[2026-06-23T10:02:05Z] #223 attempt=1/2 status=200 0.772s url=https://www.myfonts.com/collections/qelvora-font-groenstudio/
[2026-06-23T10:02:05Z] #224 attempt=1/2 status=200 0.372s url=https://www.myfonts.com/products/cekona-complete-family-package-1163920
[2026-06-23T10:02:06Z] #225 attempt=1/2 status=200 0.466s url=https://www.myfonts.com/collections/cekona-font-font-liner/
[2026-06-23T10:02:07Z] #226 attempt=1/2 status=200 0.367s url=https://www.myfonts.com/products/westbrook-tag-complete-family-package-1161731
[2026-06-23T10:02:08Z] #227 attempt=1/2 status=200 0.585s url=https://www.myfonts.com/collections/westbrook-tag-font-mans-greback/
[2026-06-23T10:02:08Z] #228 attempt=1/2 status=200 0.317s url=https://www.myfonts.com/products/anoretha-sweet-italic-complete-family-package-1163760
[2026-06-23T10:02:09Z] #229 attempt=1/2 status=200 0.582s url=https://www.myfonts.com/collections/anoretha-sweet-italic-font-yoga-letter/
[2026-06-23T10:02:10Z] #230 attempt=1/2 status=200 0.385s url=https://www.myfonts.com/products/galery-handwriting-complete-family-package-1164670
[2026-06-23T10:02:11Z] #231 attempt=1/2 status=200 0.675s url=https://www.myfonts.com/collections/galery-handwriting-font-cocodesign/
[2026-06-23T10:02:11Z] #232 attempt=1/2 status=200 0.450s url=https://www.myfonts.com/products/erhofa-complete-family-package-1163778
[2026-06-23T10:02:12Z] #233 attempt=1/2 status=429 0.042s url=https://www.myfonts.com/collections/erhofa-font-font-liner/
[2026-06-23T10:02:14Z] #234 attempt=2/2 status=200 0.526s url=https://www.myfonts.com/collections/erhofa-font-font-liner/
[2026-06-23T10:02:15Z] #235 attempt=1/2 status=200 0.312s url=https://www.myfonts.com/products/lisaline-complete-family-package-1165558
[2026-06-23T10:02:16Z] #236 attempt=1/2 status=200 0.524s url=https://www.myfonts.com/collections/lisaline-font-artisan-themes/
[2026-06-23T10:02:16Z] #237 attempt=1/2 status=200 0.409s url=https://www.myfonts.com/products/sate-brush-complete-family-package-1163811
[2026-06-23T10:02:17Z] #238 attempt=1/2 status=200 0.620s url=https://www.myfonts.com/collections/sate-brush-font-letterytz/
[2026-06-23T10:02:18Z] #239 attempt=1/2 status=200 0.452s url=https://www.myfonts.com/products/podjog-complete-family-package-1162158
[2026-06-23T10:02:19Z] #240 attempt=1/2 status=200 0.655s url=https://www.myfonts.com/collections/podjog-font-casloop-studio/
[2026-06-23T10:02:19Z] #241 attempt=1/2 status=200 0.347s url=https://www.myfonts.com/products/refika-mughy-complete-family-package-1165892
[2026-06-23T10:02:20Z] #242 attempt=1/2 status=429 0.042s url=https://www.myfonts.com/collections/refika-mughy-font-timelesstype-studio/
[2026-06-23T10:02:22Z] #243 attempt=2/2 status=200 0.512s url=https://www.myfonts.com/collections/refika-mughy-font-timelesstype-studio/
[2026-06-23T10:02:23Z] #244 attempt=1/2 status=200 0.438s url=https://www.myfonts.com/products/mythgrove-complete-family-package-1163768
[2026-06-23T10:02:24Z] #245 attempt=1/2 status=200 0.468s url=https://www.myfonts.com/collections/mythgrove-font-letterhend/
[2026-06-23T10:02:24Z] #246 attempt=1/2 status=200 0.332s url=https://www.myfonts.com/products/bamseok-complete-family-package-1165318
[2026-06-23T10:02:25Z] #247 attempt=1/2 status=200 0.688s url=https://www.myfonts.com/collections/bamseok-font-typeclassheroes/
[2026-06-23T10:02:26Z] #248 attempt=1/2 status=200 0.669s url=https://www.myfonts.com/products/hint-complete-family-package-1164813
[2026-06-23T10:02:28Z] #249 attempt=1/2 status=200 0.886s url=https://www.myfonts.com/collections/hint-font-paratype/
[2026-06-23T10:02:28Z] #250 attempt=1/2 status=200 0.386s url=https://www.myfonts.com/products/tashiko-suns-complete-family-package-1161771
[2026-06-23T10:02:29Z] #251 attempt=1/2 status=200 0.490s url=https://www.myfonts.com/collections/tashiko-suns-font-mans-greback/
[2026-06-23T10:02:30Z] #252 attempt=1/2 status=200 0.424s url=https://www.myfonts.com/products/bast-variable-complete-family-package-1161600
[2026-06-23T10:02:30Z] #253 attempt=1/2 status=429 0.065s url=https://www.myfonts.com/collections/bast-variable-font-octotypo/
[2026-06-23T10:02:33Z] #254 attempt=2/2 status=200 0.643s url=https://www.myfonts.com/collections/bast-variable-font-octotypo/
[2026-06-23T10:02:34Z] #255 attempt=1/2 status=200 0.404s url=https://www.myfonts.com/products/native-baseball-complete-family-package-1163743
[2026-06-23T10:02:34Z] #256 attempt=1/2 status=200 0.572s url=https://www.myfonts.com/collections/native-baseball-font-the-native-saint-club/
[2026-06-23T10:02:35Z] #257 attempt=1/2 status=200 0.449s url=https://www.myfonts.com/products/noras-blooming-complete-family-package-1164710
[2026-06-23T10:02:36Z] #258 attempt=1/2 status=200 0.528s url=https://www.myfonts.com/collections/noras-blooming-font-slex-studio/
[2026-06-23T10:02:37Z] #259 attempt=1/2 status=200 0.351s url=https://www.myfonts.com/products/bechon-spurs-complete-family-package-1165552
[2026-06-23T10:02:37Z] #260 attempt=1/2 status=200 0.448s url=https://www.myfonts.com/collections/bechon-spurs-font-timelesstype-studio/
[2026-06-23T10:02:38Z] #261 attempt=1/2 status=200 0.497s url=https://www.myfonts.com/products/player-one-complete-family-package-1166784
[2026-06-23T10:02:39Z] #262 attempt=1/2 status=200 0.770s url=https://www.myfonts.com/collections/player-one-font-alpercakici/
[2026-06-23T10:02:40Z] #263 attempt=1/2 status=200 0.357s url=https://www.myfonts.com/products/noa-voren-complete-family-package-1165584
[2026-06-23T10:02:40Z] #264 attempt=1/2 status=429 0.079s url=https://www.myfonts.com/collections/noa-voren-font-vermilione/
[2026-06-23T10:02:43Z] #265 attempt=2/2 status=200 0.458s url=https://www.myfonts.com/collections/noa-voren-font-vermilione/
[2026-06-23T10:02:43Z] #266 attempt=1/2 status=200 0.416s url=https://www.myfonts.com/products/goudy-modern-now-complete-family-package-1163665
[2026-06-23T10:02:44Z] #267 attempt=1/2 status=200 0.610s url=https://www.myfonts.com/collections/goudy-modern-now-font-monotype-imaging/
[2026-06-23T10:02:45Z] #268 attempt=1/2 status=200 0.323s url=https://www.myfonts.com/products/ohseong-complete-family-package-1163772
[2026-06-23T10:02:45Z] #269 attempt=1/2 status=200 0.398s url=https://www.myfonts.com/collections/ohseong-font-typeclassheroes/
[2026-06-23T10:02:46Z] #270 attempt=1/2 status=200 0.615s url=https://www.myfonts.com/products/tatype-neue-complete-family-package-1164687
[2026-06-23T10:02:48Z] #271 attempt=1/2 status=200 1.121s url=https://www.myfonts.com/collections/tatype-neue-font-tural-alisoy/
[2026-06-23T10:02:48Z] #272 attempt=1/2 status=200 0.312s url=https://www.myfonts.com/products/pizza-baby-script-complete-family-package-1165609
[2026-06-23T10:02:49Z] #273 attempt=1/2 status=200 0.417s url=https://www.myfonts.com/collections/pizza-baby-script-font-letterytz/
[2026-06-23T10:02:50Z] #274 attempt=1/2 status=200 0.350s url=https://www.myfonts.com/products/dusty-express-one-complete-family-package-1164823
[2026-06-23T10:02:50Z] #275 attempt=1/2 status=429 0.031s url=https://www.myfonts.com/collections/dusty-express-one-font-shanaf/
[2026-06-23T10:02:53Z] #276 attempt=2/2 status=200 0.481s url=https://www.myfonts.com/collections/dusty-express-one-font-shanaf/
[2026-06-23T10:02:54Z] #277 attempt=1/2 status=200 0.980s url=https://www.myfonts.com/products/serapha-serif-complete-family-package-1165281
[2026-06-23T10:02:56Z] #278 attempt=1/2 status=200 1.682s url=https://www.myfonts.com/collections/serapha-serif-font-slex-studio/
[2026-06-23T10:02:57Z] #279 attempt=1/2 status=200 0.331s url=https://www.myfonts.com/products/tiasa-hurung-complete-family-package-1163924
[2026-06-23T10:02:58Z] #280 attempt=1/2 status=200 0.511s url=https://www.myfonts.com/collections/tiasa-hurung-font-rashdrawn/
[2026-06-23T10:02:58Z] #281 attempt=1/2 status=200 0.628s url=https://www.myfonts.com/products/bastiani-modern-complete-family-package-1164738
[2026-06-23T10:03:00Z] #282 attempt=1/2 status=200 1.038s url=https://www.myfonts.com/collections/bastiani-modern-font-slex-studio/
[2026-06-23T10:03:01Z] #283 attempt=1/2 status=200 0.473s url=https://www.myfonts.com/products/vivida-complete-family-package-1162185
[2026-06-23T10:03:01Z] #284 attempt=1/2 status=200 0.469s url=https://www.myfonts.com/collections/vivida-font-alpercakici/
[2026-06-23T10:03:02Z] #285 attempt=1/2 status=200 0.440s url=https://www.myfonts.com/products/summer-meylina-monogram-complete-family-package-1165553
[2026-06-23T10:03:03Z] #286 attempt=1/2 status=200 0.428s url=https://www.myfonts.com/collections/summer-meylina-monogram-font-yoga-letter/
[2026-06-23T10:03:03Z] #287 attempt=1/2 status=200 0.392s url=https://www.myfonts.com/products/crafte-complete-family-package-1163781
[2026-06-23T10:03:04Z] #288 attempt=1/2 status=200 0.349s url=https://www.myfonts.com/collections/crafte-font-mbonster/
[2026-06-23T10:03:05Z] #289 attempt=1/2 status=200 0.384s url=https://www.myfonts.com/products/stoma-script-complete-family-package-1165564
[2026-06-23T10:03:05Z] #290 attempt=1/2 status=200 0.455s url=https://www.myfonts.com/collections/stoma-script-font-letterytz/
[2026-06-23T10:03:06Z] #291 attempt=1/2 status=429 0.032s url=https://www.myfonts.com/products/saluki-juice-complete-family-package-1161766
[2026-06-23T10:03:08Z] #292 attempt=2/2 status=200 0.418s url=https://www.myfonts.com/products/saluki-juice-complete-family-package-1161766
[2026-06-23T10:03:09Z] #293 attempt=1/2 status=200 0.545s url=https://www.myfonts.com/collections/saluki-juice-font-mans-greback/
[2026-06-23T10:03:10Z] #294 attempt=1/2 status=200 0.310s url=https://www.myfonts.com/products/gc-godthem-complete-family-package-1165944
[2026-06-23T10:03:10Z] #295 attempt=1/2 status=200 0.435s url=https://www.myfonts.com/collections/gc-godthem-font-onyx-studio/
[2026-06-23T10:03:11Z] #296 attempt=1/2 status=200 0.317s url=https://www.myfonts.com/products/softer-complete-family-package-1165577
[2026-06-23T10:03:12Z] #297 attempt=1/2 status=200 0.458s url=https://www.myfonts.com/collections/softer-font-sensatype-studio/
[2026-06-23T10:03:12Z] #298 attempt=1/2 status=429 0.034s url=https://www.myfonts.com/products/regular-bartesy-sign-1162169
[2026-06-23T10:03:14Z] #299 attempt=2/2 status=200 0.357s url=https://www.myfonts.com/products/regular-bartesy-sign-1162169
[2026-06-23T10:03:15Z] #300 attempt=1/2 status=200 0.326s url=https://www.myfonts.com/collections/bartesy-sign-font-bale-type/
[2026-06-23T10:03:16Z] #301 attempt=1/2 status=200 0.344s url=https://www.myfonts.com/products/regular-the-aremia-1165622
[2026-06-23T10:03:16Z] #302 attempt=1/2 status=200 0.487s url=https://www.myfonts.com/collections/the-aremia-font-canden-meutuah/
[2026-06-23T10:03:17Z] #303 attempt=1/2 status=200 0.299s url=https://www.myfonts.com/products/regular-hawgly-1165621
[2026-06-23T10:03:17Z] #304 attempt=1/2 status=429 0.035s url=https://www.myfonts.com/collections/hawgly-font-hasnat-studio/
[2026-06-23T10:03:20Z] #305 attempt=2/2 status=200 0.366s url=https://www.myfonts.com/collections/hawgly-font-hasnat-studio/
[2026-06-23T10:03:20Z] #306 attempt=1/2 status=200 0.293s url=https://www.myfonts.com/products/regular-magic-jasmine-1165567
[2026-06-23T10:03:21Z] #307 attempt=1/2 status=200 0.260s url=https://www.myfonts.com/collections/magic-jasmine-font-timurtype/
[2026-06-23T10:03:22Z] #308 attempt=1/6 status=200 1.007s url=https://www.myfonts.com/products.json?limit=100&page=7
[2026-06-23T10:03:23Z] #309 attempt=1/2 status=200 0.287s url=https://www.myfonts.com/products/regular-brasskent-1163784
[2026-06-23T10:03:23Z] #310 attempt=1/2 status=200 0.302s url=https://www.myfonts.com/collections/brasskent-font-maenjari-std/
[2026-06-23T10:03:24Z] #311 attempt=1/2 status=200 0.300s url=https://www.myfonts.com/products/regular-urban-goath-1165581
[2026-06-23T10:03:24Z] #312 attempt=1/2 status=429 0.042s url=https://www.myfonts.com/collections/urban-goath-font-rahagita-type/
[2026-06-23T10:03:27Z] #313 attempt=2/2 status=200 0.337s url=https://www.myfonts.com/collections/urban-goath-font-rahagita-type/
[2026-06-23T10:03:27Z] #314 attempt=1/2 status=200 0.323s url=https://www.myfonts.com/products/regular-decort-1165587
[2026-06-23T10:03:28Z] #315 attempt=1/2 status=200 0.394s url=https://www.myfonts.com/collections/decort-font-pekotype/
[2026-06-23T10:03:29Z] #316 attempt=1/2 status=200 0.410s url=https://www.myfonts.com/products/black-washington-neo-1165626
[2026-06-23T10:03:30Z] #317 attempt=1/2 status=200 0.684s url=https://www.myfonts.com/collections/washington-neo-font-type-associates/
[2026-06-23T10:03:30Z] #318 attempt=1/2 status=200 0.305s url=https://www.myfonts.com/products/regular-noglia-1165548
[2026-06-23T10:03:31Z] #319 attempt=1/2 status=429 0.047s url=https://www.myfonts.com/collections/noglia-font-pandeka-studio/
[2026-06-23T10:03:33Z] #320 attempt=2/2 status=200 0.430s url=https://www.myfonts.com/collections/noglia-font-pandeka-studio/
[2026-06-23T10:03:34Z] #321 attempt=1/2 status=200 0.483s url=https://www.myfonts.com/products/regular-something-you-1166383
[2026-06-23T10:03:35Z] #322 attempt=1/2 status=200 0.336s url=https://www.myfonts.com/collections/something-you-font-bonjourtype/
[2026-06-23T10:03:35Z] #323 attempt=1/2 status=200 0.437s url=https://www.myfonts.com/products/regular-dokuar-1165418
[2026-06-23T10:03:36Z] #324 attempt=1/2 status=200 0.395s url=https://www.myfonts.com/collections/dokuar-font-hasnat-studio/
[2026-06-23T10:03:36Z] #325 attempt=1/2 status=429 0.050s url=https://www.myfonts.com/products/regular-belmotha-majoris-1165580
[2026-06-23T10:03:39Z] #326 attempt=2/2 status=200 0.519s url=https://www.myfonts.com/products/regular-belmotha-majoris-1165580
[2026-06-23T10:03:40Z] #327 attempt=1/2 status=200 0.393s url=https://www.myfonts.com/collections/belmotha-majoris-font-denustudio/
[2026-06-23T10:03:40Z] #328 attempt=1/2 status=200 0.362s url=https://www.myfonts.com/products/regular-silkgrove-1165576
[2026-06-23T10:03:41Z] #329 attempt=1/2 status=200 0.344s url=https://www.myfonts.com/collections/silkgrove-font-letterhanna-studio/
[2026-06-23T10:03:42Z] #330 attempt=1/2 status=200 0.451s url=https://www.myfonts.com/products/regular-calostre-1165549
[2026-06-23T10:03:42Z] #331 attempt=1/2 status=200 0.428s url=https://www.myfonts.com/collections/calostre-font-flawlessandco/
[2026-06-23T10:03:42Z] #332 attempt=1/2 status=429 0.036s url=https://www.myfonts.com/products/regular-movgip-1166035
[2026-06-23T10:03:45Z] #333 attempt=2/2 status=200 0.325s url=https://www.myfonts.com/products/regular-movgip-1166035
[2026-06-23T10:03:46Z] #334 attempt=1/2 status=200 0.309s url=https://www.myfonts.com/collections/movgip-font-hasnat-studio/
[2026-06-23T10:03:46Z] #335 attempt=1/2 status=200 0.315s url=https://www.myfonts.com/products/regular-paldeum-1166034
[2026-06-23T10:03:47Z] #336 attempt=1/2 status=200 0.303s url=https://www.myfonts.com/collections/paldeum-font-hasnat-studio/
[2026-06-23T10:03:47Z] #337 attempt=1/2 status=200 0.315s url=https://www.myfonts.com/products/regular-nigera-1162168
[2026-06-23T10:03:48Z] #338 attempt=1/2 status=429 0.035s url=https://www.myfonts.com/collections/nigera-font-sensatype-studio/
[2026-06-23T10:03:50Z] #339 attempt=2/2 status=200 0.360s url=https://www.myfonts.com/collections/nigera-font-sensatype-studio/
[2026-06-23T10:03:52Z] #340 attempt=1/6 status=200 1.103s url=https://www.myfonts.com/products.json?limit=100&page=8
[2026-06-23T10:03:52Z] #341 attempt=1/2 status=200 0.278s url=https://www.myfonts.com/products/serif-lopman-1166017
[2026-06-23T10:03:53Z] #342 attempt=1/2 status=200 0.309s url=https://www.myfonts.com/collections/lopman-font-nineteenworks/
[2026-06-23T10:03:53Z] #343 attempt=1/2 status=200 0.330s url=https://www.myfonts.com/products/regular-funked-1163776
[2026-06-23T10:03:54Z] #344 attempt=1/2 status=200 0.321s url=https://www.myfonts.com/collections/funked-font-gassstype/
[2026-06-23T10:03:55Z] #345 attempt=1/2 status=200 0.356s url=https://www.myfonts.com/products/regular-vihaura-1165984
[2026-06-23T10:03:55Z] #346 attempt=1/2 status=429 0.052s url=https://www.myfonts.com/collections/vihaura-font-krafted/
[2026-06-23T10:03:57Z] #347 attempt=2/2 status=200 0.343s url=https://www.myfonts.com/collections/vihaura-font-krafted/
[2026-06-23T10:03:58Z] #348 attempt=1/2 status=200 0.303s url=https://www.myfonts.com/products/regular-moon-spark-1166027
[2026-06-23T10:03:59Z] #349 attempt=1/2 status=200 0.298s url=https://www.myfonts.com/collections/moon-spark-font-olivetype/
[2026-06-23T10:03:59Z] #350 attempt=1/2 status=200 0.326s url=https://www.myfonts.com/products/regular-bebop-rodeo-1166025
[2026-06-23T10:03:59Z] #351 attempt=1/2 status=429 0.033s url=https://www.myfonts.com/collections/bebop-rodeo-font-tini-fitriani/
[2026-06-23T10:04:02Z] #352 attempt=2/2 status=200 0.478s url=https://www.myfonts.com/collections/bebop-rodeo-font-tini-fitriani/
[2026-06-23T10:04:03Z] #353 attempt=1/2 status=200 0.403s url=https://www.myfonts.com/products/regular-stifa-1163777
[2026-06-23T10:04:03Z] #354 attempt=1/2 status=200 0.285s url=https://www.myfonts.com/collections/stifa-font-khoir/
[2026-06-23T10:04:04Z] #355 attempt=1/2 status=200 0.287s url=https://www.myfonts.com/products/regular-canvas-experience-1166384
[2026-06-23T10:04:05Z] #356 attempt=1/2 status=200 0.551s url=https://www.myfonts.com/collections/canvas-experience-font-bonjourtype/
[2026-06-23T10:04:05Z] #357 attempt=1/2 status=200 0.303s url=https://www.myfonts.com/products/regular-sibkaff-1165976
[2026-06-23T10:04:05Z] #358 attempt=1/2 status=429 0.051s url=https://www.myfonts.com/collections/sibkaff-font-hasnat-studio/
[2026-06-23T10:04:08Z] #359 attempt=2/2 status=200 0.368s url=https://www.myfonts.com/collections/sibkaff-font-hasnat-studio/
[2026-06-23T10:04:09Z] #360 attempt=1/2 status=200 0.328s url=https://www.myfonts.com/products/regular-quinn-1165891
[2026-06-23T10:04:09Z] #361 attempt=1/2 status=200 0.321s url=https://www.myfonts.com/collections/quinn-font-eryn-rose-design/
[2026-06-23T10:04:10Z] #362 attempt=1/2 status=200 0.331s url=https://www.myfonts.com/products/regular-clyker-1163771
[2026-06-23T10:04:11Z] #363 attempt=1/2 status=200 0.446s url=https://www.myfonts.com/collections/clyker-font-sensatype-studio/
[2026-06-23T10:04:11Z] #364 attempt=1/2 status=200 0.305s url=https://www.myfonts.com/products/regular-natiques-1166391
[2026-06-23T10:04:11Z] #365 attempt=1/2 status=429 0.055s url=https://www.myfonts.com/collections/natiques-font-sealoung/
[2026-06-23T10:04:14Z] #366 attempt=2/2 status=200 0.476s url=https://www.myfonts.com/collections/natiques-font-sealoung/
[2026-06-23T10:04:15Z] #367 attempt=1/2 status=200 0.265s url=https://www.myfonts.com/products/regular-castlewick-1165619
[2026-06-23T10:04:15Z] #368 attempt=1/2 status=200 0.343s url=https://www.myfonts.com/collections/castlewick-font-spencer-and-sons-co/
[2026-06-23T10:04:16Z] #369 attempt=1/2 status=200 0.271s url=https://www.myfonts.com/products/regular-warlod-1165876
[2026-06-23T10:04:16Z] #370 attempt=1/2 status=200 0.386s url=https://www.myfonts.com/collections/warlod-font-sensatype-studio/
[2026-06-23T10:04:17Z] #371 attempt=1/2 status=200 0.359s url=https://www.myfonts.com/products/regular-lureva-1161606
[2026-06-23T10:04:17Z] #372 attempt=1/2 status=429 0.040s url=https://www.myfonts.com/collections/lureva-font-divora-type/
[2026-06-23T10:04:20Z] #373 attempt=2/2 status=200 0.354s url=https://www.myfonts.com/collections/lureva-font-divora-type/
[2026-06-23T10:04:20Z] #374 attempt=1/2 status=200 0.359s url=https://www.myfonts.com/products/regular-brickscrawl-1163809
[2026-06-23T10:04:21Z] #375 attempt=1/2 status=200 0.492s url=https://www.myfonts.com/collections/brickscrawl-font-letterhanna-studio/
[2026-06-23T10:04:22Z] #376 attempt=1/2 status=200 0.476s url=https://www.myfonts.com/products/italic-peoneez-signature-1165575
[2026-06-23T10:04:22Z] #377 attempt=1/2 status=200 0.300s url=https://www.myfonts.com/collections/peoneez-signature-font-nineteenworks/
[2026-06-23T10:04:24Z] #378 attempt=1/6 status=200 0.989s url=https://www.myfonts.com/products.json?limit=100&page=9
[2026-06-23T10:04:25Z] #379 attempt=1/2 status=200 0.356s url=https://www.myfonts.com/products/regular-macebo-1163923
[2026-06-23T10:04:25Z] #380 attempt=1/2 status=200 0.298s url=https://www.myfonts.com/collections/macebo-font-bentype/
[2026-06-23T10:04:25Z] #381 attempt=1/2 status=429 0.048s url=https://www.myfonts.com/products/regular-drip-haus-1165550
[2026-06-23T10:04:28Z] #382 attempt=2/2 status=200 0.336s url=https://www.myfonts.com/products/regular-drip-haus-1165550
[2026-06-23T10:04:29Z] #383 attempt=1/2 status=200 0.349s url=https://www.myfonts.com/collections/drip-haus-font-heinzel-std/
[2026-06-23T10:04:29Z] #384 attempt=1/2 status=200 0.316s url=https://www.myfonts.com/products/regular-prettishly-1165620
[2026-06-23T10:04:30Z] #385 attempt=1/2 status=200 0.303s url=https://www.myfonts.com/collections/prettishly-font-hasnat-studio/
[2026-06-23T10:04:30Z] #386 attempt=1/2 status=200 0.329s url=https://www.myfonts.com/products/regular-liquid-unflow-1166016
[2026-06-23T10:04:31Z] #387 attempt=1/2 status=200 0.479s url=https://www.myfonts.com/collections/liquid-unflow-font-tini-fitriani/
[2026-06-23T10:04:31Z] #388 attempt=1/2 status=429 0.031s url=https://www.myfonts.com/products/regular-bloby-crash-1165419
[2026-06-23T10:04:34Z] #389 attempt=2/2 status=200 0.385s url=https://www.myfonts.com/products/regular-bloby-crash-1165419
[2026-06-23T10:04:34Z] #390 attempt=1/2 status=200 0.364s url=https://www.myfonts.com/collections/bloby-crash-font-zeenesia-studio/
[2026-06-23T10:04:35Z] #391 attempt=1/2 status=200 0.291s url=https://www.myfonts.com/products/regular-helonea-1166015
[2026-06-23T10:04:36Z] #392 attempt=1/2 status=200 0.254s url=https://www.myfonts.com/collections/helonea-font-rvandtype/
[2026-06-23T10:04:36Z] #393 attempt=1/2 status=200 0.468s url=https://www.myfonts.com/products/black-slant-403-astona-1166012
[2026-06-23T10:04:37Z] #394 attempt=1/2 status=200 0.758s url=https://www.myfonts.com/collections/403-astona-font-403tf/
[2026-06-23T10:04:38Z] #395 attempt=1/2 status=200 0.343s url=https://www.myfonts.com/products/bold-condensed-ramosha-1166026
[2026-06-23T10:04:38Z] #396 attempt=1/2 status=429 0.047s url=https://www.myfonts.com/collections/ramosha-font-heinzel-std/
[2026-06-23T10:04:41Z] #397 attempt=2/2 status=200 0.517s url=https://www.myfonts.com/collections/ramosha-font-heinzel-std/
[2026-06-23T10:04:42Z] #398 attempt=1/2 status=200 0.788s url=https://www.myfonts.com/products/thin-nurell-1166351
[2026-06-23T10:04:44Z] #399 attempt=1/2 status=200 1.670s url=https://www.myfonts.com/collections/nurell-font-jorsetype/
[2026-06-23T10:04:45Z] #400 attempt=1/2 status=200 0.355s url=https://www.myfonts.com/products/regular-agery-1165872
[2026-06-23T10:04:45Z] #401 attempt=1/2 status=200 0.294s url=https://www.myfonts.com/collections/agery-font-chekart/
[2026-06-23T10:04:46Z] #402 attempt=1/2 status=200 0.349s url=https://www.myfonts.com/products/regular-tropical-maokai-1164847
[2026-06-23T10:04:46Z] #403 attempt=1/2 status=200 0.293s url=https://www.myfonts.com/collections/tropical-maokai-font-pekotype/
[2026-06-23T10:04:48Z] #404 attempt=1/6 status=200 1.045s url=https://www.myfonts.com/products.json?limit=100&page=10
[2026-06-23T10:04:49Z] #405 attempt=1/2 status=200 0.289s url=https://www.myfonts.com/products/regular-flows-brush-1162157
[2026-06-23T10:04:49Z] #406 attempt=1/2 status=200 0.364s url=https://www.myfonts.com/collections/flows-brush-font-ferry-ardana-putra/
[2026-06-23T10:04:50Z] #407 attempt=1/2 status=200 0.350s url=https://www.myfonts.com/products/italic-harfiola-1166021
[2026-06-23T10:04:51Z] #408 attempt=1/2 status=200 0.505s url=https://www.myfonts.com/collections/harfiola-font-tini-fitriani/
[2026-06-23T10:04:51Z] #409 attempt=1/2 status=200 0.296s url=https://www.myfonts.com/products/italic-hangtuah-1166024
[2026-06-23T10:04:51Z] #410 attempt=1/2 status=429 0.036s url=https://www.myfonts.com/collections/hangtuah-font-tini-fitriani/
[2026-06-23T10:04:54Z] #411 attempt=2/2 status=200 0.491s url=https://www.myfonts.com/collections/hangtuah-font-tini-fitriani/
[2026-06-23T10:04:55Z] #412 attempt=1/2 status=200 0.336s url=https://www.myfonts.com/products/regular-trash-rush-1166014
[2026-06-23T10:04:55Z] #413 attempt=1/2 status=200 0.318s url=https://www.myfonts.com/collections/trash-rush-font-rvandtype/
[2026-06-23T10:04:56Z] #414 attempt=1/2 status=200 0.314s url=https://www.myfonts.com/products/regular-nafigator-black-1165593
[2026-06-23T10:04:56Z] #415 attempt=1/2 status=200 0.342s url=https://www.myfonts.com/collections/nafigator-black-font-gatype/
[2026-06-23T10:04:57Z] #416 attempt=1/2 status=200 0.365s url=https://www.myfonts.com/products/italic-funny-tomato-1166387
[2026-06-23T10:04:57Z] #417 attempt=1/2 status=429 0.040s url=https://www.myfonts.com/collections/funny-tomato-font-tini-fitriani/
[2026-06-23T10:05:00Z] #418 attempt=2/2 status=200 0.570s url=https://www.myfonts.com/collections/funny-tomato-font-tini-fitriani/
[2026-06-23T10:05:01Z] #419 attempt=1/2 status=200 0.332s url=https://www.myfonts.com/products/regular-westford-modern-1165592
[2026-06-23T10:05:01Z] #420 attempt=1/2 status=200 0.296s url=https://www.myfonts.com/collections/westford-modern-font-illushvara/
[2026-06-23T10:05:02Z] #421 attempt=1/2 status=200 0.264s url=https://www.myfonts.com/products/bavnoir-regular-bavnoir-1165589
[2026-06-23T10:05:02Z] #422 attempt=1/2 status=200 0.306s url=https://www.myfonts.com/collections/bavnoir-font-maikohatta/
[2026-06-23T10:05:03Z] #423 attempt=1/2 status=200 0.320s url=https://www.myfonts.com/products/puffyjacket-regular-puffyjacket-1165895
[2026-06-23T10:05:03Z] #424 attempt=1/2 status=429 0.042s url=https://www.myfonts.com/collections/puffyjacket-font-eryn-rose-design/
[2026-06-23T10:05:06Z] #425 attempt=2/2 status=200 0.349s url=https://www.myfonts.com/collections/puffyjacket-font-eryn-rose-design/
[2026-06-23T10:05:06Z] #426 attempt=1/2 status=200 0.298s url=https://www.myfonts.com/products/gabook-regular-mc-gabook-1165890
[2026-06-23T10:05:07Z] #427 attempt=1/2 status=200 0.399s url=https://www.myfonts.com/collections/mc-gabook-font-maulana-creative/
[2026-06-23T10:05:07Z] #428 attempt=1/2 status=200 0.278s url=https://www.myfonts.com/products/regular-beauty-esencity-1165551
[2026-06-23T10:05:08Z] #429 attempt=1/2 status=429 0.043s url=https://www.myfonts.com/collections/beauty-esencity-font-bonjourtype/
[2026-06-23T10:05:10Z] #430 attempt=2/2 status=200 0.383s url=https://www.myfonts.com/collections/beauty-esencity-font-bonjourtype/
[2026-06-23T10:05:11Z] #431 attempt=1/2 status=200 0.469s url=https://www.myfonts.com/products/regular-nestafin-1165538
[2026-06-23T10:05:12Z] #432 attempt=1/2 status=200 0.271s url=https://www.myfonts.com/collections/nestafin-font-realtype/
[2026-06-23T10:05:12Z] #433 attempt=1/2 status=200 0.339s url=https://www.myfonts.com/products/regular-refona-1165481
[2026-06-23T10:05:13Z] #434 attempt=1/2 status=200 0.360s url=https://www.myfonts.com/collections/refona-font-flawlessandco/
[2026-06-23T10:05:13Z] #435 attempt=1/2 status=200 0.283s url=https://www.myfonts.com/products/regular-sailma-1165977
[2026-06-23T10:05:14Z] #436 attempt=1/2 status=429 0.050s url=https://www.myfonts.com/collections/sailma-font-basnistudio/
[2026-06-23T10:05:16Z] #437 attempt=2/2 status=200 0.416s url=https://www.myfonts.com/collections/sailma-font-basnistudio/
[2026-06-23T10:05:17Z] #438 attempt=1/2 status=200 0.326s url=https://www.myfonts.com/products/regular-swiftbloom-1165591
[2026-06-23T10:05:17Z] #439 attempt=1/2 status=200 0.322s url=https://www.myfonts.com/collections/swiftbloom-font-letterhanna-studio/
[2026-06-23T10:05:18Z] #440 attempt=1/2 status=200 0.367s url=https://www.myfonts.com/products/bold-racing-drift-car-1163810
[2026-06-23T10:05:19Z] #441 attempt=1/2 status=200 0.286s url=https://www.myfonts.com/collections/racing-drift-car-font-beast-designer/
[2026-06-23T10:05:19Z] #442 attempt=1/2 status=429 0.052s url=https://www.myfonts.com/products/regular-argobel-1165590
[2026-06-23T10:05:22Z] #443 attempt=2/2 status=200 0.408s url=https://www.myfonts.com/products/regular-argobel-1165590
[2026-06-23T10:05:22Z] #444 attempt=1/2 status=200 0.330s url=https://www.myfonts.com/collections/argobel-font-maenjari-std/
[2026-06-23T10:05:23Z] #445 attempt=1/2 status=200 0.518s url=https://www.myfonts.com/products/variable-k73-hogan-grotesk-1164669
[2026-06-23T10:05:24Z] #446 attempt=1/2 status=200 0.967s url=https://www.myfonts.com/collections/k73-hogan-grotesk-font-k73-type-foundry/
[2026-06-23T10:05:25Z] #447 attempt=1/2 status=200 0.346s url=https://www.myfonts.com/products/regular-bytenix-1162170
[2026-06-23T10:05:25Z] #448 attempt=1/2 status=200 0.320s url=https://www.myfonts.com/collections/bytenix-font-sensatype-studio/
[2026-06-23T10:05:26Z] #449 attempt=1/2 status=200 0.280s url=https://www.myfonts.com/products/regular-girras-1163808
[2026-06-23T10:05:26Z] #450 attempt=1/2 status=429 0.052s url=https://www.myfonts.com/collections/girras-font-gassstype/
[2026-06-23T10:05:29Z] #451 attempt=2/2 status=200 0.417s url=https://www.myfonts.com/collections/girras-font-gassstype/
[2026-06-23T10:05:29Z] #452 attempt=1/2 status=200 0.435s url=https://www.myfonts.com/products/italic-anore-of-moonila-1166646
[2026-06-23T10:05:30Z] #453 attempt=1/2 status=200 0.427s url=https://www.myfonts.com/collections/anore-of-moonila-font-super-dust/
[2026-06-23T10:05:31Z] #454 attempt=1/2 status=200 0.297s url=https://www.myfonts.com/products/regular-mukqhe-1166028
[2026-06-23T10:05:31Z] #455 attempt=1/2 status=200 0.477s url=https://www.myfonts.com/collections/mukqhe-font-yeen-studio/
[2026-06-23T10:05:32Z] #456 attempt=1/2 status=200 0.308s url=https://www.myfonts.com/products/script-la-rose-pastry-1165457
[2026-06-23T10:05:32Z] #457 attempt=1/2 status=429 0.037s url=https://www.myfonts.com/collections/la-rose-pastry-font-eko-bimantara/
[2026-06-23T10:05:35Z] #458 attempt=2/2 status=200 0.367s url=https://www.myfonts.com/collections/la-rose-pastry-font-eko-bimantara/
[2026-06-23T10:05:36Z] #459 attempt=1/2 status=200 0.351s url=https://www.myfonts.com/products/regular-brometalic-1166029
[2026-06-23T10:05:36Z] #460 attempt=1/2 status=200 0.282s url=https://www.myfonts.com/collections/brometalic-font-koplexs-studio/
[2026-06-23T10:05:38Z] #461 attempt=1/6 status=200 1.127s url=https://www.myfonts.com/products.json?limit=100&page=11
[2026-06-23T10:05:39Z] #462 attempt=1/2 status=200 1.537s url=https://www.myfonts.com/products/semi-bold-extra-expanded-mitzu-1166312
[2026-06-23T10:05:41Z] #463 attempt=1/2 status=200 1.650s url=https://www.myfonts.com/collections/mitzu-font-kaidosan/
[2026-06-23T10:05:42Z] #464 attempt=1/2 status=200 0.316s url=https://www.myfonts.com/products/regular-zfanniversary-1163775
[2026-06-23T10:05:43Z] #465 attempt=1/2 status=200 0.325s url=https://www.myfonts.com/collections/zfanniversary-font-zoofont/
[2026-06-23T10:05:44Z] #466 attempt=1/2 status=200 0.353s url=https://www.myfonts.com/products/kavaroom-regular-kavaroom-1166018
[2026-06-23T10:05:44Z] #467 attempt=1/2 status=200 0.431s url=https://www.myfonts.com/collections/kavaroom-font-flawlessandco/
[2026-06-23T10:05:45Z] #468 attempt=1/2 status=200 0.264s url=https://www.myfonts.com/products/regular-rizone-1163747
[2026-06-23T10:05:45Z] #469 attempt=1/2 status=200 0.240s url=https://www.myfonts.com/collections/rizone-font-bentype/
[2026-06-23T10:05:46Z] #470 attempt=1/2 status=200 0.394s url=https://www.myfonts.com/products/shree-tamil-6317-complete-family-package-1170446
[2026-06-23T10:05:47Z] #471 attempt=1/2 status=200 0.490s url=https://www.myfonts.com/collections/shree-tamil-6317-font-modularinfotech/
[2026-06-23T10:05:47Z] #472 attempt=1/2 status=429 0.037s url=https://www.myfonts.com/products/bravo-amori-complete-family-package-1171264
[2026-06-23T10:05:50Z] #473 attempt=2/2 status=200 0.380s url=https://www.myfonts.com/products/bravo-amori-complete-family-package-1171264
[2026-06-23T10:05:50Z] #474 attempt=1/2 status=200 0.371s url=https://www.myfonts.com/collections/bravo-amori-font-tini-fitriani/
[2026-06-23T10:05:51Z] #475 attempt=1/2 status=200 0.353s url=https://www.myfonts.com/products/shree-tamil-0826-complete-family-package-1170346
[2026-06-23T10:05:52Z] #476 attempt=1/2 status=200 0.474s url=https://www.myfonts.com/collections/shree-tamil-0826-font-modularinfotech/
[2026-06-23T10:05:52Z] #477 attempt=1/2 status=200 0.363s url=https://www.myfonts.com/collections/shree-tamil-0826-font-modularinfotech/
[2026-06-23T10:05:53Z] #478 attempt=1/2 status=200 0.345s url=https://www.myfonts.com/products/shree-malayalam-3251-complete-family-package-1171193
[2026-06-23T10:05:53Z] #479 attempt=1/2 status=429 0.038s url=https://www.myfonts.com/collections/shree-malayalam-3251-font-modularinfotech/
[2026-06-23T10:05:56Z] #480 attempt=2/2 status=200 0.466s url=https://www.myfonts.com/collections/shree-malayalam-3251-font-modularinfotech/
[2026-06-23T10:05:56Z] #481 attempt=1/2 status=200 0.170s url=https://www.myfonts.com/collections/shree-malayalam-3251-font-modularinfotech/
[2026-06-23T10:05:57Z] #482 attempt=1/2 status=200 0.394s url=https://www.myfonts.com/products/shree-telugu-4739-complete-family-package-1170289
[2026-06-23T10:05:58Z] #483 attempt=1/2 status=200 0.468s url=https://www.myfonts.com/collections/shree-telugu-4739-font-modularinfotech/
[2026-06-23T10:05:58Z] #484 attempt=1/2 status=200 0.456s url=https://www.myfonts.com/collections/shree-telugu-4739-font-modularinfotech/
[2026-06-23T10:05:59Z] #485 attempt=1/2 status=200 0.814s url=https://www.myfonts.com/products/brefid-complete-family-package-1171626
[2026-06-23T10:06:01Z] #486 attempt=1/2 status=200 0.994s url=https://www.myfonts.com/collections/brefid-font-gian-studio/
[2026-06-23T10:06:01Z] #487 attempt=1/2 status=200 0.411s url=https://www.myfonts.com/products/shree-oriya-3039-complete-family-package-1171223
[2026-06-23T10:06:02Z] #488 attempt=1/2 status=200 0.497s url=https://www.myfonts.com/collections/shree-oriya-3039-font-modularinfotech/
[2026-06-23T10:06:03Z] #489 attempt=1/2 status=200 0.642s url=https://www.myfonts.com/collections/shree-oriya-3039-font-modularinfotech/
[2026-06-23T10:06:04Z] #490 attempt=1/2 status=200 0.347s url=https://www.myfonts.com/products/shree-tamil-3977-complete-family-package-1170637
[2026-06-23T10:06:05Z] #491 attempt=1/2 status=200 0.470s url=https://www.myfonts.com/collections/shree-tamil-3977-font-modularinfotech/
[2026-06-23T10:06:05Z] #492 attempt=1/2 status=200 0.191s url=https://www.myfonts.com/collections/shree-tamil-3977-font-modularinfotech/
[2026-06-23T10:06:06Z] #493 attempt=1/2 status=200 0.346s url=https://www.myfonts.com/products/shree-malayalam-3270-complete-family-package-1171086
[2026-06-23T10:06:06Z] #494 attempt=1/2 status=200 0.571s url=https://www.myfonts.com/collections/shree-malayalam-3270-font-modularinfotech/
[2026-06-23T10:06:07Z] #495 attempt=1/2 status=200 0.442s url=https://www.myfonts.com/collections/shree-malayalam-3270-font-modularinfotech/
[2026-06-23T10:06:09Z] #496 attempt=1/2 status=200 1.892s url=https://www.myfonts.com/products/hard-package-1172027
[2026-06-23T10:06:13Z] #497 attempt=1/2 status=500 3.154s url=https://www.myfonts.com/collections/lucient-font-nia-typework/
[2026-06-23T10:06:13Z] #498 attempt=1/2 status=404 0.179s url=https://www.myfonts.com/collections/hard-font-nia-typework
[2026-06-23T10:06:14Z] #499 attempt=1/2 status=200 0.461s url=https://www.myfonts.com/products/shree-tamil-3954-complete-family-package-1170600
[2026-06-23T10:06:14Z] #500 attempt=1/2 status=200 0.449s url=https://www.myfonts.com/collections/shree-tamil-3954-font-modularinfotech/
[2026-06-23T10:06:15Z] #501 attempt=1/2 status=200 0.491s url=https://www.myfonts.com/collections/shree-tamil-3954-font-modularinfotech/
[2026-06-23T10:06:16Z] #502 attempt=1/2 status=200 0.402s url=https://www.myfonts.com/products/shree-oriya-3046-complete-family-package-1171036
[2026-06-23T10:06:17Z] #503 attempt=1/2 status=200 0.428s url=https://www.myfonts.com/collections/shree-oriya-3046-font-modularinfotech/
[2026-06-23T10:06:17Z] #504 attempt=1/2 status=200 0.166s url=https://www.myfonts.com/collections/shree-oriya-3046-font-modularinfotech/
[2026-06-23T10:06:18Z] #505 attempt=1/2 status=200 0.396s url=https://www.myfonts.com/products/shree-malayalam-3250-complete-family-package-1170950
[2026-06-23T10:06:18Z] #506 attempt=1/2 status=200 0.430s url=https://www.myfonts.com/collections/shree-malayalam-3250-font-modularinfotech/
[2026-06-23T10:06:19Z] #507 attempt=1/2 status=200 0.407s url=https://www.myfonts.com/collections/shree-malayalam-3250-font-modularinfotech/
[2026-06-23T10:06:20Z] #508 attempt=1/2 status=200 0.373s url=https://www.myfonts.com/products/shree-malayalam-3254-complete-family-package-1171208
[2026-06-23T10:06:20Z] #509 attempt=1/2 status=200 0.438s url=https://www.myfonts.com/collections/shree-malayalam-3254-font-modularinfotech/
[2026-06-23T10:06:21Z] #510 attempt=1/2 status=200 0.404s url=https://www.myfonts.com/collections/shree-malayalam-3254-font-modularinfotech/
[2026-06-23T10:06:22Z] #511 attempt=1/2 status=200 0.356s url=https://www.myfonts.com/products/shree-malayalam-3217-complete-family-package-1171063
[2026-06-23T10:06:22Z] #512 attempt=1/2 status=200 0.393s url=https://www.myfonts.com/collections/shree-malayalam-3217-font-modularinfotech/
[2026-06-23T10:06:23Z] #513 attempt=1/2 status=200 0.152s url=https://www.myfonts.com/collections/shree-malayalam-3217-font-modularinfotech/
[2026-06-23T10:06:23Z] #514 attempt=1/2 status=200 0.376s url=https://www.myfonts.com/products/shree-malayalam-3283-complete-family-package-1171123
[2026-06-23T10:06:24Z] #515 attempt=1/2 status=200 0.485s url=https://www.myfonts.com/collections/shree-malayalam-3283-font-modularinfotech/
[2026-06-23T10:06:25Z] #516 attempt=1/2 status=200 0.474s url=https://www.myfonts.com/collections/shree-malayalam-3283-font-modularinfotech/
[2026-06-23T10:06:25Z] #517 attempt=1/2 status=200 0.371s url=https://www.myfonts.com/products/ft-pixelica-complete-family-package-1171612
[2026-06-23T10:06:26Z] #518 attempt=1/2 status=200 0.468s url=https://www.myfonts.com/collections/ft-pixelica-font-foxys-forest-foundry/
[2026-06-23T10:06:27Z] #519 attempt=1/2 status=200 0.366s url=https://www.myfonts.com/products/shree-tamil-3897-complete-family-package-1170833
[2026-06-23T10:06:28Z] #520 attempt=1/2 status=200 0.498s url=https://www.myfonts.com/collections/shree-tamil-3897-font-modularinfotech/
[2026-06-23T10:06:28Z] #521 attempt=1/2 status=200 0.419s url=https://www.myfonts.com/collections/shree-tamil-3897-font-modularinfotech/
[2026-06-23T10:06:29Z] #522 attempt=1/2 status=200 0.339s url=https://www.myfonts.com/products/shree-malayalam-3246-complete-family-package-1171072
[2026-06-23T10:06:30Z] #523 attempt=1/2 status=200 0.462s url=https://www.myfonts.com/collections/shree-malayalam-3246-font-modularinfotech/
[2026-06-23T10:06:30Z] #524 attempt=1/2 status=200 0.405s url=https://www.myfonts.com/collections/shree-malayalam-3246-font-modularinfotech/
[2026-06-23T10:06:31Z] #525 attempt=1/2 status=200 0.426s url=https://www.myfonts.com/products/shree-malayalam-1837-complete-family-package-1170998
[2026-06-23T10:06:32Z] #526 attempt=1/2 status=200 0.484s url=https://www.myfonts.com/collections/shree-malayalam-1837-font-modularinfotech/
[2026-06-23T10:06:32Z] #527 attempt=1/2 status=200 0.203s url=https://www.myfonts.com/collections/shree-malayalam-1837-font-modularinfotech/
[2026-06-23T10:06:33Z] #528 attempt=1/2 status=200 0.324s url=https://www.myfonts.com/products/vogures-fabric-complete-family-package-1172095
[2026-06-23T10:06:33Z] #529 attempt=1/2 status=200 0.474s url=https://www.myfonts.com/collections/vogures-fabric-font-timelesstype-studio/
[2026-06-23T10:06:34Z] #530 attempt=1/2 status=200 0.423s url=https://www.myfonts.com/products/shree-oriya-3062-complete-family-package-1171057
[2026-06-23T10:06:35Z] #531 attempt=1/2 status=200 0.419s url=https://www.myfonts.com/collections/shree-oriya-3062-font-modularinfotech/
[2026-06-23T10:06:36Z] #532 attempt=1/2 status=200 0.505s url=https://www.myfonts.com/collections/shree-oriya-3062-font-modularinfotech/
[2026-06-23T10:06:36Z] #533 attempt=1/2 status=200 0.384s url=https://www.myfonts.com/products/proscenium-arch-complete-family-package-1171267
[2026-06-23T10:06:37Z] #534 attempt=1/2 status=200 0.527s url=https://www.myfonts.com/collections/proscenium-arch-font-wings-art-studio/
[2026-06-23T10:06:38Z] #535 attempt=1/2 status=200 0.472s url=https://www.myfonts.com/products/mojave-complete-family-package-1171537
[2026-06-23T10:06:38Z] #536 attempt=1/2 status=200 0.419s url=https://www.myfonts.com/collections/mojave-font-tini-fitriani/
[2026-06-23T10:06:39Z] #537 attempt=1/2 status=200 0.330s url=https://www.myfonts.com/products/shree-tamil-3834-complete-family-package-1170783
[2026-06-23T10:06:40Z] #538 attempt=1/2 status=200 0.462s url=https://www.myfonts.com/collections/shree-tamil-3834-font-modularinfotech/
[2026-06-23T10:06:41Z] #539 attempt=1/2 status=200 0.462s url=https://www.myfonts.com/collections/shree-tamil-3834-font-modularinfotech/
[2026-06-23T10:06:41Z] #540 attempt=1/2 status=200 0.315s url=https://www.myfonts.com/products/royallique-complete-family-package-1171252
[2026-06-23T10:06:42Z] #541 attempt=1/2 status=200 0.424s url=https://www.myfonts.com/collections/royallique-font-tini-fitriani/
[2026-06-23T10:06:43Z] #542 attempt=1/2 status=200 0.457s url=https://www.myfonts.com/products/shree-oriya-3047-complete-family-package-1170987
[2026-06-23T10:06:43Z] #543 attempt=1/2 status=200 0.440s url=https://www.myfonts.com/collections/shree-oriya-3047-font-modularinfotech/
[2026-06-23T10:06:44Z] #544 attempt=1/2 status=200 0.383s url=https://www.myfonts.com/collections/shree-oriya-3047-font-modularinfotech/
[2026-06-23T10:06:44Z] #545 attempt=1/2 status=429 0.051s url=https://www.myfonts.com/products/shree-malayalam-3282-complete-family-package-1170963
[2026-06-23T10:06:47Z] #546 attempt=2/2 status=429 0.080s url=https://www.myfonts.com/products/shree-malayalam-3282-complete-family-package-1170963
[2026-06-23T10:06:52Z] max_retries_exhausted url=https://www.myfonts.com/products/shree-malayalam-3282-complete-family-package-1170963
[2026-06-23T10:06:52Z] #547 attempt=1/2 status=429 0.091s url=https://www.myfonts.com/collections/shree-malayalam-3282-font-modular-infotech
[2026-06-23T10:06:54Z] #548 attempt=2/2 status=429 0.077s url=https://www.myfonts.com/collections/shree-malayalam-3282-font-modular-infotech
[2026-06-23T10:06:59Z] max_retries_exhausted url=https://www.myfonts.com/collections/shree-malayalam-3282-font-modular-infotech
[2026-06-23T10:07:00Z] #549 attempt=1/2 status=200 0.432s url=https://www.myfonts.com/products/shree-malayalam-3241-complete-family-package-1170981
[2026-06-23T10:07:00Z] #550 attempt=1/2 status=200 0.463s url=https://www.myfonts.com/collections/shree-malayalam-3241-font-modularinfotech/
[2026-06-23T10:07:01Z] #551 attempt=1/2 status=200 0.479s url=https://www.myfonts.com/collections/shree-malayalam-3241-font-modularinfotech/
[2026-06-23T10:07:01Z] #552 attempt=1/2 status=429 0.045s url=https://www.myfonts.com/products/stylenoir-script-complete-family-package-1171211
[2026-06-23T10:07:04Z] #553 attempt=2/2 status=200 0.369s url=https://www.myfonts.com/products/stylenoir-script-complete-family-package-1171211
[2026-06-23T10:07:05Z] #554 attempt=1/2 status=200 0.444s url=https://www.myfonts.com/collections/stylenoir-script-font-the-northern-block/
[2026-06-23T10:07:05Z] #555 attempt=1/2 status=200 0.348s url=https://www.myfonts.com/products/shree-malayalam-4403-complete-family-package-1171205
[2026-06-23T10:07:06Z] #556 attempt=1/2 status=200 0.419s url=https://www.myfonts.com/collections/shree-malayalam-4403-font-modularinfotech/
[2026-06-23T10:07:07Z] #557 attempt=1/2 status=200 0.489s url=https://www.myfonts.com/collections/shree-malayalam-4403-font-modularinfotech/
[2026-06-23T10:07:07Z] #558 attempt=1/2 status=200 0.306s url=https://www.myfonts.com/products/shree-malayalam-3242-complete-family-package-1170972
[2026-06-23T10:07:08Z] #559 attempt=1/2 status=429 0.041s url=https://www.myfonts.com/collections/shree-malayalam-3242-font-modularinfotech/
[2026-06-23T10:07:10Z] #560 attempt=2/2 status=200 0.543s url=https://www.myfonts.com/collections/shree-malayalam-3242-font-modularinfotech/
[2026-06-23T10:07:11Z] #561 attempt=1/2 status=200 0.464s url=https://www.myfonts.com/collections/shree-malayalam-3242-font-modularinfotech/
[2026-06-23T10:07:12Z] #562 attempt=1/2 status=200 0.441s url=https://www.myfonts.com/products/shree-malayalam-3264-complete-family-package-1171069
[2026-06-23T10:07:13Z] #563 attempt=1/2 status=200 0.470s url=https://www.myfonts.com/collections/shree-malayalam-3264-font-modularinfotech/
[2026-06-23T10:07:13Z] #564 attempt=1/2 status=200 0.393s url=https://www.myfonts.com/collections/shree-malayalam-3264-font-modularinfotech/
[2026-06-23T10:07:14Z] #565 attempt=1/2 status=200 0.365s url=https://www.myfonts.com/products/shree-tamil-1355-complete-family-package-1170819
[2026-06-23T10:07:15Z] #566 attempt=1/2 status=200 0.471s url=https://www.myfonts.com/collections/shree-tamil-1355-font-modularinfotech/
[2026-06-23T10:07:15Z] #567 attempt=1/2 status=200 0.147s url=https://www.myfonts.com/collections/shree-tamil-1355-font-modularinfotech/
[2026-06-23T10:07:16Z] #568 attempt=1/2 status=200 0.482s url=https://www.myfonts.com/products/shree-oriya-3061-complete-family-package-1171168
[2026-06-23T10:07:16Z] #569 attempt=1/2 status=200 0.413s url=https://www.myfonts.com/collections/shree-oriya-3061-font-modularinfotech/
[2026-06-23T10:07:17Z] #570 attempt=1/2 status=200 0.583s url=https://www.myfonts.com/collections/shree-oriya-3061-font-modularinfotech/
[2026-06-23T10:07:18Z] #571 attempt=1/2 status=200 0.321s url=https://www.myfonts.com/products/shree-malayalam-3263-complete-family-package-1170870
[2026-06-23T10:07:19Z] #572 attempt=1/2 status=200 0.438s url=https://www.myfonts.com/collections/shree-malayalam-3263-font-modularinfotech/
[2026-06-23T10:07:19Z] #573 attempt=1/2 status=200 0.545s url=https://www.myfonts.com/collections/shree-malayalam-3263-font-modularinfotech/
[2026-06-23T10:07:20Z] #574 attempt=1/2 status=200 0.325s url=https://www.myfonts.com/products/shree-telugu-2971-complete-family-package-1170719
[2026-06-23T10:07:21Z] #575 attempt=1/2 status=200 0.370s url=https://www.myfonts.com/collections/shree-telugu-2971-font-modularinfotech/
[2026-06-23T10:07:21Z] #576 attempt=1/2 status=200 0.429s url=https://www.myfonts.com/collections/shree-telugu-2971-font-modularinfotech/
[2026-06-23T10:07:22Z] #577 attempt=1/2 status=200 0.363s url=https://www.myfonts.com/products/shree-malayalam-4404-complete-family-package-1171060
[2026-06-23T10:07:23Z] #578 attempt=1/2 status=200 0.419s url=https://www.myfonts.com/collections/shree-malayalam-4404-font-modularinfotech/
[2026-06-23T10:07:23Z] #579 attempt=1/2 status=200 0.430s url=https://www.myfonts.com/collections/shree-malayalam-4404-font-modularinfotech/
[2026-06-23T10:07:24Z] #580 attempt=1/2 status=200 0.445s url=https://www.myfonts.com/products/shree-tamil-2881-complete-family-package-1170747
[2026-06-23T10:07:25Z] #581 attempt=1/2 status=200 0.477s url=https://www.myfonts.com/collections/shree-tamil-2881-font-modularinfotech/
[2026-06-23T10:07:26Z] #582 attempt=1/2 status=200 0.368s url=https://www.myfonts.com/collections/shree-tamil-2881-font-modularinfotech/
[2026-06-23T10:07:26Z] #583 attempt=1/2 status=200 0.339s url=https://www.myfonts.com/products/shree-oriya-0615-complete-family-package-1170913
[2026-06-23T10:07:27Z] #584 attempt=1/2 status=200 0.515s url=https://www.myfonts.com/collections/shree-oriya-0615-font-modularinfotech/
[2026-06-23T10:07:28Z] #585 attempt=1/2 status=200 0.485s url=https://www.myfonts.com/collections/shree-oriya-0615-font-modularinfotech/
[2026-06-23T10:07:28Z] #586 attempt=1/2 status=429 0.044s url=https://www.myfonts.com/products/shree-oriya-3060-complete-family-package-1171075
[2026-06-23T10:07:30Z] #587 attempt=2/2 status=429 0.100s url=https://www.myfonts.com/products/shree-oriya-3060-complete-family-package-1171075
[2026-06-23T10:07:35Z] max_retries_exhausted url=https://www.myfonts.com/products/shree-oriya-3060-complete-family-package-1171075
[2026-06-23T10:07:36Z] #588 attempt=1/2 status=404 0.304s url=https://www.myfonts.com/collections/shree-oriya-3060-font-modular-infotech
[2026-06-23T10:07:36Z] #589 attempt=1/2 status=200 0.346s url=https://www.myfonts.com/products/shree-tamil-2892-complete-family-package-1170456
[2026-06-23T10:07:37Z] #590 attempt=1/2 status=200 0.427s url=https://www.myfonts.com/collections/shree-tamil-2892-font-modularinfotech/
[2026-06-23T10:07:38Z] #591 attempt=1/2 status=200 0.397s url=https://www.myfonts.com/collections/shree-tamil-2892-font-modularinfotech/
[2026-06-23T10:07:38Z] #592 attempt=1/2 status=200 0.409s url=https://www.myfonts.com/products/shree-malayalam-0512-complete-family-package-1171171
[2026-06-23T10:07:39Z] #593 attempt=1/2 status=200 0.448s url=https://www.myfonts.com/collections/shree-malayalam-0512-font-modularinfotech/
[2026-06-23T10:07:40Z] #594 attempt=1/2 status=200 0.321s url=https://www.myfonts.com/products/shree-malayalam-3272-complete-family-package-1171025
[2026-06-23T10:07:40Z] #595 attempt=1/2 status=200 0.382s url=https://www.myfonts.com/collections/shree-malayalam-3272-font-modularinfotech/
[2026-06-23T10:07:41Z] #596 attempt=1/2 status=200 0.149s url=https://www.myfonts.com/collections/shree-malayalam-3272-font-modularinfotech/
[2026-06-23T10:07:41Z] #597 attempt=1/2 status=200 0.330s url=https://www.myfonts.com/products/shree-tamil-3940-complete-family-package-1170753
[2026-06-23T10:07:42Z] #598 attempt=1/2 status=200 0.530s url=https://www.myfonts.com/collections/shree-tamil-3940-font-modularinfotech/
[2026-06-23T10:07:43Z] #599 attempt=1/2 status=200 0.544s url=https://www.myfonts.com/collections/shree-tamil-3940-font-modularinfotech/
[2026-06-23T10:07:44Z] #600 attempt=1/2 status=200 0.362s url=https://www.myfonts.com/products/shree-tamil-5494-complete-family-package-1170725
[2026-06-23T10:07:44Z] #601 attempt=1/2 status=200 0.430s url=https://www.myfonts.com/collections/shree-tam5494-font-modularinfotech/
[2026-06-23T10:07:45Z] #602 attempt=1/2 status=200 0.350s url=https://www.myfonts.com/products/shree-tamil-3802-complete-family-package-1170704
[2026-06-23T10:07:45Z] #603 attempt=1/2 status=200 0.380s url=https://www.myfonts.com/collections/shree-tamil-3802-font-modularinfotech/
[2026-06-23T10:07:46Z] #604 attempt=1/2 status=200 0.460s url=https://www.myfonts.com/collections/shree-tamil-3802-font-modularinfotech/
[2026-06-23T10:07:47Z] #605 attempt=1/2 status=200 0.341s url=https://www.myfonts.com/products/zentrik-complete-family-package-1170862
[2026-06-23T10:07:47Z] #606 attempt=1/2 status=200 0.425s url=https://www.myfonts.com/collections/zentrik-font-mevstory-studio/
[2026-06-23T10:07:48Z] #607 attempt=1/2 status=200 0.385s url=https://www.myfonts.com/products/shree-malayalam-3207-complete-family-package-1170975
[2026-06-23T10:07:49Z] #608 attempt=1/2 status=200 0.416s url=https://www.myfonts.com/collections/shree-malayalam-3207-font-modularinfotech/
[2026-06-23T10:07:49Z] #609 attempt=1/2 status=429 0.041s url=https://www.myfonts.com/collections/shree-malayalam-3207-font-modularinfotech/
[2026-06-23T10:07:51Z] #610 attempt=2/2 status=429 0.154s url=https://www.myfonts.com/collections/shree-malayalam-3207-font-modularinfotech/
[2026-06-23T10:07:56Z] max_retries_exhausted url=https://www.myfonts.com/collections/shree-malayalam-3207-font-modularinfotech/
[2026-06-23T10:07:57Z] #611 attempt=1/2 status=200 0.460s url=https://www.myfonts.com/products/shree-telugu-2678-complete-family-package-1170668
[2026-06-23T10:07:58Z] #612 attempt=1/2 status=200 0.469s url=https://www.myfonts.com/collections/shree-telugu-2678-font-modularinfotech/
[2026-06-23T10:07:59Z] #613 attempt=1/2 status=200 0.417s url=https://www.myfonts.com/collections/shree-telugu-2678-font-modularinfotech/
[2026-06-23T10:07:59Z] #614 attempt=1/2 status=200 0.354s url=https://www.myfonts.com/products/shree-tamil-3981-complete-family-package-1170710
[2026-06-23T10:07:59Z] #615 attempt=1/2 status=429 0.080s url=https://www.myfonts.com/collections/shree-tamil-3981-font-modularinfotech/
[2026-06-23T10:08:02Z] #616 attempt=2/2 status=200 0.443s url=https://www.myfonts.com/collections/shree-tamil-3981-font-modularinfotech/
[2026-06-23T10:08:03Z] #617 attempt=1/2 status=200 0.408s url=https://www.myfonts.com/collections/shree-tamil-3981-font-modularinfotech/
[2026-06-23T10:08:03Z] #618 attempt=1/2 status=200 0.345s url=https://www.myfonts.com/products/shree-malayalam-1813-complete-family-package-1171141
[2026-06-23T10:08:04Z] #619 attempt=1/2 status=200 0.738s url=https://www.myfonts.com/collections/shree-malayalam-1813-font-modularinfotech/
[2026-06-23T10:08:05Z] #620 attempt=1/2 status=200 0.155s url=https://www.myfonts.com/collections/shree-malayalam-1813-font-modularinfotech/
[2026-06-23T10:08:06Z] #621 attempt=1/2 status=200 0.376s url=https://www.myfonts.com/products/shree-malayalam-1816-complete-family-package-1170925
[2026-06-23T10:08:06Z] #622 attempt=1/2 status=200 0.449s url=https://www.myfonts.com/collections/shree-malayalam-1816-font-modularinfotech/
[2026-06-23T10:08:07Z] #623 attempt=1/2 status=200 0.324s url=https://www.myfonts.com/products/shree-malayalam-3285-complete-family-package-1171001
[2026-06-23T10:08:07Z] #624 attempt=1/2 status=429 0.043s url=https://www.myfonts.com/collections/shree-malayalam-3285-font-modularinfotech/
[2026-06-23T10:08:10Z] #625 attempt=2/2 status=200 0.403s url=https://www.myfonts.com/collections/shree-malayalam-3285-font-modularinfotech/
[2026-06-23T10:08:10Z] #626 attempt=1/2 status=200 0.430s url=https://www.myfonts.com/collections/shree-malayalam-3285-font-modularinfotech/
[2026-06-23T10:08:11Z] #627 attempt=1/2 status=200 0.312s url=https://www.myfonts.com/products/shree-tamil-3985-complete-family-package-1170431
[2026-06-23T10:08:12Z] #628 attempt=1/2 status=200 0.437s url=https://www.myfonts.com/collections/shree-tamil-3985-font-modularinfotech/
[2026-06-23T10:08:12Z] #629 attempt=1/2 status=200 0.423s url=https://www.myfonts.com/collections/shree-tamil-3985-font-modularinfotech/
[2026-06-23T10:08:13Z] #630 attempt=1/2 status=200 0.338s url=https://www.myfonts.com/products/shree-tamil-3899-complete-family-package-1170627
[2026-06-23T10:08:13Z] #631 attempt=1/2 status=429 0.037s url=https://www.myfonts.com/collections/shree-tamil-3899-font-modularinfotech/
[2026-06-23T10:08:16Z] #632 attempt=2/2 status=200 0.510s url=https://www.myfonts.com/collections/shree-tamil-3899-font-modularinfotech/
[2026-06-23T10:08:17Z] #633 attempt=1/2 status=200 0.420s url=https://www.myfonts.com/collections/shree-tamil-3899-font-modularinfotech/
[2026-06-23T10:08:17Z] #634 attempt=1/2 status=200 0.353s url=https://www.myfonts.com/products/shree-tamil-3970-complete-family-package-1170802
[2026-06-23T10:08:18Z] #635 attempt=1/2 status=200 0.451s url=https://www.myfonts.com/collections/shree-tamil-3970-font-modularinfotech/
[2026-06-23T10:08:19Z] #636 attempt=1/2 status=200 0.174s url=https://www.myfonts.com/collections/shree-tamil-3970-font-modularinfotech/
[2026-06-23T10:08:19Z] #637 attempt=1/2 status=200 0.388s url=https://www.myfonts.com/products/shree-tamil-2876-complete-family-package-1170502
[2026-06-23T10:08:19Z] #638 attempt=1/2 status=429 0.033s url=https://www.myfonts.com/collections/shree-tamil-2876-font-modularinfotech/
[2026-06-23T10:08:22Z] #639 attempt=2/2 status=200 0.582s url=https://www.myfonts.com/collections/shree-tamil-2876-font-modularinfotech/
[2026-06-23T10:08:23Z] #640 attempt=1/2 status=200 0.396s url=https://www.myfonts.com/collections/shree-tamil-2876-font-modularinfotech/
[2026-06-23T10:08:23Z] #641 attempt=1/2 status=200 0.345s url=https://www.myfonts.com/products/shree-tamil-0819-complete-family-package-1170683
[2026-06-23T10:08:24Z] #642 attempt=1/2 status=200 0.459s url=https://www.myfonts.com/collections/shree-tamil-0819-font-modularinfotech/
[2026-06-23T10:08:25Z] #643 attempt=1/2 status=200 0.425s url=https://www.myfonts.com/collections/shree-tamil-0819-font-modularinfotech/
[2026-06-23T10:08:26Z] #644 attempt=1/2 status=200 0.346s url=https://www.myfonts.com/products/shree-tamil-5459-complete-family-package-1170822
[2026-06-23T10:08:26Z] #645 attempt=1/2 status=200 0.441s url=https://www.myfonts.com/collections/shree-tam5459-font-modularinfotech/
[2026-06-23T10:08:27Z] #646 attempt=1/2 status=200 0.365s url=https://www.myfonts.com/products/shree-tamil-1314-complete-family-package-1170525
[2026-06-23T10:08:27Z] #647 attempt=1/2 status=429 0.056s url=https://www.myfonts.com/collections/shree-tamil-1314-font-modularinfotech/
[2026-06-23T10:08:30Z] #648 attempt=2/2 status=200 0.532s url=https://www.myfonts.com/collections/shree-tamil-1314-font-modularinfotech/
[2026-06-23T10:08:30Z] #649 attempt=1/2 status=200 0.164s url=https://www.myfonts.com/collections/shree-tamil-1314-font-modularinfotech/
[2026-06-23T10:08:31Z] #650 attempt=1/2 status=200 0.403s url=https://www.myfonts.com/products/shree-oriya-3019-complete-family-package-1171039
[2026-06-23T10:08:32Z] #651 attempt=1/2 status=200 0.461s url=https://www.myfonts.com/collections/shree-oriya-3019-font-modularinfotech/
[2026-06-23T10:08:32Z] #652 attempt=1/2 status=200 0.435s url=https://www.myfonts.com/collections/shree-oriya-3019-font-modularinfotech/
[2026-06-23T10:08:33Z] #653 attempt=1/2 status=200 0.369s url=https://www.myfonts.com/products/shree-telugu-1647-complete-family-package-1170808
[2026-06-23T10:08:33Z] #654 attempt=1/2 status=429 0.046s url=https://www.myfonts.com/collections/shree-telugu-1647-font-modularinfotech/
[2026-06-23T10:08:36Z] #655 attempt=2/2 status=200 0.534s url=https://www.myfonts.com/collections/shree-telugu-1647-font-modularinfotech/
[2026-06-23T10:08:37Z] #656 attempt=1/2 status=200 0.164s url=https://www.myfonts.com/collections/shree-telugu-1647-font-modularinfotech/
[2026-06-23T10:08:37Z] #657 attempt=1/2 status=200 0.332s url=https://www.myfonts.com/products/shree-telugu-2960-complete-family-package-1170434
[2026-06-23T10:08:38Z] #658 attempt=1/2 status=200 0.447s url=https://www.myfonts.com/collections/shree-telugu-2960-font-modularinfotech/
[2026-06-23T10:08:39Z] #659 attempt=1/2 status=200 0.530s url=https://www.myfonts.com/collections/shree-telugu-2960-font-modularinfotech/
[2026-06-23T10:08:39Z] #660 attempt=1/2 status=200 0.468s url=https://www.myfonts.com/products/shree-tamil-2810-complete-family-package-1170619
[2026-06-23T10:08:40Z] #661 attempt=1/2 status=200 0.558s url=https://www.myfonts.com/collections/shree-tamil-2810-font-modularinfotech/
[2026-06-23T10:08:41Z] #662 attempt=1/2 status=200 0.460s url=https://www.myfonts.com/collections/shree-tamil-2810-font-modularinfotech/
[2026-06-23T10:08:42Z] #663 attempt=1/2 status=200 0.480s url=https://www.myfonts.com/products/shree-malayalam-4408-complete-family-package-1170899
[2026-06-23T10:08:42Z] #664 attempt=1/2 status=200 0.425s url=https://www.myfonts.com/collections/shree-malayalam-4408-font-modularinfotech/
[2026-06-23T10:08:43Z] #665 attempt=1/2 status=200 0.467s url=https://www.myfonts.com/collections/shree-malayalam-4408-font-modularinfotech/
[2026-06-23T10:08:44Z] #666 attempt=1/2 status=200 0.419s url=https://www.myfonts.com/products/shree-tamil-0802-complete-family-package-1170325
[2026-06-23T10:08:44Z] #667 attempt=1/2 status=200 0.507s url=https://www.myfonts.com/collections/shree-tamil-0802-font-modularinfotech/
[2026-06-23T10:08:45Z] #668 attempt=1/2 status=200 0.514s url=https://www.myfonts.com/products/shree-tamil-5498-complete-family-package-1170654
[2026-06-23T10:08:46Z] #669 attempt=1/2 status=200 0.443s url=https://www.myfonts.com/collections/shree-tam5498-font-modularinfotech/
[2026-06-23T10:08:47Z] #670 attempt=1/2 status=200 0.383s url=https://www.myfonts.com/products/shree-tamil-1367-complete-family-package-1170765
[2026-06-23T10:08:47Z] #671 attempt=1/2 status=200 0.521s url=https://www.myfonts.com/collections/shree-tamil-1367-font-modularinfotech/
[2026-06-23T10:08:48Z] #672 attempt=1/2 status=200 0.339s url=https://www.myfonts.com/products/shree-tamil-0800-complete-family-package-1170734
[2026-06-23T10:08:49Z] #673 attempt=1/2 status=200 0.471s url=https://www.myfonts.com/collections/shree-tamil-0800-font-modularinfotech/
[2026-06-23T10:08:49Z] #674 attempt=1/2 status=200 0.220s url=https://www.myfonts.com/collections/shree-tamil-0800-font-modularinfotech/
[2026-06-23T10:08:50Z] #675 attempt=1/2 status=200 0.354s url=https://www.myfonts.com/products/shree-tamil-0806-complete-family-package-1170568
[2026-06-23T10:08:50Z] #676 attempt=1/2 status=200 0.340s url=https://www.myfonts.com/collections/shree-tamil-0806-font-modularinfotech/
[2026-06-23T10:08:51Z] #677 attempt=1/2 status=200 0.180s url=https://www.myfonts.com/collections/shree-tamil-0806-font-modularinfotech/
[2026-06-23T10:08:52Z] #678 attempt=1/2 status=200 0.544s url=https://www.myfonts.com/products/morakot-complete-family-package-1170167
[2026-06-23T10:08:53Z] #679 attempt=1/2 status=200 0.647s url=https://www.myfonts.com/collections/morakot-font-jipatype/
[2026-06-23T10:08:53Z] #680 attempt=1/2 status=200 0.347s url=https://www.myfonts.com/products/shree-telugu-2956-complete-family-package-1170417
[2026-06-23T10:08:54Z] #681 attempt=1/2 status=200 0.381s url=https://www.myfonts.com/collections/shree-telugu-2956-font-modularinfotech/
[2026-06-23T10:08:55Z] #682 attempt=1/2 status=200 0.555s url=https://www.myfonts.com/collections/shree-telugu-2956-font-modularinfotech/
[2026-06-23T10:08:55Z] #683 attempt=1/2 status=200 0.359s url=https://www.myfonts.com/products/shree-malayalam-1853-complete-family-package-1170873
[2026-06-23T10:08:56Z] #684 attempt=1/2 status=200 0.442s url=https://www.myfonts.com/collections/shree-malayalam-1853-font-modularinfotech/
[2026-06-23T10:08:56Z] #685 attempt=1/2 status=200 0.155s url=https://www.myfonts.com/collections/shree-malayalam-1853-font-modularinfotech/
[2026-06-23T10:08:58Z] #686 attempt=1/6 status=200 1.026s url=https://www.myfonts.com/products.json?limit=100&page=12
[2026-06-23T10:08:59Z] #687 attempt=1/2 status=200 0.349s url=https://www.myfonts.com/products/shree-tamil-3811-complete-family-package-1170722
[2026-06-23T10:08:59Z] #688 attempt=1/2 status=200 0.421s url=https://www.myfonts.com/collections/shree-tamil-3811-font-modularinfotech/
[2026-06-23T10:09:00Z] #689 attempt=1/2 status=200 0.422s url=https://www.myfonts.com/collections/shree-tamil-3811-font-modularinfotech/
[2026-06-23T10:09:01Z] #690 attempt=1/2 status=200 0.329s url=https://www.myfonts.com/products/shree-tamil-3939-complete-family-package-1170830
[2026-06-23T10:09:01Z] #691 attempt=1/2 status=200 0.419s url=https://www.myfonts.com/collections/shree-tamil-3939-font-modularinfotech/
[2026-06-23T10:09:02Z] #692 attempt=1/2 status=200 0.391s url=https://www.myfonts.com/collections/shree-tamil-3939-font-modularinfotech/
[2026-06-23T10:09:03Z] #693 attempt=1/2 status=200 0.474s url=https://www.myfonts.com/products/freya-grace-complete-family-package-1172056
[2026-06-23T10:09:03Z] #694 attempt=1/2 status=200 0.541s url=https://www.myfonts.com/collections/freya-grace-font-tripletree-studio/
[2026-06-23T10:09:04Z] #695 attempt=1/2 status=200 0.386s url=https://www.myfonts.com/products/shree-telugu-4706-complete-family-package-1170640
[2026-06-23T10:09:05Z] #696 attempt=1/2 status=200 0.435s url=https://www.myfonts.com/collections/shree-telugu-4706-font-modularinfotech/
[2026-06-23T10:09:06Z] #697 attempt=1/2 status=200 0.536s url=https://www.myfonts.com/collections/shree-telugu-4706-font-modularinfotech/
[2026-06-23T10:09:06Z] #698 attempt=1/2 status=200 0.445s url=https://www.myfonts.com/products/shree-telugu-2969-complete-family-package-1170579
[2026-06-23T10:09:07Z] #699 attempt=1/2 status=200 0.454s url=https://www.myfonts.com/collections/shree-telugu-2969-font-modularinfotech/
[2026-06-23T10:09:08Z] #700 attempt=1/2 status=200 0.426s url=https://www.myfonts.com/collections/shree-telugu-2969-font-modularinfotech/
[2026-06-23T10:09:08Z] #701 attempt=1/2 status=200 0.344s url=https://www.myfonts.com/products/shree-tamil-3953-complete-family-package-1170585
[2026-06-23T10:09:09Z] #702 attempt=1/2 status=200 0.438s url=https://www.myfonts.com/collections/shree-tamil-3953-font-modularinfotech/
[2026-06-23T10:09:10Z] #703 attempt=1/2 status=200 0.438s url=https://www.myfonts.com/collections/shree-tamil-3953-font-modularinfotech/
[2026-06-23T10:09:10Z] #704 attempt=1/2 status=200 0.337s url=https://www.myfonts.com/products/katavelle-complete-family-package-1171548
[2026-06-23T10:09:11Z] #705 attempt=1/2 status=200 0.576s url=https://www.myfonts.com/collections/katavelle-font-shape-studio/
[2026-06-23T10:09:12Z] #706 attempt=1/2 status=200 0.334s url=https://www.myfonts.com/products/shree-telugu-1633-complete-family-package-1170468
[2026-06-23T10:09:12Z] #707 attempt=1/2 status=200 0.428s url=https://www.myfonts.com/collections/shree-telugu-1633-font-modularinfotech/
[2026-06-23T10:09:13Z] #708 attempt=1/2 status=200 0.391s url=https://www.myfonts.com/collections/shree-telugu-1633-font-modularinfotech/
[2026-06-23T10:09:14Z] #709 attempt=1/2 status=200 0.310s url=https://www.myfonts.com/products/shree-tamil-2865-complete-family-package-1170762
[2026-06-23T10:09:14Z] #710 attempt=1/2 status=200 0.387s url=https://www.myfonts.com/collections/shree-tamil-2865-font-modularinfotech/
[2026-06-23T10:09:15Z] #711 attempt=1/2 status=200 0.518s url=https://www.myfonts.com/collections/shree-tamil-2865-font-modularinfotech/
[2026-06-23T10:09:16Z] #712 attempt=1/2 status=200 0.394s url=https://www.myfonts.com/products/shree-tamil-2858-complete-family-package-1170565
[2026-06-23T10:09:16Z] #713 attempt=1/2 status=200 0.450s url=https://www.myfonts.com/collections/shree-tamil-2858-font-modularinfotech/
[2026-06-23T10:09:17Z] #714 attempt=1/2 status=200 0.162s url=https://www.myfonts.com/collections/shree-tamil-2858-font-modularinfotech/
[2026-06-23T10:09:18Z] #715 attempt=1/2 status=200 0.434s url=https://www.myfonts.com/products/shree-tamil-3893-complete-family-package-1170805
[2026-06-23T10:09:18Z] #716 attempt=1/2 status=200 0.463s url=https://www.myfonts.com/collections/shree-tamil-3893-font-modularinfotech/
[2026-06-23T10:09:19Z] #717 attempt=1/2 status=200 0.477s url=https://www.myfonts.com/collections/shree-tamil-3893-font-modularinfotech/
[2026-06-23T10:09:20Z] #718 attempt=1/2 status=200 0.355s url=https://www.myfonts.com/products/shree-tamil-3973-complete-family-package-1170384
[2026-06-23T10:09:20Z] #719 attempt=1/2 status=200 0.448s url=https://www.myfonts.com/collections/shree-tamil-3973-font-modularinfotech/
[2026-06-23T10:09:21Z] #720 attempt=1/2 status=200 0.400s url=https://www.myfonts.com/collections/shree-tamil-3973-font-modularinfotech/
[2026-06-23T10:09:22Z] #721 attempt=1/2 status=200 0.870s url=https://www.myfonts.com/products/aukim-ii-scribble-complete-family-package-1171556
[2026-06-23T10:09:23Z] #722 attempt=1/2 status=200 0.876s url=https://www.myfonts.com/collections/aukim-ii-scribble-font-aukimvisuel/
[2026-06-23T10:09:24Z] #723 attempt=1/2 status=200 0.317s url=https://www.myfonts.com/products/shree-tamil-3840-complete-family-package-1170522
[2026-06-23T10:09:25Z] #724 attempt=1/2 status=200 0.443s url=https://www.myfonts.com/collections/shree-tamil-3840-font-modularinfotech/
[2026-06-23T10:09:25Z] #725 attempt=1/2 status=200 0.497s url=https://www.myfonts.com/collections/shree-tamil-3840-font-modularinfotech/
[2026-06-23T10:09:26Z] #726 attempt=1/2 status=200 0.328s url=https://www.myfonts.com/products/shree-tamil-2851-complete-family-package-1170728
[2026-06-23T10:09:27Z] #727 attempt=1/2 status=200 0.428s url=https://www.myfonts.com/collections/shree-tamil-2851-font-modularinfotech/
[2026-06-23T10:09:27Z] #728 attempt=1/2 status=200 0.158s url=https://www.myfonts.com/collections/shree-tamil-2851-font-modularinfotech/
[2026-06-23T10:09:28Z] #729 attempt=1/2 status=200 0.452s url=https://www.myfonts.com/products/shree-tamil-3960-complete-family-package-1170552
[2026-06-23T10:09:29Z] #730 attempt=1/2 status=200 0.522s url=https://www.myfonts.com/collections/shree-tamil-3960-font-modularinfotech/
[2026-06-23T10:09:29Z] #731 attempt=1/2 status=200 0.290s url=https://www.myfonts.com/products/shree-tamil-3901-complete-family-package-1170368
[2026-06-23T10:09:29Z] #732 attempt=1/2 status=429 0.060s url=https://www.myfonts.com/collections/shree-tamil-3901-font-modularinfotech/
[2026-06-23T10:09:32Z] #733 attempt=2/2 status=429 0.171s url=https://www.myfonts.com/collections/shree-tamil-3901-font-modularinfotech/
[2026-06-23T10:09:37Z] max_retries_exhausted url=https://www.myfonts.com/collections/shree-tamil-3901-font-modularinfotech/
[2026-06-23T10:09:37Z] #734 attempt=1/2 status=404 0.320s url=https://www.myfonts.com/collections/shree-tamil-3901-font-modular-infotech
[2026-06-23T10:09:38Z] #735 attempt=1/2 status=200 0.378s url=https://www.myfonts.com/products/gc-movark-complete-family-package-1171340
[2026-06-23T10:09:39Z] #736 attempt=1/2 status=200 0.620s url=https://www.myfonts.com/collections/gc-movark-font-onyx-studio/
[2026-06-23T10:09:39Z] #737 attempt=1/2 status=200 0.364s url=https://www.myfonts.com/products/shree-tamil-5419-complete-family-package-1170597
[2026-06-23T10:09:40Z] #738 attempt=1/2 status=200 0.426s url=https://www.myfonts.com/collections/shree-tam5419-font-modularinfotech/
[2026-06-23T10:09:41Z] #739 attempt=1/2 status=200 0.322s url=https://www.myfonts.com/products/shree-tamil-3855-complete-family-package-1170465
[2026-06-23T10:09:41Z] #740 attempt=1/2 status=200 0.400s url=https://www.myfonts.com/collections/shree-tamil-3855-font-modularinfotech/
[2026-06-23T10:09:42Z] #741 attempt=1/2 status=429 0.045s url=https://www.myfonts.com/collections/shree-tamil-3855-font-modularinfotech/
[2026-06-23T10:09:44Z] #742 attempt=2/2 status=429 0.142s url=https://www.myfonts.com/collections/shree-tamil-3855-font-modularinfotech/
[2026-06-23T10:09:49Z] max_retries_exhausted url=https://www.myfonts.com/collections/shree-tamil-3855-font-modularinfotech/
[2026-06-23T10:09:50Z] #743 attempt=1/2 status=200 0.537s url=https://www.myfonts.com/products/shree-tamil-1373-complete-family-package-1170349
[2026-06-23T10:09:50Z] #744 attempt=1/2 status=200 0.423s url=https://www.myfonts.com/collections/shree-tamil-1373-font-modularinfotech/
[2026-06-23T10:09:51Z] #745 attempt=1/2 status=200 0.664s url=https://www.myfonts.com/collections/shree-tamil-1373-font-modularinfotech/
[2026-06-23T10:09:52Z] #746 attempt=1/2 status=200 0.439s url=https://www.myfonts.com/products/shree-tamil-3984-complete-family-package-1170316
[2026-06-23T10:09:53Z] #747 attempt=1/2 status=200 0.429s url=https://www.myfonts.com/collections/shree-tamil-3984-font-modularinfotech/
[2026-06-23T10:09:53Z] #748 attempt=1/2 status=200 0.419s url=https://www.myfonts.com/collections/shree-tamil-3984-font-modularinfotech/
[2026-06-23T10:09:54Z] #749 attempt=1/2 status=200 0.359s url=https://www.myfonts.com/products/shree-malayalam-3238-complete-family-package-1171190
[2026-06-23T10:09:55Z] #750 attempt=1/2 status=200 0.464s url=https://www.myfonts.com/collections/shree-malayalam-3238-font-modularinfotech/
[2026-06-23T10:09:55Z] #751 attempt=1/2 status=429 0.047s url=https://www.myfonts.com/collections/shree-malayalam-3238-font-modularinfotech/
[2026-06-23T10:09:58Z] #752 attempt=2/2 status=429 0.169s url=https://www.myfonts.com/collections/shree-malayalam-3238-font-modularinfotech/
[2026-06-23T10:10:03Z] max_retries_exhausted url=https://www.myfonts.com/collections/shree-malayalam-3238-font-modularinfotech/
[2026-06-23T10:10:03Z] #753 attempt=1/2 status=200 0.502s url=https://www.myfonts.com/products/shree-tamil-0807-complete-family-package-1170707
[2026-06-23T10:10:04Z] #754 attempt=1/2 status=200 0.469s url=https://www.myfonts.com/collections/shree-tamil-0807-font-modularinfotech/
[2026-06-23T10:10:05Z] #755 attempt=1/2 status=200 0.901s url=https://www.myfonts.com/collections/shree-tamil-0807-font-modularinfotech/
[2026-06-23T10:10:06Z] #756 attempt=1/2 status=200 0.323s url=https://www.myfonts.com/products/shree-tamil-3831-complete-family-package-1170796
[2026-06-23T10:10:06Z] #757 attempt=1/2 status=200 0.403s url=https://www.myfonts.com/collections/shree-tamil-3831-font-modularinfotech/
[2026-06-23T10:10:07Z] #758 attempt=1/2 status=200 0.482s url=https://www.myfonts.com/collections/shree-tamil-3831-font-modularinfotech/
[2026-06-23T10:10:08Z] #759 attempt=1/2 status=200 0.341s url=https://www.myfonts.com/products/shree-tamil-1300-complete-family-package-1170365
[2026-06-23T10:10:08Z] #760 attempt=1/2 status=200 0.423s url=https://www.myfonts.com/collections/shree-tamil-1300-font-modularinfotech/
[2026-06-23T10:10:09Z] #761 attempt=1/2 status=200 0.487s url=https://www.myfonts.com/collections/shree-tamil-1300-font-modularinfotech/
[2026-06-23T10:10:10Z] #762 attempt=1/2 status=200 0.318s url=https://www.myfonts.com/products/shree-telugu-2972-complete-family-package-1170677
[2026-06-23T10:10:10Z] #763 attempt=1/2 status=200 0.379s url=https://www.myfonts.com/collections/shree-telugu-2972-font-modularinfotech/
[2026-06-23T10:10:11Z] #764 attempt=1/2 status=200 0.416s url=https://www.myfonts.com/collections/shree-telugu-2972-font-modularinfotech/
[2026-06-23T10:10:12Z] #765 attempt=1/2 status=200 0.346s url=https://www.myfonts.com/products/shree-tamil-3972-complete-family-package-1170319
[2026-06-23T10:10:12Z] #766 attempt=1/2 status=200 0.404s url=https://www.myfonts.com/collections/shree-tamil-3972-font-modularinfotech/
[2026-06-23T10:10:13Z] #767 attempt=1/2 status=200 0.384s url=https://www.myfonts.com/collections/shree-tamil-3972-font-modularinfotech/
[2026-06-23T10:10:14Z] #768 attempt=1/2 status=200 0.294s url=https://www.myfonts.com/products/sfc-palmora-complete-family-package-1171541
[2026-06-23T10:10:14Z] #769 attempt=1/2 status=429 0.053s url=https://www.myfonts.com/collections/sfc-palmora-font-skilline-fonts-co/
[2026-06-23T10:10:16Z] #770 attempt=2/2 status=200 0.486s url=https://www.myfonts.com/collections/sfc-palmora-font-skilline-fonts-co/
[2026-06-23T10:10:17Z] #771 attempt=1/2 status=200 0.351s url=https://www.myfonts.com/products/shree-tamil-2893-complete-family-package-1170322
[2026-06-23T10:10:18Z] #772 attempt=1/2 status=200 0.428s url=https://www.myfonts.com/collections/shree-tamil-2893-font-modularinfotech/
[2026-06-23T10:10:18Z] #773 attempt=1/2 status=200 0.371s url=https://www.myfonts.com/collections/shree-tamil-2893-font-modularinfotech/
[2026-06-23T10:10:19Z] #774 attempt=1/2 status=200 0.389s url=https://www.myfonts.com/products/shree-tamil-1397-complete-family-package-1170590
[2026-06-23T10:10:20Z] #775 attempt=1/2 status=200 0.463s url=https://www.myfonts.com/collections/shree-tamil-1397-font-modularinfotech/
[2026-06-23T10:10:20Z] #776 attempt=1/2 status=429 0.040s url=https://www.myfonts.com/collections/shree-tamil-1397-font-modularinfotech/
[2026-06-23T10:10:23Z] #777 attempt=2/2 status=200 0.218s url=https://www.myfonts.com/collections/shree-tamil-1397-font-modularinfotech/
[2026-06-23T10:10:23Z] #778 attempt=1/2 status=200 0.388s url=https://www.myfonts.com/products/shree-tamil-3989-complete-family-package-1170534
[2026-06-23T10:10:24Z] #779 attempt=1/2 status=200 0.558s url=https://www.myfonts.com/collections/shree-tamil-3989-font-modularinfotech/
[2026-06-23T10:10:25Z] #780 attempt=1/2 status=200 0.436s url=https://www.myfonts.com/collections/shree-tamil-3989-font-modularinfotech/
[2026-06-23T10:10:25Z] #781 attempt=1/2 status=200 0.312s url=https://www.myfonts.com/products/shree-malayalam-3288-complete-family-package-1171220
[2026-06-23T10:10:26Z] #782 attempt=1/2 status=200 0.402s url=https://www.myfonts.com/collections/shree-malayalam-3288-font-modularinfotech/
[2026-06-23T10:10:26Z] #783 attempt=1/2 status=429 0.033s url=https://www.myfonts.com/collections/shree-malayalam-3288-font-modularinfotech/
[2026-06-23T10:10:29Z] #784 attempt=2/2 status=200 0.228s url=https://www.myfonts.com/collections/shree-malayalam-3288-font-modularinfotech/
[2026-06-23T10:10:29Z] #785 attempt=1/2 status=200 0.355s url=https://www.myfonts.com/products/shree-malayalam-1852-complete-family-package-1171054
[2026-06-23T10:10:30Z] #786 attempt=1/2 status=200 0.533s url=https://www.myfonts.com/collections/shree-malayalam-1852-font-modularinfotech/
[2026-06-23T10:10:31Z] #787 attempt=1/2 status=200 0.402s url=https://www.myfonts.com/collections/shree-malayalam-1852-font-modularinfotech/
[2026-06-23T10:10:31Z] #788 attempt=1/2 status=200 0.344s url=https://www.myfonts.com/products/whensidare-complete-family-package-1170155
[2026-06-23T10:10:32Z] #789 attempt=1/2 status=200 0.379s url=https://www.myfonts.com/collections/whensidare-font-josstype/
[2026-06-23T10:10:32Z] #790 attempt=1/2 status=429 0.044s url=https://www.myfonts.com/products/shree-tamil-6302-complete-family-package-1170660
[2026-06-23T10:10:35Z] #791 attempt=2/2 status=200 0.449s url=https://www.myfonts.com/products/shree-tamil-6302-complete-family-package-1170660
[2026-06-23T10:10:36Z] #792 attempt=1/2 status=200 0.436s url=https://www.myfonts.com/collections/shree-tam6302-font-modularinfotech/
[2026-06-23T10:10:36Z] #793 attempt=1/2 status=200 0.333s url=https://www.myfonts.com/products/shree-tamil-3928-complete-family-package-1170698
[2026-06-23T10:10:37Z] #794 attempt=1/2 status=200 0.555s url=https://www.myfonts.com/collections/shree-tamil-3928-font-modularinfotech/
[2026-06-23T10:10:38Z] #795 attempt=1/2 status=200 0.412s url=https://www.myfonts.com/collections/shree-tamil-3928-font-modularinfotech/
[2026-06-23T10:10:38Z] #796 attempt=1/2 status=200 0.334s url=https://www.myfonts.com/products/shree-malayalam-3235-complete-family-package-1171202
[2026-06-23T10:10:39Z] #797 attempt=1/2 status=429 0.037s url=https://www.myfonts.com/collections/shree-malayalam-3235-font-modularinfotech/
[2026-06-23T10:10:41Z] #798 attempt=2/2 status=200 0.472s url=https://www.myfonts.com/collections/shree-malayalam-3235-font-modularinfotech/
[2026-06-23T10:10:42Z] #799 attempt=1/2 status=200 0.445s url=https://www.myfonts.com/collections/shree-malayalam-3235-font-modularinfotech/
[2026-06-23T10:10:43Z] #800 attempt=1/2 status=200 0.439s url=https://www.myfonts.com/products/agony-aunt-complete-family-package-1172098
[2026-06-23T10:10:44Z] #801 attempt=1/2 status=200 0.538s url=https://www.myfonts.com/collections/agony-aunt-font-hanoded/
[2026-06-23T10:10:44Z] #802 attempt=1/2 status=200 0.384s url=https://www.myfonts.com/products/mafuinka-complete-family-package-1172073
[2026-06-23T10:10:45Z] #803 attempt=1/2 status=200 0.516s url=https://www.myfonts.com/collections/mafuinka-font-tini-fitriani/
[2026-06-23T10:10:46Z] #804 attempt=1/2 status=200 0.351s url=https://www.myfonts.com/products/shree-tamil-2871-complete-family-package-1170440
[2026-06-23T10:10:46Z] #805 attempt=1/2 status=200 0.456s url=https://www.myfonts.com/collections/shree-tamil-2871-font-modularinfotech/
[2026-06-23T10:10:47Z] #806 attempt=1/2 status=200 0.457s url=https://www.myfonts.com/collections/shree-tamil-2871-font-modularinfotech/
[2026-06-23T10:10:48Z] #807 attempt=1/2 status=200 0.398s url=https://www.myfonts.com/products/shree-oriya-3053-complete-family-package-1171007
[2026-06-23T10:10:48Z] #808 attempt=1/2 status=200 0.410s url=https://www.myfonts.com/collections/shree-oriya-3053-font-modularinfotech/
[2026-06-23T10:10:49Z] #809 attempt=1/2 status=200 0.156s url=https://www.myfonts.com/collections/shree-oriya-3053-font-modularinfotech/
[2026-06-23T10:10:49Z] #810 attempt=1/2 status=200 0.387s url=https://www.myfonts.com/products/shree-tamil-3995-complete-family-package-1170517
[2026-06-23T10:10:50Z] #811 attempt=1/2 status=200 0.508s url=https://www.myfonts.com/collections/shree-tam3995-font-modularinfotech/
[2026-06-23T10:10:51Z] #812 attempt=1/2 status=200 0.410s url=https://www.myfonts.com/products/giteral-complete-family-package-1172041
[2026-06-23T10:10:52Z] #813 attempt=1/2 status=200 0.441s url=https://www.myfonts.com/collections/giteral-font-ragamkata/
[2026-06-23T10:10:52Z] #814 attempt=1/2 status=200 0.415s url=https://www.myfonts.com/products/shree-tamil-5458-complete-family-package-1170643
[2026-06-23T10:10:53Z] #815 attempt=1/2 status=200 0.428s url=https://www.myfonts.com/collections/shree-tam5458-font-modularinfotech/
[2026-06-23T10:10:54Z] #816 attempt=1/2 status=200 0.407s url=https://www.myfonts.com/products/shree-oriya-0639-complete-family-package-1170990
[2026-06-23T10:10:54Z] #817 attempt=1/2 status=200 0.586s url=https://www.myfonts.com/collections/shree-oriya-0639-font-modularinfotech/
[2026-06-23T10:10:55Z] #818 attempt=1/2 status=200 0.474s url=https://www.myfonts.com/collections/shree-oriya-0639-font-modularinfotech/
[2026-06-23T10:10:56Z] #819 attempt=1/2 status=200 0.380s url=https://www.myfonts.com/products/hunalica-complete-family-package-1172044
[2026-06-23T10:10:56Z] #820 attempt=1/2 status=200 0.432s url=https://www.myfonts.com/collections/hunalica-font-shape-studio/
[2026-06-23T10:10:57Z] #821 attempt=1/2 status=200 0.377s url=https://www.myfonts.com/products/shree-tamil-5427-complete-family-package-1170630
[2026-06-23T10:10:58Z] #822 attempt=1/2 status=200 0.523s url=https://www.myfonts.com/collections/shree-tam5427-font-modularinfotech/
[2026-06-23T10:10:59Z] #823 attempt=1/2 status=200 0.340s url=https://www.myfonts.com/products/shree-tamil-2859-complete-family-package-1170390
[2026-06-23T10:10:59Z] #824 attempt=1/2 status=200 0.551s url=https://www.myfonts.com/collections/shree-tamil-2859-font-modularinfotech/
[2026-06-23T10:11:00Z] #825 attempt=1/2 status=200 0.198s url=https://www.myfonts.com/collections/shree-tamil-2859-font-modularinfotech/
[2026-06-23T10:11:01Z] #826 attempt=1/2 status=200 0.453s url=https://www.myfonts.com/products/shree-telugu-1673-complete-family-package-1170354
[2026-06-23T10:11:01Z] #827 attempt=1/2 status=200 0.650s url=https://www.myfonts.com/collections/shree-telugu-1673-font-modularinfotech/
[2026-06-23T10:11:02Z] #828 attempt=1/2 status=200 0.528s url=https://www.myfonts.com/collections/shree-telugu-1673-font-modularinfotech/
[2026-06-23T10:11:03Z] #829 attempt=1/2 status=200 0.412s url=https://www.myfonts.com/products/bileso-complete-family-package-1171597
[2026-06-23T10:11:04Z] #830 attempt=1/2 status=200 0.454s url=https://www.myfonts.com/collections/bileso-font-marvadesign/
[2026-06-23T10:11:04Z] #831 attempt=1/2 status=200 0.355s url=https://www.myfonts.com/products/fox-bonki-complete-family-package-1171619
[2026-06-23T10:11:05Z] #832 attempt=1/2 status=200 0.469s url=https://www.myfonts.com/collections/fox-bonki-font-fox7/
[2026-06-23T10:11:06Z] #833 attempt=1/2 status=200 0.308s url=https://www.myfonts.com/products/shree-malayalam-4417-complete-family-package-1170922
[2026-06-23T10:11:06Z] #834 attempt=1/2 status=200 0.499s url=https://www.myfonts.com/collections/shree-malayalam-4417-font-modularinfotech/
[2026-06-23T10:11:07Z] #835 attempt=1/2 status=200 0.398s url=https://www.myfonts.com/collections/shree-malayalam-4417-font-modularinfotech/
[2026-06-23T10:11:08Z] #836 attempt=1/2 status=200 0.518s url=https://www.myfonts.com/products/karvest-complete-family-package-1171301
[2026-06-23T10:11:09Z] #837 attempt=1/2 status=200 0.870s url=https://www.myfonts.com/collections/karvest-font-product-type/
[2026-06-23T10:11:10Z] #838 attempt=1/2 status=200 0.351s url=https://www.myfonts.com/products/shree-tamil-3814-complete-family-package-1170453
[2026-06-23T10:11:10Z] #839 attempt=1/2 status=200 0.425s url=https://www.myfonts.com/collections/shree-tamil-3814-font-modularinfotech/
[2026-06-23T10:11:11Z] #840 attempt=1/2 status=200 0.161s url=https://www.myfonts.com/collections/shree-tamil-3814-font-modularinfotech/
[2026-06-23T10:11:11Z] #841 attempt=1/2 status=429 0.076s url=https://www.myfonts.com/products/shree-tamil-3866-complete-family-package-1170545
[2026-06-23T10:11:13Z] #842 attempt=2/2 status=429 0.170s url=https://www.myfonts.com/products/shree-tamil-3866-complete-family-package-1170545
[2026-06-23T10:11:18Z] max_retries_exhausted url=https://www.myfonts.com/products/shree-tamil-3866-complete-family-package-1170545
[2026-06-23T10:11:19Z] #843 attempt=1/2 status=404 0.239s url=https://www.myfonts.com/collections/shree-tamil-3866-font-modular-infotech
[2026-06-23T10:11:19Z] #844 attempt=1/2 status=200 0.353s url=https://www.myfonts.com/products/mltp-renord-complete-family-package-1171600
[2026-06-23T10:11:20Z] #845 attempt=1/2 status=200 0.481s url=https://www.myfonts.com/collections/mltp-renord-font-multype-studio/
[2026-06-23T10:11:21Z] #846 attempt=1/2 status=200 0.317s url=https://www.myfonts.com/products/shree-oriya-0636-complete-family-package-1170905
[2026-06-23T10:11:21Z] #847 attempt=1/2 status=200 0.476s url=https://www.myfonts.com/collections/shree-oriya-0636-font-modularinfotech/
[2026-06-23T10:11:22Z] #848 attempt=1/2 status=200 0.154s url=https://www.myfonts.com/collections/shree-oriya-0636-font-modularinfotech/
[2026-06-23T10:11:22Z] #849 attempt=1/2 status=200 0.329s url=https://www.myfonts.com/products/shree-telugu-2698-complete-family-package-1170605
[2026-06-23T10:11:23Z] #850 attempt=1/2 status=200 0.438s url=https://www.myfonts.com/collections/shree-telugu-2698-font-modularinfotech/
[2026-06-23T10:11:24Z] #851 attempt=1/2 status=200 0.431s url=https://www.myfonts.com/collections/shree-telugu-2698-font-modularinfotech/
[2026-06-23T10:11:24Z] #852 attempt=1/2 status=200 0.337s url=https://www.myfonts.com/products/peakme-script-complete-family-package-1171291
[2026-06-23T10:11:25Z] #853 attempt=1/2 status=200 0.456s url=https://www.myfonts.com/collections/peakme-script-font-letterytz/
[2026-06-23T10:11:26Z] #854 attempt=1/2 status=200 0.415s url=https://www.myfonts.com/products/shree-malayalam-0501-complete-family-package-1170888
[2026-06-23T10:11:27Z] #855 attempt=1/2 status=200 0.560s url=https://www.myfonts.com/collections/shree-malayalam-0501-font-modularinfotech/
[2026-06-23T10:11:27Z] #856 attempt=1/2 status=200 0.362s url=https://www.myfonts.com/products/shree-malayalam-0519-complete-family-package-1171152
[2026-06-23T10:11:28Z] #857 attempt=1/2 status=200 0.387s url=https://www.myfonts.com/collections/shree-malayalam-0519-font-modularinfotech/
[2026-06-23T10:11:28Z] #858 attempt=1/2 status=200 0.155s url=https://www.myfonts.com/collections/shree-malayalam-0519-font-modularinfotech/
[2026-06-23T10:11:29Z] #859 attempt=1/2 status=429 0.034s url=https://www.myfonts.com/products/shree-telugu-2964-complete-family-package-1170402
[2026-06-23T10:11:31Z] #860 attempt=2/2 status=429 0.076s url=https://www.myfonts.com/products/shree-telugu-2964-complete-family-package-1170402
[2026-06-23T10:11:36Z] max_retries_exhausted url=https://www.myfonts.com/products/shree-telugu-2964-complete-family-package-1170402
[2026-06-23T10:11:36Z] #861 attempt=1/2 status=404 0.255s url=https://www.myfonts.com/collections/shree-telugu-2964-font-modular-infotech
[2026-06-23T10:11:37Z] #862 attempt=1/2 status=200 0.493s url=https://www.myfonts.com/products/shree-malayalam-1865-complete-family-package-1171155
[2026-06-23T10:11:38Z] #863 attempt=1/2 status=200 0.472s url=https://www.myfonts.com/collections/shree-malayalam-1865-font-modularinfotech/
[2026-06-23T10:11:38Z] #864 attempt=1/2 status=200 0.144s url=https://www.myfonts.com/collections/shree-malayalam-1865-font-modularinfotech/
[2026-06-23T10:11:39Z] #865 attempt=1/2 status=200 0.372s url=https://www.myfonts.com/products/shree-tamil-1330-complete-family-package-1170340
[2026-06-23T10:11:40Z] #866 attempt=1/2 status=200 0.458s url=https://www.myfonts.com/collections/shree-tamil-1330-font-modularinfotech/
[2026-06-23T10:11:40Z] #867 attempt=1/2 status=200 0.395s url=https://www.myfonts.com/collections/shree-tamil-1330-font-modularinfotech/
[2026-06-23T10:11:41Z] #868 attempt=1/2 status=429 0.040s url=https://www.myfonts.com/products/shree-tamil-2869-complete-family-package-1170845
[2026-06-23T10:11:43Z] #869 attempt=2/2 status=200 0.393s url=https://www.myfonts.com/products/shree-tamil-2869-complete-family-package-1170845
[2026-06-23T10:11:44Z] #870 attempt=1/2 status=200 0.401s url=https://www.myfonts.com/collections/shree-tamil-2869-font-modularinfotech/
[2026-06-23T10:11:44Z] #871 attempt=1/2 status=200 0.134s url=https://www.myfonts.com/collections/shree-tamil-2869-font-modularinfotech/
[2026-06-23T10:11:45Z] #872 attempt=1/2 status=200 0.316s url=https://www.myfonts.com/products/shree-oriya-3052-complete-family-package-1171109
[2026-06-23T10:11:45Z] #873 attempt=1/2 status=200 0.442s url=https://www.myfonts.com/collections/shree-oriya-3052-font-modularinfotech/
[2026-06-23T10:11:46Z] #874 attempt=1/2 status=200 0.149s url=https://www.myfonts.com/collections/shree-oriya-3052-font-modularinfotech/
[2026-06-23T10:11:46Z] #875 attempt=1/2 status=200 0.335s url=https://www.myfonts.com/products/shree-tamil-3889-complete-family-package-1170571
[2026-06-23T10:11:47Z] #876 attempt=1/2 status=429 0.049s url=https://www.myfonts.com/collections/shree-tamil-3889-font-modularinfotech/
[2026-06-23T10:11:50Z] #877 attempt=2/2 status=200 0.596s url=https://www.myfonts.com/collections/shree-tamil-3889-font-modularinfotech/
[2026-06-23T10:11:50Z] #878 attempt=1/2 status=200 0.155s url=https://www.myfonts.com/collections/shree-tamil-3889-font-modularinfotech/
[2026-06-23T10:11:51Z] #879 attempt=1/2 status=200 0.316s url=https://www.myfonts.com/products/shree-malayalam-1824-complete-family-package-1171138
[2026-06-23T10:11:51Z] #880 attempt=1/2 status=200 0.423s url=https://www.myfonts.com/collections/shree-malayalam-1824-font-modularinfotech/
[2026-06-23T10:11:52Z] #881 attempt=1/2 status=200 0.402s url=https://www.myfonts.com/collections/shree-malayalam-1824-font-modularinfotech/
[2026-06-23T10:11:53Z] #882 attempt=1/2 status=200 0.415s url=https://www.myfonts.com/products/shree-tamil-1356-complete-family-package-1170528
[2026-06-23T10:11:53Z] #883 attempt=1/2 status=200 0.421s url=https://www.myfonts.com/collections/shree-tamil-1356-font-modularinfotech/
[2026-06-23T10:11:54Z] #884 attempt=1/2 status=200 0.129s url=https://www.myfonts.com/collections/shree-tamil-1356-font-modularinfotech/
[2026-06-23T10:11:54Z] #885 attempt=1/2 status=429 0.057s url=https://www.myfonts.com/products/shree-telugu-2954-complete-family-package-1170811
[2026-06-23T10:11:57Z] #886 attempt=2/2 status=200 0.373s url=https://www.myfonts.com/products/shree-telugu-2954-complete-family-package-1170811
[2026-06-23T10:11:57Z] #887 attempt=1/2 status=200 0.418s url=https://www.myfonts.com/collections/shree-telugu-2954-font-modularinfotech/
[2026-06-23T10:11:58Z] #888 attempt=1/2 status=200 0.380s url=https://www.myfonts.com/collections/shree-telugu-2954-font-modularinfotech/
[2026-06-23T10:11:59Z] #889 attempt=1/2 status=200 0.426s url=https://www.myfonts.com/products/shree-malayalam-4405-complete-family-package-1171045
[2026-06-23T10:11:59Z] #890 attempt=1/2 status=200 0.389s url=https://www.myfonts.com/collections/shree-malayalam-4405-font-modularinfotech/
[2026-06-23T10:12:00Z] #891 attempt=1/2 status=200 0.429s url=https://www.myfonts.com/collections/shree-malayalam-4405-font-modularinfotech/
[2026-06-23T10:12:01Z] #892 attempt=1/2 status=200 0.438s url=https://www.myfonts.com/products/shree-malayalam-3202-complete-family-package-1171104
[2026-06-23T10:12:01Z] #893 attempt=1/2 status=200 0.477s url=https://www.myfonts.com/collections/shree-malayalam-3202-font-modularinfotech/
[2026-06-23T10:12:02Z] #894 attempt=1/2 status=200 0.489s url=https://www.myfonts.com/collections/shree-malayalam-3202-font-modularinfotech/
[2026-06-23T10:12:02Z] #895 attempt=1/2 status=429 0.041s url=https://www.myfonts.com/products/shree-tamil-3845-complete-family-package-1170399
[2026-06-23T10:12:05Z] #896 attempt=2/2 status=200 0.461s url=https://www.myfonts.com/products/shree-tamil-3845-complete-family-package-1170399
[2026-06-23T10:12:06Z] #897 attempt=1/2 status=200 0.472s url=https://www.myfonts.com/collections/shree-tamil-3845-font-modularinfotech/
[2026-06-23T10:12:07Z] #898 attempt=1/2 status=200 0.564s url=https://www.myfonts.com/collections/shree-tamil-3845-font-modularinfotech/
[2026-06-23T10:12:07Z] #899 attempt=1/2 status=200 0.399s url=https://www.myfonts.com/products/shree-tamil-2821-complete-family-package-1170304
[2026-06-23T10:12:08Z] #900 attempt=1/2 status=200 0.469s url=https://www.myfonts.com/collections/shree-tamil-2821-font-modularinfotech/
[2026-06-23T10:12:09Z] #901 attempt=1/2 status=200 0.304s url=https://www.myfonts.com/products/laminating-complete-family-package-1172050
[2026-06-23T10:12:09Z] #902 attempt=1/2 status=200 0.375s url=https://www.myfonts.com/collections/laminating-font-shape-studio/
[2026-06-23T10:12:10Z] #903 attempt=1/2 status=429 0.031s url=https://www.myfonts.com/products/shree-malayalam-1894-complete-family-package-1171020
[2026-06-23T10:12:12Z] #904 attempt=2/2 status=200 0.423s url=https://www.myfonts.com/products/shree-malayalam-1894-complete-family-package-1171020
[2026-06-23T10:12:13Z] #905 attempt=1/2 status=200 0.489s url=https://www.myfonts.com/collections/shree-malayalam-1894-font-modularinfotech/
[2026-06-23T10:12:14Z] #906 attempt=1/2 status=200 0.461s url=https://www.myfonts.com/collections/shree-malayalam-1894-font-modularinfotech/
[2026-06-23T10:12:14Z] #907 attempt=1/2 status=200 0.386s url=https://www.myfonts.com/products/shree-malayalam-1807-complete-family-package-1171089
[2026-06-23T10:12:15Z] #908 attempt=1/2 status=200 0.451s url=https://www.myfonts.com/collections/shree-malayalam-1807-font-modularinfotech/
[2026-06-23T10:12:16Z] #909 attempt=1/2 status=200 0.549s url=https://www.myfonts.com/collections/shree-malayalam-1807-font-modularinfotech/
[2026-06-23T10:12:16Z] #910 attempt=1/2 status=200 0.400s url=https://www.myfonts.com/products/shree-tamil-3827-complete-family-package-1170562
[2026-06-23T10:12:17Z] #911 attempt=1/2 status=429 0.035s url=https://www.myfonts.com/collections/shree-tamil-3827-font-modularinfotech/
[2026-06-23T10:12:20Z] #912 attempt=2/2 status=200 0.682s url=https://www.myfonts.com/collections/shree-tamil-3827-font-modularinfotech/
[2026-06-23T10:12:20Z] #913 attempt=1/2 status=200 0.441s url=https://www.myfonts.com/collections/shree-tamil-3827-font-modularinfotech/
[2026-06-23T10:12:21Z] #914 attempt=1/2 status=200 0.423s url=https://www.myfonts.com/products/shree-tamil-3942-complete-family-package-1170511
[2026-06-23T10:12:22Z] #915 attempt=1/2 status=200 0.420s url=https://www.myfonts.com/collections/shree-tamil-3942-font-modularinfotech/
[2026-06-23T10:12:22Z] #916 attempt=1/2 status=200 0.187s url=https://www.myfonts.com/collections/shree-tamil-3942-font-modularinfotech/
[2026-06-23T10:12:23Z] #917 attempt=1/2 status=200 0.421s url=https://www.myfonts.com/products/shree-oriya-3029-complete-family-package-1170995
[2026-06-23T10:12:24Z] #918 attempt=1/2 status=200 0.424s url=https://www.myfonts.com/collections/shree-oriya-3029-font-modularinfotech/
[2026-06-23T10:12:24Z] #919 attempt=1/2 status=429 0.045s url=https://www.myfonts.com/collections/shree-oriya-3029-font-modularinfotech/
[2026-06-23T10:12:27Z] #920 attempt=2/2 status=200 0.535s url=https://www.myfonts.com/collections/shree-oriya-3029-font-modularinfotech/
[2026-06-23T10:12:27Z] #921 attempt=1/2 status=200 0.345s url=https://www.myfonts.com/products/shree-tamil-3858-complete-family-package-1170777
[2026-06-23T10:12:28Z] #922 attempt=1/2 status=200 0.440s url=https://www.myfonts.com/collections/shree-tamil-3858-font-modularinfotech/
[2026-06-23T10:12:29Z] #923 attempt=1/2 status=200 0.571s url=https://www.myfonts.com/collections/shree-tamil-3858-font-modularinfotech/
[2026-06-23T10:12:29Z] #924 attempt=1/2 status=200 0.367s url=https://www.myfonts.com/products/shree-malayalam-3294-complete-family-package-1171004
[2026-06-23T10:12:30Z] #925 attempt=1/2 status=200 0.445s url=https://www.myfonts.com/collections/shree-malayalam-3294-font-modularinfotech/
[2026-06-23T10:12:31Z] #926 attempt=1/2 status=200 0.175s url=https://www.myfonts.com/collections/shree-malayalam-3294-font-modularinfotech/
[2026-06-23T10:12:31Z] #927 attempt=1/2 status=200 0.382s url=https://www.myfonts.com/products/shree-tamil-3886-complete-family-package-1170334
[2026-06-23T10:12:32Z] #928 attempt=1/2 status=200 0.492s url=https://www.myfonts.com/collections/shree-tamil-3886-font-modularinfotech/
[2026-06-23T10:12:32Z] #929 attempt=1/2 status=200 0.191s url=https://www.myfonts.com/collections/shree-tamil-3886-font-modularinfotech/
[2026-06-23T10:12:33Z] #930 attempt=1/2 status=200 0.434s url=https://www.myfonts.com/products/florist-perfect-complete-family-package-1170160
[2026-06-23T10:12:34Z] #931 attempt=1/2 status=200 0.451s url=https://www.myfonts.com/collections/florist-perfect-font-nh-typestudio/
[2026-06-23T10:12:34Z] #932 attempt=1/2 status=200 0.402s url=https://www.myfonts.com/products/shree-tamil-3824-complete-family-package-1170799
[2026-06-23T10:12:35Z] #933 attempt=1/2 status=200 0.521s url=https://www.myfonts.com/collections/shree-tamil-3824-font-modularinfotech/
[2026-06-23T10:12:36Z] #934 attempt=1/2 status=200 0.490s url=https://www.myfonts.com/collections/shree-tamil-3824-font-modularinfotech/
[2026-06-23T10:12:37Z] #935 attempt=1/2 status=200 0.367s url=https://www.myfonts.com/products/morvanh-complete-family-package-1171288
[2026-06-23T10:12:37Z] #936 attempt=1/2 status=200 0.376s url=https://www.myfonts.com/collections/morvanh-font-masyafi-studio/
[2026-06-23T10:12:38Z] #937 attempt=1/2 status=200 0.332s url=https://www.myfonts.com/products/shree-malayalam-3293-complete-family-package-1170938
[2026-06-23T10:12:39Z] #938 attempt=1/2 status=200 0.475s url=https://www.myfonts.com/collections/shree-malayalam-3293-font-modularinfotech/
[2026-06-23T10:12:39Z] #939 attempt=1/2 status=200 0.383s url=https://www.myfonts.com/collections/shree-malayalam-3293-font-modularinfotech/
[2026-06-23T10:12:40Z] #940 attempt=1/2 status=200 0.380s url=https://www.myfonts.com/products/shree-tamil-0805-complete-family-package-1170537
[2026-06-23T10:12:41Z] #941 attempt=1/2 status=200 0.465s url=https://www.myfonts.com/collections/shree-tamil-0805-font-modularinfotech/
[2026-06-23T10:12:41Z] #942 attempt=1/2 status=200 0.429s url=https://www.myfonts.com/collections/shree-tamil-0805-font-modularinfotech/
[2026-06-23T10:12:42Z] #943 attempt=1/2 status=200 0.390s url=https://www.myfonts.com/products/shree-tamil-2814-complete-family-package-1170759
[2026-06-23T10:12:43Z] #944 attempt=1/2 status=200 0.452s url=https://www.myfonts.com/collections/shree-tamil-2814-font-modularinfotech/
[2026-06-23T10:12:43Z] #945 attempt=1/2 status=200 0.509s url=https://www.myfonts.com/collections/shree-tamil-2814-font-modularinfotech/
[2026-06-23T10:12:44Z] #946 attempt=1/2 status=200 0.326s url=https://www.myfonts.com/products/shree-tamil-3969-complete-family-package-1170477
[2026-06-23T10:12:45Z] #947 attempt=1/2 status=200 0.433s url=https://www.myfonts.com/collections/shree-tamil-3969-font-modularinfotech/
[2026-06-23T10:12:45Z] #948 attempt=1/2 status=200 0.319s url=https://www.myfonts.com/products/shree-tamil-3860-complete-family-package-1170756
[2026-06-23T10:12:47Z] #949 attempt=1/2 status=200 1.113s url=https://www.myfonts.com/collections/shree-tamil-3860-font-modularinfotech/
[2026-06-23T10:12:47Z] #950 attempt=1/2 status=200 0.160s url=https://www.myfonts.com/collections/shree-tamil-3860-font-modularinfotech/
[2026-06-23T10:12:48Z] #951 attempt=1/2 status=200 0.320s url=https://www.myfonts.com/products/shree-telugu-2957-complete-family-package-1170692
[2026-06-23T10:12:48Z] #952 attempt=1/2 status=200 0.415s url=https://www.myfonts.com/collections/shree-telugu-2957-font-modularinfotech/
[2026-06-23T10:12:49Z] #953 attempt=1/2 status=200 0.422s url=https://www.myfonts.com/collections/shree-telugu-2957-font-modularinfotech/
[2026-06-23T10:12:50Z] #954 attempt=1/2 status=200 0.360s url=https://www.myfonts.com/products/shree-tamil-3837-complete-family-package-1170405
[2026-06-23T10:12:50Z] #955 attempt=1/2 status=429 0.065s url=https://www.myfonts.com/collections/shree-tamil-3837-font-modularinfotech/
[2026-06-23T10:12:52Z] #956 attempt=2/2 status=429 0.098s url=https://www.myfonts.com/collections/shree-tamil-3837-font-modularinfotech/
[2026-06-23T10:12:57Z] max_retries_exhausted url=https://www.myfonts.com/collections/shree-tamil-3837-font-modularinfotech/
[2026-06-23T10:12:58Z] #957 attempt=1/2 status=429 0.144s url=https://www.myfonts.com/collections/shree-tamil-3837-font-modular-infotech
[2026-06-23T10:13:00Z] #958 attempt=2/2 status=404 0.235s url=https://www.myfonts.com/collections/shree-tamil-3837-font-modular-infotech
[2026-06-23T10:13:00Z] #959 attempt=1/2 status=429 0.080s url=https://www.myfonts.com/products/shree-tamil-1313-complete-family-package-1170443
[2026-06-23T10:13:03Z] #960 attempt=2/2 status=200 0.426s url=https://www.myfonts.com/products/shree-tamil-1313-complete-family-package-1170443
[2026-06-23T10:13:04Z] #961 attempt=1/2 status=200 0.559s url=https://www.myfonts.com/collections/shree-tamil-1313-font-modularinfotech/
[2026-06-23T10:13:04Z] #962 attempt=1/2 status=200 0.142s url=https://www.myfonts.com/collections/shree-tamil-1313-font-modularinfotech/
[2026-06-23T10:13:05Z] #963 attempt=1/2 status=200 0.340s url=https://www.myfonts.com/products/shree-malayalam-4402-complete-family-package-1171184
[2026-06-23T10:13:06Z] #964 attempt=1/2 status=200 0.520s url=https://www.myfonts.com/collections/shree-malayalam-4402-font-modularinfotech/
[2026-06-23T10:13:06Z] #965 attempt=1/2 status=200 0.350s url=https://www.myfonts.com/collections/shree-malayalam-4402-font-modularinfotech/
[2026-06-23T10:13:06Z] #966 attempt=1/2 status=429 0.029s url=https://www.myfonts.com/products/shree-telugu-2968-complete-family-package-1170731
[2026-06-23T10:13:09Z] #967 attempt=2/2 status=200 0.324s url=https://www.myfonts.com/products/shree-telugu-2968-complete-family-package-1170731
[2026-06-23T10:13:10Z] #968 attempt=1/2 status=200 0.433s url=https://www.myfonts.com/collections/shree-telugu-2968-font-modularinfotech/
[2026-06-23T10:13:10Z] #969 attempt=1/2 status=200 0.548s url=https://www.myfonts.com/collections/shree-telugu-2968-font-modularinfotech/
[2026-06-23T10:13:11Z] #970 attempt=1/2 status=200 0.333s url=https://www.myfonts.com/products/shree-tamil-0804-complete-family-package-1170742
[2026-06-23T10:13:12Z] #971 attempt=1/2 status=200 0.480s url=https://www.myfonts.com/collections/shree-tamil-0804-font-modularinfotech/
[2026-06-23T10:13:13Z] #972 attempt=1/2 status=200 0.445s url=https://www.myfonts.com/collections/shree-tamil-0804-font-modularinfotech/
[2026-06-23T10:13:14Z] #973 attempt=1/6 status=200 1.098s url=https://www.myfonts.com/products.json?limit=100&page=13
[2026-06-23T10:13:15Z] #974 attempt=1/2 status=200 0.374s url=https://www.myfonts.com/products/shree-tamil-0823-complete-family-package-1170611
[2026-06-23T10:13:15Z] #975 attempt=1/2 status=200 0.413s url=https://www.myfonts.com/collections/shree-tamil-0823-font-modularinfotech/
[2026-06-23T10:13:16Z] #976 attempt=1/2 status=200 0.130s url=https://www.myfonts.com/collections/shree-tamil-0823-font-modularinfotech/
[2026-06-23T10:13:16Z] #977 attempt=1/2 status=429 0.047s url=https://www.myfonts.com/products/shree-malayalam-3298-complete-family-package-1171217
[2026-06-23T10:13:19Z] #978 attempt=2/2 status=200 0.380s url=https://www.myfonts.com/products/shree-malayalam-3298-complete-family-package-1171217
[2026-06-23T10:13:19Z] #979 attempt=1/2 status=200 0.407s url=https://www.myfonts.com/collections/shree-malayalam-3298-font-modularinfotech/
[2026-06-23T10:13:20Z] #980 attempt=1/2 status=200 0.399s url=https://www.myfonts.com/collections/shree-malayalam-3298-font-modularinfotech/
[2026-06-23T10:13:21Z] #981 attempt=1/2 status=200 0.307s url=https://www.myfonts.com/products/shree-telugu-1660-complete-family-package-1170695
[2026-06-23T10:13:21Z] #982 attempt=1/2 status=200 0.382s url=https://www.myfonts.com/collections/shree-telugu-1660-font-modularinfotech/
[2026-06-23T10:13:22Z] #983 attempt=1/2 status=200 0.437s url=https://www.myfonts.com/collections/shree-telugu-1660-font-modularinfotech/
[2026-06-23T10:13:22Z] #984 attempt=1/2 status=429 0.047s url=https://www.myfonts.com/products/shree-tamil-1351-complete-family-package-1170426
[2026-06-23T10:13:25Z] #985 attempt=2/2 status=200 0.390s url=https://www.myfonts.com/products/shree-tamil-1351-complete-family-package-1170426
[2026-06-23T10:13:26Z] #986 attempt=1/2 status=200 0.461s url=https://www.myfonts.com/collections/shree-tamil-1351-font-modularinfotech/
[2026-06-23T10:13:26Z] #987 attempt=1/2 status=200 0.157s url=https://www.myfonts.com/collections/shree-tamil-1351-font-modularinfotech/
[2026-06-23T10:13:27Z] #988 attempt=1/2 status=200 0.310s url=https://www.myfonts.com/products/shree-malayalam-1875-complete-family-package-1171120
[2026-06-23T10:13:27Z] #989 attempt=1/2 status=200 0.396s url=https://www.myfonts.com/collections/shree-malayalam-1875-font-modularinfotech/
[2026-06-23T10:13:28Z] #990 attempt=1/2 status=200 0.430s url=https://www.myfonts.com/collections/shree-malayalam-1875-font-modularinfotech/
[2026-06-23T10:13:28Z] #991 attempt=1/2 status=429 0.047s url=https://www.myfonts.com/products/shree-tamil-3847-complete-family-package-1170674
[2026-06-23T10:13:31Z] #992 attempt=2/2 status=200 0.379s url=https://www.myfonts.com/products/shree-tamil-3847-complete-family-package-1170674
[2026-06-23T10:13:32Z] #993 attempt=1/2 status=200 0.453s url=https://www.myfonts.com/collections/shree-tamil-3847-font-modularinfotech/
[2026-06-23T10:13:32Z] #994 attempt=1/2 status=200 0.442s url=https://www.myfonts.com/collections/shree-tamil-3847-font-modularinfotech/
[2026-06-23T10:13:33Z] #995 attempt=1/2 status=200 0.448s url=https://www.myfonts.com/products/ferom-complete-family-package-1170147
[2026-06-23T10:13:34Z] #996 attempt=1/2 status=200 0.593s url=https://www.myfonts.com/collections/ferom-font-vuuuds/
[2026-06-23T10:13:35Z] #997 attempt=1/2 status=200 0.362s url=https://www.myfonts.com/products/shree-tamil-3896-complete-family-package-1170713
[2026-06-23T10:13:35Z] #998 attempt=1/2 status=200 0.394s url=https://www.myfonts.com/collections/shree-tamil-3896-font-modularinfotech/
[2026-06-23T10:13:36Z] #999 attempt=1/2 status=200 0.461s url=https://www.myfonts.com/collections/shree-tamil-3896-font-modularinfotech/
[2026-06-23T10:13:37Z] #1000 attempt=1/2 status=200 0.357s url=https://www.myfonts.com/products/shree-telugu-2658-complete-family-package-1170608
[2026-06-23T10:13:37Z] #1001 attempt=1/2 status=200 0.445s url=https://www.myfonts.com/collections/shree-telugu-2658-font-modularinfotech/
[2026-06-23T10:13:38Z] #1002 attempt=1/2 status=200 0.423s url=https://www.myfonts.com/collections/shree-telugu-2658-font-modularinfotech/
[2026-06-23T10:13:39Z] #1003 attempt=1/2 status=200 0.329s url=https://www.myfonts.com/products/shree-tamil-2852-complete-family-package-1170396
[2026-06-23T10:13:39Z] #1004 attempt=1/2 status=200 0.414s url=https://www.myfonts.com/collections/shree-tamil-2852-font-modularinfotech/
[2026-06-23T10:13:40Z] #1005 attempt=1/2 status=200 0.426s url=https://www.myfonts.com/collections/shree-tamil-2852-font-modularinfotech/
[2026-06-23T10:13:40Z] #1006 attempt=1/2 status=200 0.376s url=https://www.myfonts.com/products/shree-tamil-2872-complete-family-package-1170559
[2026-06-23T10:13:41Z] #1007 attempt=1/2 status=200 0.415s url=https://www.myfonts.com/collections/shree-tamil-2872-font-modularinfotech/
[2026-06-23T10:13:42Z] #1008 attempt=1/2 status=200 0.163s url=https://www.myfonts.com/collections/shree-tamil-2872-font-modularinfotech/
[2026-06-23T10:13:42Z] #1009 attempt=1/2 status=200 0.385s url=https://www.myfonts.com/products/shree-telugu-4737-complete-family-package-1170663
[2026-06-23T10:13:43Z] #1010 attempt=1/2 status=200 0.451s url=https://www.myfonts.com/collections/shree-telugu-4737-font-modularinfotech/
[2026-06-23T10:13:43Z] #1011 attempt=1/2 status=200 0.158s url=https://www.myfonts.com/collections/shree-telugu-4737-font-modularinfotech/
[2026-06-23T10:13:44Z] #1012 attempt=1/2 status=200 0.333s url=https://www.myfonts.com/products/shree-tamil-3908-complete-family-package-1170411
[2026-06-23T10:13:45Z] #1013 attempt=1/2 status=200 0.398s url=https://www.myfonts.com/collections/shree-tamil-3908-font-modularinfotech/
[2026-06-23T10:13:45Z] #1014 attempt=1/2 status=200 0.420s url=https://www.myfonts.com/collections/shree-tamil-3908-font-modularinfotech/
[2026-06-23T10:13:46Z] #1015 attempt=1/2 status=200 0.350s url=https://www.myfonts.com/products/shree-malayalam-4406-complete-family-package-1171083
[2026-06-23T10:13:47Z] #1016 attempt=1/2 status=200 0.482s url=https://www.myfonts.com/collections/shree-malayalam-4406-font-modularinfotech/
[2026-06-23T10:13:47Z] #1017 attempt=1/2 status=200 0.456s url=https://www.myfonts.com/collections/shree-malayalam-4406-font-modularinfotech/
[2026-06-23T10:13:48Z] #1018 attempt=1/2 status=200 0.413s url=https://www.myfonts.com/products/fancro-mono-complete-family-package-1171544
[2026-06-23T10:13:49Z] #1019 attempt=1/2 status=200 0.496s url=https://www.myfonts.com/collections/fancro-mono-font-mooneseye-studio/
[2026-06-23T10:13:50Z] #1020 attempt=1/2 status=200 0.358s url=https://www.myfonts.com/products/shree-telugu-2962-complete-family-package-1170542
[2026-06-23T10:13:50Z] #1021 attempt=1/2 status=200 0.354s url=https://www.myfonts.com/collections/shree-telugu-2962-font-modularinfotech/
[2026-06-23T10:13:51Z] #1022 attempt=1/2 status=200 0.404s url=https://www.myfonts.com/collections/shree-telugu-2962-font-modularinfotech/
[2026-06-23T10:13:51Z] #1023 attempt=1/2 status=200 0.425s url=https://www.myfonts.com/products/shree-tamil-3839-complete-family-package-1170624
[2026-06-23T10:13:52Z] #1024 attempt=1/2 status=200 0.477s url=https://www.myfonts.com/collections/shree-tamil-3839-font-modularinfotech/
[2026-06-23T10:13:53Z] #1025 attempt=1/2 status=200 0.427s url=https://www.myfonts.com/collections/shree-tamil-3839-font-modularinfotech/
[2026-06-23T10:13:53Z] #1026 attempt=1/2 status=200 0.341s url=https://www.myfonts.com/products/shree-malayalam-4401-complete-family-package-1171095
[2026-06-23T10:13:54Z] #1027 attempt=1/2 status=200 0.432s url=https://www.myfonts.com/collections/shree-malayalam-4401-font-modularinfotech/
[2026-06-23T10:13:55Z] #1028 attempt=1/2 status=200 0.463s url=https://www.myfonts.com/collections/shree-malayalam-4401-font-modularinfotech/
[2026-06-23T10:13:56Z] #1029 attempt=1/2 status=200 0.453s url=https://www.myfonts.com/products/elementary-expanded-package-1171287
[2026-06-23T10:13:56Z] #1030 attempt=1/2 status=200 0.544s url=https://www.myfonts.com/collections/avenyx-expand-font-aronetiv/
[2026-06-23T10:13:57Z] #1031 attempt=1/2 status=200 0.391s url=https://www.myfonts.com/products/shree-tamil-1360-complete-family-package-1170371
[2026-06-23T10:13:58Z] #1032 attempt=1/2 status=200 0.447s url=https://www.myfonts.com/collections/shree-tamil-1360-font-modularinfotech/
[2026-06-23T10:13:58Z] #1033 attempt=1/2 status=200 0.362s url=https://www.myfonts.com/products/shree-telugu-2963-complete-family-package-1170508
[2026-06-23T10:13:59Z] #1034 attempt=1/2 status=200 0.429s url=https://www.myfonts.com/collections/shree-telugu-2963-font-modularinfotech/
[2026-06-23T10:14:00Z] #1035 attempt=1/2 status=200 0.182s url=https://www.myfonts.com/collections/shree-telugu-2963-font-modularinfotech/
[2026-06-23T10:14:00Z] #1036 attempt=1/2 status=200 0.423s url=https://www.myfonts.com/products/shree-telugu-1624-complete-family-package-1170531
[2026-06-23T10:14:01Z] #1037 attempt=1/2 status=200 0.479s url=https://www.myfonts.com/collections/shree-telugu-1624-font-modularinfotech/
[2026-06-23T10:14:02Z] #1038 attempt=1/2 status=200 0.457s url=https://www.myfonts.com/collections/shree-telugu-1624-font-modularinfotech/
[2026-06-23T10:14:02Z] #1039 attempt=1/2 status=200 0.418s url=https://www.myfonts.com/products/shree-tamil-5455-complete-family-package-1170360
[2026-06-23T10:14:03Z] #1040 attempt=1/2 status=200 0.445s url=https://www.myfonts.com/collections/shree-tamil-5455-font-modularinfotech/
[2026-06-23T10:14:04Z] #1041 attempt=1/2 status=200 0.341s url=https://www.myfonts.com/products/shree-malayalam-1896-complete-family-package-1171010
[2026-06-23T10:14:04Z] #1042 attempt=1/2 status=200 0.455s url=https://www.myfonts.com/collections/shree-malayalam-1896-font-modularinfotech/
[2026-06-23T10:14:05Z] #1043 attempt=1/2 status=200 0.445s url=https://www.myfonts.com/collections/shree-malayalam-1896-font-modularinfotech/
[2026-06-23T10:14:06Z] #1044 attempt=1/2 status=200 0.345s url=https://www.myfonts.com/products/shree-malayalam-1871-complete-family-package-1171160
[2026-06-23T10:14:07Z] #1045 attempt=1/2 status=200 0.555s url=https://www.myfonts.com/collections/shree-malayalam-1871-font-modularinfotech/
[2026-06-23T10:14:07Z] #1046 attempt=1/2 status=200 0.161s url=https://www.myfonts.com/collections/shree-malayalam-1871-font-modularinfotech/
[2026-06-23T10:14:08Z] #1047 attempt=1/2 status=200 0.378s url=https://www.myfonts.com/products/shree-tamil-2847-complete-family-package-1170459
[2026-06-23T10:14:08Z] #1048 attempt=1/2 status=200 0.477s url=https://www.myfonts.com/collections/shree-tamil-2847-font-modularinfotech/
[2026-06-23T10:14:09Z] #1049 attempt=1/2 status=200 0.385s url=https://www.myfonts.com/collections/shree-tamil-2847-font-modularinfotech/
[2026-06-23T10:14:10Z] #1050 attempt=1/2 status=200 0.412s url=https://www.myfonts.com/products/shree-telugu-1670-complete-family-package-1170474
[2026-06-23T10:14:11Z] #1051 attempt=1/2 status=200 0.499s url=https://www.myfonts.com/collections/shree-telugu-1670-font-modularinfotech/
[2026-06-23T10:14:11Z] #1052 attempt=1/2 status=200 0.504s url=https://www.myfonts.com/collections/shree-telugu-1670-font-modularinfotech/
[2026-06-23T10:14:12Z] #1053 attempt=1/2 status=200 0.339s url=https://www.myfonts.com/products/shree-oriya-3058-complete-family-package-1170984
[2026-06-23T10:14:13Z] #1054 attempt=1/2 status=200 0.433s url=https://www.myfonts.com/collections/shree-oriya-3058-font-modularinfotech/
[2026-06-23T10:14:13Z] #1055 attempt=1/2 status=200 0.467s url=https://www.myfonts.com/collections/shree-oriya-3058-font-modularinfotech/
[2026-06-23T10:14:14Z] #1056 attempt=1/2 status=200 0.426s url=https://www.myfonts.com/products/shree-oriya-3023-complete-family-package-1171135
[2026-06-23T10:14:15Z] #1057 attempt=1/2 status=200 0.421s url=https://www.myfonts.com/collections/shree-oriya-3023-font-modularinfotech/
[2026-06-23T10:14:15Z] #1058 attempt=1/2 status=200 0.463s url=https://www.myfonts.com/collections/shree-oriya-3023-font-modularinfotech/
[2026-06-23T10:14:16Z] #1059 attempt=1/2 status=200 0.386s url=https://www.myfonts.com/products/shree-malayalam-0523-complete-family-package-1170953
[2026-06-23T10:14:17Z] #1060 attempt=1/2 status=200 0.565s url=https://www.myfonts.com/collections/shree-malayalam-0523-font-modularinfotech/
[2026-06-23T10:14:18Z] #1061 attempt=1/2 status=200 0.363s url=https://www.myfonts.com/products/shree-tamil-2874-complete-family-package-1170420
[2026-06-23T10:14:18Z] #1062 attempt=1/2 status=200 0.380s url=https://www.myfonts.com/collections/shree-tamil-2874-font-modularinfotech/
[2026-06-23T10:14:19Z] #1063 attempt=1/2 status=200 0.412s url=https://www.myfonts.com/collections/shree-tamil-2874-font-modularinfotech/
[2026-06-23T10:14:19Z] #1064 attempt=1/2 status=200 0.329s url=https://www.myfonts.com/products/shree-tamil-2853-complete-family-package-1170408
[2026-06-23T10:14:20Z] #1065 attempt=1/2 status=200 0.472s url=https://www.myfonts.com/collections/shree-tamil-2853-font-modularinfotech/
[2026-06-23T10:14:21Z] #1066 attempt=1/2 status=200 0.414s url=https://www.myfonts.com/collections/shree-tamil-2853-font-modularinfotech/
[2026-06-23T10:14:21Z] #1067 attempt=1/2 status=200 0.324s url=https://www.myfonts.com/products/shree-telugu-2950-complete-family-package-1170343
[2026-06-23T10:14:22Z] #1068 attempt=1/2 status=429 0.062s url=https://www.myfonts.com/collections/shree-telugu-2950-font-modularinfotech/
[2026-06-23T10:14:24Z] #1069 attempt=2/2 status=429 0.098s url=https://www.myfonts.com/collections/shree-telugu-2950-font-modularinfotech/
[2026-06-23T10:14:29Z] max_retries_exhausted url=https://www.myfonts.com/collections/shree-telugu-2950-font-modularinfotech/
[2026-06-23T10:14:29Z] #1070 attempt=1/2 status=429 0.182s url=https://www.myfonts.com/collections/shree-telugu-2950-font-modular-infotech
[2026-06-23T10:14:32Z] #1071 attempt=2/2 status=404 0.315s url=https://www.myfonts.com/collections/shree-telugu-2950-font-modular-infotech
[2026-06-23T10:14:32Z] #1072 attempt=1/2 status=200 0.316s url=https://www.myfonts.com/products/shree-tamil-5430-complete-family-package-1170337
[2026-06-23T10:14:33Z] #1073 attempt=1/2 status=200 0.592s url=https://www.myfonts.com/collections/shree-tam5430-font-modularinfotech/
[2026-06-23T10:14:34Z] #1074 attempt=1/2 status=200 0.336s url=https://www.myfonts.com/products/shree-malayalam-3299-complete-family-package-1171126
[2026-06-23T10:14:35Z] #1075 attempt=1/2 status=200 0.567s url=https://www.myfonts.com/collections/shree-malayalam-3299-font-modularinfotech/
[2026-06-23T10:14:35Z] #1076 attempt=1/2 status=200 0.217s url=https://www.myfonts.com/collections/shree-malayalam-3299-font-modularinfotech/
[2026-06-23T10:14:36Z] #1077 attempt=1/2 status=200 0.341s url=https://www.myfonts.com/products/shree-tamil-3833-complete-family-package-1170393
[2026-06-23T10:14:37Z] #1078 attempt=1/2 status=200 0.555s url=https://www.myfonts.com/collections/shree-tamil-3833-font-modularinfotech/
[2026-06-23T10:14:38Z] #1079 attempt=1/2 status=200 0.611s url=https://www.myfonts.com/collections/shree-tamil-3833-font-modularinfotech/
[2026-06-23T10:14:38Z] #1080 attempt=1/2 status=200 0.480s url=https://www.myfonts.com/products/shree-tamil-3829-complete-family-package-1170381
[2026-06-23T10:14:39Z] #1081 attempt=1/2 status=200 0.456s url=https://www.myfonts.com/collections/shree-tamil-3829-font-modularinfotech/
[2026-06-23T10:14:39Z] #1082 attempt=1/2 status=200 0.176s url=https://www.myfonts.com/collections/shree-tamil-3829-font-modularinfotech/
[2026-06-23T10:14:40Z] #1083 attempt=1/2 status=200 0.350s url=https://www.myfonts.com/products/shree-oriya-3026-complete-family-package-1170966
[2026-06-23T10:14:41Z] #1084 attempt=1/2 status=200 0.427s url=https://www.myfonts.com/collections/shree-oriya-3026-font-modularinfotech/
[2026-06-23T10:14:41Z] #1085 attempt=1/2 status=429 0.046s url=https://www.myfonts.com/collections/shree-oriya-3026-font-modularinfotech/
[2026-06-23T10:14:43Z] #1086 attempt=2/2 status=429 0.075s url=https://www.myfonts.com/collections/shree-oriya-3026-font-modularinfotech/
[2026-06-23T10:14:48Z] max_retries_exhausted url=https://www.myfonts.com/collections/shree-oriya-3026-font-modularinfotech/
[2026-06-23T10:14:49Z] #1087 attempt=1/2 status=200 0.415s url=https://www.myfonts.com/products/shree-malayalam-1857-complete-family-package-1171101
[2026-06-23T10:14:50Z] #1088 attempt=1/2 status=200 0.391s url=https://www.myfonts.com/collections/shree-malayalam-1857-font-modularinfotech/
[2026-06-23T10:14:50Z] #1089 attempt=1/2 status=200 0.418s url=https://www.myfonts.com/collections/shree-malayalam-1857-font-modularinfotech/
[2026-06-23T10:14:51Z] #1090 attempt=1/2 status=200 0.319s url=https://www.myfonts.com/products/shree-malayalam-3297-complete-family-package-1170919
[2026-06-23T10:14:52Z] #1091 attempt=1/2 status=200 0.684s url=https://www.myfonts.com/collections/shree-malayalam-3297-font-modularinfotech/
[2026-06-23T10:14:52Z] #1092 attempt=1/2 status=200 0.379s url=https://www.myfonts.com/collections/shree-malayalam-3297-font-modularinfotech/
[2026-06-23T10:14:53Z] #1093 attempt=1/2 status=200 0.470s url=https://www.myfonts.com/products/bowleg-complete-family-package-1171275
[2026-06-23T10:14:54Z] #1094 attempt=1/2 status=200 0.446s url=https://www.myfonts.com/collections/bowleg-font-graptail/
[2026-06-23T10:14:55Z] #1095 attempt=1/2 status=200 0.509s url=https://www.myfonts.com/products/shree-telugu-1608-complete-family-package-1170378
[2026-06-23T10:14:55Z] #1096 attempt=1/2 status=200 0.473s url=https://www.myfonts.com/collections/shree-telugu-1608-font-modularinfotech/
[2026-06-23T10:14:56Z] #1097 attempt=1/2 status=200 0.486s url=https://www.myfonts.com/collections/shree-telugu-1608-font-modularinfotech/
[2026-06-23T10:14:56Z] #1098 attempt=1/2 status=429 0.035s url=https://www.myfonts.com/products/shree-tamil-3856-complete-family-package-1170313
[2026-06-23T10:14:59Z] #1099 attempt=2/2 status=200 0.491s url=https://www.myfonts.com/products/shree-tamil-3856-complete-family-package-1170313
[2026-06-23T10:15:00Z] #1100 attempt=1/2 status=200 0.534s url=https://www.myfonts.com/collections/shree-tamil-3856-font-modularinfotech/
[2026-06-23T10:15:01Z] #1101 attempt=1/2 status=200 0.417s url=https://www.myfonts.com/collections/shree-tamil-3856-font-modularinfotech/
[2026-06-23T10:15:01Z] #1102 attempt=1/2 status=200 0.336s url=https://www.myfonts.com/products/shree-malayalam-3252-complete-family-package-1171149
[2026-06-23T10:15:01Z] #1103 attempt=1/2 status=429 0.045s url=https://www.myfonts.com/collections/shree-malayalam-3252-font-modularinfotech/
[2026-06-23T10:15:04Z] #1104 attempt=2/2 status=200 0.561s url=https://www.myfonts.com/collections/shree-malayalam-3252-font-modularinfotech/
[2026-06-23T10:15:05Z] #1105 attempt=1/2 status=200 0.410s url=https://www.myfonts.com/collections/shree-malayalam-3252-font-modularinfotech/
[2026-06-23T10:15:06Z] #1106 attempt=1/2 status=200 0.333s url=https://www.myfonts.com/products/shree-malayalam-4414-complete-family-package-1170910
[2026-06-23T10:15:06Z] #1107 attempt=1/2 status=200 0.438s url=https://www.myfonts.com/collections/shree-malayalam-4414-font-modularinfotech/
[2026-06-23T10:15:07Z] #1108 attempt=1/2 status=200 0.179s url=https://www.myfonts.com/collections/shree-malayalam-4414-font-modularinfotech/
[2026-06-23T10:15:07Z] #1109 attempt=1/2 status=200 0.372s url=https://www.myfonts.com/products/shree-malayalam-3260-complete-family-package-1171187
[2026-06-23T10:15:08Z] #1110 attempt=1/2 status=200 0.569s url=https://www.myfonts.com/collections/shree-malayalam-3260-font-modularinfotech/
[2026-06-23T10:15:09Z] #1111 attempt=1/2 status=200 0.409s url=https://www.myfonts.com/collections/shree-malayalam-3260-font-modularinfotech/
[2026-06-23T10:15:09Z] #1112 attempt=1/2 status=200 0.342s url=https://www.myfonts.com/products/washi-brush-complete-family-package-1171259
[2026-06-23T10:15:10Z] #1113 attempt=1/2 status=200 0.405s url=https://www.myfonts.com/collections/washi-brush-font-letterytz/
[2026-06-23T10:15:11Z] #1114 attempt=1/2 status=200 0.352s url=https://www.myfonts.com/products/shree-malayalam-3210-complete-family-package-1171092
[2026-06-23T10:15:11Z] #1115 attempt=1/2 status=200 0.422s url=https://www.myfonts.com/collections/shree-malayalam-3210-font-modularinfotech/
[2026-06-23T10:15:12Z] #1116 attempt=1/2 status=200 0.446s url=https://www.myfonts.com/collections/shree-malayalam-3210-font-modularinfotech/
[2026-06-23T10:15:13Z] #1117 attempt=1/2 status=200 0.353s url=https://www.myfonts.com/products/shree-malayalam-3216-complete-family-package-1171214
[2026-06-23T10:15:13Z] #1118 attempt=1/2 status=200 0.517s url=https://www.myfonts.com/collections/shree-malayalam-3216-font-modularinfotech/
[2026-06-23T10:15:14Z] #1119 attempt=1/2 status=200 0.393s url=https://www.myfonts.com/collections/shree-malayalam-3216-font-modularinfotech/
[2026-06-23T10:15:15Z] #1120 attempt=1/2 status=200 0.343s url=https://www.myfonts.com/products/shree-oriya-3041-complete-family-package-1170876
[2026-06-23T10:15:15Z] #1121 attempt=1/2 status=200 0.418s url=https://www.myfonts.com/collections/shree-oriya-3041-font-modularinfotech/
[2026-06-23T10:15:16Z] #1122 attempt=1/2 status=429 0.049s url=https://www.myfonts.com/collections/shree-oriya-3041-font-modularinfotech/
[2026-06-23T10:15:18Z] #1123 attempt=2/2 status=429 0.066s url=https://www.myfonts.com/collections/shree-oriya-3041-font-modularinfotech/
[2026-06-23T10:15:23Z] max_retries_exhausted url=https://www.myfonts.com/collections/shree-oriya-3041-font-modularinfotech/
[2026-06-23T10:15:24Z] #1124 attempt=1/2 status=200 0.433s url=https://www.myfonts.com/products/shree-malayalam-4400-complete-family-package-1171033
[2026-06-23T10:15:24Z] #1125 attempt=1/2 status=200 0.406s url=https://www.myfonts.com/collections/shree-malayalam-4400-font-modularinfotech/
[2026-06-23T10:15:25Z] #1126 attempt=1/2 status=200 0.391s url=https://www.myfonts.com/collections/shree-malayalam-4400-font-modularinfotech/
[2026-06-23T10:15:26Z] #1127 attempt=1/2 status=200 0.384s url=https://www.myfonts.com/products/mokoro-sermon-complete-family-package-1161815
[2026-06-23T10:15:26Z] #1128 attempt=1/2 status=200 0.551s url=https://www.myfonts.com/collections/mokoro-sermon-font-mans-greback/
[2026-06-23T10:15:27Z] #1129 attempt=1/2 status=200 0.336s url=https://www.myfonts.com/products/sencor-complete-family-package-1172053
[2026-06-23T10:15:28Z] #1130 attempt=1/2 status=200 0.432s url=https://www.myfonts.com/collections/sencor-font-font-liner/
[2026-06-23T10:15:28Z] #1131 attempt=1/2 status=200 0.354s url=https://www.myfonts.com/products/shree-malayalam-4415-complete-family-package-1171196
[2026-06-23T10:15:29Z] #1132 attempt=1/2 status=200 0.413s url=https://www.myfonts.com/collections/shree-malayalam-4415-font-modularinfotech/
[2026-06-23T10:15:30Z] #1133 attempt=1/2 status=200 0.414s url=https://www.myfonts.com/collections/shree-malayalam-4415-font-modularinfotech/
[2026-06-23T10:15:30Z] #1134 attempt=1/2 status=200 0.346s url=https://www.myfonts.com/products/shree-malayalam-1876-complete-family-package-1171028
[2026-06-23T10:15:31Z] #1135 attempt=1/2 status=200 0.426s url=https://www.myfonts.com/collections/shree-malayalam-1876-font-modularinfotech/
[2026-06-23T10:15:32Z] #1136 attempt=1/2 status=200 0.495s url=https://www.myfonts.com/collections/shree-malayalam-1876-font-modularinfotech/
[2026-06-23T10:15:32Z] #1137 attempt=1/2 status=200 0.395s url=https://www.myfonts.com/products/shree-telugu-4733-complete-family-package-1170857
[2026-06-23T10:15:33Z] #1138 attempt=1/2 status=200 0.595s url=https://www.myfonts.com/collections/shree-telugu-4733-font-modularinfotech/
[2026-06-23T10:15:34Z] #1139 attempt=1/2 status=200 0.475s url=https://www.myfonts.com/collections/shree-telugu-4733-font-modularinfotech/
[2026-06-23T10:15:35Z] #1140 attempt=1/2 status=200 0.426s url=https://www.myfonts.com/products/shree-malayalam-3267-complete-family-package-1171146
[2026-06-23T10:15:35Z] #1141 attempt=1/2 status=200 0.403s url=https://www.myfonts.com/collections/shree-malayalam-3267-font-modularinfotech/
[2026-06-23T10:15:36Z] #1142 attempt=1/2 status=200 0.454s url=https://www.myfonts.com/collections/shree-malayalam-3267-font-modularinfotech/
[2026-06-23T10:15:37Z] #1143 attempt=1/2 status=200 0.375s url=https://www.myfonts.com/products/valeysoul-complete-family-package-1171351
[2026-06-23T10:15:37Z] #1144 attempt=1/2 status=200 0.417s url=https://www.myfonts.com/collections/valeysoul-font-tini-fitriani/
[2026-06-23T10:15:38Z] #1145 attempt=1/2 status=429 0.038s url=https://www.myfonts.com/products/shree-malayalam-4409-complete-family-package-1171165
[2026-06-23T10:15:40Z] #1146 attempt=2/2 status=429 0.069s url=https://www.myfonts.com/products/shree-malayalam-4409-complete-family-package-1171165
[2026-06-23T10:15:45Z] max_retries_exhausted url=https://www.myfonts.com/products/shree-malayalam-4409-complete-family-package-1171165
[2026-06-23T10:15:45Z] #1147 attempt=1/2 status=404 0.194s url=https://www.myfonts.com/collections/shree-malayalam-4409-font-modular-infotech
[2026-06-23T10:15:46Z] #1148 attempt=1/2 status=200 0.324s url=https://www.myfonts.com/products/shree-malayalam-4430-complete-family-package-1170969
[2026-06-23T10:15:47Z] #1149 attempt=1/2 status=200 0.428s url=https://www.myfonts.com/collections/shree-malayalam-4430-font-modularinfotech/
[2026-06-23T10:15:47Z] #1150 attempt=1/2 status=200 0.323s url=https://www.myfonts.com/products/shree-malayalam-3290-complete-family-package-1171132
[2026-06-23T10:15:48Z] #1151 attempt=1/2 status=200 0.426s url=https://www.myfonts.com/collections/shree-malayalam-3290-font-modularinfotech/
[2026-06-23T10:15:49Z] #1152 attempt=1/2 status=200 0.414s url=https://www.myfonts.com/collections/shree-malayalam-3290-font-modularinfotech/
[2026-06-23T10:15:49Z] #1153 attempt=1/2 status=200 0.338s url=https://www.myfonts.com/products/shree-malayalam-3228-complete-family-package-1170941
[2026-06-23T10:15:50Z] #1154 attempt=1/2 status=200 0.543s url=https://www.myfonts.com/collections/shree-malayalam-3228-font-modularinfotech/
[2026-06-23T10:15:51Z] #1155 attempt=1/2 status=200 0.403s url=https://www.myfonts.com/collections/shree-malayalam-3228-font-modularinfotech/
[2026-06-23T10:15:51Z] #1156 attempt=1/2 status=200 0.400s url=https://www.myfonts.com/products/shree-tamil-5404-complete-family-package-1170814
[2026-06-23T10:15:52Z] #1157 attempt=1/2 status=200 0.453s url=https://www.myfonts.com/collections/shree-tam5404-font-modularinfotech/
[2026-06-23T10:15:52Z] #1158 attempt=1/2 status=429 0.053s url=https://www.myfonts.com/products/sadina-rounded-small-caps-complete-family-package-1171235
[2026-06-23T10:15:55Z] #1159 attempt=2/2 status=200 0.538s url=https://www.myfonts.com/products/sadina-rounded-small-caps-complete-family-package-1171235
[2026-06-23T10:15:56Z] #1160 attempt=1/2 status=200 0.760s url=https://www.myfonts.com/collections/sadina-rounded-small-caps-font-numidiatype/
[2026-06-23T10:15:57Z] #1161 attempt=1/2 status=200 0.338s url=https://www.myfonts.com/products/shree-oriya-3030-complete-family-package-1171178
[2026-06-23T10:15:57Z] #1162 attempt=1/2 status=200 0.550s url=https://www.myfonts.com/collections/shree-oriya-3030-font-modularinfotech/
[2026-06-23T10:15:58Z] #1163 attempt=1/2 status=200 0.162s url=https://www.myfonts.com/collections/shree-oriya-3030-font-modularinfotech/
[2026-06-23T10:15:59Z] #1164 attempt=1/2 status=200 0.338s url=https://www.myfonts.com/products/shree-oriya-3031-complete-family-package-1170960
[2026-06-23T10:15:59Z] #1165 attempt=1/2 status=200 0.416s url=https://www.myfonts.com/collections/shree-oriya-3031-font-modularinfotech/
[2026-06-23T10:16:00Z] #1166 attempt=1/2 status=200 0.460s url=https://www.myfonts.com/collections/shree-oriya-3031-font-modularinfotech/
[2026-06-23T10:16:01Z] #1167 attempt=1/2 status=200 0.357s url=https://www.myfonts.com/products/shree-malayalam-3295-complete-family-package-1170947
[2026-06-23T10:16:01Z] #1168 attempt=1/2 status=200 0.394s url=https://www.myfonts.com/collections/shree-malayalam-3295-font-modularinfotech/
[2026-06-23T10:16:02Z] #1169 attempt=1/2 status=200 0.146s url=https://www.myfonts.com/collections/shree-malayalam-3295-font-modularinfotech/
[2026-06-23T10:16:02Z] #1170 attempt=1/2 status=200 0.309s url=https://www.myfonts.com/products/shree-tamil-2882-complete-family-package-1170780
[2026-06-23T10:16:03Z] #1171 attempt=1/2 status=200 0.404s url=https://www.myfonts.com/collections/shree-tamil-2882-font-modularinfotech/
[2026-06-23T10:16:04Z] #1172 attempt=1/2 status=200 0.487s url=https://www.myfonts.com/collections/shree-tamil-2882-font-modularinfotech/
[2026-06-23T10:16:04Z] #1173 attempt=1/2 status=200 0.343s url=https://www.myfonts.com/products/shree-malayalam-4407-complete-family-package-1171129
[2026-06-23T10:16:05Z] #1174 attempt=1/2 status=200 0.485s url=https://www.myfonts.com/collections/shree-malayalam-4407-font-modularinfotech/
[2026-06-23T10:16:06Z] #1175 attempt=1/2 status=200 0.451s url=https://www.myfonts.com/collections/shree-malayalam-4407-font-modularinfotech/
[2026-06-23T10:16:06Z] #1176 attempt=1/2 status=200 0.437s url=https://www.myfonts.com/products/shree-oriya-3035-complete-family-package-1170882
[2026-06-23T10:16:07Z] #1177 attempt=1/2 status=200 0.500s url=https://www.myfonts.com/collections/shree-oriya-3035-font-modularinfotech/
[2026-06-23T10:16:08Z] #1178 attempt=1/2 status=200 0.188s url=https://www.myfonts.com/collections/shree-oriya-3035-font-modularinfotech/
[2026-06-23T10:16:08Z] #1179 attempt=1/2 status=200 0.315s url=https://www.myfonts.com/products/shree-malayalam-3236-complete-family-package-1170932
[2026-06-23T10:16:09Z] #1180 attempt=1/2 status=200 0.490s url=https://www.myfonts.com/collections/shree-malayalam-3236-font-modularinfotech/
[2026-06-23T10:16:10Z] #1181 attempt=1/2 status=200 0.392s url=https://www.myfonts.com/collections/shree-malayalam-3236-font-modularinfotech/
[2026-06-23T10:16:10Z] #1182 attempt=1/2 status=200 0.341s url=https://www.myfonts.com/products/shree-malayalam-3286-complete-family-package-1170935
[2026-06-23T10:16:11Z] #1183 attempt=1/2 status=200 0.380s url=https://www.myfonts.com/collections/shree-malayalam-3286-font-modularinfotech/
[2026-06-23T10:16:12Z] #1184 attempt=1/2 status=200 0.523s url=https://www.myfonts.com/collections/shree-malayalam-3286-font-modularinfotech/
[2026-06-23T10:16:12Z] #1185 attempt=1/2 status=200 0.340s url=https://www.myfonts.com/products/shree-telugu-1654-complete-family-package-1170716
[2026-06-23T10:16:13Z] #1186 attempt=1/2 status=200 0.451s url=https://www.myfonts.com/collections/shree-telugu-1654-font-modularinfotech/
[2026-06-23T10:16:13Z] #1187 attempt=1/2 status=200 0.153s url=https://www.myfonts.com/collections/shree-telugu-1654-font-modularinfotech/
[2026-06-23T10:16:14Z] #1188 attempt=1/2 status=200 0.151s url=https://www.myfonts.com/products/shree-oriya-0619-complete-family-package-1171078
[2026-06-23T10:16:14Z] #1189 attempt=1/2 status=200 0.441s url=https://www.myfonts.com/collections/shree-oriya-0619-font-modularinfotech/
[2026-06-23T10:16:15Z] #1190 attempt=1/2 status=200 0.444s url=https://www.myfonts.com/collections/shree-oriya-0619-font-modularinfotech/
[2026-06-23T10:16:16Z] #1191 attempt=1/2 status=200 0.431s url=https://www.myfonts.com/products/shree-oriya-3056-complete-family-package-1171112
[2026-06-23T10:16:17Z] #1192 attempt=1/2 status=200 0.454s url=https://www.myfonts.com/collections/shree-oriya-3056-font-modularinfotech/
[2026-06-23T10:16:17Z] #1193 attempt=1/2 status=200 0.431s url=https://www.myfonts.com/collections/shree-oriya-3056-font-modularinfotech/
[2026-06-23T10:16:18Z] #1194 attempt=1/2 status=429 0.070s url=https://www.myfonts.com/products/shree-malayalam-3247-complete-family-package-1171051
[2026-06-23T10:16:20Z] #1195 attempt=2/2 status=429 0.105s url=https://www.myfonts.com/products/shree-malayalam-3247-complete-family-package-1171051
[2026-06-23T10:16:25Z] max_retries_exhausted url=https://www.myfonts.com/products/shree-malayalam-3247-complete-family-package-1171051
[2026-06-23T10:16:25Z] #1196 attempt=1/2 status=404 0.234s url=https://www.myfonts.com/collections/shree-malayalam-3247-font-modular-infotech
[2026-06-23T10:16:26Z] #1197 attempt=1/2 status=200 0.387s url=https://www.myfonts.com/products/shree-telugu-2966-complete-family-package-1170739
[2026-06-23T10:16:27Z] #1198 attempt=1/2 status=200 0.448s url=https://www.myfonts.com/collections/shree-telugu-2966-font-modularinfotech/
[2026-06-23T10:16:27Z] #1199 attempt=1/2 status=200 0.450s url=https://www.myfonts.com/collections/shree-telugu-2966-font-modularinfotech/
[2026-06-23T10:16:28Z] #1200 attempt=1/2 status=200 0.409s url=https://www.myfonts.com/products/shree-telugu-2967-complete-family-package-1170680
[2026-06-23T10:16:29Z] #1201 attempt=1/2 status=200 0.438s url=https://www.myfonts.com/collections/shree-telugu-2967-font-modularinfotech/
[2026-06-23T10:16:29Z] #1202 attempt=1/2 status=200 0.395s url=https://www.myfonts.com/collections/shree-telugu-2967-font-modularinfotech/
[2026-06-23T10:16:30Z] #1203 attempt=1/2 status=200 0.504s url=https://www.myfonts.com/products/shree-malayalam-0537-complete-family-package-1171115
[2026-06-23T10:16:31Z] #1204 attempt=1/2 status=200 0.525s url=https://www.myfonts.com/collections/shree-malayalam-0537-font-modularinfotech/
[2026-06-23T10:16:31Z] #1205 attempt=1/2 status=200 0.143s url=https://www.myfonts.com/collections/shree-malayalam-0537-font-modularinfotech/
[2026-06-23T10:16:32Z] #1206 attempt=1/2 status=200 0.351s url=https://www.myfonts.com/products/shree-tamil-3806-complete-family-package-1170851
[2026-06-23T10:16:33Z] #1207 attempt=1/2 status=200 0.569s url=https://www.myfonts.com/collections/shree-tamil-3806-font-modularinfotech/
[2026-06-23T10:16:33Z] #1208 attempt=1/2 status=429 0.092s url=https://www.myfonts.com/collections/shree-tamil-3806-font-modularinfotech/
[2026-06-23T10:16:36Z] #1209 attempt=2/2 status=429 0.141s url=https://www.myfonts.com/collections/shree-tamil-3806-font-modularinfotech/
[2026-06-23T10:16:41Z] max_retries_exhausted url=https://www.myfonts.com/collections/shree-tamil-3806-font-modularinfotech/
[2026-06-23T10:16:41Z] #1210 attempt=1/2 status=200 0.356s url=https://www.myfonts.com/products/shree-malayalam-1828-complete-family-package-1171042
[2026-06-23T10:16:42Z] #1211 attempt=1/2 status=200 0.405s url=https://www.myfonts.com/collections/shree-malayalam-1828-font-modularinfotech/
[2026-06-23T10:16:42Z] #1212 attempt=1/2 status=200 0.153s url=https://www.myfonts.com/collections/shree-malayalam-1828-font-modularinfotech/
[2026-06-23T10:16:42Z] #1213 attempt=1/2 status=429 0.061s url=https://www.myfonts.com/products/ahlanoe-complete-family-package-1172090
[2026-06-23T10:16:45Z] #1214 attempt=2/2 status=200 0.444s url=https://www.myfonts.com/products/ahlanoe-complete-family-package-1172090
[2026-06-23T10:16:46Z] #1215 attempt=1/2 status=200 0.398s url=https://www.myfonts.com/collections/ahlanoe-font-agung-sudirman/
[2026-06-23T10:16:46Z] #1216 attempt=1/2 status=200 0.389s url=https://www.myfonts.com/products/shree-telugu-2914-complete-family-package-1170657
[2026-06-23T10:16:47Z] #1217 attempt=1/2 status=200 0.415s url=https://www.myfonts.com/collections/shree-telugu-2914-font-modularinfotech/
[2026-06-23T10:16:48Z] #1218 attempt=1/2 status=200 0.429s url=https://www.myfonts.com/collections/shree-telugu-2914-font-modularinfotech/
[2026-06-23T10:16:48Z] #1219 attempt=1/2 status=200 0.324s url=https://www.myfonts.com/products/shree-malayalam-3276-complete-family-package-1170916
[2026-06-23T10:16:49Z] #1220 attempt=1/2 status=200 0.401s url=https://www.myfonts.com/collections/shree-malayalam-3276-font-modularinfotech/
[2026-06-23T10:16:49Z] #1221 attempt=1/2 status=429 0.042s url=https://www.myfonts.com/collections/shree-malayalam-3276-font-modularinfotech/
[2026-06-23T10:16:52Z] #1222 attempt=2/2 status=200 0.521s url=https://www.myfonts.com/collections/shree-malayalam-3276-font-modularinfotech/
[2026-06-23T10:16:53Z] #1223 attempt=1/2 status=200 0.470s url=https://www.myfonts.com/products/shree-malayalam-3229-complete-family-package-1170978
[2026-06-23T10:16:53Z] #1224 attempt=1/2 status=200 0.405s url=https://www.myfonts.com/collections/shree-malayalam-3229-font-modularinfotech/
[2026-06-23T10:16:54Z] #1225 attempt=1/2 status=200 0.232s url=https://www.myfonts.com/collections/shree-malayalam-3229-font-modularinfotech/
[2026-06-23T10:16:55Z] #1226 attempt=1/2 status=200 0.466s url=https://www.myfonts.com/products/norelia-daily-complete-family-package-1172083
[2026-06-23T10:16:55Z] #1227 attempt=1/2 status=200 0.488s url=https://www.myfonts.com/collections/norelia-daily-font-letterhend/
[2026-06-23T10:16:56Z] #1228 attempt=1/2 status=200 0.347s url=https://www.myfonts.com/products/shree-telugu-4751-complete-family-package-1170671
[2026-06-23T10:16:57Z] #1229 attempt=1/2 status=200 0.383s url=https://www.myfonts.com/collections/shree-telugu-4751-font-modularinfotech/
[2026-06-23T10:16:57Z] #1230 attempt=1/2 status=200 0.421s url=https://www.myfonts.com/collections/shree-telugu-4751-font-modularinfotech/
[2026-06-23T10:16:58Z] #1231 attempt=1/2 status=200 0.352s url=https://www.myfonts.com/products/shree-tamil-3823-complete-family-package-1170616
[2026-06-23T10:16:59Z] #1232 attempt=1/2 status=200 0.390s url=https://www.myfonts.com/collections/shree-tamil-3823-font-modularinfotech/
[2026-06-23T10:16:59Z] #1233 attempt=1/2 status=200 0.197s url=https://www.myfonts.com/collections/shree-tamil-3823-font-modularinfotech/
[2026-06-23T10:17:00Z] #1234 attempt=1/2 status=200 0.331s url=https://www.myfonts.com/products/shree-malayalam-1802-complete-family-package-1171098
[2026-06-23T10:17:00Z] #1235 attempt=1/2 status=200 0.537s url=https://www.myfonts.com/collections/shree-malayalam-1802-font-modularinfotech/
[2026-06-23T10:17:01Z] #1236 attempt=1/2 status=200 0.413s url=https://www.myfonts.com/collections/shree-malayalam-1802-font-modularinfotech/
[2026-06-23T10:17:02Z] #1237 attempt=1/2 status=429 0.039s url=https://www.myfonts.com/products/shree-tamil-2800-complete-family-package-1170836
[2026-06-23T10:17:04Z] #1238 attempt=2/2 status=429 0.069s url=https://www.myfonts.com/products/shree-tamil-2800-complete-family-package-1170836
[2026-06-23T10:17:09Z] max_retries_exhausted url=https://www.myfonts.com/products/shree-tamil-2800-complete-family-package-1170836
[2026-06-23T10:17:09Z] #1239 attempt=1/2 status=404 0.263s url=https://www.myfonts.com/collections/shree-tamil-2800-font-modular-infotech
[2026-06-23T10:17:10Z] #1240 attempt=1/2 status=200 0.392s url=https://www.myfonts.com/products/shree-malayalam-3268-complete-family-package-1170944
[2026-06-23T10:17:10Z] #1241 attempt=1/2 status=200 0.418s url=https://www.myfonts.com/collections/shree-malayalam-3268-font-modularinfotech/
[2026-06-23T10:17:11Z] #1242 attempt=1/2 status=200 0.175s url=https://www.myfonts.com/collections/shree-malayalam-3268-font-modularinfotech/
[2026-06-23T10:17:12Z] #1243 attempt=1/2 status=200 0.319s url=https://www.myfonts.com/products/shree-tamil-1382-complete-family-package-1170514
[2026-06-23T10:17:12Z] #1244 attempt=1/2 status=200 0.403s url=https://www.myfonts.com/collections/shree-tamil-1382-font-modularinfotech/
[2026-06-23T10:17:13Z] #1245 attempt=1/2 status=200 0.412s url=https://www.myfonts.com/collections/shree-tamil-1382-font-modularinfotech/
[2026-06-23T10:17:13Z] #1246 attempt=1/2 status=200 0.337s url=https://www.myfonts.com/products/shree-malayalam-3255-complete-family-package-1170879
[2026-06-23T10:17:14Z] #1247 attempt=1/2 status=200 0.433s url=https://www.myfonts.com/collections/shree-malayalam-3255-font-modularinfotech/
[2026-06-23T10:17:15Z] #1248 attempt=1/2 status=200 0.567s url=https://www.myfonts.com/collections/shree-malayalam-3255-font-modularinfotech/
[2026-06-23T10:17:16Z] #1249 attempt=1/2 status=200 0.444s url=https://www.myfonts.com/products/shree-tamil-0832-complete-family-package-1170487
[2026-06-23T10:17:16Z] #1250 attempt=1/2 status=200 0.534s url=https://www.myfonts.com/collections/shree-tamil-0832-font-modularinfotech/
[2026-06-23T10:17:17Z] #1251 attempt=1/2 status=200 0.437s url=https://www.myfonts.com/collections/shree-tamil-0832-font-modularinfotech/
[2026-06-23T10:17:18Z] #1252 attempt=1/2 status=200 0.319s url=https://www.myfonts.com/products/harganoz-complete-family-package-1172065
[2026-06-23T10:17:18Z] #1253 attempt=1/2 status=200 0.348s url=https://www.myfonts.com/collections/harganoz-font-mei-suseno/
[2026-06-23T10:17:19Z] #1254 attempt=1/2 status=429 0.032s url=https://www.myfonts.com/products/shree-malayalam-3296-complete-family-package-1170885
[2026-06-23T10:17:21Z] #1255 attempt=2/2 status=200 0.381s url=https://www.myfonts.com/products/shree-malayalam-3296-complete-family-package-1170885
[2026-06-23T10:17:22Z] #1256 attempt=1/2 status=200 0.411s url=https://www.myfonts.com/collections/shree-malayalam-3296-font-modularinfotech/
[2026-06-23T10:17:23Z] #1257 attempt=1/2 status=200 0.559s url=https://www.myfonts.com/collections/shree-malayalam-3296-font-modularinfotech/
[2026-06-23T10:17:23Z] #1258 attempt=1/2 status=200 0.405s url=https://www.myfonts.com/products/shree-oriya-3059-complete-family-package-1170902
[2026-06-23T10:17:24Z] #1259 attempt=1/2 status=200 0.392s url=https://www.myfonts.com/collections/shree-oriya-3059-font-modularinfotech/
[2026-06-23T10:17:25Z] #1260 attempt=1/2 status=200 0.470s url=https://www.myfonts.com/collections/shree-oriya-3059-font-modularinfotech/
[2026-06-23T10:17:25Z] #1261 attempt=1/2 status=200 0.341s url=https://www.myfonts.com/products/shree-telugu-2606-complete-family-package-1170505
[2026-06-23T10:17:26Z] #1262 attempt=1/2 status=200 0.416s url=https://www.myfonts.com/collections/shree-telugu-2606-font-modularinfotech/
[2026-06-23T10:17:27Z] #1263 attempt=1/2 status=200 0.400s url=https://www.myfonts.com/collections/shree-telugu-2606-font-modularinfotech/
[2026-06-23T10:17:27Z] #1264 attempt=1/2 status=200 0.314s url=https://www.myfonts.com/products/asenta-complete-family-package-1171297
[2026-06-23T10:17:28Z] #1265 attempt=1/2 status=200 0.424s url=https://www.myfonts.com/collections/asenta-font-agung-sudirman/
[2026-06-23T10:17:30Z] #1266 attempt=1/6 status=200 0.977s url=https://www.myfonts.com/products.json?limit=100&page=14
[2026-06-23T10:17:30Z] #1267 attempt=1/2 status=200 0.347s url=https://www.myfonts.com/products/shree-tamil-3825-complete-family-package-1170423
[2026-06-23T10:17:31Z] #1268 attempt=1/2 status=200 0.389s url=https://www.myfonts.com/collections/shree-tamil-3825-font-modularinfotech/
[2026-06-23T10:17:31Z] #1269 attempt=1/2 status=200 0.424s url=https://www.myfonts.com/collections/shree-tamil-3825-font-modularinfotech/
[2026-06-23T10:17:32Z] #1270 attempt=1/2 status=429 0.043s url=https://www.myfonts.com/products/shree-tamil-3852-complete-family-package-1170848
[2026-06-23T10:17:34Z] #1271 attempt=2/2 status=200 0.373s url=https://www.myfonts.com/products/shree-tamil-3852-complete-family-package-1170848
[2026-06-23T10:17:35Z] #1272 attempt=1/2 status=200 0.424s url=https://www.myfonts.com/collections/shree-tamil-3852-font-modularinfotech/
[2026-06-23T10:17:36Z] #1273 attempt=1/2 status=200 0.343s url=https://www.myfonts.com/collections/shree-tamil-3852-font-modularinfotech/
[2026-06-23T10:17:36Z] #1274 attempt=1/2 status=429 0.030s url=https://www.myfonts.com/products/shree-tamil-3952-complete-family-package-1170825
[2026-06-23T10:17:39Z] #1275 attempt=2/2 status=200 0.408s url=https://www.myfonts.com/products/shree-tamil-3952-complete-family-package-1170825
[2026-06-23T10:17:39Z] #1276 attempt=1/2 status=200 0.429s url=https://www.myfonts.com/collections/shree-tamil-3952-font-modularinfotech/
[2026-06-23T10:17:40Z] #1277 attempt=1/2 status=200 0.366s url=https://www.myfonts.com/products/shree-tamil-3971-complete-family-package-1170496
[2026-06-23T10:17:40Z] #1278 attempt=1/2 status=200 0.409s url=https://www.myfonts.com/collections/shree-tamil-3971-font-modularinfotech/
[2026-06-23T10:17:41Z] #1279 attempt=1/2 status=200 0.128s url=https://www.myfonts.com/collections/shree-tamil-3971-font-modularinfotech/
[2026-06-23T10:17:41Z] #1280 attempt=1/2 status=200 0.337s url=https://www.myfonts.com/products/shree-tamil-3842-complete-family-package-1170786
[2026-06-23T10:17:42Z] #1281 attempt=1/2 status=429 0.045s url=https://www.myfonts.com/collections/shree-tamil-3842-font-modularinfotech/
[2026-06-23T10:17:44Z] #1282 attempt=2/2 status=200 0.452s url=https://www.myfonts.com/collections/shree-tamil-3842-font-modularinfotech/
[2026-06-23T10:17:45Z] #1283 attempt=1/2 status=200 0.470s url=https://www.myfonts.com/collections/shree-tamil-3842-font-modularinfotech/
[2026-06-23T10:17:46Z] #1284 attempt=1/2 status=200 0.317s url=https://www.myfonts.com/products/shree-tamil-3870-complete-family-package-1170414
[2026-06-23T10:17:46Z] #1285 attempt=1/2 status=200 0.400s url=https://www.myfonts.com/collections/shree-tamil-3870-font-modularinfotech/
[2026-06-23T10:17:47Z] #1286 attempt=1/2 status=200 0.401s url=https://www.myfonts.com/collections/shree-tamil-3870-font-modularinfotech/
[2026-06-23T10:17:48Z] #1287 attempt=1/2 status=200 0.345s url=https://www.myfonts.com/products/shree-malayalam-1862-complete-family-package-1170865
[2026-06-23T10:17:48Z] #1288 attempt=1/2 status=200 0.441s url=https://www.myfonts.com/collections/shree-malayalam-1862-font-modularinfotech/
[2026-06-23T10:17:49Z] #1289 attempt=1/2 status=429 0.032s url=https://www.myfonts.com/collections/shree-malayalam-1862-font-modularinfotech/
[2026-06-23T10:17:51Z] #1290 attempt=2/2 status=200 0.285s url=https://www.myfonts.com/collections/shree-malayalam-1862-font-modularinfotech/
[2026-06-23T10:17:52Z] #1291 attempt=1/2 status=200 0.344s url=https://www.myfonts.com/products/shree-oriya-3033-complete-family-package-1171048
[2026-06-23T10:17:52Z] #1292 attempt=1/2 status=200 0.442s url=https://www.myfonts.com/collections/shree-oriya-3033-font-modularinfotech/
[2026-06-23T10:17:53Z] #1293 attempt=1/2 status=200 0.138s url=https://www.myfonts.com/collections/shree-oriya-3033-font-modularinfotech/
[2026-06-23T10:17:54Z] #1294 attempt=1/2 status=200 0.396s url=https://www.myfonts.com/products/shree-telugu-4728-complete-family-package-1170471
[2026-06-23T10:17:54Z] #1295 attempt=1/2 status=200 0.404s url=https://www.myfonts.com/collections/shree-telugu-4728-font-modularinfotech/
[2026-06-23T10:17:55Z] #1296 attempt=1/2 status=200 0.187s url=https://www.myfonts.com/collections/shree-telugu-4728-font-modularinfotech/
[2026-06-23T10:17:55Z] #1297 attempt=1/2 status=200 0.344s url=https://www.myfonts.com/products/shree-malayalam-1832-complete-family-package-1171199
[2026-06-23T10:17:56Z] #1298 attempt=1/2 status=200 0.390s url=https://www.myfonts.com/collections/shree-malayalam-1832-font-modularinfotech/
[2026-06-23T10:17:57Z] #1299 attempt=1/2 status=200 0.437s url=https://www.myfonts.com/collections/shree-malayalam-1832-font-modularinfotech/
[2026-06-23T10:17:57Z] #1300 attempt=1/2 status=200 0.354s url=https://www.myfonts.com/products/shree-telugu-2994-complete-family-package-1170791
[2026-06-23T10:17:58Z] #1301 attempt=1/2 status=200 0.501s url=https://www.myfonts.com/collections/shree-telugu-2994-font-modularinfotech/
[2026-06-23T10:17:59Z] #1302 attempt=1/2 status=200 0.441s url=https://www.myfonts.com/collections/shree-telugu-2994-font-modularinfotech/
[2026-06-23T10:17:59Z] #1303 attempt=1/2 status=200 0.363s url=https://www.myfonts.com/products/shree-tamil-3849-complete-family-package-1170750
[2026-06-23T10:18:00Z] #1304 attempt=1/2 status=200 0.685s url=https://www.myfonts.com/collections/shree-tamil-3849-font-modularinfotech/
[2026-06-23T10:18:01Z] #1305 attempt=1/2 status=200 0.160s url=https://www.myfonts.com/collections/shree-tamil-3849-font-modularinfotech/
[2026-06-23T10:18:01Z] #1306 attempt=1/2 status=200 0.348s url=https://www.myfonts.com/products/shree-telugu-1657-complete-family-package-1170774
[2026-06-23T10:18:02Z] #1307 attempt=1/2 status=200 0.451s url=https://www.myfonts.com/collections/shree-telugu-1657-font-modularinfotech/
[2026-06-23T10:18:03Z] #1308 attempt=1/2 status=200 0.430s url=https://www.myfonts.com/collections/shree-telugu-1657-font-modularinfotech/
[2026-06-23T10:18:03Z] #1309 attempt=1/2 status=200 0.375s url=https://www.myfonts.com/products/shree-tamil-2863-complete-family-package-1170462
[2026-06-23T10:18:04Z] #1310 attempt=1/2 status=200 0.430s url=https://www.myfonts.com/collections/shree-tamil-2863-font-modularinfotech/
[2026-06-23T10:18:05Z] #1311 attempt=1/2 status=200 0.410s url=https://www.myfonts.com/collections/shree-tamil-2863-font-modularinfotech/
[2026-06-23T10:18:05Z] #1312 attempt=1/2 status=200 0.341s url=https://www.myfonts.com/products/shree-telugu-2607-complete-family-package-1170387
[2026-06-23T10:18:06Z] #1313 attempt=1/2 status=200 0.397s url=https://www.myfonts.com/collections/shree-telugu-2607-font-modularinfotech/
[2026-06-23T10:18:07Z] #1314 attempt=1/2 status=200 0.406s url=https://www.myfonts.com/collections/shree-telugu-2607-font-modularinfotech/
[2026-06-23T10:18:07Z] #1315 attempt=1/2 status=200 0.321s url=https://www.myfonts.com/products/shree-telugu-2996-complete-family-package-1170689
[2026-06-23T10:18:08Z] #1316 attempt=1/2 status=200 0.515s url=https://www.myfonts.com/collections/shree-telugu-2996-font-modularinfotech/
[2026-06-23T10:18:08Z] #1317 attempt=1/2 status=200 0.154s url=https://www.myfonts.com/collections/shree-telugu-2996-font-modularinfotech/
[2026-06-23T10:18:09Z] #1318 attempt=1/2 status=200 0.370s url=https://www.myfonts.com/products/shree-tamil-1340-complete-family-package-1170701
[2026-06-23T10:18:09Z] #1319 attempt=1/2 status=429 0.055s url=https://www.myfonts.com/collections/shree-tamil-1340-font-modularinfotech/
[2026-06-23T10:18:12Z] #1320 attempt=2/2 status=429 0.074s url=https://www.myfonts.com/collections/shree-tamil-1340-font-modularinfotech/
[2026-06-23T10:18:17Z] max_retries_exhausted url=https://www.myfonts.com/collections/shree-tamil-1340-font-modularinfotech/
[2026-06-23T10:18:17Z] #1321 attempt=1/2 status=404 0.203s url=https://www.myfonts.com/collections/shree-tamil-1340-font-modular-infotech
[2026-06-23T10:18:18Z] #1322 attempt=1/2 status=200 0.314s url=https://www.myfonts.com/products/shree-tamil-1334-complete-family-package-1170357
[2026-06-23T10:18:18Z] #1323 attempt=1/2 status=200 0.418s url=https://www.myfonts.com/collections/shree-tamil-1334-font-modularinfotech/
[2026-06-23T10:18:19Z] #1324 attempt=1/2 status=200 0.163s url=https://www.myfonts.com/collections/shree-tamil-1334-font-modularinfotech/
[2026-06-23T10:18:19Z] #1325 attempt=1/2 status=200 0.375s url=https://www.myfonts.com/products/shree-malayalam-0532-complete-family-package-1171013
[2026-06-23T10:18:20Z] #1326 attempt=1/2 status=200 0.420s url=https://www.myfonts.com/collections/shree-malayalam-0532-font-modularinfotech/
[2026-06-23T10:18:21Z] #1327 attempt=1/2 status=200 0.374s url=https://www.myfonts.com/products/shree-tamil-2856-complete-family-package-1170437
[2026-06-23T10:18:21Z] #1328 attempt=1/2 status=200 0.450s url=https://www.myfonts.com/collections/shree-tamil-2856-font-modularinfotech/
[2026-06-23T10:18:22Z] #1329 attempt=1/2 status=200 0.389s url=https://www.myfonts.com/collections/shree-tamil-2856-font-modularinfotech/
[2026-06-23T10:18:23Z] #1330 attempt=1/2 status=200 0.344s url=https://www.myfonts.com/products/shree-tamil-3843-complete-family-package-1170646
[2026-06-23T10:18:23Z] #1331 attempt=1/2 status=200 0.401s url=https://www.myfonts.com/collections/shree-tamil-3843-font-modularinfotech/
[2026-06-23T10:18:24Z] #1332 attempt=1/2 status=200 0.447s url=https://www.myfonts.com/collections/shree-tamil-3843-font-modularinfotech/
[2026-06-23T10:18:25Z] #1333 attempt=1/2 status=200 0.356s url=https://www.myfonts.com/products/shree-oriya-3057-complete-family-package-1171181
[2026-06-23T10:18:25Z] #1334 attempt=1/2 status=200 0.436s url=https://www.myfonts.com/collections/shree-oriya-3057-font-modularinfotech/
[2026-06-23T10:18:26Z] #1335 attempt=1/2 status=200 0.146s url=https://www.myfonts.com/collections/shree-oriya-3057-font-modularinfotech/
[2026-06-23T10:18:26Z] #1336 attempt=1/2 status=429 0.061s url=https://www.myfonts.com/products/velvetoon-lava-complete-family-package-1163817
[2026-06-23T10:18:28Z] #1337 attempt=2/2 status=429 0.115s url=https://www.myfonts.com/products/velvetoon-lava-complete-family-package-1163817
[2026-06-23T10:18:33Z] max_retries_exhausted url=https://www.myfonts.com/products/velvetoon-lava-complete-family-package-1163817
[2026-06-23T10:18:34Z] #1338 attempt=1/2 status=200 0.519s url=https://www.myfonts.com/collections/velvetoon-lava-font-mei-suseno
[2026-06-23T10:18:35Z] #1339 attempt=1/2 status=200 0.348s url=https://www.myfonts.com/products/raisha-nova-complete-family-package-1172077
[2026-06-23T10:18:36Z] #1340 attempt=1/2 status=200 0.619s url=https://www.myfonts.com/collections/raisha-nova-font-shape-studio/
[2026-06-23T10:18:36Z] #1341 attempt=1/2 status=200 0.381s url=https://www.myfonts.com/products/shree-tamil-2878-complete-family-package-1170574
[2026-06-23T10:18:37Z] #1342 attempt=1/2 status=200 0.370s url=https://www.myfonts.com/collections/shree-tamil-2878-font-modularinfotech/
[2026-06-23T10:18:38Z] #1343 attempt=1/2 status=200 0.435s url=https://www.myfonts.com/collections/shree-tamil-2878-font-modularinfotech/
[2026-06-23T10:18:38Z] #1344 attempt=1/2 status=200 0.364s url=https://www.myfonts.com/products/shree-telugu-2958-complete-family-package-1170686
[2026-06-23T10:18:39Z] #1345 attempt=1/2 status=200 0.540s url=https://www.myfonts.com/collections/shree-telugu-2958-font-modularinfotech/
[2026-06-23T10:18:40Z] #1346 attempt=1/2 status=200 0.493s url=https://www.myfonts.com/collections/shree-telugu-2958-font-modularinfotech/
[2026-06-23T10:18:40Z] #1347 attempt=1/2 status=200 0.329s url=https://www.myfonts.com/products/shree-telugu-1665-complete-family-package-1170582
[2026-06-23T10:18:41Z] #1348 attempt=1/2 status=200 0.396s url=https://www.myfonts.com/collections/shree-telugu-1665-font-modularinfotech/
[2026-06-23T10:18:41Z] #1349 attempt=1/2 status=200 0.171s url=https://www.myfonts.com/collections/shree-telugu-1665-font-modularinfotech/
[2026-06-23T10:18:42Z] #1350 attempt=1/2 status=200 0.387s url=https://www.myfonts.com/products/shree-tamil-6306-complete-family-package-1170548
[2026-06-23T10:18:43Z] #1351 attempt=1/2 status=200 0.521s url=https://www.myfonts.com/collections/shree-tam6306-font-modularinfotech/
[2026-06-23T10:18:43Z] #1352 attempt=1/2 status=200 0.355s url=https://www.myfonts.com/products/rabios-complete-family-package-1172070
[2026-06-23T10:18:44Z] #1353 attempt=1/2 status=200 0.448s url=https://www.myfonts.com/collections/rabios-font-vermilione/
[2026-06-23T10:18:45Z] #1354 attempt=1/2 status=200 0.344s url=https://www.myfonts.com/products/shree-tamil-3854-complete-family-package-1170854
[2026-06-23T10:18:45Z] #1355 attempt=1/2 status=200 0.392s url=https://www.myfonts.com/collections/shree-tamil-3854-font-modularinfotech/
[2026-06-23T10:18:46Z] #1356 attempt=1/2 status=429 0.047s url=https://www.myfonts.com/collections/shree-tamil-3854-font-modularinfotech/
[2026-06-23T10:18:48Z] #1357 attempt=2/2 status=200 0.439s url=https://www.myfonts.com/collections/shree-tamil-3854-font-modularinfotech/
[2026-06-23T10:18:49Z] #1358 attempt=1/2 status=429 0.038s url=https://www.myfonts.com/products/shree-oriya-3048-complete-family-package-1171066
[2026-06-23T10:18:51Z] #1359 attempt=2/2 status=200 0.336s url=https://www.myfonts.com/products/shree-oriya-3048-complete-family-package-1171066
[2026-06-23T10:18:52Z] #1360 attempt=1/2 status=200 0.382s url=https://www.myfonts.com/collections/shree-oriya-3048-font-modularinfotech/
[2026-06-23T10:18:52Z] #1361 attempt=1/2 status=200 0.148s url=https://www.myfonts.com/collections/shree-oriya-3048-font-modularinfotech/
[2026-06-23T10:18:53Z] #1362 attempt=1/2 status=200 0.351s url=https://www.myfonts.com/products/shree-tamil-3850-complete-family-package-1170499
[2026-06-23T10:18:54Z] #1363 attempt=1/2 status=200 0.434s url=https://www.myfonts.com/collections/shree-tamil-3850-font-modularinfotech/
[2026-06-23T10:18:54Z] #1364 attempt=1/2 status=200 0.465s url=https://www.myfonts.com/collections/shree-tamil-3850-font-modularinfotech/
[2026-06-23T10:18:55Z] #1365 attempt=1/2 status=429 0.046s url=https://www.myfonts.com/products/shree-telugu-1642-complete-family-package-1170482
[2026-06-23T10:18:57Z] #1366 attempt=2/2 status=200 0.431s url=https://www.myfonts.com/products/shree-telugu-1642-complete-family-package-1170482
[2026-06-23T10:18:58Z] #1367 attempt=1/2 status=200 0.431s url=https://www.myfonts.com/collections/shree-telugu-1642-font-modularinfotech/
[2026-06-23T10:18:58Z] #1368 attempt=1/2 status=200 0.166s url=https://www.myfonts.com/collections/shree-telugu-1642-font-modularinfotech/
[2026-06-23T10:18:59Z] #1369 attempt=1/2 status=200 0.335s url=https://www.myfonts.com/products/shree-tamil-0849-complete-family-package-1170651
[2026-06-23T10:19:00Z] #1370 attempt=1/2 status=200 0.396s url=https://www.myfonts.com/collections/shree-tamil-0849-font-modularinfotech/
[2026-06-23T10:19:00Z] #1371 attempt=1/2 status=200 0.178s url=https://www.myfonts.com/collections/shree-tamil-0849-font-modularinfotech/
[2026-06-23T10:19:02Z] #1372 attempt=1/6 status=200 1.059s url=https://www.myfonts.com/products.json?limit=100&page=15
[2026-06-23T10:19:03Z] #1373 attempt=1/6 status=200 1.025s url=https://www.myfonts.com/products.json?limit=100&page=16
[2026-06-23T10:19:05Z] #1374 attempt=1/6 status=200 1.026s url=https://www.myfonts.com/products.json?limit=100&page=17
[2026-06-23T10:19:06Z] #1375 attempt=1/6 status=200 0.957s url=https://www.myfonts.com/products.json?limit=100&page=18
[2026-06-23T10:19:08Z] #1376 attempt=1/6 status=200 0.949s url=https://www.myfonts.com/products.json?limit=100&page=19
[2026-06-23T10:19:09Z] #1377 attempt=1/6 status=200 1.020s url=https://www.myfonts.com/products.json?limit=100&page=20
[2026-06-23T10:19:11Z] #1378 attempt=1/6 status=200 1.045s url=https://www.myfonts.com/products.json?limit=100&page=21
[2026-06-23T10:19:12Z] #1379 attempt=1/6 status=200 0.884s url=https://www.myfonts.com/products.json?limit=100&page=22
[2026-06-23T10:19:14Z] #1380 attempt=1/6 status=200 0.936s url=https://www.myfonts.com/products.json?limit=100&page=23
[2026-06-23T10:19:15Z] #1381 attempt=1/6 status=200 0.987s url=https://www.myfonts.com/products.json?limit=100&page=24
[2026-06-23T10:19:17Z] #1382 attempt=1/6 status=200 0.850s url=https://www.myfonts.com/products.json?limit=100&page=25
[2026-06-23T10:19:17Z] summary releases=69 first_429=(141, 'https://www.myfonts.com/collections/evgen-font-pb-type/?tab=techSpecs', 0.0465388298034668) log_file=state/myfonts_run_20260623_095813.log
[2026-06-23T10:19:17Z] === MyFonts crawl end ===
