[2026-04-28T08:36:57Z] checkpoint fresh next_page=1 path=state/myfonts_crawl_checkpoint.json
[2026-04-28T08:36:57Z] === MyFonts crawl start source=myfonts ===
[2026-04-28T08:36:57Z] config max_pages=25 page_size=100 start_date=2026-04-27 end_date=2026-04-28 api_delay=0.5s detail_delay=0.2s max_debut_checks=400 max_tech_specs_checks=200 reuse_success_profile=False always_enrich_packages=True language_script_signal_mode=strong force_fresh_run=False start_page=1 browser_mode=False browser_headless=True browser_storage_state_path=state/myfonts_storage_state.json
[2026-04-28T08:36:58Z] #1 attempt=1/6 status=200 0.863s url=https://www.myfonts.com/products.json?limit=100&page=1
[2026-04-28T08:36:59Z] #2 attempt=1/2 status=200 1.044s url=https://www.myfonts.com/products/circular-sketchy-italic-caviara-1142675
[2026-04-28T08:37:02Z] #3 attempt=1/2 status=200 1.903s url=https://www.myfonts.com/collections/caviara-font-alpercakici/
[2026-04-28T08:37:03Z] #4 attempt=1/2 status=200 0.206s url=https://www.myfonts.com/collections/caviara-font-alpercakici/?tab=techSpecs
[2026-04-28T08:37:05Z] #5 attempt=1/2 status=200 1.091s url=https://www.myfonts.com/products/serif-extra-condensed-gentano-athiroen-1141854
[2026-04-28T08:37:08Z] #6 attempt=1/2 status=200 2.544s url=https://www.myfonts.com/collections/gentano-athiroen-font-logic-type/
[2026-04-28T08:37:12Z] #7 attempt=1/2 status=200 2.436s url=https://www.myfonts.com/collections/gentano-athiroen-font-logic-type/?tab=techSpecs
[2026-04-28T08:37:14Z] #8 attempt=1/2 status=200 0.906s url=https://www.myfonts.com/products/circular-old-squario-1142234
[2026-04-28T08:37:16Z] #9 attempt=1/2 status=200 1.283s url=https://www.myfonts.com/collections/squario-font-alpercakici/
[2026-04-28T08:37:18Z] #10 attempt=1/2 status=200 1.513s url=https://www.myfonts.com/collections/squario-font-alpercakici/?tab=techSpecs
[2026-04-28T08:37:20Z] #11 attempt=1/2 status=200 0.811s url=https://www.myfonts.com/products/light-expanded-slant-magerist-1141529
[2026-04-28T08:37:22Z] #12 attempt=1/2 status=200 1.923s url=https://www.myfonts.com/collections/magerist-font-rcky-studio/
[2026-04-28T08:37:23Z] #13 attempt=1/2 status=200 0.191s url=https://www.myfonts.com/collections/magerist-font-rcky-studio/?tab=techSpecs
[2026-04-28T08:37:25Z] #14 attempt=1/2 status=200 0.152s url=https://www.myfonts.com/products/heavy-hackensack-1142549
[2026-04-28T08:37:25Z] #15 attempt=1/2 status=200 0.665s url=https://www.myfonts.com/collections/hackensack-font-typodermic/
[2026-04-28T08:37:26Z] #16 attempt=1/2 status=200 0.166s url=https://www.myfonts.com/collections/hackensack-font-typodermic/?tab=techSpecs
[2026-04-28T08:37:27Z] #17 attempt=1/2 status=200 0.307s url=https://www.myfonts.com/products/renito-regular-renito-1141752
[2026-04-28T08:37:28Z] #18 attempt=1/2 status=200 0.293s url=https://www.myfonts.com/collections/renito-font-taznix-creative/
[2026-04-28T08:37:28Z] #19 attempt=1/2 status=200 0.223s url=https://www.myfonts.com/collections/renito-font-taznix-creative/?tab=techSpecs
[2026-04-28T08:37:30Z] #20 attempt=1/2 status=200 1.164s url=https://www.myfonts.com/products/extra-light-expanded-l-t-bleshil-1140341
[2026-04-28T08:37:33Z] #21 attempt=1/2 status=500 3.103s url=https://www.myfonts.com/collections/bleshil-font-rotterlab-studio/
[2026-04-28T08:37:34Z] #22 attempt=1/2 status=404 0.230s url=https://www.myfonts.com/collections/extra-light-expanded-l-t-bleshil-1140341-font-rotterlab-studio
[2026-04-28T08:37:34Z] #23 attempt=1/2 status=200 0.575s url=https://www.myfonts.com/products/eroded-outline-ot-strada-1142136
[2026-04-28T08:37:36Z] #24 attempt=1/2 status=200 1.029s url=https://www.myfonts.com/collections/ot-strada-font-ottertype/
[2026-04-28T08:37:36Z] #25 attempt=1/2 status=200 0.148s url=https://www.myfonts.com/collections/ot-strada-font-ottertype/?tab=techSpecs
[2026-04-28T08:37:39Z] #26 attempt=1/2 status=200 1.661s url=https://www.myfonts.com/products/outline-italic-snova-nova-1142502
[2026-04-28T08:37:40Z] #27 attempt=1/2 status=200 0.611s url=https://www.myfonts.com/collections/snova-nova-font-ottertype/
[2026-04-28T08:37:41Z] #28 attempt=1/2 status=200 0.876s url=https://www.myfonts.com/collections/snova-nova-font-ottertype/?tab=techSpecs
[2026-04-28T08:37:42Z] #29 attempt=1/2 status=200 0.324s url=https://www.myfonts.com/products/regular-boleuga-1141745
[2026-04-28T08:37:43Z] #30 attempt=1/2 status=200 0.149s url=https://www.myfonts.com/collections/boleuga-font-razetype/
[2026-04-28T08:37:44Z] #31 attempt=1/2 status=200 0.837s url=https://www.myfonts.com/collections/boleuga-font-razetype/?tab=techSpecs
[2026-04-28T08:37:45Z] #32 attempt=1/2 status=200 0.413s url=https://www.myfonts.com/products/semi-bold-gc-blanca-1141402
[2026-04-28T08:37:46Z] #33 attempt=1/2 status=200 0.910s url=https://www.myfonts.com/collections/gc-blanca-font-onyx-studio/
[2026-04-28T08:37:47Z] #34 attempt=1/2 status=200 0.509s url=https://www.myfonts.com/collections/gc-blanca-font-onyx-studio/?tab=techSpecs
[2026-04-28T08:37:48Z] #35 attempt=1/2 status=200 0.289s url=https://www.myfonts.com/products/regular-doggy-smile-demo-1142117
[2026-04-28T08:37:49Z] #36 attempt=1/2 status=200 0.290s url=https://www.myfonts.com/collections/doggy-smile-demo-font-yoga-letter/
[2026-04-28T08:37:49Z] #37 attempt=1/2 status=200 0.313s url=https://www.myfonts.com/collections/doggy-smile-demo-font-yoga-letter/?tab=techSpecs
[2026-04-28T08:37:50Z] #38 attempt=1/2 status=200 0.406s url=https://www.myfonts.com/products/extra-bold-haugen-sans-1142311
[2026-04-28T08:37:51Z] #39 attempt=1/2 status=200 0.927s url=https://www.myfonts.com/collections/haugen-sans-font-ghozai-studio/
[2026-04-28T08:37:52Z] #40 attempt=1/2 status=200 0.883s url=https://www.myfonts.com/collections/haugen-sans-font-ghozai-studio/?tab=techSpecs
[2026-04-28T08:37:54Z] #41 attempt=1/2 status=200 0.460s url=https://www.myfonts.com/products/italic-texture-carpenter-1141739
[2026-04-28T08:37:55Z] #42 attempt=1/2 status=200 0.666s url=https://www.myfonts.com/collections/carpenter-font-vozzy/
[2026-04-28T08:37:55Z] #43 attempt=1/2 status=200 0.138s url=https://www.myfonts.com/collections/carpenter-font-vozzy/?tab=techSpecs
[2026-04-28T08:37:56Z] #44 attempt=1/2 status=200 0.164s url=https://www.myfonts.com/products/medium-gc-dooze-1139336
[2026-04-28T08:37:57Z] #45 attempt=1/2 status=200 0.714s url=https://www.myfonts.com/collections/gc-dooze-font-onyx-studio/
[2026-04-28T08:37:57Z] #46 attempt=1/2 status=200 0.157s url=https://www.myfonts.com/collections/gc-dooze-font-onyx-studio/?tab=techSpecs
[2026-04-28T08:37:59Z] #47 attempt=1/2 status=200 0.388s url=https://www.myfonts.com/products/regular-almantra-signature-1141713
[2026-04-28T08:37:59Z] #48 attempt=1/2 status=200 0.395s url=https://www.myfonts.com/collections/almantra-signature-font-tebaltipis-studio/
[2026-04-28T08:38:00Z] #49 attempt=1/2 status=200 0.545s url=https://www.myfonts.com/collections/almantra-signature-font-tebaltipis-studio/?tab=techSpecs
[2026-04-28T08:38:01Z] #50 attempt=1/2 status=200 0.436s url=https://www.myfonts.com/products/rangled-regular-rangled-1142501
[2026-04-28T08:38:02Z] #51 attempt=1/2 status=200 0.329s url=https://www.myfonts.com/collections/rangled-font-moontiontype/
[2026-04-28T08:38:02Z] #52 attempt=1/2 status=200 0.183s url=https://www.myfonts.com/collections/rangled-font-moontiontype/?tab=techSpecs
[2026-04-28T08:38:03Z] #53 attempt=1/2 status=200 0.312s url=https://www.myfonts.com/products/black-deco-notes-1141751
[2026-04-28T08:38:04Z] #54 attempt=1/2 status=200 0.515s url=https://www.myfonts.com/collections/deco-notes-font-heypentype/
[2026-04-28T08:38:05Z] #55 attempt=1/2 status=200 0.484s url=https://www.myfonts.com/collections/deco-notes-font-heypentype/?tab=techSpecs
[2026-04-28T08:38:06Z] #56 attempt=1/2 status=200 0.543s url=https://www.myfonts.com/products/regular-hanseply-brush-1141711
[2026-04-28T08:38:06Z] #57 attempt=1/2 status=200 0.342s url=https://www.myfonts.com/collections/hanseply-brush-font-tebaltipis-studio/
[2026-04-28T08:38:07Z] #58 attempt=1/2 status=200 0.348s url=https://www.myfonts.com/collections/hanseply-brush-font-tebaltipis-studio/?tab=techSpecs
[2026-04-28T08:38:08Z] #59 attempt=1/2 status=200 0.346s url=https://www.myfonts.com/products/outline-italic-amazing-pearl-1142459
[2026-04-28T08:38:09Z] #60 attempt=1/2 status=200 1.049s url=https://www.myfonts.com/collections/amazing-pearl-font-ottertype/
[2026-04-28T08:38:11Z] #61 attempt=1/2 status=200 1.107s url=https://www.myfonts.com/collections/amazing-pearl-font-ottertype/?tab=techSpecs
[2026-04-28T08:38:12Z] #62 attempt=1/2 status=200 0.277s url=https://www.myfonts.com/products/heavy-expanded-slant-natharie-1141698
[2026-04-28T08:38:13Z] #63 attempt=1/2 status=200 1.017s url=https://www.myfonts.com/collections/natharie-font-nia-typework/
[2026-04-28T08:38:15Z] #64 attempt=1/2 status=200 1.030s url=https://www.myfonts.com/collections/natharie-font-nia-typework/?tab=techSpecs
[2026-04-28T08:38:16Z] #65 attempt=1/2 status=200 0.436s url=https://www.myfonts.com/products/outline-hambo-1141208
[2026-04-28T08:38:17Z] #66 attempt=1/2 status=200 0.817s url=https://www.myfonts.com/collections/hambo-font-kaidosan/
[2026-04-28T08:38:18Z] #67 attempt=1/2 status=200 0.730s url=https://www.myfonts.com/collections/hambo-font-kaidosan/?tab=techSpecs
[2026-04-28T08:38:20Z] #68 attempt=1/6 status=200 1.146s url=https://www.myfonts.com/products.json?limit=100&page=2
[2026-04-28T08:38:21Z] #69 attempt=1/2 status=200 0.721s url=https://www.myfonts.com/products/medium-beround-1142522
[2026-04-28T08:38:22Z] #70 attempt=1/2 status=200 0.515s url=https://www.myfonts.com/collections/beround-font-nicolass-fonts/
[2026-04-28T08:38:23Z] #71 attempt=1/2 status=200 0.201s url=https://www.myfonts.com/collections/beround-font-nicolass-fonts/?tab=techSpecs
[2026-04-28T08:38:24Z] #72 attempt=1/2 status=200 0.339s url=https://www.myfonts.com/products/bold-semi-expanded-oblique-thalore-1142402
[2026-04-28T08:38:25Z] #73 attempt=1/2 status=200 0.951s url=https://www.myfonts.com/collections/thalore-font-slex-studio/
[2026-04-28T08:38:27Z] #74 attempt=1/2 status=200 0.912s url=https://www.myfonts.com/collections/thalore-font-slex-studio/?tab=techSpecs
[2026-04-28T08:38:28Z] #75 attempt=1/2 status=200 0.357s url=https://www.myfonts.com/products/extra-bold-bunke-1141602
[2026-04-28T08:38:28Z] #76 attempt=1/2 status=200 0.177s url=https://www.myfonts.com/collections/bunke-font-nexaline-type/
[2026-04-28T08:38:29Z] #77 attempt=1/2 status=200 0.785s url=https://www.myfonts.com/collections/bunke-font-nexaline-type/?tab=techSpecs
[2026-04-28T08:38:31Z] #78 attempt=1/2 status=200 0.357s url=https://www.myfonts.com/products/bold-draco-1141614
[2026-04-28T08:38:31Z] #79 attempt=1/2 status=200 0.288s url=https://www.myfonts.com/collections/draco-font-cocijotype/
[2026-04-28T08:38:32Z] #80 attempt=1/2 status=200 0.359s url=https://www.myfonts.com/collections/draco-font-cocijotype/?tab=techSpecs
[2026-04-28T08:38:33Z] #81 attempt=1/2 status=200 0.407s url=https://www.myfonts.com/products/regular-kitty-meow-1142323
[2026-04-28T08:38:34Z] #82 attempt=1/2 status=200 0.322s url=https://www.myfonts.com/collections/kitty-meow-font-yoga-letter/
[2026-04-28T08:38:34Z] #83 attempt=1/2 status=200 0.254s url=https://www.myfonts.com/collections/kitty-meow-font-yoga-letter/?tab=techSpecs
[2026-04-28T08:38:35Z] #84 attempt=1/2 status=200 0.370s url=https://www.myfonts.com/products/italic-silkigfined-1141550
[2026-04-28T08:38:36Z] #85 attempt=1/2 status=200 0.434s url=https://www.myfonts.com/collections/silkigfined-font-timelesstype-studio/
[2026-04-28T08:38:37Z] #86 attempt=1/2 status=200 0.480s url=https://www.myfonts.com/collections/silkigfined-font-timelesstype-studio/?tab=techSpecs
[2026-04-28T08:38:38Z] #87 attempt=1/2 status=200 0.291s url=https://www.myfonts.com/products/texture-disintegrator-1141741
[2026-04-28T08:38:38Z] #88 attempt=1/2 status=200 0.575s url=https://www.myfonts.com/collections/disintegrator-font-vozzy/
[2026-04-28T08:38:39Z] #89 attempt=1/2 status=200 0.394s url=https://www.myfonts.com/collections/disintegrator-font-vozzy/?tab=techSpecs
[2026-04-28T08:38:40Z] #90 attempt=1/2 status=200 0.470s url=https://www.myfonts.com/products/thin-astravictus-1141355
[2026-04-28T08:38:41Z] #91 attempt=1/2 status=200 0.792s url=https://www.myfonts.com/collections/astravictus-font-ghozai-studio/
[2026-04-28T08:38:42Z] #92 attempt=1/2 status=200 0.191s url=https://www.myfonts.com/collections/astravictus-font-ghozai-studio/?tab=techSpecs
[2026-04-28T08:38:44Z] #93 attempt=1/6 status=200 0.848s url=https://www.myfonts.com/products.json?limit=100&page=3
[2026-04-28T08:38:45Z] #94 attempt=1/2 status=200 0.330s url=https://www.myfonts.com/products/italic-vekota-realies-1141367
[2026-04-28T08:38:45Z] #95 attempt=1/2 status=200 0.430s url=https://www.myfonts.com/collections/vekota-realies-font-nexaline-type/
[2026-04-28T08:38:46Z] #96 attempt=1/2 status=200 0.465s url=https://www.myfonts.com/collections/vekota-realies-font-nexaline-type/?tab=techSpecs
[2026-04-28T08:38:47Z] #97 attempt=1/2 status=200 0.368s url=https://www.myfonts.com/products/two-texture-battle-royale-1141730
[2026-04-28T08:38:48Z] #98 attempt=1/2 status=200 0.575s url=https://www.myfonts.com/collections/battle-royale-font-vozzy/
[2026-04-28T08:38:49Z] #99 attempt=1/2 status=200 0.141s url=https://www.myfonts.com/collections/battle-royale-font-vozzy/?tab=techSpecs
[2026-04-28T08:38:50Z] #100 attempt=1/2 status=200 0.377s url=https://www.myfonts.com/products/regular-montora-1141585
[2026-04-28T08:38:50Z] #101 attempt=1/2 status=200 0.147s url=https://www.myfonts.com/collections/montora-font-artiveko/
[2026-04-28T08:38:51Z] #102 attempt=1/2 status=200 0.180s url=https://www.myfonts.com/collections/montora-font-artiveko/?tab=techSpecs
[2026-04-28T08:38:52Z] #103 attempt=1/2 status=200 0.447s url=https://www.myfonts.com/products/outline-bitsand-1141583
[2026-04-28T08:38:52Z] #104 attempt=1/2 status=200 0.406s url=https://www.myfonts.com/collections/bitsand-font-jafar07/
[2026-04-28T08:38:53Z] #105 attempt=1/2 status=200 0.168s url=https://www.myfonts.com/collections/bitsand-font-jafar07/?tab=techSpecs
[2026-04-28T08:38:54Z] #106 attempt=1/2 status=200 0.375s url=https://www.myfonts.com/products/medium-xtriox-1141721
[2026-04-28T08:38:55Z] #107 attempt=1/2 status=200 0.468s url=https://www.myfonts.com/collections/xtriox-font-outerend/
[2026-04-28T08:38:55Z] #108 attempt=1/2 status=200 0.142s url=https://www.myfonts.com/collections/xtriox-font-outerend/?tab=techSpecs
[2026-04-28T08:38:56Z] #109 attempt=1/2 status=200 0.385s url=https://www.myfonts.com/products/medium-tbj-ultra-centric-1141570
[2026-04-28T08:38:57Z] #110 attempt=1/2 status=200 0.552s url=https://www.myfonts.com/collections/tbj-ultra-centric-font-taboja-studio/
[2026-04-28T08:38:58Z] #111 attempt=1/2 status=200 0.697s url=https://www.myfonts.com/collections/tbj-ultra-centric-font-taboja-studio/?tab=techSpecs
[2026-04-28T08:39:00Z] #112 attempt=1/2 status=200 0.358s url=https://www.myfonts.com/products/black-popper-sparkle-1141626
[2026-04-28T08:39:01Z] #113 attempt=1/2 status=200 0.519s url=https://www.myfonts.com/collections/popper-sparkle-font-rashdrawn/
[2026-04-28T08:39:02Z] #114 attempt=1/2 status=200 0.631s url=https://www.myfonts.com/collections/popper-sparkle-font-rashdrawn/?tab=techSpecs
[2026-04-28T08:39:03Z] #115 attempt=1/2 status=200 0.339s url=https://www.myfonts.com/products/90-s-italic-regular-tuesday-display-classic-italic-1141710
[2026-04-28T08:39:03Z] #116 attempt=1/2 status=200 0.267s url=https://www.myfonts.com/collections/tuesday-display-classic-italic-font-eryn-rose-design/
[2026-04-28T08:39:04Z] #117 attempt=1/2 status=200 0.466s url=https://www.myfonts.com/collections/tuesday-display-classic-italic-font-eryn-rose-design/?tab=techSpecs
[2026-04-28T08:39:05Z] #118 attempt=1/2 status=200 0.457s url=https://www.myfonts.com/products/regular-bragona-1141579
[2026-04-28T08:39:05Z] #119 attempt=1/2 status=200 0.361s url=https://www.myfonts.com/collections/bragona-font-sensatype-studio/
[2026-04-28T08:39:06Z] #120 attempt=1/2 status=200 0.141s url=https://www.myfonts.com/collections/bragona-font-sensatype-studio/?tab=techSpecs
[2026-04-28T08:39:08Z] #121 attempt=1/6 status=200 0.835s url=https://www.myfonts.com/products.json?limit=100&page=4
[2026-04-28T08:39:08Z] #122 attempt=1/2 status=200 0.452s url=https://www.myfonts.com/products/regular-bigger-chuby-1141580
[2026-04-28T08:39:09Z] #123 attempt=1/2 status=200 0.296s url=https://www.myfonts.com/collections/bigger-chuby-font-sensatype-studio/
[2026-04-28T08:39:09Z] #124 attempt=1/2 status=200 0.263s url=https://www.myfonts.com/collections/bigger-chuby-font-sensatype-studio/?tab=techSpecs
[2026-04-28T08:39:11Z] #125 attempt=1/2 status=200 0.836s url=https://www.myfonts.com/products/cafelia-doppio-ouline2-oblique-cafelia-doppio-font-duo-1141565
[2026-04-28T08:39:11Z] #126 attempt=1/2 status=200 0.447s url=https://www.myfonts.com/collections/cafelia-doppio-font-duo-font-tanon-design/
[2026-04-28T08:39:12Z] #127 attempt=1/2 status=200 0.149s url=https://www.myfonts.com/collections/cafelia-doppio-font-duo-font-tanon-design/?tab=techSpecs
[2026-04-28T08:39:13Z] #128 attempt=1/2 status=200 0.438s url=https://www.myfonts.com/products/bold-oblique-sketch-tags-1142516
[2026-04-28T08:39:14Z] #129 attempt=1/2 status=200 0.496s url=https://www.myfonts.com/collections/sketch-tags-font-ghozai-studio/
[2026-04-28T08:39:14Z] #130 attempt=1/2 status=200 0.186s url=https://www.myfonts.com/collections/sketch-tags-font-ghozai-studio/?tab=techSpecs
[2026-04-28T08:39:16Z] #131 attempt=1/6 status=200 0.800s url=https://www.myfonts.com/products.json?limit=100&page=5
[2026-04-28T08:39:17Z] #132 attempt=1/2 status=200 0.420s url=https://www.myfonts.com/products/rough-funzo-1142468
[2026-04-28T08:39:18Z] #133 attempt=1/2 status=200 0.656s url=https://www.myfonts.com/collections/funzo-font-sekyra-lab/
[2026-04-28T08:39:18Z] #134 attempt=1/2 status=200 0.193s url=https://www.myfonts.com/collections/funzo-font-sekyra-lab/?tab=techSpecs
[2026-04-28T08:39:19Z] #135 attempt=1/2 status=200 0.357s url=https://www.myfonts.com/products/regular-cherish-moment-1142116
[2026-04-28T08:39:20Z] #136 attempt=1/2 status=200 0.172s url=https://www.myfonts.com/collections/cherish-moment-font-orenari/
[2026-04-28T08:39:20Z] #137 attempt=1/2 status=200 0.179s url=https://www.myfonts.com/collections/cherish-moment-font-orenari/?tab=techSpecs
[2026-04-28T08:39:21Z] #138 attempt=1/2 status=200 0.274s url=https://www.myfonts.com/products/regular-reglia-1142328
[2026-04-28T08:39:22Z] #139 attempt=1/2 status=200 0.378s url=https://www.myfonts.com/collections/reglia-font-suhadidesign/
[2026-04-28T08:39:22Z] #140 attempt=1/2 status=200 0.343s url=https://www.myfonts.com/collections/reglia-font-suhadidesign/?tab=techSpecs
[2026-04-28T08:39:23Z] #141 attempt=1/2 status=200 0.397s url=https://www.myfonts.com/products/heavy-italic-new-deco-1141707
[2026-04-28T08:39:24Z] #142 attempt=1/2 status=200 0.983s url=https://www.myfonts.com/collections/new-deco-font-k-type/
[2026-04-28T08:39:25Z] #143 attempt=1/2 status=200 0.174s url=https://www.myfonts.com/collections/new-deco-font-k-type/?tab=techSpecs
[2026-04-28T08:39:26Z] #144 attempt=1/2 status=200 0.413s url=https://www.myfonts.com/products/ride-the-wave-ride-the-wave-1141700
[2026-04-28T08:39:27Z] #145 attempt=1/2 status=200 0.353s url=https://www.myfonts.com/collections/ride-the-wave-font-eryn-rose-design/
[2026-04-28T08:39:27Z] #146 attempt=1/2 status=200 0.139s url=https://www.myfonts.com/collections/ride-the-wave-font-eryn-rose-design/?tab=techSpecs
[2026-04-28T08:39:28Z] #147 attempt=1/2 status=200 0.316s url=https://www.myfonts.com/products/italic-kloe-1142332
[2026-04-28T08:39:29Z] #148 attempt=1/2 status=200 0.489s url=https://www.myfonts.com/collections/kloe-font-artiveko/
[2026-04-28T08:39:29Z] #149 attempt=1/2 status=200 0.496s url=https://www.myfonts.com/collections/kloe-font-artiveko/?tab=techSpecs
[2026-04-28T08:39:31Z] #150 attempt=1/2 status=200 0.426s url=https://www.myfonts.com/products/regular-summer-brown-1142325
[2026-04-28T08:39:31Z] #151 attempt=1/2 status=200 0.282s url=https://www.myfonts.com/collections/summer-brown-font-yoga-letter/
[2026-04-28T08:39:32Z] #152 attempt=1/2 status=200 0.398s url=https://www.myfonts.com/collections/summer-brown-font-yoga-letter/?tab=techSpecs
[2026-04-28T08:39:33Z] #153 attempt=1/6 status=200 0.849s url=https://www.myfonts.com/products.json?limit=100&page=6
[2026-04-28T08:39:34Z] #154 attempt=1/2 status=200 0.153s url=https://www.myfonts.com/products/regular-boldybear-1142329
[2026-04-28T08:39:34Z] #155 attempt=1/2 status=200 0.365s url=https://www.myfonts.com/collections/boldybear-font-sesa-grafika/
[2026-04-28T08:39:35Z] #156 attempt=1/2 status=200 0.373s url=https://www.myfonts.com/collections/boldybear-font-sesa-grafika/?tab=techSpecs
[2026-04-28T08:39:36Z] #157 attempt=1/2 status=200 0.450s url=https://www.myfonts.com/products/regular-orlithe-1142511
[2026-04-28T08:39:37Z] #158 attempt=1/2 status=200 0.317s url=https://www.myfonts.com/collections/orlithe-font-moontiontype/
[2026-04-28T08:39:37Z] #159 attempt=1/2 status=200 0.171s url=https://www.myfonts.com/collections/orlithe-font-moontiontype/?tab=techSpecs
[2026-04-28T08:39:38Z] #160 attempt=1/2 status=200 0.465s url=https://www.myfonts.com/products/regular-korelasi-signature-1141714
[2026-04-28T08:39:39Z] #161 attempt=1/2 status=200 0.352s url=https://www.myfonts.com/collections/korelasi-signature-font-tebaltipis-studio/
[2026-04-28T08:39:39Z] #162 attempt=1/2 status=200 0.423s url=https://www.myfonts.com/collections/korelasi-signature-font-tebaltipis-studio/?tab=techSpecs
[2026-04-28T08:39:40Z] #163 attempt=1/2 status=200 0.307s url=https://www.myfonts.com/products/light-aetheria-1141646
[2026-04-28T08:39:41Z] #164 attempt=1/2 status=200 0.345s url=https://www.myfonts.com/collections/aetheria-font-m10-type/
[2026-04-28T08:39:41Z] #165 attempt=1/2 status=200 0.286s url=https://www.myfonts.com/collections/aetheria-font-m10-type/?tab=techSpecs
[2026-04-28T08:39:42Z] #166 attempt=1/2 status=200 0.330s url=https://www.myfonts.com/products/regular-lorvex-1142322
[2026-04-28T08:39:43Z] #167 attempt=1/2 status=200 0.326s url=https://www.myfonts.com/collections/lorvex-font-only-fonts/
[2026-04-28T08:39:43Z] #168 attempt=1/2 status=200 0.320s url=https://www.myfonts.com/collections/lorvex-font-only-fonts/?tab=techSpecs
[2026-04-28T08:39:45Z] #169 attempt=1/6 status=200 0.709s url=https://www.myfonts.com/products.json?limit=100&page=7
[2026-04-28T08:39:45Z] #170 attempt=1/2 status=200 0.322s url=https://www.myfonts.com/products/slant-234-sec-1141578
[2026-04-28T08:39:46Z] #171 attempt=1/2 status=200 0.385s url=https://www.myfonts.com/collections/234-sec-font-casloop-studio/
[2026-04-28T08:39:46Z] #172 attempt=1/2 status=200 0.146s url=https://www.myfonts.com/collections/234-sec-font-casloop-studio/?tab=techSpecs
[2026-04-28T08:39:48Z] #173 attempt=1/6 status=200 0.724s url=https://www.myfonts.com/products.json?limit=100&page=8
[2026-04-28T08:39:49Z] #174 attempt=1/2 status=200 0.757s url=https://www.myfonts.com/products/light-extra-expanded-granvia-ultra-1139993
[2026-04-28T08:39:51Z] #175 attempt=1/2 status=200 1.756s url=https://www.myfonts.com/collections/granvia-ultra-font-kaidosan/
[2026-04-28T08:39:54Z] #176 attempt=1/2 status=200 2.109s url=https://www.myfonts.com/collections/granvia-ultra-font-kaidosan/?tab=techSpecs
[2026-04-28T08:39:56Z] #177 attempt=1/2 status=200 0.343s url=https://www.myfonts.com/products/onarki-regular-onarki-1141747
[2026-04-28T08:39:56Z] #178 attempt=1/2 status=200 0.377s url=https://www.myfonts.com/collections/onarki-font-razetype/
[2026-04-28T08:39:57Z] #179 attempt=1/2 status=200 0.149s url=https://www.myfonts.com/collections/onarki-font-razetype/?tab=techSpecs
[2026-04-28T08:39:58Z] #180 attempt=1/2 status=200 0.394s url=https://www.myfonts.com/products/regular-silent-diary-1141727
[2026-04-28T08:39:58Z] #181 attempt=1/2 status=200 0.423s url=https://www.myfonts.com/collections/silent-diary-font-timurtype/
[2026-04-28T08:39:59Z] #182 attempt=1/2 status=200 0.365s url=https://www.myfonts.com/collections/silent-diary-font-timurtype/?tab=techSpecs
[2026-04-28T08:40:00Z] #183 attempt=1/6 status=200 0.662s url=https://www.myfonts.com/products.json?limit=100&page=9
[2026-04-28T08:40:01Z] #184 attempt=1/2 status=200 0.367s url=https://www.myfonts.com/products/regular-grey-slate-1141618
[2026-04-28T08:40:02Z] #185 attempt=1/2 status=200 0.361s url=https://www.myfonts.com/collections/grey-slate-font-epiclinez/
[2026-04-28T08:40:02Z] #186 attempt=1/2 status=200 0.398s url=https://www.myfonts.com/collections/grey-slate-font-epiclinez/?tab=techSpecs
[2026-04-28T08:40:03Z] #187 attempt=1/2 status=200 0.319s url=https://www.myfonts.com/products/regular-sunbloom-1141726
[2026-04-28T08:40:04Z] #188 attempt=1/2 status=200 0.304s url=https://www.myfonts.com/collections/sunbloom-font-nathatype/
[2026-04-28T08:40:04Z] #189 attempt=1/2 status=200 0.189s url=https://www.myfonts.com/collections/sunbloom-font-nathatype/?tab=techSpecs
[2026-04-28T08:40:05Z] #190 attempt=1/2 status=200 0.395s url=https://www.myfonts.com/products/italic-formgraphia-1139773
[2026-04-28T08:40:06Z] #191 attempt=1/2 status=200 0.787s url=https://www.myfonts.com/collections/formgraphia-font-ghozai-studio/
[2026-04-28T08:40:07Z] #192 attempt=1/2 status=200 0.485s url=https://www.myfonts.com/collections/formgraphia-font-ghozai-studio/?tab=techSpecs
[2026-04-28T08:40:08Z] #193 attempt=1/2 status=200 0.547s url=https://www.myfonts.com/products/oblique-sfc-solanora-1139593
[2026-04-28T08:40:09Z] #194 attempt=1/2 status=200 0.403s url=https://www.myfonts.com/collections/sfc-solanora-font-skilline-fonts-co/
[2026-04-28T08:40:10Z] #195 attempt=1/2 status=200 0.178s url=https://www.myfonts.com/collections/sfc-solanora-font-skilline-fonts-co/?tab=techSpecs
[2026-04-28T08:40:11Z] #196 attempt=1/2 status=200 0.325s url=https://www.myfonts.com/products/semi-bold-avenyx-serif-1140441
[2026-04-28T08:40:12Z] #197 attempt=1/2 status=200 1.082s url=https://www.myfonts.com/collections/avenyx-serif-font-aronetiv/
[2026-04-28T08:40:13Z] #198 attempt=1/2 status=200 0.403s url=https://www.myfonts.com/collections/avenyx-serif-font-aronetiv/?tab=techSpecs
[2026-04-28T08:40:14Z] #199 attempt=1/2 status=200 0.276s url=https://www.myfonts.com/products/regular-hicheta-1141575
[2026-04-28T08:40:14Z] #200 attempt=1/2 status=200 0.140s url=https://www.myfonts.com/collections/hicheta-font-blankids/
[2026-04-28T08:40:15Z] #201 attempt=1/2 status=200 0.150s url=https://www.myfonts.com/collections/hicheta-font-blankids/?tab=techSpecs
[2026-04-28T08:40:16Z] #202 attempt=1/6 status=200 0.937s url=https://www.myfonts.com/products.json?limit=100&page=10
[2026-04-28T08:40:17Z] #203 attempt=1/2 status=200 0.358s url=https://www.myfonts.com/products/regular-silent-autograph-1141347
[2026-04-28T08:40:18Z] #204 attempt=1/2 status=200 0.396s url=https://www.myfonts.com/collections/silent-autograph-font-timurtype/
[2026-04-28T08:40:18Z] #205 attempt=1/2 status=200 0.157s url=https://www.myfonts.com/collections/silent-autograph-font-timurtype/?tab=techSpecs
[2026-04-28T08:40:19Z] #206 attempt=1/2 status=200 0.284s url=https://www.myfonts.com/products/regular-aergun-1142324
[2026-04-28T08:40:19Z] #207 attempt=1/2 status=200 0.315s url=https://www.myfonts.com/collections/aergun-font-only-fonts/
[2026-04-28T08:40:20Z] #208 attempt=1/2 status=200 0.433s url=https://www.myfonts.com/collections/aergun-font-only-fonts/?tab=techSpecs
[2026-04-28T08:40:21Z] #209 attempt=1/2 status=200 0.306s url=https://www.myfonts.com/products/regular-camarali-1141342
[2026-04-28T08:40:22Z] #210 attempt=1/2 status=200 0.350s url=https://www.myfonts.com/collections/camarali-font-hishand-studio/
[2026-04-28T08:40:22Z] #211 attempt=1/2 status=200 0.291s url=https://www.myfonts.com/collections/camarali-font-hishand-studio/?tab=techSpecs
[2026-04-28T08:40:23Z] #212 attempt=1/2 status=200 0.329s url=https://www.myfonts.com/products/bold-vinetra-1141715
[2026-04-28T08:40:23Z] #213 attempt=1/2 status=200 0.142s url=https://www.myfonts.com/collections/vinetra-font-limitype/
[2026-04-28T08:40:24Z] #214 attempt=1/2 status=200 0.160s url=https://www.myfonts.com/collections/vinetra-font-limitype/?tab=techSpecs
[2026-04-28T08:40:25Z] #215 attempt=1/6 status=200 0.659s url=https://www.myfonts.com/products.json?limit=100&page=11
[2026-04-28T08:40:26Z] #216 attempt=1/2 status=200 0.295s url=https://www.myfonts.com/products/regular-farthing-signature-1141712
[2026-04-28T08:40:26Z] #217 attempt=1/2 status=200 0.159s url=https://www.myfonts.com/collections/farthing-signature-font-tebaltipis-studio/
[2026-04-28T08:40:27Z] #218 attempt=1/2 status=200 0.145s url=https://www.myfonts.com/collections/farthing-signature-font-tebaltipis-studio/?tab=techSpecs
[2026-04-28T08:40:28Z] #219 attempt=1/6 status=200 0.613s url=https://www.myfonts.com/products.json?limit=100&page=12
[2026-04-28T08:40:29Z] #220 attempt=1/2 status=200 0.269s url=https://www.myfonts.com/products/regular-caveline-1141753
[2026-04-28T08:40:29Z] #221 attempt=1/2 status=200 0.268s url=https://www.myfonts.com/collections/caveline-font-moontiontype/
[2026-04-28T08:40:30Z] #222 attempt=1/2 status=200 0.262s url=https://www.myfonts.com/collections/caveline-font-moontiontype/?tab=techSpecs
[2026-04-28T08:40:30Z] #223 attempt=1/2 status=200 0.294s url=https://www.myfonts.com/products/regular-doggy-smile-1142326
[2026-04-28T08:40:31Z] #224 attempt=1/2 status=200 0.325s url=https://www.myfonts.com/collections/doggy-smile-font-yoga-letter/
[2026-04-28T08:40:32Z] #225 attempt=1/2 status=200 0.307s url=https://www.myfonts.com/collections/doggy-smile-font-yoga-letter/?tab=techSpecs
[2026-04-28T08:40:32Z] #226 attempt=1/2 status=200 0.294s url=https://www.myfonts.com/products/regular-grovara-1141619
[2026-04-28T08:40:33Z] #227 attempt=1/2 status=200 0.268s url=https://www.myfonts.com/collections/grovara-font-maghrib-type/
[2026-04-28T08:40:33Z] #228 attempt=1/2 status=200 0.139s url=https://www.myfonts.com/collections/grovara-font-maghrib-type/?tab=techSpecs
[2026-04-28T08:40:34Z] #229 attempt=1/2 status=200 0.268s url=https://www.myfonts.com/products/regular-marlyn-land-1141566
[2026-04-28T08:40:35Z] #230 attempt=1/2 status=200 0.331s url=https://www.myfonts.com/collections/marlyn-land-font-fikryal/
[2026-04-28T08:40:35Z] #231 attempt=1/2 status=200 0.184s url=https://www.myfonts.com/collections/marlyn-land-font-fikryal/?tab=techSpecs
[2026-04-28T08:40:37Z] #232 attempt=1/6 status=200 0.707s url=https://www.myfonts.com/products.json?limit=100&page=13
[2026-04-28T08:40:37Z] #233 attempt=1/2 status=200 0.376s url=https://www.myfonts.com/products/thin-gc-bager-1139472
[2026-04-28T08:40:38Z] #234 attempt=1/2 status=200 0.710s url=https://www.myfonts.com/collections/gc-bager-font-onyx-studio/
[2026-04-28T08:40:39Z] #235 attempt=1/2 status=200 0.169s url=https://www.myfonts.com/collections/gc-bager-font-onyx-studio/?tab=techSpecs
[2026-04-28T08:40:40Z] #236 attempt=1/2 status=200 0.146s url=https://www.myfonts.com/products/semi-bold-griga-1141301
[2026-04-28T08:40:40Z] #237 attempt=1/2 status=200 0.511s url=https://www.myfonts.com/collections/griga-font-graptail/
[2026-04-28T08:40:41Z] #238 attempt=1/2 status=200 0.548s url=https://www.myfonts.com/collections/griga-font-graptail/?tab=techSpecs
[2026-04-28T08:40:43Z] #239 attempt=1/2 status=200 0.974s url=https://www.myfonts.com/products/extra-black-condensed-sl-aukim-ii-circled-1140635
[2026-04-28T08:40:45Z] #240 attempt=1/2 status=200 1.704s url=https://www.myfonts.com/collections/aukim-ii-circled-font-aukimvisuel/
[2026-04-28T08:40:48Z] #241 attempt=1/2 status=200 1.650s url=https://www.myfonts.com/collections/aukim-ii-circled-font-aukimvisuel/?tab=techSpecs
[2026-04-28T08:40:50Z] #242 attempt=1/2 status=200 0.327s url=https://www.myfonts.com/products/slant-6-regular-theron-enroma-1141286
[2026-04-28T08:40:50Z] #243 attempt=1/2 status=200 0.478s url=https://www.myfonts.com/collections/theron-enroma-font-logic-type/
[2026-04-28T08:40:51Z] #244 attempt=1/2 status=200 0.154s url=https://www.myfonts.com/collections/theron-enroma-font-logic-type/?tab=techSpecs
[2026-04-28T08:40:52Z] #245 attempt=1/2 status=200 0.261s url=https://www.myfonts.com/products/regular-cottem-1141271
[2026-04-28T08:40:52Z] #246 attempt=1/2 status=200 0.151s url=https://www.myfonts.com/collections/cottem-font-marvadesign/
[2026-04-28T08:40:53Z] #247 attempt=1/2 status=200 0.291s url=https://www.myfonts.com/collections/cottem-font-marvadesign/?tab=techSpecs
[2026-04-28T08:40:54Z] #248 attempt=1/2 status=200 0.320s url=https://www.myfonts.com/products/extralight-italic-plakad-1141252
[2026-04-28T08:40:54Z] #249 attempt=1/2 status=200 0.607s url=https://www.myfonts.com/collections/plakad-font-mabutype/
[2026-04-28T08:40:55Z] #250 attempt=1/2 status=200 0.172s url=https://www.myfonts.com/collections/plakad-font-mabutype/?tab=techSpecs
[2026-04-28T08:40:56Z] #251 attempt=1/2 status=200 0.357s url=https://www.myfonts.com/products/extra-bold-savera-editorial-1141141
[2026-04-28T08:40:57Z] #252 attempt=1/2 status=200 0.480s url=https://www.myfonts.com/collections/savera-editorial-font-vermilione/
[2026-04-28T08:40:57Z] #253 attempt=1/2 status=200 0.134s url=https://www.myfonts.com/collections/savera-editorial-font-vermilione/?tab=techSpecs
[2026-04-28T08:40:59Z] #254 attempt=1/2 status=200 0.631s url=https://www.myfonts.com/products/black-avisa-jm-1140521
[2026-04-28T08:41:00Z] #255 attempt=1/2 status=200 0.903s url=https://www.myfonts.com/collections/avisa-jm-font-joelmaker/
[2026-04-28T08:41:00Z] #256 attempt=1/2 status=200 0.166s url=https://www.myfonts.com/collections/avisa-jm-font-joelmaker/?tab=techSpecs
[2026-04-28T08:41:02Z] #257 attempt=1/2 status=200 0.508s url=https://www.myfonts.com/products/regular-dispay-micko-1141179
[2026-04-28T08:41:03Z] #258 attempt=1/2 status=200 0.554s url=https://www.myfonts.com/collections/dispay-micko-font-maikohatta/
[2026-04-28T08:41:03Z] #259 attempt=1/2 status=200 0.155s url=https://www.myfonts.com/collections/dispay-micko-font-maikohatta/?tab=techSpecs
[2026-04-28T08:41:04Z] #260 attempt=1/2 status=200 0.337s url=https://www.myfonts.com/products/norm-regular-hop-expanded-1140481
[2026-04-28T08:41:06Z] #261 attempt=1/2 status=200 1.055s url=https://www.myfonts.com/collections/hop-expanded-font-pizzatypefaces/
[2026-04-28T08:41:06Z] #262 attempt=1/2 status=200 0.171s url=https://www.myfonts.com/collections/hop-expanded-font-pizzatypefaces/?tab=techSpecs
[2026-04-28T08:41:07Z] #263 attempt=1/2 status=200 0.382s url=https://www.myfonts.com/products/thin-italic-calore-serif-1141164
[2026-04-28T08:41:08Z] #264 attempt=1/2 status=200 0.483s url=https://www.myfonts.com/collections/calore-serif-font-typoraith-co/
[2026-04-28T08:41:09Z] #265 attempt=1/2 status=200 0.273s url=https://www.myfonts.com/collections/calore-serif-font-typoraith-co/?tab=techSpecs
[2026-04-28T08:41:10Z] #266 attempt=1/2 status=200 0.444s url=https://www.myfonts.com/products/italic-rcl-slicer-1141108
[2026-04-28T08:41:11Z] #267 attempt=1/2 status=200 0.598s url=https://www.myfonts.com/collections/rcl-slicer-font-jafar07/
[2026-04-28T08:41:12Z] #268 attempt=1/2 status=200 0.563s url=https://www.myfonts.com/collections/rcl-slicer-font-jafar07/?tab=techSpecs
[2026-04-28T08:41:13Z] #269 attempt=1/2 status=200 0.432s url=https://www.myfonts.com/products/norm-black-hop-compressed-1140467
[2026-04-28T08:41:14Z] #270 attempt=1/2 status=200 0.611s url=https://www.myfonts.com/collections/hop-compressed-font-pizzatypefaces/
[2026-04-28T08:41:15Z] #271 attempt=1/2 status=200 0.827s url=https://www.myfonts.com/collections/hop-compressed-font-pizzatypefaces/?tab=techSpecs
[2026-04-28T08:41:16Z] #272 attempt=1/2 status=200 0.399s url=https://www.myfonts.com/products/shadow-shadow-fox-glima-1140420
[2026-04-28T08:41:17Z] #273 attempt=1/2 status=200 0.664s url=https://www.myfonts.com/collections/fox-glima-font-fox7/
[2026-04-28T08:41:18Z] #274 attempt=1/2 status=200 0.185s url=https://www.myfonts.com/collections/fox-glima-font-fox7/?tab=techSpecs
[2026-04-28T08:41:19Z] #275 attempt=1/2 status=200 0.342s url=https://www.myfonts.com/products/galina-reany-regular-mc-galina-reany-1140495
[2026-04-28T08:41:19Z] #276 attempt=1/2 status=200 0.410s url=https://www.myfonts.com/collections/mc-galina-reany-font-maulana-creative/
[2026-04-28T08:41:20Z] #277 attempt=1/2 status=200 0.163s url=https://www.myfonts.com/collections/mc-galina-reany-font-maulana-creative/?tab=techSpecs
[2026-04-28T08:41:21Z] #278 attempt=1/2 status=200 0.400s url=https://www.myfonts.com/products/regular-manhika-neddac-1140450
[2026-04-28T08:41:21Z] #279 attempt=1/2 status=200 0.479s url=https://www.myfonts.com/collections/manhika-neddac-font-letterena-studios/
[2026-04-28T08:41:22Z] #280 attempt=1/2 status=200 0.173s url=https://www.myfonts.com/collections/manhika-neddac-font-letterena-studios/?tab=techSpecs
[2026-04-28T08:41:23Z] #281 attempt=1/2 status=200 0.235s url=https://www.myfonts.com/products/mo-t-sandman-retrogram-mot-sandman-1140434
[2026-04-28T08:41:24Z] #282 attempt=1/2 status=200 0.305s url=https://www.myfonts.com/collections/mot-sandman-font-monsters-of-type/
[2026-04-28T08:41:24Z] #283 attempt=1/2 status=200 0.170s url=https://www.myfonts.com/collections/mot-sandman-font-monsters-of-type/?tab=techSpecs
[2026-04-28T08:41:25Z] #284 attempt=1/2 status=200 0.350s url=https://www.myfonts.com/products/regular-sunday-atelier-1141095
[2026-04-28T08:41:26Z] #285 attempt=1/2 status=200 0.461s url=https://www.myfonts.com/collections/sunday-atelier-font-cocodesign/
[2026-04-28T08:41:26Z] #286 attempt=1/2 status=200 0.437s url=https://www.myfonts.com/collections/sunday-atelier-font-cocodesign/?tab=techSpecs
[2026-04-28T08:41:27Z] #287 attempt=1/2 status=200 0.285s url=https://www.myfonts.com/products/oblique-regular-neuev-juanto-1140427
[2026-04-28T08:41:28Z] #288 attempt=1/2 status=200 0.734s url=https://www.myfonts.com/collections/neuev-juanto-font-black-junst/
[2026-04-28T08:41:29Z] #289 attempt=1/2 status=200 0.529s url=https://www.myfonts.com/collections/neuev-juanto-font-black-junst/?tab=techSpecs
[2026-04-28T08:41:31Z] #290 attempt=1/2 status=200 0.444s url=https://www.myfonts.com/products/strong-ingos-marker-hand-1140398
[2026-04-28T08:41:32Z] #291 attempt=1/2 status=200 0.910s url=https://www.myfonts.com/collections/ingos-marker-hand-font-ingo/
[2026-04-28T08:41:33Z] #292 attempt=1/2 status=200 0.625s url=https://www.myfonts.com/collections/ingos-marker-hand-font-ingo/?tab=techSpecs
[2026-04-28T08:41:34Z] #293 attempt=1/2 status=200 0.332s url=https://www.myfonts.com/products/regular-lt-verola-1140405
[2026-04-28T08:41:34Z] #294 attempt=1/2 status=200 0.279s url=https://www.myfonts.com/collections/lt-verola-font-sigit-nurcholis/
[2026-04-28T08:41:35Z] #295 attempt=1/2 status=200 0.351s url=https://www.myfonts.com/collections/lt-verola-font-sigit-nurcholis/?tab=techSpecs
[2026-04-28T08:41:36Z] #296 attempt=1/2 status=200 0.630s url=https://www.myfonts.com/products/lutschine-bold-con-x3-lutschine-1139485
[2026-04-28T08:41:38Z] #297 attempt=1/2 status=200 1.239s url=https://www.myfonts.com/collections/lutschine-font-rohh/
[2026-04-28T08:41:39Z] #298 attempt=1/2 status=200 1.123s url=https://www.myfonts.com/collections/lutschine-font-rohh/?tab=techSpecs
[2026-04-28T08:41:41Z] #299 attempt=1/2 status=200 0.343s url=https://www.myfonts.com/products/formelo-sketchy-solid-regular-formelo-sketchy-double-1141087
[2026-04-28T08:41:42Z] #300 attempt=1/2 status=200 0.663s url=https://www.myfonts.com/collections/formelo-sketchy-double-font-tini-fitriani/
[2026-04-28T08:41:43Z] #301 attempt=1/2 status=200 0.463s url=https://www.myfonts.com/collections/formelo-sketchy-double-font-tini-fitriani/?tab=techSpecs
[2026-04-28T08:41:44Z] #302 attempt=1/2 status=200 0.604s url=https://www.myfonts.com/products/regular-ophelia-story-1140384
[2026-04-28T08:41:45Z] #303 attempt=1/2 status=200 0.432s url=https://www.myfonts.com/collections/ophelia-story-font-sarid-ezra/
[2026-04-28T08:41:45Z] #304 attempt=1/2 status=200 0.132s url=https://www.myfonts.com/collections/ophelia-story-font-sarid-ezra/?tab=techSpecs
[2026-04-28T08:41:46Z] #305 attempt=1/2 status=200 0.559s url=https://www.myfonts.com/products/regular-luxento-1140179
[2026-04-28T08:41:47Z] #306 attempt=1/2 status=200 0.335s url=https://www.myfonts.com/collections/luxento-font-twinletter/
[2026-04-28T08:41:47Z] #307 attempt=1/2 status=200 0.298s url=https://www.myfonts.com/collections/luxento-font-twinletter/?tab=techSpecs
[2026-04-28T08:41:48Z] #308 attempt=1/2 status=200 0.427s url=https://www.myfonts.com/products/regular-pixelota-1140193
[2026-04-28T08:41:49Z] #309 attempt=1/2 status=200 0.680s url=https://www.myfonts.com/collections/pixelota-font-gleb-guralnyk/
[2026-04-28T08:41:50Z] #310 attempt=1/2 status=200 0.364s url=https://www.myfonts.com/collections/pixelota-font-gleb-guralnyk/?tab=techSpecs
[2026-04-28T08:41:51Z] #311 attempt=1/2 status=200 0.565s url=https://www.myfonts.com/products/mogranx-bold-semi-expanded-mogranx-variable-1141034
[2026-04-28T08:41:53Z] #312 attempt=1/2 status=200 2.085s url=https://www.myfonts.com/collections/mogranx-variable-font-aqeela-studio/
[2026-04-28T08:41:55Z] #313 attempt=1/2 status=200 0.279s url=https://www.myfonts.com/collections/mogranx-variable-font-aqeela-studio/?tab=techSpecs
[2026-04-28T08:41:56Z] #314 attempt=1/2 status=200 0.443s url=https://www.myfonts.com/products/thin-italic-balikan-1140106
[2026-04-28T08:41:57Z] #315 attempt=1/2 status=200 0.754s url=https://www.myfonts.com/collections/balikan-font-laroyba-type/
[2026-04-28T08:41:58Z] #316 attempt=1/2 status=200 0.796s url=https://www.myfonts.com/collections/balikan-font-laroyba-type/?tab=techSpecs
[2026-04-28T08:41:59Z] #317 attempt=1/2 status=200 0.348s url=https://www.myfonts.com/products/regular-honeyline-1140178
[2026-04-28T08:42:00Z] #318 attempt=1/2 status=200 0.446s url=https://www.myfonts.com/collections/honeyline-font-hipfonts/
[2026-04-28T08:42:01Z] #319 attempt=1/2 status=200 0.763s url=https://www.myfonts.com/collections/honeyline-font-hipfonts/?tab=techSpecs
[2026-04-28T08:42:02Z] #320 attempt=1/2 status=200 0.656s url=https://www.myfonts.com/products/regular-larovie-1140096
[2026-04-28T08:42:03Z] #321 attempt=1/2 status=200 0.517s url=https://www.myfonts.com/collections/larovie-font-qweera-studio/
[2026-04-28T08:42:04Z] #322 attempt=1/2 status=200 0.341s url=https://www.myfonts.com/collections/larovie-font-qweera-studio/?tab=techSpecs
[2026-04-28T08:42:05Z] #323 attempt=1/2 status=200 0.409s url=https://www.myfonts.com/products/extra-bold-italic-catalize-1139377
[2026-04-28T08:42:06Z] #324 attempt=1/2 status=200 0.669s url=https://www.myfonts.com/collections/catalize-font-degarism-studio/
[2026-04-28T08:42:06Z] #325 attempt=1/2 status=200 0.150s url=https://www.myfonts.com/collections/catalize-font-degarism-studio/?tab=techSpecs
[2026-04-28T08:42:08Z] #326 attempt=1/2 status=200 0.546s url=https://www.myfonts.com/products/bold-italic-laviossa-nova-1140089
[2026-04-28T08:42:09Z] #327 attempt=1/2 status=200 0.624s url=https://www.myfonts.com/collections/laviossa-nova-font-jehoo-creative/
[2026-04-28T08:42:10Z] #328 attempt=1/2 status=200 0.569s url=https://www.myfonts.com/collections/laviossa-nova-font-jehoo-creative/?tab=techSpecs
[2026-04-28T08:42:12Z] #329 attempt=1/6 status=200 0.798s url=https://www.myfonts.com/products.json?limit=100&page=14
[2026-04-28T08:42:12Z] #330 attempt=1/2 status=200 0.395s url=https://www.myfonts.com/products/caps-oblique-herodevil-1140046
[2026-04-28T08:42:13Z] #331 attempt=1/2 status=200 0.527s url=https://www.myfonts.com/collections/herodevil-font-jk-typeface/
[2026-04-28T08:42:14Z] #332 attempt=1/2 status=200 0.490s url=https://www.myfonts.com/collections/herodevil-font-jk-typeface/?tab=techSpecs
[2026-04-28T08:42:15Z] #333 attempt=1/2 status=200 0.394s url=https://www.myfonts.com/products/italic-stellaviva-1139327
[2026-04-28T08:42:16Z] #334 attempt=1/2 status=200 0.761s url=https://www.myfonts.com/collections/stellaviva-font-ghozai-studio/
[2026-04-28T08:42:16Z] #335 attempt=1/2 status=200 0.174s url=https://www.myfonts.com/collections/stellaviva-font-ghozai-studio/?tab=techSpecs
[2026-04-28T08:42:18Z] #336 attempt=1/2 status=200 0.393s url=https://www.myfonts.com/products/regular-handling-baltens-1140039
[2026-04-28T08:42:18Z] #337 attempt=1/2 status=200 0.496s url=https://www.myfonts.com/collections/handling-baltens-font-letterena-studios/
[2026-04-28T08:42:19Z] #338 attempt=1/2 status=200 0.404s url=https://www.myfonts.com/collections/handling-baltens-font-letterena-studios/?tab=techSpecs
[2026-04-28T08:42:20Z] #339 attempt=1/2 status=200 0.308s url=https://www.myfonts.com/products/regular-kifah-1139850
[2026-04-28T08:42:21Z] #340 attempt=1/2 status=200 0.512s url=https://www.myfonts.com/collections/kifah-font-namela/
[2026-04-28T08:42:22Z] #341 attempt=1/2 status=200 0.498s url=https://www.myfonts.com/collections/kifah-font-namela/?tab=techSpecs
[2026-04-28T08:42:23Z] #342 attempt=1/2 status=200 0.299s url=https://www.myfonts.com/products/regular-komata-1141350
[2026-04-28T08:42:24Z] #343 attempt=1/2 status=200 0.420s url=https://www.myfonts.com/collections/komata-font-artiveko/
[2026-04-28T08:42:24Z] #344 attempt=1/2 status=200 0.358s url=https://www.myfonts.com/collections/komata-font-artiveko/?tab=techSpecs
[2026-04-28T08:42:26Z] #345 attempt=1/2 status=200 0.506s url=https://www.myfonts.com/products/outline-italic-kibtah-1139843
[2026-04-28T08:42:27Z] #346 attempt=1/2 status=200 0.895s url=https://www.myfonts.com/collections/kibtah-font-namela/
[2026-04-28T08:42:27Z] #347 attempt=1/2 status=200 0.434s url=https://www.myfonts.com/collections/kibtah-font-namela/?tab=techSpecs
[2026-04-28T08:42:29Z] #348 attempt=1/2 status=200 0.340s url=https://www.myfonts.com/products/regular-cavario-1139302
[2026-04-28T08:42:29Z] #349 attempt=1/2 status=200 0.152s url=https://www.myfonts.com/collections/cavario-font-divora-type/
[2026-04-28T08:42:30Z] #350 attempt=1/2 status=200 0.133s url=https://www.myfonts.com/collections/cavario-font-divora-type/?tab=techSpecs
[2026-04-28T08:42:31Z] #351 attempt=1/2 status=200 0.291s url=https://www.myfonts.com/products/regular-milk-pie-1140177
[2026-04-28T08:42:31Z] #352 attempt=1/2 status=200 0.601s url=https://www.myfonts.com/collections/milk-pie-font-epiclinez/
[2026-04-28T08:42:32Z] #353 attempt=1/2 status=200 0.127s url=https://www.myfonts.com/collections/milk-pie-font-epiclinez/?tab=techSpecs
[2026-04-28T08:42:33Z] #354 attempt=1/2 status=200 0.321s url=https://www.myfonts.com/products/italic-gremont-arquela-1139267
[2026-04-28T08:42:33Z] #355 attempt=1/2 status=200 0.417s url=https://www.myfonts.com/collections/gremont-arquela-font-qweera-studio/
[2026-04-28T08:42:34Z] #356 attempt=1/2 status=200 0.171s url=https://www.myfonts.com/collections/gremont-arquela-font-qweera-studio/?tab=techSpecs
[2026-04-28T08:42:35Z] #357 attempt=1/2 status=200 0.295s url=https://www.myfonts.com/products/regular-velmorai-1139971
[2026-04-28T08:42:36Z] #358 attempt=1/2 status=200 0.500s url=https://www.myfonts.com/collections/velmorai-font-agung-sudirman/
[2026-04-28T08:42:36Z] #359 attempt=1/2 status=200 0.438s url=https://www.myfonts.com/collections/velmorai-font-agung-sudirman/?tab=techSpecs
[2026-04-28T08:42:38Z] #360 attempt=1/2 status=200 0.308s url=https://www.myfonts.com/products/regular-sunny-chunk-1140920
[2026-04-28T08:42:38Z] #361 attempt=1/2 status=200 0.509s url=https://www.myfonts.com/collections/sunny-chunk-font-cocodesign/
[2026-04-28T08:42:39Z] #362 attempt=1/2 status=200 0.211s url=https://www.myfonts.com/collections/sunny-chunk-font-cocodesign/?tab=techSpecs
[2026-04-28T08:42:40Z] #363 attempt=1/2 status=200 0.332s url=https://www.myfonts.com/products/stamp-italic-rosebite-1141313
[2026-04-28T08:42:41Z] #364 attempt=1/2 status=200 0.644s url=https://www.myfonts.com/collections/rosebite-font-graphicfresh/
[2026-04-28T08:42:42Z] #365 attempt=1/2 status=200 0.625s url=https://www.myfonts.com/collections/rosebite-font-graphicfresh/?tab=techSpecs
[2026-04-28T08:42:43Z] #366 attempt=1/2 status=200 0.452s url=https://www.myfonts.com/products/libston-ornament-regular-fd-libston-1139786
[2026-04-28T08:42:44Z] #367 attempt=1/2 status=200 0.419s url=https://www.myfonts.com/collections/fd-libston-font-fortunes-co/
[2026-04-28T08:42:44Z] #368 attempt=1/2 status=200 0.137s url=https://www.myfonts.com/collections/fd-libston-font-fortunes-co/?tab=techSpecs
[2026-04-28T08:42:45Z] #369 attempt=1/2 status=200 0.256s url=https://www.myfonts.com/products/regular-cheery-buds-1140793
[2026-04-28T08:42:46Z] #370 attempt=1/2 status=200 0.303s url=https://www.myfonts.com/collections/cheery-buds-font-unicode-studio/
[2026-04-28T08:42:46Z] #371 attempt=1/2 status=200 0.143s url=https://www.myfonts.com/collections/cheery-buds-font-unicode-studio/?tab=techSpecs
[2026-04-28T08:42:47Z] #372 attempt=1/2 status=200 0.423s url=https://www.myfonts.com/products/bold-leslie-crayon-1139721
[2026-04-28T08:42:48Z] #373 attempt=1/2 status=200 0.706s url=https://www.myfonts.com/collections/leslie-crayon-font-sipanji21/
[2026-04-28T08:42:48Z] #374 attempt=1/2 status=200 0.146s url=https://www.myfonts.com/collections/leslie-crayon-font-sipanji21/?tab=techSpecs
[2026-04-28T08:42:50Z] #375 attempt=1/2 status=200 0.382s url=https://www.myfonts.com/products/light-italic-lineon-sans-1139252
[2026-04-28T08:42:50Z] #376 attempt=1/2 status=200 0.568s url=https://www.myfonts.com/collections/lineon-sans-font-ghozai-studio/
[2026-04-28T08:42:51Z] #377 attempt=1/2 status=200 0.536s url=https://www.myfonts.com/collections/lineon-sans-font-ghozai-studio/?tab=techSpecs
[2026-04-28T08:42:52Z] #378 attempt=1/2 status=200 0.331s url=https://www.myfonts.com/products/italic-qontra-1139818
[2026-04-28T08:42:53Z] #379 attempt=1/2 status=200 0.428s url=https://www.myfonts.com/collections/qontra-font-qweera-studio/
[2026-04-28T08:42:54Z] #380 attempt=1/2 status=200 0.156s url=https://www.myfonts.com/collections/qontra-font-qweera-studio/?tab=techSpecs
[2026-04-28T08:42:55Z] #381 attempt=1/2 status=200 0.342s url=https://www.myfonts.com/products/italic-montriva-1139636
[2026-04-28T08:42:56Z] #382 attempt=1/2 status=200 0.590s url=https://www.myfonts.com/collections/montriva-font-muksal-creatives/
[2026-04-28T08:42:56Z] #383 attempt=1/2 status=200 0.189s url=https://www.myfonts.com/collections/montriva-font-muksal-creatives/?tab=techSpecs
[2026-04-28T08:42:57Z] #384 attempt=1/2 status=200 0.300s url=https://www.myfonts.com/products/blue-knockwork-1139714
[2026-04-28T08:42:58Z] #385 attempt=1/2 status=200 0.624s url=https://www.myfonts.com/collections/knockwork-font-rashdrawn/
[2026-04-28T08:42:59Z] #386 attempt=1/2 status=200 0.369s url=https://www.myfonts.com/collections/knockwork-font-rashdrawn/?tab=techSpecs
[2026-04-28T08:43:00Z] #387 attempt=1/2 status=200 0.321s url=https://www.myfonts.com/products/extra-light-craville-1139692
[2026-04-28T08:43:01Z] #388 attempt=1/2 status=200 0.538s url=https://www.myfonts.com/collections/craville-font-glyphminds-studios/
[2026-04-28T08:43:02Z] #389 attempt=1/2 status=200 0.596s url=https://www.myfonts.com/collections/craville-font-glyphminds-studios/?tab=techSpecs
[2026-04-28T08:43:03Z] #390 attempt=1/2 status=200 0.391s url=https://www.myfonts.com/products/italic-absolute-glows-1140069
[2026-04-28T08:43:04Z] #391 attempt=1/2 status=200 0.669s url=https://www.myfonts.com/collections/absolute-glows-font-shakira-studio/
[2026-04-28T08:43:04Z] #392 attempt=1/2 status=200 0.169s url=https://www.myfonts.com/collections/absolute-glows-font-shakira-studio/?tab=techSpecs
[2026-04-28T08:43:05Z] #393 attempt=1/2 status=200 0.359s url=https://www.myfonts.com/products/regular-valtine-1139236
[2026-04-28T08:43:06Z] #394 attempt=1/2 status=200 0.570s url=https://www.myfonts.com/collections/valtine-font-craft-supply-co/
[2026-04-28T08:43:07Z] #395 attempt=1/2 status=200 0.177s url=https://www.myfonts.com/collections/valtine-font-craft-supply-co/?tab=techSpecs
[2026-04-28T08:43:08Z] #396 attempt=1/2 status=200 0.347s url=https://www.myfonts.com/products/medium-italic-klopfzeichen-1139582
[2026-04-28T08:43:08Z] #397 attempt=1/2 status=200 0.450s url=https://www.myfonts.com/collections/klopfzeichen-font-mysterian/
[2026-04-28T08:43:09Z] #398 attempt=1/2 status=200 0.140s url=https://www.myfonts.com/collections/klopfzeichen-font-mysterian/?tab=techSpecs
[2026-04-28T08:43:10Z] #399 attempt=1/2 status=200 0.482s url=https://www.myfonts.com/products/regular-shelvia-montanila-sans-1140536
[2026-04-28T08:43:11Z] #400 attempt=1/2 status=200 0.581s url=https://www.myfonts.com/collections/shelvia-montanila-sans-font-arterfak-project/
[2026-04-28T08:43:12Z] #401 attempt=1/2 status=200 0.491s url=https://www.myfonts.com/collections/shelvia-montanila-sans-font-arterfak-project/?tab=techSpecs
[2026-04-28T08:43:13Z] #402 attempt=1/2 status=200 0.378s url=https://www.myfonts.com/products/bold-fusiform-1139222
[2026-04-28T08:43:14Z] #403 attempt=1/2 status=200 0.651s url=https://www.myfonts.com/collections/fusiform-font-hanken-design-co/
[2026-04-28T08:43:15Z] #404 attempt=1/2 status=200 0.743s url=https://www.myfonts.com/collections/fusiform-font-hanken-design-co/?tab=techSpecs
[2026-04-28T08:43:16Z] #405 attempt=1/2 status=200 0.509s url=https://www.myfonts.com/products/italic-stupid-thing-1140033
[2026-04-28T08:43:17Z] #406 attempt=1/2 status=200 0.504s url=https://www.myfonts.com/collections/stupid-thing-font-pizzadudedk/
[2026-04-28T08:43:17Z] #407 attempt=1/2 status=200 0.166s url=https://www.myfonts.com/collections/stupid-thing-font-pizzadudedk/?tab=techSpecs
[2026-04-28T08:43:19Z] #408 attempt=1/2 status=200 0.355s url=https://www.myfonts.com/products/black-actuarius-1139685
[2026-04-28T08:43:20Z] #409 attempt=1/2 status=200 0.781s url=https://www.myfonts.com/collections/actuarius-font-eurotypo/
[2026-04-28T08:43:20Z] #410 attempt=1/2 status=200 0.159s url=https://www.myfonts.com/collections/actuarius-font-eurotypo/?tab=techSpecs
[2026-04-28T08:43:21Z] #411 attempt=1/2 status=200 0.287s url=https://www.myfonts.com/products/gatefor-regular-gatefor-1139283
[2026-04-28T08:43:22Z] #412 attempt=1/2 status=200 0.357s url=https://www.myfonts.com/collections/gatefor-font-razetype/
[2026-04-28T08:43:22Z] #413 attempt=1/2 status=200 0.224s url=https://www.myfonts.com/collections/gatefor-font-razetype/?tab=techSpecs
[2026-04-28T08:43:23Z] #414 attempt=1/2 status=200 0.318s url=https://www.myfonts.com/products/regular-street-legends-1140037
[2026-04-28T08:43:24Z] #415 attempt=1/2 status=200 0.202s url=https://www.myfonts.com/collections/street-legends-font-yoga-letter/
[2026-04-28T08:43:24Z] #416 attempt=1/2 status=200 0.165s url=https://www.myfonts.com/collections/street-legends-font-yoga-letter/?tab=techSpecs
[2026-04-28T08:43:25Z] #417 attempt=1/2 status=200 0.405s url=https://www.myfonts.com/products/italic-oldpen-sunday-1139555
[2026-04-28T08:43:26Z] #418 attempt=1/2 status=200 0.445s url=https://www.myfonts.com/collections/oldpen-sunday-font-letterena-studios/
[2026-04-28T08:43:26Z] #419 attempt=1/2 status=200 0.525s url=https://www.myfonts.com/collections/oldpen-sunday-font-letterena-studios/?tab=techSpecs
[2026-04-28T08:43:28Z] #420 attempt=1/2 status=200 0.484s url=https://www.myfonts.com/products/distort-hambos-1141231
[2026-04-28T08:43:29Z] #421 attempt=1/2 status=200 0.578s url=https://www.myfonts.com/collections/hambos-font-kaidosan/
[2026-04-28T08:43:29Z] #422 attempt=1/2 status=200 0.168s url=https://www.myfonts.com/collections/hambos-font-kaidosan/?tab=techSpecs
[2026-04-28T08:43:30Z] #423 attempt=1/2 status=200 0.349s url=https://www.myfonts.com/products/script-singha-prestige-1139865
[2026-04-28T08:43:31Z] #424 attempt=1/2 status=200 0.555s url=https://www.myfonts.com/collections/singha-prestige-font-burntilldead/
[2026-04-28T08:43:32Z] #425 attempt=1/2 status=200 0.787s url=https://www.myfonts.com/collections/singha-prestige-font-burntilldead/?tab=techSpecs
[2026-04-28T08:43:33Z] #426 attempt=1/2 status=200 0.462s url=https://www.myfonts.com/products/slanted-bougene-1139204
[2026-04-28T08:43:34Z] #427 attempt=1/2 status=200 0.489s url=https://www.myfonts.com/collections/bougene-font-sekyra-lab/
[2026-04-28T08:43:35Z] #428 attempt=1/2 status=200 0.256s url=https://www.myfonts.com/collections/bougene-font-sekyra-lab/?tab=techSpecs
[2026-04-28T08:43:36Z] #429 attempt=1/2 status=200 0.333s url=https://www.myfonts.com/products/regular-walds-misery-1139282
[2026-04-28T08:43:36Z] #430 attempt=1/2 status=200 0.331s url=https://www.myfonts.com/collections/walds-misery-font-tini-fitriani/
[2026-04-28T08:43:37Z] #431 attempt=1/2 status=200 0.246s url=https://www.myfonts.com/collections/walds-misery-font-tini-fitriani/?tab=techSpecs
[2026-04-28T08:43:38Z] #432 attempt=1/2 status=200 0.323s url=https://www.myfonts.com/products/regular-gc-akihiko-1139803
[2026-04-28T08:43:39Z] #433 attempt=1/2 status=200 0.878s url=https://www.myfonts.com/collections/gc-akihiko-font-onyx-studio/
[2026-04-28T08:43:39Z] #434 attempt=1/2 status=200 0.189s url=https://www.myfonts.com/collections/gc-akihiko-font-onyx-studio/?tab=techSpecs
[2026-04-28T08:43:41Z] #435 attempt=1/2 status=200 0.398s url=https://www.myfonts.com/products/black-wasa-1139629
[2026-04-28T08:43:41Z] #436 attempt=1/2 status=200 0.610s url=https://www.myfonts.com/collections/wasa-font-pizzatypefaces/
[2026-04-28T08:43:42Z] #437 attempt=1/2 status=200 0.157s url=https://www.myfonts.com/collections/wasa-font-pizzatypefaces/?tab=techSpecs
[2026-04-28T08:43:43Z] #438 attempt=1/2 status=200 0.296s url=https://www.myfonts.com/products/regular-zathura-1141240
[2026-04-28T08:43:44Z] #439 attempt=1/2 status=200 0.719s url=https://www.myfonts.com/collections/zathura-font-flawlessandco/
[2026-04-28T08:43:45Z] #440 attempt=1/2 status=200 0.301s url=https://www.myfonts.com/collections/zathura-font-flawlessandco/?tab=techSpecs
[2026-04-28T08:43:46Z] #441 attempt=1/2 status=200 0.417s url=https://www.myfonts.com/products/regular-roowgen-1139269
[2026-04-28T08:43:46Z] #442 attempt=1/2 status=200 0.124s url=https://www.myfonts.com/collections/roowgen-font-qweera-studio/
[2026-04-28T08:43:47Z] #443 attempt=1/2 status=200 0.644s url=https://www.myfonts.com/collections/roowgen-font-qweera-studio/?tab=techSpecs
[2026-04-28T08:43:49Z] #444 attempt=1/2 status=200 0.375s url=https://www.myfonts.com/products/italic-oyko-1139195
[2026-04-28T08:43:50Z] #445 attempt=1/2 status=200 0.504s url=https://www.myfonts.com/collections/oyko-font-the-northern-block/
[2026-04-28T08:43:51Z] #446 attempt=1/2 status=200 0.488s url=https://www.myfonts.com/collections/oyko-font-the-northern-block/?tab=techSpecs
[2026-04-28T08:43:52Z] #447 attempt=1/2 status=200 0.318s url=https://www.myfonts.com/products/oblique-lawthis-1139795
[2026-04-28T08:43:53Z] #448 attempt=1/2 status=200 0.536s url=https://www.myfonts.com/collections/lawthis-font-burntilldead/
[2026-04-28T08:43:54Z] #449 attempt=1/2 status=200 0.414s url=https://www.myfonts.com/collections/lawthis-font-burntilldead/?tab=techSpecs
[2026-04-28T08:43:55Z] #450 attempt=1/2 status=200 0.396s url=https://www.myfonts.com/products/regular-lick-your-heart-1140497
[2026-04-28T08:43:56Z] #451 attempt=1/2 status=200 0.702s url=https://www.myfonts.com/collections/lick-your-heart-font-pizzadudedk/
[2026-04-28T08:43:56Z] #452 attempt=1/2 status=200 0.199s url=https://www.myfonts.com/collections/lick-your-heart-font-pizzadudedk/?tab=techSpecs
[2026-04-28T08:43:58Z] #453 attempt=1/6 status=200 0.735s url=https://www.myfonts.com/products.json?limit=100&page=15
[2026-04-28T08:43:59Z] #454 attempt=1/2 status=200 0.360s url=https://www.myfonts.com/products/regular-biegen-1139238
[2026-04-28T08:43:59Z] #455 attempt=1/2 status=200 0.351s url=https://www.myfonts.com/collections/biegen-font-akanksha-rawat/
[2026-04-28T08:44:00Z] #456 attempt=1/2 status=200 0.214s url=https://www.myfonts.com/collections/biegen-font-akanksha-rawat/?tab=techSpecs
[2026-04-28T08:44:01Z] #457 attempt=1/2 status=200 0.307s url=https://www.myfonts.com/products/condensed-gw-lazor-1141200
[2026-04-28T08:44:01Z] #458 attempt=1/2 status=200 0.623s url=https://www.myfonts.com/collections/gw-lazor-font-goodwheel-studio/
[2026-04-28T08:44:02Z] #459 attempt=1/2 status=200 0.142s url=https://www.myfonts.com/collections/gw-lazor-font-goodwheel-studio/?tab=techSpecs
[2026-04-28T08:44:03Z] #460 attempt=1/2 status=200 0.517s url=https://www.myfonts.com/products/regular-saddle-nomad-1139845
[2026-04-28T08:44:04Z] #461 attempt=1/2 status=200 0.379s url=https://www.myfonts.com/collections/saddle-nomad-font-letterena-studios/
[2026-04-28T08:44:05Z] #462 attempt=1/2 status=200 0.451s url=https://www.myfonts.com/collections/saddle-nomad-font-letterena-studios/?tab=techSpecs
[2026-04-28T08:44:06Z] #463 attempt=1/2 status=200 0.290s url=https://www.myfonts.com/products/extra-bold-italic-plakart-1139615
[2026-04-28T08:44:07Z] #464 attempt=1/2 status=200 0.672s url=https://www.myfonts.com/collections/plakart-font-mabutype/
[2026-04-28T08:44:07Z] #465 attempt=1/2 status=200 0.410s url=https://www.myfonts.com/collections/plakart-font-mabutype/?tab=techSpecs
[2026-04-28T08:44:09Z] #466 attempt=1/2 status=200 0.358s url=https://www.myfonts.com/products/italic-gradvis-1139743
[2026-04-28T08:44:10Z] #467 attempt=1/2 status=200 0.994s url=https://www.myfonts.com/collections/gradvis-font-heinzel-std/
[2026-04-28T08:44:11Z] #468 attempt=1/2 status=200 1.045s url=https://www.myfonts.com/collections/gradvis-font-heinzel-std/?tab=techSpecs
[2026-04-28T08:44:12Z] #469 attempt=1/2 status=200 0.305s url=https://www.myfonts.com/products/medium-knul-1139184
[2026-04-28T08:44:13Z] #470 attempt=1/2 status=200 0.651s url=https://www.myfonts.com/collections/knul-font-the-northern-block/
[2026-04-28T08:44:14Z] #471 attempt=1/2 status=200 0.583s url=https://www.myfonts.com/collections/knul-font-the-northern-block/?tab=techSpecs
[2026-04-28T08:44:15Z] #472 attempt=1/2 status=200 0.401s url=https://www.myfonts.com/products/regular-lomoonic-1139565
[2026-04-28T08:44:16Z] #473 attempt=1/2 status=200 0.281s url=https://www.myfonts.com/collections/lomoonic-font-rasio-studio/
[2026-04-28T08:44:17Z] #474 attempt=1/2 status=200 0.342s url=https://www.myfonts.com/collections/lomoonic-font-rasio-studio/?tab=techSpecs
[2026-04-28T08:44:17Z] #475 attempt=1/2 status=200 0.281s url=https://www.myfonts.com/products/regular-easter-dreams-1139205
[2026-04-28T08:44:18Z] #476 attempt=1/2 status=200 0.149s url=https://www.myfonts.com/collections/easter-dreams-font-yoga-letter/
[2026-04-28T08:44:18Z] #477 attempt=1/2 status=200 0.172s url=https://www.myfonts.com/collections/easter-dreams-font-yoga-letter/?tab=techSpecs
[2026-04-28T08:44:19Z] #478 attempt=1/2 status=200 0.280s url=https://www.myfonts.com/products/regular-rose-amoure-1140448
[2026-04-28T08:44:19Z] #479 attempt=1/2 status=200 0.345s url=https://www.myfonts.com/collections/rose-amoure-font-ergibi-studio/
[2026-04-28T08:44:20Z] #480 attempt=1/2 status=200 0.171s url=https://www.myfonts.com/collections/rose-amoure-font-ergibi-studio/?tab=techSpecs
[2026-04-28T08:44:21Z] #481 attempt=1/2 status=200 0.432s url=https://www.myfonts.com/products/black-viale-1139174
[2026-04-28T08:44:22Z] #482 attempt=1/2 status=200 0.414s url=https://www.myfonts.com/collections/viale-font-paratype/
[2026-04-28T08:44:22Z] #483 attempt=1/2 status=200 0.429s url=https://www.myfonts.com/collections/viale-font-paratype/?tab=techSpecs
[2026-04-28T08:44:23Z] #484 attempt=1/2 status=200 0.279s url=https://www.myfonts.com/products/italic-club-vacation-1139558
[2026-04-28T08:44:24Z] #485 attempt=1/2 status=200 0.393s url=https://www.myfonts.com/collections/club-vacation-font-letterena-studios/
[2026-04-28T08:44:25Z] #486 attempt=1/2 status=200 0.194s url=https://www.myfonts.com/collections/club-vacation-font-letterena-studios/?tab=techSpecs
[2026-04-28T08:44:26Z] #487 attempt=1/2 status=200 0.332s url=https://www.myfonts.com/products/regular-north-eternal-1140797
[2026-04-28T08:44:26Z] #488 attempt=1/2 status=200 0.364s url=https://www.myfonts.com/collections/north-eternal-font-denustudio/
[2026-04-28T08:44:27Z] #489 attempt=1/2 status=200 0.285s url=https://www.myfonts.com/collections/north-eternal-font-denustudio/?tab=techSpecs
[2026-04-28T08:44:28Z] #490 attempt=1/2 status=200 0.269s url=https://www.myfonts.com/products/regular-chanel-gleminore-1140437
[2026-04-28T08:44:28Z] #491 attempt=1/2 status=200 0.415s url=https://www.myfonts.com/collections/chanel-gleminore-font-timelesstype-studio/
[2026-04-28T08:44:29Z] #492 attempt=1/2 status=200 0.155s url=https://www.myfonts.com/collections/chanel-gleminore-font-timelesstype-studio/?tab=techSpecs
[2026-04-28T08:44:30Z] #493 attempt=1/2 status=200 0.294s url=https://www.myfonts.com/products/regular-book-tittle-1139380
[2026-04-28T08:44:30Z] #494 attempt=1/2 status=200 0.316s url=https://www.myfonts.com/collections/book-tittle-font-sensatype-studio/
[2026-04-28T08:44:31Z] #495 attempt=1/2 status=200 0.361s url=https://www.myfonts.com/collections/book-tittle-font-sensatype-studio/?tab=techSpecs
[2026-04-28T08:44:32Z] #496 attempt=1/2 status=200 0.299s url=https://www.myfonts.com/products/sans-outline-perfect-relationship-1139734
[2026-04-28T08:44:33Z] #497 attempt=1/2 status=200 0.614s url=https://www.myfonts.com/collections/perfect-relationship-font-agny-hasya-studio/
[2026-04-28T08:44:33Z] #498 attempt=1/2 status=200 0.140s url=https://www.myfonts.com/collections/perfect-relationship-font-agny-hasya-studio/?tab=techSpecs
[2026-04-28T08:44:34Z] #499 attempt=1/2 status=200 0.297s url=https://www.myfonts.com/products/two-chaos-block-1139812
[2026-04-28T08:44:35Z] #500 attempt=1/2 status=200 0.327s url=https://www.myfonts.com/collections/chaos-block-font-cocodesign/
[2026-04-28T08:44:35Z] #501 attempt=1/2 status=200 0.149s url=https://www.myfonts.com/collections/chaos-block-font-cocodesign/?tab=techSpecs
[2026-04-28T08:44:36Z] #502 attempt=1/2 status=200 0.300s url=https://www.myfonts.com/products/regular-smile-hug-1140389
[2026-04-28T08:44:37Z] #503 attempt=1/2 status=200 0.327s url=https://www.myfonts.com/collections/smile-hug-font-letterena-studios/
[2026-04-28T08:44:38Z] #504 attempt=1/2 status=200 0.465s url=https://www.myfonts.com/collections/smile-hug-font-letterena-studios/?tab=techSpecs
[2026-04-28T08:44:39Z] #505 attempt=1/2 status=200 0.300s url=https://www.myfonts.com/products/oblique-monety-1139798
[2026-04-28T08:44:39Z] #506 attempt=1/2 status=200 0.437s url=https://www.myfonts.com/collections/monety-font-burntilldead/
[2026-04-28T08:44:40Z] #507 attempt=1/2 status=200 0.426s url=https://www.myfonts.com/collections/monety-font-burntilldead/?tab=techSpecs
[2026-04-28T08:44:41Z] #508 attempt=1/2 status=200 0.366s url=https://www.myfonts.com/products/regular-zafira-1140180
[2026-04-28T08:44:42Z] #509 attempt=1/2 status=200 0.243s url=https://www.myfonts.com/collections/zafira-font-hipfonts/
[2026-04-28T08:44:42Z] #510 attempt=1/2 status=200 0.140s url=https://www.myfonts.com/collections/zafira-font-hipfonts/?tab=techSpecs
[2026-04-28T08:44:43Z] #511 attempt=1/2 status=200 0.453s url=https://www.myfonts.com/products/italic-rokke-1139306
[2026-04-28T08:44:44Z] #512 attempt=1/2 status=200 0.399s url=https://www.myfonts.com/collections/rokke-font-artiveko/
[2026-04-28T08:44:44Z] #513 attempt=1/2 status=200 0.153s url=https://www.myfonts.com/collections/rokke-font-artiveko/?tab=techSpecs
[2026-04-28T08:44:45Z] #514 attempt=1/2 status=200 0.297s url=https://www.myfonts.com/products/bold-burger-riot-1139398
[2026-04-28T08:44:46Z] #515 attempt=1/2 status=200 0.236s url=https://www.myfonts.com/collections/burger-riot-font-shanaf/
[2026-04-28T08:44:47Z] #516 attempt=1/2 status=200 0.550s url=https://www.myfonts.com/collections/burger-riot-font-shanaf/?tab=techSpecs
[2026-04-28T08:44:48Z] #517 attempt=1/2 status=200 0.348s url=https://www.myfonts.com/products/regular-ruthype-kongesti-1140556
[2026-04-28T08:44:49Z] #518 attempt=1/2 status=200 0.419s url=https://www.myfonts.com/collections/ruthype-kongesti-font-stylishtype-studio/
[2026-04-28T08:44:49Z] #519 attempt=1/2 status=200 0.143s url=https://www.myfonts.com/collections/ruthype-kongesti-font-stylishtype-studio/?tab=techSpecs
[2026-04-28T08:44:50Z] #520 attempt=1/2 status=200 0.396s url=https://www.myfonts.com/products/extra-bold-italic-sunfola-1139315
[2026-04-28T08:44:51Z] #521 attempt=1/2 status=200 0.182s url=https://www.myfonts.com/collections/sunfola-font-ghozai-studio/
[2026-04-28T08:44:51Z] #522 attempt=1/2 status=200 0.163s url=https://www.myfonts.com/collections/sunfola-font-ghozai-studio/?tab=techSpecs
[2026-04-28T08:44:52Z] #523 attempt=1/2 status=200 0.227s url=https://www.myfonts.com/products/slant-regular-monofrik-1139664
[2026-04-28T08:44:53Z] #524 attempt=1/2 status=200 0.395s url=https://www.myfonts.com/collections/monofrik-font-glyphminds-studios/
[2026-04-28T08:44:54Z] #525 attempt=1/2 status=200 0.527s url=https://www.myfonts.com/collections/monofrik-font-glyphminds-studios/?tab=techSpecs
[2026-04-28T08:44:55Z] #526 attempt=1/2 status=200 0.414s url=https://www.myfonts.com/products/italic-bogra-1139730
[2026-04-28T08:44:56Z] #527 attempt=1/2 status=200 0.448s url=https://www.myfonts.com/collections/bogra-font-grontype/
[2026-04-28T08:44:56Z] #528 attempt=1/2 status=200 0.125s url=https://www.myfonts.com/collections/bogra-font-grontype/?tab=techSpecs
[2026-04-28T08:44:57Z] #529 attempt=1/2 status=200 0.338s url=https://www.myfonts.com/products/medium-monch-neue-script-1139295
[2026-04-28T08:44:58Z] #530 attempt=1/2 status=200 0.596s url=https://www.myfonts.com/collections/monch-neue-script-font-monovo/
[2026-04-28T08:44:58Z] #531 attempt=1/2 status=200 0.145s url=https://www.myfonts.com/collections/monch-neue-script-font-monovo/?tab=techSpecs
[2026-04-28T08:45:00Z] #532 attempt=1/2 status=200 0.431s url=https://www.myfonts.com/products/regular-cynode-1139232
[2026-04-28T08:45:00Z] #533 attempt=1/2 status=200 0.489s url=https://www.myfonts.com/collections/cynode-font-craft-supply-co/
[2026-04-28T08:45:01Z] #534 attempt=1/2 status=200 0.645s url=https://www.myfonts.com/collections/cynode-font-craft-supply-co/?tab=techSpecs
[2026-04-28T08:45:03Z] #535 attempt=1/2 status=200 0.302s url=https://www.myfonts.com/products/italic-orsted-1139281
[2026-04-28T08:45:04Z] #536 attempt=1/2 status=200 0.761s url=https://www.myfonts.com/collections/orsted-font-tini-fitriani/
[2026-04-28T08:45:04Z] #537 attempt=1/2 status=200 0.140s url=https://www.myfonts.com/collections/orsted-font-tini-fitriani/?tab=techSpecs
[2026-04-28T08:45:06Z] #538 attempt=1/6 status=200 0.669s url=https://www.myfonts.com/products.json?limit=100&page=16
[2026-04-28T08:45:06Z] #539 attempt=1/2 status=200 0.434s url=https://www.myfonts.com/products/rough-avocado-hand-1139649
[2026-04-28T08:45:07Z] #540 attempt=1/2 status=200 0.839s url=https://www.myfonts.com/collections/avocado-hand-font-typographicdesign/
[2026-04-28T08:45:08Z] #541 attempt=1/2 status=200 0.163s url=https://www.myfonts.com/collections/avocado-hand-font-typographicdesign/?tab=techSpecs
[2026-04-28T08:45:09Z] #542 attempt=1/2 status=200 0.379s url=https://www.myfonts.com/products/regular-krochi-1139723
[2026-04-28T08:45:10Z] #543 attempt=1/2 status=200 0.459s url=https://www.myfonts.com/collections/krochi-font-grontype/
[2026-04-28T08:45:11Z] #544 attempt=1/2 status=200 0.364s url=https://www.myfonts.com/collections/krochi-font-grontype/?tab=techSpecs
[2026-04-28T08:45:12Z] #545 attempt=1/2 status=200 0.284s url=https://www.myfonts.com/products/italic-sm-ex-regular-medvilea-editorial-1140549
[2026-04-28T08:45:12Z] #546 attempt=1/2 status=200 0.536s url=https://www.myfonts.com/collections/medvilea-editorial-font-logic-type/
[2026-04-28T08:45:13Z] #547 attempt=1/2 status=200 0.164s url=https://www.myfonts.com/collections/medvilea-editorial-font-logic-type/?tab=techSpecs
[2026-04-28T08:45:14Z] #548 attempt=1/2 status=200 0.343s url=https://www.myfonts.com/products/regular-grady-1125665
[2026-04-28T08:45:15Z] #549 attempt=1/2 status=200 0.335s url=https://www.myfonts.com/collections/grady-font-sensatype-studio/
[2026-04-28T08:45:15Z] #550 attempt=1/2 status=200 0.144s url=https://www.myfonts.com/collections/grady-font-sensatype-studio/?tab=techSpecs
[2026-04-28T08:45:16Z] #551 attempt=1/2 status=200 0.291s url=https://www.myfonts.com/products/extra-bold-zenvora-1139645
[2026-04-28T08:45:17Z] #552 attempt=1/2 status=200 0.614s url=https://www.myfonts.com/collections/zenvora-font-muksal-creatives/
[2026-04-28T08:45:18Z] #553 attempt=1/2 status=200 0.423s url=https://www.myfonts.com/collections/zenvora-font-muksal-creatives/?tab=techSpecs
[2026-04-28T08:45:19Z] #554 attempt=1/2 status=200 0.285s url=https://www.myfonts.com/products/ranove-regular-ranove-1139245
[2026-04-28T08:45:19Z] #555 attempt=1/2 status=200 0.262s url=https://www.myfonts.com/collections/ranove-font-qiubare-studio/
[2026-04-28T08:45:20Z] #556 attempt=1/2 status=200 0.180s url=https://www.myfonts.com/collections/ranove-font-qiubare-studio/?tab=techSpecs
[2026-04-28T08:45:21Z] #557 attempt=1/2 status=200 0.522s url=https://www.myfonts.com/products/regular-miyukatsu-1139243
[2026-04-28T08:45:21Z] #558 attempt=1/2 status=200 0.404s url=https://www.myfonts.com/collections/miyukatsu-font-typeclassheroes/
[2026-04-28T08:45:22Z] #559 attempt=1/2 status=200 0.155s url=https://www.myfonts.com/collections/miyukatsu-font-typeclassheroes/?tab=techSpecs
[2026-04-28T08:45:23Z] #560 attempt=1/2 status=200 0.367s url=https://www.myfonts.com/products/regular-alestiqua-1139240
[2026-04-28T08:45:23Z] #561 attempt=1/2 status=200 0.164s url=https://www.myfonts.com/collections/alestiqua-font-rasio-studio/
[2026-04-28T08:45:24Z] #562 attempt=1/2 status=200 0.304s url=https://www.myfonts.com/collections/alestiqua-font-rasio-studio/?tab=techSpecs
[2026-04-28T08:45:25Z] #563 attempt=1/2 status=200 0.276s url=https://www.myfonts.com/products/regular-curator-mx-1139207
[2026-04-28T08:45:25Z] #564 attempt=1/2 status=200 0.312s url=https://www.myfonts.com/collections/curator-mx-font-etewut/
[2026-04-28T08:45:26Z] #565 attempt=1/2 status=200 0.175s url=https://www.myfonts.com/collections/curator-mx-font-etewut/?tab=techSpecs
[2026-04-28T08:45:27Z] #566 attempt=1/2 status=200 0.369s url=https://www.myfonts.com/products/regular-garitz-1140041
[2026-04-28T08:45:27Z] #567 attempt=1/2 status=200 0.308s url=https://www.myfonts.com/collections/garitz-font-sealoung/
[2026-04-28T08:45:28Z] #568 attempt=1/2 status=200 0.468s url=https://www.myfonts.com/collections/garitz-font-sealoung/?tab=techSpecs
[2026-04-28T08:45:29Z] #569 attempt=1/2 status=200 0.381s url=https://www.myfonts.com/products/narrow-slant-hn-rowka-mono-1141387
[2026-04-28T08:45:30Z] #570 attempt=1/2 status=200 0.864s url=https://www.myfonts.com/collections/hn-rowka-mono-font-hora-nocte-type-foundry/
[2026-04-28T08:45:31Z] #571 attempt=1/2 status=200 0.893s url=https://www.myfonts.com/collections/hn-rowka-mono-font-hora-nocte-type-foundry/?tab=techSpecs
[2026-04-28T08:45:32Z] #572 attempt=1/2 status=200 0.516s url=https://www.myfonts.com/products/cond-black-zekton-1133670
[2026-04-28T08:45:33Z] #573 attempt=1/2 status=200 0.151s url=https://www.myfonts.com/collections/zekton-font-typodermic/
[2026-04-28T08:45:34Z] #574 attempt=1/2 status=200 0.996s url=https://www.myfonts.com/collections/zekton-font-typodermic/?tab=techSpecs
[2026-04-28T08:45:35Z] #575 attempt=1/2 status=200 0.311s url=https://www.myfonts.com/products/italic-dusty-indigo-1140531
[2026-04-28T08:45:36Z] #576 attempt=1/2 status=200 0.515s url=https://www.myfonts.com/collections/dusty-indigo-font-stylishtype-studio/
[2026-04-28T08:45:37Z] #577 attempt=1/2 status=200 0.168s url=https://www.myfonts.com/collections/dusty-indigo-font-stylishtype-studio/?tab=techSpecs
[2026-04-28T08:45:39Z] #578 attempt=1/2 status=200 0.446s url=https://www.myfonts.com/products/regular-antex-1120287
[2026-04-28T08:45:40Z] #579 attempt=1/2 status=200 0.351s url=https://www.myfonts.com/collections/antex-font-casloop-studio/
[2026-04-28T08:45:41Z] #580 attempt=1/2 status=200 0.491s url=https://www.myfonts.com/collections/antex-font-casloop-studio/?tab=techSpecs
[2026-04-28T08:45:42Z] #581 attempt=1/2 status=200 0.316s url=https://www.myfonts.com/products/extra-light-galante-1115833
[2026-04-28T08:45:42Z] #582 attempt=1/2 status=200 0.424s url=https://www.myfonts.com/collections/galante-font-sensatype-studio/
[2026-04-28T08:45:43Z] #583 attempt=1/2 status=200 0.503s url=https://www.myfonts.com/collections/galante-font-sensatype-studio/?tab=techSpecs
[2026-04-28T08:45:44Z] #584 attempt=1/2 status=200 0.477s url=https://www.myfonts.com/products/regular-yanchep-1115841
[2026-04-28T08:45:45Z] #585 attempt=1/2 status=200 0.449s url=https://www.myfonts.com/collections/yanchep-font-epiclinez/
[2026-04-28T08:45:46Z] #586 attempt=1/2 status=200 0.373s url=https://www.myfonts.com/collections/yanchep-font-epiclinez/?tab=techSpecs
[2026-04-28T08:45:47Z] #587 attempt=1/2 status=200 0.434s url=https://www.myfonts.com/products/oblique-blinko-1141335
[2026-04-28T08:45:47Z] #588 attempt=1/2 status=200 0.494s url=https://www.myfonts.com/collections/blinko-font-jafar07/
[2026-04-28T08:45:48Z] #589 attempt=1/2 status=200 0.624s url=https://www.myfonts.com/collections/blinko-font-jafar07/?tab=techSpecs
[2026-04-28T08:45:50Z] #590 attempt=1/2 status=200 0.298s url=https://www.myfonts.com/products/regular-rude-brush-1140027
[2026-04-28T08:45:50Z] #591 attempt=1/2 status=200 0.474s url=https://www.myfonts.com/collections/rude-brush-font-inviline/
[2026-04-28T08:45:51Z] #592 attempt=1/2 status=200 0.172s url=https://www.myfonts.com/collections/rude-brush-font-inviline/?tab=techSpecs
[2026-04-28T08:45:52Z] #593 attempt=1/2 status=200 0.385s url=https://www.myfonts.com/products/oblique-golera-boldise-1139578
[2026-04-28T08:45:52Z] #594 attempt=1/2 status=200 0.518s url=https://www.myfonts.com/collections/golera-boldise-font-viaction-type/
[2026-04-28T08:45:53Z] #595 attempt=1/2 status=200 0.589s url=https://www.myfonts.com/collections/golera-boldise-font-viaction-type/?tab=techSpecs
[2026-04-28T08:45:54Z] #596 attempt=1/2 status=200 0.445s url=https://www.myfonts.com/products/regular-sour-candy-1141407
[2026-04-28T08:45:55Z] #597 attempt=1/2 status=200 0.308s url=https://www.myfonts.com/collections/sour-candy-font-littlehand/
[2026-04-28T08:45:55Z] #598 attempt=1/2 status=200 0.144s url=https://www.myfonts.com/collections/sour-candy-font-littlehand/?tab=techSpecs
[2026-04-28T08:45:57Z] #599 attempt=1/2 status=200 0.598s url=https://www.myfonts.com/products/regular-jalvair-1141332
[2026-04-28T08:45:57Z] #600 attempt=1/2 status=200 0.430s url=https://www.myfonts.com/collections/jalvair-font-youthlabs/
[2026-04-28T08:45:58Z] #601 attempt=1/2 status=200 0.401s url=https://www.myfonts.com/collections/jalvair-font-youthlabs/?tab=techSpecs
[2026-04-28T08:45:59Z] #602 attempt=1/2 status=200 0.376s url=https://www.myfonts.com/products/regular-sfc-southbased-1139587
[2026-04-28T08:45:59Z] #603 attempt=1/2 status=200 0.460s url=https://www.myfonts.com/collections/sfc-southbased-font-skilline-fonts-co/
[2026-04-28T08:46:00Z] #604 attempt=1/2 status=200 0.195s url=https://www.myfonts.com/collections/sfc-southbased-font-skilline-fonts-co/?tab=techSpecs
[2026-04-28T08:46:01Z] #605 attempt=1/2 status=200 0.342s url=https://www.myfonts.com/products/regular-neo-vector-1139544
[2026-04-28T08:46:02Z] #606 attempt=1/2 status=200 0.319s url=https://www.myfonts.com/collections/neo-vector-font-rasio-studio/
[2026-04-28T08:46:02Z] #607 attempt=1/2 status=200 0.188s url=https://www.myfonts.com/collections/neo-vector-font-rasio-studio/?tab=techSpecs
[2026-04-28T08:46:03Z] #608 attempt=1/2 status=200 0.434s url=https://www.myfonts.com/products/script-mellow-coffee-1141345
[2026-04-28T08:46:04Z] #609 attempt=1/2 status=200 0.626s url=https://www.myfonts.com/collections/mellow-coffee-font-agny-hasya-studio/
[2026-04-28T08:46:05Z] #610 attempt=1/2 status=200 0.522s url=https://www.myfonts.com/collections/mellow-coffee-font-agny-hasya-studio/?tab=techSpecs
[2026-04-28T08:46:06Z] #611 attempt=1/2 status=200 0.318s url=https://www.myfonts.com/products/distort-zubble-1141078
[2026-04-28T08:46:07Z] #612 attempt=1/2 status=200 0.555s url=https://www.myfonts.com/collections/zubble-font-enfeeltype/
[2026-04-28T08:46:07Z] #613 attempt=1/2 status=200 0.165s url=https://www.myfonts.com/collections/zubble-font-enfeeltype/?tab=techSpecs
[2026-04-28T08:46:09Z] #614 attempt=1/2 status=200 0.588s url=https://www.myfonts.com/products/distort-bafitte-1139574
[2026-04-28T08:46:09Z] #615 attempt=1/2 status=200 0.565s url=https://www.myfonts.com/collections/bafitte-font-grontype/
[2026-04-28T08:46:10Z] #616 attempt=1/2 status=200 0.740s url=https://www.myfonts.com/collections/bafitte-font-grontype/?tab=techSpecs
[2026-04-28T08:46:12Z] #617 attempt=1/2 status=200 0.338s url=https://www.myfonts.com/products/grunge-borad-1139551
[2026-04-28T08:46:12Z] #618 attempt=1/2 status=200 0.395s url=https://www.myfonts.com/collections/borad-font-vyantype-studio/
[2026-04-28T08:46:13Z] #619 attempt=1/2 status=200 0.336s url=https://www.myfonts.com/products/regular-denieda-marceline-1141236
[2026-04-28T08:46:13Z] #620 attempt=1/2 status=200 0.319s url=https://www.myfonts.com/collections/denieda-marceline-font-letterena-studios/
[2026-04-28T08:46:14Z] #621 attempt=1/2 status=200 0.289s url=https://www.myfonts.com/products/regular-delightfully-1141227
[2026-04-28T08:46:14Z] #622 attempt=1/2 status=200 0.366s url=https://www.myfonts.com/collections/delightfully-font-alpaprana/
[2026-04-28T08:46:15Z] #623 attempt=1/2 status=200 0.493s url=https://www.myfonts.com/products/bold-italic-proscenium-slab-1141220
[2026-04-28T08:46:16Z] #624 attempt=1/2 status=200 0.543s url=https://www.myfonts.com/collections/proscenium-slab-font-wings-art-studio/
[2026-04-28T08:46:17Z] #625 attempt=1/2 status=200 0.399s url=https://www.myfonts.com/products/regular-brumello-1139820
[2026-04-28T08:46:17Z] #626 attempt=1/2 status=200 0.309s url=https://www.myfonts.com/collections/brumello-font-inviline/
[2026-04-28T08:46:18Z] #627 attempt=1/2 status=200 0.308s url=https://www.myfonts.com/products/serif-regular-avore-1120281
[2026-04-28T08:46:19Z] #628 attempt=1/2 status=200 0.452s url=https://www.myfonts.com/collections/avore-font-nirmana-visual/
[2026-04-28T08:46:20Z] #629 attempt=1/6 status=200 0.793s url=https://www.myfonts.com/products.json?limit=100&page=17
[2026-04-28T08:46:21Z] #630 attempt=1/2 status=200 0.415s url=https://www.myfonts.com/products/regular-quory-1140423
[2026-04-28T08:46:21Z] #631 attempt=1/2 status=200 0.528s url=https://www.myfonts.com/collections/quory-font-artiveko/
[2026-04-28T08:46:22Z] #632 attempt=1/2 status=200 0.462s url=https://www.myfonts.com/products/regular-aphilles-1141159
[2026-04-28T08:46:23Z] #633 attempt=1/2 status=200 0.415s url=https://www.myfonts.com/collections/aphilles-font-heinzel-std/
[2026-04-28T08:46:23Z] #634 attempt=1/2 status=200 0.350s url=https://www.myfonts.com/products/outline-pg-vintagor-1141157
[2026-04-28T08:46:24Z] #635 attempt=1/2 status=200 0.388s url=https://www.myfonts.com/collections/pg-vintagor-font-pretty-glyphs/
[2026-04-28T08:46:25Z] #636 attempt=1/2 status=200 0.332s url=https://www.myfonts.com/products/regular-honey-mattel-brush-1141123
[2026-04-28T08:46:25Z] #637 attempt=1/2 status=200 0.404s url=https://www.myfonts.com/collections/honey-mattel-brush-font-tebaltipis-studio/
[2026-04-28T08:46:26Z] #638 attempt=1/2 status=200 0.455s url=https://www.myfonts.com/products/italic-moments-simple-journaling-1140416
[2026-04-28T08:46:27Z] #639 attempt=1/2 status=200 0.589s url=https://www.myfonts.com/collections/moments-simple-journaling-font-letterena-studios/
[2026-04-28T08:46:27Z] #640 attempt=1/2 status=200 0.328s url=https://www.myfonts.com/products/moris-regular-morisan-1141098
[2026-04-28T08:46:28Z] #641 attempt=1/2 status=200 0.325s url=https://www.myfonts.com/collections/morisan-font-bayuktx/
[2026-04-28T08:46:28Z] #642 attempt=1/2 status=200 0.287s url=https://www.myfonts.com/products/regular-djamoed-1141093
[2026-04-28T08:46:29Z] #643 attempt=1/2 status=200 0.283s url=https://www.myfonts.com/collections/djamoed-font-bayuktx/
[2026-04-28T08:46:30Z] #644 attempt=1/2 status=200 0.319s url=https://www.myfonts.com/products/regular-beverly-sage-1140409
[2026-04-28T08:46:30Z] #645 attempt=1/2 status=200 0.247s url=https://www.myfonts.com/collections/beverly-sage-font-bluestype-studio/
[2026-04-28T08:46:31Z] #646 attempt=1/2 status=200 0.275s url=https://www.myfonts.com/products/italic-ghostoy-charless-1139727
[2026-04-28T08:46:31Z] #647 attempt=1/2 status=200 0.315s url=https://www.myfonts.com/collections/ghostoy-charless-font-stylishtype-studio/
[2026-04-28T08:46:32Z] #648 attempt=1/2 status=200 0.283s url=https://www.myfonts.com/products/regular-binko-1140402
[2026-04-28T08:46:32Z] #649 attempt=1/2 status=200 0.458s url=https://www.myfonts.com/collections/binko-font-razetype/
[2026-04-28T08:46:33Z] #650 attempt=1/2 status=200 0.365s url=https://www.myfonts.com/products/regular-delica-sitteen-1120289
[2026-04-28T08:46:33Z] #651 attempt=1/2 status=200 0.152s url=https://www.myfonts.com/collections/delica-sitteen-font-basnistudio/
[2026-04-28T08:46:34Z] #652 attempt=1/2 status=200 0.304s url=https://www.myfonts.com/products/regular-superior-actioned-1140182
[2026-04-28T08:46:35Z] #653 attempt=1/2 status=200 0.332s url=https://www.myfonts.com/collections/superior-actioned-font-letterhend/
[2026-04-28T08:46:35Z] #654 attempt=1/2 status=200 0.210s url=https://www.myfonts.com/products/regular-metaor-aftershift-1139709
[2026-04-28T08:46:36Z] #655 attempt=1/2 status=200 0.430s url=https://www.myfonts.com/collections/metaor-aftershift-font-amorfa-type/
[2026-04-28T08:46:36Z] #656 attempt=1/2 status=200 0.392s url=https://www.myfonts.com/products/rough-grillhaus-1141376
[2026-04-28T08:46:37Z] #657 attempt=1/2 status=200 0.502s url=https://www.myfonts.com/collections/grillhaus-font-vozzy/
[2026-04-28T08:46:38Z] #658 attempt=1/2 status=200 0.362s url=https://www.myfonts.com/products/regular-wija-oghi-1140175
[2026-04-28T08:46:38Z] #659 attempt=1/2 status=200 0.381s url=https://www.myfonts.com/collections/wija-oghi-font-ergibi-studio/
[2026-04-28T08:46:39Z] #660 attempt=1/2 status=200 0.349s url=https://www.myfonts.com/products/light-lev-type-repyakh-1141369
[2026-04-28T08:46:40Z] #661 attempt=1/2 status=200 0.432s url=https://www.myfonts.com/collections/lev-type-repyakh-font-lev-type/
[2026-04-28T08:46:40Z] #662 attempt=1/2 status=200 0.332s url=https://www.myfonts.com/products/regular-fake-plastic-brush-1140125
[2026-04-28T08:46:41Z] #663 attempt=1/2 status=200 0.297s url=https://www.myfonts.com/collections/fake-plastic-brush-font-ferry-ardana-putra/
[2026-04-28T08:46:42Z] #664 attempt=1/2 status=200 0.416s url=https://www.myfonts.com/products/regular-agifted-1141348
[2026-04-28T08:46:42Z] #665 attempt=1/2 status=200 0.304s url=https://www.myfonts.com/collections/agifted-font-flawlessandco/
[2026-04-28T08:46:43Z] #666 attempt=1/6 status=200 0.752s url=https://www.myfonts.com/products.json?limit=100&page=18
[2026-04-28T08:46:44Z] #667 attempt=1/2 status=200 0.290s url=https://www.myfonts.com/products/regular-offwall-1141315
[2026-04-28T08:46:45Z] #668 attempt=1/2 status=200 0.550s url=https://www.myfonts.com/collections/offwall-font-eotype/
[2026-04-28T08:46:45Z] #669 attempt=1/2 status=200 0.342s url=https://www.myfonts.com/products/regular-hypno-style-1090328
[2026-04-28T08:46:46Z] #670 attempt=1/2 status=200 0.380s url=https://www.myfonts.com/collections/hypno-style-font-hatftype/
[2026-04-28T08:46:47Z] #671 attempt=1/2 status=200 0.685s url=https://www.myfonts.com/products/rough-ghost-ship-1141379
[2026-04-28T08:46:48Z] #672 attempt=1/2 status=200 0.698s url=https://www.myfonts.com/collections/ghost-ship-font-vozzy/
[2026-04-28T08:46:49Z] #673 attempt=1/2 status=200 0.669s url=https://www.myfonts.com/products/the-heistha-editorial-regular-the-heistha-editorial-font-duo-1141338
[2026-04-28T08:46:50Z] #674 attempt=1/2 status=200 0.822s url=https://www.myfonts.com/collections/the-heistha-editorial-font-duo-font-sigit-nurcholis/
[2026-04-28T08:46:50Z] #675 attempt=1/2 status=200 0.150s url=https://www.myfonts.com/products/regular-straight-others-1139385
[2026-04-28T08:46:51Z] #676 attempt=1/2 status=200 0.327s url=https://www.myfonts.com/collections/straight-others-font-stylishtype-studio/
[2026-04-28T08:46:52Z] #677 attempt=1/2 status=200 0.324s url=https://www.myfonts.com/products/regular-bubbly-bear-1141323
[2026-04-28T08:46:52Z] #678 attempt=1/2 status=200 0.488s url=https://www.myfonts.com/collections/bubbly-bear-font-graphicfresh/
[2026-04-28T08:46:53Z] #679 attempt=1/2 status=200 0.277s url=https://www.myfonts.com/products/regular-regular-moventra-1140071
[2026-04-28T08:46:53Z] #680 attempt=1/2 status=200 0.305s url=https://www.myfonts.com/collections/moventra-font-moontiontype/
[2026-04-28T08:46:54Z] #681 attempt=1/2 status=200 0.339s url=https://www.myfonts.com/products/regular-revionis-1141241
[2026-04-28T08:46:54Z] #682 attempt=1/2 status=200 0.328s url=https://www.myfonts.com/collections/revionis-font-flawlessandco/
[2026-04-28T08:46:55Z] #683 attempt=1/2 status=200 0.377s url=https://www.myfonts.com/products/outline-flarex-1139383
[2026-04-28T08:46:56Z] #684 attempt=1/2 status=200 0.396s url=https://www.myfonts.com/collections/flarex-font-sensatype-studio/
[2026-04-28T08:46:56Z] #685 attempt=1/2 status=200 0.311s url=https://www.myfonts.com/products/regular-great-publicity-1139571
[2026-04-28T08:46:57Z] #686 attempt=1/2 status=200 0.337s url=https://www.myfonts.com/collections/great-publicity-font-bale-type/
[2026-04-28T08:46:58Z] #687 attempt=1/2 status=200 0.287s url=https://www.myfonts.com/products/regular-polvian-1141234
[2026-04-28T08:46:58Z] #688 attempt=1/2 status=200 0.565s url=https://www.myfonts.com/collections/polvian-font-only-fonts/
[2026-04-28T08:46:59Z] #689 attempt=1/2 status=200 0.415s url=https://www.myfonts.com/products/regular-lenkiro-1139822
[2026-04-28T08:47:00Z] #690 attempt=1/2 status=200 0.702s url=https://www.myfonts.com/collections/lenkiro-font-qweera-studio/
[2026-04-28T08:47:01Z] #691 attempt=1/2 status=200 0.313s url=https://www.myfonts.com/products/regular-blood-thirsty-667-1141161
[2026-04-28T08:47:01Z] #692 attempt=1/2 status=200 0.317s url=https://www.myfonts.com/collections/blood-thirsty-667-font-remedy667/
[2026-04-28T08:47:02Z] #693 attempt=1/2 status=200 0.330s url=https://www.myfonts.com/products/regular-borneo-1139570
[2026-04-28T08:47:02Z] #694 attempt=1/2 status=200 0.274s url=https://www.myfonts.com/collections/borneo-font-imoodev/
[2026-04-28T08:47:03Z] #695 attempt=1/2 status=200 0.353s url=https://www.myfonts.com/products/regular-iron-smith-1139814
[2026-04-28T08:47:03Z] #696 attempt=1/2 status=200 0.382s url=https://www.myfonts.com/collections/iron-smith-font-ikiikowrk/
[2026-04-28T08:47:04Z] #697 attempt=1/2 status=200 0.323s url=https://www.myfonts.com/products/regular-outlined-1141210
[2026-04-28T08:47:05Z] #698 attempt=1/2 status=200 0.375s url=https://www.myfonts.com/collections/outlined-font-mjb-letters/
[2026-04-28T08:47:05Z] #699 attempt=1/2 status=200 0.458s url=https://www.myfonts.com/products/regular-pluralism-1141193
[2026-04-28T08:47:06Z] #700 attempt=1/2 status=200 0.358s url=https://www.myfonts.com/collections/pluralism-font-flawlessandco/
[2026-04-28T08:47:07Z] #701 attempt=1/2 status=200 0.453s url=https://www.myfonts.com/products/serif-bastide-celestine-1139346
[2026-04-28T08:47:07Z] #702 attempt=1/2 status=200 0.429s url=https://www.myfonts.com/collections/bastide-celestine-font-elvina-studio/
[2026-04-28T08:47:08Z] #703 attempt=1/2 status=200 0.345s url=https://www.myfonts.com/products/regular-nirvana-1141226
[2026-04-28T08:47:09Z] #704 attempt=1/2 status=200 0.287s url=https://www.myfonts.com/collections/nirvana-font-designsuh/
[2026-04-28T08:47:10Z] #705 attempt=1/6 status=200 0.757s url=https://www.myfonts.com/products.json?limit=100&page=19
[2026-04-28T08:47:10Z] #706 attempt=1/2 status=200 0.257s url=https://www.myfonts.com/products/display-gridded-1140453
[2026-04-28T08:47:11Z] #707 attempt=1/2 status=200 0.290s url=https://www.myfonts.com/collections/gridded-font-lit-typefaces/
[2026-04-28T08:47:12Z] #708 attempt=1/2 status=200 0.394s url=https://www.myfonts.com/products/regular-botanica-whimsy-1139333
[2026-04-28T08:47:12Z] #709 attempt=1/2 status=200 0.355s url=https://www.myfonts.com/collections/botanica-whimsy-font-alit-design/
[2026-04-28T08:47:13Z] #710 attempt=1/2 status=200 0.492s url=https://www.myfonts.com/products/stamp-italic-burdock-1141321
[2026-04-28T08:47:14Z] #711 attempt=1/2 status=200 0.645s url=https://www.myfonts.com/collections/burdock-font-graphicfresh/
[2026-04-28T08:47:14Z] #712 attempt=1/2 status=200 0.392s url=https://www.myfonts.com/products/regular-teenage-parties-1140029
[2026-04-28T08:47:15Z] #713 attempt=1/2 status=200 0.538s url=https://www.myfonts.com/collections/teenage-parties-font-pizzadudedk/
[2026-04-28T08:47:16Z] #714 attempt=1/2 status=200 0.458s url=https://www.myfonts.com/products/regular-alqeon-1141150
[2026-04-28T08:47:17Z] #715 attempt=1/2 status=200 0.402s url=https://www.myfonts.com/collections/alqeon-font-zaain-type/
[2026-04-28T08:47:17Z] #716 attempt=1/2 status=200 0.349s url=https://www.myfonts.com/products/italic-hecta-ahera-1141121
[2026-04-28T08:47:18Z] #717 attempt=1/2 status=200 0.164s url=https://www.myfonts.com/collections/hecta-ahera-font-rvandtype/
[2026-04-28T08:47:18Z] #718 attempt=1/2 status=200 0.267s url=https://www.myfonts.com/products/regular-driveform-1140457
[2026-04-28T08:47:19Z] #719 attempt=1/2 status=200 0.265s url=https://www.myfonts.com/collections/driveform-font-hipfonts/
[2026-04-28T08:47:19Z] #720 attempt=1/2 status=200 0.401s url=https://www.myfonts.com/products/slanted-segatra-1141270
[2026-04-28T08:47:20Z] #721 attempt=1/2 status=200 0.366s url=https://www.myfonts.com/collections/segatra-font-sekyra-lab/
[2026-04-28T08:47:21Z] #722 attempt=1/2 status=200 0.285s url=https://www.myfonts.com/products/regular-rainy-weather-1141122
[2026-04-28T08:47:21Z] #723 attempt=1/2 status=200 0.369s url=https://www.myfonts.com/collections/rainy-weather-font-epiclinez/
[2026-04-28T08:47:22Z] #724 attempt=1/2 status=200 0.285s url=https://www.myfonts.com/products/script-delicate-starway-1141244
[2026-04-28T08:47:22Z] #725 attempt=1/2 status=200 0.451s url=https://www.myfonts.com/collections/delicate-starway-font-nathatype/
[2026-04-28T08:47:23Z] #726 attempt=1/2 status=200 0.267s url=https://www.myfonts.com/products/regular-aurex-1139350
[2026-04-28T08:47:24Z] #727 attempt=1/2 status=200 0.397s url=https://www.myfonts.com/collections/aurex-font-brown-cupple-typeface/
[2026-04-28T08:47:24Z] #728 attempt=1/2 status=200 0.302s url=https://www.myfonts.com/products/regular-pg-calisora-1141090
[2026-04-28T08:47:25Z] #729 attempt=1/2 status=200 0.363s url=https://www.myfonts.com/collections/pg-calisora-font-pretty-glyphs/
[2026-04-28T08:47:25Z] #730 attempt=1/2 status=200 0.321s url=https://www.myfonts.com/products/regular-zfpastel-1141124
[2026-04-28T08:47:26Z] #731 attempt=1/2 status=200 0.261s url=https://www.myfonts.com/collections/zfpastel-font-zoofont/
[2026-04-28T08:47:27Z] #732 attempt=1/2 status=200 0.410s url=https://www.myfonts.com/products/outline-katur-coffee-1140528
[2026-04-28T08:47:27Z] #733 attempt=1/2 status=200 0.525s url=https://www.myfonts.com/collections/katur-coffee-font-illushvara/
[2026-04-28T08:47:28Z] #734 attempt=1/2 status=200 0.362s url=https://www.myfonts.com/products/italic-claricia-1139667
[2026-04-28T08:47:28Z] #735 attempt=1/2 status=200 0.140s url=https://www.myfonts.com/collections/claricia-font-eurotypo/
[2026-04-28T08:47:29Z] #736 attempt=1/2 status=200 0.307s url=https://www.myfonts.com/products/regular-deitaro-1139286
[2026-04-28T08:47:30Z] #737 attempt=1/2 status=200 0.488s url=https://www.myfonts.com/collections/deitaro-font-tini-fitriani/
[2026-04-28T08:47:30Z] #738 attempt=1/2 status=200 0.282s url=https://www.myfonts.com/products/script-cinema-tape-cyrillic-1139660
[2026-04-28T08:47:31Z] #739 attempt=1/2 status=200 0.448s url=https://www.myfonts.com/collections/cinema-tape-cyrillic-font-ira-dvilyuk/
[2026-04-28T08:47:32Z] #740 attempt=1/6 status=200 0.898s url=https://www.myfonts.com/products.json?limit=100&page=20
[2026-04-28T08:47:33Z] #741 attempt=1/2 status=200 0.284s url=https://www.myfonts.com/products/heavy-murisa-regis-1141026
[2026-04-28T08:47:34Z] #742 attempt=1/2 status=200 0.437s url=https://www.myfonts.com/collections/murisa-regis-font-murisa-studio/
[2026-04-28T08:47:34Z] #743 attempt=1/2 status=200 0.334s url=https://www.myfonts.com/products/burndead-regular-burndead-1140452
[2026-04-28T08:47:35Z] #744 attempt=1/2 status=200 0.366s url=https://www.myfonts.com/collections/burndead-font-razetype/
[2026-04-28T08:47:35Z] #745 attempt=1/2 status=200 0.261s url=https://www.myfonts.com/products/regular-yumelo-1139234
[2026-04-28T08:47:36Z] #746 attempt=1/2 status=200 0.427s url=https://www.myfonts.com/collections/yumelo-font-rasio-studio/
[2026-04-28T08:47:37Z] #747 attempt=1/2 status=200 0.274s url=https://www.myfonts.com/products/regular-bufter-1141153
[2026-04-28T08:47:37Z] #748 attempt=1/2 status=200 0.535s url=https://www.myfonts.com/collections/bufter-font-sensatype-studio/
[2026-04-28T08:47:38Z] #749 attempt=1/2 status=200 0.466s url=https://www.myfonts.com/products/regular-pushkar-sands-1140458
[2026-04-28T08:47:39Z] #750 attempt=1/2 status=200 0.423s url=https://www.myfonts.com/collections/pushkar-sands-font-hipfonts/
[2026-04-28T08:47:39Z] #751 attempt=1/2 status=200 0.356s url=https://www.myfonts.com/products/special-handmade-serif-regular-special-handmade-script-1139632
[2026-04-28T08:47:40Z] #752 attempt=1/2 status=200 0.583s url=https://www.myfonts.com/collections/special-handmade-script-font-letterfreshstudio/
[2026-04-28T08:47:41Z] #753 attempt=1/2 status=200 0.278s url=https://www.myfonts.com/products/regular-wild-thunder-1141145
[2026-04-28T08:47:42Z] #754 attempt=1/2 status=200 0.532s url=https://www.myfonts.com/collections/wild-thunder-font-letterhend/
[2026-04-28T08:47:42Z] #755 attempt=1/2 status=200 0.359s url=https://www.myfonts.com/products/regular-austin-lilly-1139590
[2026-04-28T08:47:43Z] #756 attempt=1/2 status=200 0.376s url=https://www.myfonts.com/collections/austin-lilly-font-java-pep/
[2026-04-28T08:47:43Z] #757 attempt=1/2 status=200 0.267s url=https://www.myfonts.com/products/italic-keep-this-to-yourself-1140432
[2026-04-28T08:47:44Z] #758 attempt=1/2 status=200 0.722s url=https://www.myfonts.com/collections/keep-this-to-yourself-font-pizzadudedk/
[2026-04-28T08:47:45Z] #759 attempt=1/2 status=200 0.383s url=https://www.myfonts.com/products/regular-ft-nexrion-1140917
[2026-04-28T08:47:46Z] #760 attempt=1/2 status=200 0.454s url=https://www.myfonts.com/collections/ft-nexrion-font-firstype-studio/
[2026-04-28T08:47:46Z] #761 attempt=1/2 status=200 0.325s url=https://www.myfonts.com/products/godrop-regular-godrop-1139598
[2026-04-28T08:47:47Z] #762 attempt=1/2 status=200 0.297s url=https://www.myfonts.com/collections/godrop-font-razetype/
[2026-04-28T08:47:47Z] #763 attempt=1/2 status=200 0.443s url=https://www.myfonts.com/products/pogo-pogo-outline-1139354
[2026-04-28T08:47:48Z] #764 attempt=1/2 status=200 0.396s url=https://www.myfonts.com/collections/pogo-outline-font-sipanji21/
[2026-04-28T08:47:49Z] #765 attempt=1/2 status=200 0.271s url=https://www.myfonts.com/products/script-cardeals-1139547
[2026-04-28T08:47:49Z] #766 attempt=1/2 status=200 0.475s url=https://www.myfonts.com/collections/cardeals-font-sarid-ezra/
[2026-04-28T08:47:50Z] #767 attempt=1/2 status=200 0.328s url=https://www.myfonts.com/products/italic-yasuhiro-1140413
[2026-04-28T08:47:51Z] #768 attempt=1/2 status=200 0.602s url=https://www.myfonts.com/collections/yasuhiro-font-typeclassheroes/
[2026-04-28T08:47:52Z] #769 attempt=1/2 status=200 0.437s url=https://www.myfonts.com/products/regular-fardhana-1139540
[2026-04-28T08:47:52Z] #770 attempt=1/2 status=200 0.271s url=https://www.myfonts.com/collections/fardhana-font-vadova-std/
[2026-04-28T08:47:53Z] #771 attempt=1/2 status=200 0.269s url=https://www.myfonts.com/products/sans-cloudy-starlight-1140393
[2026-04-28T08:47:53Z] #772 attempt=1/2 status=200 0.402s url=https://www.myfonts.com/collections/cloudy-starlight-font-ergibi-studio/
[2026-04-28T08:47:55Z] #773 attempt=1/6 status=200 0.683s url=https://www.myfonts.com/products.json?limit=100&page=21
[2026-04-28T08:47:55Z] #774 attempt=1/2 status=200 0.372s url=https://www.myfonts.com/products/regular-relooyd-1139275
[2026-04-28T08:47:56Z] #775 attempt=1/2 status=200 0.440s url=https://www.myfonts.com/collections/relooyd-font-qweera-studio/
[2026-04-28T08:47:56Z] #776 attempt=1/2 status=200 0.384s url=https://www.myfonts.com/products/italic-lots-of-fun-1140036
[2026-04-28T08:47:57Z] #777 attempt=1/2 status=200 0.455s url=https://www.myfonts.com/collections/lots-of-fun-font-pizzadudedk/
[2026-04-28T08:47:58Z] #778 attempt=1/2 status=200 0.431s url=https://www.myfonts.com/products/regular-vorline-1139229
[2026-04-28T08:47:59Z] #779 attempt=1/2 status=200 0.393s url=https://www.myfonts.com/collections/vorline-font-craft-supply-co/
[2026-04-28T08:47:59Z] #780 attempt=1/2 status=200 0.364s url=https://www.myfonts.com/products/italic-neister-1140899
[2026-04-28T08:48:00Z] #781 attempt=1/2 status=200 0.462s url=https://www.myfonts.com/collections/neister-font-tini-fitriani/
[2026-04-28T08:48:00Z] #782 attempt=1/2 status=200 0.370s url=https://www.myfonts.com/products/italic-dialmeray-1115827
[2026-04-28T08:48:01Z] #783 attempt=1/2 status=200 0.484s url=https://www.myfonts.com/collections/dialmeray-font-tini-fitriani/
[2026-04-28T08:48:02Z] #784 attempt=1/2 status=200 0.506s url=https://www.myfonts.com/products/usa-kids-color-1115810
[2026-04-28T08:48:03Z] #785 attempt=1/2 status=200 0.438s url=https://www.myfonts.com/collections/kids-color-font-lettering-delights/
[2026-04-28T08:48:03Z] #786 attempt=1/2 status=200 0.298s url=https://www.myfonts.com/products/italic-keijing-1141247
[2026-04-28T08:48:04Z] #787 attempt=1/2 status=200 0.410s url=https://www.myfonts.com/collections/keijing-font-qweera-studio/
[2026-04-28T08:48:05Z] #788 attempt=1/2 status=200 0.349s url=https://www.myfonts.com/products/serif-regular-meadow-villager-club-1139788
[2026-04-28T08:48:05Z] #789 attempt=1/2 status=200 0.500s url=https://www.myfonts.com/collections/meadow-villager-club-font-lettertype-studio/
[2026-04-28T08:48:06Z] #790 attempt=1/2 status=200 0.535s url=https://www.myfonts.com/products/bighes-mertin-regular-mc-bighes-mertin-1141099
[2026-04-28T08:48:07Z] #791 attempt=1/2 status=200 0.258s url=https://www.myfonts.com/collections/mc-bighes-mertin-font-maulana-creative/
[2026-04-28T08:48:07Z] #792 attempt=1/2 status=200 0.325s url=https://www.myfonts.com/products/agung-italic-agung-1141125
[2026-04-28T08:48:08Z] #793 attempt=1/2 status=200 0.252s url=https://www.myfonts.com/collections/agung-font-agung-sudirman/
[2026-04-28T08:48:08Z] #794 attempt=1/2 status=200 0.284s url=https://www.myfonts.com/products/regular-backstand-sunday-brush-1139761
[2026-04-28T08:48:09Z] #795 attempt=1/2 status=200 0.304s url=https://www.myfonts.com/collections/backstand-sunday-brush-font-tebaltipis-studio/
[2026-04-28T08:48:09Z] #796 attempt=1/2 status=200 0.137s url=https://www.myfonts.com/products/regular-blistwing-signature-1139760
[2026-04-28T08:48:10Z] #797 attempt=1/2 status=200 0.267s url=https://www.myfonts.com/collections/blistwing-signature-font-tebaltipis-studio/
[2026-04-28T08:48:10Z] #798 attempt=1/2 status=200 0.334s url=https://www.myfonts.com/products/mudelhos-regular-mc-mudelhos-1141341
[2026-04-28T08:48:11Z] #799 attempt=1/2 status=200 0.381s url=https://www.myfonts.com/collections/mc-mudelhos-font-maulana-creative/
[2026-04-28T08:48:12Z] #800 attempt=1/2 status=200 0.296s url=https://www.myfonts.com/products/regular-rosela-bloom-1139819
[2026-04-28T08:48:12Z] #801 attempt=1/2 status=200 0.369s url=https://www.myfonts.com/collections/rosela-bloom-font-timurtype/
[2026-04-28T08:48:13Z] #802 attempt=1/2 status=200 0.314s url=https://www.myfonts.com/products/sellon-semibold-sellon-1140908
[2026-04-28T08:48:13Z] #803 attempt=1/2 status=200 0.368s url=https://www.myfonts.com/collections/sellon-font-razetype/
[2026-04-28T08:48:14Z] #804 attempt=1/2 status=200 0.259s url=https://www.myfonts.com/products/italic-charlove-rhythm-1139344
[2026-04-28T08:48:15Z] #805 attempt=1/2 status=200 0.353s url=https://www.myfonts.com/collections/charlove-rhythm-font-stylishtype-studio/
[2026-04-28T08:48:15Z] #806 attempt=1/2 status=200 0.306s url=https://www.myfonts.com/products/regular-artesana-1140459
[2026-04-28T08:48:16Z] #807 attempt=1/2 status=200 0.407s url=https://www.myfonts.com/collections/artesana-font-hipfonts/
[2026-04-28T08:48:16Z] #808 attempt=1/2 status=200 0.369s url=https://www.myfonts.com/products/regular-chinese-dynasty-1139688
[2026-04-28T08:48:17Z] #809 attempt=1/2 status=200 0.262s url=https://www.myfonts.com/collections/chinese-dynasty-font-yoga-letter/
[2026-04-28T08:48:17Z] #810 attempt=1/2 status=200 0.251s url=https://www.myfonts.com/products/regular-aghesya-1140512
[2026-04-28T08:48:18Z] #811 attempt=1/2 status=200 0.249s url=https://www.myfonts.com/collections/aghesya-font-krafted/
[2026-04-28T08:48:19Z] #812 attempt=1/6 status=200 0.841s url=https://www.myfonts.com/products.json?limit=100&page=22
[2026-04-28T08:48:20Z] #813 attempt=1/2 status=200 0.504s url=https://www.myfonts.com/products/regular-segala-rindu-1140911
[2026-04-28T08:48:21Z] #814 attempt=1/2 status=200 0.522s url=https://www.myfonts.com/collections/segala-rindu-font-letterafandi-studio/
[2026-04-28T08:48:21Z] #815 attempt=1/2 status=200 0.336s url=https://www.myfonts.com/products/regular-align-1141148
[2026-04-28T08:48:22Z] #816 attempt=1/2 status=200 0.130s url=https://www.myfonts.com/collections/align-font-sensatype-studio/
[2026-04-28T08:48:22Z] #817 attempt=1/2 status=200 0.285s url=https://www.myfonts.com/products/regular-kerana-1140454
[2026-04-28T08:48:23Z] #818 attempt=1/2 status=200 0.443s url=https://www.myfonts.com/collections/kerana-font-bilahstudio/
[2026-04-28T08:48:24Z] #819 attempt=1/2 status=200 0.301s url=https://www.myfonts.com/products/italic-hugos-1140905
[2026-04-28T08:48:24Z] #820 attempt=1/2 status=200 0.416s url=https://www.myfonts.com/collections/hugos-font-vermilione/
[2026-04-28T08:48:25Z] #821 attempt=1/2 status=200 0.436s url=https://www.myfonts.com/products/italic-girdale-1140902
[2026-04-28T08:48:26Z] #822 attempt=1/2 status=200 0.482s url=https://www.myfonts.com/collections/girdale-font-tini-fitriani/
[2026-04-28T08:48:26Z] #823 attempt=1/2 status=200 0.299s url=https://www.myfonts.com/products/regular-malinteso-signature-1139815
[2026-04-28T08:48:27Z] #824 attempt=1/2 status=200 0.333s url=https://www.myfonts.com/collections/malinteso-signature-font-tebaltipis-studio/
[2026-04-28T08:48:27Z] #825 attempt=1/2 status=200 0.249s url=https://www.myfonts.com/products/regular-heathergreen-20-1141146
[2026-04-28T08:48:28Z] #826 attempt=1/2 status=200 0.302s url=https://www.myfonts.com/collections/heathergreen-20-font-sharkshock/
[2026-04-28T08:48:28Z] #827 attempt=1/2 status=200 0.308s url=https://www.myfonts.com/products/regular-spine-tinglers-667-1140407
[2026-04-28T08:48:29Z] #828 attempt=1/2 status=200 0.389s url=https://www.myfonts.com/collections/spine-tinglers-667-font-remedy667/
[2026-04-28T08:48:30Z] #829 attempt=1/2 status=200 0.337s url=https://www.myfonts.com/products/regular-balgarde-serif-1141147
[2026-04-28T08:48:30Z] #830 attempt=1/2 status=200 0.308s url=https://www.myfonts.com/collections/balgarde-serif-font-rndi-type-foundry/
[2026-04-28T08:48:31Z] #831 attempt=1/2 status=200 0.319s url=https://www.myfonts.com/products/regular-said-the-owl-1140381
[2026-04-28T08:48:32Z] #832 attempt=1/2 status=200 0.440s url=https://www.myfonts.com/collections/said-the-owl-font-littlehand/
[2026-04-28T08:48:32Z] #833 attempt=1/2 status=200 0.350s url=https://www.myfonts.com/products/italic-mtc-tailrose-1140502
[2026-04-28T08:48:33Z] #834 attempt=1/2 status=200 0.473s url=https://www.myfonts.com/collections/mtc-tailrose-font-martype-co/
[2026-04-28T08:48:34Z] #835 attempt=1/2 status=200 0.463s url=https://www.myfonts.com/products/italic-slamyon-1139273
[2026-04-28T08:48:34Z] #836 attempt=1/2 status=200 0.463s url=https://www.myfonts.com/collections/slamyon-font-qweera-studio/
[2026-04-28T08:48:35Z] #837 attempt=1/2 status=200 0.489s url=https://www.myfonts.com/products/regular-hapsa-marker-1140098
[2026-04-28T08:48:36Z] #838 attempt=1/2 status=200 0.335s url=https://www.myfonts.com/collections/hapsa-marker-font-611-studio/
[2026-04-28T08:48:36Z] #839 attempt=1/2 status=200 0.298s url=https://www.myfonts.com/products/regular-school-kids-notes-1139208
[2026-04-28T08:48:37Z] #840 attempt=1/2 status=200 0.262s url=https://www.myfonts.com/collections/school-kids-notes-font-mvmet/
[2026-04-28T08:48:37Z] #841 attempt=1/2 status=200 0.288s url=https://www.myfonts.com/products/regular-santa-mesa-1140456
[2026-04-28T08:48:38Z] #842 attempt=1/2 status=200 0.309s url=https://www.myfonts.com/collections/santa-mesa-font-hipfonts/
[2026-04-28T08:48:38Z] #843 attempt=1/2 status=200 0.329s url=https://www.myfonts.com/products/regular-rovex-1140080
[2026-04-28T08:48:39Z] #844 attempt=1/2 status=200 0.259s url=https://www.myfonts.com/collections/rovex-font-moontiontype/
[2026-04-28T08:48:40Z] #845 attempt=1/2 status=200 0.287s url=https://www.myfonts.com/products/italic-gloudy-1139569
[2026-04-28T08:48:40Z] #846 attempt=1/2 status=200 0.339s url=https://www.myfonts.com/collections/gloudy-font-craft-supply-co/
[2026-04-28T08:48:41Z] #847 attempt=1/2 status=200 0.273s url=https://www.myfonts.com/products/regular-oravel-1115844
[2026-04-28T08:48:41Z] #848 attempt=1/2 status=200 0.156s url=https://www.myfonts.com/collections/oravel-font-casloop-studio/
[2026-04-28T08:48:42Z] #849 attempt=1/2 status=200 0.287s url=https://www.myfonts.com/products/regular-eration-script-1140073
[2026-04-28T08:48:42Z] #850 attempt=1/2 status=200 0.304s url=https://www.myfonts.com/collections/eration-script-font-letterfreshstudio/
[2026-04-28T08:48:43Z] #851 attempt=1/2 status=200 0.229s url=https://www.myfonts.com/products/regular-bayfin-1139659
[2026-04-28T08:48:43Z] #852 attempt=1/2 status=200 0.318s url=https://www.myfonts.com/collections/bayfin-font-marvadesign/
[2026-04-28T08:48:44Z] #853 attempt=1/6 status=200 0.652s url=https://www.myfonts.com/products.json?limit=100&page=23
[2026-04-28T08:48:45Z] #854 attempt=1/2 status=200 0.265s url=https://www.myfonts.com/products/regular-maison-bright-1140100
[2026-04-28T08:48:45Z] #855 attempt=1/2 status=200 0.336s url=https://www.myfonts.com/collections/maison-bright-font-moontiontype/
[2026-04-28T08:48:46Z] #856 attempt=1/2 status=200 0.309s url=https://www.myfonts.com/products/obelique-ravemoor-1140915
[2026-04-28T08:48:47Z] #857 attempt=1/2 status=200 0.431s url=https://www.myfonts.com/collections/ravemoor-font-valorix-studio/
[2026-04-28T08:48:47Z] #858 attempt=1/2 status=200 0.310s url=https://www.myfonts.com/products/script-regular-fall-diary-1140796
[2026-04-28T08:48:48Z] #859 attempt=1/2 status=200 0.384s url=https://www.myfonts.com/collections/fall-diary-font-struggle-studio/
[2026-04-28T08:48:48Z] #860 attempt=1/2 status=200 0.215s url=https://www.myfonts.com/products/regular-chuoko-tern-1140264
[2026-04-28T08:48:49Z] #861 attempt=1/2 status=200 0.149s url=https://www.myfonts.com/collections/chuoko-tern-font-trabas-kriya/
[2026-04-28T08:48:49Z] #862 attempt=1/2 status=200 0.268s url=https://www.myfonts.com/products/regular-meraline-1089832
[2026-04-28T08:48:50Z] #863 attempt=1/2 status=200 0.298s url=https://www.myfonts.com/collections/meraline-font-bale-type/
[2026-04-28T08:48:51Z] #864 attempt=1/2 status=200 0.299s url=https://www.myfonts.com/products/regular-noser-1139661
[2026-04-28T08:48:51Z] #865 attempt=1/2 status=200 0.350s url=https://www.myfonts.com/collections/noser-font-marvadesign/
[2026-04-28T08:48:52Z] #866 attempt=1/2 status=200 0.272s url=https://www.myfonts.com/products/regular-relight-1139331
[2026-04-28T08:48:52Z] #867 attempt=1/2 status=200 0.277s url=https://www.myfonts.com/collections/relight-font-dealita-studio/
[2026-04-28T08:48:53Z] #868 attempt=1/2 status=200 0.341s url=https://www.myfonts.com/products/regular-taro-leaves-brush-1139716
[2026-04-28T08:48:53Z] #869 attempt=1/2 status=200 0.369s url=https://www.myfonts.com/collections/taro-leaves-brush-font-tebaltipis-studio/
[2026-04-28T08:48:54Z] #870 attempt=1/2 status=200 0.283s url=https://www.myfonts.com/products/regular-donvo-1139791
[2026-04-28T08:48:55Z] #871 attempt=1/2 status=200 0.596s url=https://www.myfonts.com/collections/donvo-font-artiveko/
[2026-04-28T08:48:55Z] #872 attempt=1/2 status=200 0.249s url=https://www.myfonts.com/products/regular-schmale-etienne-1139862
[2026-04-28T08:48:56Z] #873 attempt=1/2 status=200 0.654s url=https://www.myfonts.com/collections/schmale-etienne-font-rmu/
[2026-04-28T08:48:57Z] #874 attempt=1/2 status=200 0.377s url=https://www.myfonts.com/products/regular-mondeba-1140533
[2026-04-28T08:48:58Z] #875 attempt=1/2 status=200 0.527s url=https://www.myfonts.com/collections/mondeba-font-heinzel-std/
[2026-04-28T08:48:58Z] #876 attempt=1/2 status=200 0.345s url=https://www.myfonts.com/products/regular-aeterna-aeon-1139560
[2026-04-28T08:48:59Z] #877 attempt=1/2 status=200 0.448s url=https://www.myfonts.com/collections/aeterna-aeon-font-dawnland/
[2026-04-28T08:49:00Z] #878 attempt=1/2 status=200 0.461s url=https://www.myfonts.com/products/regular-cuddle-boo-1140329
[2026-04-28T08:49:00Z] #879 attempt=1/2 status=200 0.317s url=https://www.myfonts.com/collections/cuddle-boo-font-olivetype/
[2026-04-28T08:49:01Z] #880 attempt=1/2 status=200 0.330s url=https://www.myfonts.com/products/regular-merry-harmony-1139543
[2026-04-28T08:49:01Z] #881 attempt=1/2 status=200 0.356s url=https://www.myfonts.com/collections/merry-harmony-font-rasio-studio/
[2026-04-28T08:49:02Z] #882 attempt=1/2 status=200 0.291s url=https://www.myfonts.com/products/regular-pimoora-1139542
[2026-04-28T08:49:03Z] #883 attempt=1/2 status=200 0.279s url=https://www.myfonts.com/collections/pimoora-font-rasio-studio/
[2026-04-28T08:49:04Z] #884 attempt=1/6 status=200 0.845s url=https://www.myfonts.com/products.json?limit=100&page=24
[2026-04-28T08:49:04Z] #885 attempt=1/2 status=200 0.316s url=https://www.myfonts.com/products/regular-roman-escort-1139356
[2026-04-28T08:49:05Z] #886 attempt=1/2 status=200 0.551s url=https://www.myfonts.com/collections/roman-escort-font-font-liner/
[2026-04-28T08:49:06Z] #887 attempt=1/2 status=200 0.396s url=https://www.myfonts.com/products/regular-cherry-chuckle-1139564
[2026-04-28T08:49:06Z] #888 attempt=1/2 status=200 0.338s url=https://www.myfonts.com/collections/cherry-chuckle-font-imoodev/
[2026-04-28T08:49:07Z] #889 attempt=1/2 status=200 0.294s url=https://www.myfonts.com/products/regular-millow-dunno-1139809
[2026-04-28T08:49:08Z] #890 attempt=1/2 status=200 0.326s url=https://www.myfonts.com/collections/millow-dunno-font-denustudio/
[2026-04-28T08:49:08Z] #891 attempt=1/2 status=200 0.318s url=https://www.myfonts.com/products/regular-chunky-popys-1139539
[2026-04-28T08:49:09Z] #892 attempt=1/2 status=200 0.294s url=https://www.myfonts.com/collections/chunky-popys-font-heinzel-std/
[2026-04-28T08:49:10Z] #893 attempt=1/6 status=200 0.768s url=https://www.myfonts.com/products.json?limit=100&page=25
[2026-04-28T08:49:11Z] #894 attempt=1/2 status=200 0.306s url=https://www.myfonts.com/products/regular-crownish-1115829
[2026-04-28T08:49:11Z] #895 attempt=1/2 status=200 0.429s url=https://www.myfonts.com/collections/crownish-font-letterena-studios/
[2026-04-28T08:49:12Z] #896 attempt=1/2 status=200 0.281s url=https://www.myfonts.com/products/regular-classic-tomato-1141352
[2026-04-28T08:49:12Z] #897 attempt=1/2 status=200 0.248s url=https://www.myfonts.com/collections/classic-tomato-font-linecreative/
[2026-04-28T08:49:13Z] #898 attempt=1/2 status=200 0.284s url=https://www.myfonts.com/products/regular-asli-kocak-outline-1141316
[2026-04-28T08:49:13Z] #899 attempt=1/2 status=200 0.161s url=https://www.myfonts.com/collections/asli-kocak-outline-font-mvmet/
[2026-04-28T08:49:14Z] #900 attempt=1/2 status=200 0.302s url=https://www.myfonts.com/products/regular-puppy-bites-1139575
[2026-04-28T08:49:14Z] #901 attempt=1/2 status=200 0.239s url=https://www.myfonts.com/collections/puppy-bites-font-yoga-letter/
[2026-04-28T08:49:15Z] #902 attempt=1/2 status=200 0.336s url=https://www.myfonts.com/products/regular-morside-1141314
[2026-04-28T08:49:15Z] #903 attempt=1/2 status=200 0.332s url=https://www.myfonts.com/collections/morside-font-arterfak-project/
[2026-04-28T08:49:16Z] #904 attempt=1/2 status=200 0.257s url=https://www.myfonts.com/products/regular-it-pimo-1139566
[2026-04-28T08:49:17Z] #905 attempt=1/2 status=200 0.232s url=https://www.myfonts.com/collections/it-pimo-font-creatifont-studio/
[2026-04-28T08:49:17Z] #906 attempt=1/2 status=200 0.252s url=https://www.myfonts.com/products/regular-bunko-1141191
[2026-04-28T08:49:18Z] #907 attempt=1/2 status=200 0.357s url=https://www.myfonts.com/collections/bunko-font-maikohatta/
[2026-04-28T08:49:18Z] #908 attempt=1/2 status=200 0.276s url=https://www.myfonts.com/products/regular-quigaro-1139541
[2026-04-28T08:49:19Z] #909 attempt=1/2 status=200 0.315s url=https://www.myfonts.com/collections/quigaro-font-vadova-std/
[2026-04-28T08:49:19Z] #910 attempt=1/2 status=200 0.328s url=https://www.myfonts.com/products/kawtun-regular-mc-kawtun-1139579
[2026-04-28T08:49:20Z] #911 attempt=1/2 status=200 0.273s url=https://www.myfonts.com/collections/mc-kawtun-font-maulana-creative/
[2026-04-28T08:49:21Z] #912 attempt=1/2 status=200 0.324s url=https://www.myfonts.com/products/regular-gladwyn-1139388
[2026-04-28T08:49:21Z] #913 attempt=1/2 status=200 0.565s url=https://www.myfonts.com/collections/gladwyn-font-craft-supply-co/
[2026-04-28T08:49:22Z] #914 attempt=1/2 status=200 0.299s url=https://www.myfonts.com/products/regular-gedbar-1141177
[2026-04-28T08:49:22Z] #915 attempt=1/2 status=200 0.265s url=https://www.myfonts.com/collections/gedbar-font-sealoung/
[2026-04-28T08:49:23Z] #916 attempt=1/2 status=200 0.306s url=https://www.myfonts.com/products/regular-montany-brush-1141238
[2026-04-28T08:49:23Z] #917 attempt=1/2 status=200 0.263s url=https://www.myfonts.com/collections/montany-brush-font-gatype/
[2026-04-28T08:49:24Z] summary releases=40 first_429=None log_file=state/myfonts_run_20260428_083657.log
[2026-04-28T08:49:24Z] saved_success_profile path=state/myfonts_success_profile.json
[2026-04-28T08:49:24Z] === MyFonts crawl end ===
