[2026-06-19T10:52:17Z] checkpoint fresh next_page=1 path=state/myfonts_crawl_checkpoint.json
[2026-06-19T10:52:17Z] === MyFonts crawl start source=myfonts ===
[2026-06-19T10:52:17Z] config max_pages=25 page_size=100 start_date=2026-06-18 end_date=2026-06-19 api_delay=0.5s detail_delay=0.2s max_debut_checks=400 max_tech_specs_checks=200 reuse_success_profile=False always_enrich_packages=True language_script_signal_mode=strong force_fresh_run=False start_page=1 browser_mode=False browser_headless=True browser_storage_state_path=state/myfonts_storage_state.json
[2026-06-19T10:52:19Z] #1 attempt=1/6 status=200 1.498s url=https://www.myfonts.com/products.json?limit=100&page=1
[2026-06-19T10:52:20Z] #2 attempt=1/2 status=200 0.429s url=https://www.myfonts.com/products/extbdsemexpslant-glowira-1171973
[2026-06-19T10:52:21Z] #3 attempt=1/2 status=200 0.592s url=https://www.myfonts.com/collections/glowira-font-nia-typework/
[2026-06-19T10:52:21Z] #4 attempt=1/2 status=200 0.405s url=https://www.myfonts.com/collections/glowira-font-nia-typework/?tab=techSpecs
[2026-06-19T10:52:22Z] #5 attempt=1/2 status=200 0.459s url=https://www.myfonts.com/collections/glowira-font-nia-typework/
[2026-06-19T10:52:23Z] #6 attempt=1/2 status=404 0.484s url=https://www.myfonts.com/collections/extbdsemexpslant-glowira-1171973-font-nia-typework
[2026-06-19T10:52:23Z] #7 attempt=1/2 status=200 0.461s url=https://www.myfonts.com/products/bold-gc-movark-1171347
[2026-06-19T10:52:24Z] #8 attempt=1/2 status=200 0.572s url=https://www.myfonts.com/collections/gc-movark-font-onyx-studio/
[2026-06-19T10:52:25Z] #9 attempt=1/2 status=200 0.604s url=https://www.myfonts.com/collections/gc-movark-font-onyx-studio/?tab=techSpecs
[2026-06-19T10:52:26Z] #10 attempt=1/2 status=200 0.379s url=https://www.myfonts.com/collections/gc-movark-font-onyx-studio/
[2026-06-19T10:52:26Z] #11 attempt=1/2 status=404 0.474s url=https://www.myfonts.com/collections/bold-gc-movark-1171347-font-onyx-studio
[2026-06-19T10:52:27Z] #12 attempt=1/2 status=200 0.322s url=https://www.myfonts.com/products/medsemexpslant-khastiyan-1171484
[2026-06-19T10:52:27Z] #13 attempt=1/2 status=200 0.371s url=https://www.myfonts.com/collections/khastiyan-font-nia-typework/
[2026-06-19T10:52:28Z] #14 attempt=1/2 status=200 0.461s url=https://www.myfonts.com/collections/khastiyan-font-nia-typework/?tab=techSpecs
[2026-06-19T10:52:29Z] #15 attempt=1/2 status=200 0.366s url=https://www.myfonts.com/collections/khastiyan-font-nia-typework/
[2026-06-19T10:52:29Z] #16 attempt=1/2 status=404 0.355s url=https://www.myfonts.com/collections/medsemexpslant-khastiyan-1171484-font-nia-typework
[2026-06-19T10:52:30Z] #17 attempt=1/2 status=404 0.219s url=https://www.myfonts.com/products/thinsemicondensed-lucient-1171733
[2026-06-19T10:52:30Z] #18 attempt=1/2 status=404 0.197s url=https://www.myfonts.com/collections/thinsemicondensed-lucient-1171733-font-nia-typework
[2026-06-19T10:52:30Z] #19 attempt=1/2 status=503 0.057s url=https://www.myfonts.com/products/regular-shree-oriya-3053-1171008
[2026-06-19T10:52:30Z] retryable_503 attempt=1/2 waiting=2s
[2026-06-19T10:52:33Z] #20 attempt=2/2 status=200 0.330s url=https://www.myfonts.com/products/regular-shree-oriya-3053-1171008
[2026-06-19T10:52:34Z] #21 attempt=1/2 status=200 0.384s url=https://www.myfonts.com/collections/shree-oriya-3053-font-modularinfotech/
[2026-06-19T10:52:34Z] #22 attempt=1/2 status=200 0.616s url=https://www.myfonts.com/collections/shree-oriya-3053-font-modularinfotech/?tab=techSpecs
[2026-06-19T10:52:35Z] #23 attempt=1/2 status=200 0.141s url=https://www.myfonts.com/collections/shree-oriya-3053-font-modularinfotech/
[2026-06-19T10:52:36Z] #24 attempt=1/2 status=200 0.295s url=https://www.myfonts.com/products/italic-shree-tamil-3829-1170383
[2026-06-19T10:52:36Z] #25 attempt=1/2 status=503 0.058s url=https://www.myfonts.com/collections/shree-tamil-3829-font-modularinfotech/
[2026-06-19T10:52:36Z] retryable_503 attempt=1/2 waiting=2s
[2026-06-19T10:52:39Z] #26 attempt=2/2 status=200 0.627s url=https://www.myfonts.com/collections/shree-tamil-3829-font-modularinfotech/
[2026-06-19T10:52:39Z] #27 attempt=1/2 status=200 0.130s url=https://www.myfonts.com/collections/shree-tamil-3829-font-modularinfotech/?tab=techSpecs
[2026-06-19T10:52:41Z] #28 attempt=1/2 status=200 0.486s url=https://www.myfonts.com/collections/shree-tamil-3829-font-modularinfotech/
[2026-06-19T10:52:41Z] #29 attempt=1/2 status=404 0.378s url=https://www.myfonts.com/products/shadow-regular-hunalica-1172047
[2026-06-19T10:52:42Z] #30 attempt=1/2 status=404 0.365s url=https://www.myfonts.com/collections/shadow-regular-hunalica-1172047-font-shape-studio
[2026-06-19T10:52:43Z] #31 attempt=1/2 status=200 0.522s url=https://www.myfonts.com/products/regular-shree-oriya-3058-1170985
[2026-06-19T10:52:44Z] #32 attempt=1/2 status=200 0.579s url=https://www.myfonts.com/collections/shree-oriya-3058-font-modularinfotech/
[2026-06-19T10:52:45Z] #33 attempt=1/2 status=200 0.980s url=https://www.myfonts.com/collections/shree-oriya-3058-font-modularinfotech/?tab=techSpecs
[2026-06-19T10:52:46Z] #34 attempt=1/2 status=200 0.569s url=https://www.myfonts.com/collections/shree-oriya-3058-font-modularinfotech/
[2026-06-19T10:52:47Z] #35 attempt=1/2 status=200 0.500s url=https://www.myfonts.com/products/regular-shree-tamil-3901-1170369
[2026-06-19T10:52:47Z] #36 attempt=1/2 status=200 0.329s url=https://www.myfonts.com/collections/shree-tamil-3901-font-modularinfotech/
[2026-06-19T10:52:48Z] #37 attempt=1/2 status=200 0.145s url=https://www.myfonts.com/collections/shree-tamil-3901-font-modularinfotech/?tab=techSpecs
[2026-06-19T10:52:49Z] #38 attempt=1/2 status=200 0.351s url=https://www.myfonts.com/collections/shree-tamil-3901-font-modularinfotech/
[2026-06-19T10:52:50Z] #39 attempt=1/2 status=200 0.478s url=https://www.myfonts.com/products/shree-tamil-0802-black-italic-shree-tamil-0802-1170333
[2026-06-19T10:52:51Z] #40 attempt=1/2 status=200 0.803s url=https://www.myfonts.com/collections/shree-tamil-0802-font-modularinfotech/
[2026-06-19T10:52:52Z] #41 attempt=1/2 status=200 0.975s url=https://www.myfonts.com/collections/shree-tamil-0802-font-modularinfotech/?tab=techSpecs
[2026-06-19T10:52:53Z] #42 attempt=1/2 status=200 0.385s url=https://www.myfonts.com/products/regular-shree-tamil-2881-1170748
[2026-06-19T10:52:54Z] #43 attempt=1/2 status=200 0.952s url=https://www.myfonts.com/collections/shree-tamil-2881-font-modularinfotech/
[2026-06-19T10:52:55Z] #44 attempt=1/2 status=200 0.771s url=https://www.myfonts.com/collections/shree-tamil-2881-font-modularinfotech/?tab=techSpecs
[2026-06-19T10:52:56Z] #45 attempt=1/2 status=200 0.163s url=https://www.myfonts.com/collections/shree-tamil-2881-font-modularinfotech/
[2026-06-19T10:52:57Z] #46 attempt=1/2 status=200 0.518s url=https://www.myfonts.com/products/italic-shree-telugu-2996-1170691
[2026-06-19T10:52:58Z] #47 attempt=1/2 status=200 0.321s url=https://www.myfonts.com/collections/shree-telugu-2996-font-modularinfotech/
[2026-06-19T10:52:58Z] #48 attempt=1/2 status=200 0.276s url=https://www.myfonts.com/collections/shree-telugu-2996-font-modularinfotech/?tab=techSpecs
[2026-06-19T10:52:59Z] #49 attempt=1/2 status=200 0.415s url=https://www.myfonts.com/collections/shree-telugu-2996-font-modularinfotech/
[2026-06-19T10:53:00Z] #50 attempt=1/2 status=200 0.710s url=https://www.myfonts.com/products/bold-italic-shree-tamil-0804-1170746
[2026-06-19T10:53:02Z] #51 attempt=1/2 status=200 0.981s url=https://www.myfonts.com/collections/shree-tamil-0804-font-modularinfotech/
[2026-06-19T10:53:02Z] #52 attempt=1/2 status=200 0.455s url=https://www.myfonts.com/collections/shree-tamil-0804-font-modularinfotech/?tab=techSpecs
[2026-06-19T10:53:04Z] #53 attempt=1/2 status=200 0.584s url=https://www.myfonts.com/collections/shree-tamil-0804-font-modularinfotech/
[2026-06-19T10:53:05Z] #54 attempt=1/2 status=200 0.941s url=https://www.myfonts.com/products/soft-contrast-semicondensed-brefid-1171666
[2026-06-19T10:53:06Z] #55 attempt=1/2 status=200 0.923s url=https://www.myfonts.com/collections/brefid-font-gian-studio/
[2026-06-19T10:53:06Z] #56 attempt=1/2 status=503 0.061s url=https://www.myfonts.com/collections/brefid-font-gian-studio/?tab=techSpecs
[2026-06-19T10:53:06Z] retryable_503 attempt=1/2 waiting=2s
[2026-06-19T10:53:09Z] #57 attempt=2/2 status=200 0.940s url=https://www.myfonts.com/collections/brefid-font-gian-studio/?tab=techSpecs
[2026-06-19T10:53:11Z] #58 attempt=1/2 status=200 0.641s url=https://www.myfonts.com/products/regular-shree-malayalam-3250-1170951
[2026-06-19T10:53:12Z] #59 attempt=1/2 status=200 0.556s url=https://www.myfonts.com/collections/shree-malayalam-3250-font-modularinfotech/
[2026-06-19T10:53:12Z] #60 attempt=1/2 status=200 0.132s url=https://www.myfonts.com/collections/shree-malayalam-3250-font-modularinfotech/?tab=techSpecs
[2026-06-19T10:53:13Z] #61 attempt=1/2 status=200 0.728s url=https://www.myfonts.com/collections/shree-malayalam-3250-font-modularinfotech/
[2026-06-19T10:53:14Z] #62 attempt=1/2 status=200 0.461s url=https://www.myfonts.com/products/italic-shree-tamil-3984-1170318
[2026-06-19T10:53:15Z] #63 attempt=1/2 status=200 0.581s url=https://www.myfonts.com/collections/shree-tamil-3984-font-modularinfotech/
[2026-06-19T10:53:16Z] #64 attempt=1/2 status=200 0.486s url=https://www.myfonts.com/collections/shree-tamil-3984-font-modularinfotech/?tab=techSpecs
[2026-06-19T10:53:17Z] #65 attempt=1/2 status=200 0.828s url=https://www.myfonts.com/collections/shree-tamil-3984-font-modularinfotech/
[2026-06-19T10:53:18Z] #66 attempt=1/2 status=200 0.860s url=https://www.myfonts.com/products/italic-shree-telugu-2967-1170682
[2026-06-19T10:53:19Z] #67 attempt=1/2 status=200 0.462s url=https://www.myfonts.com/collections/shree-telugu-2967-font-modularinfotech/
[2026-06-19T10:53:20Z] #68 attempt=1/2 status=200 0.618s url=https://www.myfonts.com/collections/shree-telugu-2967-font-modularinfotech/?tab=techSpecs
[2026-06-19T10:53:21Z] #69 attempt=1/2 status=503 0.073s url=https://www.myfonts.com/collections/shree-telugu-2967-font-modularinfotech/
[2026-06-19T10:53:21Z] retryable_503 attempt=1/2 waiting=2s
[2026-06-19T10:53:23Z] #70 attempt=2/2 status=200 0.513s url=https://www.myfonts.com/collections/shree-telugu-2967-font-modularinfotech/
[2026-06-19T10:53:24Z] #71 attempt=1/2 status=200 0.347s url=https://www.myfonts.com/products/regular-shree-malayalam-3228-1170942
[2026-06-19T10:53:25Z] #72 attempt=1/2 status=200 0.611s url=https://www.myfonts.com/collections/shree-malayalam-3228-font-modularinfotech/
[2026-06-19T10:53:26Z] #73 attempt=1/2 status=200 0.469s url=https://www.myfonts.com/collections/shree-malayalam-3228-font-modularinfotech/?tab=techSpecs
[2026-06-19T10:53:27Z] #74 attempt=1/2 status=200 1.045s url=https://www.myfonts.com/collections/shree-malayalam-3228-font-modularinfotech/
[2026-06-19T10:53:28Z] #75 attempt=1/2 status=200 0.569s url=https://www.myfonts.com/products/regular-shree-tam5498-1170655
[2026-06-19T10:53:29Z] #76 attempt=1/2 status=200 0.702s url=https://www.myfonts.com/collections/shree-tam5498-font-modularinfotech/
[2026-06-19T10:53:30Z] #77 attempt=1/2 status=200 0.345s url=https://www.myfonts.com/collections/shree-tam5498-font-modularinfotech/?tab=techSpecs
[2026-06-19T10:53:31Z] #78 attempt=1/2 status=200 0.469s url=https://www.myfonts.com/products/bold-shree-oriya-0636-1170908
[2026-06-19T10:53:32Z] #79 attempt=1/2 status=200 0.552s url=https://www.myfonts.com/collections/shree-oriya-0636-font-modularinfotech/
[2026-06-19T10:53:32Z] #80 attempt=1/2 status=200 0.153s url=https://www.myfonts.com/collections/shree-oriya-0636-font-modularinfotech/?tab=techSpecs
[2026-06-19T10:53:33Z] #81 attempt=1/2 status=200 0.474s url=https://www.myfonts.com/collections/shree-oriya-0636-font-modularinfotech/
[2026-06-19T10:53:35Z] #82 attempt=1/2 status=200 0.886s url=https://www.myfonts.com/products/italic-shree-oriya-3041-1170878
[2026-06-19T10:53:35Z] #83 attempt=1/2 status=200 0.503s url=https://www.myfonts.com/collections/shree-oriya-3041-font-modularinfotech/
[2026-06-19T10:53:36Z] #84 attempt=1/2 status=503 0.065s url=https://www.myfonts.com/collections/shree-oriya-3041-font-modularinfotech/?tab=techSpecs
[2026-06-19T10:53:36Z] retryable_503 attempt=1/2 waiting=2s
[2026-06-19T10:53:38Z] #85 attempt=2/2 status=200 0.211s url=https://www.myfonts.com/collections/shree-oriya-3041-font-modularinfotech/?tab=techSpecs
[2026-06-19T10:53:39Z] #86 attempt=1/2 status=200 0.195s url=https://www.myfonts.com/collections/shree-oriya-3041-font-modularinfotech/
[2026-06-19T10:53:40Z] #87 attempt=1/2 status=200 0.656s url=https://www.myfonts.com/products/regular-island-girl-1171262
[2026-06-19T10:53:40Z] #88 attempt=1/2 status=200 0.263s url=https://www.myfonts.com/collections/island-girl-font-epiclinez/
[2026-06-19T10:53:41Z] #89 attempt=1/2 status=503 0.059s url=https://www.myfonts.com/collections/island-girl-font-epiclinez/?tab=techSpecs
[2026-06-19T10:53:41Z] retryable_503 attempt=1/2 waiting=2s
[2026-06-19T10:53:43Z] #90 attempt=2/2 status=200 0.492s url=https://www.myfonts.com/collections/island-girl-font-epiclinez/?tab=techSpecs
[2026-06-19T10:53:44Z] #91 attempt=1/2 status=200 0.532s url=https://www.myfonts.com/collections/island-girl-font-epiclinez/
[2026-06-19T10:53:45Z] #92 attempt=1/2 status=404 0.333s url=https://www.myfonts.com/collections/regular-island-girl-1171262-font-epiclinez
[2026-06-19T10:53:45Z] #93 attempt=1/2 status=200 0.623s url=https://www.myfonts.com/products/italic-shree-tamil-3843-1170648
[2026-06-19T10:53:46Z] #94 attempt=1/2 status=200 0.435s url=https://www.myfonts.com/collections/shree-tamil-3843-font-modularinfotech/
[2026-06-19T10:53:47Z] #95 attempt=1/2 status=200 0.265s url=https://www.myfonts.com/collections/shree-tamil-3843-font-modularinfotech/?tab=techSpecs
[2026-06-19T10:53:47Z] #96 attempt=1/2 status=200 0.162s url=https://www.myfonts.com/collections/shree-tamil-3843-font-modularinfotech/
[2026-06-19T10:53:48Z] #97 attempt=1/2 status=200 0.396s url=https://www.myfonts.com/products/light-shree-tamil-1397-1170591
[2026-06-19T10:53:49Z] #98 attempt=1/2 status=200 0.761s url=https://www.myfonts.com/collections/shree-tamil-1397-font-modularinfotech/
[2026-06-19T10:53:50Z] #99 attempt=1/2 status=200 0.633s url=https://www.myfonts.com/collections/shree-tamil-1397-font-modularinfotech/?tab=techSpecs
[2026-06-19T10:53:51Z] #100 attempt=1/2 status=200 0.373s url=https://www.myfonts.com/collections/shree-tamil-1397-font-modularinfotech/
[2026-06-19T10:53:52Z] #101 attempt=1/2 status=200 0.939s url=https://www.myfonts.com/products/italic-morakot-1170175
[2026-06-19T10:53:53Z] #102 attempt=1/2 status=200 0.240s url=https://www.myfonts.com/collections/morakot-font-jipatype/
[2026-06-19T10:53:53Z] #103 attempt=1/2 status=200 0.385s url=https://www.myfonts.com/collections/morakot-font-jipatype/?tab=techSpecs
[2026-06-19T10:53:54Z] #104 attempt=1/2 status=200 0.237s url=https://www.myfonts.com/collections/morakot-font-jipatype/
[2026-06-19T10:53:54Z] #105 attempt=1/2 status=404 0.211s url=https://www.myfonts.com/collections/italic-morakot-1170175-font-jipatype
[2026-06-19T10:53:55Z] #106 attempt=1/2 status=200 0.305s url=https://www.myfonts.com/products/regular-shree-tamil-3854-1170855
[2026-06-19T10:53:55Z] #107 attempt=1/2 status=429 0.053s url=https://www.myfonts.com/collections/shree-tamil-3854-font-modularinfotech/
[2026-06-19T10:53:55Z] first_429 req=107 url=https://www.myfonts.com/collections/shree-tamil-3854-font-modularinfotech/
[2026-06-19T10:53:58Z] #108 attempt=2/2 status=200 0.501s url=https://www.myfonts.com/collections/shree-tamil-3854-font-modularinfotech/
[2026-06-19T10:53:59Z] #109 attempt=1/2 status=200 0.597s url=https://www.myfonts.com/collections/shree-tamil-3854-font-modularinfotech/
[2026-06-19T10:54:00Z] #110 attempt=1/2 status=200 0.683s url=https://www.myfonts.com/products/bold-italic-shree-tamil-3953-1170589
[2026-06-19T10:54:01Z] #111 attempt=1/2 status=200 1.160s url=https://www.myfonts.com/collections/shree-tamil-3953-font-modularinfotech/
[2026-06-19T10:54:02Z] #112 attempt=1/2 status=200 0.729s url=https://www.myfonts.com/collections/shree-tamil-3953-font-modularinfotech/
[2026-06-19T10:54:03Z] #113 attempt=1/2 status=200 0.386s url=https://www.myfonts.com/products/black-slanted-aukim-ii-scribble-1171592
[2026-06-19T10:54:04Z] #114 attempt=1/2 status=200 0.681s url=https://www.myfonts.com/collections/aukim-ii-scribble-font-aukimvisuel/
[2026-06-19T10:54:04Z] #115 attempt=1/2 status=200 0.153s url=https://www.myfonts.com/collections/aukim-ii-scribble-font-aukimvisuel/
[2026-06-19T10:54:04Z] #116 attempt=1/2 status=429 0.039s url=https://www.myfonts.com/collections/black-slanted-aukim-ii-scribble-1171592-font-aukimvisuel
[2026-06-19T10:54:07Z] #117 attempt=2/2 status=404 0.371s url=https://www.myfonts.com/collections/black-slanted-aukim-ii-scribble-1171592-font-aukimvisuel
[2026-06-19T10:54:07Z] #118 attempt=1/2 status=200 0.393s url=https://www.myfonts.com/products/bold-shree-tamil-3960-1170555
[2026-06-19T10:54:09Z] #119 attempt=1/2 status=200 0.978s url=https://www.myfonts.com/collections/shree-tamil-3960-font-modularinfotech/
[2026-06-19T10:54:10Z] #120 attempt=1/2 status=200 0.796s url=https://www.myfonts.com/products/italic-shree-malayalam-3216-1171216
[2026-06-19T10:54:10Z] #121 attempt=1/2 status=200 0.491s url=https://www.myfonts.com/collections/shree-malayalam-3216-font-modularinfotech/
[2026-06-19T10:54:11Z] #122 attempt=1/2 status=200 0.448s url=https://www.myfonts.com/collections/shree-malayalam-3216-font-modularinfotech/
[2026-06-19T10:54:12Z] #123 attempt=1/2 status=503 0.056s url=https://www.myfonts.com/products/regular-shree-tamil-3866-1170546
[2026-06-19T10:54:12Z] retryable_503 attempt=1/2 waiting=2s
[2026-06-19T10:54:14Z] #124 attempt=2/2 status=200 0.281s url=https://www.myfonts.com/products/regular-shree-tamil-3866-1170546
[2026-06-19T10:54:15Z] #125 attempt=1/2 status=200 0.407s url=https://www.myfonts.com/collections/shree-tamil-3866-font-modularinfotech/
[2026-06-19T10:54:15Z] #126 attempt=1/2 status=200 0.326s url=https://www.myfonts.com/collections/shree-tamil-3866-font-modularinfotech/
[2026-06-19T10:54:16Z] #127 attempt=1/2 status=200 0.453s url=https://www.myfonts.com/products/bold-shree-tamil-3842-1170789
[2026-06-19T10:54:17Z] #128 attempt=1/2 status=200 0.670s url=https://www.myfonts.com/collections/shree-tamil-3842-font-modularinfotech/
[2026-06-19T10:54:18Z] #129 attempt=1/2 status=200 0.240s url=https://www.myfonts.com/collections/shree-tamil-3842-font-modularinfotech/
[2026-06-19T10:54:18Z] #130 attempt=1/2 status=200 0.473s url=https://www.myfonts.com/products/regular-shree-tamil-3942-1170512
[2026-06-19T10:54:19Z] #131 attempt=1/2 status=429 0.053s url=https://www.myfonts.com/collections/shree-tamil-3942-font-modularinfotech/
[2026-06-19T10:54:21Z] #132 attempt=2/2 status=200 0.481s url=https://www.myfonts.com/collections/shree-tamil-3942-font-modularinfotech/
[2026-06-19T10:54:22Z] #133 attempt=1/2 status=200 0.857s url=https://www.myfonts.com/collections/shree-tamil-3942-font-modularinfotech/
[2026-06-19T10:54:24Z] #134 attempt=1/2 status=200 1.127s url=https://www.myfonts.com/products/italic-shree-malayalam-4415-1171198
[2026-06-19T10:54:24Z] #135 attempt=1/2 status=200 0.487s url=https://www.myfonts.com/collections/shree-malayalam-4415-font-modularinfotech/
[2026-06-19T10:54:26Z] #136 attempt=1/2 status=200 0.918s url=https://www.myfonts.com/collections/shree-malayalam-4415-font-modularinfotech/
[2026-06-19T10:54:26Z] #137 attempt=1/2 status=200 0.318s url=https://www.myfonts.com/products/italic-shree-malayalam-3267-1171148
[2026-06-19T10:54:27Z] #138 attempt=1/2 status=200 0.682s url=https://www.myfonts.com/collections/shree-malayalam-3267-font-modularinfotech/
[2026-06-19T10:54:28Z] #139 attempt=1/2 status=200 0.447s url=https://www.myfonts.com/collections/shree-malayalam-3267-font-modularinfotech/
[2026-06-19T10:54:29Z] #140 attempt=1/2 status=200 0.670s url=https://www.myfonts.com/products/medium-shree-tamil-0832-1170489
[2026-06-19T10:54:30Z] #141 attempt=1/2 status=200 0.943s url=https://www.myfonts.com/collections/shree-tamil-0832-font-modularinfotech/
[2026-06-19T10:54:31Z] #142 attempt=1/2 status=200 0.428s url=https://www.myfonts.com/collections/shree-tamil-0832-font-modularinfotech/
[2026-06-19T10:54:32Z] #143 attempt=1/2 status=200 1.192s url=https://www.myfonts.com/products/italic-shree-tamil-3814-1170455
[2026-06-19T10:54:33Z] #144 attempt=1/2 status=200 0.518s url=https://www.myfonts.com/collections/shree-tamil-3814-font-modularinfotech/
[2026-06-19T10:54:34Z] #145 attempt=1/2 status=200 0.298s url=https://www.myfonts.com/collections/shree-tamil-3814-font-modularinfotech/
[2026-06-19T10:54:34Z] #146 attempt=1/2 status=200 0.441s url=https://www.myfonts.com/products/regular-valeysoul-1171352
[2026-06-19T10:54:35Z] #147 attempt=1/2 status=200 0.567s url=https://www.myfonts.com/collections/valeysoul-font-tini-fitriani/
[2026-06-19T10:54:36Z] #148 attempt=1/2 status=200 0.445s url=https://www.myfonts.com/collections/valeysoul-font-tini-fitriani/
[2026-06-19T10:54:36Z] #149 attempt=1/2 status=429 0.029s url=https://www.myfonts.com/collections/regular-valeysoul-1171352-font-tini-fitriani
[2026-06-19T10:54:39Z] #150 attempt=2/2 status=404 0.513s url=https://www.myfonts.com/collections/regular-valeysoul-1171352-font-tini-fitriani
[2026-06-19T10:54:39Z] #151 attempt=1/2 status=200 0.386s url=https://www.myfonts.com/products/italic-shree-tamil-6317-1170448
[2026-06-19T10:54:40Z] #152 attempt=1/2 status=200 0.263s url=https://www.myfonts.com/collections/shree-tamil-6317-font-modularinfotech/
[2026-06-19T10:54:40Z] #153 attempt=1/2 status=503 0.074s url=https://www.myfonts.com/collections/shree-tamil-6317-font-modularinfotech/
[2026-06-19T10:54:40Z] retryable_503 attempt=1/2 waiting=2s
[2026-06-19T10:54:42Z] #154 attempt=2/2 status=200 0.164s url=https://www.myfonts.com/collections/shree-tamil-6317-font-modularinfotech/
[2026-06-19T10:54:43Z] #155 attempt=1/2 status=404 0.200s url=https://www.myfonts.com/collections/italic-shree-tamil-6317-1170448-font-modular-infotech
[2026-06-19T10:54:44Z] #156 attempt=1/2 status=200 0.407s url=https://www.myfonts.com/products/italic-shree-tamil-2882-1170782
[2026-06-19T10:54:44Z] #157 attempt=1/2 status=200 0.378s url=https://www.myfonts.com/collections/shree-tamil-2882-font-modularinfotech/
[2026-06-19T10:54:45Z] #158 attempt=1/2 status=200 0.769s url=https://www.myfonts.com/collections/shree-tamil-2882-font-modularinfotech/
[2026-06-19T10:54:46Z] #159 attempt=1/2 status=200 0.276s url=https://www.myfonts.com/products/regular-shree-tamil-3908-1170412
[2026-06-19T10:54:46Z] #160 attempt=1/2 status=429 0.038s url=https://www.myfonts.com/collections/shree-tamil-3908-font-modularinfotech/
[2026-06-19T10:54:49Z] #161 attempt=2/2 status=200 1.087s url=https://www.myfonts.com/collections/shree-tamil-3908-font-modularinfotech/
[2026-06-19T10:54:50Z] #162 attempt=1/2 status=200 0.355s url=https://www.myfonts.com/collections/shree-tamil-3908-font-modularinfotech/
[2026-06-19T10:54:51Z] #163 attempt=1/2 status=200 0.455s url=https://www.myfonts.com/products/italic-shree-malayalam-4407-1171131
[2026-06-19T10:54:51Z] #164 attempt=1/2 status=200 0.549s url=https://www.myfonts.com/collections/shree-malayalam-4407-font-modularinfotech/
[2026-06-19T10:54:52Z] #165 attempt=1/2 status=200 0.146s url=https://www.myfonts.com/collections/shree-malayalam-4407-font-modularinfotech/
[2026-06-19T10:54:53Z] #166 attempt=1/2 status=200 0.650s url=https://www.myfonts.com/products/black-italic-karvest-1171319
[2026-06-19T10:54:53Z] #167 attempt=1/2 status=200 0.386s url=https://www.myfonts.com/collections/karvest-font-product-type/
[2026-06-19T10:54:54Z] #168 attempt=1/2 status=200 0.247s url=https://www.myfonts.com/collections/karvest-font-product-type/
[2026-06-19T10:54:54Z] #169 attempt=1/2 status=429 0.036s url=https://www.myfonts.com/collections/black-italic-karvest-1171319-font-product-type
[2026-06-19T10:54:57Z] #170 attempt=2/2 status=404 0.452s url=https://www.myfonts.com/collections/black-italic-karvest-1171319-font-product-type
[2026-06-19T10:54:57Z] #171 attempt=1/2 status=200 0.355s url=https://www.myfonts.com/products/italic-shree-telugu-2607-1170389
[2026-06-19T10:54:58Z] #172 attempt=1/2 status=200 0.301s url=https://www.myfonts.com/collections/shree-telugu-2607-font-modularinfotech/
[2026-06-19T10:54:59Z] #173 attempt=1/2 status=200 0.425s url=https://www.myfonts.com/collections/shree-telugu-2607-font-modularinfotech/
[2026-06-19T10:55:00Z] #174 attempt=1/2 status=200 0.916s url=https://www.myfonts.com/products/italic-shree-tamil-3940-1170755
[2026-06-19T10:55:01Z] #175 attempt=1/2 status=200 0.766s url=https://www.myfonts.com/collections/shree-tamil-3940-font-modularinfotech/
[2026-06-19T10:55:01Z] #176 attempt=1/2 status=200 0.132s url=https://www.myfonts.com/collections/shree-tamil-3940-font-modularinfotech/
[2026-06-19T10:55:03Z] #177 attempt=1/6 status=200 1.137s url=https://www.myfonts.com/products.json?limit=100&page=2
[2026-06-19T10:55:04Z] #178 attempt=1/2 status=200 0.390s url=https://www.myfonts.com/products/italic-shree-malayalam-1875-1171122
[2026-06-19T10:55:04Z] #179 attempt=1/2 status=200 0.653s url=https://www.myfonts.com/collections/shree-malayalam-1875-font-modularinfotech/
[2026-06-19T10:55:05Z] #180 attempt=1/2 status=200 0.172s url=https://www.myfonts.com/collections/shree-malayalam-1875-font-modularinfotech/
[2026-06-19T10:55:05Z] #181 attempt=1/2 status=429 0.026s url=https://www.myfonts.com/products/regular-shree-malayalam-4430-1170970
[2026-06-19T10:55:08Z] #182 attempt=2/2 status=200 0.730s url=https://www.myfonts.com/products/regular-shree-malayalam-4430-1170970
[2026-06-19T10:55:09Z] #183 attempt=1/2 status=200 0.744s url=https://www.myfonts.com/collections/shree-malayalam-4430-font-modularinfotech/
[2026-06-19T10:55:10Z] #184 attempt=1/2 status=200 0.553s url=https://www.myfonts.com/products/bold-shree-malayalam-0523-1170958
[2026-06-19T10:55:11Z] #185 attempt=1/2 status=200 0.604s url=https://www.myfonts.com/collections/shree-malayalam-0523-font-modularinfotech/
[2026-06-19T10:55:12Z] #186 attempt=1/2 status=200 0.701s url=https://www.myfonts.com/products/regular-shree-oriya-0619-1171079
[2026-06-19T10:55:13Z] #187 attempt=1/2 status=200 0.513s url=https://www.myfonts.com/collections/shree-oriya-0619-font-modularinfotech/
[2026-06-19T10:55:13Z] #188 attempt=1/2 status=200 0.254s url=https://www.myfonts.com/collections/shree-oriya-0619-font-modularinfotech/
[2026-06-19T10:55:14Z] #189 attempt=1/2 status=200 0.587s url=https://www.myfonts.com/products/regular-shree-malayalam-3202-1171105
[2026-06-19T10:55:15Z] #190 attempt=1/2 status=200 0.502s url=https://www.myfonts.com/collections/shree-malayalam-3202-font-modularinfotech/
[2026-06-19T10:55:15Z] #191 attempt=1/2 status=200 0.457s url=https://www.myfonts.com/collections/shree-malayalam-3202-font-modularinfotech/
[2026-06-19T10:55:17Z] #192 attempt=1/2 status=200 0.641s url=https://www.myfonts.com/products/regular-shree-tamil-3989-1170535
[2026-06-19T10:55:17Z] #193 attempt=1/2 status=429 0.044s url=https://www.myfonts.com/collections/shree-tamil-3989-font-modularinfotech/
[2026-06-19T10:55:20Z] #194 attempt=2/2 status=200 0.639s url=https://www.myfonts.com/collections/shree-tamil-3989-font-modularinfotech/
[2026-06-19T10:55:20Z] #195 attempt=1/2 status=200 0.359s url=https://www.myfonts.com/collections/shree-tamil-3989-font-modularinfotech/
[2026-06-19T10:55:21Z] #196 attempt=1/2 status=200 0.592s url=https://www.myfonts.com/products/regular-yelima-1171228
[2026-06-19T10:55:22Z] #197 attempt=1/2 status=200 0.395s url=https://www.myfonts.com/collections/yelima-font-ceeskiiw/
[2026-06-19T10:55:22Z] #198 attempt=1/2 status=200 0.351s url=https://www.myfonts.com/collections/yelima-font-ceeskiiw/
[2026-06-19T10:55:23Z] #199 attempt=1/2 status=404 0.360s url=https://www.myfonts.com/collections/regular-yelima-1171228-font-ceeskiiw
[2026-06-19T10:55:23Z] #200 attempt=1/2 status=200 0.290s url=https://www.myfonts.com/products/thin-freya-grace-1172057
[2026-06-19T10:55:24Z] #201 attempt=1/2 status=429 0.038s url=https://www.myfonts.com/collections/freya-grace-font-tripletree-studio/
[2026-06-19T10:55:26Z] #202 attempt=2/2 status=200 0.385s url=https://www.myfonts.com/collections/freya-grace-font-tripletree-studio/
[2026-06-19T10:55:27Z] #203 attempt=1/2 status=200 0.249s url=https://www.myfonts.com/collections/freya-grace-font-tripletree-studio/
[2026-06-19T10:55:27Z] #204 attempt=1/2 status=404 0.276s url=https://www.myfonts.com/collections/thin-freya-grace-1172057-font-tripletree-studio
[2026-06-19T10:55:28Z] #205 attempt=1/2 status=200 0.375s url=https://www.myfonts.com/products/regular-shree-tamil-0805-1170538
[2026-06-19T10:55:28Z] #206 attempt=1/2 status=429 0.049s url=https://www.myfonts.com/collections/shree-tamil-0805-font-modularinfotech/
[2026-06-19T10:55:31Z] #207 attempt=2/2 status=200 0.814s url=https://www.myfonts.com/collections/shree-tamil-0805-font-modularinfotech/
[2026-06-19T10:55:31Z] #208 attempt=1/2 status=200 0.149s url=https://www.myfonts.com/collections/shree-tamil-0805-font-modularinfotech/
[2026-06-19T10:55:32Z] #209 attempt=1/2 status=200 0.499s url=https://www.myfonts.com/products/italic-shree-malayalam-3270-1171088
[2026-06-19T10:55:33Z] #210 attempt=1/2 status=200 0.757s url=https://www.myfonts.com/collections/shree-malayalam-3270-font-modularinfotech/
[2026-06-19T10:55:34Z] #211 attempt=1/2 status=200 0.636s url=https://www.myfonts.com/collections/shree-malayalam-3270-font-modularinfotech/
[2026-06-19T10:55:35Z] #212 attempt=1/2 status=200 0.362s url=https://www.myfonts.com/products/italic-shree-malayalam-3217-1171065
[2026-06-19T10:55:35Z] #213 attempt=1/2 status=200 0.510s url=https://www.myfonts.com/collections/shree-malayalam-3217-font-modularinfotech/
[2026-06-19T10:55:36Z] #214 attempt=1/2 status=200 0.624s url=https://www.myfonts.com/collections/shree-malayalam-3217-font-modularinfotech/
[2026-06-19T10:55:37Z] #215 attempt=1/2 status=200 0.314s url=https://www.myfonts.com/products/italic-shree-malayalam-3264-1171071
[2026-06-19T10:55:38Z] #216 attempt=1/2 status=200 0.452s url=https://www.myfonts.com/collections/shree-malayalam-3264-font-modularinfotech/
[2026-06-19T10:55:38Z] #217 attempt=1/2 status=429 0.034s url=https://www.myfonts.com/collections/shree-malayalam-3264-font-modularinfotech/
[2026-06-19T10:55:41Z] #218 attempt=2/2 status=200 0.625s url=https://www.myfonts.com/collections/shree-malayalam-3264-font-modularinfotech/
[2026-06-19T10:55:42Z] #219 attempt=1/2 status=200 0.432s url=https://www.myfonts.com/products/regular-shree-malayalam-3236-1170933
[2026-06-19T10:55:43Z] #220 attempt=1/2 status=200 0.774s url=https://www.myfonts.com/collections/shree-malayalam-3236-font-modularinfotech/
[2026-06-19T10:55:43Z] #221 attempt=1/2 status=200 0.543s url=https://www.myfonts.com/collections/shree-malayalam-3236-font-modularinfotech/
[2026-06-19T10:55:44Z] #222 attempt=1/2 status=503 0.054s url=https://www.myfonts.com/products/regular-shree-oriya-3046-1171037
[2026-06-19T10:55:44Z] retryable_503 attempt=1/2 waiting=2s
[2026-06-19T10:55:47Z] #223 attempt=2/2 status=200 0.535s url=https://www.myfonts.com/products/regular-shree-oriya-3046-1171037
[2026-06-19T10:55:47Z] #224 attempt=1/2 status=200 0.616s url=https://www.myfonts.com/collections/shree-oriya-3046-font-modularinfotech/
[2026-06-19T10:55:48Z] #225 attempt=1/2 status=200 0.500s url=https://www.myfonts.com/collections/shree-oriya-3046-font-modularinfotech/
[2026-06-19T10:55:49Z] #226 attempt=1/2 status=200 0.710s url=https://www.myfonts.com/products/bold-shree-oriya-3039-1171226
[2026-06-19T10:55:50Z] #227 attempt=1/2 status=200 0.656s url=https://www.myfonts.com/collections/shree-oriya-3039-font-modularinfotech/
[2026-06-19T10:55:50Z] #228 attempt=1/2 status=200 0.136s url=https://www.myfonts.com/collections/shree-oriya-3039-font-modularinfotech/
[2026-06-19T10:55:51Z] #229 attempt=1/2 status=200 0.321s url=https://www.myfonts.com/products/bold-italic-shree-malayalam-1894-1171024
[2026-06-19T10:55:52Z] #230 attempt=1/2 status=200 0.454s url=https://www.myfonts.com/collections/shree-malayalam-1894-font-modularinfotech/
[2026-06-19T10:55:52Z] #231 attempt=1/2 status=200 0.456s url=https://www.myfonts.com/collections/shree-malayalam-1894-font-modularinfotech/
[2026-06-19T10:55:53Z] #232 attempt=1/2 status=200 0.429s url=https://www.myfonts.com/products/italic-shree-telugu-1642-1170484
[2026-06-19T10:55:53Z] #233 attempt=1/2 status=429 0.030s url=https://www.myfonts.com/collections/shree-telugu-1642-font-modularinfotech/
[2026-06-19T10:55:56Z] #234 attempt=2/2 status=200 0.690s url=https://www.myfonts.com/collections/shree-telugu-1642-font-modularinfotech/
[2026-06-19T10:55:57Z] #235 attempt=1/2 status=200 0.429s url=https://www.myfonts.com/collections/shree-telugu-1642-font-modularinfotech/
[2026-06-19T10:55:58Z] #236 attempt=1/2 status=200 0.369s url=https://www.myfonts.com/products/regular-shree-malayalam-1876-1171029
[2026-06-19T10:55:58Z] #237 attempt=1/2 status=200 0.671s url=https://www.myfonts.com/collections/shree-malayalam-1876-font-modularinfotech/
[2026-06-19T10:55:59Z] #238 attempt=1/2 status=200 0.418s url=https://www.myfonts.com/collections/shree-malayalam-1876-font-modularinfotech/
[2026-06-19T10:56:00Z] #239 attempt=1/2 status=200 0.487s url=https://www.myfonts.com/products/regular-shree-malayalam-3242-1170973
[2026-06-19T10:56:01Z] #240 attempt=1/2 status=200 0.888s url=https://www.myfonts.com/collections/shree-malayalam-3242-font-modularinfotech/
[2026-06-19T10:56:02Z] #241 attempt=1/2 status=200 0.573s url=https://www.myfonts.com/collections/shree-malayalam-3242-font-modularinfotech/
[2026-06-19T10:56:03Z] #242 attempt=1/2 status=200 0.497s url=https://www.myfonts.com/products/regular-shree-tamil-2863-1170463
[2026-06-19T10:56:04Z] #243 attempt=1/2 status=200 0.982s url=https://www.myfonts.com/collections/shree-tamil-2863-font-modularinfotech/
[2026-06-19T10:56:05Z] #244 attempt=1/2 status=200 0.469s url=https://www.myfonts.com/collections/shree-tamil-2863-font-modularinfotech/
[2026-06-19T10:56:05Z] #245 attempt=1/2 status=200 0.345s url=https://www.myfonts.com/products/medium-shree-malayalam-1816-1170928
[2026-06-19T10:56:06Z] #246 attempt=1/2 status=429 0.043s url=https://www.myfonts.com/collections/shree-malayalam-1816-font-modularinfotech/
[2026-06-19T10:56:09Z] #247 attempt=2/2 status=200 0.776s url=https://www.myfonts.com/collections/shree-malayalam-1816-font-modularinfotech/
[2026-06-19T10:56:09Z] #248 attempt=1/2 status=200 0.605s url=https://www.myfonts.com/products/light-italic-shree-malayalam-0532-1171015
[2026-06-19T10:56:10Z] #249 attempt=1/2 status=200 0.472s url=https://www.myfonts.com/collections/shree-malayalam-0532-font-modularinfotech/
[2026-06-19T10:56:11Z] #250 attempt=1/2 status=200 0.715s url=https://www.myfonts.com/products/regular-shree-malayalam-3293-1170939
[2026-06-19T10:56:12Z] #251 attempt=1/2 status=200 1.093s url=https://www.myfonts.com/collections/shree-malayalam-3293-font-modularinfotech/
[2026-06-19T10:56:13Z] #252 attempt=1/2 status=200 0.548s url=https://www.myfonts.com/collections/shree-malayalam-3293-font-modularinfotech/
[2026-06-19T10:56:15Z] #253 attempt=1/2 status=200 1.025s url=https://www.myfonts.com/products/regular-shree-malayalam-3263-1170871
[2026-06-19T10:56:15Z] #254 attempt=1/2 status=200 0.433s url=https://www.myfonts.com/collections/shree-malayalam-3263-font-modularinfotech/
[2026-06-19T10:56:16Z] #255 attempt=1/2 status=200 0.674s url=https://www.myfonts.com/collections/shree-malayalam-3263-font-modularinfotech/
[2026-06-19T10:56:17Z] #256 attempt=1/2 status=503 0.072s url=https://www.myfonts.com/products/regular-shree-malayalam-4417-1170923
[2026-06-19T10:56:17Z] retryable_503 attempt=1/2 waiting=2s
[2026-06-19T10:56:19Z] #257 attempt=2/2 status=200 0.524s url=https://www.myfonts.com/products/regular-shree-malayalam-4417-1170923
[2026-06-19T10:56:20Z] #258 attempt=1/2 status=200 0.412s url=https://www.myfonts.com/collections/shree-malayalam-4417-font-modularinfotech/
[2026-06-19T10:56:21Z] #259 attempt=1/2 status=200 0.589s url=https://www.myfonts.com/collections/shree-malayalam-4417-font-modularinfotech/
[2026-06-19T10:56:22Z] #260 attempt=1/2 status=200 0.361s url=https://www.myfonts.com/products/regular-happy-parade-1171320
[2026-06-19T10:56:22Z] #261 attempt=1/2 status=200 0.317s url=https://www.myfonts.com/collections/happy-parade-font-madjack-font/
[2026-06-19T10:56:23Z] #262 attempt=1/2 status=200 0.268s url=https://www.myfonts.com/collections/happy-parade-font-madjack-font/
[2026-06-19T10:56:23Z] #263 attempt=1/2 status=404 0.198s url=https://www.myfonts.com/collections/regular-happy-parade-1171320-font-madjackfont
[2026-06-19T10:56:24Z] #264 attempt=1/2 status=200 0.443s url=https://www.myfonts.com/products/regular-shree-tamil-3952-1170828
[2026-06-19T10:56:24Z] #265 attempt=1/2 status=200 0.274s url=https://www.myfonts.com/collections/shree-tamil-3952-font-modularinfotech/
[2026-06-19T10:56:24Z] #266 attempt=1/2 status=429 0.039s url=https://www.myfonts.com/collections/shree-tamil-3952-font-modularinfotech/
[2026-06-19T10:56:27Z] #267 attempt=2/2 status=200 0.356s url=https://www.myfonts.com/collections/shree-tamil-3952-font-modularinfotech/
[2026-06-19T10:56:28Z] #268 attempt=1/2 status=404 0.414s url=https://www.myfonts.com/collections/regular-shree-tamil-3952-1170828-font-modular-infotech
[2026-06-19T10:56:28Z] #269 attempt=1/2 status=200 0.340s url=https://www.myfonts.com/products/italic-shree-telugu-1633-1170470
[2026-06-19T10:56:29Z] #270 attempt=1/2 status=200 0.420s url=https://www.myfonts.com/collections/shree-telugu-1633-font-modularinfotech/
[2026-06-19T10:56:29Z] #271 attempt=1/2 status=200 0.277s url=https://www.myfonts.com/collections/shree-telugu-1633-font-modularinfotech/
[2026-06-19T10:56:30Z] #272 attempt=1/2 status=429 0.029s url=https://www.myfonts.com/products/bold-shree-telugu-2994-1170794
[2026-06-19T10:56:32Z] #273 attempt=2/2 status=200 0.597s url=https://www.myfonts.com/products/bold-shree-telugu-2994-1170794
[2026-06-19T10:56:33Z] #274 attempt=1/2 status=200 0.433s url=https://www.myfonts.com/collections/shree-telugu-2994-font-modularinfotech/
[2026-06-19T10:56:34Z] #275 attempt=1/2 status=200 0.573s url=https://www.myfonts.com/collections/shree-telugu-2994-font-modularinfotech/
[2026-06-19T10:56:35Z] #276 attempt=1/2 status=200 0.389s url=https://www.myfonts.com/products/italic-shree-malayalam-3297-1170921
[2026-06-19T10:56:35Z] #277 attempt=1/2 status=200 0.353s url=https://www.myfonts.com/collections/shree-malayalam-3297-font-modularinfotech/
[2026-06-19T10:56:36Z] #278 attempt=1/2 status=200 0.670s url=https://www.myfonts.com/collections/shree-malayalam-3297-font-modularinfotech/
[2026-06-19T10:56:37Z] #279 attempt=1/2 status=200 0.385s url=https://www.myfonts.com/products/regular-seora-1171281
[2026-06-19T10:56:37Z] #280 attempt=1/2 status=200 0.233s url=https://www.myfonts.com/collections/seora-font-ceeskiiw/
[2026-06-19T10:56:38Z] #281 attempt=1/2 status=429 0.055s url=https://www.myfonts.com/collections/seora-font-ceeskiiw/
[2026-06-19T10:56:41Z] #282 attempt=2/2 status=200 0.729s url=https://www.myfonts.com/collections/seora-font-ceeskiiw/
[2026-06-19T10:56:41Z] #283 attempt=1/2 status=404 0.279s url=https://www.myfonts.com/collections/regular-seora-1171281-font-ceeskiiw
[2026-06-19T10:56:42Z] #284 attempt=1/2 status=200 0.460s url=https://www.myfonts.com/products/regular-shree-tamil-2814-1170760
[2026-06-19T10:56:42Z] #285 attempt=1/2 status=200 0.420s url=https://www.myfonts.com/collections/shree-tamil-2814-font-modularinfotech/
[2026-06-19T10:56:43Z] #286 attempt=1/2 status=200 0.471s url=https://www.myfonts.com/collections/shree-tamil-2814-font-modularinfotech/
[2026-06-19T10:56:44Z] #287 attempt=1/2 status=200 0.286s url=https://www.myfonts.com/products/regular-shree-malayalam-3229-1170979
[2026-06-19T10:56:44Z] #288 attempt=1/2 status=429 0.066s url=https://www.myfonts.com/collections/shree-malayalam-3229-font-modularinfotech/
[2026-06-19T10:56:47Z] #289 attempt=2/2 status=200 1.047s url=https://www.myfonts.com/collections/shree-malayalam-3229-font-modularinfotech/
[2026-06-19T10:56:48Z] #290 attempt=1/2 status=200 0.429s url=https://www.myfonts.com/collections/shree-malayalam-3229-font-modularinfotech/
[2026-06-19T10:56:49Z] #291 attempt=1/2 status=200 0.352s url=https://www.myfonts.com/products/regular-shree-oriya-3059-1170903
[2026-06-19T10:56:50Z] #292 attempt=1/2 status=200 1.037s url=https://www.myfonts.com/collections/shree-oriya-3059-font-modularinfotech/
[2026-06-19T10:56:51Z] #293 attempt=1/2 status=200 0.603s url=https://www.myfonts.com/collections/shree-oriya-3059-font-modularinfotech/
[2026-06-19T10:56:51Z] #294 attempt=1/2 status=200 0.371s url=https://www.myfonts.com/products/italic-shree-tamil-1313-1170445
[2026-06-19T10:56:52Z] #295 attempt=1/2 status=200 0.506s url=https://www.myfonts.com/collections/shree-tamil-1313-font-modularinfotech/
[2026-06-19T10:56:53Z] #296 attempt=1/2 status=200 0.900s url=https://www.myfonts.com/collections/shree-tamil-1313-font-modularinfotech/
[2026-06-19T10:56:54Z] #297 attempt=1/2 status=200 0.466s url=https://www.myfonts.com/products/italic-shree-tamil-3855-1170467
[2026-06-19T10:56:55Z] #298 attempt=1/2 status=200 0.499s url=https://www.myfonts.com/collections/shree-tamil-3855-font-modularinfotech/
[2026-06-19T10:56:55Z] #299 attempt=1/2 status=503 0.123s url=https://www.myfonts.com/collections/shree-tamil-3855-font-modularinfotech/
[2026-06-19T10:56:55Z] retryable_503 attempt=1/2 waiting=2s
[2026-06-19T10:56:58Z] #300 attempt=2/2 status=200 0.361s url=https://www.myfonts.com/collections/shree-tamil-3855-font-modularinfotech/
[2026-06-19T10:56:58Z] #301 attempt=1/2 status=200 0.411s url=https://www.myfonts.com/products/italic-shree-malayalam-3282-1170965
[2026-06-19T10:56:59Z] #302 attempt=1/2 status=200 0.489s url=https://www.myfonts.com/collections/shree-malayalam-3282-font-modularinfotech/
[2026-06-19T10:56:59Z] #303 attempt=1/2 status=200 0.128s url=https://www.myfonts.com/collections/shree-malayalam-3282-font-modularinfotech/
[2026-06-19T10:57:00Z] #304 attempt=1/2 status=200 0.430s url=https://www.myfonts.com/products/regular-shree-tam5494-1170726
[2026-06-19T10:57:01Z] #305 attempt=1/2 status=200 0.568s url=https://www.myfonts.com/collections/shree-tam5494-font-modularinfotech/
[2026-06-19T10:57:01Z] #306 attempt=1/2 status=429 0.026s url=https://www.myfonts.com/products/bold-bowleg-1171277
[2026-06-19T10:57:04Z] #307 attempt=2/2 status=200 0.454s url=https://www.myfonts.com/products/bold-bowleg-1171277
[2026-06-19T10:57:05Z] #308 attempt=1/2 status=200 0.244s url=https://www.myfonts.com/collections/bowleg-font-graptail/
[2026-06-19T10:57:05Z] #309 attempt=1/2 status=200 0.257s url=https://www.myfonts.com/collections/bowleg-font-graptail/
[2026-06-19T10:57:06Z] #310 attempt=1/2 status=404 0.268s url=https://www.myfonts.com/collections/bold-bowleg-1171277-font-graptail
[2026-06-19T10:57:06Z] #311 attempt=1/2 status=200 0.375s url=https://www.myfonts.com/products/regular-shree-tamil-3825-1170424
[2026-06-19T10:57:06Z] #312 attempt=1/2 status=429 0.035s url=https://www.myfonts.com/collections/shree-tamil-3825-font-modularinfotech/
[2026-06-19T10:57:09Z] #313 attempt=2/2 status=200 0.483s url=https://www.myfonts.com/collections/shree-tamil-3825-font-modularinfotech/
[2026-06-19T10:57:10Z] #314 attempt=1/2 status=200 0.334s url=https://www.myfonts.com/collections/shree-tamil-3825-font-modularinfotech/
[2026-06-19T10:57:10Z] #315 attempt=1/2 status=200 0.358s url=https://www.myfonts.com/products/italic-shree-tamil-0807-1170709
[2026-06-19T10:57:11Z] #316 attempt=1/2 status=200 0.405s url=https://www.myfonts.com/collections/shree-tamil-0807-font-modularinfotech/
[2026-06-19T10:57:12Z] #317 attempt=1/2 status=200 0.362s url=https://www.myfonts.com/collections/shree-tamil-0807-font-modularinfotech/
[2026-06-19T10:57:13Z] #318 attempt=1/2 status=200 0.724s url=https://www.myfonts.com/products/medium-italic-shree-malayalam-0501-1170894
[2026-06-19T10:57:13Z] #319 attempt=1/2 status=200 0.622s url=https://www.myfonts.com/collections/shree-malayalam-0501-font-modularinfotech/
[2026-06-19T10:57:14Z] #320 attempt=1/2 status=200 0.542s url=https://www.myfonts.com/products/regular-shree-tamil-3847-1170675
[2026-06-19T10:57:14Z] #321 attempt=1/2 status=429 0.031s url=https://www.myfonts.com/collections/shree-tamil-3847-font-modularinfotech/
[2026-06-19T10:57:17Z] #322 attempt=2/2 status=200 0.605s url=https://www.myfonts.com/collections/shree-tamil-3847-font-modularinfotech/
[2026-06-19T10:57:18Z] #323 attempt=1/2 status=503 0.061s url=https://www.myfonts.com/collections/shree-tamil-3847-font-modularinfotech/
[2026-06-19T10:57:18Z] retryable_503 attempt=1/2 waiting=2s
[2026-06-19T10:57:20Z] #324 attempt=2/2 status=200 0.441s url=https://www.myfonts.com/collections/shree-tamil-3847-font-modularinfotech/
[2026-06-19T10:57:21Z] #325 attempt=1/2 status=200 0.449s url=https://www.myfonts.com/products/italic-proscenium-arch-1171272
[2026-06-19T10:57:21Z] #326 attempt=1/2 status=200 0.328s url=https://www.myfonts.com/collections/proscenium-arch-font-wings-art-studio/
[2026-06-19T10:57:22Z] #327 attempt=1/2 status=200 0.272s url=https://www.myfonts.com/collections/proscenium-arch-font-wings-art-studio/
[2026-06-19T10:57:23Z] #328 attempt=1/2 status=404 0.350s url=https://www.myfonts.com/collections/italic-proscenium-arch-1171272-font-wings-art-studio
[2026-06-19T10:57:23Z] #329 attempt=1/2 status=200 0.670s url=https://www.myfonts.com/products/regular-shree-tamil-3837-1170406
[2026-06-19T10:57:24Z] #330 attempt=1/2 status=200 0.452s url=https://www.myfonts.com/collections/shree-tamil-3837-font-modularinfotech/
[2026-06-19T10:57:25Z] #331 attempt=1/2 status=200 0.678s url=https://www.myfonts.com/collections/shree-tamil-3837-font-modularinfotech/
[2026-06-19T10:57:26Z] #332 attempt=1/2 status=200 0.526s url=https://www.myfonts.com/products/italic-shree-malayalam-3296-1170887
[2026-06-19T10:57:27Z] #333 attempt=1/2 status=200 0.656s url=https://www.myfonts.com/collections/shree-malayalam-3296-font-modularinfotech/
[2026-06-19T10:57:28Z] #334 attempt=1/2 status=200 0.563s url=https://www.myfonts.com/collections/shree-malayalam-3296-font-modularinfotech/
[2026-06-19T10:57:28Z] #335 attempt=1/2 status=200 0.390s url=https://www.myfonts.com/products/italic-shree-tam6302-1170662
[2026-06-19T10:57:29Z] #336 attempt=1/2 status=200 0.522s url=https://www.myfonts.com/collections/shree-tam6302-font-modularinfotech/
[2026-06-19T10:57:29Z] #337 attempt=1/2 status=429 0.032s url=https://www.myfonts.com/products/bold-italic-shree-malayalam-1862-1170869
[2026-06-19T10:57:32Z] #338 attempt=2/2 status=200 0.629s url=https://www.myfonts.com/products/bold-italic-shree-malayalam-1862-1170869
[2026-06-19T10:57:33Z] #339 attempt=1/2 status=200 0.595s url=https://www.myfonts.com/collections/shree-malayalam-1862-font-modularinfotech/
[2026-06-19T10:57:34Z] #340 attempt=1/2 status=200 0.490s url=https://www.myfonts.com/collections/shree-malayalam-1862-font-modularinfotech/
[2026-06-19T10:57:34Z] #341 attempt=1/2 status=200 0.344s url=https://www.myfonts.com/products/italic-shree-tam5458-1170645
[2026-06-19T10:57:35Z] #342 attempt=1/2 status=200 0.726s url=https://www.myfonts.com/collections/shree-tam5458-font-modularinfotech/
[2026-06-19T10:57:36Z] #343 attempt=1/2 status=200 0.671s url=https://www.myfonts.com/products/italic-shree-tamil-3833-1170395
[2026-06-19T10:57:37Z] #344 attempt=1/2 status=200 0.298s url=https://www.myfonts.com/collections/shree-tamil-3833-font-modularinfotech/
[2026-06-19T10:57:38Z] #345 attempt=1/2 status=200 0.462s url=https://www.myfonts.com/collections/shree-tamil-3833-font-modularinfotech/
[2026-06-19T10:57:38Z] #346 attempt=1/2 status=200 0.525s url=https://www.myfonts.com/products/italic-sencor-1172055
[2026-06-19T10:57:39Z] #347 attempt=1/2 status=200 0.290s url=https://www.myfonts.com/collections/sencor-font-font-liner/
[2026-06-19T10:57:39Z] #348 attempt=1/2 status=429 0.043s url=https://www.myfonts.com/collections/sencor-font-font-liner/
[2026-06-19T10:57:42Z] #349 attempt=2/2 status=200 0.345s url=https://www.myfonts.com/collections/sencor-font-font-liner/
[2026-06-19T10:57:42Z] #350 attempt=1/2 status=404 0.356s url=https://www.myfonts.com/collections/italic-sencor-1172055-font-font-liner
[2026-06-19T10:57:43Z] #351 attempt=1/2 status=200 0.478s url=https://www.myfonts.com/products/regular-shree-tamil-3899-1170628
[2026-06-19T10:57:44Z] #352 attempt=1/2 status=200 0.444s url=https://www.myfonts.com/collections/shree-tamil-3899-font-modularinfotech/
[2026-06-19T10:57:44Z] #353 attempt=1/2 status=200 0.332s url=https://www.myfonts.com/collections/shree-tamil-3899-font-modularinfotech/
[2026-06-19T10:57:45Z] #354 attempt=1/2 status=200 0.395s url=https://www.myfonts.com/products/italic-shree-tamil-3870-1170416
[2026-06-19T10:57:45Z] #355 attempt=1/2 status=429 0.051s url=https://www.myfonts.com/collections/shree-tamil-3870-font-modularinfotech/
[2026-06-19T10:57:48Z] #356 attempt=2/2 status=200 0.535s url=https://www.myfonts.com/collections/shree-tamil-3870-font-modularinfotech/
[2026-06-19T10:57:49Z] #357 attempt=1/2 status=200 0.174s url=https://www.myfonts.com/collections/shree-tamil-3870-font-modularinfotech/
[2026-06-19T10:57:49Z] #358 attempt=1/2 status=200 0.603s url=https://www.myfonts.com/products/shree-tamil-2800-medium-shree-tamil-2800-1170839
[2026-06-19T10:57:50Z] #359 attempt=1/2 status=200 0.602s url=https://www.myfonts.com/collections/shree-tamil-2800-font-modularinfotech/
[2026-06-19T10:57:51Z] #360 attempt=1/2 status=200 0.575s url=https://www.myfonts.com/products/italic-shree-oriya-0615-1170915
[2026-06-19T10:57:52Z] #361 attempt=1/2 status=200 0.569s url=https://www.myfonts.com/collections/shree-oriya-0615-font-modularinfotech/
[2026-06-19T10:57:53Z] #362 attempt=1/2 status=200 0.352s url=https://www.myfonts.com/collections/shree-oriya-0615-font-modularinfotech/
[2026-06-19T10:57:54Z] #363 attempt=1/6 status=200 0.834s url=https://www.myfonts.com/products.json?limit=100&page=3
[2026-06-19T10:57:55Z] #364 attempt=1/2 status=200 0.405s url=https://www.myfonts.com/products/italic-shree-malayalam-3238-1171192
[2026-06-19T10:57:55Z] #365 attempt=1/2 status=200 0.490s url=https://www.myfonts.com/collections/shree-malayalam-3238-font-modularinfotech/
[2026-06-19T10:57:56Z] #366 attempt=1/2 status=200 0.461s url=https://www.myfonts.com/collections/shree-malayalam-3238-font-modularinfotech/
[2026-06-19T10:57:56Z] #367 attempt=1/2 status=429 0.050s url=https://www.myfonts.com/products/regular-shree-malayalam-3255-1170880
[2026-06-19T10:57:59Z] #368 attempt=2/2 status=200 0.508s url=https://www.myfonts.com/products/regular-shree-malayalam-3255-1170880
[2026-06-19T10:58:00Z] #369 attempt=1/2 status=200 0.784s url=https://www.myfonts.com/collections/shree-malayalam-3255-font-modularinfotech/
[2026-06-19T10:58:00Z] #370 attempt=1/2 status=200 0.206s url=https://www.myfonts.com/collections/shree-malayalam-3255-font-modularinfotech/
[2026-06-19T10:58:01Z] #371 attempt=1/2 status=200 0.441s url=https://www.myfonts.com/products/italic-shree-malayalam-4409-1171167
[2026-06-19T10:58:02Z] #372 attempt=1/2 status=200 0.609s url=https://www.myfonts.com/collections/shree-malayalam-4409-font-modularinfotech/
[2026-06-19T10:58:03Z] #373 attempt=1/2 status=200 0.650s url=https://www.myfonts.com/collections/shree-malayalam-4409-font-modularinfotech/
[2026-06-19T10:58:04Z] #374 attempt=1/2 status=200 0.321s url=https://www.myfonts.com/products/condensed-sfc-palmora-1171542
[2026-06-19T10:58:04Z] #375 attempt=1/2 status=200 0.587s url=https://www.myfonts.com/collections/sfc-palmora-font-skilline-fonts-co/
[2026-06-19T10:58:05Z] #376 attempt=1/2 status=429 0.030s url=https://www.myfonts.com/collections/sfc-palmora-font-skilline-fonts-co/
[2026-06-19T10:58:07Z] #377 attempt=2/2 status=200 0.222s url=https://www.myfonts.com/collections/sfc-palmora-font-skilline-fonts-co/
[2026-06-19T10:58:08Z] #378 attempt=1/2 status=404 0.417s url=https://www.myfonts.com/collections/condensed-sfc-palmora-1171542-font-skilline-fonts-co
[2026-06-19T10:58:08Z] #379 attempt=1/2 status=200 0.364s url=https://www.myfonts.com/products/regular-zentrik-1170863
[2026-06-19T10:58:09Z] #380 attempt=1/2 status=200 0.534s url=https://www.myfonts.com/collections/zentrik-font-mevstory-studio/
[2026-06-19T10:58:09Z] #381 attempt=1/2 status=200 0.189s url=https://www.myfonts.com/collections/zentrik-font-mevstory-studio/
[2026-06-19T10:58:10Z] #382 attempt=1/2 status=429 0.031s url=https://www.myfonts.com/collections/regular-zentrik-1170863-font-mevstory-studio
[2026-06-19T10:58:12Z] #383 attempt=2/2 status=404 0.474s url=https://www.myfonts.com/collections/regular-zentrik-1170863-font-mevstory-studio
[2026-06-19T10:58:13Z] #384 attempt=1/2 status=200 0.486s url=https://www.myfonts.com/products/italic-shree-tamil-3806-1170853
[2026-06-19T10:58:14Z] #385 attempt=1/2 status=200 0.360s url=https://www.myfonts.com/collections/shree-tamil-3806-font-modularinfotech/
[2026-06-19T10:58:14Z] #386 attempt=1/2 status=200 0.277s url=https://www.myfonts.com/collections/shree-tamil-3806-font-modularinfotech/
[2026-06-19T10:58:15Z] #387 attempt=1/2 status=200 0.254s url=https://www.myfonts.com/products/black-ferom-1170154
[2026-06-19T10:58:15Z] #388 attempt=1/2 status=200 0.253s url=https://www.myfonts.com/collections/ferom-font-vuuuds/
[2026-06-19T10:58:16Z] #389 attempt=1/2 status=429 0.038s url=https://www.myfonts.com/collections/ferom-font-vuuuds/
[2026-06-19T10:58:18Z] #390 attempt=2/2 status=200 0.179s url=https://www.myfonts.com/collections/ferom-font-vuuuds/
[2026-06-19T10:58:18Z] #391 attempt=1/2 status=404 0.167s url=https://www.myfonts.com/collections/black-ferom-1170154-font-vuuuds
[2026-06-19T10:58:19Z] #392 attempt=1/2 status=200 0.467s url=https://www.myfonts.com/products/shadow-shadow-fox-bonki-1171623
[2026-06-19T10:58:19Z] #393 attempt=1/2 status=200 0.213s url=https://www.myfonts.com/collections/fox-bonki-font-fox7/
[2026-06-19T10:58:20Z] #394 attempt=1/2 status=429 0.028s url=https://www.myfonts.com/collections/fox-bonki-font-fox7/
[2026-06-19T10:58:22Z] #395 attempt=2/2 status=200 0.479s url=https://www.myfonts.com/collections/fox-bonki-font-fox7/
[2026-06-19T10:58:23Z] #396 attempt=1/2 status=404 0.330s url=https://www.myfonts.com/collections/shadow-shadow-fox-bonki-1171623-font-fox7
[2026-06-19T10:58:24Z] #397 attempt=1/2 status=200 0.444s url=https://www.myfonts.com/products/italic-shree-malayalam-1871-1171162
[2026-06-19T10:58:24Z] #398 attempt=1/2 status=200 0.506s url=https://www.myfonts.com/collections/shree-malayalam-1871-font-modularinfotech/
[2026-06-19T10:58:25Z] #399 attempt=1/2 status=200 0.574s url=https://www.myfonts.com/collections/shree-malayalam-1871-font-modularinfotech/
[2026-06-19T10:58:26Z] #400 attempt=1/2 status=200 0.389s url=https://www.myfonts.com/products/regular-shree-tamil-1355-1170820
[2026-06-19T10:58:26Z] #401 attempt=1/2 status=429 0.059s url=https://www.myfonts.com/collections/shree-tamil-1355-font-modularinfotech/
[2026-06-19T10:58:29Z] #402 attempt=2/2 status=200 0.508s url=https://www.myfonts.com/collections/shree-tamil-1355-font-modularinfotech/
[2026-06-19T10:58:30Z] #403 attempt=1/2 status=200 0.552s url=https://www.myfonts.com/collections/shree-tamil-1355-font-modularinfotech/
[2026-06-19T10:58:30Z] #404 attempt=1/2 status=200 0.274s url=https://www.myfonts.com/products/rough-script-norelia-daily-1172086
[2026-06-19T10:58:31Z] #405 attempt=1/2 status=200 0.254s url=https://www.myfonts.com/collections/norelia-daily-font-letterhend/
[2026-06-19T10:58:31Z] #406 attempt=1/2 status=200 0.257s url=https://www.myfonts.com/collections/norelia-daily-font-letterhend/
[2026-06-19T10:58:32Z] #407 attempt=1/2 status=404 0.204s url=https://www.myfonts.com/collections/rough-script-norelia-daily-1172086-font-letterhend
[2026-06-19T10:58:32Z] #408 attempt=1/2 status=429 0.031s url=https://www.myfonts.com/products/bold-shree-malayalam-1865-1171158
[2026-06-19T10:58:35Z] #409 attempt=2/2 status=200 0.443s url=https://www.myfonts.com/products/bold-shree-malayalam-1865-1171158
[2026-06-19T10:58:35Z] #410 attempt=1/2 status=200 0.578s url=https://www.myfonts.com/collections/shree-malayalam-1865-font-modularinfotech/
[2026-06-19T10:58:36Z] #411 attempt=1/2 status=200 0.501s url=https://www.myfonts.com/collections/shree-malayalam-1865-font-modularinfotech/
[2026-06-19T10:58:37Z] #412 attempt=1/2 status=200 0.380s url=https://www.myfonts.com/products/regular-shree-tamil-3970-1170803
[2026-06-19T10:58:38Z] #413 attempt=1/2 status=200 0.532s url=https://www.myfonts.com/collections/shree-tamil-3970-font-modularinfotech/
[2026-06-19T10:58:38Z] #414 attempt=1/2 status=200 0.300s url=https://www.myfonts.com/collections/shree-tamil-3970-font-modularinfotech/
[2026-06-19T10:58:39Z] #415 attempt=1/2 status=429 0.031s url=https://www.myfonts.com/products/italic-shree-tamil-3834-1170785
[2026-06-19T10:58:41Z] #416 attempt=2/2 status=200 0.341s url=https://www.myfonts.com/products/italic-shree-tamil-3834-1170785
[2026-06-19T10:58:42Z] #417 attempt=1/2 status=200 0.411s url=https://www.myfonts.com/collections/shree-tamil-3834-font-modularinfotech/
[2026-06-19T10:58:43Z] #418 attempt=1/2 status=200 0.419s url=https://www.myfonts.com/collections/shree-tamil-3834-font-modularinfotech/
[2026-06-19T10:58:43Z] #419 attempt=1/2 status=200 0.329s url=https://www.myfonts.com/products/bold-regular-raisha-nova-1172079
[2026-06-19T10:58:44Z] #420 attempt=1/2 status=200 0.302s url=https://www.myfonts.com/collections/raisha-nova-font-shape-studio/
[2026-06-19T10:58:45Z] #421 attempt=1/2 status=200 0.369s url=https://www.myfonts.com/products/italic-shree-tamil-3849-1170752
[2026-06-19T10:58:45Z] #422 attempt=1/2 status=429 0.031s url=https://www.myfonts.com/collections/shree-tamil-3849-font-modularinfotech/
[2026-06-19T10:58:47Z] #423 attempt=2/2 status=200 0.382s url=https://www.myfonts.com/collections/shree-tamil-3849-font-modularinfotech/
[2026-06-19T10:58:48Z] #424 attempt=1/2 status=200 0.545s url=https://www.myfonts.com/collections/shree-tamil-3849-font-modularinfotech/
[2026-06-19T10:58:49Z] #425 attempt=1/2 status=200 0.414s url=https://www.myfonts.com/products/italic-shree-oriya-3023-1171137
[2026-06-19T10:58:50Z] #426 attempt=1/2 status=200 0.519s url=https://www.myfonts.com/collections/shree-oriya-3023-font-modularinfotech/
[2026-06-19T10:58:50Z] #427 attempt=1/2 status=200 0.215s url=https://www.myfonts.com/collections/shree-oriya-3023-font-modularinfotech/
[2026-06-19T10:58:51Z] #428 attempt=1/2 status=200 0.399s url=https://www.myfonts.com/products/regular-mokoro-sermon-1161816
[2026-06-19T10:58:51Z] #429 attempt=1/2 status=429 0.029s url=https://www.myfonts.com/collections/mokoro-sermon-font-mans-greback/
[2026-06-19T10:58:54Z] #430 attempt=2/2 status=200 0.400s url=https://www.myfonts.com/collections/mokoro-sermon-font-mans-greback/
[2026-06-19T10:58:54Z] #431 attempt=1/2 status=200 0.342s url=https://www.myfonts.com/collections/mokoro-sermon-font-mans-greback/
[2026-06-19T10:58:55Z] #432 attempt=1/2 status=404 0.200s url=https://www.myfonts.com/collections/regular-mokoro-sermon-1161816-font-mans-greback
[2026-06-19T10:58:55Z] #433 attempt=1/2 status=200 0.332s url=https://www.myfonts.com/products/italic-shree-malayalam-3251-1171195
[2026-06-19T10:58:56Z] #434 attempt=1/2 status=200 0.470s url=https://www.myfonts.com/collections/shree-malayalam-3251-font-modularinfotech/
[2026-06-19T10:58:57Z] #435 attempt=1/2 status=200 0.185s url=https://www.myfonts.com/collections/shree-malayalam-3251-font-modularinfotech/
[2026-06-19T10:58:57Z] #436 attempt=1/2 status=429 0.029s url=https://www.myfonts.com/products/regular-shree-tamil-0800-1170735
[2026-06-19T10:58:59Z] #437 attempt=2/2 status=200 0.417s url=https://www.myfonts.com/products/regular-shree-tamil-0800-1170735
[2026-06-19T10:59:00Z] #438 attempt=1/2 status=200 0.730s url=https://www.myfonts.com/collections/shree-tamil-0800-font-modularinfotech/
[2026-06-19T10:59:01Z] #439 attempt=1/2 status=200 0.651s url=https://www.myfonts.com/collections/shree-tamil-0800-font-modularinfotech/
[2026-06-19T10:59:02Z] #440 attempt=1/2 status=200 0.455s url=https://www.myfonts.com/products/bold-italic-shree-malayalam-0512-1171177
[2026-06-19T10:59:03Z] #441 attempt=1/2 status=200 0.520s url=https://www.myfonts.com/collections/shree-malayalam-0512-font-modularinfotech/
[2026-06-19T10:59:04Z] #442 attempt=1/2 status=200 0.424s url=https://www.myfonts.com/products/regular-shree-malayalam-3290-1171133
[2026-06-19T10:59:04Z] #443 attempt=1/2 status=200 0.453s url=https://www.myfonts.com/collections/shree-malayalam-3290-font-modularinfotech/
[2026-06-19T10:59:05Z] #444 attempt=1/2 status=200 0.268s url=https://www.myfonts.com/collections/shree-malayalam-3290-font-modularinfotech/
[2026-06-19T10:59:05Z] #445 attempt=1/2 status=429 0.031s url=https://www.myfonts.com/products/regular-expanded-avenyx-expand-1171285
[2026-06-19T10:59:08Z] #446 attempt=2/2 status=200 0.413s url=https://www.myfonts.com/products/regular-expanded-avenyx-expand-1171285
[2026-06-19T10:59:08Z] #447 attempt=1/2 status=200 0.313s url=https://www.myfonts.com/collections/avenyx-expand-font-aronetiv/
[2026-06-19T10:59:09Z] #448 attempt=1/2 status=200 0.376s url=https://www.myfonts.com/products/bold-regular-katavelle-1171551
[2026-06-19T10:59:10Z] #449 attempt=1/2 status=200 0.305s url=https://www.myfonts.com/collections/katavelle-font-shape-studio/
[2026-06-19T10:59:10Z] #450 attempt=1/2 status=200 0.364s url=https://www.myfonts.com/products/regular-shree-malayalam-3299-1171127
[2026-06-19T10:59:11Z] #451 attempt=1/2 status=429 0.053s url=https://www.myfonts.com/collections/shree-malayalam-3299-font-modularinfotech/
[2026-06-19T10:59:14Z] #452 attempt=2/2 status=200 0.678s url=https://www.myfonts.com/collections/shree-malayalam-3299-font-modularinfotech/
[2026-06-19T10:59:14Z] #453 attempt=1/2 status=200 0.452s url=https://www.myfonts.com/collections/shree-malayalam-3299-font-modularinfotech/
[2026-06-19T10:59:15Z] #454 attempt=1/2 status=200 0.317s url=https://www.myfonts.com/products/regular-shree-malayalam-4406-1171084
[2026-06-19T10:59:16Z] #455 attempt=1/2 status=200 0.534s url=https://www.myfonts.com/collections/shree-malayalam-4406-font-modularinfotech/
[2026-06-19T10:59:16Z] #456 attempt=1/2 status=200 0.410s url=https://www.myfonts.com/collections/shree-malayalam-4406-font-modularinfotech/
[2026-06-19T10:59:17Z] #457 attempt=1/2 status=200 0.500s url=https://www.myfonts.com/products/regular-mltp-renord-1171601
[2026-06-19T10:59:18Z] #458 attempt=1/2 status=200 0.393s url=https://www.myfonts.com/collections/mltp-renord-font-multype-studio/
[2026-06-19T10:59:18Z] #459 attempt=1/2 status=200 0.392s url=https://www.myfonts.com/products/regular-shree-telugu-1654-1170717
[2026-06-19T10:59:19Z] #460 attempt=1/2 status=429 0.033s url=https://www.myfonts.com/collections/shree-telugu-1654-font-modularinfotech/
[2026-06-19T10:59:21Z] #461 attempt=2/2 status=200 0.391s url=https://www.myfonts.com/collections/shree-telugu-1654-font-modularinfotech/
[2026-06-19T10:59:22Z] #462 attempt=1/2 status=200 0.149s url=https://www.myfonts.com/collections/shree-telugu-1654-font-modularinfotech/
[2026-06-19T10:59:22Z] #463 attempt=1/2 status=200 0.367s url=https://www.myfonts.com/products/italic-shree-oriya-3062-1171059
[2026-06-19T10:59:23Z] #464 attempt=1/2 status=200 0.769s url=https://www.myfonts.com/collections/shree-oriya-3062-font-modularinfotech/
[2026-06-19T10:59:24Z] #465 attempt=1/2 status=200 0.203s url=https://www.myfonts.com/collections/shree-oriya-3062-font-modularinfotech/
[2026-06-19T10:59:25Z] #466 attempt=1/2 status=200 0.545s url=https://www.myfonts.com/products/italic-shree-oriya-3019-1171041
[2026-06-19T10:59:25Z] #467 attempt=1/2 status=200 0.498s url=https://www.myfonts.com/collections/shree-oriya-3019-font-modularinfotech/
[2026-06-19T10:59:26Z] #468 attempt=1/2 status=429 0.040s url=https://www.myfonts.com/collections/shree-oriya-3019-font-modularinfotech/
[2026-06-19T10:59:29Z] #469 attempt=2/2 status=200 0.756s url=https://www.myfonts.com/collections/shree-oriya-3019-font-modularinfotech/
[2026-06-19T10:59:29Z] #470 attempt=1/2 status=200 0.380s url=https://www.myfonts.com/products/regular-shree-tamil-0819-1170684
[2026-06-19T10:59:30Z] #471 attempt=1/2 status=200 0.463s url=https://www.myfonts.com/collections/shree-tamil-0819-font-modularinfotech/
[2026-06-19T10:59:31Z] #472 attempt=1/2 status=200 0.184s url=https://www.myfonts.com/collections/shree-tamil-0819-font-modularinfotech/
[2026-06-19T10:59:31Z] #473 attempt=1/2 status=200 0.396s url=https://www.myfonts.com/products/italic-shree-malayalam-1857-1171103
[2026-06-19T10:59:32Z] #474 attempt=1/2 status=200 0.385s url=https://www.myfonts.com/collections/shree-malayalam-1857-font-modularinfotech/
[2026-06-19T10:59:32Z] #475 attempt=1/2 status=200 0.381s url=https://www.myfonts.com/collections/shree-malayalam-1857-font-modularinfotech/
[2026-06-19T10:59:33Z] #476 attempt=1/2 status=429 0.032s url=https://www.myfonts.com/products/regular-shree-malayalam-3285-1171002
[2026-06-19T10:59:36Z] #477 attempt=2/2 status=200 0.356s url=https://www.myfonts.com/products/regular-shree-malayalam-3285-1171002
[2026-06-19T10:59:36Z] #478 attempt=1/2 status=200 0.355s url=https://www.myfonts.com/collections/shree-malayalam-3285-font-modularinfotech/
[2026-06-19T10:59:37Z] #479 attempt=1/2 status=200 0.177s url=https://www.myfonts.com/collections/shree-malayalam-3285-font-modularinfotech/
[2026-06-19T10:59:37Z] #480 attempt=1/2 status=200 0.524s url=https://www.myfonts.com/products/regular-shree-malayalam-3288-1171221
[2026-06-19T10:59:38Z] #481 attempt=1/2 status=200 0.447s url=https://www.myfonts.com/collections/shree-malayalam-3288-font-modularinfotech/
[2026-06-19T10:59:39Z] #482 attempt=1/2 status=200 0.367s url=https://www.myfonts.com/collections/shree-malayalam-3288-font-modularinfotech/
[2026-06-19T10:59:39Z] #483 attempt=1/2 status=429 0.024s url=https://www.myfonts.com/products/regular-shree-oriya-0639-1170991
[2026-06-19T10:59:42Z] #484 attempt=2/2 status=200 0.411s url=https://www.myfonts.com/products/regular-shree-oriya-0639-1170991
[2026-06-19T10:59:42Z] #485 attempt=1/2 status=200 0.561s url=https://www.myfonts.com/collections/shree-oriya-0639-font-modularinfotech/
[2026-06-19T10:59:43Z] #486 attempt=1/2 status=200 0.546s url=https://www.myfonts.com/collections/shree-oriya-0639-font-modularinfotech/
[2026-06-19T10:59:45Z] #487 attempt=1/6 status=200 0.860s url=https://www.myfonts.com/products.json?limit=100&page=4
[2026-06-19T10:59:45Z] #488 attempt=1/2 status=200 0.300s url=https://www.myfonts.com/products/regular-shree-tamil-3839-1170625
[2026-06-19T10:59:46Z] #489 attempt=1/2 status=200 0.742s url=https://www.myfonts.com/collections/shree-tamil-3839-font-modularinfotech/
[2026-06-19T10:59:46Z] #490 attempt=1/2 status=200 0.130s url=https://www.myfonts.com/collections/shree-tamil-3839-font-modularinfotech/
[2026-06-19T10:59:47Z] #491 attempt=1/2 status=200 0.391s url=https://www.myfonts.com/products/regular-shree-malayalam-3260-1171188
[2026-06-19T10:59:48Z] #492 attempt=1/2 status=200 0.422s url=https://www.myfonts.com/collections/shree-malayalam-3260-font-modularinfotech/
[2026-06-19T10:59:48Z] #493 attempt=1/2 status=429 0.039s url=https://www.myfonts.com/collections/shree-malayalam-3260-font-modularinfotech/
[2026-06-19T10:59:51Z] #494 attempt=2/2 status=200 0.576s url=https://www.myfonts.com/collections/shree-malayalam-3260-font-modularinfotech/
[2026-06-19T10:59:52Z] #495 attempt=1/2 status=200 0.439s url=https://www.myfonts.com/products/italic-shree-tamil-0823-1170613
[2026-06-19T10:59:52Z] #496 attempt=1/2 status=200 0.488s url=https://www.myfonts.com/collections/shree-tamil-0823-font-modularinfotech/
[2026-06-19T10:59:53Z] #497 attempt=1/2 status=200 0.554s url=https://www.myfonts.com/collections/shree-tamil-0823-font-modularinfotech/
[2026-06-19T10:59:54Z] #498 attempt=1/2 status=200 0.373s url=https://www.myfonts.com/products/italic-shree-telugu-2914-1170659
[2026-06-19T10:59:55Z] #499 attempt=1/2 status=200 0.631s url=https://www.myfonts.com/collections/shree-telugu-2914-font-modularinfotech/
[2026-06-19T10:59:56Z] #500 attempt=1/2 status=200 0.349s url=https://www.myfonts.com/collections/shree-telugu-2914-font-modularinfotech/
[2026-06-19T10:59:56Z] #501 attempt=1/2 status=200 0.288s url=https://www.myfonts.com/products/regular-psionic-1172093
[2026-06-19T10:59:56Z] #502 attempt=1/2 status=429 0.032s url=https://www.myfonts.com/collections/psionic-font-pekotype/
[2026-06-19T10:59:59Z] #503 attempt=2/2 status=200 0.347s url=https://www.myfonts.com/collections/psionic-font-pekotype/
[2026-06-19T10:59:59Z] #504 attempt=1/2 status=200 0.409s url=https://www.myfonts.com/collections/psionic-font-pekotype/
[2026-06-19T11:00:00Z] #505 attempt=1/2 status=404 0.397s url=https://www.myfonts.com/collections/regular-psionic-1172093-font-pekotype
[2026-06-19T11:00:01Z] #506 attempt=1/2 status=200 0.594s url=https://www.myfonts.com/products/italic-shree-malayalam-0519-1171154
[2026-06-19T11:00:02Z] #507 attempt=1/2 status=200 0.827s url=https://www.myfonts.com/collections/shree-malayalam-0519-font-modularinfotech/
[2026-06-19T11:00:03Z] #508 attempt=1/2 status=200 0.482s url=https://www.myfonts.com/collections/shree-malayalam-0519-font-modularinfotech/
[2026-06-19T11:00:03Z] #509 attempt=1/2 status=200 0.293s url=https://www.myfonts.com/products/italic-shree-telugu-4706-1170642
[2026-06-19T11:00:03Z] #510 attempt=1/2 status=429 0.049s url=https://www.myfonts.com/collections/shree-telugu-4706-font-modularinfotech/
[2026-06-19T11:00:06Z] #511 attempt=2/2 status=200 0.707s url=https://www.myfonts.com/collections/shree-telugu-4706-font-modularinfotech/
[2026-06-19T11:00:07Z] #512 attempt=1/2 status=200 0.569s url=https://www.myfonts.com/collections/shree-telugu-4706-font-modularinfotech/
[2026-06-19T11:00:08Z] #513 attempt=1/2 status=200 0.406s url=https://www.myfonts.com/products/regular-shree-malayalam-3283-1171124
[2026-06-19T11:00:09Z] #514 attempt=1/2 status=200 0.792s url=https://www.myfonts.com/collections/shree-malayalam-3283-font-modularinfotech/
[2026-06-19T11:00:12Z] #515 attempt=1/2 status=200 2.264s url=https://www.myfonts.com/collections/shree-malayalam-3283-font-modularinfotech/
[2026-06-19T11:00:15Z] #516 attempt=1/2 status=200 3.092s url=https://www.myfonts.com/products/italic-shree-telugu-2658-1170610
[2026-06-19T11:00:15Z] #517 attempt=1/2 status=503 0.056s url=https://www.myfonts.com/collections/shree-telugu-2658-font-modularinfotech/
[2026-06-19T11:00:15Z] retryable_503 attempt=1/2 waiting=2s
[2026-06-19T11:00:17Z] #518 attempt=2/2 status=503 0.057s url=https://www.myfonts.com/collections/shree-telugu-2658-font-modularinfotech/
[2026-06-19T11:00:17Z] retryable_503 attempt=2/2 waiting=2s
[2026-06-19T11:00:19Z] max_retries_exhausted url=https://www.myfonts.com/collections/shree-telugu-2658-font-modularinfotech/
[2026-06-19T11:00:20Z] #519 attempt=1/2 status=503 0.062s url=https://www.myfonts.com/collections/italic-shree-telugu-2658-1170610-font-modular-infotech
[2026-06-19T11:00:20Z] retryable_503 attempt=1/2 waiting=2s
[2026-06-19T11:00:22Z] #520 attempt=2/2 status=503 0.077s url=https://www.myfonts.com/collections/italic-shree-telugu-2658-1170610-font-modular-infotech
[2026-06-19T11:00:22Z] retryable_503 attempt=2/2 waiting=2s
[2026-06-19T11:00:24Z] max_retries_exhausted url=https://www.myfonts.com/collections/italic-shree-telugu-2658-1170610-font-modular-infotech
[2026-06-19T11:00:24Z] #521 attempt=1/2 status=503 0.061s url=https://www.myfonts.com/products/italic-shree-tamil-3824-1170801
[2026-06-19T11:00:24Z] retryable_503 attempt=1/2 waiting=2s
[2026-06-19T11:00:26Z] #522 attempt=2/2 status=503 0.050s url=https://www.myfonts.com/products/italic-shree-tamil-3824-1170801
[2026-06-19T11:00:26Z] retryable_503 attempt=2/2 waiting=2s
[2026-06-19T11:00:28Z] max_retries_exhausted url=https://www.myfonts.com/products/italic-shree-tamil-3824-1170801
[2026-06-19T11:00:29Z] #523 attempt=1/2 status=503 0.070s url=https://www.myfonts.com/collections/italic-shree-tamil-3824-1170801-font-modular-infotech
[2026-06-19T11:00:29Z] retryable_503 attempt=1/2 waiting=2s
[2026-06-19T11:00:31Z] #524 attempt=2/2 status=503 0.058s url=https://www.myfonts.com/collections/italic-shree-tamil-3824-1170801-font-modular-infotech
[2026-06-19T11:00:31Z] retryable_503 attempt=2/2 waiting=2s
[2026-06-19T11:00:33Z] max_retries_exhausted url=https://www.myfonts.com/collections/italic-shree-tamil-3824-1170801-font-modular-infotech
[2026-06-19T11:00:34Z] #525 attempt=1/2 status=200 0.296s url=https://www.myfonts.com/products/regular-shree-malayalam-0537-1171116
[2026-06-19T11:00:34Z] #526 attempt=1/2 status=503 0.067s url=https://www.myfonts.com/collections/shree-malayalam-0537-font-modularinfotech/
[2026-06-19T11:00:34Z] retryable_503 attempt=1/2 waiting=2s
[2026-06-19T11:00:36Z] #527 attempt=2/2 status=503 0.087s url=https://www.myfonts.com/collections/shree-malayalam-0537-font-modularinfotech/
[2026-06-19T11:00:36Z] retryable_503 attempt=2/2 waiting=2s
[2026-06-19T11:00:38Z] max_retries_exhausted url=https://www.myfonts.com/collections/shree-malayalam-0537-font-modularinfotech/
[2026-06-19T11:00:40Z] #528 attempt=1/2 status=404 1.678s url=https://www.myfonts.com/collections/regular-shree-malayalam-0537-1171116-font-modular-infotech
[2026-06-19T11:00:41Z] #529 attempt=1/2 status=502 0.168s url=https://www.myfonts.com/products/italic-shree-tamil-3939-1170832
[2026-06-19T11:00:44Z] #530 attempt=1/2 status=404 3.652s url=https://www.myfonts.com/collections/italic-shree-tamil-3939-1170832-font-modular-infotech
[2026-06-19T11:00:45Z] #531 attempt=1/2 status=503 0.077s url=https://www.myfonts.com/products/regular-shree-tamil-3827-1170563
[2026-06-19T11:00:45Z] retryable_503 attempt=1/2 waiting=2s
[2026-06-19T11:00:47Z] #532 attempt=2/2 status=503 0.055s url=https://www.myfonts.com/products/regular-shree-tamil-3827-1170563
[2026-06-19T11:00:47Z] retryable_503 attempt=2/2 waiting=2s
[2026-06-19T11:00:49Z] max_retries_exhausted url=https://www.myfonts.com/products/regular-shree-tamil-3827-1170563
[2026-06-19T11:00:49Z] #533 attempt=1/2 status=503 0.062s url=https://www.myfonts.com/collections/regular-shree-tamil-3827-1170563-font-modular-infotech
[2026-06-19T11:00:49Z] retryable_503 attempt=1/2 waiting=2s
[2026-06-19T11:00:51Z] #534 attempt=2/2 status=503 0.061s url=https://www.myfonts.com/collections/regular-shree-tamil-3827-1170563-font-modular-infotech
[2026-06-19T11:00:51Z] retryable_503 attempt=2/2 waiting=2s
[2026-06-19T11:00:53Z] max_retries_exhausted url=https://www.myfonts.com/collections/regular-shree-tamil-3827-1170563-font-modular-infotech
[2026-06-19T11:00:54Z] #535 attempt=1/2 status=503 0.053s url=https://www.myfonts.com/products/italic-shree-tamil-2878-1170576
[2026-06-19T11:00:54Z] retryable_503 attempt=1/2 waiting=2s
[2026-06-19T11:00:56Z] #536 attempt=2/2 status=503 0.051s url=https://www.myfonts.com/products/italic-shree-tamil-2878-1170576
[2026-06-19T11:00:56Z] retryable_503 attempt=2/2 waiting=2s
[2026-06-19T11:00:58Z] max_retries_exhausted url=https://www.myfonts.com/products/italic-shree-tamil-2878-1170576
[2026-06-19T11:00:58Z] #537 attempt=1/2 status=503 0.074s url=https://www.myfonts.com/collections/italic-shree-tamil-2878-1170576-font-modular-infotech
[2026-06-19T11:00:58Z] retryable_503 attempt=1/2 waiting=2s
[2026-06-19T11:01:00Z] #538 attempt=2/2 status=503 0.067s url=https://www.myfonts.com/collections/italic-shree-tamil-2878-1170576-font-modular-infotech
[2026-06-19T11:01:00Z] retryable_503 attempt=2/2 waiting=2s
[2026-06-19T11:01:02Z] max_retries_exhausted url=https://www.myfonts.com/collections/italic-shree-tamil-2878-1170576-font-modular-infotech
[2026-06-19T11:01:03Z] #539 attempt=1/2 status=503 0.064s url=https://www.myfonts.com/products/italic-ahlanoe-1172092
[2026-06-19T11:01:03Z] retryable_503 attempt=1/2 waiting=2s
[2026-06-19T11:01:05Z] #540 attempt=2/2 status=503 0.060s url=https://www.myfonts.com/products/italic-ahlanoe-1172092
[2026-06-19T11:01:05Z] retryable_503 attempt=2/2 waiting=2s
[2026-06-19T11:01:07Z] max_retries_exhausted url=https://www.myfonts.com/products/italic-ahlanoe-1172092
[2026-06-19T11:01:07Z] #541 attempt=1/2 status=503 0.111s url=https://www.myfonts.com/collections/italic-ahlanoe-1172092-font-agung-sudirman
[2026-06-19T11:01:07Z] retryable_503 attempt=1/2 waiting=2s
[2026-06-19T11:01:13Z] #542 attempt=2/2 status=404 3.139s url=https://www.myfonts.com/collections/italic-ahlanoe-1172092-font-agung-sudirman
[2026-06-19T11:01:13Z] #543 attempt=1/2 status=503 0.058s url=https://www.myfonts.com/products/regular-shree-malayalam-1802-1171099
[2026-06-19T11:01:13Z] retryable_503 attempt=1/2 waiting=2s
[2026-06-19T11:01:15Z] #544 attempt=2/2 status=503 0.062s url=https://www.myfonts.com/products/regular-shree-malayalam-1802-1171099
[2026-06-19T11:01:15Z] retryable_503 attempt=2/2 waiting=2s
[2026-06-19T11:01:17Z] max_retries_exhausted url=https://www.myfonts.com/products/regular-shree-malayalam-1802-1171099
[2026-06-19T11:01:17Z] #545 attempt=1/2 status=503 0.066s url=https://www.myfonts.com/collections/regular-shree-malayalam-1802-1171099-font-modular-infotech
[2026-06-19T11:01:17Z] retryable_503 attempt=1/2 waiting=2s
[2026-06-19T11:01:20Z] #546 attempt=2/2 status=503 0.064s url=https://www.myfonts.com/collections/regular-shree-malayalam-1802-1171099-font-modular-infotech
[2026-06-19T11:01:20Z] retryable_503 attempt=2/2 waiting=2s
[2026-06-19T11:01:22Z] max_retries_exhausted url=https://www.myfonts.com/collections/regular-shree-malayalam-1802-1171099-font-modular-infotech
[2026-06-19T11:01:22Z] #547 attempt=1/2 status=503 0.055s url=https://www.myfonts.com/products/regular-shree-malayalam-1807-1171090
[2026-06-19T11:01:22Z] retryable_503 attempt=1/2 waiting=2s
[2026-06-19T11:01:24Z] #548 attempt=2/2 status=503 0.062s url=https://www.myfonts.com/products/regular-shree-malayalam-1807-1171090
[2026-06-19T11:01:24Z] retryable_503 attempt=2/2 waiting=2s
[2026-06-19T11:01:26Z] max_retries_exhausted url=https://www.myfonts.com/products/regular-shree-malayalam-1807-1171090
[2026-06-19T11:01:26Z] #549 attempt=1/2 status=503 0.063s url=https://www.myfonts.com/collections/regular-shree-malayalam-1807-1171090-font-modular-infotech
[2026-06-19T11:01:26Z] retryable_503 attempt=1/2 waiting=2s
[2026-06-19T11:01:29Z] #550 attempt=2/2 status=503 0.066s url=https://www.myfonts.com/collections/regular-shree-malayalam-1807-1171090-font-modular-infotech
[2026-06-19T11:01:29Z] retryable_503 attempt=2/2 waiting=2s
[2026-06-19T11:01:31Z] max_retries_exhausted url=https://www.myfonts.com/collections/regular-shree-malayalam-1807-1171090-font-modular-infotech
[2026-06-19T11:01:33Z] #551 attempt=1/2 status=200 1.993s url=https://www.myfonts.com/products/italic-shree-tamil-2872-1170561
[2026-06-19T11:01:37Z] #552 attempt=1/2 status=200 3.817s url=https://www.myfonts.com/collections/shree-tamil-2872-font-modularinfotech/
[2026-06-19T11:01:38Z] #553 attempt=1/2 status=503 0.077s url=https://www.myfonts.com/collections/shree-tamil-2872-font-modularinfotech/
[2026-06-19T11:01:38Z] retryable_503 attempt=1/2 waiting=2s
[2026-06-19T11:01:40Z] #554 attempt=2/2 status=503 0.058s url=https://www.myfonts.com/collections/shree-tamil-2872-font-modularinfotech/
[2026-06-19T11:01:40Z] retryable_503 attempt=2/2 waiting=2s
[2026-06-19T11:01:42Z] max_retries_exhausted url=https://www.myfonts.com/collections/shree-tamil-2872-font-modularinfotech/
[2026-06-19T11:01:42Z] #555 attempt=1/2 status=503 0.066s url=https://www.myfonts.com/products/regular-shree-tam6306-1170549
[2026-06-19T11:01:42Z] retryable_503 attempt=1/2 waiting=2s
[2026-06-19T11:01:44Z] #556 attempt=2/2 status=503 0.057s url=https://www.myfonts.com/products/regular-shree-tam6306-1170549
[2026-06-19T11:01:44Z] retryable_503 attempt=2/2 waiting=2s
[2026-06-19T11:01:46Z] max_retries_exhausted url=https://www.myfonts.com/products/regular-shree-tam6306-1170549
[2026-06-19T11:01:47Z] #557 attempt=1/2 status=503 0.069s url=https://www.myfonts.com/collections/regular-shree-tam6306-1170549-font-modular-infotech
[2026-06-19T11:01:47Z] retryable_503 attempt=1/2 waiting=2s
[2026-06-19T11:01:49Z] #558 attempt=2/2 status=503 0.068s url=https://www.myfonts.com/collections/regular-shree-tam6306-1170549-font-modular-infotech
[2026-06-19T11:01:49Z] retryable_503 attempt=2/2 waiting=2s
[2026-06-19T11:01:51Z] max_retries_exhausted url=https://www.myfonts.com/collections/regular-shree-tam6306-1170549-font-modular-infotech
[2026-06-19T11:01:51Z] #559 attempt=1/2 status=503 0.063s url=https://www.myfonts.com/products/italic-shree-tamil-3893-1170807
[2026-06-19T11:01:51Z] retryable_503 attempt=1/2 waiting=2s
[2026-06-19T11:01:53Z] #560 attempt=2/2 status=503 0.078s url=https://www.myfonts.com/products/italic-shree-tamil-3893-1170807
[2026-06-19T11:01:53Z] retryable_503 attempt=2/2 waiting=2s
[2026-06-19T11:01:55Z] max_retries_exhausted url=https://www.myfonts.com/products/italic-shree-tamil-3893-1170807
[2026-06-19T11:01:56Z] #561 attempt=1/2 status=503 0.069s url=https://www.myfonts.com/collections/italic-shree-tamil-3893-1170807-font-modular-infotech
[2026-06-19T11:01:56Z] retryable_503 attempt=1/2 waiting=2s
[2026-06-19T11:01:58Z] #562 attempt=2/2 status=503 0.055s url=https://www.myfonts.com/collections/italic-shree-tamil-3893-1170807-font-modular-infotech
[2026-06-19T11:01:58Z] retryable_503 attempt=2/2 waiting=2s
[2026-06-19T11:02:00Z] max_retries_exhausted url=https://www.myfonts.com/collections/italic-shree-tamil-3893-1170807-font-modular-infotech
[2026-06-19T11:02:00Z] #563 attempt=1/2 status=503 0.062s url=https://www.myfonts.com/products/italic-shree-tamil-1314-1170527
[2026-06-19T11:02:00Z] retryable_503 attempt=1/2 waiting=2s
[2026-06-19T11:02:03Z] #564 attempt=2/2 status=503 0.074s url=https://www.myfonts.com/products/italic-shree-tamil-1314-1170527
[2026-06-19T11:02:03Z] retryable_503 attempt=2/2 waiting=2s
[2026-06-19T11:02:05Z] max_retries_exhausted url=https://www.myfonts.com/products/italic-shree-tamil-1314-1170527
[2026-06-19T11:02:05Z] #565 attempt=1/2 status=503 0.066s url=https://www.myfonts.com/collections/italic-shree-tamil-1314-1170527-font-modular-infotech
[2026-06-19T11:02:05Z] retryable_503 attempt=1/2 waiting=2s
[2026-06-19T11:02:07Z] #566 attempt=2/2 status=503 0.080s url=https://www.myfonts.com/collections/italic-shree-tamil-1314-1170527-font-modular-infotech
[2026-06-19T11:02:07Z] retryable_503 attempt=2/2 waiting=2s
[2026-06-19T11:02:09Z] max_retries_exhausted url=https://www.myfonts.com/collections/italic-shree-tamil-1314-1170527-font-modular-infotech
[2026-06-19T11:02:09Z] #567 attempt=1/2 status=503 0.070s url=https://www.myfonts.com/products/italic-shree-telugu-2962-1170544
[2026-06-19T11:02:09Z] retryable_503 attempt=1/2 waiting=2s
[2026-06-19T11:02:12Z] #568 attempt=2/2 status=503 0.064s url=https://www.myfonts.com/products/italic-shree-telugu-2962-1170544
[2026-06-19T11:02:12Z] retryable_503 attempt=2/2 waiting=2s
[2026-06-19T11:02:14Z] max_retries_exhausted url=https://www.myfonts.com/products/italic-shree-telugu-2962-1170544
[2026-06-19T11:02:14Z] #569 attempt=1/2 status=503 0.057s url=https://www.myfonts.com/collections/italic-shree-telugu-2962-1170544-font-modular-infotech
[2026-06-19T11:02:14Z] retryable_503 attempt=1/2 waiting=2s
[2026-06-19T11:02:16Z] #570 attempt=2/2 status=503 0.070s url=https://www.myfonts.com/collections/italic-shree-telugu-2962-1170544-font-modular-infotech
[2026-06-19T11:02:16Z] retryable_503 attempt=2/2 waiting=2s
[2026-06-19T11:02:18Z] max_retries_exhausted url=https://www.myfonts.com/collections/italic-shree-telugu-2962-1170544-font-modular-infotech
[2026-06-19T11:02:18Z] #571 attempt=1/2 status=503 0.074s url=https://www.myfonts.com/products/regular-shree-malayalam-3246-1171073
[2026-06-19T11:02:18Z] retryable_503 attempt=1/2 waiting=2s
[2026-06-19T11:02:21Z] #572 attempt=2/2 status=503 0.056s url=https://www.myfonts.com/products/regular-shree-malayalam-3246-1171073
[2026-06-19T11:02:21Z] retryable_503 attempt=2/2 waiting=2s
[2026-06-19T11:02:23Z] max_retries_exhausted url=https://www.myfonts.com/products/regular-shree-malayalam-3246-1171073
[2026-06-19T11:02:23Z] #573 attempt=1/2 status=503 0.063s url=https://www.myfonts.com/collections/regular-shree-malayalam-3246-1171073-font-modular-infotech
[2026-06-19T11:02:23Z] retryable_503 attempt=1/2 waiting=2s
[2026-06-19T11:02:25Z] #574 attempt=2/2 status=503 0.122s url=https://www.myfonts.com/collections/regular-shree-malayalam-3246-1171073-font-modular-infotech
[2026-06-19T11:02:25Z] retryable_503 attempt=2/2 waiting=2s
[2026-06-19T11:02:27Z] max_retries_exhausted url=https://www.myfonts.com/collections/regular-shree-malayalam-3246-1171073-font-modular-infotech
[2026-06-19T11:02:29Z] #575 attempt=1/2 status=200 0.838s url=https://www.myfonts.com/products/italic-shree-tamil-3840-1170524
[2026-06-19T11:02:30Z] #576 attempt=1/2 status=200 1.355s url=https://www.myfonts.com/collections/shree-tamil-3840-font-modularinfotech/
[2026-06-19T11:02:30Z] #577 attempt=1/2 status=503 0.058s url=https://www.myfonts.com/collections/shree-tamil-3840-font-modularinfotech/
[2026-06-19T11:02:30Z] retryable_503 attempt=1/2 waiting=2s
[2026-06-19T11:02:33Z] #578 attempt=2/2 status=503 0.056s url=https://www.myfonts.com/collections/shree-tamil-3840-font-modularinfotech/
[2026-06-19T11:02:33Z] retryable_503 attempt=2/2 waiting=2s
[2026-06-19T11:02:35Z] max_retries_exhausted url=https://www.myfonts.com/collections/shree-tamil-3840-font-modularinfotech/
[2026-06-19T11:02:35Z] #579 attempt=1/2 status=503 0.059s url=https://www.myfonts.com/products/italic-shree-tamil-3831-1170798
[2026-06-19T11:02:35Z] retryable_503 attempt=1/2 waiting=2s
[2026-06-19T11:02:37Z] #580 attempt=2/2 status=503 0.062s url=https://www.myfonts.com/products/italic-shree-tamil-3831-1170798
[2026-06-19T11:02:37Z] retryable_503 attempt=2/2 waiting=2s
[2026-06-19T11:02:39Z] max_retries_exhausted url=https://www.myfonts.com/products/italic-shree-tamil-3831-1170798
[2026-06-19T11:02:40Z] #581 attempt=1/2 status=503 0.064s url=https://www.myfonts.com/collections/italic-shree-tamil-3831-1170798-font-modular-infotech
[2026-06-19T11:02:40Z] retryable_503 attempt=1/2 waiting=2s
[2026-06-19T11:02:42Z] #582 attempt=2/2 status=503 0.056s url=https://www.myfonts.com/collections/italic-shree-tamil-3831-1170798-font-modular-infotech
[2026-06-19T11:02:42Z] retryable_503 attempt=2/2 waiting=2s
[2026-06-19T11:02:44Z] max_retries_exhausted url=https://www.myfonts.com/collections/italic-shree-tamil-3831-1170798-font-modular-infotech
[2026-06-19T11:02:44Z] #583 attempt=1/2 status=503 0.054s url=https://www.myfonts.com/products/italic-shree-malayalam-1852-1171056
[2026-06-19T11:02:44Z] retryable_503 attempt=1/2 waiting=2s
[2026-06-19T11:02:46Z] #584 attempt=2/2 status=503 0.062s url=https://www.myfonts.com/products/italic-shree-malayalam-1852-1171056
[2026-06-19T11:02:46Z] retryable_503 attempt=2/2 waiting=2s
[2026-06-19T11:02:48Z] max_retries_exhausted url=https://www.myfonts.com/products/italic-shree-malayalam-1852-1171056
[2026-06-19T11:02:49Z] #585 attempt=1/2 status=503 0.061s url=https://www.myfonts.com/collections/italic-shree-malayalam-1852-1171056-font-modular-infotech
[2026-06-19T11:02:49Z] retryable_503 attempt=1/2 waiting=2s
[2026-06-19T11:02:51Z] #586 attempt=2/2 status=503 0.064s url=https://www.myfonts.com/collections/italic-shree-malayalam-1852-1171056-font-modular-infotech
[2026-06-19T11:02:51Z] retryable_503 attempt=2/2 waiting=2s
[2026-06-19T11:02:53Z] max_retries_exhausted url=https://www.myfonts.com/collections/italic-shree-malayalam-1852-1171056-font-modular-infotech
[2026-06-19T11:02:53Z] #587 attempt=1/2 status=503 0.064s url=https://www.myfonts.com/products/italic-shree-telugu-2963-1170510
[2026-06-19T11:02:53Z] retryable_503 attempt=1/2 waiting=2s
[2026-06-19T11:02:55Z] #588 attempt=2/2 status=503 0.066s url=https://www.myfonts.com/products/italic-shree-telugu-2963-1170510
[2026-06-19T11:02:55Z] retryable_503 attempt=2/2 waiting=2s
[2026-06-19T11:02:57Z] max_retries_exhausted url=https://www.myfonts.com/products/italic-shree-telugu-2963-1170510
[2026-06-19T11:02:58Z] #589 attempt=1/2 status=503 0.063s url=https://www.myfonts.com/collections/italic-shree-telugu-2963-1170510-font-modular-infotech
[2026-06-19T11:02:58Z] retryable_503 attempt=1/2 waiting=2s
[2026-06-19T11:03:00Z] #590 attempt=2/2 status=503 0.072s url=https://www.myfonts.com/collections/italic-shree-telugu-2963-1170510-font-modular-infotech
[2026-06-19T11:03:00Z] retryable_503 attempt=2/2 waiting=2s
[2026-06-19T11:03:02Z] max_retries_exhausted url=https://www.myfonts.com/collections/italic-shree-telugu-2963-1170510-font-modular-infotech
[2026-06-19T11:03:02Z] #591 attempt=1/2 status=503 0.054s url=https://www.myfonts.com/products/regular-shree-telugu-2606-1170506
[2026-06-19T11:03:02Z] retryable_503 attempt=1/2 waiting=2s
[2026-06-19T11:03:04Z] #592 attempt=2/2 status=503 0.054s url=https://www.myfonts.com/products/regular-shree-telugu-2606-1170506
[2026-06-19T11:03:04Z] retryable_503 attempt=2/2 waiting=2s
[2026-06-19T11:03:06Z] max_retries_exhausted url=https://www.myfonts.com/products/regular-shree-telugu-2606-1170506
[2026-06-19T11:03:08Z] #593 attempt=1/2 status=503 1.449s url=https://www.myfonts.com/collections/regular-shree-telugu-2606-1170506-font-modular-infotech
[2026-06-19T11:03:08Z] retryable_503 attempt=1/2 waiting=2s
[2026-06-19T11:03:10Z] #594 attempt=2/2 status=503 0.071s url=https://www.myfonts.com/collections/regular-shree-telugu-2606-1170506-font-modular-infotech
[2026-06-19T11:03:10Z] retryable_503 attempt=2/2 waiting=2s
[2026-06-19T11:03:12Z] max_retries_exhausted url=https://www.myfonts.com/collections/regular-shree-telugu-2606-1170506-font-modular-infotech
[2026-06-19T11:03:13Z] #595 attempt=1/2 status=503 0.082s url=https://www.myfonts.com/products/italic-shree-telugu-1670-1170476
[2026-06-19T11:03:13Z] retryable_503 attempt=1/2 waiting=2s
[2026-06-19T11:03:15Z] #596 attempt=2/2 status=503 0.055s url=https://www.myfonts.com/products/italic-shree-telugu-1670-1170476
[2026-06-19T11:03:15Z] retryable_503 attempt=2/2 waiting=2s
[2026-06-19T11:03:17Z] max_retries_exhausted url=https://www.myfonts.com/products/italic-shree-telugu-1670-1170476
[2026-06-19T11:03:17Z] #597 attempt=1/2 status=503 0.095s url=https://www.myfonts.com/collections/italic-shree-telugu-1670-1170476-font-modular-infotech
[2026-06-19T11:03:17Z] retryable_503 attempt=1/2 waiting=2s
[2026-06-19T11:03:19Z] #598 attempt=2/2 status=503 0.058s url=https://www.myfonts.com/collections/italic-shree-telugu-1670-1170476-font-modular-infotech
[2026-06-19T11:03:19Z] retryable_503 attempt=2/2 waiting=2s
[2026-06-19T11:03:21Z] max_retries_exhausted url=https://www.myfonts.com/collections/italic-shree-telugu-1670-1170476-font-modular-infotech
[2026-06-19T11:03:22Z] #599 attempt=1/2 status=503 0.058s url=https://www.myfonts.com/products/italic-shree-tamil-3969-1170481
[2026-06-19T11:03:22Z] retryable_503 attempt=1/2 waiting=2s
[2026-06-19T11:03:24Z] #600 attempt=2/2 status=503 0.080s url=https://www.myfonts.com/products/italic-shree-tamil-3969-1170481
[2026-06-19T11:03:24Z] retryable_503 attempt=2/2 waiting=2s
[2026-06-19T11:03:26Z] max_retries_exhausted url=https://www.myfonts.com/products/italic-shree-tamil-3969-1170481
[2026-06-19T11:03:26Z] #601 attempt=1/2 status=503 0.088s url=https://www.myfonts.com/collections/italic-shree-tamil-3969-1170481-font-modular-infotech
[2026-06-19T11:03:26Z] retryable_503 attempt=1/2 waiting=2s
[2026-06-19T11:03:29Z] #602 attempt=2/2 status=502 0.160s url=https://www.myfonts.com/collections/italic-shree-tamil-3969-1170481-font-modular-infotech
[2026-06-19T11:03:29Z] #603 attempt=1/2 status=503 0.073s url=https://www.myfonts.com/products/shree-tamil-1367-black-italic-shree-tamil-1367-1170773
[2026-06-19T11:03:29Z] retryable_503 attempt=1/2 waiting=2s
[2026-06-19T11:03:31Z] #604 attempt=2/2 status=503 0.057s url=https://www.myfonts.com/products/shree-tamil-1367-black-italic-shree-tamil-1367-1170773
[2026-06-19T11:03:31Z] retryable_503 attempt=2/2 waiting=2s
[2026-06-19T11:03:33Z] max_retries_exhausted url=https://www.myfonts.com/products/shree-tamil-1367-black-italic-shree-tamil-1367-1170773
[2026-06-19T11:03:34Z] #605 attempt=1/2 status=503 0.061s url=https://www.myfonts.com/collections/shree-tamil-1367-black-italic-shree-tamil-1367-1170773-font-modular-infotech
[2026-06-19T11:03:34Z] retryable_503 attempt=1/2 waiting=2s
[2026-06-19T11:03:36Z] #606 attempt=2/2 status=503 0.062s url=https://www.myfonts.com/collections/shree-tamil-1367-black-italic-shree-tamil-1367-1170773-font-modular-infotech
[2026-06-19T11:03:36Z] retryable_503 attempt=2/2 waiting=2s
[2026-06-19T11:03:38Z] max_retries_exhausted url=https://www.myfonts.com/collections/shree-tamil-1367-black-italic-shree-tamil-1367-1170773-font-modular-infotech
[2026-06-19T11:03:38Z] #607 attempt=1/2 status=503 0.060s url=https://www.myfonts.com/products/regular-shree-malayalam-3294-1171005
[2026-06-19T11:03:38Z] retryable_503 attempt=1/2 waiting=2s
[2026-06-19T11:03:40Z] #608 attempt=2/2 status=503 0.064s url=https://www.myfonts.com/products/regular-shree-malayalam-3294-1171005
[2026-06-19T11:03:40Z] retryable_503 attempt=2/2 waiting=2s
[2026-06-19T11:03:42Z] max_retries_exhausted url=https://www.myfonts.com/products/regular-shree-malayalam-3294-1171005
[2026-06-19T11:03:43Z] #609 attempt=1/2 status=503 0.059s url=https://www.myfonts.com/collections/regular-shree-malayalam-3294-1171005-font-modular-infotech
[2026-06-19T11:03:43Z] retryable_503 attempt=1/2 waiting=2s
[2026-06-19T11:03:45Z] #610 attempt=2/2 status=503 0.067s url=https://www.myfonts.com/collections/regular-shree-malayalam-3294-1171005-font-modular-infotech
[2026-06-19T11:03:45Z] retryable_503 attempt=2/2 waiting=2s
[2026-06-19T11:03:47Z] max_retries_exhausted url=https://www.myfonts.com/collections/regular-shree-malayalam-3294-1171005-font-modular-infotech
[2026-06-19T11:03:47Z] #611 attempt=1/2 status=503 0.060s url=https://www.myfonts.com/products/italic-shree-tamil-2847-1170461
[2026-06-19T11:03:47Z] retryable_503 attempt=1/2 waiting=2s
[2026-06-19T11:03:50Z] #612 attempt=2/2 status=503 0.150s url=https://www.myfonts.com/products/italic-shree-tamil-2847-1170461
[2026-06-19T11:03:50Z] retryable_503 attempt=2/2 waiting=2s
[2026-06-19T11:03:52Z] max_retries_exhausted url=https://www.myfonts.com/products/italic-shree-tamil-2847-1170461
[2026-06-19T11:03:52Z] #613 attempt=1/2 status=503 0.061s url=https://www.myfonts.com/collections/italic-shree-tamil-2847-1170461-font-modular-infotech
[2026-06-19T11:03:52Z] retryable_503 attempt=1/2 waiting=2s
[2026-06-19T11:03:54Z] #614 attempt=2/2 status=503 0.059s url=https://www.myfonts.com/collections/italic-shree-tamil-2847-1170461-font-modular-infotech
[2026-06-19T11:03:54Z] retryable_503 attempt=2/2 waiting=2s
[2026-06-19T11:03:56Z] max_retries_exhausted url=https://www.myfonts.com/collections/italic-shree-tamil-2847-1170461-font-modular-infotech
[2026-06-19T11:03:56Z] #615 attempt=1/2 status=503 0.061s url=https://www.myfonts.com/products/italic-rabios-1172072
[2026-06-19T11:03:56Z] retryable_503 attempt=1/2 waiting=2s
[2026-06-19T11:03:59Z] #616 attempt=2/2 status=503 0.055s url=https://www.myfonts.com/products/italic-rabios-1172072
[2026-06-19T11:03:59Z] retryable_503 attempt=2/2 waiting=2s
[2026-06-19T11:04:01Z] max_retries_exhausted url=https://www.myfonts.com/products/italic-rabios-1172072
[2026-06-19T11:04:01Z] #617 attempt=1/2 status=503 0.061s url=https://www.myfonts.com/collections/italic-rabios-1172072-font-say-studio
[2026-06-19T11:04:01Z] retryable_503 attempt=1/2 waiting=2s
[2026-06-19T11:04:03Z] #618 attempt=2/2 status=503 0.065s url=https://www.myfonts.com/collections/italic-rabios-1172072-font-say-studio
[2026-06-19T11:04:03Z] retryable_503 attempt=2/2 waiting=2s
[2026-06-19T11:04:05Z] max_retries_exhausted url=https://www.myfonts.com/collections/italic-rabios-1172072-font-say-studio
[2026-06-19T11:04:06Z] #619 attempt=1/2 status=503 0.081s url=https://www.myfonts.com/products/italic-shree-tamil-2865-1170764
[2026-06-19T11:04:06Z] retryable_503 attempt=1/2 waiting=2s
[2026-06-19T11:04:08Z] #620 attempt=2/2 status=503 0.059s url=https://www.myfonts.com/products/italic-shree-tamil-2865-1170764
[2026-06-19T11:04:08Z] retryable_503 attempt=2/2 waiting=2s
[2026-06-19T11:04:10Z] max_retries_exhausted url=https://www.myfonts.com/products/italic-shree-tamil-2865-1170764
[2026-06-19T11:04:11Z] #621 attempt=1/2 status=404 1.134s url=https://www.myfonts.com/collections/italic-shree-tamil-2865-1170764-font-modular-infotech
[2026-06-19T11:04:15Z] #622 attempt=1/2 status=200 3.629s url=https://www.myfonts.com/products/regular-shree-tamil-2856-1170438
[2026-06-19T11:04:15Z] #623 attempt=1/2 status=503 0.063s url=https://www.myfonts.com/collections/shree-tamil-2856-font-modularinfotech/
[2026-06-19T11:04:15Z] retryable_503 attempt=1/2 waiting=2s
[2026-06-19T11:04:18Z] #624 attempt=2/2 status=503 0.056s url=https://www.myfonts.com/collections/shree-tamil-2856-font-modularinfotech/
[2026-06-19T11:04:18Z] retryable_503 attempt=2/2 waiting=2s
[2026-06-19T11:04:20Z] max_retries_exhausted url=https://www.myfonts.com/collections/shree-tamil-2856-font-modularinfotech/
[2026-06-19T11:04:20Z] #625 attempt=1/2 status=503 0.067s url=https://www.myfonts.com/collections/regular-shree-tamil-2856-1170438-font-modular-infotech
[2026-06-19T11:04:20Z] retryable_503 attempt=1/2 waiting=2s
[2026-06-19T11:04:22Z] #626 attempt=2/2 status=503 0.052s url=https://www.myfonts.com/collections/regular-shree-tamil-2856-1170438-font-modular-infotech
[2026-06-19T11:04:22Z] retryable_503 attempt=2/2 waiting=2s
[2026-06-19T11:04:24Z] max_retries_exhausted url=https://www.myfonts.com/collections/regular-shree-tamil-2856-1170438-font-modular-infotech
[2026-06-19T11:04:24Z] #627 attempt=1/2 status=503 0.062s url=https://www.myfonts.com/products/italic-shree-oriya-3031-1170962
[2026-06-19T11:04:24Z] retryable_503 attempt=1/2 waiting=2s
[2026-06-19T11:04:27Z] #628 attempt=2/2 status=503 0.067s url=https://www.myfonts.com/products/italic-shree-oriya-3031-1170962
[2026-06-19T11:04:27Z] retryable_503 attempt=2/2 waiting=2s
[2026-06-19T11:04:29Z] max_retries_exhausted url=https://www.myfonts.com/products/italic-shree-oriya-3031-1170962
[2026-06-19T11:04:29Z] #629 attempt=1/2 status=503 0.080s url=https://www.myfonts.com/collections/italic-shree-oriya-3031-1170962-font-modular-infotech
[2026-06-19T11:04:29Z] retryable_503 attempt=1/2 waiting=2s
[2026-06-19T11:04:31Z] #630 attempt=2/2 status=503 0.161s url=https://www.myfonts.com/collections/italic-shree-oriya-3031-1170962-font-modular-infotech
[2026-06-19T11:04:31Z] retryable_503 attempt=2/2 waiting=2s
[2026-06-19T11:04:33Z] max_retries_exhausted url=https://www.myfonts.com/collections/italic-shree-oriya-3031-1170962-font-modular-infotech
[2026-06-19T11:04:34Z] #631 attempt=1/2 status=503 0.070s url=https://www.myfonts.com/products/regular-shree-tamil-1351-1170427
[2026-06-19T11:04:34Z] retryable_503 attempt=1/2 waiting=2s
[2026-06-19T11:04:36Z] #632 attempt=2/2 status=503 0.064s url=https://www.myfonts.com/products/regular-shree-tamil-1351-1170427
[2026-06-19T11:04:36Z] retryable_503 attempt=2/2 waiting=2s
[2026-06-19T11:04:38Z] max_retries_exhausted url=https://www.myfonts.com/products/regular-shree-tamil-1351-1170427
[2026-06-19T11:04:41Z] #633 attempt=1/2 status=404 2.561s url=https://www.myfonts.com/collections/regular-shree-tamil-1351-1170427-font-modular-infotech
[2026-06-19T11:04:41Z] #634 attempt=1/2 status=503 0.060s url=https://www.myfonts.com/products/script-bileso-1171598
[2026-06-19T11:04:41Z] retryable_503 attempt=1/2 waiting=2s
[2026-06-19T11:04:43Z] #635 attempt=2/2 status=503 0.068s url=https://www.myfonts.com/products/script-bileso-1171598
[2026-06-19T11:04:43Z] retryable_503 attempt=2/2 waiting=2s
[2026-06-19T11:04:45Z] max_retries_exhausted url=https://www.myfonts.com/products/script-bileso-1171598
[2026-06-19T11:04:45Z] #636 attempt=1/2 status=503 0.072s url=https://www.myfonts.com/collections/script-bileso-1171598-font-marvadesign
[2026-06-19T11:04:45Z] retryable_503 attempt=1/2 waiting=2s
[2026-06-19T11:04:48Z] #637 attempt=2/2 status=503 0.065s url=https://www.myfonts.com/collections/script-bileso-1171598-font-marvadesign
[2026-06-19T11:04:48Z] retryable_503 attempt=2/2 waiting=2s
[2026-06-19T11:04:50Z] max_retries_exhausted url=https://www.myfonts.com/collections/script-bileso-1171598-font-marvadesign
[2026-06-19T11:04:50Z] #638 attempt=1/2 status=503 0.056s url=https://www.myfonts.com/products/italic-shree-tamil-2871-1170442
[2026-06-19T11:04:50Z] retryable_503 attempt=1/2 waiting=2s
[2026-06-19T11:04:52Z] #639 attempt=2/2 status=503 0.071s url=https://www.myfonts.com/products/italic-shree-tamil-2871-1170442
[2026-06-19T11:04:52Z] retryable_503 attempt=2/2 waiting=2s
[2026-06-19T11:04:54Z] max_retries_exhausted url=https://www.myfonts.com/products/italic-shree-tamil-2871-1170442
[2026-06-19T11:04:54Z] #640 attempt=1/2 status=503 0.057s url=https://www.myfonts.com/collections/italic-shree-tamil-2871-1170442-font-modular-infotech
[2026-06-19T11:04:54Z] retryable_503 attempt=1/2 waiting=2s
[2026-06-19T11:04:57Z] #641 attempt=2/2 status=503 0.077s url=https://www.myfonts.com/collections/italic-shree-tamil-2871-1170442-font-modular-infotech
[2026-06-19T11:04:57Z] retryable_503 attempt=2/2 waiting=2s
[2026-06-19T11:04:59Z] max_retries_exhausted url=https://www.myfonts.com/collections/italic-shree-tamil-2871-1170442-font-modular-infotech
[2026-06-19T11:04:59Z] #642 attempt=1/2 status=503 0.061s url=https://www.myfonts.com/products/regular-shree-oriya-3047-1170988
[2026-06-19T11:04:59Z] retryable_503 attempt=1/2 waiting=2s
[2026-06-19T11:05:01Z] #643 attempt=2/2 status=503 0.062s url=https://www.myfonts.com/products/regular-shree-oriya-3047-1170988
[2026-06-19T11:05:01Z] retryable_503 attempt=2/2 waiting=2s
[2026-06-19T11:05:03Z] max_retries_exhausted url=https://www.myfonts.com/products/regular-shree-oriya-3047-1170988
[2026-06-19T11:05:05Z] #644 attempt=1/2 status=404 1.113s url=https://www.myfonts.com/collections/regular-shree-oriya-3047-1170988-font-modular-infotech
[2026-06-19T11:05:05Z] #645 attempt=1/2 status=503 0.057s url=https://www.myfonts.com/products/italic-shree-malayalam-3295-1170949
[2026-06-19T11:05:05Z] retryable_503 attempt=1/2 waiting=2s
[2026-06-19T11:05:07Z] #646 attempt=2/2 status=503 0.063s url=https://www.myfonts.com/products/italic-shree-malayalam-3295-1170949
[2026-06-19T11:05:07Z] retryable_503 attempt=2/2 waiting=2s
[2026-06-19T11:05:09Z] max_retries_exhausted url=https://www.myfonts.com/products/italic-shree-malayalam-3295-1170949
[2026-06-19T11:05:09Z] #647 attempt=1/2 status=503 0.057s url=https://www.myfonts.com/collections/italic-shree-malayalam-3295-1170949-font-modular-infotech
[2026-06-19T11:05:09Z] retryable_503 attempt=1/2 waiting=2s
[2026-06-19T11:05:12Z] #648 attempt=2/2 status=503 0.064s url=https://www.myfonts.com/collections/italic-shree-malayalam-3295-1170949-font-modular-infotech
[2026-06-19T11:05:12Z] retryable_503 attempt=2/2 waiting=2s
[2026-06-19T11:05:14Z] max_retries_exhausted url=https://www.myfonts.com/collections/italic-shree-malayalam-3295-1170949-font-modular-infotech
[2026-06-19T11:05:14Z] #649 attempt=1/2 status=503 0.066s url=https://www.myfonts.com/products/regular-teblust-1172068
[2026-06-19T11:05:14Z] retryable_503 attempt=1/2 waiting=2s
[2026-06-19T11:05:16Z] #650 attempt=2/2 status=503 0.055s url=https://www.myfonts.com/products/regular-teblust-1172068
[2026-06-19T11:05:16Z] retryable_503 attempt=2/2 waiting=2s
[2026-06-19T11:05:18Z] max_retries_exhausted url=https://www.myfonts.com/products/regular-teblust-1172068
[2026-06-19T11:05:19Z] #651 attempt=1/2 status=503 0.061s url=https://www.myfonts.com/collections/regular-teblust-1172068-font-hasnat-studio
[2026-06-19T11:05:19Z] retryable_503 attempt=1/2 waiting=2s
[2026-06-19T11:05:21Z] #652 attempt=2/2 status=503 0.063s url=https://www.myfonts.com/collections/regular-teblust-1172068-font-hasnat-studio
[2026-06-19T11:05:21Z] retryable_503 attempt=2/2 waiting=2s
[2026-06-19T11:05:23Z] max_retries_exhausted url=https://www.myfonts.com/collections/regular-teblust-1172068-font-hasnat-studio
[2026-06-19T11:05:24Z] #653 attempt=1/2 status=200 0.539s url=https://www.myfonts.com/products/italic-shree-tamil-2851-1170730
[2026-06-19T11:05:24Z] #654 attempt=1/2 status=503 0.059s url=https://www.myfonts.com/collections/shree-tamil-2851-font-modularinfotech/
[2026-06-19T11:05:24Z] retryable_503 attempt=1/2 waiting=2s
[2026-06-19T11:05:26Z] #655 attempt=2/2 status=200 0.310s url=https://www.myfonts.com/collections/shree-tamil-2851-font-modularinfotech/
[2026-06-19T11:05:27Z] #656 attempt=1/2 status=503 0.068s url=https://www.myfonts.com/collections/shree-tamil-2851-font-modularinfotech/
[2026-06-19T11:05:27Z] retryable_503 attempt=1/2 waiting=2s
[2026-06-19T11:05:32Z] #657 attempt=2/2 status=200 2.861s url=https://www.myfonts.com/collections/shree-tamil-2851-font-modularinfotech/
[2026-06-19T11:05:32Z] #658 attempt=1/2 status=503 0.064s url=https://www.myfonts.com/collections/italic-shree-tamil-2851-1170730-font-modular-infotech
[2026-06-19T11:05:32Z] retryable_503 attempt=1/2 waiting=2s
[2026-06-19T11:05:34Z] #659 attempt=2/2 status=503 0.054s url=https://www.myfonts.com/collections/italic-shree-tamil-2851-1170730-font-modular-infotech
[2026-06-19T11:05:34Z] retryable_503 attempt=2/2 waiting=2s
[2026-06-19T11:05:36Z] max_retries_exhausted url=https://www.myfonts.com/collections/italic-shree-tamil-2851-1170730-font-modular-infotech
[2026-06-19T11:05:37Z] #660 attempt=1/2 status=503 0.060s url=https://www.myfonts.com/products/regular-shree-malayalam-3268-1170945
[2026-06-19T11:05:37Z] retryable_503 attempt=1/2 waiting=2s
[2026-06-19T11:05:39Z] #661 attempt=2/2 status=503 0.054s url=https://www.myfonts.com/products/regular-shree-malayalam-3268-1170945
[2026-06-19T11:05:39Z] retryable_503 attempt=2/2 waiting=2s
[2026-06-19T11:05:41Z] max_retries_exhausted url=https://www.myfonts.com/products/regular-shree-malayalam-3268-1170945
[2026-06-19T11:05:41Z] #662 attempt=1/2 status=503 0.057s url=https://www.myfonts.com/collections/regular-shree-malayalam-3268-1170945-font-modular-infotech
[2026-06-19T11:05:41Z] retryable_503 attempt=1/2 waiting=2s
[2026-06-19T11:05:43Z] #663 attempt=2/2 status=503 0.064s url=https://www.myfonts.com/collections/regular-shree-malayalam-3268-1170945-font-modular-infotech
[2026-06-19T11:05:43Z] retryable_503 attempt=2/2 waiting=2s
[2026-06-19T11:05:45Z] max_retries_exhausted url=https://www.myfonts.com/collections/regular-shree-malayalam-3268-1170945-font-modular-infotech
[2026-06-19T11:05:46Z] #664 attempt=1/2 status=503 0.064s url=https://www.myfonts.com/products/italic-shree-tamil-1334-1170359
[2026-06-19T11:05:46Z] retryable_503 attempt=1/2 waiting=2s
[2026-06-19T11:05:48Z] #665 attempt=2/2 status=503 0.058s url=https://www.myfonts.com/products/italic-shree-tamil-1334-1170359
[2026-06-19T11:05:48Z] retryable_503 attempt=2/2 waiting=2s
[2026-06-19T11:05:50Z] max_retries_exhausted url=https://www.myfonts.com/products/italic-shree-tamil-1334-1170359
[2026-06-19T11:05:50Z] #666 attempt=1/2 status=404 0.164s url=https://www.myfonts.com/collections/italic-shree-tamil-1334-1170359-font-modular-infotech
[2026-06-19T11:05:53Z] #667 attempt=1/2 status=200 2.025s url=https://www.myfonts.com/products/italic-shree-tamil-3928-1170700
[2026-06-19T11:05:53Z] #668 attempt=1/2 status=503 0.068s url=https://www.myfonts.com/collections/shree-tamil-3928-font-modularinfotech/
[2026-06-19T11:05:53Z] retryable_503 attempt=1/2 waiting=2s
[2026-06-19T11:05:55Z] #669 attempt=2/2 status=503 0.086s url=https://www.myfonts.com/collections/shree-tamil-3928-font-modularinfotech/
[2026-06-19T11:05:55Z] retryable_503 attempt=2/2 waiting=2s
[2026-06-19T11:05:57Z] max_retries_exhausted url=https://www.myfonts.com/collections/shree-tamil-3928-font-modularinfotech/
[2026-06-19T11:05:57Z] #670 attempt=1/2 status=503 0.067s url=https://www.myfonts.com/collections/italic-shree-tamil-3928-1170700-font-modular-infotech
[2026-06-19T11:05:57Z] retryable_503 attempt=1/2 waiting=2s
[2026-06-19T11:06:00Z] #671 attempt=2/2 status=503 0.064s url=https://www.myfonts.com/collections/italic-shree-tamil-3928-1170700-font-modular-infotech
[2026-06-19T11:06:00Z] retryable_503 attempt=2/2 waiting=2s
[2026-06-19T11:06:02Z] max_retries_exhausted url=https://www.myfonts.com/collections/italic-shree-tamil-3928-1170700-font-modular-infotech
[2026-06-19T11:06:02Z] #672 attempt=1/6 status=503 0.074s url=https://www.myfonts.com/products.json?limit=100&page=5
[2026-06-19T11:06:02Z] retryable_503 attempt=1/6 waiting=5s
[2026-06-19T11:06:08Z] #673 attempt=2/6 status=503 0.057s url=https://www.myfonts.com/products.json?limit=100&page=5
[2026-06-19T11:06:08Z] retryable_503 attempt=2/6 waiting=15s
[2026-06-19T11:06:23Z] #674 attempt=3/6 status=503 0.064s url=https://www.myfonts.com/products.json?limit=100&page=5
[2026-06-19T11:06:23Z] retryable_503 attempt=3/6 waiting=25s
[2026-06-19T11:06:49Z] #675 attempt=4/6 status=503 0.055s url=https://www.myfonts.com/products.json?limit=100&page=5
[2026-06-19T11:06:49Z] retryable_503 attempt=4/6 waiting=35s
[2026-06-19T11:07:26Z] #676 attempt=5/6 status=200 1.868s url=https://www.myfonts.com/products.json?limit=100&page=5
[2026-06-19T11:07:27Z] #677 attempt=1/2 status=503 0.062s url=https://www.myfonts.com/products/italic-shree-oriya-3026-1170968
[2026-06-19T11:07:27Z] retryable_503 attempt=1/2 waiting=2s
[2026-06-19T11:07:29Z] #678 attempt=2/2 status=503 0.061s url=https://www.myfonts.com/products/italic-shree-oriya-3026-1170968
[2026-06-19T11:07:29Z] retryable_503 attempt=2/2 waiting=2s
[2026-06-19T11:07:31Z] max_retries_exhausted url=https://www.myfonts.com/products/italic-shree-oriya-3026-1170968
[2026-06-19T11:07:31Z] #679 attempt=1/2 status=503 0.061s url=https://www.myfonts.com/collections/italic-shree-oriya-3026-1170968-font-modular-infotech
[2026-06-19T11:07:31Z] retryable_503 attempt=1/2 waiting=2s
[2026-06-19T11:07:34Z] #680 attempt=2/2 status=404 0.762s url=https://www.myfonts.com/collections/italic-shree-oriya-3026-1170968-font-modular-infotech
[2026-06-19T11:07:35Z] #681 attempt=1/2 status=503 0.057s url=https://www.myfonts.com/products/italic-shree-tamil-3954-1170604
[2026-06-19T11:07:35Z] retryable_503 attempt=1/2 waiting=2s
[2026-06-19T11:07:37Z] #682 attempt=2/2 status=503 0.067s url=https://www.myfonts.com/products/italic-shree-tamil-3954-1170604
[2026-06-19T11:07:37Z] retryable_503 attempt=2/2 waiting=2s
[2026-06-19T11:07:39Z] max_retries_exhausted url=https://www.myfonts.com/products/italic-shree-tamil-3954-1170604
[2026-06-19T11:07:39Z] #683 attempt=1/2 status=503 0.059s url=https://www.myfonts.com/collections/italic-shree-tamil-3954-1170604-font-modular-infotech
[2026-06-19T11:07:39Z] retryable_503 attempt=1/2 waiting=2s
[2026-06-19T11:07:41Z] #684 attempt=2/2 status=503 0.063s url=https://www.myfonts.com/collections/italic-shree-tamil-3954-1170604-font-modular-infotech
[2026-06-19T11:07:41Z] retryable_503 attempt=2/2 waiting=2s
[2026-06-19T11:07:43Z] max_retries_exhausted url=https://www.myfonts.com/collections/italic-shree-tamil-3954-1170604-font-modular-infotech
[2026-06-19T11:07:45Z] #685 attempt=1/2 status=200 1.100s url=https://www.myfonts.com/products/regular-velvetoon-lava-1163818
[2026-06-19T11:07:45Z] #686 attempt=1/2 status=503 0.064s url=https://www.myfonts.com/collections/regular-velvetoon-lava-1163818-font-mei-suseno
[2026-06-19T11:07:45Z] retryable_503 attempt=1/2 waiting=2s
[2026-06-19T11:07:47Z] #687 attempt=2/2 status=503 0.053s url=https://www.myfonts.com/collections/regular-velvetoon-lava-1163818-font-mei-suseno
[2026-06-19T11:07:47Z] retryable_503 attempt=2/2 waiting=2s
[2026-06-19T11:07:49Z] max_retries_exhausted url=https://www.myfonts.com/collections/regular-velvetoon-lava-1163818-font-mei-suseno
[2026-06-19T11:07:50Z] #688 attempt=1/2 status=503 0.055s url=https://www.myfonts.com/products/regular-shree-malayalam-4414-1170911
[2026-06-19T11:07:50Z] retryable_503 attempt=1/2 waiting=2s
[2026-06-19T11:07:52Z] #689 attempt=2/2 status=200 0.287s url=https://www.myfonts.com/products/regular-shree-malayalam-4414-1170911
[2026-06-19T11:07:53Z] #690 attempt=1/2 status=200 0.954s url=https://www.myfonts.com/collections/shree-malayalam-4414-font-modularinfotech/
[2026-06-19T11:07:55Z] #691 attempt=1/2 status=200 1.922s url=https://www.myfonts.com/collections/shree-malayalam-4414-font-modularinfotech/
[2026-06-19T11:07:57Z] #692 attempt=1/2 status=200 1.695s url=https://www.myfonts.com/products/italic-shree-malayalam-3276-1170918
[2026-06-19T11:07:58Z] #693 attempt=1/2 status=503 0.065s url=https://www.myfonts.com/collections/shree-malayalam-3276-font-modularinfotech/
[2026-06-19T11:07:58Z] retryable_503 attempt=1/2 waiting=2s
[2026-06-19T11:08:00Z] #694 attempt=2/2 status=503 0.062s url=https://www.myfonts.com/collections/shree-malayalam-3276-font-modularinfotech/
[2026-06-19T11:08:00Z] retryable_503 attempt=2/2 waiting=2s
[2026-06-19T11:08:02Z] max_retries_exhausted url=https://www.myfonts.com/collections/shree-malayalam-3276-font-modularinfotech/
[2026-06-19T11:08:02Z] #695 attempt=1/2 status=503 0.072s url=https://www.myfonts.com/collections/italic-shree-malayalam-3276-1170918-font-modular-infotech
[2026-06-19T11:08:02Z] retryable_503 attempt=1/2 waiting=2s
[2026-06-19T11:08:05Z] #696 attempt=2/2 status=503 0.094s url=https://www.myfonts.com/collections/italic-shree-malayalam-3276-1170918-font-modular-infotech
[2026-06-19T11:08:05Z] retryable_503 attempt=2/2 waiting=2s
[2026-06-19T11:08:07Z] max_retries_exhausted url=https://www.myfonts.com/collections/italic-shree-malayalam-3276-1170918-font-modular-infotech
[2026-06-19T11:08:08Z] #697 attempt=1/2 status=200 1.397s url=https://www.myfonts.com/products/italic-shree-malayalam-1853-1170875
[2026-06-19T11:08:09Z] #698 attempt=1/2 status=200 1.110s url=https://www.myfonts.com/collections/shree-malayalam-1853-font-modularinfotech/
[2026-06-19T11:08:11Z] #699 attempt=1/2 status=200 1.007s url=https://www.myfonts.com/collections/shree-malayalam-1853-font-modularinfotech/
[2026-06-19T11:08:11Z] #700 attempt=1/2 status=503 0.055s url=https://www.myfonts.com/products/regular-shree-malayalam-1832-1171200
[2026-06-19T11:08:11Z] retryable_503 attempt=1/2 waiting=2s
[2026-06-19T11:08:14Z] #701 attempt=2/2 status=200 0.473s url=https://www.myfonts.com/products/regular-shree-malayalam-1832-1171200
[2026-06-19T11:08:14Z] #702 attempt=1/2 status=503 0.063s url=https://www.myfonts.com/collections/shree-malayalam-1832-font-modularinfotech/
[2026-06-19T11:08:14Z] retryable_503 attempt=1/2 waiting=2s
[2026-06-19T11:08:17Z] #703 attempt=2/2 status=503 0.059s url=https://www.myfonts.com/collections/shree-malayalam-1832-font-modularinfotech/
[2026-06-19T11:08:17Z] retryable_503 attempt=2/2 waiting=2s
[2026-06-19T11:08:19Z] max_retries_exhausted url=https://www.myfonts.com/collections/shree-malayalam-1832-font-modularinfotech/
[2026-06-19T11:08:19Z] #704 attempt=1/2 status=503 0.076s url=https://www.myfonts.com/collections/regular-shree-malayalam-1832-1171200-font-modular-infotech
[2026-06-19T11:08:19Z] retryable_503 attempt=1/2 waiting=2s
[2026-06-19T11:08:22Z] #705 attempt=2/2 status=404 0.656s url=https://www.myfonts.com/collections/regular-shree-malayalam-1832-1171200-font-modular-infotech
[2026-06-19T11:08:22Z] #706 attempt=1/2 status=200 0.459s url=https://www.myfonts.com/products/regular-shree-telugu-4733-1170858
[2026-06-19T11:08:23Z] #707 attempt=1/2 status=503 0.063s url=https://www.myfonts.com/collections/shree-telugu-4733-font-modularinfotech/
[2026-06-19T11:08:23Z] retryable_503 attempt=1/2 waiting=2s
[2026-06-19T11:08:25Z] #708 attempt=2/2 status=503 0.060s url=https://www.myfonts.com/collections/shree-telugu-4733-font-modularinfotech/
[2026-06-19T11:08:25Z] retryable_503 attempt=2/2 waiting=2s
[2026-06-19T11:08:27Z] max_retries_exhausted url=https://www.myfonts.com/collections/shree-telugu-4733-font-modularinfotech/
[2026-06-19T11:08:27Z] #709 attempt=1/2 status=503 0.065s url=https://www.myfonts.com/collections/regular-shree-telugu-4733-1170858-font-modular-infotech
[2026-06-19T11:08:27Z] retryable_503 attempt=1/2 waiting=2s
[2026-06-19T11:08:30Z] #710 attempt=2/2 status=404 0.690s url=https://www.myfonts.com/collections/regular-shree-telugu-4733-1170858-font-modular-infotech
[2026-06-19T11:08:31Z] #711 attempt=1/2 status=200 0.284s url=https://www.myfonts.com/products/italic-shree-tam5427-1170632
[2026-06-19T11:08:31Z] #712 attempt=1/2 status=503 0.065s url=https://www.myfonts.com/collections/shree-tam5427-font-modularinfotech/
[2026-06-19T11:08:31Z] retryable_503 attempt=1/2 waiting=2s
[2026-06-19T11:08:34Z] #713 attempt=2/2 status=200 0.934s url=https://www.myfonts.com/collections/shree-tam5427-font-modularinfotech/
[2026-06-19T11:08:35Z] #714 attempt=1/2 status=200 0.558s url=https://www.myfonts.com/products/italic-mojave-1171539
[2026-06-19T11:08:35Z] #715 attempt=1/2 status=200 0.499s url=https://www.myfonts.com/collections/mojave-font-tini-fitriani/
[2026-06-19T11:08:36Z] #716 attempt=1/2 status=200 0.532s url=https://www.myfonts.com/products/italic-shree-telugu-2698-1170607
[2026-06-19T11:08:39Z] #717 attempt=1/2 status=200 2.158s url=https://www.myfonts.com/collections/shree-telugu-2698-font-modularinfotech/
[2026-06-19T11:08:39Z] #718 attempt=1/2 status=503 0.072s url=https://www.myfonts.com/collections/shree-telugu-2698-font-modularinfotech/
[2026-06-19T11:08:39Z] retryable_503 attempt=1/2 waiting=2s
[2026-06-19T11:08:43Z] #719 attempt=2/2 status=200 1.907s url=https://www.myfonts.com/collections/shree-telugu-2698-font-modularinfotech/
[2026-06-19T11:08:44Z] #720 attempt=1/2 status=200 0.429s url=https://www.myfonts.com/products/regular-shree-tam5419-1170598
[2026-06-19T11:08:44Z] #721 attempt=1/2 status=503 0.062s url=https://www.myfonts.com/collections/shree-tam5419-font-modularinfotech/
[2026-06-19T11:08:44Z] retryable_503 attempt=1/2 waiting=2s
[2026-06-19T11:08:47Z] #722 attempt=2/2 status=200 0.343s url=https://www.myfonts.com/collections/shree-tam5419-font-modularinfotech/
[2026-06-19T11:08:47Z] #723 attempt=1/2 status=200 0.264s url=https://www.myfonts.com/products/italic-shree-tamil-3889-1170573
[2026-06-19T11:08:48Z] #724 attempt=1/2 status=200 0.311s url=https://www.myfonts.com/collections/shree-tamil-3889-font-modularinfotech/
[2026-06-19T11:08:48Z] #725 attempt=1/2 status=503 0.076s url=https://www.myfonts.com/collections/shree-tamil-3889-font-modularinfotech/
[2026-06-19T11:08:48Z] retryable_503 attempt=1/2 waiting=2s
[2026-06-19T11:08:51Z] #726 attempt=2/2 status=200 0.287s url=https://www.myfonts.com/collections/shree-tamil-3889-font-modularinfotech/
[2026-06-19T11:08:51Z] #727 attempt=1/2 status=503 0.059s url=https://www.myfonts.com/products/italic-shree-tamil-3897-1170835
[2026-06-19T11:08:51Z] retryable_503 attempt=1/2 waiting=2s
[2026-06-19T11:08:54Z] #728 attempt=2/2 status=200 0.407s url=https://www.myfonts.com/products/italic-shree-tamil-3897-1170835
[2026-06-19T11:08:54Z] #729 attempt=1/2 status=503 0.060s url=https://www.myfonts.com/collections/shree-tamil-3897-font-modularinfotech/
[2026-06-19T11:08:54Z] retryable_503 attempt=1/2 waiting=2s
[2026-06-19T11:08:56Z] #730 attempt=2/2 status=503 0.057s url=https://www.myfonts.com/collections/shree-tamil-3897-font-modularinfotech/
[2026-06-19T11:08:56Z] retryable_503 attempt=2/2 waiting=2s
[2026-06-19T11:08:58Z] max_retries_exhausted url=https://www.myfonts.com/collections/shree-tamil-3897-font-modularinfotech/
[2026-06-19T11:08:59Z] #731 attempt=1/2 status=503 0.063s url=https://www.myfonts.com/collections/italic-shree-tamil-3897-1170835-font-modular-infotech
[2026-06-19T11:08:59Z] retryable_503 attempt=1/2 waiting=2s
[2026-06-19T11:09:01Z] #732 attempt=2/2 status=503 0.052s url=https://www.myfonts.com/collections/italic-shree-tamil-3897-1170835-font-modular-infotech
[2026-06-19T11:09:01Z] retryable_503 attempt=2/2 waiting=2s
[2026-06-19T11:09:03Z] max_retries_exhausted url=https://www.myfonts.com/collections/italic-shree-tamil-3897-1170835-font-modular-infotech
[2026-06-19T11:09:03Z] #733 attempt=1/2 status=503 0.058s url=https://www.myfonts.com/products/italic-shree-tamil-1356-1170530
[2026-06-19T11:09:03Z] retryable_503 attempt=1/2 waiting=2s
[2026-06-19T11:09:05Z] #734 attempt=2/2 status=503 0.053s url=https://www.myfonts.com/products/italic-shree-tamil-1356-1170530
[2026-06-19T11:09:05Z] retryable_503 attempt=2/2 waiting=2s
[2026-06-19T11:09:07Z] max_retries_exhausted url=https://www.myfonts.com/products/italic-shree-tamil-1356-1170530
[2026-06-19T11:09:08Z] #735 attempt=1/2 status=404 0.248s url=https://www.myfonts.com/collections/italic-shree-tamil-1356-1170530-font-modular-infotech
[2026-06-19T11:09:10Z] #736 attempt=1/2 status=200 1.691s url=https://www.myfonts.com/products/italic-shree-tamil-2821-1170310
[2026-06-19T11:09:11Z] #737 attempt=1/2 status=200 0.671s url=https://www.myfonts.com/collections/shree-tamil-2821-font-modularinfotech/
[2026-06-19T11:09:11Z] #738 attempt=1/2 status=503 0.056s url=https://www.myfonts.com/products/bold-shree-tam5404-1170817
[2026-06-19T11:09:11Z] retryable_503 attempt=1/2 waiting=2s
[2026-06-19T11:09:13Z] #739 attempt=2/2 status=503 0.056s url=https://www.myfonts.com/products/bold-shree-tam5404-1170817
[2026-06-19T11:09:13Z] retryable_503 attempt=2/2 waiting=2s
[2026-06-19T11:09:15Z] max_retries_exhausted url=https://www.myfonts.com/products/bold-shree-tam5404-1170817
[2026-06-19T11:09:16Z] #740 attempt=1/2 status=503 0.062s url=https://www.myfonts.com/collections/bold-shree-tam5404-1170817-font-modular-infotech
[2026-06-19T11:09:16Z] retryable_503 attempt=1/2 waiting=2s
[2026-06-19T11:09:18Z] #741 attempt=2/2 status=503 0.063s url=https://www.myfonts.com/collections/bold-shree-tam5404-1170817-font-modular-infotech
[2026-06-19T11:09:18Z] retryable_503 attempt=2/2 waiting=2s
[2026-06-19T11:09:20Z] max_retries_exhausted url=https://www.myfonts.com/collections/bold-shree-tam5404-1170817-font-modular-infotech
[2026-06-19T11:09:20Z] #742 attempt=1/2 status=503 0.055s url=https://www.myfonts.com/products/regular-shree-tamil-3985-1170432
[2026-06-19T11:09:20Z] retryable_503 attempt=1/2 waiting=2s
[2026-06-19T11:09:22Z] #743 attempt=2/2 status=503 0.054s url=https://www.myfonts.com/products/regular-shree-tamil-3985-1170432
[2026-06-19T11:09:22Z] retryable_503 attempt=2/2 waiting=2s
[2026-06-19T11:09:24Z] max_retries_exhausted url=https://www.myfonts.com/products/regular-shree-tamil-3985-1170432
[2026-06-19T11:09:25Z] #744 attempt=1/2 status=404 0.157s url=https://www.myfonts.com/collections/regular-shree-tamil-3985-1170432-font-modular-infotech
[2026-06-19T11:09:25Z] #745 attempt=1/2 status=200 0.339s url=https://www.myfonts.com/products/regular-shree-telugu-2971-1170720
[2026-06-19T11:09:26Z] #746 attempt=1/2 status=200 0.474s url=https://www.myfonts.com/collections/shree-telugu-2971-font-modularinfotech/
[2026-06-19T11:09:27Z] #747 attempt=1/2 status=200 0.326s url=https://www.myfonts.com/collections/shree-telugu-2971-font-modularinfotech/
[2026-06-19T11:09:27Z] #748 attempt=1/2 status=200 0.541s url=https://www.myfonts.com/products/italic-shree-tamil-1340-1170703
[2026-06-19T11:09:29Z] #749 attempt=1/2 status=200 1.127s url=https://www.myfonts.com/collections/shree-tamil-1340-font-modularinfotech/
[2026-06-19T11:09:29Z] #750 attempt=1/2 status=200 0.165s url=https://www.myfonts.com/collections/shree-tamil-1340-font-modularinfotech/
[2026-06-19T11:09:31Z] #751 attempt=1/2 status=200 1.018s url=https://www.myfonts.com/products/italic-shree-tamil-2876-1170504
[2026-06-19T11:09:31Z] #752 attempt=1/2 status=503 0.053s url=https://www.myfonts.com/collections/shree-tamil-2876-font-modularinfotech/
[2026-06-19T11:09:31Z] retryable_503 attempt=1/2 waiting=2s
[2026-06-19T11:09:34Z] #753 attempt=2/2 status=200 0.423s url=https://www.myfonts.com/collections/shree-tamil-2876-font-modularinfotech/
[2026-06-19T11:09:34Z] #754 attempt=1/2 status=503 0.060s url=https://www.myfonts.com/collections/shree-tamil-2876-font-modularinfotech/
[2026-06-19T11:09:34Z] retryable_503 attempt=1/2 waiting=2s
[2026-06-19T11:09:36Z] #755 attempt=2/2 status=200 0.326s url=https://www.myfonts.com/collections/shree-tamil-2876-font-modularinfotech/
[2026-06-19T11:09:37Z] #756 attempt=1/2 status=200 0.497s url=https://www.myfonts.com/products/regular-shree-tamil-0849-1170652
[2026-06-19T11:09:38Z] #757 attempt=1/2 status=200 0.319s url=https://www.myfonts.com/collections/shree-tamil-0849-font-modularinfotech/
[2026-06-19T11:09:38Z] #758 attempt=1/2 status=503 0.070s url=https://www.myfonts.com/collections/shree-tamil-0849-font-modularinfotech/
[2026-06-19T11:09:38Z] retryable_503 attempt=1/2 waiting=2s
[2026-06-19T11:09:41Z] #759 attempt=2/2 status=200 0.227s url=https://www.myfonts.com/collections/shree-tamil-0849-font-modularinfotech/
[2026-06-19T11:09:41Z] #760 attempt=1/2 status=200 0.429s url=https://www.myfonts.com/products/italic-shree-tamil-2852-1170398
[2026-06-19T11:09:42Z] #761 attempt=1/2 status=200 0.466s url=https://www.myfonts.com/collections/shree-tamil-2852-font-modularinfotech/
[2026-06-19T11:09:43Z] #762 attempt=1/2 status=200 0.449s url=https://www.myfonts.com/collections/shree-tamil-2852-font-modularinfotech/
[2026-06-19T11:09:43Z] #763 attempt=1/2 status=503 0.058s url=https://www.myfonts.com/products/regular-shree-tamil-3971-1170497
[2026-06-19T11:09:43Z] retryable_503 attempt=1/2 waiting=2s
[2026-06-19T11:09:46Z] #764 attempt=2/2 status=200 0.696s url=https://www.myfonts.com/products/regular-shree-tamil-3971-1170497
[2026-06-19T11:09:46Z] #765 attempt=1/2 status=200 0.340s url=https://www.myfonts.com/collections/shree-tamil-3971-font-modularinfotech/
[2026-06-19T11:09:48Z] #766 attempt=1/2 status=200 0.946s url=https://www.myfonts.com/collections/shree-tamil-3971-font-modularinfotech/
[2026-06-19T11:09:48Z] #767 attempt=1/2 status=200 0.357s url=https://www.myfonts.com/products/italic-shree-malayalam-3254-1171210
[2026-06-19T11:09:50Z] #768 attempt=1/2 status=200 1.089s url=https://www.myfonts.com/collections/shree-malayalam-3254-font-modularinfotech/
[2026-06-19T11:09:51Z] #769 attempt=1/2 status=200 0.784s url=https://www.myfonts.com/collections/shree-malayalam-3254-font-modularinfotech/
[2026-06-19T11:09:52Z] #770 attempt=1/2 status=200 0.989s url=https://www.myfonts.com/products/regular-shree-tamil-3823-1170617
[2026-06-19T11:09:52Z] #771 attempt=1/2 status=503 0.057s url=https://www.myfonts.com/collections/shree-tamil-3823-font-modularinfotech/
[2026-06-19T11:09:52Z] retryable_503 attempt=1/2 waiting=2s
[2026-06-19T11:09:55Z] #772 attempt=2/2 status=200 0.412s url=https://www.myfonts.com/collections/shree-tamil-3823-font-modularinfotech/
[2026-06-19T11:09:55Z] #773 attempt=1/2 status=200 0.165s url=https://www.myfonts.com/collections/shree-tamil-3823-font-modularinfotech/
[2026-06-19T11:09:56Z] #774 attempt=1/2 status=503 0.055s url=https://www.myfonts.com/products/regular-fancro-mono-1171545
[2026-06-19T11:09:56Z] retryable_503 attempt=1/2 waiting=2s
[2026-06-19T11:09:58Z] #775 attempt=2/2 status=200 0.517s url=https://www.myfonts.com/products/regular-fancro-mono-1171545
[2026-06-19T11:09:59Z] #776 attempt=1/2 status=200 0.342s url=https://www.myfonts.com/collections/fancro-mono-font-mooneseye-studio/
[2026-06-19T11:10:00Z] #777 attempt=1/2 status=200 0.666s url=https://www.myfonts.com/products/italic-shree-telugu-1665-1170584
[2026-06-19T11:10:01Z] #778 attempt=1/2 status=200 0.892s url=https://www.myfonts.com/collections/shree-telugu-1665-font-modularinfotech/
[2026-06-19T11:10:01Z] #779 attempt=1/2 status=503 0.073s url=https://www.myfonts.com/collections/shree-telugu-1665-font-modularinfotech/
[2026-06-19T11:10:01Z] retryable_503 attempt=1/2 waiting=2s
[2026-06-19T11:10:04Z] #780 attempt=2/2 status=200 0.391s url=https://www.myfonts.com/collections/shree-telugu-1665-font-modularinfotech/
[2026-06-19T11:10:05Z] #781 attempt=1/2 status=200 0.512s url=https://www.myfonts.com/products/italic-shree-tamil-1360-1170373
[2026-06-19T11:10:05Z] #782 attempt=1/2 status=503 0.065s url=https://www.myfonts.com/collections/shree-tamil-1360-font-modularinfotech/
[2026-06-19T11:10:05Z] retryable_503 attempt=1/2 waiting=2s
[2026-06-19T11:10:08Z] #783 attempt=2/2 status=503 0.067s url=https://www.myfonts.com/collections/shree-tamil-1360-font-modularinfotech/
[2026-06-19T11:10:08Z] retryable_503 attempt=2/2 waiting=2s
[2026-06-19T11:10:10Z] max_retries_exhausted url=https://www.myfonts.com/collections/shree-tamil-1360-font-modularinfotech/
[2026-06-19T11:10:10Z] #784 attempt=1/2 status=404 0.323s url=https://www.myfonts.com/collections/italic-shree-tamil-1360-1170373-font-modular-infotech
[2026-06-19T11:10:12Z] #785 attempt=1/6 status=200 1.604s url=https://www.myfonts.com/products.json?limit=100&page=6
[2026-06-19T11:10:13Z] #786 attempt=1/2 status=200 0.414s url=https://www.myfonts.com/products/italic-shree-tamil-0806-1170570
[2026-06-19T11:10:13Z] #787 attempt=1/2 status=503 0.081s url=https://www.myfonts.com/collections/shree-tamil-0806-font-modularinfotech/
[2026-06-19T11:10:13Z] retryable_503 attempt=1/2 waiting=2s
[2026-06-19T11:10:16Z] #788 attempt=2/2 status=200 0.389s url=https://www.myfonts.com/collections/shree-tamil-0806-font-modularinfotech/
[2026-06-19T11:10:16Z] #789 attempt=1/2 status=503 0.055s url=https://www.myfonts.com/collections/shree-tamil-0806-font-modularinfotech/
[2026-06-19T11:10:16Z] retryable_503 attempt=1/2 waiting=2s
[2026-06-19T11:10:19Z] #790 attempt=2/2 status=200 0.645s url=https://www.myfonts.com/collections/shree-tamil-0806-font-modularinfotech/
[2026-06-19T11:10:20Z] #791 attempt=1/2 status=200 0.689s url=https://www.myfonts.com/products/italic-shree-tamil-2858-1170567
[2026-06-19T11:10:20Z] #792 attempt=1/2 status=200 0.250s url=https://www.myfonts.com/collections/shree-tamil-2858-font-modularinfotech/
[2026-06-19T11:10:21Z] #793 attempt=1/2 status=200 0.171s url=https://www.myfonts.com/collections/shree-tamil-2858-font-modularinfotech/
[2026-06-19T11:10:22Z] #794 attempt=1/2 status=200 0.581s url=https://www.myfonts.com/products/bold-italic-shree-tamil-5455-1170364
[2026-06-19T11:10:22Z] #795 attempt=1/2 status=200 0.713s url=https://www.myfonts.com/collections/shree-tamil-5455-font-modularinfotech/
[2026-06-19T11:10:23Z] #796 attempt=1/2 status=503 0.131s url=https://www.myfonts.com/products/regular-verlane-1171354
[2026-06-19T11:10:23Z] retryable_503 attempt=1/2 waiting=2s
[2026-06-19T11:10:26Z] #797 attempt=2/2 status=200 0.319s url=https://www.myfonts.com/products/regular-verlane-1171354
[2026-06-19T11:10:26Z] #798 attempt=1/2 status=503 0.064s url=https://www.myfonts.com/collections/verlane-font-flawlessandco/
[2026-06-19T11:10:26Z] retryable_503 attempt=1/2 waiting=2s
[2026-06-19T11:10:28Z] #799 attempt=2/2 status=200 0.250s url=https://www.myfonts.com/collections/verlane-font-flawlessandco/
[2026-06-19T11:10:29Z] #800 attempt=1/2 status=200 0.275s url=https://www.myfonts.com/products/bold-shree-tam3995-1170520
[2026-06-19T11:10:30Z] #801 attempt=1/2 status=200 0.899s url=https://www.myfonts.com/collections/shree-tam3995-font-modularinfotech/
[2026-06-19T11:10:31Z] #802 attempt=1/2 status=200 0.354s url=https://www.myfonts.com/products/italic-shree-telugu-2964-1170404
[2026-06-19T11:10:31Z] #803 attempt=1/2 status=503 0.057s url=https://www.myfonts.com/collections/shree-telugu-2964-font-modularinfotech/
[2026-06-19T11:10:31Z] retryable_503 attempt=1/2 waiting=2s
[2026-06-19T11:10:34Z] #804 attempt=2/2 status=200 0.311s url=https://www.myfonts.com/collections/shree-telugu-2964-font-modularinfotech/
[2026-06-19T11:10:34Z] #805 attempt=1/2 status=503 0.061s url=https://www.myfonts.com/collections/shree-telugu-2964-font-modularinfotech/
[2026-06-19T11:10:34Z] retryable_503 attempt=1/2 waiting=2s
[2026-06-19T11:10:36Z] #806 attempt=2/2 status=200 0.325s url=https://www.myfonts.com/collections/shree-telugu-2964-font-modularinfotech/
[2026-06-19T11:10:37Z] #807 attempt=1/2 status=200 0.482s url=https://www.myfonts.com/products/regular-shree-oriya-3052-1171110
[2026-06-19T11:10:38Z] #808 attempt=1/2 status=200 0.461s url=https://www.myfonts.com/collections/shree-oriya-3052-font-modularinfotech/
[2026-06-19T11:10:39Z] #809 attempt=1/2 status=200 0.847s url=https://www.myfonts.com/collections/shree-oriya-3052-font-modularinfotech/
[2026-06-19T11:10:40Z] #810 attempt=1/2 status=200 0.521s url=https://www.myfonts.com/products/italic-shree-tamil-1382-1170516
[2026-06-19T11:10:41Z] #811 attempt=1/2 status=200 0.699s url=https://www.myfonts.com/collections/shree-tamil-1382-font-modularinfotech/
[2026-06-19T11:10:42Z] #812 attempt=1/2 status=200 0.900s url=https://www.myfonts.com/collections/shree-tamil-1382-font-modularinfotech/
[2026-06-19T11:10:43Z] #813 attempt=1/2 status=200 0.890s url=https://www.myfonts.com/products/italic-shree-tam5430-1170339
[2026-06-19T11:10:44Z] #814 attempt=1/2 status=200 0.393s url=https://www.myfonts.com/collections/shree-tam5430-font-modularinfotech/
[2026-06-19T11:10:44Z] #815 attempt=1/2 status=503 0.057s url=https://www.myfonts.com/products/italic-mafuinka-1172075
[2026-06-19T11:10:44Z] retryable_503 attempt=1/2 waiting=2s
[2026-06-19T11:10:46Z] #816 attempt=2/2 status=503 0.055s url=https://www.myfonts.com/products/italic-mafuinka-1172075
[2026-06-19T11:10:46Z] retryable_503 attempt=2/2 waiting=2s
[2026-06-19T11:10:48Z] max_retries_exhausted url=https://www.myfonts.com/products/italic-mafuinka-1172075
[2026-06-19T11:10:49Z] #817 attempt=1/2 status=503 0.072s url=https://www.myfonts.com/collections/italic-mafuinka-1172075-font-tini-fitriani
[2026-06-19T11:10:49Z] retryable_503 attempt=1/2 waiting=2s
[2026-06-19T11:10:51Z] #818 attempt=2/2 status=404 0.423s url=https://www.myfonts.com/collections/italic-mafuinka-1172075-font-tini-fitriani
[2026-06-19T11:10:52Z] #819 attempt=1/2 status=200 0.552s url=https://www.myfonts.com/products/regular-shree-oriya-3060-1171076
[2026-06-19T11:10:53Z] #820 attempt=1/2 status=200 0.451s url=https://www.myfonts.com/collections/shree-oriya-3060-font-modularinfotech/
[2026-06-19T11:10:53Z] #821 attempt=1/2 status=503 0.060s url=https://www.myfonts.com/collections/shree-oriya-3060-font-modularinfotech/
[2026-06-19T11:10:53Z] retryable_503 attempt=1/2 waiting=2s
[2026-06-19T11:10:56Z] #822 attempt=2/2 status=200 0.593s url=https://www.myfonts.com/collections/shree-oriya-3060-font-modularinfotech/
[2026-06-19T11:10:57Z] #823 attempt=1/2 status=200 0.525s url=https://www.myfonts.com/products/regular-elsyklos-1171274
[2026-06-19T11:10:58Z] #824 attempt=1/2 status=200 1.182s url=https://www.myfonts.com/collections/elsyklos-font-yeen-studio/
[2026-06-19T11:10:59Z] #825 attempt=1/2 status=200 0.634s url=https://www.myfonts.com/products/regular-shree-tamil-0826-1170347
[2026-06-19T11:10:59Z] #826 attempt=1/2 status=503 0.060s url=https://www.myfonts.com/collections/shree-tamil-0826-font-modularinfotech/
[2026-06-19T11:10:59Z] retryable_503 attempt=1/2 waiting=2s
[2026-06-19T11:11:01Z] #827 attempt=2/2 status=503 0.065s url=https://www.myfonts.com/collections/shree-tamil-0826-font-modularinfotech/
[2026-06-19T11:11:01Z] retryable_503 attempt=2/2 waiting=2s
[2026-06-19T11:11:03Z] max_retries_exhausted url=https://www.myfonts.com/collections/shree-tamil-0826-font-modularinfotech/
[2026-06-19T11:11:04Z] #828 attempt=1/2 status=503 0.057s url=https://www.myfonts.com/collections/regular-shree-tamil-0826-1170347-font-modular-infotech
[2026-06-19T11:11:04Z] retryable_503 attempt=1/2 waiting=2s
[2026-06-19T11:11:06Z] #829 attempt=2/2 status=404 0.245s url=https://www.myfonts.com/collections/regular-shree-tamil-0826-1170347-font-modular-infotech
[2026-06-19T11:11:06Z] #830 attempt=1/2 status=503 0.055s url=https://www.myfonts.com/products/regular-shree-telugu-1647-1170809
[2026-06-19T11:11:06Z] retryable_503 attempt=1/2 waiting=2s
[2026-06-19T11:11:10Z] #831 attempt=2/2 status=200 0.920s url=https://www.myfonts.com/products/regular-shree-telugu-1647-1170809
[2026-06-19T11:11:10Z] #832 attempt=1/2 status=503 0.060s url=https://www.myfonts.com/collections/shree-telugu-1647-font-modularinfotech/
[2026-06-19T11:11:10Z] retryable_503 attempt=1/2 waiting=2s
[2026-06-19T11:11:14Z] #833 attempt=2/2 status=200 1.994s url=https://www.myfonts.com/collections/shree-telugu-1647-font-modularinfotech/
[2026-06-19T11:11:15Z] #834 attempt=1/2 status=200 0.791s url=https://www.myfonts.com/collections/shree-telugu-1647-font-modularinfotech/
[2026-06-19T11:11:16Z] #835 attempt=1/2 status=200 0.684s url=https://www.myfonts.com/products/italic-shree-malayalam-3247-1171053
[2026-06-19T11:11:17Z] #836 attempt=1/2 status=200 0.878s url=https://www.myfonts.com/collections/shree-malayalam-3247-font-modularinfotech/
[2026-06-19T11:11:18Z] #837 attempt=1/2 status=200 0.355s url=https://www.myfonts.com/collections/shree-malayalam-3247-font-modularinfotech/
[2026-06-19T11:11:19Z] #838 attempt=1/2 status=200 0.370s url=https://www.myfonts.com/products/regular-black-rusher-1170203
[2026-06-19T11:11:19Z] #839 attempt=1/2 status=200 0.353s url=https://www.myfonts.com/collections/black-rusher-font-alpaprana/
[2026-06-19T11:11:20Z] #840 attempt=1/2 status=503 0.059s url=https://www.myfonts.com/products/italic-shree-malayalam-3241-1170983
[2026-06-19T11:11:20Z] retryable_503 attempt=1/2 waiting=2s
[2026-06-19T11:11:22Z] #841 attempt=2/2 status=503 0.059s url=https://www.myfonts.com/products/italic-shree-malayalam-3241-1170983
[2026-06-19T11:11:22Z] retryable_503 attempt=2/2 waiting=2s
[2026-06-19T11:11:24Z] max_retries_exhausted url=https://www.myfonts.com/products/italic-shree-malayalam-3241-1170983
[2026-06-19T11:11:24Z] #842 attempt=1/2 status=404 0.414s url=https://www.myfonts.com/collections/italic-shree-malayalam-3241-1170983-font-modular-infotech
[2026-06-19T11:11:25Z] #843 attempt=1/2 status=200 0.543s url=https://www.myfonts.com/products/regular-tbastm-1170146
[2026-06-19T11:11:26Z] #844 attempt=1/2 status=200 0.677s url=https://www.myfonts.com/collections/tbastm-font-hasnat-studio/
[2026-06-19T11:11:27Z] #845 attempt=1/2 status=200 0.702s url=https://www.myfonts.com/products/regular-shree-malayalam-3207-1170976
[2026-06-19T11:11:28Z] #846 attempt=1/2 status=200 0.270s url=https://www.myfonts.com/collections/shree-malayalam-3207-font-modularinfotech/
[2026-06-19T11:11:28Z] #847 attempt=1/2 status=200 0.296s url=https://www.myfonts.com/collections/shree-malayalam-3207-font-modularinfotech/
[2026-06-19T11:11:30Z] #848 attempt=1/2 status=200 1.057s url=https://www.myfonts.com/products/regular-shree-telugu-2960-1170435
[2026-06-19T11:11:31Z] #849 attempt=1/2 status=200 0.832s url=https://www.myfonts.com/collections/shree-telugu-2960-font-modularinfotech/
[2026-06-19T11:11:31Z] #850 attempt=1/2 status=503 0.065s url=https://www.myfonts.com/collections/shree-telugu-2960-font-modularinfotech/
[2026-06-19T11:11:31Z] retryable_503 attempt=1/2 waiting=2s
[2026-06-19T11:11:33Z] #851 attempt=2/2 status=503 0.062s url=https://www.myfonts.com/collections/shree-telugu-2960-font-modularinfotech/
[2026-06-19T11:11:33Z] retryable_503 attempt=2/2 waiting=2s
[2026-06-19T11:11:35Z] max_retries_exhausted url=https://www.myfonts.com/collections/shree-telugu-2960-font-modularinfotech/
[2026-06-19T11:11:36Z] #852 attempt=1/2 status=503 0.052s url=https://www.myfonts.com/products/italic-shree-tamil-3858-1170779
[2026-06-19T11:11:36Z] retryable_503 attempt=1/2 waiting=2s
[2026-06-19T11:11:38Z] #853 attempt=2/2 status=200 0.275s url=https://www.myfonts.com/products/italic-shree-tamil-3858-1170779
[2026-06-19T11:11:39Z] #854 attempt=1/2 status=200 0.298s url=https://www.myfonts.com/collections/shree-tamil-3858-font-modularinfotech/
[2026-06-19T11:11:40Z] #855 attempt=1/2 status=200 0.774s url=https://www.myfonts.com/collections/shree-tamil-3858-font-modularinfotech/
[2026-06-19T11:11:41Z] #856 attempt=1/2 status=200 0.492s url=https://www.myfonts.com/products/regular-shree-oriya-3035-1170883
[2026-06-19T11:11:42Z] #857 attempt=1/2 status=200 0.741s url=https://www.myfonts.com/collections/shree-oriya-3035-font-modularinfotech/
[2026-06-19T11:11:42Z] #858 attempt=1/2 status=200 0.487s url=https://www.myfonts.com/collections/shree-oriya-3035-font-modularinfotech/
[2026-06-19T11:11:44Z] #859 attempt=1/6 status=200 1.079s url=https://www.myfonts.com/products.json?limit=100&page=7
[2026-06-19T11:11:45Z] #860 attempt=1/2 status=200 0.945s url=https://www.myfonts.com/products/italic-shree-tamil-3852-1170850
[2026-06-19T11:11:46Z] #861 attempt=1/2 status=503 0.059s url=https://www.myfonts.com/collections/shree-tamil-3852-font-modularinfotech/
[2026-06-19T11:11:46Z] retryable_503 attempt=1/2 waiting=2s
[2026-06-19T11:11:48Z] #862 attempt=2/2 status=200 0.456s url=https://www.myfonts.com/collections/shree-tamil-3852-font-modularinfotech/
[2026-06-19T11:11:49Z] #863 attempt=1/2 status=200 0.298s url=https://www.myfonts.com/collections/shree-tamil-3852-font-modularinfotech/
[2026-06-19T11:11:50Z] #864 attempt=1/2 status=200 0.370s url=https://www.myfonts.com/products/italic-shree-tamil-1300-1170367
[2026-06-19T11:11:50Z] #865 attempt=1/2 status=200 0.461s url=https://www.myfonts.com/collections/shree-tamil-1300-font-modularinfotech/
[2026-06-19T11:11:51Z] #866 attempt=1/2 status=200 0.319s url=https://www.myfonts.com/collections/shree-tamil-1300-font-modularinfotech/
[2026-06-19T11:11:51Z] #867 attempt=1/2 status=200 0.339s url=https://www.myfonts.com/products/regular-shree-tam5459-1170823
[2026-06-19T11:11:52Z] #868 attempt=1/2 status=200 0.678s url=https://www.myfonts.com/collections/shree-tam5459-font-modularinfotech/
[2026-06-19T11:11:53Z] #869 attempt=1/2 status=200 0.471s url=https://www.myfonts.com/products/regular-tastepa-1170144
[2026-06-19T11:11:53Z] #870 attempt=1/2 status=503 0.066s url=https://www.myfonts.com/collections/tastepa-font-hasnat-studio/
[2026-06-19T11:11:53Z] retryable_503 attempt=1/2 waiting=2s
[2026-06-19T11:11:56Z] #871 attempt=2/2 status=200 0.300s url=https://www.myfonts.com/collections/tastepa-font-hasnat-studio/
[2026-06-19T11:11:57Z] #872 attempt=1/2 status=200 0.296s url=https://www.myfonts.com/products/regular-washi-brush-1171260
[2026-06-19T11:11:57Z] #873 attempt=1/2 status=200 0.430s url=https://www.myfonts.com/collections/washi-brush-font-letterytz/
[2026-06-19T11:11:58Z] #874 attempt=1/2 status=200 0.329s url=https://www.myfonts.com/products/regular-jellymo-1171251
[2026-06-19T11:11:59Z] #875 attempt=1/2 status=200 0.452s url=https://www.myfonts.com/collections/jellymo-font-yeen-studio/
[2026-06-19T11:11:59Z] #876 attempt=1/2 status=200 0.286s url=https://www.myfonts.com/products/regular-shree-tamil-3860-1170757
[2026-06-19T11:12:00Z] #877 attempt=1/2 status=200 0.542s url=https://www.myfonts.com/collections/shree-tamil-3860-font-modularinfotech/
[2026-06-19T11:12:01Z] #878 attempt=1/2 status=200 0.293s url=https://www.myfonts.com/collections/shree-tamil-3860-font-modularinfotech/
[2026-06-19T11:12:01Z] #879 attempt=1/2 status=200 0.523s url=https://www.myfonts.com/products/regular-shree-tamil-3981-1170711
[2026-06-19T11:12:02Z] #880 attempt=1/2 status=200 0.606s url=https://www.myfonts.com/collections/shree-tamil-3981-font-modularinfotech/
[2026-06-19T11:12:03Z] #881 attempt=1/2 status=200 0.240s url=https://www.myfonts.com/collections/shree-tamil-3981-font-modularinfotech/
[2026-06-19T11:12:03Z] #882 attempt=1/2 status=200 0.276s url=https://www.myfonts.com/products/bold-italic-shree-tamil-1373-1170353
[2026-06-19T11:12:04Z] #883 attempt=1/2 status=200 0.497s url=https://www.myfonts.com/collections/shree-tamil-1373-font-modularinfotech/
[2026-06-19T11:12:05Z] #884 attempt=1/2 status=200 0.424s url=https://www.myfonts.com/collections/shree-tamil-1373-font-modularinfotech/
[2026-06-19T11:12:05Z] #885 attempt=1/2 status=200 0.408s url=https://www.myfonts.com/products/regular-shree-tamil-3811-1170723
[2026-06-19T11:12:06Z] #886 attempt=1/2 status=200 0.415s url=https://www.myfonts.com/collections/shree-tamil-3811-font-modularinfotech/
[2026-06-19T11:12:07Z] #887 attempt=1/2 status=200 0.150s url=https://www.myfonts.com/collections/shree-tamil-3811-font-modularinfotech/
[2026-06-19T11:12:07Z] #888 attempt=1/2 status=503 0.059s url=https://www.myfonts.com/products/italic-agony-aunt-1172101
[2026-06-19T11:12:07Z] retryable_503 attempt=1/2 waiting=2s
[2026-06-19T11:12:10Z] #889 attempt=2/2 status=200 0.427s url=https://www.myfonts.com/products/italic-agony-aunt-1172101
[2026-06-19T11:12:11Z] #890 attempt=1/2 status=200 0.792s url=https://www.myfonts.com/collections/agony-aunt-font-hanoded/
[2026-06-19T11:12:11Z] #891 attempt=1/2 status=200 0.325s url=https://www.myfonts.com/products/regular-shree-tamil-3896-1170714
[2026-06-19T11:12:12Z] #892 attempt=1/2 status=200 0.503s url=https://www.myfonts.com/collections/shree-tamil-3896-font-modularinfotech/
[2026-06-19T11:12:12Z] #893 attempt=1/2 status=200 0.140s url=https://www.myfonts.com/collections/shree-tamil-3896-font-modularinfotech/
[2026-06-19T11:12:13Z] #894 attempt=1/2 status=200 0.557s url=https://www.myfonts.com/products/italic-shree-telugu-2957-1170694
[2026-06-19T11:12:14Z] #895 attempt=1/2 status=200 0.492s url=https://www.myfonts.com/collections/shree-telugu-2957-font-modularinfotech/
[2026-06-19T11:12:15Z] #896 attempt=1/2 status=200 0.170s url=https://www.myfonts.com/collections/shree-telugu-2957-font-modularinfotech/
[2026-06-19T11:12:15Z] #897 attempt=1/2 status=200 0.369s url=https://www.myfonts.com/products/bold-italic-shree-tamil-2810-1170623
[2026-06-19T11:12:16Z] #898 attempt=1/2 status=200 0.331s url=https://www.myfonts.com/collections/shree-tamil-2810-font-modularinfotech/
[2026-06-19T11:12:16Z] #899 attempt=1/2 status=200 0.184s url=https://www.myfonts.com/collections/shree-tamil-2810-font-modularinfotech/
[2026-06-19T11:12:17Z] #900 attempt=1/2 status=200 0.614s url=https://www.myfonts.com/products/regular-laminating-1172051
[2026-06-19T11:12:18Z] #901 attempt=1/2 status=200 0.829s url=https://www.myfonts.com/collections/laminating-font-shape-studio/
[2026-06-19T11:12:19Z] #902 attempt=1/2 status=200 0.570s url=https://www.myfonts.com/products/regular-sokochi-1172089
[2026-06-19T11:12:20Z] #903 attempt=1/2 status=200 0.354s url=https://www.myfonts.com/collections/sokochi-font-pekotype/
[2026-06-19T11:12:21Z] #904 attempt=1/2 status=200 0.717s url=https://www.myfonts.com/products/regular-sotena-1170159
[2026-06-19T11:12:21Z] #905 attempt=1/2 status=429 0.027s url=https://www.myfonts.com/collections/sotena-font-ismanayuda/
[2026-06-19T11:12:24Z] #906 attempt=2/2 status=200 0.422s url=https://www.myfonts.com/collections/sotena-font-ismanayuda/
[2026-06-19T11:12:25Z] #907 attempt=1/2 status=200 0.599s url=https://www.myfonts.com/products/regular-koniker-1172076
[2026-06-19T11:12:25Z] #908 attempt=1/2 status=200 0.420s url=https://www.myfonts.com/collections/koniker-font-jetsmax-studio/
[2026-06-19T11:12:26Z] #909 attempt=1/2 status=200 0.534s url=https://www.myfonts.com/products/regular-shree-telugu-2969-1170580
[2026-06-19T11:12:27Z] #910 attempt=1/2 status=200 0.272s url=https://www.myfonts.com/collections/shree-telugu-2969-font-modularinfotech/
[2026-06-19T11:12:27Z] #911 attempt=1/2 status=429 0.049s url=https://www.myfonts.com/collections/shree-telugu-2969-font-modularinfotech/
[2026-06-19T11:12:30Z] #912 attempt=2/2 status=200 0.583s url=https://www.myfonts.com/collections/shree-telugu-2969-font-modularinfotech/
[2026-06-19T11:12:31Z] #913 attempt=1/2 status=200 0.356s url=https://www.myfonts.com/products/regular-gameth-1171555
[2026-06-19T11:12:31Z] #914 attempt=1/2 status=200 0.487s url=https://www.myfonts.com/collections/gameth-font-canden-meutuah/
[2026-06-19T11:12:34Z] #915 attempt=1/6 status=200 0.944s url=https://www.myfonts.com/products.json?limit=100&page=8
[2026-06-19T11:12:34Z] #916 attempt=1/2 status=200 0.347s url=https://www.myfonts.com/products/regular-brilliant-performer-1171278
[2026-06-19T11:12:35Z] #917 attempt=1/2 status=200 0.230s url=https://www.myfonts.com/collections/brilliant-performer-font-seemly-fonts/
[2026-06-19T11:12:35Z] #918 attempt=1/2 status=200 0.358s url=https://www.myfonts.com/products/normal-ft-pixelica-1171614
[2026-06-19T11:12:36Z] #919 attempt=1/2 status=200 0.300s url=https://www.myfonts.com/collections/ft-pixelica-font-foxys-forest-foundry/
[2026-06-19T11:12:36Z] #920 attempt=1/2 status=429 0.028s url=https://www.myfonts.com/products/regular-frustiani-1171350
[2026-06-19T11:12:39Z] #921 attempt=2/2 status=200 0.378s url=https://www.myfonts.com/products/regular-frustiani-1171350
[2026-06-19T11:12:39Z] #922 attempt=1/2 status=200 0.273s url=https://www.myfonts.com/collections/frustiani-font-gatype/
[2026-06-19T11:12:40Z] #923 attempt=1/2 status=200 0.315s url=https://www.myfonts.com/products/regular-shree-tamil-2892-1170457
[2026-06-19T11:12:41Z] #924 attempt=1/2 status=200 0.418s url=https://www.myfonts.com/collections/shree-tamil-2892-font-modularinfotech/
[2026-06-19T11:12:41Z] #925 attempt=1/2 status=429 0.041s url=https://www.myfonts.com/collections/shree-tamil-2892-font-modularinfotech/
[2026-06-19T11:12:44Z] #926 attempt=2/2 status=200 0.804s url=https://www.myfonts.com/collections/shree-tamil-2892-font-modularinfotech/
[2026-06-19T11:12:45Z] #927 attempt=1/2 status=200 0.313s url=https://www.myfonts.com/products/regular-elyane-1171605
[2026-06-19T11:12:46Z] #928 attempt=1/2 status=200 0.962s url=https://www.myfonts.com/collections/elyane-font-ceeskiiw/
[2026-06-19T11:12:47Z] #929 attempt=1/2 status=200 0.439s url=https://www.myfonts.com/products/regular-shree-tamil-2874-1170421
[2026-06-19T11:12:47Z] #930 attempt=1/2 status=200 0.244s url=https://www.myfonts.com/collections/shree-tamil-2874-font-modularinfotech/
[2026-06-19T11:12:47Z] #931 attempt=1/2 status=429 0.057s url=https://www.myfonts.com/collections/shree-tamil-2874-font-modularinfotech/
[2026-06-19T11:12:50Z] #932 attempt=2/2 status=200 0.209s url=https://www.myfonts.com/collections/shree-tamil-2874-font-modularinfotech/
[2026-06-19T11:12:51Z] #933 attempt=1/2 status=200 0.870s url=https://www.myfonts.com/products/regular-summer-market-1171547
[2026-06-19T11:12:51Z] #934 attempt=1/2 status=200 0.246s url=https://www.myfonts.com/collections/summer-market-font-sloulyfe-studio/
[2026-06-19T11:12:52Z] #935 attempt=1/2 status=503 0.056s url=https://www.myfonts.com/products/regular-hiragenda-1171279
[2026-06-19T11:12:52Z] retryable_503 attempt=1/2 waiting=2s
[2026-06-19T11:12:54Z] #936 attempt=2/2 status=503 0.201s url=https://www.myfonts.com/products/regular-hiragenda-1171279
[2026-06-19T11:12:54Z] retryable_503 attempt=2/2 waiting=2s
[2026-06-19T11:12:56Z] max_retries_exhausted url=https://www.myfonts.com/products/regular-hiragenda-1171279
[2026-06-19T11:12:57Z] #937 attempt=1/2 status=404 0.594s url=https://www.myfonts.com/collections/regular-hiragenda-1171279-font-basnistudio
[2026-06-19T11:12:58Z] #938 attempt=1/2 status=200 0.312s url=https://www.myfonts.com/products/regular-pamfid-1172063
[2026-06-19T11:12:58Z] #939 attempt=1/2 status=200 0.349s url=https://www.myfonts.com/collections/pamfid-font-hasnat-studio/
[2026-06-19T11:12:59Z] #940 attempt=1/2 status=503 0.062s url=https://www.myfonts.com/products/italic-shree-telugu-1608-1170380
[2026-06-19T11:12:59Z] retryable_503 attempt=1/2 waiting=2s
[2026-06-19T11:13:01Z] #941 attempt=2/2 status=200 0.346s url=https://www.myfonts.com/products/italic-shree-telugu-1608-1170380
[2026-06-19T11:13:02Z] #942 attempt=1/2 status=200 0.530s url=https://www.myfonts.com/collections/shree-telugu-1608-font-modularinfotech/
[2026-06-19T11:13:02Z] #943 attempt=1/2 status=200 0.191s url=https://www.myfonts.com/collections/shree-telugu-1608-font-modularinfotech/
[2026-06-19T11:13:03Z] #944 attempt=1/2 status=200 0.415s url=https://www.myfonts.com/products/regular-shree-tamil-2853-1170409
[2026-06-19T11:13:04Z] #945 attempt=1/2 status=200 0.510s url=https://www.myfonts.com/collections/shree-tamil-2853-font-modularinfotech/
[2026-06-19T11:13:06Z] #946 attempt=1/2 status=200 1.209s url=https://www.myfonts.com/collections/shree-tamil-2853-font-modularinfotech/
[2026-06-19T11:13:06Z] #947 attempt=1/2 status=503 0.058s url=https://www.myfonts.com/products/regular-shree-tamil-2893-1170323
[2026-06-19T11:13:06Z] retryable_503 attempt=1/2 waiting=2s
[2026-06-19T11:13:08Z] #948 attempt=2/2 status=200 0.289s url=https://www.myfonts.com/products/regular-shree-tamil-2893-1170323
[2026-06-19T11:13:09Z] #949 attempt=1/2 status=200 0.504s url=https://www.myfonts.com/collections/shree-tamil-2893-font-modularinfotech/
[2026-06-19T11:13:09Z] #950 attempt=1/2 status=503 0.053s url=https://www.myfonts.com/collections/shree-tamil-2893-font-modularinfotech/
[2026-06-19T11:13:09Z] retryable_503 attempt=1/2 waiting=2s
[2026-06-19T11:13:12Z] #951 attempt=2/2 status=200 0.389s url=https://www.myfonts.com/collections/shree-tamil-2893-font-modularinfotech/
[2026-06-19T11:13:13Z] #952 attempt=1/2 status=200 0.453s url=https://www.myfonts.com/products/italic-shree-oriya-3057-1171183
[2026-06-19T11:13:13Z] #953 attempt=1/2 status=200 0.456s url=https://www.myfonts.com/collections/shree-oriya-3057-font-modularinfotech/
[2026-06-19T11:13:14Z] #954 attempt=1/2 status=200 0.583s url=https://www.myfonts.com/collections/shree-oriya-3057-font-modularinfotech/
[2026-06-19T11:13:15Z] #955 attempt=1/2 status=200 0.479s url=https://www.myfonts.com/products/oblique-harganoz-1172067
[2026-06-19T11:13:16Z] #956 attempt=1/2 status=200 0.294s url=https://www.myfonts.com/collections/harganoz-font-mei-suseno/
[2026-06-19T11:13:17Z] #957 attempt=1/2 status=200 0.522s url=https://www.myfonts.com/products/italic-shree-tamil-3972-1170321
[2026-06-19T11:13:17Z] #958 attempt=1/2 status=200 0.369s url=https://www.myfonts.com/collections/shree-tamil-3972-font-modularinfotech/
[2026-06-19T11:13:18Z] #959 attempt=1/2 status=200 0.674s url=https://www.myfonts.com/collections/shree-tamil-3972-font-modularinfotech/
[2026-06-19T11:13:19Z] #960 attempt=1/2 status=200 0.548s url=https://www.myfonts.com/products/italic-shree-tamil-2859-1170392
[2026-06-19T11:13:20Z] #961 attempt=1/2 status=200 0.531s url=https://www.myfonts.com/collections/shree-tamil-2859-font-modularinfotech/
[2026-06-19T11:13:21Z] #962 attempt=1/2 status=200 0.373s url=https://www.myfonts.com/collections/shree-tamil-2859-font-modularinfotech/
[2026-06-19T11:13:21Z] #963 attempt=1/2 status=200 0.252s url=https://www.myfonts.com/products/regular-shree-tamil-3856-1170314
[2026-06-19T11:13:21Z] #964 attempt=1/2 status=429 0.049s url=https://www.myfonts.com/collections/shree-tamil-3856-font-modularinfotech/
[2026-06-19T11:13:24Z] #965 attempt=2/2 status=200 0.435s url=https://www.myfonts.com/collections/shree-tamil-3856-font-modularinfotech/
[2026-06-19T11:13:25Z] #966 attempt=1/2 status=200 0.241s url=https://www.myfonts.com/collections/shree-tamil-3856-font-modularinfotech/
[2026-06-19T11:13:25Z] #967 attempt=1/2 status=200 0.562s url=https://www.myfonts.com/products/regular-vogures-fabric-1172096
[2026-06-19T11:13:26Z] #968 attempt=1/2 status=200 0.888s url=https://www.myfonts.com/collections/vogures-fabric-font-timelesstype-studio/
[2026-06-19T11:13:27Z] #969 attempt=1/2 status=200 0.361s url=https://www.myfonts.com/products/regular-wargrim-1170186
[2026-06-19T11:13:28Z] #970 attempt=1/2 status=200 0.377s url=https://www.myfonts.com/collections/wargrim-font-denustudio/
[2026-06-19T11:13:29Z] #971 attempt=1/2 status=200 0.360s url=https://www.myfonts.com/products/regular-ramlan-1172094
[2026-06-19T11:13:29Z] #972 attempt=1/2 status=429 0.044s url=https://www.myfonts.com/collections/ramlan-font-jaruka-creative/
[2026-06-19T11:13:31Z] #973 attempt=2/2 status=200 0.301s url=https://www.myfonts.com/collections/ramlan-font-jaruka-creative/
[2026-06-19T11:13:33Z] #974 attempt=1/2 status=200 0.514s url=https://www.myfonts.com/products/script-slant-regular-florist-perfect-1170163
[2026-06-19T11:13:34Z] #975 attempt=1/2 status=200 0.912s url=https://www.myfonts.com/collections/florist-perfect-font-nh-typestudio/
[2026-06-19T11:13:34Z] #976 attempt=1/2 status=200 0.410s url=https://www.myfonts.com/products/italic-shree-malayalam-4401-1171097
[2026-06-19T11:13:35Z] #977 attempt=1/2 status=200 0.461s url=https://www.myfonts.com/collections/shree-malayalam-4401-font-modularinfotech/
[2026-06-19T11:13:35Z] #978 attempt=1/2 status=200 0.171s url=https://www.myfonts.com/collections/shree-malayalam-4401-font-modularinfotech/
[2026-06-19T11:13:37Z] #979 attempt=1/6 status=200 1.009s url=https://www.myfonts.com/products.json?limit=100&page=9
[2026-06-19T11:13:38Z] #980 attempt=1/2 status=200 0.480s url=https://www.myfonts.com/products/italic-shree-malayalam-3235-1171204
[2026-06-19T11:13:39Z] #981 attempt=1/2 status=200 0.352s url=https://www.myfonts.com/collections/shree-malayalam-3235-font-modularinfotech/
[2026-06-19T11:13:39Z] #982 attempt=1/2 status=200 0.555s url=https://www.myfonts.com/collections/shree-malayalam-3235-font-modularinfotech/
[2026-06-19T11:13:40Z] #983 attempt=1/2 status=200 0.529s url=https://www.myfonts.com/products/italic-shree-oriya-3061-1171170
[2026-06-19T11:13:41Z] #984 attempt=1/2 status=200 0.520s url=https://www.myfonts.com/collections/shree-oriya-3061-font-modularinfotech/
[2026-06-19T11:13:42Z] #985 attempt=1/2 status=200 0.613s url=https://www.myfonts.com/collections/shree-oriya-3061-font-modularinfotech/
[2026-06-19T11:13:43Z] #986 attempt=1/2 status=200 0.746s url=https://www.myfonts.com/products/regular-ghaist-mardliah-1171596
[2026-06-19T11:13:43Z] #987 attempt=1/2 status=503 0.065s url=https://www.myfonts.com/collections/ghaist-mardliah-font-fromletterel/
[2026-06-19T11:13:43Z] retryable_503 attempt=1/2 waiting=2s
[2026-06-19T11:13:46Z] #988 attempt=2/2 status=200 0.322s url=https://www.myfonts.com/collections/ghaist-mardliah-font-fromletterel/
[2026-06-19T11:13:46Z] #989 attempt=1/2 status=200 0.276s url=https://www.myfonts.com/products/bold-italic-shree-malayalam-1813-1171145
[2026-06-19T11:13:47Z] #990 attempt=1/2 status=503 0.084s url=https://www.myfonts.com/collections/shree-malayalam-1813-font-modularinfotech/
[2026-06-19T11:13:47Z] retryable_503 attempt=1/2 waiting=2s
[2026-06-19T11:13:49Z] #991 attempt=2/2 status=503 0.062s url=https://www.myfonts.com/collections/shree-malayalam-1813-font-modularinfotech/
[2026-06-19T11:13:49Z] retryable_503 attempt=2/2 waiting=2s
[2026-06-19T11:13:51Z] max_retries_exhausted url=https://www.myfonts.com/collections/shree-malayalam-1813-font-modularinfotech/
[2026-06-19T11:13:51Z] #992 attempt=1/2 status=503 0.078s url=https://www.myfonts.com/collections/bold-italic-shree-malayalam-1813-1171145-font-modular-infotech
[2026-06-19T11:13:51Z] retryable_503 attempt=1/2 waiting=2s
[2026-06-19T11:13:54Z] #993 attempt=2/2 status=404 0.598s url=https://www.myfonts.com/collections/bold-italic-shree-malayalam-1813-1171145-font-modular-infotech
[2026-06-19T11:13:55Z] #994 attempt=1/2 status=200 0.608s url=https://www.myfonts.com/products/regular-shree-tamil-1330-1170341
[2026-06-19T11:13:55Z] #995 attempt=1/2 status=200 0.255s url=https://www.myfonts.com/collections/shree-tamil-1330-font-modularinfotech/
[2026-06-19T11:13:56Z] #996 attempt=1/2 status=200 0.237s url=https://www.myfonts.com/collections/shree-tamil-1330-font-modularinfotech/
[2026-06-19T11:13:57Z] #997 attempt=1/2 status=200 0.254s url=https://www.myfonts.com/products/italic-royallique-1171254
[2026-06-19T11:13:57Z] #998 attempt=1/2 status=200 0.312s url=https://www.myfonts.com/collections/royallique-font-tini-fitriani/
[2026-06-19T11:13:58Z] #999 attempt=1/2 status=200 0.259s url=https://www.myfonts.com/products/italic-bravo-amori-1171266
[2026-06-19T11:13:59Z] #1000 attempt=1/2 status=200 0.501s url=https://www.myfonts.com/collections/bravo-amori-font-tini-fitriani/
[2026-06-19T11:14:00Z] #1001 attempt=1/2 status=200 1.212s url=https://www.myfonts.com/products/regular-shree-malayalam-4400-1171034
[2026-06-19T11:14:01Z] #1002 attempt=1/2 status=200 0.718s url=https://www.myfonts.com/collections/shree-malayalam-4400-font-modularinfotech/
[2026-06-19T11:14:02Z] #1003 attempt=1/2 status=200 0.230s url=https://www.myfonts.com/collections/shree-malayalam-4400-font-modularinfotech/
[2026-06-19T11:14:02Z] #1004 attempt=1/2 status=200 0.318s url=https://www.myfonts.com/products/italic-shree-malayalam-1824-1171140
[2026-06-19T11:14:03Z] #1005 attempt=1/2 status=200 0.605s url=https://www.myfonts.com/collections/shree-malayalam-1824-font-modularinfotech/
[2026-06-19T11:14:04Z] #1006 attempt=1/2 status=200 0.171s url=https://www.myfonts.com/collections/shree-malayalam-1824-font-modularinfotech/
[2026-06-19T11:14:04Z] #1007 attempt=1/2 status=200 0.442s url=https://www.myfonts.com/products/thin-sadina-rounded-small-caps-1171236
[2026-06-19T11:14:05Z] #1008 attempt=1/2 status=429 0.043s url=https://www.myfonts.com/collections/sadina-rounded-small-caps-font-numidiatype/
[2026-06-19T11:14:07Z] #1009 attempt=2/2 status=200 0.561s url=https://www.myfonts.com/collections/sadina-rounded-small-caps-font-numidiatype/
[2026-06-19T11:14:08Z] #1010 attempt=1/2 status=503 0.065s url=https://www.myfonts.com/products/italic-shree-malayalam-4405-1171047
[2026-06-19T11:14:08Z] retryable_503 attempt=1/2 waiting=2s
[2026-06-19T11:14:10Z] #1011 attempt=2/2 status=200 0.428s url=https://www.myfonts.com/products/italic-shree-malayalam-4405-1171047
[2026-06-19T11:14:11Z] #1012 attempt=1/2 status=200 0.430s url=https://www.myfonts.com/collections/shree-malayalam-4405-font-modularinfotech/
[2026-06-19T11:14:12Z] #1013 attempt=1/2 status=200 0.444s url=https://www.myfonts.com/collections/shree-malayalam-4405-font-modularinfotech/
[2026-06-19T11:14:12Z] #1014 attempt=1/2 status=200 0.417s url=https://www.myfonts.com/products/italic-shree-malayalam-3272-1171027
[2026-06-19T11:14:13Z] #1015 attempt=1/2 status=200 0.456s url=https://www.myfonts.com/collections/shree-malayalam-3272-font-modularinfotech/
[2026-06-19T11:14:13Z] #1016 attempt=1/2 status=200 0.151s url=https://www.myfonts.com/collections/shree-malayalam-3272-font-modularinfotech/
[2026-06-19T11:14:14Z] #1017 attempt=1/2 status=200 0.412s url=https://www.myfonts.com/products/regular-shree-oriya-3048-1171067
[2026-06-19T11:14:15Z] #1018 attempt=1/2 status=200 0.293s url=https://www.myfonts.com/collections/shree-oriya-3048-font-modularinfotech/
[2026-06-19T11:14:16Z] #1019 attempt=1/2 status=200 0.317s url=https://www.myfonts.com/collections/shree-oriya-3048-font-modularinfotech/
[2026-06-19T11:14:16Z] #1020 attempt=1/2 status=200 0.299s url=https://www.myfonts.com/products/regular-peakme-script-1171292
[2026-06-19T11:14:17Z] #1021 attempt=1/2 status=429 0.039s url=https://www.myfonts.com/collections/peakme-script-font-letterytz/
[2026-06-19T11:14:19Z] #1022 attempt=2/2 status=200 0.401s url=https://www.myfonts.com/collections/peakme-script-font-letterytz/
[2026-06-19T11:14:20Z] #1023 attempt=1/2 status=200 0.496s url=https://www.myfonts.com/products/italic-shree-oriya-3029-1170997
[2026-06-19T11:14:21Z] #1024 attempt=1/2 status=200 0.313s url=https://www.myfonts.com/collections/shree-oriya-3029-font-modularinfotech/
[2026-06-19T11:14:21Z] #1025 attempt=1/2 status=200 0.192s url=https://www.myfonts.com/collections/shree-oriya-3029-font-modularinfotech/
[2026-06-19T11:14:22Z] #1026 attempt=1/2 status=200 0.331s url=https://www.myfonts.com/products/regular-morvanh-1171289
[2026-06-19T11:14:22Z] #1027 attempt=1/2 status=429 0.048s url=https://www.myfonts.com/collections/morvanh-font-masyafi-studio/
[2026-06-19T11:14:25Z] #1028 attempt=2/2 status=200 0.461s url=https://www.myfonts.com/collections/morvanh-font-masyafi-studio/
[2026-06-19T11:14:25Z] #1029 attempt=1/2 status=200 0.309s url=https://www.myfonts.com/products/italic-shree-telugu-2954-1170813
[2026-06-19T11:14:26Z] #1030 attempt=1/2 status=200 0.510s url=https://www.myfonts.com/collections/shree-telugu-2954-font-modularinfotech/
[2026-06-19T11:14:27Z] #1031 attempt=1/2 status=200 0.269s url=https://www.myfonts.com/collections/shree-telugu-2954-font-modularinfotech/
[2026-06-19T11:14:29Z] #1032 attempt=1/6 status=200 1.317s url=https://www.myfonts.com/products.json?limit=100&page=10
[2026-06-19T11:14:29Z] #1033 attempt=1/2 status=503 0.065s url=https://www.myfonts.com/products/regular-sunwish-1169939
[2026-06-19T11:14:29Z] retryable_503 attempt=1/2 waiting=2s
[2026-06-19T11:14:32Z] #1034 attempt=2/2 status=200 0.598s url=https://www.myfonts.com/products/regular-sunwish-1169939
[2026-06-19T11:14:33Z] #1035 attempt=1/2 status=200 0.450s url=https://www.myfonts.com/collections/sunwish-font-seemly-fonts/
[2026-06-19T11:14:33Z] #1036 attempt=1/2 status=200 0.539s url=https://www.myfonts.com/products/italic-shree-tamil-3802-1170706
[2026-06-19T11:14:35Z] #1037 attempt=1/2 status=200 0.849s url=https://www.myfonts.com/collections/shree-tamil-3802-font-modularinfotech/
[2026-06-19T11:14:35Z] #1038 attempt=1/2 status=200 0.355s url=https://www.myfonts.com/collections/shree-tamil-3802-font-modularinfotech/
[2026-06-19T11:14:36Z] #1039 attempt=1/2 status=200 0.333s url=https://www.myfonts.com/products/strong-ft-activica-1171616
[2026-06-19T11:14:37Z] #1040 attempt=1/2 status=200 0.610s url=https://www.myfonts.com/collections/ft-activica-font-foxys-forest-foundry/
[2026-06-19T11:14:38Z] #1041 attempt=1/2 status=200 0.374s url=https://www.myfonts.com/products/italic-shree-telugu-1657-1170776
[2026-06-19T11:14:38Z] #1042 attempt=1/2 status=200 0.550s url=https://www.myfonts.com/collections/shree-telugu-1657-font-modularinfotech/
[2026-06-19T11:14:39Z] #1043 attempt=1/2 status=200 0.421s url=https://www.myfonts.com/collections/shree-telugu-1657-font-modularinfotech/
[2026-06-19T11:14:40Z] #1044 attempt=1/2 status=200 0.354s url=https://www.myfonts.com/products/italic-shree-malayalam-4408-1170901
[2026-06-19T11:14:40Z] #1045 attempt=1/2 status=200 0.623s url=https://www.myfonts.com/collections/shree-malayalam-4408-font-modularinfotech/
[2026-06-19T11:14:41Z] #1046 attempt=1/2 status=429 0.035s url=https://www.myfonts.com/collections/shree-malayalam-4408-font-modularinfotech/
[2026-06-19T11:14:43Z] #1047 attempt=2/2 status=200 0.292s url=https://www.myfonts.com/collections/shree-malayalam-4408-font-modularinfotech/
[2026-06-19T11:14:44Z] #1048 attempt=1/2 status=503 0.072s url=https://www.myfonts.com/products/regular-giteral-1172042
[2026-06-19T11:14:44Z] retryable_503 attempt=1/2 waiting=2s
[2026-06-19T11:14:46Z] #1049 attempt=2/2 status=200 0.327s url=https://www.myfonts.com/products/regular-giteral-1172042
[2026-06-19T11:14:47Z] #1050 attempt=1/2 status=200 0.358s url=https://www.myfonts.com/collections/giteral-font-ragamkata/
[2026-06-19T11:14:48Z] #1051 attempt=1/2 status=200 0.492s url=https://www.myfonts.com/products/regular-shree-tamil-3977-1170638
[2026-06-19T11:14:48Z] #1052 attempt=1/2 status=200 0.400s url=https://www.myfonts.com/collections/shree-tamil-3977-font-modularinfotech/
[2026-06-19T11:14:49Z] #1053 attempt=1/2 status=200 0.634s url=https://www.myfonts.com/collections/shree-tamil-3977-font-modularinfotech/
[2026-06-19T11:14:50Z] #1054 attempt=1/2 status=200 0.512s url=https://www.myfonts.com/products/smooth-stylenoir-script-1171213
[2026-06-19T11:14:51Z] #1055 attempt=1/2 status=200 0.892s url=https://www.myfonts.com/collections/stylenoir-script-font-the-northern-block/
[2026-06-19T11:14:52Z] #1056 attempt=1/2 status=200 0.448s url=https://www.myfonts.com/products/italic-shree-oriya-3030-1171180
[2026-06-19T11:14:53Z] #1057 attempt=1/2 status=200 0.608s url=https://www.myfonts.com/collections/shree-oriya-3030-font-modularinfotech/
[2026-06-19T11:14:53Z] #1058 attempt=1/2 status=200 0.368s url=https://www.myfonts.com/collections/shree-oriya-3030-font-modularinfotech/
[2026-06-19T11:14:55Z] #1059 attempt=1/2 status=200 0.656s url=https://www.myfonts.com/products/regular-shree-telugu-2972-1170678
[2026-06-19T11:14:55Z] #1060 attempt=1/2 status=200 0.281s url=https://www.myfonts.com/collections/shree-telugu-2972-font-modularinfotech/
[2026-06-19T11:14:56Z] #1061 attempt=1/2 status=200 0.264s url=https://www.myfonts.com/collections/shree-telugu-2972-font-modularinfotech/
[2026-06-19T11:14:56Z] #1062 attempt=1/6 status=429 0.033s url=https://www.myfonts.com/products.json?limit=100&page=11
[2026-06-19T11:15:00Z] #1063 attempt=2/6 status=200 1.487s url=https://www.myfonts.com/products.json?limit=100&page=11
[2026-06-19T11:15:01Z] #1064 attempt=1/2 status=200 0.357s url=https://www.myfonts.com/products/regular-shree-telugu-2950-1170344
[2026-06-19T11:15:01Z] #1065 attempt=1/2 status=200 0.283s url=https://www.myfonts.com/collections/shree-telugu-2950-font-modularinfotech/
[2026-06-19T11:15:02Z] #1066 attempt=1/2 status=200 0.368s url=https://www.myfonts.com/collections/shree-telugu-2950-font-modularinfotech/
[2026-06-19T11:15:03Z] #1067 attempt=1/2 status=200 0.294s url=https://www.myfonts.com/products/regular-inkfolk-1171611
[2026-06-19T11:15:03Z] #1068 attempt=1/2 status=503 0.068s url=https://www.myfonts.com/collections/inkfolk-font-vadova-std/
[2026-06-19T11:15:03Z] retryable_503 attempt=1/2 waiting=2s
[2026-06-19T11:15:05Z] #1069 attempt=2/2 status=503 0.054s url=https://www.myfonts.com/collections/inkfolk-font-vadova-std/
[2026-06-19T11:15:05Z] retryable_503 attempt=2/2 waiting=2s
[2026-06-19T11:15:07Z] max_retries_exhausted url=https://www.myfonts.com/collections/inkfolk-font-vadova-std/
[2026-06-19T11:15:07Z] #1070 attempt=1/2 status=404 0.175s url=https://www.myfonts.com/collections/regular-inkfolk-1171611-font-vadova-std
[2026-06-19T11:15:08Z] #1071 attempt=1/2 status=200 0.487s url=https://www.myfonts.com/products/regular-shree-telugu-2958-1170687
[2026-06-19T11:15:09Z] #1072 attempt=1/2 status=200 0.416s url=https://www.myfonts.com/collections/shree-telugu-2958-font-modularinfotech/
[2026-06-19T11:15:09Z] #1073 attempt=1/2 status=200 0.218s url=https://www.myfonts.com/collections/shree-telugu-2958-font-modularinfotech/
[2026-06-19T11:15:10Z] #1074 attempt=1/2 status=200 0.471s url=https://www.myfonts.com/products/regular-shree-telugu-1660-1170696
[2026-06-19T11:15:11Z] #1075 attempt=1/2 status=200 0.531s url=https://www.myfonts.com/collections/shree-telugu-1660-font-modularinfotech/
[2026-06-19T11:15:12Z] #1076 attempt=1/2 status=200 0.408s url=https://www.myfonts.com/collections/shree-telugu-1660-font-modularinfotech/
[2026-06-19T11:15:12Z] #1077 attempt=1/2 status=200 0.344s url=https://www.myfonts.com/products/italic-shree-malayalam-3286-1170937
[2026-06-19T11:15:14Z] #1078 attempt=1/2 status=200 1.089s url=https://www.myfonts.com/collections/shree-malayalam-3286-font-modularinfotech/
[2026-06-19T11:15:15Z] #1079 attempt=1/2 status=200 0.917s url=https://www.myfonts.com/collections/shree-malayalam-3286-font-modularinfotech/
[2026-06-19T11:15:17Z] #1080 attempt=1/6 status=200 1.462s url=https://www.myfonts.com/products.json?limit=100&page=12
[2026-06-19T11:15:17Z] #1081 attempt=1/2 status=200 0.379s url=https://www.myfonts.com/products/bold-shree-telugu-4737-1170666
[2026-06-19T11:15:18Z] #1082 attempt=1/2 status=200 0.818s url=https://www.myfonts.com/collections/shree-telugu-4737-font-modularinfotech/
[2026-06-19T11:15:19Z] #1083 attempt=1/2 status=200 0.327s url=https://www.myfonts.com/collections/shree-telugu-4737-font-modularinfotech/
[2026-06-19T11:15:20Z] #1084 attempt=1/2 status=200 0.219s url=https://www.myfonts.com/products/italic-shree-malayalam-3298-1171219
[2026-06-19T11:15:20Z] #1085 attempt=1/2 status=503 0.059s url=https://www.myfonts.com/collections/shree-malayalam-3298-font-modularinfotech/
[2026-06-19T11:15:20Z] retryable_503 attempt=1/2 waiting=2s
[2026-06-19T11:15:22Z] #1086 attempt=2/2 status=503 0.059s url=https://www.myfonts.com/collections/shree-malayalam-3298-font-modularinfotech/
[2026-06-19T11:15:22Z] retryable_503 attempt=2/2 waiting=2s
[2026-06-19T11:15:24Z] max_retries_exhausted url=https://www.myfonts.com/collections/shree-malayalam-3298-font-modularinfotech/
[2026-06-19T11:15:25Z] #1087 attempt=1/2 status=404 0.169s url=https://www.myfonts.com/collections/italic-shree-malayalam-3298-1171219-font-modular-infotech
[2026-06-19T11:15:27Z] #1088 attempt=1/6 status=200 1.143s url=https://www.myfonts.com/products.json?limit=100&page=13
[2026-06-19T11:15:28Z] #1089 attempt=1/2 status=200 0.481s url=https://www.myfonts.com/products/regular-shree-malayalam-4403-1171206
[2026-06-19T11:15:28Z] #1090 attempt=1/2 status=200 0.447s url=https://www.myfonts.com/collections/shree-malayalam-4403-font-modularinfotech/
[2026-06-19T11:15:29Z] #1091 attempt=1/2 status=200 0.471s url=https://www.myfonts.com/collections/shree-malayalam-4403-font-modularinfotech/
[2026-06-19T11:15:30Z] #1092 attempt=1/2 status=200 0.374s url=https://www.myfonts.com/products/italic-shree-malayalam-3210-1171094
[2026-06-19T11:15:30Z] #1093 attempt=1/2 status=200 0.412s url=https://www.myfonts.com/collections/shree-malayalam-3210-font-modularinfotech/
[2026-06-19T11:15:31Z] #1094 attempt=1/2 status=200 0.320s url=https://www.myfonts.com/collections/shree-malayalam-3210-font-modularinfotech/
[2026-06-19T11:15:32Z] #1095 attempt=1/2 status=200 0.858s url=https://www.myfonts.com/products/italic-shree-telugu-2678-1170670
[2026-06-19T11:15:33Z] #1096 attempt=1/2 status=200 0.682s url=https://www.myfonts.com/collections/shree-telugu-2678-font-modularinfotech/
[2026-06-19T11:15:34Z] #1097 attempt=1/2 status=200 0.450s url=https://www.myfonts.com/collections/shree-telugu-2678-font-modularinfotech/
[2026-06-19T11:15:35Z] #1098 attempt=1/2 status=200 0.259s url=https://www.myfonts.com/products/regular-vellara-1171617
[2026-06-19T11:15:36Z] #1099 attempt=1/2 status=200 0.915s url=https://www.myfonts.com/collections/vellara-font-mevstory-studio/
[2026-06-19T11:15:38Z] #1100 attempt=1/6 status=200 0.962s url=https://www.myfonts.com/products.json?limit=100&page=14
[2026-06-19T11:15:38Z] #1101 attempt=1/2 status=200 0.243s url=https://www.myfonts.com/products/regular-segavo-1171234
[2026-06-19T11:15:39Z] #1102 attempt=1/2 status=200 0.393s url=https://www.myfonts.com/collections/segavo-font-solutype/
[2026-06-19T11:15:39Z] #1103 attempt=1/2 status=503 0.057s url=https://www.myfonts.com/products/regular-elinos-1172062
[2026-06-19T11:15:39Z] retryable_503 attempt=1/2 waiting=2s
[2026-06-19T11:15:42Z] #1104 attempt=2/2 status=200 0.537s url=https://www.myfonts.com/products/regular-elinos-1172062
[2026-06-19T11:15:43Z] #1105 attempt=1/2 status=200 0.446s url=https://www.myfonts.com/collections/elinos-font-ismanayuda/
[2026-06-19T11:15:44Z] #1106 attempt=1/2 status=200 0.689s url=https://www.myfonts.com/products/regular-thornrock-1171300
[2026-06-19T11:15:45Z] #1107 attempt=1/2 status=200 0.583s url=https://www.myfonts.com/collections/thornrock-font-flawlessandco/
[2026-06-19T11:15:45Z] #1108 attempt=1/2 status=200 0.531s url=https://www.myfonts.com/products/regular-mystic-arcane-1171230
[2026-06-19T11:15:46Z] #1109 attempt=1/2 status=200 0.493s url=https://www.myfonts.com/collections/mystic-arcane-font-alit-design/
[2026-06-19T11:15:47Z] #1110 attempt=1/2 status=200 0.465s url=https://www.myfonts.com/products/regular-jhon-stanick-1171263
[2026-06-19T11:15:48Z] #1111 attempt=1/2 status=200 0.606s url=https://www.myfonts.com/collections/jhon-stanick-font-black-junst/
[2026-06-19T11:15:49Z] #1112 attempt=1/2 status=200 0.459s url=https://www.myfonts.com/products/regular-bold-large-halftone-1172064
[2026-06-19T11:15:49Z] #1113 attempt=1/2 status=429 0.043s url=https://www.myfonts.com/collections/bold-large-halftone-font-mvmet/
[2026-06-19T11:15:53Z] #1114 attempt=2/2 status=200 1.578s url=https://www.myfonts.com/collections/bold-large-halftone-font-mvmet/
[2026-06-19T11:15:54Z] #1115 attempt=1/2 status=200 0.743s url=https://www.myfonts.com/products/italic-shree-oriya-3056-1171114
[2026-06-19T11:15:55Z] #1116 attempt=1/2 status=200 0.735s url=https://www.myfonts.com/collections/shree-oriya-3056-font-modularinfotech/
[2026-06-19T11:15:55Z] #1117 attempt=1/2 status=200 0.363s url=https://www.myfonts.com/collections/shree-oriya-3056-font-modularinfotech/
[2026-06-19T11:15:57Z] #1118 attempt=1/6 status=200 0.810s url=https://www.myfonts.com/products.json?limit=100&page=15
[2026-06-19T11:15:58Z] #1119 attempt=1/2 status=200 0.285s url=https://www.myfonts.com/products/italic-shree-telugu-1673-1170356
[2026-06-19T11:15:58Z] #1120 attempt=1/2 status=200 0.348s url=https://www.myfonts.com/collections/shree-telugu-1673-font-modularinfotech/
[2026-06-19T11:15:59Z] #1121 attempt=1/2 status=200 0.475s url=https://www.myfonts.com/collections/shree-telugu-1673-font-modularinfotech/
[2026-06-19T11:16:00Z] #1122 attempt=1/2 status=200 0.488s url=https://www.myfonts.com/products/italic-shree-telugu-2966-1170741
[2026-06-19T11:16:01Z] #1123 attempt=1/2 status=200 0.288s url=https://www.myfonts.com/collections/shree-telugu-2966-font-modularinfotech/
[2026-06-19T11:16:02Z] #1124 attempt=1/2 status=200 0.861s url=https://www.myfonts.com/collections/shree-telugu-2966-font-modularinfotech/
[2026-06-19T11:16:03Z] #1125 attempt=1/2 status=200 0.721s url=https://www.myfonts.com/products/regular-shree-tamil-2869-1170846
[2026-06-19T11:16:04Z] #1126 attempt=1/2 status=200 0.460s url=https://www.myfonts.com/collections/shree-tamil-2869-font-modularinfotech/
[2026-06-19T11:16:04Z] #1127 attempt=1/2 status=200 0.252s url=https://www.myfonts.com/collections/shree-tamil-2869-font-modularinfotech/
[2026-06-19T11:16:05Z] #1128 attempt=1/2 status=200 0.400s url=https://www.myfonts.com/products/regular-shree-telugu-2968-1170732
[2026-06-19T11:16:06Z] #1129 attempt=1/2 status=200 0.576s url=https://www.myfonts.com/collections/shree-telugu-2968-font-modularinfotech/
[2026-06-19T11:16:07Z] #1130 attempt=1/2 status=200 1.022s url=https://www.myfonts.com/collections/shree-telugu-2968-font-modularinfotech/
[2026-06-19T11:16:07Z] #1131 attempt=1/2 status=200 0.284s url=https://www.myfonts.com/products/regular-shree-tamil-3973-1170385
[2026-06-19T11:16:08Z] #1132 attempt=1/2 status=429 0.075s url=https://www.myfonts.com/collections/shree-tamil-3973-font-modularinfotech/
[2026-06-19T11:16:10Z] #1133 attempt=2/2 status=200 0.542s url=https://www.myfonts.com/collections/shree-tamil-3973-font-modularinfotech/
[2026-06-19T11:16:11Z] #1134 attempt=1/2 status=200 0.340s url=https://www.myfonts.com/collections/shree-tamil-3973-font-modularinfotech/
[2026-06-19T11:16:12Z] #1135 attempt=1/2 status=200 0.766s url=https://www.myfonts.com/products/italic-shree-telugu-4751-1170673
[2026-06-19T11:16:12Z] #1136 attempt=1/2 status=503 0.063s url=https://www.myfonts.com/collections/shree-telugu-4751-font-modularinfotech/
[2026-06-19T11:16:12Z] retryable_503 attempt=1/2 waiting=2s
[2026-06-19T11:16:15Z] #1137 attempt=2/2 status=200 0.414s url=https://www.myfonts.com/collections/shree-telugu-4751-font-modularinfotech/
[2026-06-19T11:16:15Z] #1138 attempt=1/2 status=200 0.151s url=https://www.myfonts.com/collections/shree-telugu-4751-font-modularinfotech/
[2026-06-19T11:16:18Z] #1139 attempt=1/6 status=200 1.324s url=https://www.myfonts.com/products.json?limit=100&page=16
[2026-06-19T11:16:20Z] #1140 attempt=1/2 status=200 1.441s url=https://www.myfonts.com/products/regular-shree-tamil-3886-1170335
[2026-06-19T11:16:21Z] #1141 attempt=1/2 status=200 0.703s url=https://www.myfonts.com/collections/shree-tamil-3886-font-modularinfotech/
[2026-06-19T11:16:21Z] #1142 attempt=1/2 status=200 0.597s url=https://www.myfonts.com/collections/shree-tamil-3886-font-modularinfotech/
[2026-06-19T11:16:22Z] #1143 attempt=1/2 status=200 0.357s url=https://www.myfonts.com/products/regular-shree-telugu-1624-1170532
[2026-06-19T11:16:23Z] #1144 attempt=1/2 status=200 0.356s url=https://www.myfonts.com/collections/shree-telugu-1624-font-modularinfotech/
[2026-06-19T11:16:24Z] #1145 attempt=1/2 status=200 0.489s url=https://www.myfonts.com/collections/shree-telugu-1624-font-modularinfotech/
[2026-06-19T11:16:24Z] #1146 attempt=1/2 status=200 0.381s url=https://www.myfonts.com/products/regular-typegrit-1171610
[2026-06-19T11:16:26Z] #1147 attempt=1/2 status=200 1.231s url=https://www.myfonts.com/collections/typegrit-font-vadova-std/
[2026-06-19T11:16:27Z] #1148 attempt=1/2 status=200 0.332s url=https://www.myfonts.com/products/regular-gundoova-1170202
[2026-06-19T11:16:27Z] #1149 attempt=1/2 status=200 0.405s url=https://www.myfonts.com/collections/gundoova-font-flawlessandco/
[2026-06-19T11:16:28Z] #1150 attempt=1/2 status=503 0.067s url=https://www.myfonts.com/products/italic-shree-telugu-4728-1170473
[2026-06-19T11:16:28Z] retryable_503 attempt=1/2 waiting=2s
[2026-06-19T11:16:30Z] #1151 attempt=2/2 status=200 0.410s url=https://www.myfonts.com/products/italic-shree-telugu-4728-1170473
[2026-06-19T11:16:31Z] #1152 attempt=1/2 status=200 0.380s url=https://www.myfonts.com/collections/shree-telugu-4728-font-modularinfotech/
[2026-06-19T11:16:32Z] #1153 attempt=1/2 status=200 0.395s url=https://www.myfonts.com/collections/shree-telugu-4728-font-modularinfotech/
[2026-06-19T11:16:32Z] #1154 attempt=1/2 status=503 0.064s url=https://www.myfonts.com/products/normal-exoticus-1170166
[2026-06-19T11:16:32Z] retryable_503 attempt=1/2 waiting=2s
[2026-06-19T11:16:34Z] #1155 attempt=2/2 status=200 0.310s url=https://www.myfonts.com/products/normal-exoticus-1170166
[2026-06-19T11:16:35Z] #1156 attempt=1/2 status=200 0.285s url=https://www.myfonts.com/collections/exoticus-font-groenstudio/
[2026-06-19T11:16:36Z] #1157 attempt=1/2 status=200 0.490s url=https://www.myfonts.com/products/regular-kangxi-dictionary-watanabe-1170158
[2026-06-19T11:16:36Z] #1158 attempt=1/2 status=200 0.456s url=https://www.myfonts.com/collections/kangxi-dictionary-watanabe-font-kangxizidian/
[2026-06-19T11:16:37Z] #1159 attempt=1/2 status=200 0.399s url=https://www.myfonts.com/products/regular-gofood-1172061
[2026-06-19T11:16:38Z] #1160 attempt=1/2 status=200 0.287s url=https://www.myfonts.com/collections/gofood-font-hasnat-studio/
[2026-06-19T11:16:39Z] #1161 attempt=1/2 status=200 0.393s url=https://www.myfonts.com/products/regular-gts-gapone-1171258
[2026-06-19T11:16:39Z] #1162 attempt=1/2 status=200 0.405s url=https://www.myfonts.com/collections/gts-gapone-font-graptail/
[2026-06-19T11:16:40Z] #1163 attempt=1/2 status=200 0.416s url=https://www.myfonts.com/products/normal-baveling-1172049
[2026-06-19T11:16:41Z] #1164 attempt=1/2 status=200 0.547s url=https://www.myfonts.com/collections/baveling-font-josstype/
[2026-06-19T11:16:42Z] #1165 attempt=1/2 status=200 0.440s url=https://www.myfonts.com/products/regular-blades-of-fortunes-1172069
[2026-06-19T11:16:42Z] #1166 attempt=1/2 status=429 0.029s url=https://www.myfonts.com/collections/blades-of-fortunes-font-wyarecreatype/
[2026-06-19T11:16:45Z] #1167 attempt=2/2 status=200 0.549s url=https://www.myfonts.com/collections/blades-of-fortunes-font-wyarecreatype/
[2026-06-19T11:16:46Z] #1168 attempt=1/2 status=200 0.426s url=https://www.myfonts.com/products/regular-shree-malayalam-4402-1171185
[2026-06-19T11:16:47Z] #1169 attempt=1/2 status=200 0.600s url=https://www.myfonts.com/collections/shree-malayalam-4402-font-modularinfotech/
[2026-06-19T11:16:48Z] #1170 attempt=1/2 status=200 0.477s url=https://www.myfonts.com/collections/shree-malayalam-4402-font-modularinfotech/
[2026-06-19T11:16:49Z] #1171 attempt=1/2 status=200 0.364s url=https://www.myfonts.com/products/italic-shree-malayalam-3252-1171151
[2026-06-19T11:16:49Z] #1172 attempt=1/2 status=200 0.481s url=https://www.myfonts.com/collections/shree-malayalam-3252-font-modularinfotech/
[2026-06-19T11:16:50Z] #1173 attempt=1/2 status=200 0.600s url=https://www.myfonts.com/collections/shree-malayalam-3252-font-modularinfotech/
[2026-06-19T11:16:52Z] #1174 attempt=1/6 status=200 1.094s url=https://www.myfonts.com/products.json?limit=100&page=17
[2026-06-19T11:16:53Z] #1175 attempt=1/2 status=200 0.357s url=https://www.myfonts.com/products/regular-sorane-1171625
[2026-06-19T11:16:53Z] #1176 attempt=1/2 status=200 0.498s url=https://www.myfonts.com/collections/sorane-font-hakara-type/
[2026-06-19T11:16:55Z] #1177 attempt=1/2 status=200 0.485s url=https://www.myfonts.com/products/italic-shree-telugu-2956-1170419
[2026-06-19T11:16:55Z] #1178 attempt=1/2 status=200 0.278s url=https://www.myfonts.com/collections/shree-telugu-2956-font-modularinfotech/
[2026-06-19T11:16:56Z] #1179 attempt=1/2 status=200 0.381s url=https://www.myfonts.com/collections/shree-telugu-2956-font-modularinfotech/
[2026-06-19T11:16:57Z] #1180 attempt=1/2 status=200 0.356s url=https://www.myfonts.com/products/italic-shree-malayalam-1828-1171044
[2026-06-19T11:16:57Z] #1181 attempt=1/2 status=200 0.417s url=https://www.myfonts.com/collections/shree-malayalam-1828-font-modularinfotech/
[2026-06-19T11:16:58Z] #1182 attempt=1/2 status=200 0.629s url=https://www.myfonts.com/collections/shree-malayalam-1828-font-modularinfotech/
[2026-06-19T11:17:00Z] #1183 attempt=1/6 status=200 1.207s url=https://www.myfonts.com/products.json?limit=100&page=18
[2026-06-19T11:17:02Z] #1184 attempt=1/2 status=200 0.854s url=https://www.myfonts.com/products/italic-shree-malayalam-4404-1171062
[2026-06-19T11:17:03Z] #1185 attempt=1/2 status=200 0.667s url=https://www.myfonts.com/collections/shree-malayalam-4404-font-modularinfotech/
[2026-06-19T11:17:03Z] #1186 attempt=1/2 status=200 0.168s url=https://www.myfonts.com/collections/shree-malayalam-4404-font-modularinfotech/
[2026-06-19T11:17:04Z] #1187 attempt=1/2 status=200 0.528s url=https://www.myfonts.com/products/regular-shree-oriya-3033-1171049
[2026-06-19T11:17:05Z] #1188 attempt=1/2 status=200 0.748s url=https://www.myfonts.com/collections/shree-oriya-3033-font-modularinfotech/
[2026-06-19T11:17:06Z] #1189 attempt=1/2 status=200 0.863s url=https://www.myfonts.com/collections/shree-oriya-3033-font-modularinfotech/
[2026-06-19T11:17:07Z] #1190 attempt=1/2 status=200 0.599s url=https://www.myfonts.com/products/regular-north-plains-1171229
[2026-06-19T11:17:07Z] #1191 attempt=1/2 status=503 0.057s url=https://www.myfonts.com/collections/north-plains-font-alpaprana/
[2026-06-19T11:17:07Z] retryable_503 attempt=1/2 waiting=2s
[2026-06-19T11:17:10Z] #1192 attempt=2/2 status=200 0.332s url=https://www.myfonts.com/collections/north-plains-font-alpaprana/
[2026-06-19T11:17:11Z] #1193 attempt=1/2 status=200 0.444s url=https://www.myfonts.com/products/italic-shree-malayalam-1896-1171012
[2026-06-19T11:17:12Z] #1194 attempt=1/2 status=200 0.654s url=https://www.myfonts.com/collections/shree-malayalam-1896-font-modularinfotech/
[2026-06-19T11:17:12Z] #1195 attempt=1/2 status=200 0.415s url=https://www.myfonts.com/collections/shree-malayalam-1896-font-modularinfotech/
[2026-06-19T11:17:13Z] #1196 attempt=1/2 status=200 0.608s url=https://www.myfonts.com/products/italic-asenta-1171299
[2026-06-19T11:17:14Z] #1197 attempt=1/2 status=200 0.395s url=https://www.myfonts.com/collections/asenta-font-agung-sudirman/
[2026-06-19T11:17:15Z] #1198 attempt=1/2 status=200 0.584s url=https://www.myfonts.com/products/regular-shree-malayalam-1837-1170999
[2026-06-19T11:17:15Z] #1199 attempt=1/2 status=200 0.292s url=https://www.myfonts.com/collections/shree-malayalam-1837-font-modularinfotech/
[2026-06-19T11:17:15Z] #1200 attempt=1/2 status=429 0.025s url=https://www.myfonts.com/collections/shree-malayalam-1837-font-modularinfotech/
[2026-06-19T11:17:18Z] #1201 attempt=2/2 status=200 0.609s url=https://www.myfonts.com/collections/shree-malayalam-1837-font-modularinfotech/
[2026-06-19T11:17:20Z] #1202 attempt=1/6 status=200 1.215s url=https://www.myfonts.com/products.json?limit=100&page=19
[2026-06-19T11:17:21Z] #1203 attempt=1/2 status=200 0.415s url=https://www.myfonts.com/products/medium-black-package-1165627
[2026-06-19T11:17:22Z] #1204 attempt=1/2 status=200 0.985s url=https://www.myfonts.com/collections/washington-neo-font-type-associates/
[2026-06-19T11:17:23Z] #1205 attempt=1/2 status=200 0.935s url=https://www.myfonts.com/products/k73-hogan-grotesk-complete-family-package-1164668
[2026-06-19T11:17:25Z] #1206 attempt=1/2 status=200 0.927s url=https://www.myfonts.com/collections/k73-hogan-grotesk-font-k73-type-foundry/
[2026-06-19T11:17:25Z] #1207 attempt=1/2 status=200 0.380s url=https://www.myfonts.com/products/calvigan-complete-family-package-1143389
[2026-06-19T11:17:26Z] #1208 attempt=1/2 status=200 0.595s url=https://www.myfonts.com/collections/calvigan-font-qweera-studio/
[2026-06-19T11:17:27Z] #1209 attempt=1/2 status=200 0.675s url=https://www.myfonts.com/products/konstructa-rounded-complete-family-package-1143409
[2026-06-19T11:17:28Z] #1210 attempt=1/2 status=200 0.628s url=https://www.myfonts.com/collections/konstructa-rounded-font-ghozai-studio/
[2026-06-19T11:17:29Z] #1211 attempt=1/2 status=200 0.649s url=https://www.myfonts.com/products/basic-triad-package-1143381
[2026-06-19T11:17:30Z] #1212 attempt=1/2 status=200 0.767s url=https://www.myfonts.com/collections/ana-diego-rounded-font-tipastype/
[2026-06-19T11:17:31Z] #1213 attempt=1/2 status=200 0.499s url=https://www.myfonts.com/products/lovine-complete-family-package-1143360
[2026-06-19T11:17:31Z] #1214 attempt=1/2 status=200 0.530s url=https://www.myfonts.com/collections/lovine-font-zeenesia-studio/
[2026-06-19T11:17:32Z] #1215 attempt=1/2 status=200 0.402s url=https://www.myfonts.com/products/leonice-complete-family-package-1045898
[2026-06-19T11:17:33Z] #1216 attempt=1/2 status=404 0.326s url=https://www.myfonts.com/collections/leonice-font-eotype
[2026-06-19T11:17:33Z] #1217 attempt=1/2 status=200 0.349s url=https://www.myfonts.com/products/holany-calira-complete-family-package-1143382
[2026-06-19T11:17:34Z] #1218 attempt=1/2 status=200 0.677s url=https://www.myfonts.com/collections/holany-calira-font-tini-fitriani/
[2026-06-19T11:17:35Z] #1219 attempt=1/2 status=200 0.540s url=https://www.myfonts.com/products/steel-anthem-complete-family-package-1143508
[2026-06-19T11:17:35Z] #1220 attempt=1/2 status=200 0.404s url=https://www.myfonts.com/collections/steel-anthem-font-hakara-type/
[2026-06-19T11:17:36Z] #1221 attempt=1/2 status=429 0.039s url=https://www.myfonts.com/products/wishlist-travel-complete-family-package-1143521
[2026-06-19T11:17:39Z] #1222 attempt=2/2 status=200 0.567s url=https://www.myfonts.com/products/wishlist-travel-complete-family-package-1143521
[2026-06-19T11:17:39Z] #1223 attempt=1/2 status=200 0.577s url=https://www.myfonts.com/collections/wishlist-travel-font-sarid-ezra/
[2026-06-19T11:17:40Z] #1224 attempt=1/2 status=200 0.537s url=https://www.myfonts.com/products/balimo-complete-family-package-1143484
[2026-06-19T11:17:41Z] #1225 attempt=1/2 status=200 0.901s url=https://www.myfonts.com/collections/balimo-font-arterfak-project/
[2026-06-19T11:17:42Z] #1226 attempt=1/2 status=200 0.366s url=https://www.myfonts.com/products/vesue-complete-family-package-1143385
[2026-06-19T11:17:43Z] #1227 attempt=1/2 status=200 0.710s url=https://www.myfonts.com/collections/vesue-font-artiveko/
[2026-06-19T11:17:44Z] #1228 attempt=1/2 status=200 0.439s url=https://www.myfonts.com/products/fenoment-complete-family-package-1143518
[2026-06-19T11:17:44Z] #1229 attempt=1/2 status=200 0.587s url=https://www.myfonts.com/collections/fenoment-font-artiveko/
[2026-06-19T11:17:45Z] #1230 attempt=1/2 status=200 0.487s url=https://www.myfonts.com/products/mc-kathely-complete-family-package-1143478
[2026-06-19T11:17:46Z] #1231 attempt=1/2 status=200 0.435s url=https://www.myfonts.com/collections/mc-kathely-font-maulana-creative/
[2026-06-19T11:17:46Z] #1232 attempt=1/2 status=429 0.032s url=https://www.myfonts.com/products/whither-display-slant-complete-family-package-1143392
[2026-06-19T11:17:49Z] #1233 attempt=2/2 status=200 0.381s url=https://www.myfonts.com/products/whither-display-slant-complete-family-package-1143392
[2026-06-19T11:17:50Z] #1234 attempt=1/2 status=200 0.594s url=https://www.myfonts.com/collections/whither-display-slant-font-ijemrockart/
[2026-06-19T11:17:50Z] #1235 attempt=1/2 status=200 0.439s url=https://www.myfonts.com/products/neubricks-complete-family-package-1143426
[2026-06-19T11:17:51Z] #1236 attempt=1/2 status=200 0.583s url=https://www.myfonts.com/collections/neubricks-font-snapedsgn/
[2026-06-19T11:17:52Z] #1237 attempt=1/2 status=200 0.312s url=https://www.myfonts.com/products/bright-supply-complete-family-package-1143497
[2026-06-19T11:17:53Z] #1238 attempt=1/2 status=200 0.732s url=https://www.myfonts.com/collections/bright-supply-font-azzam-ridhamalik/
[2026-06-19T11:17:54Z] #1239 attempt=1/2 status=200 0.563s url=https://www.myfonts.com/products/wildberry-complete-family-package-1143524
[2026-06-19T11:17:54Z] #1240 attempt=1/2 status=200 0.416s url=https://www.myfonts.com/collections/wildberry-font-cocodesign/
[2026-06-19T11:17:55Z] #1241 attempt=1/2 status=200 0.287s url=https://www.myfonts.com/products/regular-duitech-1143483
[2026-06-19T11:17:55Z] #1242 attempt=1/2 status=429 0.043s url=https://www.myfonts.com/collections/duitech-font-twinletter/
[2026-06-19T11:17:58Z] #1243 attempt=2/2 status=200 0.435s url=https://www.myfonts.com/collections/duitech-font-twinletter/
[2026-06-19T11:17:58Z] #1244 attempt=1/2 status=200 0.352s url=https://www.myfonts.com/products/regular-drheon-1143501
[2026-06-19T11:17:59Z] #1245 attempt=1/2 status=200 0.408s url=https://www.myfonts.com/collections/drheon-font-imoodev/
[2026-06-19T11:17:59Z] #1246 attempt=1/2 status=200 0.385s url=https://www.myfonts.com/products/eather-regular-eather-1143507
[2026-06-19T11:18:00Z] #1247 attempt=1/2 status=200 0.355s url=https://www.myfonts.com/collections/eather-font-imoodev/
[2026-06-19T11:18:00Z] #1248 attempt=1/2 status=429 0.037s url=https://www.myfonts.com/products/regular-groovina-1143473
[2026-06-19T11:18:03Z] #1249 attempt=2/2 status=200 0.368s url=https://www.myfonts.com/products/regular-groovina-1143473
[2026-06-19T11:18:04Z] #1250 attempt=1/2 status=200 0.355s url=https://www.myfonts.com/collections/groovina-font-rasio-studio/
[2026-06-19T11:18:04Z] #1251 attempt=1/2 status=200 0.456s url=https://www.myfonts.com/products/regular-hikate-1143503
[2026-06-19T11:18:05Z] #1252 attempt=1/2 status=200 0.298s url=https://www.myfonts.com/collections/hikate-font-sixtype-foundry/
[2026-06-19T11:18:05Z] #1253 attempt=1/2 status=200 0.367s url=https://www.myfonts.com/products/regular-norwalke-1143512
[2026-06-19T11:18:06Z] #1254 attempt=1/2 status=200 0.678s url=https://www.myfonts.com/collections/norwalke-font-unitype-studio/
[2026-06-19T11:18:07Z] #1255 attempt=1/2 status=200 0.376s url=https://www.myfonts.com/products/regular-shefira-1143511
[2026-06-19T11:18:07Z] #1256 attempt=1/2 status=429 0.050s url=https://www.myfonts.com/collections/shefira-font-unitype-studio/
[2026-06-19T11:18:10Z] #1257 attempt=2/2 status=200 0.514s url=https://www.myfonts.com/collections/shefira-font-unitype-studio/
[2026-06-19T11:18:11Z] #1258 attempt=1/2 status=200 0.519s url=https://www.myfonts.com/products/regular-lucky-chunks-1143505
[2026-06-19T11:18:11Z] #1259 attempt=1/2 status=200 0.381s url=https://www.myfonts.com/collections/lucky-chunks-font-jinan-studio/
[2026-06-19T11:18:12Z] #1260 attempt=1/2 status=200 0.331s url=https://www.myfonts.com/products/regular-torsena-1143475
[2026-06-19T11:18:12Z] #1261 attempt=1/2 status=200 0.328s url=https://www.myfonts.com/collections/torsena-font-rasio-studio/
[2026-06-19T11:18:13Z] #1262 attempt=1/2 status=200 0.321s url=https://www.myfonts.com/products/regular-bavelina-1143476
[2026-06-19T11:18:13Z] #1263 attempt=1/2 status=429 0.030s url=https://www.myfonts.com/collections/bavelina-font-rasio-studio/
[2026-06-19T11:18:16Z] #1264 attempt=2/2 status=200 0.670s url=https://www.myfonts.com/collections/bavelina-font-rasio-studio/
[2026-06-19T11:18:17Z] #1265 attempt=1/2 status=200 0.278s url=https://www.myfonts.com/products/regular-malloray-1143474
[2026-06-19T11:18:18Z] #1266 attempt=1/2 status=200 0.553s url=https://www.myfonts.com/collections/malloray-font-rasio-studio/
[2026-06-19T11:18:18Z] #1267 attempt=1/2 status=200 0.337s url=https://www.myfonts.com/products/regular-la-mort-1143502
[2026-06-19T11:18:19Z] #1268 attempt=1/2 status=200 0.277s url=https://www.myfonts.com/collections/la-mort-font-sixtype-foundry/
[2026-06-19T11:18:19Z] #1269 attempt=1/2 status=200 0.394s url=https://www.myfonts.com/products/regular-kinfolke-1143513
[2026-06-19T11:18:20Z] #1270 attempt=1/2 status=200 0.437s url=https://www.myfonts.com/collections/kinfolke-font-unitype-studio/
[2026-06-19T11:18:20Z] #1271 attempt=1/2 status=429 0.041s url=https://www.myfonts.com/products/regular-dionara-1143477
[2026-06-19T11:18:23Z] #1272 attempt=2/2 status=200 0.334s url=https://www.myfonts.com/products/regular-dionara-1143477
[2026-06-19T11:18:23Z] #1273 attempt=1/2 status=200 0.464s url=https://www.myfonts.com/collections/dionara-font-rasio-studio/
[2026-06-19T11:18:24Z] #1274 attempt=1/2 status=200 0.418s url=https://www.myfonts.com/products/regular-salran-1143482
[2026-06-19T11:18:25Z] #1275 attempt=1/2 status=200 0.356s url=https://www.myfonts.com/collections/salran-font-only-fonts/
[2026-06-19T11:18:25Z] #1276 attempt=1/2 status=200 0.369s url=https://www.myfonts.com/products/regular-melloby-1143472
[2026-06-19T11:18:26Z] #1277 attempt=1/2 status=200 0.296s url=https://www.myfonts.com/collections/melloby-font-rasio-studio/
[2026-06-19T11:18:26Z] #1278 attempt=1/2 status=429 0.039s url=https://www.myfonts.com/products/icons-sketchin-1143517
[2026-06-19T11:18:29Z] #1279 attempt=2/2 status=200 0.473s url=https://www.myfonts.com/products/icons-sketchin-1143517
[2026-06-19T11:18:30Z] #1280 attempt=1/2 status=200 0.767s url=https://www.myfonts.com/collections/sketchin-font-design-vault-studio/
[2026-06-19T11:18:31Z] #1281 attempt=1/2 status=200 0.343s url=https://www.myfonts.com/products/regular-ronslgal-1143481
[2026-06-19T11:18:31Z] #1282 attempt=1/2 status=200 0.333s url=https://www.myfonts.com/collections/ronslgal-font-only-fonts/
[2026-06-19T11:18:32Z] #1283 attempt=1/2 status=200 0.436s url=https://www.myfonts.com/products/shree-telugu-2978-complete-family-package-1170263
[2026-06-19T11:18:33Z] #1284 attempt=1/2 status=200 0.546s url=https://www.myfonts.com/collections/shree-telugu-2978-font-modularinfotech/
[2026-06-19T11:18:34Z] #1285 attempt=1/2 status=200 0.642s url=https://www.myfonts.com/collections/shree-telugu-2978-font-modularinfotech/
[2026-06-19T11:18:34Z] #1286 attempt=1/2 status=200 0.380s url=https://www.myfonts.com/products/shree-telugu-2955-complete-family-package-1170204
[2026-06-19T11:18:34Z] #1287 attempt=1/2 status=429 0.038s url=https://www.myfonts.com/collections/shree-telugu-2955-font-modularinfotech/
[2026-06-19T11:18:37Z] #1288 attempt=2/2 status=200 0.425s url=https://www.myfonts.com/collections/shree-telugu-2955-font-modularinfotech/
[2026-06-19T11:18:38Z] #1289 attempt=1/2 status=200 0.645s url=https://www.myfonts.com/collections/shree-telugu-2955-font-modularinfotech/
[2026-06-19T11:18:39Z] #1290 attempt=1/2 status=200 0.364s url=https://www.myfonts.com/products/shree-telugu-2997-complete-family-package-1170227
[2026-06-19T11:18:40Z] #1291 attempt=1/2 status=200 0.896s url=https://www.myfonts.com/collections/shree-telugu-2997-font-modularinfotech/
[2026-06-19T11:18:40Z] #1292 attempt=1/2 status=200 0.483s url=https://www.myfonts.com/collections/shree-telugu-2997-font-modularinfotech/
[2026-06-19T11:18:41Z] #1293 attempt=1/2 status=200 0.352s url=https://www.myfonts.com/products/shree-telugu-2970-complete-family-package-1170272
[2026-06-19T11:18:42Z] #1294 attempt=1/2 status=200 0.606s url=https://www.myfonts.com/collections/shree-telugu-2970-font-modularinfotech/
[2026-06-19T11:18:42Z] #1295 attempt=1/2 status=200 0.233s url=https://www.myfonts.com/collections/shree-telugu-2970-font-modularinfotech/
[2026-06-19T11:18:43Z] #1296 attempt=1/2 status=200 0.581s url=https://www.myfonts.com/products/shree-tamil-3857-complete-family-package-1170286
[2026-06-19T11:18:44Z] #1297 attempt=1/2 status=429 0.035s url=https://www.myfonts.com/collections/shree-tamil-3857-font-modularinfotech/
[2026-06-19T11:18:46Z] #1298 attempt=2/2 status=200 0.640s url=https://www.myfonts.com/collections/shree-tamil-3857-font-modularinfotech/
[2026-06-19T11:18:47Z] #1299 attempt=1/2 status=200 0.789s url=https://www.myfonts.com/collections/shree-tamil-3857-font-modularinfotech/
[2026-06-19T11:18:48Z] #1300 attempt=1/2 status=200 0.404s url=https://www.myfonts.com/products/shree-tamil-3983-complete-family-package-1170230
[2026-06-19T11:18:49Z] #1301 attempt=1/2 status=200 0.458s url=https://www.myfonts.com/collections/shree-tamil-3983-font-modularinfotech/
[2026-06-19T11:18:49Z] #1302 attempt=1/2 status=200 0.145s url=https://www.myfonts.com/collections/shree-tamil-3983-font-modularinfotech/
[2026-06-19T11:18:50Z] #1303 attempt=1/2 status=200 0.407s url=https://www.myfonts.com/products/merngik-complete-family-package-1163814
[2026-06-19T11:18:50Z] #1304 attempt=1/2 status=200 0.421s url=https://www.myfonts.com/collections/merngik-font-agung-sudirman/
[2026-06-19T11:18:51Z] #1305 attempt=1/2 status=200 0.552s url=https://www.myfonts.com/products/shree-telugu-2959-complete-family-package-1170224
[2026-06-19T11:18:52Z] #1306 attempt=1/2 status=200 0.436s url=https://www.myfonts.com/collections/shree-telugu-2959-font-modularinfotech/
[2026-06-19T11:18:52Z] #1307 attempt=1/2 status=429 0.031s url=https://www.myfonts.com/collections/shree-telugu-2959-font-modularinfotech/
[2026-06-19T11:18:55Z] #1308 attempt=2/2 status=200 0.760s url=https://www.myfonts.com/collections/shree-telugu-2959-font-modularinfotech/
[2026-06-19T11:18:56Z] #1309 attempt=1/2 status=200 0.320s url=https://www.myfonts.com/products/shree-tamil-3848-complete-family-package-1170257
[2026-06-19T11:18:57Z] #1310 attempt=1/2 status=200 0.561s url=https://www.myfonts.com/collections/shree-tamil-3848-font-modularinfotech/
[2026-06-19T11:18:57Z] #1311 attempt=1/2 status=200 0.168s url=https://www.myfonts.com/collections/shree-tamil-3848-font-modularinfotech/
[2026-06-19T11:18:58Z] #1312 attempt=1/2 status=200 0.349s url=https://www.myfonts.com/products/shree-telugu-2961-complete-family-package-1170210
[2026-06-19T11:18:58Z] #1313 attempt=1/2 status=200 0.626s url=https://www.myfonts.com/collections/shree-telugu-2961-font-modularinfotech/
[2026-06-19T11:18:59Z] #1314 attempt=1/2 status=200 0.210s url=https://www.myfonts.com/collections/shree-telugu-2961-font-modularinfotech/
[2026-06-19T11:19:00Z] #1315 attempt=1/2 status=200 0.471s url=https://www.myfonts.com/products/shree-tamil-3853-complete-family-package-1170298
[2026-06-19T11:19:00Z] #1316 attempt=1/2 status=429 0.085s url=https://www.myfonts.com/collections/shree-tamil-3853-font-modularinfotech/
[2026-06-19T11:19:03Z] #1317 attempt=2/2 status=200 0.622s url=https://www.myfonts.com/collections/shree-tamil-3853-font-modularinfotech/
[2026-06-19T11:19:04Z] #1318 attempt=1/2 status=200 0.421s url=https://www.myfonts.com/collections/shree-tamil-3853-font-modularinfotech/
[2026-06-19T11:19:05Z] #1319 attempt=1/2 status=200 0.459s url=https://www.myfonts.com/products/shree-tamil-3991-complete-family-package-1170241
[2026-06-19T11:19:05Z] #1320 attempt=1/2 status=200 0.504s url=https://www.myfonts.com/collections/shree-tam3991-font-modularinfotech/
[2026-06-19T11:19:06Z] #1321 attempt=1/2 status=200 0.455s url=https://www.myfonts.com/products/shree-tamil-3974-complete-family-package-1170218
[2026-06-19T11:19:07Z] #1322 attempt=1/2 status=200 0.524s url=https://www.myfonts.com/collections/shree-tamil-3974-font-modularinfotech/
[2026-06-19T11:19:08Z] #1323 attempt=1/2 status=200 0.568s url=https://www.myfonts.com/collections/shree-tamil-3974-font-modularinfotech/
[2026-06-19T11:19:08Z] #1324 attempt=1/2 status=200 0.452s url=https://www.myfonts.com/products/shree-telugu-1639-complete-family-package-1170275
[2026-06-19T11:19:09Z] #1325 attempt=1/2 status=200 0.428s url=https://www.myfonts.com/collections/shree-telugu-1639-font-modularinfotech/
[2026-06-19T11:19:09Z] #1326 attempt=1/2 status=429 0.028s url=https://www.myfonts.com/collections/shree-telugu-1639-font-modularinfotech/
[2026-06-19T11:19:12Z] #1327 attempt=2/2 status=200 0.773s url=https://www.myfonts.com/collections/shree-telugu-1639-font-modularinfotech/
[2026-06-19T11:19:13Z] #1328 attempt=1/2 status=200 0.383s url=https://www.myfonts.com/products/shree-tamil-3859-complete-family-package-1170221
[2026-06-19T11:19:14Z] #1329 attempt=1/2 status=200 0.810s url=https://www.myfonts.com/collections/shree-tamil-3859-font-modularinfotech/
[2026-06-19T11:19:14Z] #1330 attempt=1/2 status=200 0.149s url=https://www.myfonts.com/collections/shree-tamil-3859-font-modularinfotech/
[2026-06-19T11:19:15Z] #1331 attempt=1/2 status=200 0.380s url=https://www.myfonts.com/products/shree-tamil-3931-complete-family-package-1170233
[2026-06-19T11:19:16Z] #1332 attempt=1/2 status=200 0.492s url=https://www.myfonts.com/collections/shree-tamil-3931-font-modularinfotech/
[2026-06-19T11:19:17Z] #1333 attempt=1/2 status=200 0.636s url=https://www.myfonts.com/collections/shree-tamil-3931-font-modularinfotech/
[2026-06-19T11:19:17Z] #1334 attempt=1/2 status=200 0.357s url=https://www.myfonts.com/products/shree-tamil-5411-complete-family-package-1170213
[2026-06-19T11:19:17Z] #1335 attempt=1/2 status=429 0.055s url=https://www.myfonts.com/collections/shree-tam5411-font-modularinfotech/
[2026-06-19T11:19:20Z] #1336 attempt=2/2 status=200 0.770s url=https://www.myfonts.com/collections/shree-tam5411-font-modularinfotech/
[2026-06-19T11:19:21Z] #1337 attempt=1/2 status=200 0.337s url=https://www.myfonts.com/products/shree-telugu-2965-complete-family-package-1170260
[2026-06-19T11:19:22Z] #1338 attempt=1/2 status=200 0.486s url=https://www.myfonts.com/collections/shree-telugu-2965-font-modularinfotech/
[2026-06-19T11:19:22Z] #1339 attempt=1/2 status=200 0.349s url=https://www.myfonts.com/collections/shree-telugu-2965-font-modularinfotech/
[2026-06-19T11:19:23Z] #1340 attempt=1/2 status=200 0.405s url=https://www.myfonts.com/products/shree-telugu-1616-complete-family-package-1170278
[2026-06-19T11:19:24Z] #1341 attempt=1/2 status=200 0.600s url=https://www.myfonts.com/collections/shree-telugu-1616-font-modularinfotech/
[2026-06-19T11:19:24Z] #1342 attempt=1/2 status=200 0.141s url=https://www.myfonts.com/collections/shree-telugu-1616-font-modularinfotech/
[2026-06-19T11:19:26Z] #1343 attempt=1/6 status=200 1.093s url=https://www.myfonts.com/products.json?limit=100&page=20
[2026-06-19T11:19:27Z] #1344 attempt=1/2 status=200 0.432s url=https://www.myfonts.com/products/shree-tamil-3982-complete-family-package-1170292
[2026-06-19T11:19:27Z] #1345 attempt=1/2 status=200 0.457s url=https://www.myfonts.com/collections/shree-tamil-3982-font-modularinfotech/
[2026-06-19T11:19:28Z] #1346 attempt=1/2 status=200 0.161s url=https://www.myfonts.com/collections/shree-tamil-3982-font-modularinfotech/
[2026-06-19T11:19:28Z] #1347 attempt=1/2 status=429 0.042s url=https://www.myfonts.com/products/shree-tamil-3851-complete-family-package-1170238
[2026-06-19T11:19:31Z] #1348 attempt=2/2 status=200 0.683s url=https://www.myfonts.com/products/shree-tamil-3851-complete-family-package-1170238
[2026-06-19T11:19:32Z] #1349 attempt=1/2 status=200 0.562s url=https://www.myfonts.com/collections/shree-tamil-3851-font-modularinfotech/
[2026-06-19T11:19:33Z] #1350 attempt=1/2 status=200 0.777s url=https://www.myfonts.com/collections/shree-tamil-3851-font-modularinfotech/
[2026-06-19T11:19:33Z] #1351 attempt=1/2 status=200 0.388s url=https://www.myfonts.com/products/shree-telugu-2951-complete-family-package-1170246
[2026-06-19T11:19:34Z] #1352 attempt=1/2 status=200 0.630s url=https://www.myfonts.com/collections/shree-telugu-2951-font-modularinfotech/
[2026-06-19T11:19:35Z] #1353 attempt=1/2 status=200 0.365s url=https://www.myfonts.com/collections/shree-telugu-2951-font-modularinfotech/
[2026-06-19T11:19:36Z] #1354 attempt=1/2 status=200 0.373s url=https://www.myfonts.com/products/shree-tamil-1327-complete-family-package-1170269
[2026-06-19T11:19:37Z] #1355 attempt=1/2 status=200 0.471s url=https://www.myfonts.com/collections/shree-tamil-1327-font-modularinfotech/
[2026-06-19T11:19:37Z] #1356 attempt=1/2 status=200 0.366s url=https://www.myfonts.com/collections/shree-tamil-1327-font-modularinfotech/
[2026-06-19T11:19:38Z] #1357 attempt=1/2 status=200 0.348s url=https://www.myfonts.com/products/shree-tamil-2883-complete-family-package-1170249
[2026-06-19T11:19:38Z] #1358 attempt=1/2 status=429 0.060s url=https://www.myfonts.com/collections/shree-tamil-2883-font-modularinfotech/
[2026-06-19T11:19:41Z] #1359 attempt=2/2 status=200 0.501s url=https://www.myfonts.com/collections/shree-tamil-2883-font-modularinfotech/
[2026-06-19T11:19:41Z] #1360 attempt=1/2 status=200 0.344s url=https://www.myfonts.com/products/shree-telugu-1669-complete-family-package-1170207
[2026-06-19T11:19:42Z] #1361 attempt=1/2 status=200 0.723s url=https://www.myfonts.com/collections/shree-telugu-1669-font-modularinfotech/
[2026-06-19T11:19:43Z] #1362 attempt=1/2 status=200 0.428s url=https://www.myfonts.com/collections/shree-telugu-1669-font-modularinfotech/
[2026-06-19T11:19:44Z] #1363 attempt=1/2 status=200 0.342s url=https://www.myfonts.com/products/shree-tamil-3861-complete-family-package-1170266
[2026-06-19T11:19:44Z] #1364 attempt=1/2 status=200 0.550s url=https://www.myfonts.com/collections/shree-tamil-3861-font-modularinfotech/
[2026-06-19T11:19:45Z] #1365 attempt=1/2 status=200 0.480s url=https://www.myfonts.com/collections/shree-tamil-3861-font-modularinfotech/
[2026-06-19T11:19:45Z] #1366 attempt=1/2 status=429 0.043s url=https://www.myfonts.com/products/shree-tamil-3838-complete-family-package-1170295
[2026-06-19T11:19:48Z] #1367 attempt=2/2 status=200 0.408s url=https://www.myfonts.com/products/shree-tamil-3838-complete-family-package-1170295
[2026-06-19T11:19:49Z] #1368 attempt=1/2 status=200 0.478s url=https://www.myfonts.com/collections/shree-tamil-3838-font-modularinfotech/
[2026-06-19T11:19:50Z] #1369 attempt=1/2 status=200 0.408s url=https://www.myfonts.com/collections/shree-tamil-3838-font-modularinfotech/
[2026-06-19T11:19:50Z] #1370 attempt=1/2 status=200 0.404s url=https://www.myfonts.com/products/shree-telugu-4735-complete-family-package-1170252
[2026-06-19T11:19:51Z] #1371 attempt=1/2 status=200 0.640s url=https://www.myfonts.com/collections/shree-telugu-4735-font-modularinfotech/
[2026-06-19T11:19:52Z] #1372 attempt=1/2 status=200 0.607s url=https://www.myfonts.com/collections/shree-telugu-4735-font-modularinfotech/
[2026-06-19T11:19:52Z] #1373 attempt=1/2 status=200 0.306s url=https://www.myfonts.com/products/shree-tamil-3881-complete-family-package-1170283
[2026-06-19T11:19:53Z] #1374 attempt=1/2 status=200 0.515s url=https://www.myfonts.com/collections/shree-tamil-3881-font-modularinfotech/
[2026-06-19T11:19:54Z] #1375 attempt=1/2 status=200 0.517s url=https://www.myfonts.com/collections/shree-tamil-3881-font-modularinfotech/
[2026-06-19T11:19:54Z] #1376 attempt=1/2 status=429 0.031s url=https://www.myfonts.com/products/shree-tamil-3871-complete-family-package-1170301
[2026-06-19T11:19:57Z] #1377 attempt=2/2 status=200 0.395s url=https://www.myfonts.com/products/shree-tamil-3871-complete-family-package-1170301
[2026-06-19T11:19:58Z] #1378 attempt=1/2 status=200 0.424s url=https://www.myfonts.com/collections/shree-tamil-3871-font-modularinfotech/
[2026-06-19T11:19:58Z] #1379 attempt=1/2 status=200 0.141s url=https://www.myfonts.com/collections/shree-tamil-3871-font-modularinfotech/
[2026-06-19T11:19:59Z] #1380 attempt=1/2 status=200 0.742s url=https://www.myfonts.com/products/deplictis-3rd-bundle-package-1025130
[2026-06-19T11:19:59Z] #1381 attempt=1/2 status=404 0.220s url=https://www.myfonts.com/collections/deplictis-3rd-bundle-font-deplictis-types
[2026-06-19T11:20:00Z] #1382 attempt=1/2 status=200 0.473s url=https://www.myfonts.com/products/hoday-complete-family-package-1170008
[2026-06-19T11:20:01Z] #1383 attempt=1/2 status=200 0.512s url=https://www.myfonts.com/collections/hoday-font-koplexs-studio/
[2026-06-19T11:20:02Z] #1384 attempt=1/2 status=200 0.642s url=https://www.myfonts.com/products/epopeya-complete-family-package-1169148
[2026-06-19T11:20:02Z] #1385 attempt=1/2 status=429 0.039s url=https://www.myfonts.com/collections/epopeya-font-tour-de-force/
[2026-06-19T11:20:05Z] #1386 attempt=2/2 status=200 0.847s url=https://www.myfonts.com/collections/epopeya-font-tour-de-force/
[2026-06-19T11:20:06Z] #1387 attempt=1/2 status=200 0.353s url=https://www.myfonts.com/products/gulder-radeon-complete-family-package-1169936
[2026-06-19T11:20:07Z] #1388 attempt=1/2 status=200 0.533s url=https://www.myfonts.com/collections/gulder-radeon-font-gian-studio/
[2026-06-19T11:20:08Z] #1389 attempt=1/2 status=200 0.595s url=https://www.myfonts.com/products/ac-texto-pro-complete-family-package-1148652
[2026-06-19T11:20:09Z] #1390 attempt=1/2 status=200 1.040s url=https://www.myfonts.com/collections/ac-texto-pro-font-antoine-crama/
[2026-06-19T11:20:10Z] #1391 attempt=1/2 status=200 0.529s url=https://www.myfonts.com/products/neuetype-complete-family-package-1169160
[2026-06-19T11:20:11Z] #1392 attempt=1/2 status=200 0.882s url=https://www.myfonts.com/collections/neuetype-font-nicolass-fonts/
[2026-06-19T11:20:12Z] #1393 attempt=1/2 status=200 1.007s url=https://www.myfonts.com/products/limit-frwy-complete-family-package-1169636
[2026-06-19T11:20:14Z] #1394 attempt=1/2 status=200 1.336s url=https://www.myfonts.com/collections/limit-frwy-font-bold-guys/
[2026-06-19T11:20:16Z] #1395 attempt=1/2 status=200 1.393s url=https://www.myfonts.com/products/basher-rivelga-complete-family-package-1168962
[2026-06-19T11:20:17Z] #1396 attempt=1/2 status=200 1.554s url=https://www.myfonts.com/collections/basher-rivelga-font-gian-studio/
[2026-06-19T11:20:18Z] #1397 attempt=1/2 status=200 0.426s url=https://www.myfonts.com/products/lim-siendra-complete-family-package-1169933
[2026-06-19T11:20:19Z] #1398 attempt=1/2 status=200 0.424s url=https://www.myfonts.com/collections/lim-siendra-font-tini-fitriani/
[2026-06-19T11:20:20Z] #1399 attempt=1/2 status=200 0.642s url=https://www.myfonts.com/products/visual-vibes-complete-family-package-1168730
[2026-06-19T11:20:21Z] #1400 attempt=1/2 status=200 0.752s url=https://www.myfonts.com/collections/visual-vibes-font-visualizeunited-fonts/
[2026-06-19T11:20:22Z] #1401 attempt=1/2 status=200 0.628s url=https://www.myfonts.com/products/nebraska-complete-family-package-1163903
[2026-06-19T11:20:23Z] #1402 attempt=1/2 status=200 0.872s url=https://www.myfonts.com/collections/nebraska-font-typeberry/
[2026-06-19T11:20:26Z] #1403 attempt=1/2 status=200 2.737s url=https://www.myfonts.com/products/refiost-complete-family-package-1168781
[2026-06-19T11:20:29Z] #1404 attempt=1/2 status=200 2.772s url=https://www.myfonts.com/collections/refiost-font-gian-studio/
[2026-06-19T11:20:30Z] #1405 attempt=1/2 status=200 0.471s url=https://www.myfonts.com/products/pecal-complete-family-package-1170013
[2026-06-19T11:20:31Z] #1406 attempt=1/2 status=200 0.519s url=https://www.myfonts.com/collections/pecal-font-hurufatfont-type-foundry/
[2026-06-19T11:20:32Z] #1407 attempt=1/2 status=200 0.513s url=https://www.myfonts.com/products/roast-carnival-complete-family-package-1161810
[2026-06-19T11:20:32Z] #1408 attempt=1/2 status=200 0.548s url=https://www.myfonts.com/collections/roast-carnival-font-mans-greback/
[2026-06-19T11:20:33Z] #1409 attempt=1/2 status=200 0.740s url=https://www.myfonts.com/products/reomyr-complete-family-package-1169995
[2026-06-19T11:20:34Z] #1410 attempt=1/2 status=200 0.676s url=https://www.myfonts.com/collections/reomyr-font-erwin-krump/
[2026-06-19T11:20:36Z] #1411 attempt=1/6 status=200 1.342s url=https://www.myfonts.com/products.json?limit=100&page=21
[2026-06-19T11:20:37Z] #1412 attempt=1/2 status=200 0.577s url=https://www.myfonts.com/products/bremlin-complete-family-package-1169056
[2026-06-19T11:20:38Z] #1413 attempt=1/2 status=200 0.588s url=https://www.myfonts.com/collections/bremlin-font-grezline-studio/
[2026-06-19T11:20:39Z] #1414 attempt=1/2 status=200 0.587s url=https://www.myfonts.com/products/small-package-2-package-1163849
[2026-06-19T11:20:40Z] #1415 attempt=1/2 status=200 0.973s url=https://www.myfonts.com/collections/boba-font-typeberry/
[2026-06-19T11:20:41Z] #1416 attempt=1/2 status=200 0.428s url=https://www.myfonts.com/products/querencia-complete-family-package-1161805
[2026-06-19T11:20:42Z] #1417 attempt=1/2 status=200 0.595s url=https://www.myfonts.com/collections/querencia-font-mans-greback/
[2026-06-19T11:20:44Z] #1418 attempt=1/2 status=200 2.466s url=https://www.myfonts.com/products/soft-package-1169304
[2026-06-19T11:20:48Z] #1419 attempt=1/2 status=500 3.331s url=https://www.myfonts.com/collections/selnora-font-nia-typework/
[2026-06-19T11:20:48Z] #1420 attempt=1/2 status=404 0.227s url=https://www.myfonts.com/collections/soft-font-nia-typework
[2026-06-19T11:20:49Z] #1421 attempt=1/2 status=200 0.482s url=https://www.myfonts.com/products/milwaukee-jazz-complete-family-package-1167566
[2026-06-19T11:20:50Z] #1422 attempt=1/2 status=200 0.476s url=https://www.myfonts.com/collections/milwaukee-jazz-font-visualizeunited-fonts/
[2026-06-19T11:20:50Z] #1423 attempt=1/2 status=200 0.377s url=https://www.myfonts.com/products/polkagris-complete-family-package-1161791
[2026-06-19T11:20:51Z] #1424 attempt=1/2 status=200 0.456s url=https://www.myfonts.com/collections/polkagris-font-mans-greback/
[2026-06-19T11:20:53Z] #1425 attempt=1/2 status=200 2.040s url=https://www.myfonts.com/products/santhor-complete-family-package-1165821
[2026-06-19T11:20:56Z] #1426 attempt=1/2 status=200 2.536s url=https://www.myfonts.com/collections/santhor-font-propertype/
[2026-06-19T11:20:57Z] #1427 attempt=1/2 status=200 0.516s url=https://www.myfonts.com/products/naolica-complete-family-package-1168722
[2026-06-19T11:20:58Z] #1428 attempt=1/2 status=200 0.794s url=https://www.myfonts.com/collections/naolica-font-ixipcalli/
[2026-06-19T11:21:01Z] #1429 attempt=1/2 status=200 2.614s url=https://www.myfonts.com/products/booster-complete-family-package-1167435
[2026-06-19T11:21:05Z] #1430 attempt=1/2 status=200 3.144s url=https://www.myfonts.com/collections/booster-font-blaze-type/
[2026-06-19T11:21:06Z] #1431 attempt=1/2 status=200 0.618s url=https://www.myfonts.com/products/basic-set-package-1148693
[2026-06-19T11:21:07Z] #1432 attempt=1/2 status=200 1.004s url=https://www.myfonts.com/collections/ac-texto-font-antoine-crama/
[2026-06-19T11:21:08Z] #1433 attempt=1/2 status=200 0.570s url=https://www.myfonts.com/products/regular-package-package-1163837
[2026-06-19T11:21:10Z] #1434 attempt=1/2 status=200 1.126s url=https://www.myfonts.com/collections/krause-font-typeberry/
[2026-06-19T11:21:11Z] #1435 attempt=1/2 status=200 0.909s url=https://www.myfonts.com/products/bithora-regular-package-1165415
[2026-06-19T11:21:13Z] #1436 attempt=1/2 status=200 1.481s url=https://www.myfonts.com/collections/bethora-font-lettersams/
[2026-06-19T11:21:14Z] #1437 attempt=1/2 status=200 1.398s url=https://www.myfonts.com/products/semi-condensed-package-1170141
[2026-06-19T11:21:17Z] #1438 attempt=1/2 status=200 2.823s url=https://www.myfonts.com/collections/mallone-font-skinny-type/
[2026-06-19T11:21:18Z] #1439 attempt=1/2 status=200 0.520s url=https://www.myfonts.com/products/tuscany-shade-complete-family-package-1169677
[2026-06-19T11:21:20Z] #1440 attempt=1/2 status=200 1.226s url=https://www.myfonts.com/collections/tuscany-shade-font-larin-type-co/
[2026-06-19T11:21:21Z] #1441 attempt=1/2 status=200 0.536s url=https://www.myfonts.com/products/pumpking-complete-family-package-1170022
[2026-06-19T11:21:22Z] #1442 attempt=1/2 status=200 0.884s url=https://www.myfonts.com/collections/pumpking-font-alpercakici/
[2026-06-19T11:21:23Z] #1443 attempt=1/2 status=200 0.442s url=https://www.myfonts.com/products/rhuma-sinera-complete-family-package-1169690
[2026-06-19T11:21:24Z] #1444 attempt=1/2 status=200 0.673s url=https://www.myfonts.com/collections/rhuma-sinera-font-mabhal-studio/
[2026-06-19T11:21:24Z] #1445 attempt=1/2 status=200 0.343s url=https://www.myfonts.com/products/jengyah-complete-family-package-1161713
[2026-06-19T11:21:25Z] #1446 attempt=1/2 status=200 0.457s url=https://www.myfonts.com/collections/jengyah-italy-font-tripletree-studio/
[2026-06-19T11:21:26Z] #1447 attempt=1/2 status=200 0.480s url=https://www.myfonts.com/products/velona-complete-family-package-1165964
[2026-06-19T11:21:26Z] #1448 attempt=1/2 status=200 0.603s url=https://www.myfonts.com/collections/velona-font-rezastudio/
[2026-06-19T11:21:27Z] #1449 attempt=1/2 status=200 0.479s url=https://www.myfonts.com/products/etgea-complete-family-package-1074225
[2026-06-19T11:21:28Z] #1450 attempt=1/2 status=200 0.827s url=https://www.myfonts.com/collections/etgea-font-sealoung/
[2026-06-19T11:21:29Z] #1451 attempt=1/2 status=200 0.457s url=https://www.myfonts.com/products/postamp-grotesk-complete-family-package-1169982
[2026-06-19T11:21:30Z] #1452 attempt=1/2 status=200 0.687s url=https://www.myfonts.com/collections/postamp-grotesk-font-fontfabric/
[2026-06-19T11:21:31Z] #1453 attempt=1/2 status=200 0.656s url=https://www.myfonts.com/products/limit-frwy-variable-concept-complete-family-package-1169632
[2026-06-19T11:21:32Z] #1454 attempt=1/2 status=200 0.623s url=https://www.myfonts.com/collections/limit-frwy-variable-concept-font-bold-guys/
[2026-06-19T11:21:33Z] #1455 attempt=1/2 status=200 0.499s url=https://www.myfonts.com/products/the-eiblanc-club-hermese-complete-family-package-1169375
[2026-06-19T11:21:34Z] #1456 attempt=1/2 status=200 0.750s url=https://www.myfonts.com/collections/the-eiblanc-club-hermese-font-naturalink/
[2026-06-19T11:21:34Z] #1457 attempt=1/2 status=200 0.472s url=https://www.myfonts.com/products/roadster-customs-complete-family-package-1170108
[2026-06-19T11:21:35Z] #1458 attempt=1/2 status=200 0.645s url=https://www.myfonts.com/collections/roadster-customs-font-edignwn-type/
[2026-06-19T11:21:36Z] #1459 attempt=1/2 status=200 0.314s url=https://www.myfonts.com/products/carta-bianca-complete-family-package-1161796
[2026-06-19T11:21:37Z] #1460 attempt=1/2 status=200 0.627s url=https://www.myfonts.com/collections/carta-bianca-font-mans-greback/
[2026-06-19T11:21:37Z] #1461 attempt=1/2 status=200 0.414s url=https://www.myfonts.com/products/grimmig-variable-complete-family-package-1169097
[2026-06-19T11:21:38Z] #1462 attempt=1/2 status=200 0.649s url=https://www.myfonts.com/collections/grimmig-variable-font-schriftlabor/
[2026-06-19T11:21:39Z] #1463 attempt=1/2 status=200 0.389s url=https://www.myfonts.com/products/milwaukee-funk-complete-family-package-1167561
[2026-06-19T11:21:40Z] #1464 attempt=1/2 status=200 0.621s url=https://www.myfonts.com/collections/milwaukee-funk-font-visualizeunited-fonts/
[2026-06-19T11:21:40Z] #1465 attempt=1/2 status=200 0.422s url=https://www.myfonts.com/products/sad-stencil-club-complete-family-package-1169926
[2026-06-19T11:21:41Z] #1466 attempt=1/2 status=200 0.543s url=https://www.myfonts.com/collections/sad-stencil-club-font-woodcutter/
[2026-06-19T11:21:42Z] #1467 attempt=1/2 status=200 0.437s url=https://www.myfonts.com/products/reel-complete-family-package-1169940
[2026-06-19T11:21:43Z] #1468 attempt=1/2 status=200 0.462s url=https://www.myfonts.com/collections/reel-font-jamie-clarke-type/
[2026-06-19T11:21:43Z] #1469 attempt=1/2 status=200 0.479s url=https://www.myfonts.com/products/kniga-complete-family-package-1169697
[2026-06-19T11:21:44Z] #1470 attempt=1/2 status=200 0.697s url=https://www.myfonts.com/collections/kniga-font-alpercakici/
[2026-06-19T11:21:45Z] #1471 attempt=1/2 status=200 0.346s url=https://www.myfonts.com/products/sahajo-script-complete-family-package-1161800
[2026-06-19T11:21:46Z] #1472 attempt=1/2 status=200 0.704s url=https://www.myfonts.com/collections/sahajo-script-font-mans-greback/
[2026-06-19T11:21:47Z] #1473 attempt=1/2 status=200 0.435s url=https://www.myfonts.com/products/sf-nishan-complete-family-package-1170197
[2026-06-19T11:21:47Z] #1474 attempt=1/2 status=200 0.472s url=https://www.myfonts.com/collections/sf-nishan-font-sultan-fonts/
[2026-06-19T11:21:48Z] #1475 attempt=1/2 status=200 0.381s url=https://www.myfonts.com/products/veyla-complete-family-package-1169371
[2026-06-19T11:21:49Z] #1476 attempt=1/2 status=200 0.592s url=https://www.myfonts.com/collections/veyla-font-ethylene/
[2026-06-19T11:21:49Z] #1477 attempt=1/2 status=200 0.326s url=https://www.myfonts.com/products/cardival-complete-family-package-1169321
[2026-06-19T11:21:50Z] #1478 attempt=1/2 status=200 0.473s url=https://www.myfonts.com/collections/cardival-font-lettertype-studio/
[2026-06-19T11:21:52Z] #1479 attempt=1/6 status=200 1.143s url=https://www.myfonts.com/products.json?limit=100&page=22
[2026-06-19T11:21:54Z] #1480 attempt=1/6 status=200 1.126s url=https://www.myfonts.com/products.json?limit=100&page=23
[2026-06-19T11:21:55Z] #1481 attempt=1/6 status=200 1.000s url=https://www.myfonts.com/products.json?limit=100&page=24
[2026-06-19T11:21:57Z] #1482 attempt=1/6 status=200 1.023s url=https://www.myfonts.com/products.json?limit=100&page=25
[2026-06-19T11:21:57Z] summary releases=1443 first_429=(107, 'https://www.myfonts.com/collections/shree-tamil-3854-font-modularinfotech/', 0.053106069564819336) log_file=state/myfonts_run_20260619_105217.log
[2026-06-19T11:21:57Z] === MyFonts crawl end ===
