[2026-06-08T11:12:28Z] checkpoint fresh next_page=1 path=state/myfonts_crawl_checkpoint.json
[2026-06-08T11:12:28Z] === MyFonts crawl start source=myfonts ===
[2026-06-08T11:12:28Z] config max_pages=25 page_size=100 start_date=2026-06-07 end_date=2026-06-08 api_delay=0.5s detail_delay=0.2s max_debut_checks=400 max_tech_specs_checks=200 reuse_success_profile=False always_enrich_packages=True language_script_signal_mode=strong force_fresh_run=False start_page=1 browser_mode=False browser_headless=True browser_storage_state_path=state/myfonts_storage_state.json
[2026-06-08T11:12:29Z] #1 attempt=1/6 status=200 0.810s url=https://www.myfonts.com/products.json?limit=100&page=1
[2026-06-08T11:12:30Z] #2 attempt=1/2 status=200 0.394s url=https://www.myfonts.com/products/smooth-bold-extracondensed-italic-noveris-forma-1164771
[2026-06-08T11:12:31Z] #3 attempt=1/2 status=200 0.784s url=https://www.myfonts.com/collections/noveris-forma-font-slex-studio/
[2026-06-08T11:12:32Z] #4 attempt=1/2 status=200 0.739s url=https://www.myfonts.com/collections/noveris-forma-font-slex-studio/?tab=techSpecs
[2026-06-08T11:12:33Z] #5 attempt=1/2 status=200 1.016s url=https://www.myfonts.com/products/50-font-bundle-package-1046439
[2026-06-08T11:12:34Z] #6 attempt=1/2 status=404 0.232s url=https://www.myfonts.com/collections/50-font-bundle-font-dream-font
[2026-06-08T11:12:35Z] #7 attempt=1/2 status=200 0.713s url=https://www.myfonts.com/products/signature-bundle-package-1046440
[2026-06-08T11:12:35Z] #8 attempt=1/2 status=404 0.190s url=https://www.myfonts.com/collections/signature-bundle-font-dream-font
[2026-06-08T11:12:36Z] #9 attempt=1/2 status=200 0.459s url=https://www.myfonts.com/products/infinity-font-bundle-package-1004854
[2026-06-08T11:12:36Z] #10 attempt=1/2 status=404 0.296s url=https://www.myfonts.com/collections/infinity-font-bundle-font-dream-font
[2026-06-08T11:12:37Z] #11 attempt=1/2 status=200 0.784s url=https://www.myfonts.com/products/challenger-font-bundle-package-1004855
[2026-06-08T11:12:38Z] #12 attempt=1/2 status=404 0.186s url=https://www.myfonts.com/collections/challenger-font-bundle-font-dream-font
[2026-06-08T11:12:38Z] #13 attempt=1/2 status=200 0.352s url=https://www.myfonts.com/products/bekor-extra-bundle-package-1004853
[2026-06-08T11:12:39Z] #14 attempt=1/2 status=404 0.235s url=https://www.myfonts.com/collections/bekor-extra-bundle-font-dream-font
[2026-06-08T11:12:39Z] #15 attempt=1/2 status=200 0.364s url=https://www.myfonts.com/products/tipo-movin-cdmx-complete-family-package-1164680
[2026-06-08T11:12:40Z] #16 attempt=1/2 status=200 0.433s url=https://www.myfonts.com/collections/tipo-movin-cdmx-font-ixipcalli/
[2026-06-08T11:12:40Z] #17 attempt=1/2 status=200 0.153s url=https://www.myfonts.com/collections/tipo-movin-cdmx-font-ixipcalli/?tab=techSpecs
[2026-06-08T11:12:42Z] #18 attempt=1/2 status=200 0.339s url=https://www.myfonts.com/products/tipo-metro-cdmx-complete-family-package-1164673
[2026-06-08T11:12:42Z] #19 attempt=1/2 status=200 0.397s url=https://www.myfonts.com/collections/tipo-metro-cdmx-font-ixipcalli/
[2026-06-08T11:12:43Z] #20 attempt=1/2 status=200 0.143s url=https://www.myfonts.com/collections/tipo-metro-cdmx-font-ixipcalli/?tab=techSpecs
[2026-06-08T11:12:44Z] #21 attempt=1/2 status=200 0.375s url=https://www.myfonts.com/products/limit-micro-variable-concept-complete-family-package-1164652
[2026-06-08T11:12:44Z] #22 attempt=1/2 status=200 0.391s url=https://www.myfonts.com/collections/limit-micro-variable-concept-font-bold-guys/
[2026-06-08T11:12:45Z] #23 attempt=1/2 status=200 0.398s url=https://www.myfonts.com/collections/limit-micro-variable-concept-font-bold-guys/?tab=techSpecs
[2026-06-08T11:12:46Z] #24 attempt=1/2 status=200 0.501s url=https://www.myfonts.com/products/blumir-complete-family-package-1164569
[2026-06-08T11:12:47Z] #25 attempt=1/2 status=200 0.866s url=https://www.myfonts.com/collections/blumir-font-ridtype/
[2026-06-08T11:12:48Z] #26 attempt=1/2 status=200 0.148s url=https://www.myfonts.com/collections/blumir-font-ridtype/?tab=techSpecs
[2026-06-08T11:12:49Z] #27 attempt=1/2 status=200 0.307s url=https://www.myfonts.com/products/limit-text-variable-concept-complete-family-package-1164656
[2026-06-08T11:12:50Z] #28 attempt=1/2 status=200 0.418s url=https://www.myfonts.com/collections/limit-text-variable-concept-font-bold-guys/
[2026-06-08T11:12:50Z] #29 attempt=1/2 status=200 0.346s url=https://www.myfonts.com/collections/limit-text-variable-concept-font-bold-guys/?tab=techSpecs
[2026-06-08T11:12:51Z] #30 attempt=1/2 status=200 0.495s url=https://www.myfonts.com/products/gutriger-complete-family-package-1164597
[2026-06-08T11:12:53Z] #31 attempt=1/2 status=200 0.989s url=https://www.myfonts.com/collections/gutriger-font-ridtype/
[2026-06-08T11:12:54Z] #32 attempt=1/2 status=200 0.734s url=https://www.myfonts.com/collections/gutriger-font-ridtype/?tab=techSpecs
[2026-06-08T11:12:55Z] #33 attempt=1/2 status=200 0.364s url=https://www.myfonts.com/products/limit-variable-concept-full-complete-family-package-1164664
[2026-06-08T11:12:55Z] #34 attempt=1/2 status=200 0.343s url=https://www.myfonts.com/collections/limit-variable-concept-full-font-bold-guys/
[2026-06-08T11:12:56Z] #35 attempt=1/2 status=200 0.133s url=https://www.myfonts.com/collections/limit-variable-concept-full-font-bold-guys/?tab=techSpecs
[2026-06-08T11:12:57Z] #36 attempt=1/2 status=200 0.516s url=https://www.myfonts.com/products/ghivenic-complete-family-package-1164571
[2026-06-08T11:12:58Z] #37 attempt=1/2 status=200 0.641s url=https://www.myfonts.com/collections/ghivenic-font-ridtype/
[2026-06-08T11:12:59Z] #38 attempt=1/2 status=200 0.625s url=https://www.myfonts.com/collections/ghivenic-font-ridtype/?tab=techSpecs
[2026-06-08T11:13:00Z] #39 attempt=1/2 status=200 0.392s url=https://www.myfonts.com/products/limit-display-variable-concept-complete-family-package-1164660
[2026-06-08T11:13:01Z] #40 attempt=1/2 status=200 0.384s url=https://www.myfonts.com/collections/limit-display-variable-concept-font-bold-guys/
[2026-06-08T11:13:01Z] #41 attempt=1/2 status=200 0.461s url=https://www.myfonts.com/collections/limit-display-variable-concept-font-bold-guys/?tab=techSpecs
[2026-06-08T11:13:03Z] #42 attempt=1/2 status=200 0.551s url=https://www.myfonts.com/products/sansceina-complete-family-package-1164574
[2026-06-08T11:13:04Z] #43 attempt=1/2 status=200 0.861s url=https://www.myfonts.com/collections/sansceina-font-ridtype/
[2026-06-08T11:13:05Z] #44 attempt=1/2 status=200 0.620s url=https://www.myfonts.com/collections/sansceina-font-ridtype/?tab=techSpecs
[2026-06-08T11:13:07Z] #45 attempt=1/2 status=200 0.329s url=https://www.myfonts.com/products/basis-grotesque-arabic-complete-family-package-1164634
[2026-06-08T11:13:08Z] #46 attempt=1/2 status=200 0.432s url=https://www.myfonts.com/collections/basis-grotesque-arabic-font-colophon-foundry/
[2026-06-08T11:13:09Z] #47 attempt=1/2 status=200 0.427s url=https://www.myfonts.com/collections/basis-grotesque-arabic-font-colophon-foundry/?tab=techSpecs
[2026-06-08T11:13:12Z] #48 attempt=1/2 status=200 0.273s url=https://www.myfonts.com/products/regular-loving-de-rome-1164596
[2026-06-08T11:13:12Z] #49 attempt=1/2 status=200 0.302s url=https://www.myfonts.com/collections/loving-de-rome-font-tanon-design/
[2026-06-08T11:13:13Z] #50 attempt=1/2 status=200 0.141s url=https://www.myfonts.com/collections/loving-de-rome-font-tanon-design/?tab=techSpecs
[2026-06-08T11:13:13Z] #51 attempt=1/2 status=200 0.277s url=https://www.myfonts.com/products/regular-aigos-1164599
[2026-06-08T11:13:14Z] #52 attempt=1/2 status=200 0.249s url=https://www.myfonts.com/collections/aigos-font-pekotype/
[2026-06-08T11:13:14Z] #53 attempt=1/2 status=200 0.272s url=https://www.myfonts.com/collections/aigos-font-pekotype/?tab=techSpecs
[2026-06-08T11:13:15Z] #54 attempt=1/2 status=200 0.257s url=https://www.myfonts.com/products/regular-the-grateful-party-1164573
[2026-06-08T11:13:16Z] #55 attempt=1/2 status=200 0.262s url=https://www.myfonts.com/collections/the-grateful-party-font-sloulyfe-studio/
[2026-06-08T11:13:16Z] #56 attempt=1/2 status=200 0.272s url=https://www.myfonts.com/collections/the-grateful-party-font-sloulyfe-studio/?tab=techSpecs
[2026-06-08T11:13:17Z] #57 attempt=1/2 status=200 0.237s url=https://www.myfonts.com/products/regular-koralline-1164605
[2026-06-08T11:13:17Z] #58 attempt=1/2 status=200 0.278s url=https://www.myfonts.com/collections/koralline-font-vadova-std/
[2026-06-08T11:13:18Z] #59 attempt=1/2 status=200 0.291s url=https://www.myfonts.com/collections/koralline-font-vadova-std/?tab=techSpecs
[2026-06-08T11:13:19Z] #60 attempt=1/2 status=200 0.303s url=https://www.myfonts.com/products/regular-suerda-1164602
[2026-06-08T11:13:19Z] #61 attempt=1/2 status=200 0.347s url=https://www.myfonts.com/collections/suerda-font-olivetype/
[2026-06-08T11:13:20Z] #62 attempt=1/2 status=200 0.158s url=https://www.myfonts.com/collections/suerda-font-olivetype/?tab=techSpecs
[2026-06-08T11:13:20Z] #63 attempt=1/2 status=200 0.294s url=https://www.myfonts.com/products/regular-monside-1164600
[2026-06-08T11:13:21Z] #64 attempt=1/2 status=200 0.283s url=https://www.myfonts.com/collections/monside-font-jaruka-creative/
[2026-06-08T11:13:22Z] #65 attempt=1/2 status=200 0.263s url=https://www.myfonts.com/collections/monside-font-jaruka-creative/?tab=techSpecs
[2026-06-08T11:13:22Z] #66 attempt=1/2 status=200 0.264s url=https://www.myfonts.com/products/regular-tzuyuha-1164606
[2026-06-08T11:13:23Z] #67 attempt=1/2 status=200 0.253s url=https://www.myfonts.com/collections/tzuyuha-font-vadova-std/
[2026-06-08T11:13:23Z] #68 attempt=1/2 status=200 0.267s url=https://www.myfonts.com/collections/tzuyuha-font-vadova-std/?tab=techSpecs
[2026-06-08T11:13:24Z] #69 attempt=1/2 status=200 0.254s url=https://www.myfonts.com/products/regular-xeonic-1164601
[2026-06-08T11:13:25Z] #70 attempt=1/2 status=200 0.254s url=https://www.myfonts.com/collections/xeonic-font-pekotype/
[2026-06-08T11:13:25Z] #71 attempt=1/2 status=200 0.143s url=https://www.myfonts.com/collections/xeonic-font-pekotype/?tab=techSpecs
[2026-06-08T11:13:26Z] #72 attempt=1/2 status=200 0.263s url=https://www.myfonts.com/products/regular-manhaj-1164603
[2026-06-08T11:13:26Z] #73 attempt=1/2 status=200 0.297s url=https://www.myfonts.com/collections/manhaj-font-jaruka-creative/
[2026-06-08T11:13:27Z] #74 attempt=1/2 status=200 0.297s url=https://www.myfonts.com/collections/manhaj-font-jaruka-creative/?tab=techSpecs
[2026-06-08T11:13:28Z] #75 attempt=1/2 status=200 0.230s url=https://www.myfonts.com/products/regular-deadbone-1164612
[2026-06-08T11:13:28Z] #76 attempt=1/2 status=200 0.299s url=https://www.myfonts.com/collections/deadbone-font-vadova-std/
[2026-06-08T11:13:29Z] #77 attempt=1/2 status=200 0.288s url=https://www.myfonts.com/collections/deadbone-font-vadova-std/?tab=techSpecs
[2026-06-08T11:13:29Z] #78 attempt=1/2 status=200 0.256s url=https://www.myfonts.com/products/regular-rosemeu-1164604
[2026-06-08T11:13:30Z] #79 attempt=1/2 status=200 0.265s url=https://www.myfonts.com/collections/rosemeu-font-vadova-std/
[2026-06-08T11:13:30Z] #80 attempt=1/2 status=200 0.285s url=https://www.myfonts.com/collections/rosemeu-font-vadova-std/?tab=techSpecs
[2026-06-08T11:13:32Z] #81 attempt=1/2 status=200 0.379s url=https://www.myfonts.com/products/regular-cybernex-1164611
[2026-06-08T11:13:32Z] #82 attempt=1/2 status=429 0.046s url=https://www.myfonts.com/collections/cybernex-font-vadova-std/
[2026-06-08T11:13:32Z] first_429 req=82 url=https://www.myfonts.com/collections/cybernex-font-vadova-std/
[2026-06-08T11:13:34Z] #83 attempt=2/2 status=200 0.496s url=https://www.myfonts.com/collections/cybernex-font-vadova-std/
[2026-06-08T11:13:35Z] #84 attempt=1/2 status=200 0.488s url=https://www.myfonts.com/products/regular-arcade-byte-1164614
[2026-06-08T11:13:36Z] #85 attempt=1/2 status=429 0.054s url=https://www.myfonts.com/collections/arcade-byte-font-shanaf/
[2026-06-08T11:13:38Z] #86 attempt=2/2 status=200 0.399s url=https://www.myfonts.com/collections/arcade-byte-font-shanaf/
[2026-06-08T11:13:39Z] #87 attempt=1/2 status=200 0.305s url=https://www.myfonts.com/products/variable-easy-flex-1104925
[2026-06-08T11:13:39Z] #88 attempt=1/2 status=429 0.041s url=https://www.myfonts.com/collections/easy-flex-font-lhs-yg/
[2026-06-08T11:13:41Z] #89 attempt=2/2 status=200 0.302s url=https://www.myfonts.com/collections/easy-flex-font-lhs-yg/
[2026-06-08T11:13:42Z] #90 attempt=1/2 status=200 0.301s url=https://www.myfonts.com/products/regular-belorient-1164609
[2026-06-08T11:13:43Z] #91 attempt=1/2 status=200 0.321s url=https://www.myfonts.com/collections/belorient-font-vadova-std/
[2026-06-08T11:13:43Z] #92 attempt=1/2 status=429 0.039s url=https://www.myfonts.com/products/regular-broken-rivet-1164615
[2026-06-08T11:13:46Z] #93 attempt=2/2 status=200 0.377s url=https://www.myfonts.com/products/regular-broken-rivet-1164615
[2026-06-08T11:13:46Z] #94 attempt=1/2 status=200 0.150s url=https://www.myfonts.com/collections/broken-rivet-font-shanaf/
[2026-06-08T11:13:46Z] #95 attempt=1/2 status=429 0.040s url=https://www.myfonts.com/products/regular-hanggara-1164608
[2026-06-08T11:13:49Z] #96 attempt=2/2 status=200 0.328s url=https://www.myfonts.com/products/regular-hanggara-1164608
[2026-06-08T11:13:49Z] #97 attempt=1/2 status=200 0.159s url=https://www.myfonts.com/collections/hanggara-font-vadova-std/
[2026-06-08T11:13:49Z] #98 attempt=1/2 status=429 0.037s url=https://www.myfonts.com/products/regular-azlamirza-1164613
[2026-06-08T11:13:52Z] #99 attempt=2/2 status=200 0.368s url=https://www.myfonts.com/products/regular-azlamirza-1164613
[2026-06-08T11:13:53Z] #100 attempt=1/2 status=200 0.283s url=https://www.myfonts.com/collections/azlamirza-font-flawlessandco/
[2026-06-08T11:13:53Z] #101 attempt=1/2 status=429 0.058s url=https://www.myfonts.com/products/regular-dahaga-1164607
[2026-06-08T11:13:55Z] #102 attempt=2/2 status=200 0.319s url=https://www.myfonts.com/products/regular-dahaga-1164607
[2026-06-08T11:13:56Z] #103 attempt=1/2 status=200 0.249s url=https://www.myfonts.com/collections/dahaga-font-vadova-std/
[2026-06-08T11:13:56Z] #104 attempt=1/2 status=429 0.033s url=https://www.myfonts.com/products/regular-fugazi-1164595
[2026-06-08T11:13:59Z] #105 attempt=2/2 status=200 0.323s url=https://www.myfonts.com/products/regular-fugazi-1164595
[2026-06-08T11:13:59Z] #106 attempt=1/2 status=200 0.359s url=https://www.myfonts.com/collections/fugazi-font-karajan-type-foundry/
[2026-06-08T11:14:00Z] #107 attempt=1/2 status=200 0.333s url=https://www.myfonts.com/products/regular-danyelle-1164610
[2026-06-08T11:14:00Z] #108 attempt=1/2 status=429 0.042s url=https://www.myfonts.com/collections/danyelle-font-vadova-std/
[2026-06-08T11:14:03Z] #109 attempt=2/2 status=200 0.207s url=https://www.myfonts.com/collections/danyelle-font-vadova-std/
[2026-06-08T11:14:03Z] #110 attempt=1/2 status=200 0.345s url=https://www.myfonts.com/products/personal-vogue-complete-family-package-1164482
[2026-06-08T11:14:04Z] #111 attempt=1/2 status=200 0.412s url=https://www.myfonts.com/collections/personal-vogue-font-auliart-studio/
[2026-06-08T11:14:05Z] #112 attempt=1/2 status=200 0.351s url=https://www.myfonts.com/products/crote-complete-family-package-1164507
[2026-06-08T11:14:05Z] #113 attempt=1/2 status=200 0.429s url=https://www.myfonts.com/collections/crote-font-ragamkata/
[2026-06-08T11:14:06Z] #114 attempt=1/2 status=200 0.312s url=https://www.myfonts.com/products/regular-and-bold-package-1164025
[2026-06-08T11:14:06Z] #115 attempt=1/2 status=429 0.057s url=https://www.myfonts.com/collections/textaus-font-anfound-type/
[2026-06-08T11:14:09Z] #116 attempt=2/2 status=200 0.597s url=https://www.myfonts.com/collections/textaus-font-anfound-type/
[2026-06-08T11:14:09Z] #117 attempt=1/2 status=200 0.309s url=https://www.myfonts.com/products/hajikah-complete-family-package-1164496
[2026-06-08T11:14:10Z] #118 attempt=1/2 status=200 0.323s url=https://www.myfonts.com/collections/hajikah-font-margi-studio/
[2026-06-08T11:14:11Z] #119 attempt=1/2 status=200 0.320s url=https://www.myfonts.com/products/monar-complete-family-package-1164225
[2026-06-08T11:14:11Z] #120 attempt=1/2 status=200 0.429s url=https://www.myfonts.com/collections/monar-font-afkari-studio/
[2026-06-08T11:14:12Z] #121 attempt=1/2 status=200 0.276s url=https://www.myfonts.com/products/dargon-complete-family-package-1164050
[2026-06-08T11:14:12Z] #122 attempt=1/2 status=429 0.045s url=https://www.myfonts.com/collections/dargon-font-type-together/
[2026-06-08T11:14:15Z] #123 attempt=2/2 status=200 0.527s url=https://www.myfonts.com/collections/dargon-font-type-together/
[2026-06-08T11:14:16Z] #124 attempt=1/2 status=200 0.303s url=https://www.myfonts.com/products/amaia-complete-family-package-1164479
[2026-06-08T11:14:16Z] #125 attempt=1/2 status=200 0.342s url=https://www.myfonts.com/collections/amaia-font-divora-type/
[2026-06-08T11:14:17Z] #126 attempt=1/2 status=200 0.475s url=https://www.myfonts.com/products/the-velmira-serif-simple-complete-family-package-1164448
[2026-06-08T11:14:18Z] #127 attempt=1/2 status=200 0.660s url=https://www.myfonts.com/collections/the-velmira-serif-simple-font-slex-studio/
[2026-06-08T11:14:18Z] #128 attempt=1/2 status=200 0.342s url=https://www.myfonts.com/products/ragonte-complete-family-package-1164239
[2026-06-08T11:14:19Z] #129 attempt=1/2 status=200 0.332s url=https://www.myfonts.com/collections/ragonte-font-vermilione/
[2026-06-08T11:14:19Z] #130 attempt=1/2 status=429 0.042s url=https://www.myfonts.com/products/cornella-complete-family-package-1164196
[2026-06-08T11:14:22Z] #131 attempt=2/2 status=200 0.571s url=https://www.myfonts.com/products/cornella-complete-family-package-1164196
[2026-06-08T11:14:23Z] #132 attempt=1/2 status=200 0.569s url=https://www.myfonts.com/collections/cornella-font-slex-studio/
[2026-06-08T11:14:24Z] #133 attempt=1/2 status=200 0.308s url=https://www.myfonts.com/products/whip-crema-complete-family-package-1164266
[2026-06-08T11:14:24Z] #134 attempt=1/2 status=200 0.348s url=https://www.myfonts.com/collections/whip-crema-font-letterytz/
[2026-06-08T11:14:25Z] #135 attempt=1/2 status=200 0.434s url=https://www.myfonts.com/products/runzoe-complete-family-package-1164489
[2026-06-08T11:14:26Z] #136 attempt=1/2 status=200 0.409s url=https://www.myfonts.com/collections/runzoe-font-afkari-studio/
[2026-06-08T11:14:26Z] #137 attempt=1/2 status=200 0.279s url=https://www.myfonts.com/products/cheeser-complete-family-package-1164492
[2026-06-08T11:14:26Z] #138 attempt=1/2 status=429 0.073s url=https://www.myfonts.com/collections/cheeser-font-casloop-studio/
[2026-06-08T11:14:29Z] #139 attempt=2/2 status=200 0.360s url=https://www.myfonts.com/collections/cheeser-font-casloop-studio/
[2026-06-08T11:14:30Z] #140 attempt=1/2 status=200 0.336s url=https://www.myfonts.com/products/regular-bold-and-black-package-1164551
[2026-06-08T11:14:30Z] #141 attempt=1/2 status=200 0.508s url=https://www.myfonts.com/collections/glique-font-fitrah-type/
[2026-06-08T11:14:31Z] #142 attempt=1/2 status=200 0.369s url=https://www.myfonts.com/products/athelya-complete-family-package-1164511
[2026-06-08T11:14:32Z] #143 attempt=1/2 status=200 0.401s url=https://www.myfonts.com/collections/athelya-font-ragamkata/
[2026-06-08T11:14:32Z] #144 attempt=1/2 status=200 0.306s url=https://www.myfonts.com/products/void-stamp-complete-family-package-1164261
[2026-06-08T11:14:33Z] #145 attempt=1/2 status=200 0.354s url=https://www.myfonts.com/collections/void-stamp-font-atom/
[2026-06-08T11:14:33Z] #146 attempt=1/2 status=429 0.041s url=https://www.myfonts.com/products/netizen-complete-family-package-1164485
[2026-06-08T11:14:36Z] #147 attempt=2/2 status=200 0.536s url=https://www.myfonts.com/products/netizen-complete-family-package-1164485
[2026-06-08T11:14:37Z] #148 attempt=1/2 status=200 0.489s url=https://www.myfonts.com/collections/netizen-font-cocodesign/
[2026-06-08T11:14:37Z] #149 attempt=1/2 status=200 0.325s url=https://www.myfonts.com/products/velmora-sketch-complete-family-package-1164476
[2026-06-08T11:14:38Z] #150 attempt=1/2 status=200 0.337s url=https://www.myfonts.com/collections/velmora-sketch-font-mei-suseno/
[2026-06-08T11:14:40Z] #151 attempt=1/2 status=200 1.491s url=https://www.myfonts.com/products/soft-package-1163936
[2026-06-08T11:14:42Z] #152 attempt=1/2 status=200 2.507s url=https://www.myfonts.com/collections/obigart-font-rastype-studio/
[2026-06-08T11:14:44Z] #153 attempt=1/2 status=200 0.494s url=https://www.myfonts.com/products/brahma-complete-family-package-1164515
[2026-06-08T11:14:45Z] #154 attempt=1/2 status=200 1.002s url=https://www.myfonts.com/collections/brahma-font-tall-chai/
[2026-06-08T11:14:46Z] #155 attempt=1/2 status=200 0.313s url=https://www.myfonts.com/products/chunky-chaos-complete-family-package-1164233
[2026-06-08T11:14:47Z] #156 attempt=1/2 status=200 0.388s url=https://www.myfonts.com/collections/chunky-chaos-font-cocodesign/
[2026-06-08T11:14:48Z] #157 attempt=1/2 status=200 0.930s url=https://www.myfonts.com/products/essential-script-font-bundle-package-1163690
[2026-06-08T11:14:48Z] #158 attempt=1/2 status=404 0.208s url=https://www.myfonts.com/collections/essential-script-font-bundle-font-gilar-studio
[2026-06-08T11:14:50Z] #159 attempt=1/2 status=200 1.242s url=https://www.myfonts.com/products/evoritha-complete-family-package-1164269
[2026-06-08T11:14:52Z] #160 attempt=1/2 status=200 1.984s url=https://www.myfonts.com/collections/evoritha-font-propertype/
[2026-06-08T11:14:53Z] #161 attempt=1/2 status=200 0.367s url=https://www.myfonts.com/products/mn-caviere-complete-family-package-1164228
[2026-06-08T11:14:54Z] #162 attempt=1/2 status=200 0.376s url=https://www.myfonts.com/collections/mn-caviere-font-mantra-naga-studio/
[2026-06-08T11:14:54Z] #163 attempt=1/2 status=200 0.299s url=https://www.myfonts.com/products/lakhu-complete-family-package-1164501
[2026-06-08T11:14:55Z] #164 attempt=1/2 status=200 0.362s url=https://www.myfonts.com/collections/lakhu-font-fernande/
[2026-06-08T11:14:56Z] #165 attempt=1/6 status=200 0.665s url=https://www.myfonts.com/products.json?limit=100&page=2
[2026-06-08T11:14:57Z] #166 attempt=1/2 status=200 0.641s url=https://www.myfonts.com/products/hattrick-complete-family-package-1164085
[2026-06-08T11:14:58Z] #167 attempt=1/2 status=200 1.259s url=https://www.myfonts.com/collections/hattrick-font-without-foundry/
[2026-06-08T11:14:59Z] #168 attempt=1/2 status=200 0.371s url=https://www.myfonts.com/products/yordola-complete-family-package-1164249
[2026-06-08T11:15:00Z] #169 attempt=1/2 status=200 0.472s url=https://www.myfonts.com/collections/yordola-font-outerend/
[2026-06-08T11:15:01Z] #170 attempt=1/2 status=200 0.301s url=https://www.myfonts.com/products/funker-complete-family-package-1164242
[2026-06-08T11:15:02Z] #171 attempt=1/2 status=200 0.570s url=https://www.myfonts.com/collections/funker-font-goodwheel-studio/
[2026-06-08T11:15:02Z] #172 attempt=1/2 status=200 0.292s url=https://www.myfonts.com/products/regular-belfrage-1164500
[2026-06-08T11:15:03Z] #173 attempt=1/2 status=200 0.457s url=https://www.myfonts.com/collections/belfrage-font-limitype/
[2026-06-08T11:15:03Z] #174 attempt=1/2 status=200 0.289s url=https://www.myfonts.com/products/regular-navilon-1164475
[2026-06-08T11:15:04Z] #175 attempt=1/2 status=200 0.324s url=https://www.myfonts.com/collections/navilon-font-rahagita-type/
[2026-06-08T11:15:05Z] #176 attempt=1/2 status=200 0.288s url=https://www.myfonts.com/products/tharwatemara-regular-te-seravera2-1164224
[2026-06-08T11:15:05Z] #177 attempt=1/2 status=200 0.352s url=https://www.myfonts.com/collections/te-seravera2-font-tharwat-emara/
[2026-06-08T11:15:06Z] #178 attempt=1/2 status=200 0.288s url=https://www.myfonts.com/products/regular-summer-dreamer-1164446
[2026-06-08T11:15:06Z] #179 attempt=1/2 status=200 0.273s url=https://www.myfonts.com/collections/summer-dreamer-font-seemly-fonts/
[2026-06-08T11:15:07Z] #180 attempt=1/2 status=429 0.035s url=https://www.myfonts.com/products/sizek-pro-stencil-variable-sizek-pro-stencil-variable-1164049
[2026-06-08T11:15:09Z] #181 attempt=2/2 status=200 0.492s url=https://www.myfonts.com/products/sizek-pro-stencil-variable-sizek-pro-stencil-variable-1164049
[2026-06-08T11:15:10Z] #182 attempt=1/2 status=200 0.290s url=https://www.myfonts.com/collections/sizek-pro-stencil-variable-font-blaze-type/
[2026-06-08T11:15:10Z] #183 attempt=1/2 status=200 0.282s url=https://www.myfonts.com/products/regular-medieval-1164017
[2026-06-08T11:15:11Z] #184 attempt=1/2 status=200 0.273s url=https://www.myfonts.com/collections/medieval-font-blaze-type/
[2026-06-08T11:15:12Z] #185 attempt=1/6 status=200 0.756s url=https://www.myfonts.com/products.json?limit=100&page=3
[2026-06-08T11:15:13Z] #186 attempt=1/2 status=200 0.259s url=https://www.myfonts.com/products/regular-gablues-1164505
[2026-06-08T11:15:13Z] #187 attempt=1/2 status=429 0.053s url=https://www.myfonts.com/collections/gablues-font-hasnat-studio/
[2026-06-08T11:15:15Z] #188 attempt=2/2 status=200 0.287s url=https://www.myfonts.com/collections/gablues-font-hasnat-studio/
[2026-06-08T11:15:16Z] #189 attempt=1/2 status=200 0.486s url=https://www.myfonts.com/products/regular-dreince-1164232
[2026-06-08T11:15:17Z] #190 attempt=1/2 status=200 0.276s url=https://www.myfonts.com/collections/dreince-font-bentype/
[2026-06-08T11:15:17Z] #191 attempt=1/2 status=200 0.323s url=https://www.myfonts.com/products/lemert-morlet-regular-mc-lemert-morlet-1164223
[2026-06-08T11:15:18Z] #192 attempt=1/2 status=429 0.039s url=https://www.myfonts.com/collections/mc-lemert-morlet-font-maulana-creative/
[2026-06-08T11:15:20Z] #193 attempt=2/2 status=200 0.333s url=https://www.myfonts.com/collections/mc-lemert-morlet-font-maulana-creative/
[2026-06-08T11:15:21Z] #194 attempt=1/6 status=200 0.740s url=https://www.myfonts.com/products.json?limit=100&page=4
[2026-06-08T11:15:22Z] #195 attempt=1/2 status=200 0.296s url=https://www.myfonts.com/products/regular-kabdop-1164510
[2026-06-08T11:15:22Z] #196 attempt=1/2 status=200 0.282s url=https://www.myfonts.com/collections/kabdop-font-hasnat-studio/
[2026-06-08T11:15:23Z] #197 attempt=1/2 status=200 0.256s url=https://www.myfonts.com/products/regular-almuerzo-1164248
[2026-06-08T11:15:23Z] #198 attempt=1/2 status=200 0.231s url=https://www.myfonts.com/collections/almuerzo-font-dirty-bandits/
[2026-06-08T11:15:24Z] #199 attempt=1/2 status=429 0.028s url=https://www.myfonts.com/products/bisked-regular-bisked-1164238
[2026-06-08T11:15:26Z] #200 attempt=2/2 status=200 0.320s url=https://www.myfonts.com/products/bisked-regular-bisked-1164238
[2026-06-08T11:15:27Z] #201 attempt=1/2 status=200 0.310s url=https://www.myfonts.com/collections/bisked-font-marvadesign/
[2026-06-08T11:15:27Z] #202 attempt=1/2 status=200 0.307s url=https://www.myfonts.com/products/regular-bagle-1164265
[2026-06-08T11:15:28Z] #203 attempt=1/2 status=200 0.272s url=https://www.myfonts.com/collections/bagle-font-goodwheel-studio/
[2026-06-08T11:15:28Z] #204 attempt=1/2 status=429 0.036s url=https://www.myfonts.com/products/regular-gyatho-1164237
[2026-06-08T11:15:31Z] #205 attempt=2/2 status=200 0.442s url=https://www.myfonts.com/products/regular-gyatho-1164237
[2026-06-08T11:15:31Z] #206 attempt=1/2 status=200 0.372s url=https://www.myfonts.com/collections/gyatho-font-bentype/
[2026-06-08T11:15:32Z] #207 attempt=1/2 status=200 0.347s url=https://www.myfonts.com/products/minthy-thelex-minthy-1164251
[2026-06-08T11:15:33Z] #208 attempt=1/2 status=200 0.381s url=https://www.myfonts.com/collections/thelex-minthy-font-rivian/
[2026-06-08T11:15:33Z] #209 attempt=1/2 status=200 0.343s url=https://www.myfonts.com/products/regular-portalismo-1164499
[2026-06-08T11:15:34Z] #210 attempt=1/2 status=429 0.089s url=https://www.myfonts.com/collections/portalismo-font-yeen-studio/
[2026-06-08T11:15:36Z] #211 attempt=2/2 status=200 0.396s url=https://www.myfonts.com/collections/portalismo-font-yeen-studio/
[2026-06-08T11:15:38Z] #212 attempt=1/6 status=200 0.747s url=https://www.myfonts.com/products.json?limit=100&page=5
[2026-06-08T11:15:38Z] #213 attempt=1/2 status=200 0.279s url=https://www.myfonts.com/products/regular-gensiva-1164495
[2026-06-08T11:15:39Z] #214 attempt=1/2 status=200 0.398s url=https://www.myfonts.com/collections/gensiva-font-solutype/
[2026-06-08T11:15:39Z] #215 attempt=1/2 status=200 0.294s url=https://www.myfonts.com/products/regular-dough-nougat-1164504
[2026-06-08T11:15:40Z] #216 attempt=1/2 status=200 0.296s url=https://www.myfonts.com/collections/dough-nougat-font-modikstype/
[2026-06-08T11:15:40Z] #217 attempt=1/2 status=429 0.045s url=https://www.myfonts.com/products/regular-raquam-1164514
[2026-06-08T11:15:43Z] #218 attempt=2/2 status=200 0.357s url=https://www.myfonts.com/products/regular-raquam-1164514
[2026-06-08T11:15:43Z] #219 attempt=1/2 status=200 0.304s url=https://www.myfonts.com/collections/raquam-font-hasnat-studio/
[2026-06-08T11:15:45Z] #220 attempt=1/6 status=200 0.871s url=https://www.myfonts.com/products.json?limit=100&page=6
[2026-06-08T11:15:45Z] #221 attempt=1/2 status=200 0.350s url=https://www.myfonts.com/products/regular-ironspur-guild-1164247
[2026-06-08T11:15:46Z] #222 attempt=1/2 status=200 0.328s url=https://www.myfonts.com/collections/ironspur-guild-font-mei-suseno/
[2026-06-08T11:15:46Z] #223 attempt=1/2 status=200 0.274s url=https://www.myfonts.com/products/regular-moxluq-1164506
[2026-06-08T11:15:47Z] #224 attempt=1/2 status=200 0.315s url=https://www.myfonts.com/collections/moxluq-font-hasnat-studio/
[2026-06-08T11:15:47Z] #225 attempt=1/2 status=429 0.028s url=https://www.myfonts.com/products/regular-bumgreks-signature-1164447
[2026-06-08T11:15:50Z] #226 attempt=2/2 status=200 0.413s url=https://www.myfonts.com/products/regular-bumgreks-signature-1164447
[2026-06-08T11:15:50Z] #227 attempt=1/2 status=200 0.297s url=https://www.myfonts.com/collections/bumgreks-signature-font-sealoung/
[2026-06-08T11:15:51Z] #228 attempt=1/2 status=200 0.287s url=https://www.myfonts.com/products/simple-brushted-complete-family-package-1156661
[2026-06-08T11:15:52Z] #229 attempt=1/2 status=200 0.357s url=https://www.myfonts.com/collections/simple-brushted-font-tertoecreative/
[2026-06-08T11:15:52Z] #230 attempt=1/2 status=429 0.035s url=https://www.myfonts.com/products/aurisma-complete-family-package-1160447
[2026-06-08T11:15:54Z] #231 attempt=2/2 status=200 0.458s url=https://www.myfonts.com/products/aurisma-complete-family-package-1160447
[2026-06-08T11:15:55Z] #232 attempt=1/2 status=200 0.686s url=https://www.myfonts.com/collections/aurisma-font-artisticandunique/
[2026-06-08T11:15:56Z] #233 attempt=1/2 status=200 0.311s url=https://www.myfonts.com/products/jenaka-complete-family-package-1157572
[2026-06-08T11:15:57Z] #234 attempt=1/2 status=200 0.550s url=https://www.myfonts.com/collections/jenaka-font-tini-fitriani/
[2026-06-08T11:15:58Z] #235 attempt=1/2 status=200 0.628s url=https://www.myfonts.com/products/regular-charite-atelier-1148904
[2026-06-08T11:15:58Z] #236 attempt=1/2 status=200 0.351s url=https://www.myfonts.com/collections/charite-atelier-font-heinzel-std/
[2026-06-08T11:15:59Z] #237 attempt=1/2 status=200 0.253s url=https://www.myfonts.com/products/regular-snettisham-1156628
[2026-06-08T11:15:59Z] #238 attempt=1/2 status=429 0.036s url=https://www.myfonts.com/collections/snettisham-font-four-lines-std/
[2026-06-08T11:16:02Z] #239 attempt=2/2 status=200 0.520s url=https://www.myfonts.com/collections/snettisham-font-four-lines-std/
[2026-06-08T11:16:03Z] #240 attempt=1/2 status=200 0.553s url=https://www.myfonts.com/products/regular-analog-flow-1156627
[2026-06-08T11:16:03Z] #241 attempt=1/2 status=200 0.271s url=https://www.myfonts.com/collections/analog-flow-font-inviline/
[2026-06-08T11:16:04Z] #242 attempt=1/2 status=200 0.398s url=https://www.myfonts.com/products/regular-te-hafs2-tharwat-emara2-1012045
[2026-06-08T11:16:04Z] #243 attempt=1/2 status=200 0.291s url=https://www.myfonts.com/collections/te-hafs2-tharwat-emara2-font-tharwat-emara/
[2026-06-08T11:16:06Z] #244 attempt=1/2 status=200 1.782s url=https://www.myfonts.com/products/sharp-package-1163937
[2026-06-08T11:16:10Z] #245 attempt=1/2 status=500 3.389s url=https://www.myfonts.com/collections/brigife-font-rastype-studio/
[2026-06-08T11:16:10Z] #246 attempt=1/2 status=404 0.170s url=https://www.myfonts.com/collections/sharp-font-rastype-studio
[2026-06-08T11:16:11Z] #247 attempt=1/2 status=200 0.442s url=https://www.myfonts.com/products/thin-italic-ingrida-1125785
[2026-06-08T11:16:12Z] #248 attempt=1/2 status=200 0.501s url=https://www.myfonts.com/collections/ingrida-font-fontastica/
[2026-06-08T11:16:13Z] #249 attempt=1/6 status=200 0.865s url=https://www.myfonts.com/products.json?limit=100&page=7
[2026-06-08T11:16:14Z] #250 attempt=1/2 status=200 0.257s url=https://www.myfonts.com/products/regular-hektos-1122769
[2026-06-08T11:16:14Z] #251 attempt=1/2 status=200 0.327s url=https://www.myfonts.com/collections/hektos-font-typogama/
[2026-06-08T11:16:16Z] #252 attempt=1/2 status=200 0.952s url=https://www.myfonts.com/products/anzone-glyph-ultimate-creative-and-corporate-bundle-package-1164016
[2026-06-08T11:16:16Z] #253 attempt=1/2 status=404 0.172s url=https://www.myfonts.com/collections/anzone-glyph-ultimate-creative-and-corporate-bundle-font-anzone-glyph
[2026-06-08T11:16:17Z] #254 attempt=1/2 status=200 0.322s url=https://www.myfonts.com/products/tailyona-complete-family-package-1163641
[2026-06-08T11:16:17Z] #255 attempt=1/2 status=200 0.363s url=https://www.myfonts.com/collections/tailyona-font-burntilldead/
[2026-06-08T11:16:18Z] #256 attempt=1/2 status=200 0.351s url=https://www.myfonts.com/products/barkins-complete-family-package-1163546
[2026-06-08T11:16:19Z] #257 attempt=1/2 status=200 0.617s url=https://www.myfonts.com/collections/barkins-font-typeberry/
[2026-06-08T11:16:19Z] #258 attempt=1/2 status=200 0.417s url=https://www.myfonts.com/products/contrast-package-1163600
[2026-06-08T11:16:20Z] #259 attempt=1/2 status=200 0.641s url=https://www.myfonts.com/collections/flame-tower-font-panakotype/
[2026-06-08T11:16:21Z] #260 attempt=1/2 status=200 0.408s url=https://www.myfonts.com/products/chimera-paradiso-complete-family-package-1163617
[2026-06-08T11:16:21Z] #261 attempt=1/2 status=429 0.035s url=https://www.myfonts.com/collections/chimera-paradiso-font-letterytz/
[2026-06-08T11:16:24Z] #262 attempt=2/2 status=200 0.390s url=https://www.myfonts.com/collections/chimera-paradiso-font-letterytz/
[2026-06-08T11:16:25Z] #263 attempt=1/2 status=200 0.431s url=https://www.myfonts.com/products/saigon-the-basics-package-1163510
[2026-06-08T11:16:25Z] #264 attempt=1/2 status=200 0.543s url=https://www.myfonts.com/collections/saigon-font-the-paper-town/
[2026-06-08T11:16:26Z] #265 attempt=1/2 status=200 0.440s url=https://www.myfonts.com/products/havenite-complete-family-package-1163616
[2026-06-08T11:16:27Z] #266 attempt=1/2 status=200 0.526s url=https://www.myfonts.com/collections/havenite-font-din-studio/
[2026-06-08T11:16:28Z] #267 attempt=1/2 status=200 0.374s url=https://www.myfonts.com/products/calm-complete-family-package-1163567
[2026-06-08T11:16:28Z] #268 attempt=1/2 status=200 0.411s url=https://www.myfonts.com/collections/calm-font-krismagraph/
[2026-06-08T11:16:29Z] #269 attempt=1/2 status=200 0.369s url=https://www.myfonts.com/products/beth-alt-family-package-1161583
[2026-06-08T11:16:29Z] #270 attempt=1/2 status=429 0.042s url=https://www.myfonts.com/collections/beth-font-latinotype/
[2026-06-08T11:16:32Z] #271 attempt=2/2 status=200 0.207s url=https://www.myfonts.com/collections/beth-font-latinotype/
[2026-06-08T11:16:32Z] #272 attempt=1/2 status=200 0.388s url=https://www.myfonts.com/products/goudy-modern-now-variable-complete-family-package-1163662
[2026-06-08T11:16:33Z] #273 attempt=1/2 status=200 0.389s url=https://www.myfonts.com/collections/goudy-modern-now-variable-font-monotype-imaging/
[2026-06-08T11:16:34Z] #274 attempt=1/2 status=200 0.320s url=https://www.myfonts.com/products/fundatio-complete-family-package-1163559
[2026-06-08T11:16:34Z] #275 attempt=1/2 status=200 0.364s url=https://www.myfonts.com/collections/fundatio-font-fidan-fonts/
[2026-06-08T11:16:35Z] #276 attempt=1/2 status=200 0.337s url=https://www.myfonts.com/products/goudy-modern-now-open-complete-family-package-1163649
[2026-06-08T11:16:35Z] #277 attempt=1/2 status=429 0.036s url=https://www.myfonts.com/collections/goudy-modern-now-open-font-monotype-imaging/
[2026-06-08T11:16:38Z] #278 attempt=2/2 status=200 0.476s url=https://www.myfonts.com/collections/goudy-modern-now-open-font-monotype-imaging/
[2026-06-08T11:16:38Z] #279 attempt=1/2 status=200 0.320s url=https://www.myfonts.com/products/floreon-complete-family-package-1163605
[2026-06-08T11:16:39Z] #280 attempt=1/2 status=200 0.394s url=https://www.myfonts.com/collections/floreon-font-sensatype-studio/
[2026-06-08T11:16:40Z] #281 attempt=1/2 status=200 0.315s url=https://www.myfonts.com/products/mocktails-sunday-complete-family-package-1163646
[2026-06-08T11:16:40Z] #282 attempt=1/2 status=200 0.368s url=https://www.myfonts.com/collections/mocktails-sunday-font-agny-hasya-studio/
[2026-06-08T11:16:41Z] #283 attempt=1/2 status=200 0.261s url=https://www.myfonts.com/products/sanita-yughi-complete-family-package-1163602
[2026-06-08T11:16:41Z] #284 attempt=1/2 status=429 0.045s url=https://www.myfonts.com/collections/sanita-yughi-font-letterena-studios/
[2026-06-08T11:16:44Z] #285 attempt=2/2 status=200 0.388s url=https://www.myfonts.com/collections/sanita-yughi-font-letterena-studios/
[2026-06-08T11:16:44Z] #286 attempt=1/2 status=200 0.338s url=https://www.myfonts.com/products/regular-bedbag-1163580
[2026-06-08T11:16:45Z] #287 attempt=1/2 status=200 0.327s url=https://www.myfonts.com/collections/bedbag-font-rasio-studio/
[2026-06-08T11:16:45Z] #288 attempt=1/2 status=200 0.248s url=https://www.myfonts.com/products/regular-roslane-1163578
[2026-06-08T11:16:46Z] #289 attempt=1/2 status=200 0.321s url=https://www.myfonts.com/collections/roslane-font-krismagraph/
[2026-06-08T11:16:46Z] #290 attempt=1/2 status=429 0.171s url=https://www.myfonts.com/products/regular-gary-1163601
[2026-06-08T11:16:49Z] #291 attempt=2/2 status=200 0.304s url=https://www.myfonts.com/products/regular-gary-1163601
[2026-06-08T11:16:50Z] #292 attempt=1/2 status=200 0.413s url=https://www.myfonts.com/collections/gary-font-zaain-type/
[2026-06-08T11:16:50Z] #293 attempt=1/2 status=200 0.330s url=https://www.myfonts.com/products/regular-stroomy-1163545
[2026-06-08T11:16:51Z] #294 attempt=1/2 status=200 0.459s url=https://www.myfonts.com/collections/stroomy-font-sensatype-studio/
[2026-06-08T11:16:52Z] #295 attempt=1/2 status=200 0.352s url=https://www.myfonts.com/products/regular-asgraph-1163644
[2026-06-08T11:16:52Z] #296 attempt=1/2 status=200 0.280s url=https://www.myfonts.com/collections/asgraph-font-syntype/
[2026-06-08T11:16:52Z] #297 attempt=1/2 status=429 0.030s url=https://www.myfonts.com/products/regular-birthday-calligraphy-1163645
[2026-06-08T11:16:55Z] #298 attempt=2/2 status=200 0.338s url=https://www.myfonts.com/products/regular-birthday-calligraphy-1163645
[2026-06-08T11:16:56Z] #299 attempt=1/2 status=200 0.672s url=https://www.myfonts.com/collections/birthday-calligraphy-font-tertoecreative/
[2026-06-08T11:16:57Z] #300 attempt=1/6 status=200 0.733s url=https://www.myfonts.com/products.json?limit=100&page=8
[2026-06-08T11:16:58Z] #301 attempt=1/2 status=200 0.402s url=https://www.myfonts.com/products/temur-amorak-regular-mc-temur-amorak-1163566
[2026-06-08T11:16:58Z] #302 attempt=1/2 status=200 0.343s url=https://www.myfonts.com/collections/mc-temur-amorak-font-maulana-creative/
[2026-06-08T11:16:59Z] #303 attempt=1/2 status=200 0.250s url=https://www.myfonts.com/products/bold-barkins-variable-1163565
[2026-06-08T11:16:59Z] #304 attempt=1/2 status=200 0.384s url=https://www.myfonts.com/collections/barkins-variable-font-typeberry/
[2026-06-08T11:17:00Z] #305 attempt=1/2 status=200 0.271s url=https://www.myfonts.com/products/regular-myten-years-1163640
[2026-06-08T11:17:00Z] #306 attempt=1/2 status=429 0.038s url=https://www.myfonts.com/collections/myten-years-font-tini-fitriani/
[2026-06-08T11:17:03Z] #307 attempt=2/2 status=200 0.337s url=https://www.myfonts.com/collections/myten-years-font-tini-fitriani/
[2026-06-08T11:17:03Z] #308 attempt=1/2 status=200 0.282s url=https://www.myfonts.com/products/decorative-sellmalpen-1163615
[2026-06-08T11:17:04Z] #309 attempt=1/2 status=200 0.409s url=https://www.myfonts.com/collections/sellmalpen-font-mei-suseno/
[2026-06-08T11:17:05Z] #310 attempt=1/2 status=200 0.436s url=https://www.myfonts.com/products/regular-beatina-1163614
[2026-06-08T11:17:05Z] #311 attempt=1/2 status=200 0.487s url=https://www.myfonts.com/collections/beatina-font-basnistudio/
[2026-06-08T11:17:06Z] #312 attempt=1/2 status=200 0.259s url=https://www.myfonts.com/products/regular-gragle-1163613
[2026-06-08T11:17:06Z] #313 attempt=1/2 status=429 0.044s url=https://www.myfonts.com/collections/gragle-font-pandeka-studio/
[2026-06-08T11:17:09Z] #314 attempt=2/2 status=200 0.412s url=https://www.myfonts.com/collections/gragle-font-pandeka-studio/
[2026-06-08T11:17:10Z] #315 attempt=1/2 status=200 0.436s url=https://www.myfonts.com/products/back-beat-skinny-and-wide-complete-family-package-1163004
[2026-06-08T11:17:10Z] #316 attempt=1/2 status=200 0.464s url=https://www.myfonts.com/collections/back-beat-skinny-and-wide-font-comicraft/
[2026-06-08T11:17:13Z] #317 attempt=1/2 status=200 1.854s url=https://www.myfonts.com/products/stencil-package-1162906
[2026-06-08T11:17:15Z] #318 attempt=1/2 status=200 2.310s url=https://www.myfonts.com/collections/glagter-font-rastype-studio/
[2026-06-08T11:17:16Z] #319 attempt=1/2 status=200 0.343s url=https://www.myfonts.com/products/peachy-weekend-complete-family-package-1163035
[2026-06-08T11:17:17Z] #320 attempt=1/2 status=200 0.464s url=https://www.myfonts.com/collections/peachy-weekend-font-medialabco/
[2026-06-08T11:17:18Z] #321 attempt=1/2 status=200 0.684s url=https://www.myfonts.com/products/quebit-family-package-1162947
[2026-06-08T11:17:19Z] #322 attempt=1/2 status=200 0.660s url=https://www.myfonts.com/collections/quebit-font-wahyu-sani-co/
[2026-06-08T11:17:20Z] #323 attempt=1/2 status=200 0.303s url=https://www.myfonts.com/products/taste-juicy-scribbles-complete-family-package-1163345
[2026-06-08T11:17:20Z] #324 attempt=1/2 status=200 0.411s url=https://www.myfonts.com/collections/taste-juicy-scribbles-font-stylishtype-studio/
[2026-06-08T11:17:21Z] #325 attempt=1/2 status=200 0.449s url=https://www.myfonts.com/products/dear-puppets-complete-family-package-1163358
[2026-06-08T11:17:22Z] #326 attempt=1/2 status=200 0.394s url=https://www.myfonts.com/collections/dear-puppets-font-heinzel-std/
[2026-06-08T11:17:23Z] #327 attempt=1/2 status=200 0.622s url=https://www.myfonts.com/products/beamo-complete-family-package-1162920
[2026-06-08T11:17:23Z] #328 attempt=1/2 status=200 0.427s url=https://www.myfonts.com/collections/beamo-font-pandeka-studio/
[2026-06-08T11:17:24Z] #329 attempt=1/2 status=200 0.547s url=https://www.myfonts.com/products/expanded-package-1163313
[2026-06-08T11:17:26Z] #330 attempt=1/2 status=200 1.388s url=https://www.myfonts.com/collections/monqest-font-groenstudio/
[2026-06-08T11:17:27Z] #331 attempt=1/2 status=200 0.345s url=https://www.myfonts.com/products/bropie-complete-family-package-1163026
[2026-06-08T11:17:27Z] #332 attempt=1/2 status=200 0.355s url=https://www.myfonts.com/collections/bropie-font-font-liner/
[2026-06-08T11:17:28Z] #333 attempt=1/2 status=200 0.379s url=https://www.myfonts.com/products/bronley-complete-family-package-1163453
[2026-06-08T11:17:28Z] #334 attempt=1/2 status=200 0.421s url=https://www.myfonts.com/collections/bronley-font-ahweproject/
[2026-06-08T11:17:29Z] #335 attempt=1/2 status=200 0.347s url=https://www.myfonts.com/products/aconit-variable-complete-family-package-1163065
[2026-06-08T11:17:30Z] #336 attempt=1/2 status=200 0.379s url=https://www.myfonts.com/collections/aconit-variable-font-octotypo/
[2026-06-08T11:17:30Z] #337 attempt=1/2 status=200 0.380s url=https://www.myfonts.com/products/designer-stuff-package-1162978
[2026-06-08T11:17:31Z] #338 attempt=1/2 status=200 0.482s url=https://www.myfonts.com/collections/gc-volumn-font-onyx-studio/
[2026-06-08T11:17:32Z] #339 attempt=1/2 status=200 0.833s url=https://www.myfonts.com/products/vexora-variable-complete-family-package-1163361
[2026-06-08T11:17:34Z] #340 attempt=1/2 status=200 1.282s url=https://www.myfonts.com/collections/vexora-variable-font-donyadesign/
[2026-06-08T11:17:35Z] #341 attempt=1/2 status=200 0.512s url=https://www.myfonts.com/products/canto-complete-family-package-1163326
[2026-06-08T11:17:36Z] #342 attempt=1/2 status=200 0.516s url=https://www.myfonts.com/collections/canto-font-gian-studio/
[2026-06-08T11:17:36Z] #343 attempt=1/2 status=200 0.295s url=https://www.myfonts.com/products/little-supply-complete-family-package-1162994
[2026-06-08T11:17:37Z] #344 attempt=1/2 status=200 0.390s url=https://www.myfonts.com/collections/little-supply-font-artiveko/
[2026-06-08T11:17:37Z] #345 attempt=1/2 status=429 0.041s url=https://www.myfonts.com/products/avedoria-complete-family-package-1163350
[2026-06-08T11:17:40Z] #346 attempt=2/2 status=200 0.349s url=https://www.myfonts.com/products/avedoria-complete-family-package-1163350
[2026-06-08T11:17:40Z] #347 attempt=1/2 status=200 0.405s url=https://www.myfonts.com/collections/avedoria-font-heinzel-std/
[2026-06-08T11:17:41Z] #348 attempt=1/2 status=200 0.335s url=https://www.myfonts.com/products/parceh-complete-family-package-1163022
[2026-06-08T11:17:42Z] #349 attempt=1/2 status=200 0.393s url=https://www.myfonts.com/collections/parceh-font-hishand-studio/
[2026-06-08T11:17:42Z] #350 attempt=1/2 status=200 0.398s url=https://www.myfonts.com/products/kairy-elegant-complete-family-package-1163032
[2026-06-08T11:17:43Z] #351 attempt=1/2 status=200 0.368s url=https://www.myfonts.com/collections/kairy-elegant-font-agung-sudirman/
[2026-06-08T11:17:43Z] #352 attempt=1/2 status=429 0.097s url=https://www.myfonts.com/products/urema-complete-family-package-1162984
[2026-06-08T11:17:46Z] #353 attempt=2/2 status=200 0.512s url=https://www.myfonts.com/products/urema-complete-family-package-1162984
[2026-06-08T11:17:47Z] #354 attempt=1/2 status=200 0.629s url=https://www.myfonts.com/collections/urema-font-zafira-type/
[2026-06-08T11:17:48Z] #355 attempt=1/2 status=200 0.351s url=https://www.myfonts.com/products/beckman-variable-complete-family-package-1162915
[2026-06-08T11:17:48Z] #356 attempt=1/2 status=200 0.355s url=https://www.myfonts.com/collections/beckman-variable-font-factory738/
[2026-06-08T11:17:49Z] #357 attempt=1/2 status=200 0.346s url=https://www.myfonts.com/products/asulvoya-complete-family-package-1162997
[2026-06-08T11:17:50Z] #358 attempt=1/2 status=200 0.404s url=https://www.myfonts.com/collections/asulvoya-font-typeclassheroes/
[2026-06-08T11:17:50Z] #359 attempt=1/2 status=200 0.356s url=https://www.myfonts.com/products/caliro-complete-family-package-1163062
[2026-06-08T11:17:50Z] #360 attempt=1/2 status=429 0.054s url=https://www.myfonts.com/collections/caliro-font-vermilione/
[2026-06-08T11:17:53Z] #361 attempt=2/2 status=200 0.393s url=https://www.myfonts.com/collections/caliro-font-vermilione/
[2026-06-08T11:17:54Z] #362 attempt=1/2 status=200 0.266s url=https://www.myfonts.com/products/gravex-massive-complete-family-package-1163029
[2026-06-08T11:17:54Z] #363 attempt=1/2 status=200 0.431s url=https://www.myfonts.com/collections/gravex-massive-font-lettertype-studio/
[2026-06-08T11:17:55Z] #364 attempt=1/2 status=200 0.307s url=https://www.myfonts.com/products/ramile-complete-family-package-1163053
[2026-06-08T11:17:55Z] #365 attempt=1/2 status=200 0.368s url=https://www.myfonts.com/collections/ramile-font-ragamkata/
[2026-06-08T11:17:56Z] #366 attempt=1/2 status=200 0.494s url=https://www.myfonts.com/products/softly-written-complete-family-package-1162930
[2026-06-08T11:17:57Z] #367 attempt=1/2 status=200 0.468s url=https://www.myfonts.com/collections/softly-written-font-littlehand/
[2026-06-08T11:17:57Z] #368 attempt=1/2 status=429 0.034s url=https://www.myfonts.com/products/morgel-eentrialy-complete-family-package-1163355
[2026-06-08T11:18:00Z] #369 attempt=2/2 status=200 0.811s url=https://www.myfonts.com/products/morgel-eentrialy-complete-family-package-1163355
[2026-06-08T11:18:01Z] #370 attempt=1/2 status=200 0.769s url=https://www.myfonts.com/collections/morgel-eentrialy-font-maikohatta/
[2026-06-08T11:18:02Z] #371 attempt=1/2 status=200 0.523s url=https://www.myfonts.com/products/manjawi-complete-family-package-1163000
[2026-06-08T11:18:03Z] #372 attempt=1/2 status=200 0.506s url=https://www.myfonts.com/collections/manjawi-font-agung-sudirman/
[2026-06-08T11:18:04Z] #373 attempt=1/2 status=200 0.440s url=https://www.myfonts.com/products/zorvex-complete-family-package-1162949
[2026-06-08T11:18:05Z] #374 attempt=1/2 status=200 0.999s url=https://www.myfonts.com/collections/zorvex-font-letterara/
[2026-06-08T11:18:06Z] #375 attempt=1/2 status=200 0.441s url=https://www.myfonts.com/products/watchkraft-complete-family-package-1163040
[2026-06-08T11:18:07Z] #376 attempt=1/2 status=200 1.084s url=https://www.myfonts.com/collections/watchkraft-font-ghozai-studio/
[2026-06-08T11:18:08Z] #377 attempt=1/2 status=200 1.085s url=https://www.myfonts.com/products/astralis-complete-family-package-1163260
[2026-06-08T11:18:09Z] #378 attempt=1/2 status=200 0.419s url=https://www.myfonts.com/collections/astralis-font-vampstudio/
[2026-06-08T11:18:10Z] #379 attempt=1/2 status=200 0.739s url=https://www.myfonts.com/products/thing-complete-family-package-1163458
[2026-06-08T11:18:12Z] #380 attempt=1/2 status=200 1.551s url=https://www.myfonts.com/collections/thing-font-alpercakici/
[2026-06-08T11:18:13Z] #381 attempt=1/2 status=200 0.292s url=https://www.myfonts.com/products/regular-hapsoon-1162918
[2026-06-08T11:18:13Z] #382 attempt=1/2 status=200 0.300s url=https://www.myfonts.com/collections/hapsoon-font-flawlessandco/
[2026-06-08T11:18:15Z] #383 attempt=1/6 status=200 1.570s url=https://www.myfonts.com/products.json?limit=100&page=9
[2026-06-08T11:18:16Z] #384 attempt=1/2 status=200 0.495s url=https://www.myfonts.com/products/regular-enda-danila-1162923
[2026-06-08T11:18:17Z] #385 attempt=1/2 status=200 0.640s url=https://www.myfonts.com/collections/enda-danila-font-denustudio/
[2026-06-08T11:18:17Z] #386 attempt=1/2 status=200 0.356s url=https://www.myfonts.com/products/regular-seramonde-1163315
[2026-06-08T11:18:18Z] #387 attempt=1/2 status=200 0.448s url=https://www.myfonts.com/collections/seramonde-font-eko-bimantara/
[2026-06-08T11:18:19Z] #388 attempt=1/2 status=200 0.405s url=https://www.myfonts.com/products/regular-cafeno-1163319
[2026-06-08T11:18:20Z] #389 attempt=1/2 status=200 0.540s url=https://www.myfonts.com/collections/cafeno-font-eko-bimantara/
[2026-06-08T11:18:20Z] #390 attempt=1/2 status=200 0.281s url=https://www.myfonts.com/products/regular-qetara-1162913
[2026-06-08T11:18:21Z] #391 attempt=1/2 status=200 0.278s url=https://www.myfonts.com/collections/qetara-font-vadova-std/
[2026-06-08T11:18:21Z] #392 attempt=1/2 status=429 0.031s url=https://www.myfonts.com/products/regular-inktera-1162979
[2026-06-08T11:18:23Z] #393 attempt=2/2 status=200 0.350s url=https://www.myfonts.com/products/regular-inktera-1162979
[2026-06-08T11:18:24Z] #394 attempt=1/2 status=200 0.361s url=https://www.myfonts.com/collections/inktera-font-limitype/
[2026-06-08T11:18:25Z] #395 attempt=1/2 status=200 0.251s url=https://www.myfonts.com/products/regular-welice-1162917
[2026-06-08T11:18:25Z] #396 attempt=1/2 status=200 0.279s url=https://www.myfonts.com/collections/welice-font-vadova-std/
[2026-06-08T11:18:26Z] #397 attempt=1/2 status=200 0.228s url=https://www.myfonts.com/products/regular-simple-journey-1163354
[2026-06-08T11:18:26Z] #398 attempt=1/2 status=429 0.077s url=https://www.myfonts.com/collections/simple-journey-font-tini-fitriani/
[2026-06-08T11:18:29Z] #399 attempt=2/2 status=200 0.417s url=https://www.myfonts.com/collections/simple-journey-font-tini-fitriani/
[2026-06-08T11:18:29Z] #400 attempt=1/2 status=200 0.359s url=https://www.myfonts.com/products/alveron-regular-alveron-1163324
[2026-06-08T11:18:30Z] #401 attempt=1/2 status=200 0.307s url=https://www.myfonts.com/collections/alveron-font-flawlessandco/
[2026-06-08T11:18:30Z] #402 attempt=1/2 status=200 0.254s url=https://www.myfonts.com/products/regular-austerlane-1163317
[2026-06-08T11:18:31Z] #403 attempt=1/2 status=200 0.454s url=https://www.myfonts.com/collections/austerlane-font-eko-bimantara/
[2026-06-08T11:18:32Z] #404 attempt=1/6 status=200 0.787s url=https://www.myfonts.com/products.json?limit=100&page=10
[2026-06-08T11:18:33Z] #405 attempt=1/2 status=429 0.033s url=https://www.myfonts.com/products/regular-wisteriano-1162909
[2026-06-08T11:18:35Z] #406 attempt=2/2 status=200 0.324s url=https://www.myfonts.com/products/regular-wisteriano-1162909
[2026-06-08T11:18:36Z] #407 attempt=1/2 status=200 0.275s url=https://www.myfonts.com/collections/wisteriano-font-flawlessandco/
[2026-06-08T11:18:36Z] #408 attempt=1/2 status=200 0.293s url=https://www.myfonts.com/products/regular-serathon-1162912
[2026-06-08T11:18:37Z] #409 attempt=1/2 status=200 0.356s url=https://www.myfonts.com/collections/serathon-font-letterluck/
[2026-06-08T11:18:37Z] #410 attempt=1/2 status=200 0.318s url=https://www.myfonts.com/products/script-handies-1163310
[2026-06-08T11:18:38Z] #411 attempt=1/2 status=429 0.038s url=https://www.myfonts.com/collections/handies-font-eko-bimantara/
[2026-06-08T11:18:40Z] #412 attempt=2/2 status=200 0.361s url=https://www.myfonts.com/collections/handies-font-eko-bimantara/
[2026-06-08T11:18:41Z] #413 attempt=1/2 status=200 0.338s url=https://www.myfonts.com/products/regular-yokotha-1162919
[2026-06-08T11:18:41Z] #414 attempt=1/2 status=200 0.302s url=https://www.myfonts.com/collections/yokotha-font-vadova-std/
[2026-06-08T11:18:42Z] #415 attempt=1/2 status=200 0.271s url=https://www.myfonts.com/products/regular-rt-the-matcha-club-1163325
[2026-06-08T11:18:42Z] #416 attempt=1/2 status=200 0.313s url=https://www.myfonts.com/collections/rt-the-matcha-club-font-rillatype/
[2026-06-08T11:18:44Z] #417 attempt=1/6 status=200 0.756s url=https://www.myfonts.com/products.json?limit=100&page=11
[2026-06-08T11:18:44Z] #418 attempt=1/2 status=200 0.335s url=https://www.myfonts.com/products/regular-chermant-1162983
[2026-06-08T11:18:45Z] #419 attempt=1/2 status=429 0.043s url=https://www.myfonts.com/collections/chermant-font-monolimes/
[2026-06-08T11:18:47Z] #420 attempt=2/2 status=200 0.380s url=https://www.myfonts.com/collections/chermant-font-monolimes/
[2026-06-08T11:18:48Z] #421 attempt=1/2 status=200 0.315s url=https://www.myfonts.com/products/regular-ravente-1162911
[2026-06-08T11:18:48Z] #422 attempt=1/2 status=200 0.345s url=https://www.myfonts.com/collections/ravente-font-flawlessandco/
[2026-06-08T11:18:49Z] #423 attempt=1/2 status=200 0.340s url=https://www.myfonts.com/products/regular-nouilia-1163003
[2026-06-08T11:18:50Z] #424 attempt=1/2 status=200 0.271s url=https://www.myfonts.com/collections/nouilia-font-typogama/
[2026-06-08T11:18:50Z] #425 attempt=1/2 status=429 0.035s url=https://www.myfonts.com/products/valentos-mulder-regular-mc-valentos-mulder-1163348
[2026-06-08T11:18:52Z] #426 attempt=2/2 status=200 0.318s url=https://www.myfonts.com/products/valentos-mulder-regular-mc-valentos-mulder-1163348
[2026-06-08T11:18:53Z] #427 attempt=1/2 status=200 0.285s url=https://www.myfonts.com/collections/mc-valentos-mulder-font-maulana-creative/
[2026-06-08T11:18:54Z] #428 attempt=1/2 status=200 0.294s url=https://www.myfonts.com/products/regular-yj-dishplay-1163021
[2026-06-08T11:18:54Z] #429 attempt=1/2 status=200 0.464s url=https://www.myfonts.com/collections/yj-dishplay-font-yenty-jap-co/
[2026-06-08T11:18:55Z] #430 attempt=1/2 status=200 0.350s url=https://www.myfonts.com/products/regular-zipzap-marker-1163316
[2026-06-08T11:18:55Z] #431 attempt=1/2 status=429 0.044s url=https://www.myfonts.com/collections/zipzap-marker-font-eko-bimantara/
[2026-06-08T11:18:58Z] #432 attempt=2/2 status=200 0.441s url=https://www.myfonts.com/collections/zipzap-marker-font-eko-bimantara/
[2026-06-08T11:18:59Z] #433 attempt=1/6 status=200 1.007s url=https://www.myfonts.com/products.json?limit=100&page=12
[2026-06-08T11:19:00Z] #434 attempt=1/2 status=200 0.245s url=https://www.myfonts.com/products/regular-clance-1163353
[2026-06-08T11:19:00Z] #435 attempt=1/2 status=200 0.282s url=https://www.myfonts.com/collections/clance-font-maikohatta/
[2026-06-08T11:19:01Z] #436 attempt=1/2 status=200 0.782s url=https://www.myfonts.com/products/regular-antiink-1162980
[2026-06-08T11:19:02Z] #437 attempt=1/2 status=200 0.465s url=https://www.myfonts.com/collections/antiink-font-sipanji21/
[2026-06-08T11:19:03Z] #438 attempt=1/2 status=200 0.301s url=https://www.myfonts.com/products/landeur-peufios-regular-mc-landeur-peufios-1163349
[2026-06-08T11:19:03Z] #439 attempt=1/2 status=200 0.288s url=https://www.myfonts.com/collections/mc-landeur-peufios-font-maulana-creative/
[2026-06-08T11:19:04Z] #440 attempt=1/2 status=429 0.032s url=https://www.myfonts.com/products/regular-blaperoom-1162914
[2026-06-08T11:19:06Z] #441 attempt=2/2 status=200 0.408s url=https://www.myfonts.com/products/regular-blaperoom-1162914
[2026-06-08T11:19:07Z] #442 attempt=1/2 status=200 0.262s url=https://www.myfonts.com/collections/blaperoom-font-flawlessandco/
[2026-06-08T11:19:07Z] #443 attempt=1/2 status=200 0.287s url=https://www.myfonts.com/products/regular-manow-1163323
[2026-06-08T11:19:08Z] #444 attempt=1/2 status=200 1.048s url=https://www.myfonts.com/collections/manow-font-sensatype-studio/
[2026-06-08T11:19:09Z] #445 attempt=1/2 status=200 0.443s url=https://www.myfonts.com/products/regular-mushbie-1163318
[2026-06-08T11:19:10Z] #446 attempt=1/2 status=200 0.963s url=https://www.myfonts.com/collections/mushbie-font-eko-bimantara/
[2026-06-08T11:19:12Z] #447 attempt=1/2 status=200 1.038s url=https://www.myfonts.com/products/regular-sublane-1163314
[2026-06-08T11:19:13Z] #448 attempt=1/2 status=200 1.049s url=https://www.myfonts.com/collections/sublane-font-eko-bimantara/
[2026-06-08T11:19:14Z] #449 attempt=1/6 status=200 0.825s url=https://www.myfonts.com/products.json?limit=100&page=13
[2026-06-08T11:19:15Z] #450 attempt=1/2 status=200 0.305s url=https://www.myfonts.com/products/regular-bitram-1162981
[2026-06-08T11:19:16Z] #451 attempt=1/2 status=200 0.554s url=https://www.myfonts.com/collections/bitram-font-drizy-font/
[2026-06-08T11:19:16Z] #452 attempt=1/2 status=200 0.276s url=https://www.myfonts.com/products/local-diamond-regular-local-diamond-1163068
[2026-06-08T11:19:17Z] #453 attempt=1/2 status=200 0.846s url=https://www.myfonts.com/collections/local-diamond-font-moontiontype/
[2026-06-08T11:19:18Z] #454 attempt=1/2 status=200 0.307s url=https://www.myfonts.com/products/regular-zerx-1163321
[2026-06-08T11:19:19Z] #455 attempt=1/2 status=200 1.303s url=https://www.myfonts.com/collections/zerx-font-maenjari-std/
[2026-06-08T11:19:21Z] #456 attempt=1/2 status=200 1.432s url=https://www.myfonts.com/products/avaleia-script-regular-avaleia-script-1163322
[2026-06-08T11:19:22Z] #457 attempt=1/2 status=200 0.447s url=https://www.myfonts.com/collections/avaleia-script-font-sototive/
[2026-06-08T11:19:22Z] #458 attempt=1/2 status=200 0.313s url=https://www.myfonts.com/products/regular-soneburg-1163320
[2026-06-08T11:19:23Z] #459 attempt=1/2 status=200 0.282s url=https://www.myfonts.com/collections/soneburg-font-eko-bimantara/
[2026-06-08T11:19:24Z] #460 attempt=1/2 status=200 0.484s url=https://www.myfonts.com/products/regular-korneto-1162910
[2026-06-08T11:19:24Z] #461 attempt=1/2 status=429 0.049s url=https://www.myfonts.com/collections/korneto-font-vadova-std/
[2026-06-08T11:19:27Z] #462 attempt=2/2 status=200 0.420s url=https://www.myfonts.com/collections/korneto-font-vadova-std/
[2026-06-08T11:19:27Z] #463 attempt=1/2 status=200 0.254s url=https://www.myfonts.com/products/regular-rahagi-1162982
[2026-06-08T11:19:28Z] #464 attempt=1/2 status=200 0.503s url=https://www.myfonts.com/collections/rahagi-font-bondangail/
[2026-06-08T11:19:28Z] #465 attempt=1/2 status=200 0.221s url=https://www.myfonts.com/products/regular-heilstoria-1162908
[2026-06-08T11:19:29Z] #466 attempt=1/2 status=200 0.329s url=https://www.myfonts.com/collections/heilstoria-font-flawlessandco/
[2026-06-08T11:19:29Z] #467 attempt=1/2 status=429 0.032s url=https://www.myfonts.com/products/condensed-brisck-1163257
[2026-06-08T11:19:32Z] #468 attempt=2/2 status=200 0.401s url=https://www.myfonts.com/products/condensed-brisck-1163257
[2026-06-08T11:19:32Z] #469 attempt=1/2 status=200 0.385s url=https://www.myfonts.com/collections/brisck-font-erifqizefont/
[2026-06-08T11:19:34Z] #470 attempt=1/6 status=200 0.789s url=https://www.myfonts.com/products.json?limit=100&page=14
[2026-06-08T11:19:34Z] #471 attempt=1/2 status=200 0.269s url=https://www.myfonts.com/products/regular-angelina-malika-1163258
[2026-06-08T11:19:35Z] #472 attempt=1/2 status=200 0.376s url=https://www.myfonts.com/collections/angelina-malika-font-letterhanna-studio/
[2026-06-08T11:19:36Z] #473 attempt=1/2 status=200 0.273s url=https://www.myfonts.com/products/regular-sparkling-moment-1163254
[2026-06-08T11:19:36Z] #474 attempt=1/2 status=200 0.277s url=https://www.myfonts.com/collections/sparkling-moment-font-agny-hasya-studio/
[2026-06-08T11:19:36Z] #475 attempt=1/2 status=429 0.033s url=https://www.myfonts.com/products/ancestri-slab-complete-family-package-1160296
[2026-06-08T11:19:39Z] #476 attempt=2/2 status=200 0.519s url=https://www.myfonts.com/products/ancestri-slab-complete-family-package-1160296
[2026-06-08T11:19:40Z] #477 attempt=1/2 status=200 0.561s url=https://www.myfonts.com/collections/ancestri-slab-font-nollev/
[2026-06-08T11:19:41Z] #478 attempt=1/2 status=200 0.424s url=https://www.myfonts.com/products/buam-complete-family-package-1151858
[2026-06-08T11:19:41Z] #479 attempt=1/2 status=200 0.494s url=https://www.myfonts.com/collections/buam-font-stawix/
[2026-06-08T11:19:42Z] #480 attempt=1/2 status=200 0.581s url=https://www.myfonts.com/products/raskolnikov-complete-family-package-1162856
[2026-06-08T11:19:43Z] #481 attempt=1/2 status=200 0.845s url=https://www.myfonts.com/collections/raskolnikov-font-alpercakici/
[2026-06-08T11:19:45Z] #482 attempt=1/2 status=200 0.804s url=https://www.myfonts.com/products/blanco-complete-family-package-1162743
[2026-06-08T11:19:46Z] #483 attempt=1/2 status=200 1.302s url=https://www.myfonts.com/collections/blanco-font-alpercakici/
[2026-06-08T11:19:48Z] #484 attempt=1/6 status=200 0.831s url=https://www.myfonts.com/products.json?limit=100&page=15
[2026-06-08T11:19:48Z] #485 attempt=1/2 status=200 0.275s url=https://www.myfonts.com/products/regular-aktivist-1156670
[2026-06-08T11:19:49Z] #486 attempt=1/2 status=200 0.285s url=https://www.myfonts.com/collections/aktivist-font-fontanatype/
[2026-06-08T11:19:50Z] #487 attempt=1/6 status=200 0.713s url=https://www.myfonts.com/products.json?limit=100&page=16
[2026-06-08T11:19:51Z] #488 attempt=1/2 status=200 0.327s url=https://www.myfonts.com/products/pramat-complete-family-package-1134223
[2026-06-08T11:19:51Z] #489 attempt=1/2 status=200 0.357s url=https://www.myfonts.com/collections/pramat-font-bale-type/
[2026-06-08T11:19:52Z] #490 attempt=1/2 status=200 0.315s url=https://www.myfonts.com/products/glaytons-complete-family-package-1162690
[2026-06-08T11:19:52Z] #491 attempt=1/2 status=429 0.057s url=https://www.myfonts.com/collections/glaytons-font-letterena-studios/
[2026-06-08T11:19:55Z] #492 attempt=2/2 status=200 0.411s url=https://www.myfonts.com/collections/glaytons-font-letterena-studios/
[2026-06-08T11:19:55Z] #493 attempt=1/2 status=200 0.309s url=https://www.myfonts.com/products/badilna-complete-family-package-1162687
[2026-06-08T11:19:56Z] #494 attempt=1/2 status=200 0.400s url=https://www.myfonts.com/collections/badilna-font-letterena-studios/
[2026-06-08T11:19:57Z] #495 attempt=1/2 status=200 0.331s url=https://www.myfonts.com/products/rhumb-variable-complete-family-package-1162731
[2026-06-08T11:19:57Z] #496 attempt=1/2 status=200 0.369s url=https://www.myfonts.com/collections/rhumb-variable-font-octotypo/
[2026-06-08T11:19:58Z] #497 attempt=1/2 status=200 0.371s url=https://www.myfonts.com/products/zentaro-complete-family-package-1162717
[2026-06-08T11:19:58Z] #498 attempt=1/2 status=429 0.042s url=https://www.myfonts.com/collections/zentaro-font-qiubare-studio/
[2026-06-08T11:20:01Z] #499 attempt=2/2 status=200 0.542s url=https://www.myfonts.com/collections/zentaro-font-qiubare-studio/
[2026-06-08T11:20:02Z] #500 attempt=1/2 status=200 0.296s url=https://www.myfonts.com/products/montegar-complete-family-package-1162711
[2026-06-08T11:20:02Z] #501 attempt=1/2 status=200 0.411s url=https://www.myfonts.com/collections/montegar-font-lettertype-studio/
[2026-06-08T11:20:03Z] #502 attempt=1/2 status=200 0.745s url=https://www.myfonts.com/products/novel-display-complete-family-package-1162446
[2026-06-08T11:20:05Z] #503 attempt=1/2 status=200 0.977s url=https://www.myfonts.com/collections/novel-display-font-atlasfontfoundry/
[2026-06-08T11:20:05Z] #504 attempt=1/2 status=200 0.357s url=https://www.myfonts.com/products/carnival-lights-complete-family-package-1162547
[2026-06-08T11:20:06Z] #505 attempt=1/2 status=200 0.301s url=https://www.myfonts.com/collections/carnival-lights-font-bale-type/
[2026-06-08T11:20:07Z] #506 attempt=1/2 status=200 0.366s url=https://www.myfonts.com/products/back-tactical-complete-family-package-1162739
[2026-06-08T11:20:07Z] #507 attempt=1/2 status=200 0.426s url=https://www.myfonts.com/collections/back-tactical-font-letterena-studios/
[2026-06-08T11:20:08Z] #508 attempt=1/2 status=429 0.035s url=https://www.myfonts.com/products/caldris-complete-family-package-1162701
[2026-06-08T11:20:10Z] #509 attempt=2/2 status=200 0.433s url=https://www.myfonts.com/products/caldris-complete-family-package-1162701
[2026-06-08T11:20:11Z] #510 attempt=1/2 status=200 0.373s url=https://www.myfonts.com/collections/caldris-font-rafis-type/
[2026-06-08T11:20:12Z] #511 attempt=1/2 status=200 0.451s url=https://www.myfonts.com/products/cotford-complete-family-package-1162225
[2026-06-08T11:20:12Z] #512 attempt=1/2 status=200 0.560s url=https://www.myfonts.com/collections/cotford-font-monotype-imaging/
[2026-06-08T11:20:13Z] #513 attempt=1/2 status=200 0.409s url=https://www.myfonts.com/products/primaxis-variable-complete-family-package-1162727
[2026-06-08T11:20:14Z] #514 attempt=1/2 status=200 0.387s url=https://www.myfonts.com/collections/primaxis-variable-font-octotypo/
[2026-06-08T11:20:14Z] #515 attempt=1/2 status=200 0.311s url=https://www.myfonts.com/products/cotford-variable-complete-family-package-1162242
[2026-06-08T11:20:15Z] #516 attempt=1/2 status=429 0.039s url=https://www.myfonts.com/collections/cotford-variable-font-monotype-imaging/
[2026-06-08T11:20:17Z] #517 attempt=2/2 status=200 0.501s url=https://www.myfonts.com/collections/cotford-variable-font-monotype-imaging/
[2026-06-08T11:20:18Z] #518 attempt=1/2 status=200 0.359s url=https://www.myfonts.com/products/de-rough-belmonty-complete-family-package-1162708
[2026-06-08T11:20:19Z] #519 attempt=1/2 status=200 0.366s url=https://www.myfonts.com/collections/de-rough-belmonty-font-letterena-studios/
[2026-06-08T11:20:19Z] #520 attempt=1/2 status=200 0.301s url=https://www.myfonts.com/products/shavile-complete-family-package-1162705
[2026-06-08T11:20:20Z] #521 attempt=1/2 status=200 0.380s url=https://www.myfonts.com/collections/shavile-font-ragamkata/
[2026-06-08T11:20:20Z] #522 attempt=1/2 status=200 0.300s url=https://www.myfonts.com/products/janhira-complete-family-package-1162714
[2026-06-08T11:20:21Z] #523 attempt=1/2 status=429 0.061s url=https://www.myfonts.com/collections/janhira-font-letterena-studios/
[2026-06-08T11:20:23Z] #524 attempt=2/2 status=200 0.404s url=https://www.myfonts.com/collections/janhira-font-letterena-studios/
[2026-06-08T11:20:24Z] #525 attempt=1/2 status=200 0.317s url=https://www.myfonts.com/products/spheris-complete-family-package-1162693
[2026-06-08T11:20:25Z] #526 attempt=1/2 status=200 0.391s url=https://www.myfonts.com/collections/spheris-font-defharo/
[2026-06-08T11:20:26Z] #527 attempt=1/2 status=200 0.874s url=https://www.myfonts.com/products/dry-ita-tachos-1161974
[2026-06-08T11:20:27Z] #528 attempt=1/2 status=200 0.817s url=https://www.myfonts.com/collections/tachos-font-alpercakici/
[2026-06-08T11:20:28Z] #529 attempt=1/2 status=200 0.316s url=https://www.myfonts.com/products/regular-olline-1162737
[2026-06-08T11:20:28Z] #530 attempt=1/2 status=200 0.456s url=https://www.myfonts.com/collections/olline-font-rasio-studio/
[2026-06-08T11:20:29Z] #531 attempt=1/2 status=200 0.568s url=https://www.myfonts.com/products/bold-core-gothic-d-1084247
[2026-06-08T11:20:30Z] #532 attempt=1/2 status=200 0.556s url=https://www.myfonts.com/collections/core-gothic-d-font-s-core/
[2026-06-08T11:20:31Z] #533 attempt=1/2 status=200 0.637s url=https://www.myfonts.com/products/regular-nabiboy-1162734
[2026-06-08T11:20:31Z] #534 attempt=1/2 status=200 0.317s url=https://www.myfonts.com/collections/nabiboy-font-sarcastic-raven-workshop/
[2026-06-08T11:20:32Z] #535 attempt=1/6 status=429 0.032s url=https://www.myfonts.com/products.json?limit=100&page=17
[2026-06-08T11:20:35Z] #536 attempt=2/6 status=200 0.677s url=https://www.myfonts.com/products.json?limit=100&page=17
[2026-06-08T11:20:36Z] #537 attempt=1/2 status=200 0.246s url=https://www.myfonts.com/products/regular-bingko-1162546
[2026-06-08T11:20:36Z] #538 attempt=1/2 status=200 0.247s url=https://www.myfonts.com/collections/bingko-font-sensatype-studio/
[2026-06-08T11:20:37Z] #539 attempt=1/2 status=200 0.220s url=https://www.myfonts.com/products/regular-virga-1162738
[2026-06-08T11:20:37Z] #540 attempt=1/2 status=200 0.379s url=https://www.myfonts.com/collections/virga-font-sensatype-studio/
[2026-06-08T11:20:38Z] #541 attempt=1/2 status=200 0.336s url=https://www.myfonts.com/products/regular-sweetbliss-1162704
[2026-06-08T11:20:38Z] #542 attempt=1/2 status=200 0.273s url=https://www.myfonts.com/collections/sweetbliss-font-letterhanna-studio/
[2026-06-08T11:20:39Z] #543 attempt=1/2 status=429 0.037s url=https://www.myfonts.com/products/regular-bagine-1162686
[2026-06-08T11:20:41Z] #544 attempt=2/2 status=200 0.301s url=https://www.myfonts.com/products/regular-bagine-1162686
[2026-06-08T11:20:42Z] #545 attempt=1/2 status=200 0.417s url=https://www.myfonts.com/collections/bagine-font-pandeka-studio/
[2026-06-08T11:20:42Z] #546 attempt=1/2 status=200 0.273s url=https://www.myfonts.com/products/regular-muzzaro-1162735
[2026-06-08T11:20:43Z] #547 attempt=1/2 status=200 0.258s url=https://www.myfonts.com/collections/muzzaro-font-rasio-studio/
[2026-06-08T11:20:43Z] #548 attempt=1/2 status=429 0.039s url=https://www.myfonts.com/products/regular-klyne-1162736
[2026-06-08T11:20:46Z] #549 attempt=2/2 status=200 0.298s url=https://www.myfonts.com/products/regular-klyne-1162736
[2026-06-08T11:20:46Z] #550 attempt=1/2 status=200 0.363s url=https://www.myfonts.com/collections/klyne-font-rasio-studio/
[2026-06-08T11:20:47Z] #551 attempt=1/2 status=200 0.267s url=https://www.myfonts.com/products/glathor-regular-glathor-1162742
[2026-06-08T11:20:47Z] #552 attempt=1/2 status=200 0.233s url=https://www.myfonts.com/collections/glathor-font-flawlessandco/
[2026-06-08T11:20:49Z] #553 attempt=1/6 status=200 0.679s url=https://www.myfonts.com/products.json?limit=100&page=18
[2026-06-08T11:20:49Z] #554 attempt=1/2 status=200 0.272s url=https://www.myfonts.com/products/tharwatemara-regular-te-monvera-1162194
[2026-06-08T11:20:50Z] #555 attempt=1/2 status=200 0.300s url=https://www.myfonts.com/collections/te-monvera-font-tharwat-emara/
[2026-06-08T11:20:50Z] #556 attempt=1/2 status=429 0.043s url=https://www.myfonts.com/products/tharwatemara-regular-te-monvera-2-1162195
[2026-06-08T11:20:52Z] #557 attempt=2/2 status=200 0.320s url=https://www.myfonts.com/products/tharwatemara-regular-te-monvera-2-1162195
[2026-06-08T11:20:53Z] #558 attempt=1/2 status=200 0.344s url=https://www.myfonts.com/collections/te-monvera-2-font-tharwat-emara/
[2026-06-08T11:20:54Z] #559 attempt=1/2 status=200 0.248s url=https://www.myfonts.com/products/tharwatemara-regular-te-seravera1-1162196
[2026-06-08T11:20:54Z] #560 attempt=1/2 status=200 0.274s url=https://www.myfonts.com/collections/te-seravera1-font-tharwat-emara/
[2026-06-08T11:20:54Z] #561 attempt=1/2 status=429 0.041s url=https://www.myfonts.com/products/anoma-complete-family-package-1162014
[2026-06-08T11:20:57Z] #562 attempt=2/2 status=200 0.457s url=https://www.myfonts.com/products/anoma-complete-family-package-1162014
[2026-06-08T11:20:58Z] #563 attempt=1/2 status=200 0.408s url=https://www.myfonts.com/collections/anoma-font-grontype/
[2026-06-08T11:20:58Z] #564 attempt=1/2 status=200 0.427s url=https://www.myfonts.com/products/garden-stories-complete-family-package-1161982
[2026-06-08T11:20:59Z] #565 attempt=1/2 status=200 0.452s url=https://www.myfonts.com/collections/garden-stories-font-sloulyfe-studio/
[2026-06-08T11:21:00Z] #566 attempt=1/2 status=200 0.316s url=https://www.myfonts.com/products/qasrina-arabic-complete-family-package-1161991
[2026-06-08T11:21:00Z] #567 attempt=1/2 status=200 0.351s url=https://www.myfonts.com/collections/qasrina-arabic-font-yoga-letter/
[2026-06-08T11:21:01Z] #568 attempt=1/2 status=200 0.322s url=https://www.myfonts.com/products/dk-griduo-complete-family-package-1162138
[2026-06-08T11:21:01Z] #569 attempt=1/2 status=429 0.042s url=https://www.myfonts.com/collections/dk-griduo-font-dutype-foundry/
[2026-06-08T11:21:04Z] #570 attempt=2/2 status=200 0.445s url=https://www.myfonts.com/collections/dk-griduo-font-dutype-foundry/
[2026-06-08T11:21:04Z] #571 attempt=1/2 status=200 0.347s url=https://www.myfonts.com/products/ft-hexapix-complete-family-package-1162008
[2026-06-08T11:21:05Z] #572 attempt=1/2 status=200 0.355s url=https://www.myfonts.com/collections/ft-hexapix-font-firstype-studio/
[2026-06-08T11:21:06Z] #573 attempt=1/2 status=200 0.579s url=https://www.myfonts.com/products/pavona-alta-complete-family-package-1162099
[2026-06-08T11:21:07Z] #574 attempt=1/2 status=200 0.547s url=https://www.myfonts.com/collections/pavona-alta-font-twinletter/
[2026-06-08T11:21:08Z] #575 attempt=1/2 status=200 0.435s url=https://www.myfonts.com/products/megabot-complete-family-package-1161994
[2026-06-08T11:21:08Z] #576 attempt=1/2 status=200 0.530s url=https://www.myfonts.com/collections/megabot-font-sulthan-studio/
[2026-06-08T11:21:09Z] #577 attempt=1/2 status=429 0.034s url=https://www.myfonts.com/products/cartio-complete-family-package-1162127
[2026-06-08T11:21:11Z] #578 attempt=2/2 status=200 0.499s url=https://www.myfonts.com/products/cartio-complete-family-package-1162127
[2026-06-08T11:21:12Z] #579 attempt=1/2 status=200 0.703s url=https://www.myfonts.com/collections/cartio-font-product-type/
[2026-06-08T11:21:13Z] #580 attempt=1/2 status=200 0.390s url=https://www.myfonts.com/products/brasen-complete-family-package-1162029
[2026-06-08T11:21:14Z] #581 attempt=1/2 status=200 0.523s url=https://www.myfonts.com/collections/brasen-font-mevstory-studio/
[2026-06-08T11:21:14Z] #582 attempt=1/2 status=200 0.413s url=https://www.myfonts.com/products/onlaweng-complete-family-package-1162060
[2026-06-08T11:21:15Z] #583 attempt=1/2 status=200 0.653s url=https://www.myfonts.com/collections/onlaweng-font-jipatype/
[2026-06-08T11:21:16Z] #584 attempt=1/2 status=200 0.433s url=https://www.myfonts.com/products/get-it-right-complete-family-package-1162037
[2026-06-08T11:21:17Z] #585 attempt=1/2 status=200 0.465s url=https://www.myfonts.com/collections/get-it-right-font-pizzadudedk/
[2026-06-08T11:21:17Z] #586 attempt=1/2 status=200 0.322s url=https://www.myfonts.com/products/tagzilla-complete-family-package-1162032
[2026-06-08T11:21:18Z] #587 attempt=1/2 status=429 0.037s url=https://www.myfonts.com/collections/tagzilla-font-atasi-studio/
[2026-06-08T11:21:20Z] #588 attempt=2/2 status=200 0.391s url=https://www.myfonts.com/collections/tagzilla-font-atasi-studio/
[2026-06-08T11:21:21Z] #589 attempt=1/2 status=200 0.748s url=https://www.myfonts.com/products/nickota-complete-family-package-1162150
[2026-06-08T11:21:22Z] #590 attempt=1/2 status=200 0.320s url=https://www.myfonts.com/collections/nickota-font-vermilione/
[2026-06-08T11:21:22Z] #591 attempt=1/2 status=200 0.323s url=https://www.myfonts.com/products/zalewsky-script-complete-family-package-1161988
[2026-06-08T11:21:23Z] #592 attempt=1/2 status=200 0.324s url=https://www.myfonts.com/collections/zalewsky-script-font-letterytz/
[2026-06-08T11:21:24Z] #593 attempt=1/2 status=200 0.279s url=https://www.myfonts.com/products/honey-la-joy-complete-family-package-1162179
[2026-06-08T11:21:24Z] #594 attempt=1/2 status=429 0.030s url=https://www.myfonts.com/collections/honey-la-joy-font-letterena-studios/
[2026-06-08T11:21:27Z] #595 attempt=2/2 status=200 0.466s url=https://www.myfonts.com/collections/honey-la-joy-font-letterena-studios/
[2026-06-08T11:21:27Z] #596 attempt=1/2 status=200 0.519s url=https://www.myfonts.com/products/station-urban-gate-complete-family-package-1162175
[2026-06-08T11:21:28Z] #597 attempt=1/2 status=200 0.523s url=https://www.myfonts.com/collections/station-urban-gate-font-amorfa-type/
[2026-06-08T11:21:29Z] #598 attempt=1/2 status=200 0.505s url=https://www.myfonts.com/products/nolton-vintage-complete-family-package-1162118
[2026-06-08T11:21:30Z] #599 attempt=1/2 status=200 0.635s url=https://www.myfonts.com/collections/nolton-vintage-font-grezline-studio/
[2026-06-08T11:21:30Z] #600 attempt=1/2 status=200 0.379s url=https://www.myfonts.com/products/carfield-complete-family-package-1162087
[2026-06-08T11:21:31Z] #601 attempt=1/2 status=200 0.513s url=https://www.myfonts.com/collections/carfield-font-din-studio/
[2026-06-08T11:21:32Z] #602 attempt=1/2 status=200 0.291s url=https://www.myfonts.com/products/dary-complete-family-package-1161985
[2026-06-08T11:21:32Z] #603 attempt=1/2 status=429 0.044s url=https://www.myfonts.com/collections/dary-font-zaain-type/
[2026-06-08T11:21:35Z] #604 attempt=2/2 status=200 0.472s url=https://www.myfonts.com/collections/dary-font-zaain-type/
[2026-06-08T11:21:36Z] #605 attempt=1/2 status=200 0.563s url=https://www.myfonts.com/products/stay-humble-complete-family-package-1162083
[2026-06-08T11:21:36Z] #606 attempt=1/2 status=200 0.366s url=https://www.myfonts.com/collections/stay-humble-font-sensatype-studio/
[2026-06-08T11:21:37Z] #607 attempt=1/2 status=200 0.314s url=https://www.myfonts.com/products/yusiel-duo-complete-family-package-1162079
[2026-06-08T11:21:37Z] #608 attempt=1/2 status=200 0.461s url=https://www.myfonts.com/collections/yusiel-duo-font-abo-daniel/
[2026-06-08T11:21:38Z] #609 attempt=1/2 status=200 0.473s url=https://www.myfonts.com/products/refiost-complete-family-package-1162018
[2026-06-08T11:21:39Z] #610 attempt=1/2 status=200 0.472s url=https://www.myfonts.com/collections/refiost-font-gian-studio/
[2026-06-08T11:21:40Z] #611 attempt=1/2 status=200 0.451s url=https://www.myfonts.com/products/exos-complete-family-package-1162011
[2026-06-08T11:21:40Z] #612 attempt=1/2 status=429 0.040s url=https://www.myfonts.com/collections/exos-font-grontype/
[2026-06-08T11:21:43Z] #613 attempt=2/2 status=200 0.397s url=https://www.myfonts.com/collections/exos-font-grontype/
[2026-06-08T11:21:43Z] #614 attempt=1/2 status=200 0.285s url=https://www.myfonts.com/products/ferdinos-complete-family-package-1162153
[2026-06-08T11:21:44Z] #615 attempt=1/2 status=200 0.612s url=https://www.myfonts.com/collections/ferdinos-font-dora-typefoundry/
[2026-06-08T11:21:45Z] #616 attempt=1/2 status=200 0.369s url=https://www.myfonts.com/products/jumbo-complete-family-package-1162171
[2026-06-08T11:21:45Z] #617 attempt=1/2 status=200 0.388s url=https://www.myfonts.com/collections/jumbo-font-sensatype-studio/
[2026-06-08T11:21:46Z] #618 attempt=1/2 status=200 0.394s url=https://www.myfonts.com/products/mishoto-complete-family-package-1162040
[2026-06-08T11:21:46Z] #619 attempt=1/2 status=429 0.052s url=https://www.myfonts.com/collections/mishoto-font-owl-king-project/
[2026-06-08T11:21:49Z] #620 attempt=2/2 status=200 0.586s url=https://www.myfonts.com/collections/mishoto-font-owl-king-project/
[2026-06-08T11:21:50Z] #621 attempt=1/2 status=200 0.269s url=https://www.myfonts.com/products/regular-padle-candy-1162178
[2026-06-08T11:21:50Z] #622 attempt=1/2 status=200 0.275s url=https://www.myfonts.com/collections/padle-candy-font-jolicia-type/
[2026-06-08T11:21:51Z] #623 attempt=1/2 status=200 0.262s url=https://www.myfonts.com/products/regular-conya-1162174
[2026-06-08T11:21:51Z] #624 attempt=1/2 status=200 0.261s url=https://www.myfonts.com/collections/conya-font-sensatype-studio/
[2026-06-08T11:21:53Z] #625 attempt=1/6 status=200 0.813s url=https://www.myfonts.com/products.json?limit=100&page=19
[2026-06-08T11:21:53Z] #626 attempt=1/2 status=200 0.409s url=https://www.myfonts.com/products/regular-weird-radio-1162007
[2026-06-08T11:21:54Z] #627 attempt=1/2 status=200 0.262s url=https://www.myfonts.com/collections/weird-radio-font-epiclinez/
[2026-06-08T11:21:54Z] #628 attempt=1/2 status=429 0.033s url=https://www.myfonts.com/products/regular-jasendira-1162059
[2026-06-08T11:21:57Z] #629 attempt=2/2 status=200 0.308s url=https://www.myfonts.com/products/regular-jasendira-1162059
[2026-06-08T11:21:57Z] #630 attempt=1/2 status=200 0.391s url=https://www.myfonts.com/collections/jasendira-font-sealoung/
[2026-06-08T11:21:58Z] #631 attempt=1/2 status=200 0.262s url=https://www.myfonts.com/products/regular-kufication-root-1162035
[2026-06-08T11:21:58Z] #632 attempt=1/2 status=200 0.337s url=https://www.myfonts.com/collections/kufication-root-font-letterhanna-studio/
[2026-06-08T11:21:59Z] #633 attempt=1/2 status=200 0.376s url=https://www.myfonts.com/products/regular-stolier-1162088
[2026-06-08T11:21:59Z] #634 attempt=1/2 status=429 0.034s url=https://www.myfonts.com/collections/stolier-font-letterhend/
[2026-06-08T11:22:02Z] #635 attempt=2/2 status=200 0.387s url=https://www.myfonts.com/collections/stolier-font-letterhend/
[2026-06-08T11:22:02Z] #636 attempt=1/2 status=200 0.340s url=https://www.myfonts.com/products/regular-geliga-1162082
[2026-06-08T11:22:03Z] #637 attempt=1/2 status=200 0.495s url=https://www.myfonts.com/collections/geliga-font-sensatype-studio/
[2026-06-08T11:22:04Z] #638 attempt=1/2 status=200 0.297s url=https://www.myfonts.com/products/regular-vocentra-1162036
[2026-06-08T11:22:04Z] #639 attempt=1/2 status=200 0.336s url=https://www.myfonts.com/collections/vocentra-font-margi-studio/
[2026-06-08T11:22:06Z] #640 attempt=1/6 status=200 0.751s url=https://www.myfonts.com/products.json?limit=100&page=20
[2026-06-08T11:22:06Z] #641 attempt=1/2 status=200 0.295s url=https://www.myfonts.com/products/pinky-girl-regular-pinky-girl-1162017
[2026-06-08T11:22:06Z] #642 attempt=1/2 status=429 0.037s url=https://www.myfonts.com/collections/pinky-girl-font-tertoecreative/
[2026-06-08T11:22:09Z] #643 attempt=2/2 status=200 0.372s url=https://www.myfonts.com/collections/pinky-girl-font-tertoecreative/
[2026-06-08T11:22:10Z] #644 attempt=1/2 status=200 0.308s url=https://www.myfonts.com/products/regular-norriex-1162126
[2026-06-08T11:22:10Z] #645 attempt=1/2 status=200 0.285s url=https://www.myfonts.com/collections/norriex-font-trabas-kriya/
[2026-06-08T11:22:11Z] #646 attempt=1/2 status=200 0.363s url=https://www.myfonts.com/products/regular-akward-silly-1162098
[2026-06-08T11:22:11Z] #647 attempt=1/2 status=200 0.403s url=https://www.myfonts.com/collections/akward-silly-font-tini-fitriani/
[2026-06-08T11:22:12Z] #648 attempt=1/2 status=200 0.355s url=https://www.myfonts.com/products/giacomo-complete-family-package-1161700
[2026-06-08T11:22:12Z] #649 attempt=1/2 status=429 0.047s url=https://www.myfonts.com/collections/giacomo-font-struggle-studio/
[2026-06-08T11:22:15Z] #650 attempt=2/2 status=200 0.543s url=https://www.myfonts.com/collections/giacomo-font-struggle-studio/
[2026-06-08T11:22:16Z] #651 attempt=1/2 status=200 0.393s url=https://www.myfonts.com/products/victoriq-squad-complete-family-package-1161684
[2026-06-08T11:22:16Z] #652 attempt=1/2 status=200 0.402s url=https://www.myfonts.com/collections/victoriq-squad-font-maxart/
[2026-06-08T11:22:17Z] #653 attempt=1/2 status=200 0.318s url=https://www.myfonts.com/products/micher-complete-family-package-1161673
[2026-06-08T11:22:18Z] #654 attempt=1/2 status=200 0.401s url=https://www.myfonts.com/collections/micher-font-waftype/
[2026-06-08T11:22:18Z] #655 attempt=1/2 status=200 0.379s url=https://www.myfonts.com/products/solance-lite-package-1161671
[2026-06-08T11:22:19Z] #656 attempt=1/2 status=200 0.662s url=https://www.myfonts.com/collections/solance-serif-font-sans-and-sons/
[2026-06-08T11:22:20Z] #657 attempt=1/2 status=200 0.296s url=https://www.myfonts.com/products/awalunaki-complete-family-package-1161649
[2026-06-08T11:22:20Z] #658 attempt=1/2 status=429 0.039s url=https://www.myfonts.com/collections/awalunaki-font-unaki/
[2026-06-08T11:22:23Z] #659 attempt=2/2 status=200 0.341s url=https://www.myfonts.com/collections/awalunaki-font-unaki/
[2026-06-08T11:22:23Z] #660 attempt=1/2 status=200 0.481s url=https://www.myfonts.com/products/lokoxi-pro-package-1161647
[2026-06-08T11:22:24Z] #661 attempt=1/2 status=200 0.627s url=https://www.myfonts.com/collections/lokoxi-pro-font-anfound-type/
[2026-06-08T11:22:25Z] #662 attempt=1/2 status=200 0.685s url=https://www.myfonts.com/products/lazy-frogs-complete-family-package-1161654
[2026-06-08T11:22:26Z] #663 attempt=1/2 status=200 0.383s url=https://www.myfonts.com/collections/lazy-frogs-font-koplexs-studio/
[2026-06-08T11:22:27Z] #664 attempt=1/2 status=200 0.421s url=https://www.myfonts.com/products/murisa-yokata-complete-family-package-1161706
[2026-06-08T11:22:28Z] #665 attempt=1/2 status=200 1.042s url=https://www.myfonts.com/collections/murisa-yokata-font-murisa-studio/
[2026-06-08T11:22:29Z] #666 attempt=1/2 status=200 0.424s url=https://www.myfonts.com/products/back-beat-tight-and-loose-complete-family-package-1161610
[2026-06-08T11:22:29Z] #667 attempt=1/2 status=200 0.513s url=https://www.myfonts.com/collections/back-beat-tight-and-loose-font-comicraft/
[2026-06-08T11:22:30Z] #668 attempt=1/2 status=200 0.391s url=https://www.myfonts.com/products/mltp-fromgk-expanded-complete-family-package-1161611
[2026-06-08T11:22:30Z] #669 attempt=1/2 status=429 0.057s url=https://www.myfonts.com/collections/mltp-fromgk-expanded-font-multype-studio/
[2026-06-08T11:22:33Z] #670 attempt=2/2 status=200 0.425s url=https://www.myfonts.com/collections/mltp-fromgk-expanded-font-multype-studio/
[2026-06-08T11:22:34Z] #671 attempt=1/2 status=200 0.292s url=https://www.myfonts.com/products/dennya-complete-family-package-1161657
[2026-06-08T11:22:34Z] #672 attempt=1/2 status=200 0.341s url=https://www.myfonts.com/collections/dennya-font-tini-fitriani/
[2026-06-08T11:22:36Z] #673 attempt=1/2 status=200 1.027s url=https://www.myfonts.com/products/anger-complete-family-package-1161692
[2026-06-08T11:22:36Z] #674 attempt=1/2 status=200 0.579s url=https://www.myfonts.com/collections/anger-font-vampstudio/
[2026-06-08T11:22:37Z] #675 attempt=1/2 status=200 0.306s url=https://www.myfonts.com/products/subway-berlin-complete-family-package-1161697
[2026-06-08T11:22:38Z] #676 attempt=1/2 status=200 0.515s url=https://www.myfonts.com/collections/subway-berlin-font-mei-suseno/
[2026-06-08T11:22:38Z] #677 attempt=1/2 status=200 0.278s url=https://www.myfonts.com/products/ft-monogrid-complete-family-package-1161660
[2026-06-08T11:22:38Z] #678 attempt=1/2 status=429 0.036s url=https://www.myfonts.com/collections/ft-monogrid-font-firstype-studio/
[2026-06-08T11:22:41Z] #679 attempt=2/2 status=200 0.522s url=https://www.myfonts.com/collections/ft-monogrid-font-firstype-studio/
[2026-06-08T11:22:42Z] #680 attempt=1/2 status=200 0.973s url=https://www.myfonts.com/products/regular-cindervale-1161683
[2026-06-08T11:22:43Z] #681 attempt=1/2 status=200 0.309s url=https://www.myfonts.com/collections/cindervale-font-letterhanna-studio/
[2026-06-08T11:22:44Z] #682 attempt=1/2 status=200 0.578s url=https://www.myfonts.com/products/regular-lemon-chomp-1161711
[2026-06-08T11:22:45Z] #683 attempt=1/2 status=200 0.510s url=https://www.myfonts.com/collections/lemon-chomp-font-sipanji21/
[2026-06-08T11:22:46Z] #684 attempt=1/2 status=200 0.768s url=https://www.myfonts.com/products/regular-amsahoney-1161652
[2026-06-08T11:22:46Z] #685 attempt=1/2 status=200 0.245s url=https://www.myfonts.com/collections/amsahoney-font-sealoung/
[2026-06-08T11:22:47Z] #686 attempt=1/2 status=200 0.326s url=https://www.myfonts.com/products/regular-melgank-1161681
[2026-06-08T11:22:48Z] #687 attempt=1/2 status=200 0.589s url=https://www.myfonts.com/collections/melgank-font-only-fonts/
[2026-06-08T11:22:48Z] #688 attempt=1/2 status=200 0.272s url=https://www.myfonts.com/products/regular-romantis-1161680
[2026-06-08T11:22:48Z] #689 attempt=1/2 status=429 0.043s url=https://www.myfonts.com/collections/romantis-font-jaruka-creative/
[2026-06-08T11:22:51Z] #690 attempt=2/2 status=200 0.507s url=https://www.myfonts.com/collections/romantis-font-jaruka-creative/
[2026-06-08T11:22:52Z] #691 attempt=1/2 status=200 0.270s url=https://www.myfonts.com/products/regular-zfhalcyon-1161632
[2026-06-08T11:22:52Z] #692 attempt=1/2 status=200 0.245s url=https://www.myfonts.com/collections/zfhalcyon-font-zoofont/
[2026-06-08T11:22:53Z] #693 attempt=1/2 status=200 0.229s url=https://www.myfonts.com/products/regular-jamoa-script-1161691
[2026-06-08T11:22:53Z] #694 attempt=1/2 status=200 0.252s url=https://www.myfonts.com/collections/jamoa-script-font-four-lines-std/
[2026-06-08T11:22:53Z] #695 attempt=1/2 status=429 0.035s url=https://www.myfonts.com/products/regular-elmarn-1161634
[2026-06-08T11:22:56Z] #696 attempt=2/2 status=200 0.461s url=https://www.myfonts.com/products/regular-elmarn-1161634
[2026-06-08T11:22:57Z] #697 attempt=1/2 status=200 0.823s url=https://www.myfonts.com/collections/elmarn-font-only-fonts/
[2026-06-08T11:22:59Z] #698 attempt=1/6 status=200 0.947s url=https://www.myfonts.com/products.json?limit=100&page=21
[2026-06-08T11:22:59Z] #699 attempt=1/2 status=200 0.287s url=https://www.myfonts.com/products/regular-holfont-1161682
[2026-06-08T11:23:00Z] #700 attempt=1/2 status=200 0.388s url=https://www.myfonts.com/collections/holfont-font-only-fonts/
[2026-06-08T11:23:00Z] #701 attempt=1/2 status=200 0.281s url=https://www.myfonts.com/products/regular-mat-cho-1161690
[2026-06-08T11:23:01Z] #702 attempt=1/2 status=200 0.315s url=https://www.myfonts.com/collections/mat-cho-font-canden-meutuah/
[2026-06-08T11:23:01Z] #703 attempt=1/2 status=200 0.289s url=https://www.myfonts.com/products/regular-father-punker-1161712
[2026-06-08T11:23:02Z] #704 attempt=1/2 status=200 0.296s url=https://www.myfonts.com/collections/father-punker-font-sipanji21/
[2026-06-08T11:23:03Z] #705 attempt=1/2 status=200 0.288s url=https://www.myfonts.com/products/regular-mozathia-1161705
[2026-06-08T11:23:03Z] #706 attempt=1/2 status=200 0.288s url=https://www.myfonts.com/collections/mozathia-font-denustudio/
[2026-06-08T11:23:04Z] #707 attempt=1/2 status=200 0.269s url=https://www.myfonts.com/products/regular-feral-glyph-1161704
[2026-06-08T11:23:04Z] #708 attempt=1/2 status=200 0.354s url=https://www.myfonts.com/collections/feral-glyph-font-atom/
[2026-06-08T11:23:05Z] #709 attempt=1/2 status=200 0.273s url=https://www.myfonts.com/products/regular-minggo-plays-1161653
[2026-06-08T11:23:05Z] #710 attempt=1/2 status=200 0.288s url=https://www.myfonts.com/collections/minggo-plays-font-tini-fitriani/
[2026-06-08T11:23:06Z] #711 attempt=1/2 status=200 0.303s url=https://www.myfonts.com/products/bublo-complete-family-package-1161607
[2026-06-08T11:23:06Z] #712 attempt=1/2 status=200 0.335s url=https://www.myfonts.com/collections/bublo-font-divora-type/
[2026-06-08T11:23:07Z] #713 attempt=1/2 status=200 0.384s url=https://www.myfonts.com/products/magic-target-complete-family-package-1160901
[2026-06-08T11:23:08Z] #714 attempt=1/2 status=200 0.488s url=https://www.myfonts.com/collections/magic-target-font-timelesstype-studio/
[2026-06-08T11:23:09Z] #715 attempt=1/2 status=200 0.448s url=https://www.myfonts.com/products/wildwords-complete-family-package-1161494
[2026-06-08T11:23:09Z] #716 attempt=1/2 status=200 0.484s url=https://www.myfonts.com/collections/wild-words-font-comicraft/
[2026-06-08T11:23:10Z] #717 attempt=1/2 status=200 0.420s url=https://www.myfonts.com/products/foermality-rounded-outline-complete-family-package-1160985
[2026-06-08T11:23:11Z] #718 attempt=1/2 status=200 0.468s url=https://www.myfonts.com/collections/foermality-rounded-outline-font-laroyba-type/
[2026-06-08T11:23:11Z] #719 attempt=1/2 status=200 0.418s url=https://www.myfonts.com/products/hush-hush-complete-family-package-1161489
[2026-06-08T11:23:12Z] #720 attempt=1/2 status=200 0.513s url=https://www.myfonts.com/collections/hush-hush-font-comicraft/
[2026-06-08T11:23:13Z] #721 attempt=1/2 status=200 0.289s url=https://www.myfonts.com/products/scarnix-complete-family-package-1160870
[2026-06-08T11:23:14Z] #722 attempt=1/2 status=200 0.560s url=https://www.myfonts.com/collections/scarnix-font-letterara/
[2026-06-08T11:23:14Z] #723 attempt=1/2 status=200 0.487s url=https://www.myfonts.com/products/biarty-complete-family-package-1160960
[2026-06-08T11:23:15Z] #724 attempt=1/2 status=200 0.778s url=https://www.myfonts.com/collections/biarty-font-nollev/
[2026-06-08T11:23:16Z] #725 attempt=1/2 status=200 0.349s url=https://www.myfonts.com/products/cyber-copix-complete-family-package-1161016
[2026-06-08T11:23:17Z] #726 attempt=1/2 status=200 0.446s url=https://www.myfonts.com/collections/cyber-copix-font-afkari-studio/
[2026-06-08T11:23:17Z] #727 attempt=1/2 status=200 0.349s url=https://www.myfonts.com/products/sunday-radio-complete-family-package-1161007
[2026-06-08T11:23:18Z] #728 attempt=1/2 status=200 0.451s url=https://www.myfonts.com/collections/sunday-radio-font-sixtype-foundry/
[2026-06-08T11:23:19Z] #729 attempt=1/2 status=200 0.312s url=https://www.myfonts.com/products/snocky-complete-family-package-1160908
[2026-06-08T11:23:19Z] #730 attempt=1/2 status=200 0.560s url=https://www.myfonts.com/collections/snocky-font-sensatype-studio/
[2026-06-08T11:23:20Z] #731 attempt=1/2 status=200 0.320s url=https://www.myfonts.com/products/jankora-street-complete-family-package-1160921
[2026-06-08T11:23:21Z] #732 attempt=1/2 status=200 0.561s url=https://www.myfonts.com/collections/jankora-street-font-sipanji21/
[2026-06-08T11:23:22Z] #733 attempt=1/2 status=200 0.325s url=https://www.myfonts.com/products/racole-complete-family-package-1160955
[2026-06-08T11:23:22Z] #734 attempt=1/2 status=200 0.384s url=https://www.myfonts.com/collections/racole-font-artisan-themes/
[2026-06-08T11:23:23Z] #735 attempt=1/2 status=200 0.362s url=https://www.myfonts.com/products/gabriel-bautista-complete-family-package-1161480
[2026-06-08T11:23:24Z] #736 attempt=1/2 status=200 0.558s url=https://www.myfonts.com/collections/gabriel-bautista-font-comicraft/
[2026-06-08T11:23:25Z] #737 attempt=1/2 status=200 0.763s url=https://www.myfonts.com/products/orlive-complete-family-package-1160904
[2026-06-08T11:23:25Z] #738 attempt=1/2 status=200 0.337s url=https://www.myfonts.com/collections/orlive-font-flavortype/
[2026-06-08T11:23:26Z] #739 attempt=1/2 status=200 0.348s url=https://www.myfonts.com/products/istarot-complete-family-package-1160867
[2026-06-08T11:23:26Z] #740 attempt=1/2 status=200 0.370s url=https://www.myfonts.com/collections/istarot-font-letterara/
[2026-06-08T11:23:27Z] #741 attempt=1/2 status=200 0.352s url=https://www.myfonts.com/products/richeks-kosta-complete-family-package-1160913
[2026-06-08T11:23:28Z] #742 attempt=1/2 status=200 0.444s url=https://www.myfonts.com/collections/richeks-kosta-font-timelesstype-studio/
[2026-06-08T11:23:29Z] #743 attempt=1/2 status=200 0.421s url=https://www.myfonts.com/products/ravok-complete-family-package-1160864
[2026-06-08T11:23:29Z] #744 attempt=1/2 status=200 0.504s url=https://www.myfonts.com/collections/ravok-font-letterara/
[2026-06-08T11:23:31Z] #745 attempt=1/2 status=200 1.062s url=https://www.myfonts.com/products/arunela-complete-family-package-1160854
[2026-06-08T11:23:32Z] #746 attempt=1/2 status=200 1.175s url=https://www.myfonts.com/collections/arunela-font-letterara/
[2026-06-08T11:23:34Z] #747 attempt=1/2 status=200 1.584s url=https://www.myfonts.com/products/aukim-ii-child-complete-family-package-1161244
[2026-06-08T11:23:36Z] #748 attempt=1/2 status=200 1.976s url=https://www.myfonts.com/collections/aukim-ii-child-font-aukimvisuel/
[2026-06-08T11:23:38Z] #749 attempt=1/2 status=200 0.388s url=https://www.myfonts.com/products/redcliff-campwood-complete-family-package-1161010
[2026-06-08T11:23:38Z] #750 attempt=1/2 status=200 0.381s url=https://www.myfonts.com/collections/redcliff-campwood-font-din-studio/
[2026-06-08T11:23:39Z] #751 attempt=1/2 status=200 0.434s url=https://www.myfonts.com/products/rangers-complete-family-package-1160930
[2026-06-08T11:23:40Z] #752 attempt=1/2 status=200 1.230s url=https://www.myfonts.com/collections/rangers-font-syafbe/
[2026-06-08T11:23:42Z] #753 attempt=1/2 status=200 1.180s url=https://www.myfonts.com/products/sadina-rounded-complete-family-package-1160875
[2026-06-08T11:23:43Z] #754 attempt=1/2 status=200 0.678s url=https://www.myfonts.com/collections/sadina-rounded-font-numidiatype/
[2026-06-08T11:23:44Z] #755 attempt=1/2 status=200 0.422s url=https://www.myfonts.com/products/florevia-complete-family-package-1160916
[2026-06-08T11:23:44Z] #756 attempt=1/2 status=200 0.492s url=https://www.myfonts.com/collections/florevia-font-din-studio/
[2026-06-08T11:23:45Z] #757 attempt=1/2 status=200 0.308s url=https://www.myfonts.com/products/orkaviel-complete-family-package-1160857
[2026-06-08T11:23:46Z] #758 attempt=1/2 status=200 0.356s url=https://www.myfonts.com/collections/orkaviel-font-letterara/
[2026-06-08T11:23:47Z] #759 attempt=1/2 status=200 0.729s url=https://www.myfonts.com/products/vion-modern-complete-family-package-1160898
[2026-06-08T11:23:47Z] #760 attempt=1/2 status=200 0.399s url=https://www.myfonts.com/collections/vion-modern-font-illushvara/
[2026-06-08T11:23:48Z] #761 attempt=1/2 status=200 0.412s url=https://www.myfonts.com/products/mechabloq-complete-family-package-1160980
[2026-06-08T11:23:49Z] #762 attempt=1/2 status=200 0.570s url=https://www.myfonts.com/collections/mechabloq-font-mystical-type/
[2026-06-08T11:23:50Z] #763 attempt=1/2 status=200 0.617s url=https://www.myfonts.com/products/maisonelle-complete-family-package-1160860
[2026-06-08T11:23:50Z] #764 attempt=1/2 status=200 0.535s url=https://www.myfonts.com/collections/maisonelle-font-letterara/
[2026-06-08T11:23:51Z] #765 attempt=1/2 status=200 0.375s url=https://www.myfonts.com/products/mexcup-complete-family-package-1160891
[2026-06-08T11:23:52Z] #766 attempt=1/2 status=200 0.385s url=https://www.myfonts.com/collections/mexcup-font-ixipcalli/
[2026-06-08T11:23:52Z] #767 attempt=1/2 status=200 0.309s url=https://www.myfonts.com/products/regular-carmelio-1160927
[2026-06-08T11:23:53Z] #768 attempt=1/2 status=200 0.278s url=https://www.myfonts.com/collections/carmelio-font-clevus/
[2026-06-08T11:23:53Z] #769 attempt=1/2 status=200 0.282s url=https://www.myfonts.com/products/regular-mignova-1160912
[2026-06-08T11:23:54Z] #770 attempt=1/2 status=200 0.532s url=https://www.myfonts.com/collections/mignova-font-sipanji21/
[2026-06-08T11:23:56Z] #771 attempt=1/6 status=200 0.838s url=https://www.myfonts.com/products.json?limit=100&page=22
[2026-06-08T11:23:56Z] #772 attempt=1/2 status=200 0.315s url=https://www.myfonts.com/products/regular-monari-1160863
[2026-06-08T11:23:57Z] #773 attempt=1/2 status=200 0.311s url=https://www.myfonts.com/collections/monari-font-bentype/
[2026-06-08T11:23:57Z] #774 attempt=1/2 status=200 0.485s url=https://www.myfonts.com/products/regular-florea-1160920
[2026-06-08T11:23:58Z] #775 attempt=1/2 status=200 0.342s url=https://www.myfonts.com/collections/florea-font-sixtype-foundry/
[2026-06-08T11:23:59Z] #776 attempt=1/2 status=200 0.351s url=https://www.myfonts.com/products/regular-desdemona-1160919
[2026-06-08T11:23:59Z] #777 attempt=1/2 status=200 0.376s url=https://www.myfonts.com/collections/desdemona-font-sixtype-foundry/
[2026-06-08T11:24:01Z] #778 attempt=1/6 status=200 0.846s url=https://www.myfonts.com/products.json?limit=100&page=23
[2026-06-08T11:24:02Z] #779 attempt=1/6 status=200 0.825s url=https://www.myfonts.com/products.json?limit=100&page=24
[2026-06-08T11:24:03Z] #780 attempt=1/2 status=200 0.299s url=https://www.myfonts.com/products/regular-bravco-1160907
[2026-06-08T11:24:03Z] #781 attempt=1/2 status=200 0.308s url=https://www.myfonts.com/collections/bravco-font-sensatype-studio/
[2026-06-08T11:24:03Z] #782 attempt=1/2 status=429 0.043s url=https://www.myfonts.com/products/regular-celrune-1161006
[2026-06-08T11:24:06Z] #783 attempt=2/2 status=200 0.377s url=https://www.myfonts.com/products/regular-celrune-1161006
[2026-06-08T11:24:07Z] #784 attempt=1/2 status=200 0.298s url=https://www.myfonts.com/collections/celrune-font-only-fonts/
[2026-06-08T11:24:07Z] #785 attempt=1/2 status=200 0.316s url=https://www.myfonts.com/products/standard-busta-1160874
[2026-06-08T11:24:08Z] #786 attempt=1/2 status=200 0.372s url=https://www.myfonts.com/collections/busta-font-bentype/
[2026-06-08T11:24:08Z] #787 attempt=1/2 status=200 0.271s url=https://www.myfonts.com/products/regular-regotta-1160928
[2026-06-08T11:24:09Z] #788 attempt=1/2 status=429 0.039s url=https://www.myfonts.com/collections/regotta-font-rasio-studio/
[2026-06-08T11:24:11Z] #789 attempt=2/2 status=200 0.318s url=https://www.myfonts.com/collections/regotta-font-rasio-studio/
[2026-06-08T11:24:12Z] #790 attempt=1/2 status=200 0.434s url=https://www.myfonts.com/products/regular-panicmode-1160979
[2026-06-08T11:24:12Z] #791 attempt=1/2 status=200 0.279s url=https://www.myfonts.com/collections/panicmode-font-inviline/
[2026-06-08T11:24:14Z] #792 attempt=1/6 status=200 0.831s url=https://www.myfonts.com/products.json?limit=100&page=25
[2026-06-08T11:24:14Z] #793 attempt=1/2 status=200 0.299s url=https://www.myfonts.com/products/regular-starley-1160929
[2026-06-08T11:24:15Z] #794 attempt=1/2 status=200 0.411s url=https://www.myfonts.com/collections/starley-font-sensatype-studio/
[2026-06-08T11:24:16Z] #795 attempt=1/2 status=200 0.369s url=https://www.myfonts.com/products/italic-rmu-trifels-1161479
[2026-06-08T11:24:16Z] #796 attempt=1/2 status=200 0.233s url=https://www.myfonts.com/collections/rmu-trifels-font-rmu/
[2026-06-08T11:24:16Z] #797 attempt=1/2 status=429 0.032s url=https://www.myfonts.com/products/regular-rekova-marove-1160873
[2026-06-08T11:24:19Z] #798 attempt=2/2 status=200 0.329s url=https://www.myfonts.com/products/regular-rekova-marove-1160873
[2026-06-08T11:24:19Z] #799 attempt=1/2 status=200 0.256s url=https://www.myfonts.com/collections/rekova-marove-font-sototive/
[2026-06-08T11:24:21Z] #800 attempt=1/2 status=200 1.206s url=https://www.myfonts.com/products/circular-sketchy-orionus-1161077
[2026-06-08T11:24:23Z] #801 attempt=1/2 status=200 1.938s url=https://www.myfonts.com/collections/orionus-font-alpercakici/
[2026-06-08T11:24:24Z] #802 attempt=1/2 status=200 0.305s url=https://www.myfonts.com/products/regular-onikage-asian-1161043
[2026-06-08T11:24:25Z] #803 attempt=1/2 status=200 0.442s url=https://www.myfonts.com/collections/onikage-asian-font-mei-suseno/
[2026-06-08T11:24:25Z] #804 attempt=1/2 status=200 0.476s url=https://www.myfonts.com/products/regular-italic-lokoxi-1161028
[2026-06-08T11:24:26Z] #805 attempt=1/2 status=200 0.634s url=https://www.myfonts.com/collections/lokoxi-font-anfound-type/
[2026-06-08T11:24:27Z] #806 attempt=1/2 status=200 0.349s url=https://www.myfonts.com/products/regular-elarisent-1161046
[2026-06-08T11:24:28Z] #807 attempt=1/2 status=200 0.574s url=https://www.myfonts.com/collections/elarisent-font-naiza-studio/
[2026-06-08T11:24:28Z] #808 attempt=1/2 status=200 0.281s url=https://www.myfonts.com/products/regular-lureva-1161044
[2026-06-08T11:24:29Z] #809 attempt=1/2 status=200 0.283s url=https://www.myfonts.com/collections/lureva-font-divora-type/
[2026-06-08T11:24:29Z] summary releases=5 first_429=(82, 'https://www.myfonts.com/collections/cybernex-font-vadova-std/', 0.045746803283691406) log_file=state/myfonts_run_20260608_111228.log
[2026-06-08T11:24:29Z] === MyFonts crawl end ===
