[2026-06-26T09:44:01Z] checkpoint fresh next_page=1 path=state/myfonts_crawl_checkpoint.json
[2026-06-26T09:44:01Z] === MyFonts crawl start source=myfonts ===
[2026-06-26T09:44:01Z] config max_pages=25 page_size=100 start_date=2026-06-25 end_date=2026-06-26 api_delay=0.5s detail_delay=0.2s max_debut_checks=400 max_tech_specs_checks=200 reuse_success_profile=False always_enrich_packages=True language_script_signal_mode=strong force_fresh_run=False start_page=1 browser_mode=False browser_headless=True browser_storage_state_path=state/myfonts_storage_state.json
[2026-06-26T09:44:03Z] #1 attempt=1/6 status=200 1.110s url=https://www.myfonts.com/products.json?limit=100&page=1
[2026-06-26T09:44:03Z] #2 attempt=1/2 status=200 0.346s url=https://www.myfonts.com/products/regular-third-mode-1173945
[2026-06-26T09:44:04Z] #3 attempt=1/2 status=200 0.299s url=https://www.myfonts.com/collections/third-mode-font-mega-type/
[2026-06-26T09:44:04Z] #4 attempt=1/2 status=200 0.229s url=https://www.myfonts.com/collections/third-mode-font-mega-type/?tab=techSpecs
[2026-06-26T09:44:05Z] #5 attempt=1/2 status=200 0.350s url=https://www.myfonts.com/products/alascripty-complete-family-package-1173941
[2026-06-26T09:44:06Z] #6 attempt=1/2 status=200 0.396s url=https://www.myfonts.com/collections/alascripty-font-leksen-design/
[2026-06-26T09:44:06Z] #7 attempt=1/2 status=200 0.128s url=https://www.myfonts.com/collections/alascripty-font-leksen-design/?tab=techSpecs
[2026-06-26T09:44:07Z] #8 attempt=1/2 status=200 0.523s url=https://www.myfonts.com/products/reomyr-complete-family-package-1173780
[2026-06-26T09:44:08Z] #9 attempt=1/2 status=200 0.748s url=https://www.myfonts.com/collections/reomyr-font-erwin-krump/
[2026-06-26T09:44:09Z] #10 attempt=1/2 status=200 0.145s url=https://www.myfonts.com/collections/reomyr-font-erwin-krump/?tab=techSpecs
[2026-06-26T09:44:10Z] #11 attempt=1/2 status=200 0.332s url=https://www.myfonts.com/products/morning-set-complete-family-package-1173777
[2026-06-26T09:44:10Z] #12 attempt=1/2 status=200 0.439s url=https://www.myfonts.com/collections/morning-set-font-hanoded/
[2026-06-26T09:44:11Z] #13 attempt=1/2 status=200 0.131s url=https://www.myfonts.com/collections/morning-set-font-hanoded/?tab=techSpecs
[2026-06-26T09:44:12Z] #14 attempt=1/2 status=200 0.276s url=https://www.myfonts.com/products/regular-te-hafs2-tharwat-emara2-1012045
[2026-06-26T09:44:12Z] #15 attempt=1/2 status=200 0.376s url=https://www.myfonts.com/collections/te-hafs2-tharwat-emara2-font-tharwat-emara/
[2026-06-26T09:44:13Z] #16 attempt=1/2 status=200 0.128s url=https://www.myfonts.com/collections/te-hafs2-tharwat-emara2-font-tharwat-emara/?tab=techSpecs
[2026-06-26T09:44:14Z] #17 attempt=1/2 status=200 0.272s url=https://www.myfonts.com/products/regular-zhatend-sildyer-1173944
[2026-06-26T09:44:14Z] #18 attempt=1/2 status=200 0.276s url=https://www.myfonts.com/collections/zhatend-sildyer-font-rvandtype/
[2026-06-26T09:44:14Z] #19 attempt=1/2 status=200 0.125s url=https://www.myfonts.com/collections/zhatend-sildyer-font-rvandtype/?tab=techSpecs
[2026-06-26T09:44:15Z] #20 attempt=1/2 status=200 0.271s url=https://www.myfonts.com/products/regular-good-human-handwriting-1173940
[2026-06-26T09:44:16Z] #21 attempt=1/2 status=200 0.268s url=https://www.myfonts.com/collections/good-human-handwriting-font-mvmet/
[2026-06-26T09:44:16Z] #22 attempt=1/2 status=200 0.287s url=https://www.myfonts.com/collections/good-human-handwriting-font-mvmet/?tab=techSpecs
[2026-06-26T09:44:17Z] #23 attempt=1/2 status=200 0.271s url=https://www.myfonts.com/products/regular-garem-marker-1173939
[2026-06-26T09:44:17Z] #24 attempt=1/2 status=200 0.200s url=https://www.myfonts.com/collections/garem-marker-font-mvmet/
[2026-06-26T09:44:18Z] #25 attempt=1/2 status=200 0.293s url=https://www.myfonts.com/collections/garem-marker-font-mvmet/?tab=techSpecs
[2026-06-26T09:44:19Z] #26 attempt=1/2 status=200 0.279s url=https://www.myfonts.com/products/italic-hirama-1173952
[2026-06-26T09:44:19Z] #27 attempt=1/2 status=200 0.279s url=https://www.myfonts.com/collections/hirama-font-agung-sudirman/
[2026-06-26T09:44:20Z] #28 attempt=1/2 status=200 0.131s url=https://www.myfonts.com/collections/hirama-font-agung-sudirman/?tab=techSpecs
[2026-06-26T09:44:21Z] #29 attempt=1/2 status=200 0.304s url=https://www.myfonts.com/products/bold-leelawadee-ui-1173949
[2026-06-26T09:44:21Z] #30 attempt=1/2 status=200 0.281s url=https://www.myfonts.com/collections/leelawadee-ui-font-microsoft-corporation/
[2026-06-26T09:44:22Z] #31 attempt=1/2 status=200 0.336s url=https://www.myfonts.com/collections/leelawadee-ui-font-microsoft-corporation/?tab=techSpecs
[2026-06-26T09:44:23Z] #32 attempt=1/2 status=200 0.311s url=https://www.myfonts.com/products/medium-italic-dahlisse-1173956
[2026-06-26T09:44:23Z] #33 attempt=1/2 status=200 0.293s url=https://www.myfonts.com/collections/dahlisse-font-ceeskiiw/
[2026-06-26T09:44:24Z] #34 attempt=1/2 status=200 0.290s url=https://www.myfonts.com/collections/dahlisse-font-ceeskiiw/?tab=techSpecs
[2026-06-26T09:44:25Z] #35 attempt=1/2 status=200 0.297s url=https://www.myfonts.com/products/disthero-complete-family-package-1173925
[2026-06-26T09:44:25Z] #36 attempt=1/2 status=200 0.340s url=https://www.myfonts.com/collections/disthero-font-bale-type/
[2026-06-26T09:44:26Z] #37 attempt=1/2 status=200 0.401s url=https://www.myfonts.com/collections/disthero-font-bale-type/?tab=techSpecs
[2026-06-26T09:44:27Z] #38 attempt=1/2 status=200 0.270s url=https://www.myfonts.com/products/regular-royale-victoria-1173938
[2026-06-26T09:44:28Z] #39 attempt=1/2 status=200 0.278s url=https://www.myfonts.com/collections/royale-victoria-font-jolicia-type/
[2026-06-26T09:44:28Z] #40 attempt=1/2 status=200 0.123s url=https://www.myfonts.com/collections/royale-victoria-font-jolicia-type/?tab=techSpecs
[2026-06-26T09:44:29Z] #41 attempt=1/2 status=200 0.340s url=https://www.myfonts.com/products/plyn-l-package-1173937
[2026-06-26T09:44:30Z] #42 attempt=1/2 status=200 0.632s url=https://www.myfonts.com/collections/plyn-font-vlad-b/
[2026-06-26T09:44:30Z] #43 attempt=1/2 status=200 0.616s url=https://www.myfonts.com/collections/plyn-font-vlad-b/?tab=techSpecs
[2026-06-26T09:44:32Z] #44 attempt=1/2 status=200 0.285s url=https://www.myfonts.com/products/regular-fd-sunn-1173921
[2026-06-26T09:44:32Z] #45 attempt=1/2 status=200 0.270s url=https://www.myfonts.com/collections/fd-sunn-font-fortunes-co/
[2026-06-26T09:44:33Z] #46 attempt=1/2 status=200 0.122s url=https://www.myfonts.com/collections/fd-sunn-font-fortunes-co/?tab=techSpecs
[2026-06-26T09:44:34Z] #47 attempt=1/2 status=200 0.269s url=https://www.myfonts.com/products/regular-mltp-relonra-1173923
[2026-06-26T09:44:34Z] #48 attempt=1/2 status=200 0.254s url=https://www.myfonts.com/collections/mltp-relonra-font-multype-studio/
[2026-06-26T09:44:34Z] #49 attempt=1/2 status=200 0.131s url=https://www.myfonts.com/collections/mltp-relonra-font-multype-studio/?tab=techSpecs
[2026-06-26T09:44:35Z] #50 attempt=1/2 status=200 0.257s url=https://www.myfonts.com/products/regular-ravenhold-1173922
[2026-06-26T09:44:36Z] #51 attempt=1/2 status=200 0.262s url=https://www.myfonts.com/collections/ravenhold-font-ceeskiiw/
[2026-06-26T09:44:36Z] #52 attempt=1/2 status=200 0.120s url=https://www.myfonts.com/collections/ravenhold-font-ceeskiiw/?tab=techSpecs
[2026-06-26T09:44:37Z] #53 attempt=1/2 status=200 0.335s url=https://www.myfonts.com/products/sf-sultan-complete-family-package-1173769
[2026-06-26T09:44:38Z] #54 attempt=1/2 status=200 0.458s url=https://www.myfonts.com/collections/sf-sultan-font-sultan-fonts/
[2026-06-26T09:44:38Z] #55 attempt=1/2 status=200 0.563s url=https://www.myfonts.com/collections/sf-sultan-font-sultan-fonts/?tab=techSpecs
[2026-06-26T09:44:39Z] #56 attempt=1/2 status=200 0.283s url=https://www.myfonts.com/products/italic-virea-1173776
[2026-06-26T09:44:40Z] #57 attempt=1/2 status=200 0.261s url=https://www.myfonts.com/collections/virea-font-ceeskiiw/
[2026-06-26T09:44:40Z] #58 attempt=1/2 status=200 0.270s url=https://www.myfonts.com/collections/virea-font-ceeskiiw/?tab=techSpecs
[2026-06-26T09:44:42Z] #59 attempt=1/2 status=200 0.568s url=https://www.myfonts.com/products/magistral-condensed-set-package-1173599
[2026-06-26T09:44:43Z] #60 attempt=1/2 status=200 1.057s url=https://www.myfonts.com/collections/magistral-font-paratype/
[2026-06-26T09:44:43Z] #61 attempt=1/2 status=429 0.039s url=https://www.myfonts.com/collections/magistral-font-paratype/?tab=techSpecs
[2026-06-26T09:44:43Z] first_429 req=61 url=https://www.myfonts.com/collections/magistral-font-paratype/?tab=techSpecs
[2026-06-26T09:44:46Z] #62 attempt=2/2 status=429 0.129s url=https://www.myfonts.com/collections/magistral-font-paratype/?tab=techSpecs
[2026-06-26T09:44:51Z] max_retries_exhausted url=https://www.myfonts.com/collections/magistral-font-paratype/
[2026-06-26T09:44:51Z] #63 attempt=1/2 status=429 0.103s url=https://www.myfonts.com/products/macklin-complete-family-package-1173602
[2026-06-26T09:44:53Z] #64 attempt=2/2 status=429 0.110s url=https://www.myfonts.com/products/macklin-complete-family-package-1173602
[2026-06-26T09:44:58Z] max_retries_exhausted url=https://www.myfonts.com/products/macklin-complete-family-package-1173602
[2026-06-26T09:44:59Z] #65 attempt=1/2 status=429 0.190s url=https://www.myfonts.com/collections/macklin-font-monotype
[2026-06-26T09:45:01Z] #66 attempt=2/2 status=404 0.284s url=https://www.myfonts.com/collections/macklin-font-monotype
[2026-06-26T09:45:02Z] #67 attempt=1/2 status=200 0.374s url=https://www.myfonts.com/products/branding-essential-package-1157188
[2026-06-26T09:45:03Z] #68 attempt=1/2 status=200 0.701s url=https://www.myfonts.com/collections/sobria-font-pedroglifos/
[2026-06-26T09:45:03Z] #69 attempt=1/2 status=200 0.242s url=https://www.myfonts.com/products/nexodus-complete-family-package-1173754
[2026-06-26T09:45:03Z] #70 attempt=1/2 status=429 0.038s url=https://www.myfonts.com/collections/nexodus-font-t-26/
[2026-06-26T09:45:06Z] #71 attempt=2/2 status=200 0.427s url=https://www.myfonts.com/collections/nexodus-font-t-26/
[2026-06-26T09:45:07Z] #72 attempt=1/2 status=200 0.178s url=https://www.myfonts.com/collections/nexodus-font-t-26/
[2026-06-26T09:45:07Z] #73 attempt=1/2 status=200 0.314s url=https://www.myfonts.com/products/sparling-complete-family-package-1173731
[2026-06-26T09:45:08Z] #74 attempt=1/2 status=200 0.400s url=https://www.myfonts.com/collections/sparling-font-vermilione/
[2026-06-26T09:45:08Z] #75 attempt=1/2 status=200 0.330s url=https://www.myfonts.com/products/merguda-serif-complete-family-package-1161847
[2026-06-26T09:45:09Z] #76 attempt=1/2 status=200 0.448s url=https://www.myfonts.com/collections/merguda-serif-font-mans-greback/
[2026-06-26T09:45:09Z] #77 attempt=1/2 status=429 0.069s url=https://www.myfonts.com/products/counterbalance-complete-family-package-1173734
[2026-06-26T09:45:12Z] #78 attempt=2/2 status=200 0.395s url=https://www.myfonts.com/products/counterbalance-complete-family-package-1173734
[2026-06-26T09:45:13Z] #79 attempt=1/2 status=200 0.438s url=https://www.myfonts.com/products/frosha-complete-family-package-1173741
[2026-06-26T09:45:13Z] #80 attempt=1/2 status=200 0.497s url=https://www.myfonts.com/collections/frosha-font-alpercakici/
[2026-06-26T09:45:16Z] #81 attempt=1/6 status=200 0.950s url=https://www.myfonts.com/products.json?limit=100&page=2
[2026-06-26T09:45:17Z] #82 attempt=1/2 status=200 0.250s url=https://www.myfonts.com/products/regular-gooey-slimy-1173737
[2026-06-26T09:45:17Z] #83 attempt=1/2 status=200 0.228s url=https://www.myfonts.com/collections/gooey-slimy-font-gleb-guralnyk/
[2026-06-26T09:45:18Z] #84 attempt=1/2 status=200 0.289s url=https://www.myfonts.com/products/regular-zfcutewitch-1173711
[2026-06-26T09:45:19Z] #85 attempt=1/2 status=200 0.290s url=https://www.myfonts.com/collections/zfcutewitch-font-zoofont/
[2026-06-26T09:45:21Z] #86 attempt=1/2 status=200 0.396s url=https://www.myfonts.com/products/rounded-outline-spectacus-1173767
[2026-06-26T09:45:22Z] #87 attempt=1/2 status=200 0.527s url=https://www.myfonts.com/collections/spectacus-font-alpercakici/
[2026-06-26T09:45:24Z] #88 attempt=1/6 status=200 1.071s url=https://www.myfonts.com/products.json?limit=100&page=3
[2026-06-26T09:45:24Z] #89 attempt=1/2 status=200 0.307s url=https://www.myfonts.com/products/filadel-complete-family-package-1173714
[2026-06-26T09:45:25Z] #90 attempt=1/2 status=200 0.346s url=https://www.myfonts.com/collections/filadel-font-jinan-studio/
[2026-06-26T09:45:26Z] #91 attempt=1/2 status=200 0.378s url=https://www.myfonts.com/products/ultra-expanded-nexaro-1173727
[2026-06-26T09:45:26Z] #92 attempt=1/2 status=200 0.479s url=https://www.myfonts.com/collections/nexaro-font-qiubare-studio/
[2026-06-26T09:45:27Z] #93 attempt=1/2 status=200 0.307s url=https://www.myfonts.com/products/remukan-chantir-complete-family-package-1173712
[2026-06-26T09:45:28Z] #94 attempt=1/2 status=200 0.498s url=https://www.myfonts.com/collections/remukan-chantir-font-sign-studio/
[2026-06-26T09:45:29Z] #95 attempt=1/2 status=200 0.764s url=https://www.myfonts.com/products/expanded-package-package-1173380
[2026-06-26T09:45:31Z] #96 attempt=1/2 status=200 1.828s url=https://www.myfonts.com/collections/ckr-next-font-ckr-type-foundry/
[2026-06-26T09:45:32Z] #97 attempt=1/2 status=200 0.684s url=https://www.myfonts.com/products/expanded-package-1172796
[2026-06-26T09:45:34Z] #98 attempt=1/2 status=200 1.426s url=https://www.myfonts.com/collections/exovect-font-jorsetype/
[2026-06-26T09:45:35Z] #99 attempt=1/2 status=200 1.140s url=https://www.myfonts.com/products/smiletta-soft-package-1173213
[2026-06-26T09:45:39Z] #100 attempt=1/2 status=500 3.493s url=https://www.myfonts.com/collections/smiletta-font-akbartype/
[2026-06-26T09:45:39Z] #101 attempt=1/2 status=404 0.183s url=https://www.myfonts.com/collections/smiletta-soft-font-akbartype
[2026-06-26T09:45:40Z] #102 attempt=1/2 status=200 0.334s url=https://www.myfonts.com/products/pixel-match-complete-family-package-1173452
[2026-06-26T09:45:41Z] #103 attempt=1/2 status=200 0.376s url=https://www.myfonts.com/collections/pixel-match-font-bale-type/
[2026-06-26T09:45:41Z] #104 attempt=1/2 status=200 0.325s url=https://www.myfonts.com/products/steinwald-pro-complete-family-package-1172635
[2026-06-26T09:45:42Z] #105 attempt=1/2 status=200 0.405s url=https://www.myfonts.com/collections/steinwald-pro-font-hanoded/
[2026-06-26T09:45:43Z] #106 attempt=1/2 status=200 0.309s url=https://www.myfonts.com/products/alarma-toxica-complete-family-package-1172941
[2026-06-26T09:45:43Z] #107 attempt=1/2 status=200 0.398s url=https://www.myfonts.com/collections/alarma-toxica-font-woodcutter/
[2026-06-26T09:45:44Z] #108 attempt=1/2 status=200 0.310s url=https://www.myfonts.com/products/sitting-duck-pro-complete-family-package-1172632
[2026-06-26T09:45:44Z] #109 attempt=1/2 status=200 0.356s url=https://www.myfonts.com/collections/sitting-duck-pro-font-hanoded/
[2026-06-26T09:45:45Z] #110 attempt=1/2 status=200 0.917s url=https://www.myfonts.com/products/qublo-complete-family-package-1173447
[2026-06-26T09:45:47Z] #111 attempt=1/2 status=200 1.165s url=https://www.myfonts.com/collections/qublo-font-pepper-type/
[2026-06-26T09:45:48Z] #112 attempt=1/2 status=200 0.363s url=https://www.myfonts.com/products/rochela-complete-family-package-1172813
[2026-06-26T09:45:48Z] #113 attempt=1/2 status=200 0.413s url=https://www.myfonts.com/collections/rochela-font-vermilione/
[2026-06-26T09:45:49Z] #114 attempt=1/2 status=200 0.293s url=https://www.myfonts.com/products/brer-rabbit-pro-complete-family-package-1172629
[2026-06-26T09:45:50Z] #115 attempt=1/2 status=200 0.381s url=https://www.myfonts.com/collections/brer-rabbit-pro-font-hanoded/
[2026-06-26T09:45:50Z] #116 attempt=1/2 status=200 0.307s url=https://www.myfonts.com/products/lungoyo-script-complete-family-package-1173442
[2026-06-26T09:45:51Z] #117 attempt=1/2 status=200 0.356s url=https://www.myfonts.com/collections/lungoyo-script-font-letterytz/
[2026-06-26T09:45:51Z] #118 attempt=1/2 status=200 0.289s url=https://www.myfonts.com/products/colombard-pro-complete-family-package-1172617
[2026-06-26T09:45:52Z] #119 attempt=1/2 status=200 0.322s url=https://www.myfonts.com/collections/colombard-pro-font-hanoded/
[2026-06-26T09:45:52Z] #120 attempt=1/2 status=200 0.302s url=https://www.myfonts.com/products/garol-complete-family-package-1172810
[2026-06-26T09:45:53Z] #121 attempt=1/2 status=200 0.379s url=https://www.myfonts.com/collections/garol-font-vermilione/
[2026-06-26T09:45:53Z] #122 attempt=1/2 status=429 0.055s url=https://www.myfonts.com/products/lovely-moment-complete-family-package-1173439
[2026-06-26T09:45:56Z] #123 attempt=2/2 status=200 0.392s url=https://www.myfonts.com/products/lovely-moment-complete-family-package-1173439
[2026-06-26T09:45:57Z] #124 attempt=1/2 status=200 0.387s url=https://www.myfonts.com/collections/lovely-moment-font-radesigns21/
[2026-06-26T09:45:57Z] #125 attempt=1/2 status=200 0.342s url=https://www.myfonts.com/products/neu-prompter-complete-family-package-1172461
[2026-06-26T09:45:58Z] #126 attempt=1/2 status=200 0.615s url=https://www.myfonts.com/collections/neu-prompter-font-aretype/
[2026-06-26T09:45:59Z] #127 attempt=1/2 status=200 0.312s url=https://www.myfonts.com/products/richu-mast-complete-family-package-1172639
[2026-06-26T09:45:59Z] #128 attempt=1/2 status=200 0.430s url=https://www.myfonts.com/collections/richu-mast-font-mabhal-studio/
[2026-06-26T09:46:00Z] #129 attempt=1/2 status=200 0.419s url=https://www.myfonts.com/products/good-shreak-complete-family-package-1173431
[2026-06-26T09:46:00Z] #130 attempt=1/2 status=429 0.037s url=https://www.myfonts.com/collections/good-shreak-font-mabhal-studio/
[2026-06-26T09:46:03Z] #131 attempt=2/2 status=200 0.546s url=https://www.myfonts.com/collections/good-shreak-font-mabhal-studio/
[2026-06-26T09:46:04Z] #132 attempt=1/2 status=200 0.317s url=https://www.myfonts.com/products/bormund-complete-family-package-1172806
[2026-06-26T09:46:04Z] #133 attempt=1/2 status=200 0.377s url=https://www.myfonts.com/collections/bormund-font-mooneseye-studio/
[2026-06-26T09:46:05Z] #134 attempt=1/2 status=200 0.371s url=https://www.myfonts.com/products/world-championship-complete-family-package-1161835
[2026-06-26T09:46:06Z] #135 attempt=1/2 status=200 0.489s url=https://www.myfonts.com/collections/world-championship-font-mans-greback/
[2026-06-26T09:46:07Z] #136 attempt=1/2 status=200 1.159s url=https://www.myfonts.com/products/expanded-style-package-1142797
[2026-06-26T09:46:09Z] #137 attempt=1/2 status=200 1.950s url=https://www.myfonts.com/collections/galdertine-charetam-semi-serif-font-logic-type/
[2026-06-26T09:46:10Z] #138 attempt=1/2 status=200 0.327s url=https://www.myfonts.com/products/rakolta-complete-family-package-1172736
[2026-06-26T09:46:11Z] #139 attempt=1/2 status=200 0.396s url=https://www.myfonts.com/collections/rakolta-font-ragamkata/
[2026-06-26T09:46:11Z] #140 attempt=1/2 status=200 0.315s url=https://www.myfonts.com/products/drolling-maker-complete-family-package-1172803
[2026-06-26T09:46:12Z] #141 attempt=1/2 status=200 0.391s url=https://www.myfonts.com/collections/drolling-maker-font-tini-fitriani/
[2026-06-26T09:46:13Z] #142 attempt=1/2 status=200 0.358s url=https://www.myfonts.com/products/craego-complete-family-package-1172653
[2026-06-26T09:46:13Z] #143 attempt=1/2 status=200 0.357s url=https://www.myfonts.com/collections/craego-font-chekart/
[2026-06-26T09:46:14Z] #144 attempt=1/2 status=200 0.331s url=https://www.myfonts.com/products/garvox-complete-family-package-1173428
[2026-06-26T09:46:14Z] #145 attempt=1/2 status=429 0.074s url=https://www.myfonts.com/collections/garvox-font-font-liner/
[2026-06-26T09:46:17Z] #146 attempt=2/2 status=200 0.406s url=https://www.myfonts.com/collections/garvox-font-font-liner/
[2026-06-26T09:46:17Z] #147 attempt=1/2 status=200 0.313s url=https://www.myfonts.com/products/reblade-complete-family-package-1172649
[2026-06-26T09:46:18Z] #148 attempt=1/2 status=200 0.441s url=https://www.myfonts.com/collections/reblade-font-artisan-themes/
[2026-06-26T09:46:19Z] #149 attempt=1/2 status=200 0.399s url=https://www.myfonts.com/products/animetry-complete-family-package-1173418
[2026-06-26T09:46:19Z] #150 attempt=1/2 status=200 0.472s url=https://www.myfonts.com/collections/animetry-font-syntype/
[2026-06-26T09:46:20Z] #151 attempt=1/2 status=200 0.350s url=https://www.myfonts.com/products/kill-game-667-complete-family-package-1172798
[2026-06-26T09:46:20Z] #152 attempt=1/2 status=429 0.051s url=https://www.myfonts.com/collections/kill-game-667-font-remedy667/
[2026-06-26T09:46:23Z] #153 attempt=2/2 status=200 0.441s url=https://www.myfonts.com/collections/kill-game-667-font-remedy667/
[2026-06-26T09:46:23Z] #154 attempt=1/2 status=200 0.337s url=https://www.myfonts.com/products/merchad-complete-family-package-1173214
[2026-06-26T09:46:24Z] #155 attempt=1/2 status=200 0.404s url=https://www.myfonts.com/collections/merchad-font-hishand-studio/
[2026-06-26T09:46:26Z] #156 attempt=1/6 status=200 0.902s url=https://www.myfonts.com/products.json?limit=100&page=4
[2026-06-26T09:46:26Z] #157 attempt=1/2 status=200 0.296s url=https://www.myfonts.com/products/regular-lafira-1172802
[2026-06-26T09:46:27Z] #158 attempt=1/2 status=200 0.313s url=https://www.myfonts.com/collections/lafira-font-solutype/
[2026-06-26T09:46:28Z] #159 attempt=1/6 status=200 0.895s url=https://www.myfonts.com/products.json?limit=100&page=5
[2026-06-26T09:46:29Z] #160 attempt=1/2 status=200 0.287s url=https://www.myfonts.com/products/regular-wild-angel-667-1172797
[2026-06-26T09:46:29Z] #161 attempt=1/2 status=200 0.235s url=https://www.myfonts.com/collections/wild-angel-667-font-remedy667/
[2026-06-26T09:46:31Z] #162 attempt=1/6 status=200 1.048s url=https://www.myfonts.com/products.json?limit=100&page=6
[2026-06-26T09:46:31Z] #163 attempt=1/2 status=200 0.280s url=https://www.myfonts.com/products/regular-marky-1172793
[2026-06-26T09:46:32Z] #164 attempt=1/2 status=429 0.060s url=https://www.myfonts.com/collections/marky-font-jaruka-creative/
[2026-06-26T09:46:34Z] #165 attempt=2/2 status=200 0.369s url=https://www.myfonts.com/collections/marky-font-jaruka-creative/
[2026-06-26T09:46:35Z] #166 attempt=1/6 status=200 0.817s url=https://www.myfonts.com/products.json?limit=100&page=7
[2026-06-26T09:46:36Z] #167 attempt=1/2 status=200 0.249s url=https://www.myfonts.com/products/regular-krushnah-1172657
[2026-06-26T09:46:36Z] #168 attempt=1/2 status=200 0.257s url=https://www.myfonts.com/collections/krushnah-font-simpletype-studios/
[2026-06-26T09:46:37Z] #169 attempt=1/2 status=200 0.268s url=https://www.myfonts.com/products/regular-blazing-hollow-1172734
[2026-06-26T09:46:38Z] #170 attempt=1/2 status=200 0.244s url=https://www.myfonts.com/collections/blazing-hollow-font-letterhanna-studio/
[2026-06-26T09:46:38Z] #171 attempt=1/2 status=200 0.274s url=https://www.myfonts.com/products/regular-shifa-rame-1172646
[2026-06-26T09:46:38Z] #172 attempt=1/2 status=429 0.074s url=https://www.myfonts.com/collections/shifa-rame-font-mabhal-studio/
[2026-06-26T09:46:41Z] #173 attempt=2/2 status=200 0.351s url=https://www.myfonts.com/collections/shifa-rame-font-mabhal-studio/
[2026-06-26T09:46:41Z] #174 attempt=1/2 status=200 0.284s url=https://www.myfonts.com/products/regular-gros-creak-1172644
[2026-06-26T09:46:42Z] #175 attempt=1/2 status=200 0.303s url=https://www.myfonts.com/collections/gros-creak-font-mabhal-studio/
[2026-06-26T09:46:43Z] #176 attempt=1/2 status=200 0.305s url=https://www.myfonts.com/products/regular-madilog-1172739
[2026-06-26T09:46:43Z] #177 attempt=1/2 status=200 0.240s url=https://www.myfonts.com/collections/madilog-font-struggle-studio/
[2026-06-26T09:46:43Z] #178 attempt=1/2 status=429 0.050s url=https://www.myfonts.com/products/regular-hesty-and-gita-1172643
[2026-06-26T09:46:46Z] #179 attempt=2/2 status=200 0.474s url=https://www.myfonts.com/products/regular-hesty-and-gita-1172643
[2026-06-26T09:46:46Z] #180 attempt=1/2 status=200 0.266s url=https://www.myfonts.com/collections/hesty-and-gita-font-mabhal-studio/
[2026-06-26T09:46:47Z] #181 attempt=1/2 status=200 0.304s url=https://www.myfonts.com/products/regular-daklog-1172735
[2026-06-26T09:46:48Z] #182 attempt=1/2 status=200 0.278s url=https://www.myfonts.com/collections/daklog-font-hasnat-studio/
[2026-06-26T09:46:49Z] #183 attempt=1/6 status=200 0.996s url=https://www.myfonts.com/products.json?limit=100&page=8
[2026-06-26T09:46:50Z] #184 attempt=1/2 status=200 0.247s url=https://www.myfonts.com/products/regular-banyelle-1172652
[2026-06-26T09:46:50Z] #185 attempt=1/2 status=200 0.280s url=https://www.myfonts.com/collections/banyelle-font-vadova-std/
[2026-06-26T09:46:51Z] #186 attempt=1/2 status=200 0.266s url=https://www.myfonts.com/products/regular-amorique-1172648
[2026-06-26T09:46:51Z] #187 attempt=1/2 status=429 0.052s url=https://www.myfonts.com/collections/amorique-font-rasio-studio/
[2026-06-26T09:46:54Z] #188 attempt=2/2 status=200 0.335s url=https://www.myfonts.com/collections/amorique-font-rasio-studio/
[2026-06-26T09:46:54Z] #189 attempt=1/2 status=200 0.268s url=https://www.myfonts.com/products/regular-sundae-avenue-1172647
[2026-06-26T09:46:55Z] #190 attempt=1/2 status=200 0.259s url=https://www.myfonts.com/collections/sundae-avenue-font-pb-type/
[2026-06-26T09:46:55Z] #191 attempt=1/2 status=200 0.258s url=https://www.myfonts.com/products/regular-whilmare-1172645
[2026-06-26T09:46:55Z] #192 attempt=1/2 status=429 0.046s url=https://www.myfonts.com/collections/whilmare-font-pb-type/
[2026-06-26T09:46:58Z] #193 attempt=2/2 status=200 0.357s url=https://www.myfonts.com/collections/whilmare-font-pb-type/
[2026-06-26T09:46:59Z] #194 attempt=1/2 status=200 0.248s url=https://www.myfonts.com/products/regular-disor-1172638
[2026-06-26T09:46:59Z] #195 attempt=1/2 status=200 0.283s url=https://www.myfonts.com/collections/disor-font-pb-type/
[2026-06-26T09:47:00Z] #196 attempt=1/6 status=200 0.847s url=https://www.myfonts.com/products.json?limit=100&page=9
[2026-06-26T09:47:02Z] #197 attempt=1/6 status=200 0.965s url=https://www.myfonts.com/products.json?limit=100&page=10
[2026-06-26T09:47:02Z] #198 attempt=1/2 status=200 0.253s url=https://www.myfonts.com/products/regular-lunare-magic-1173547
[2026-06-26T09:47:03Z] #199 attempt=1/2 status=200 0.215s url=https://www.myfonts.com/collections/lunare-magic-font-alit-design/
[2026-06-26T09:47:03Z] #200 attempt=1/2 status=200 0.264s url=https://www.myfonts.com/products/regular-granetra-1173548
[2026-06-26T09:47:04Z] #201 attempt=1/2 status=200 0.277s url=https://www.myfonts.com/collections/granetra-font-limitype/
[2026-06-26T09:47:04Z] #202 attempt=1/2 status=429 0.032s url=https://www.myfonts.com/products/regular-bjah-1173546
[2026-06-26T09:47:07Z] #203 attempt=2/2 status=200 0.333s url=https://www.myfonts.com/products/regular-bjah-1173546
[2026-06-26T09:47:07Z] #204 attempt=1/2 status=200 0.277s url=https://www.myfonts.com/collections/bjah-font-olivetype/
[2026-06-26T09:47:08Z] #205 attempt=1/2 status=200 0.362s url=https://www.myfonts.com/products/regular-moon-starlaa-1173438
[2026-06-26T09:47:08Z] #206 attempt=1/2 status=200 0.224s url=https://www.myfonts.com/collections/moon-starlaa-font-mabhal-studio/
[2026-06-26T09:47:09Z] #207 attempt=1/2 status=200 0.277s url=https://www.myfonts.com/products/regular-game-park-1173562
[2026-06-26T09:47:09Z] #208 attempt=1/2 status=429 0.049s url=https://www.myfonts.com/collections/game-park-font-mvmet/
[2026-06-26T09:47:12Z] #209 attempt=2/2 status=200 0.401s url=https://www.myfonts.com/collections/game-park-font-mvmet/
[2026-06-26T09:47:12Z] #210 attempt=1/2 status=200 0.257s url=https://www.myfonts.com/products/regular-lunea-1173545
[2026-06-26T09:47:13Z] #211 attempt=1/2 status=200 0.318s url=https://www.myfonts.com/collections/lunea-font-sipanji21/
[2026-06-26T09:47:13Z] #212 attempt=1/2 status=200 0.308s url=https://www.myfonts.com/products/regular-chaoser-1173563
[2026-06-26T09:47:14Z] #213 attempt=1/2 status=429 0.035s url=https://www.myfonts.com/collections/chaoser-font-super-dust/
[2026-06-26T09:47:16Z] #214 attempt=2/2 status=200 0.379s url=https://www.myfonts.com/collections/chaoser-font-super-dust/
[2026-06-26T09:47:17Z] #215 attempt=1/2 status=200 0.276s url=https://www.myfonts.com/products/regular-majoise-1173544
[2026-06-26T09:47:17Z] #216 attempt=1/2 status=200 0.286s url=https://www.myfonts.com/collections/majoise-font-imoodev/
[2026-06-26T09:47:18Z] #217 attempt=1/2 status=200 0.361s url=https://www.myfonts.com/products/regular-mltp-mathyna-rosbelle-1173574
[2026-06-26T09:47:18Z] #218 attempt=1/2 status=200 0.296s url=https://www.myfonts.com/collections/mltp-mathyna-rosbelle-font-multype-studio/
[2026-06-26T09:47:19Z] #219 attempt=1/2 status=200 0.293s url=https://www.myfonts.com/products/regular-volley-1173446
[2026-06-26T09:47:19Z] #220 attempt=1/2 status=429 0.049s url=https://www.myfonts.com/collections/volley-font-dilbadil/
[2026-06-26T09:47:22Z] #221 attempt=2/2 status=200 0.357s url=https://www.myfonts.com/collections/volley-font-dilbadil/
[2026-06-26T09:47:22Z] #222 attempt=1/2 status=200 0.269s url=https://www.myfonts.com/products/regular-heura-1173573
[2026-06-26T09:47:23Z] #223 attempt=1/2 status=200 0.291s url=https://www.myfonts.com/collections/heura-font-eurotypo/
[2026-06-26T09:47:24Z] #224 attempt=1/2 status=200 0.265s url=https://www.myfonts.com/products/regular-bonito-sans-1173561
[2026-06-26T09:47:24Z] #225 attempt=1/2 status=429 0.036s url=https://www.myfonts.com/collections/bonito-sans-font-lurinzu-studios/
[2026-06-26T09:47:26Z] #226 attempt=2/2 status=200 0.358s url=https://www.myfonts.com/collections/bonito-sans-font-lurinzu-studios/
[2026-06-26T09:47:27Z] #227 attempt=1/2 status=200 0.265s url=https://www.myfonts.com/products/regular-texas-casual-1173445
[2026-06-26T09:47:27Z] #228 attempt=1/2 status=200 0.243s url=https://www.myfonts.com/collections/texas-casual-font-dilbadil/
[2026-06-26T09:47:28Z] #229 attempt=1/2 status=200 0.296s url=https://www.myfonts.com/products/regular-meboria-1173559
[2026-06-26T09:47:28Z] #230 attempt=1/2 status=200 0.297s url=https://www.myfonts.com/collections/meboria-font-super-dust/
[2026-06-26T09:47:29Z] #231 attempt=1/2 status=429 0.046s url=https://www.myfonts.com/products/regular-porito-grande-1173564
[2026-06-26T09:47:31Z] #232 attempt=2/2 status=200 0.397s url=https://www.myfonts.com/products/regular-porito-grande-1173564
[2026-06-26T09:47:32Z] #233 attempt=1/2 status=200 0.292s url=https://www.myfonts.com/collections/porito-grande-font-nasir-udin/
[2026-06-26T09:47:32Z] #234 attempt=1/2 status=200 0.236s url=https://www.myfonts.com/products/regular-morlisse-1173417
[2026-06-26T09:47:33Z] #235 attempt=1/2 status=200 0.260s url=https://www.myfonts.com/collections/morlisse-font-omzen-type/
[2026-06-26T09:47:33Z] #236 attempt=1/2 status=200 0.253s url=https://www.myfonts.com/products/regular-shamans-1173550
[2026-06-26T09:47:34Z] #237 attempt=1/2 status=429 0.034s url=https://www.myfonts.com/collections/shamans-font-flawlessandco/
[2026-06-26T09:47:36Z] #238 attempt=2/2 status=200 0.354s url=https://www.myfonts.com/collections/shamans-font-flawlessandco/
[2026-06-26T09:47:37Z] #239 attempt=1/2 status=200 0.236s url=https://www.myfonts.com/products/regular-mothers-plate-1173549
[2026-06-26T09:47:37Z] #240 attempt=1/2 status=200 0.310s url=https://www.myfonts.com/collections/mothers-plate-font-sarid-ezra/
[2026-06-26T09:47:38Z] #241 attempt=1/2 status=200 0.283s url=https://www.myfonts.com/products/regular-foxy-1173397
[2026-06-26T09:47:38Z] #242 attempt=1/2 status=429 0.047s url=https://www.myfonts.com/collections/foxy-font-eryn-rose-design/
[2026-06-26T09:47:41Z] #243 attempt=2/2 status=200 0.350s url=https://www.myfonts.com/collections/foxy-font-eryn-rose-design/
[2026-06-26T09:47:41Z] #244 attempt=1/2 status=200 0.264s url=https://www.myfonts.com/products/regular-besther-rusbery-1173221
[2026-06-26T09:47:42Z] #245 attempt=1/2 status=200 0.244s url=https://www.myfonts.com/collections/besther-rusbery-font-bayuktx/
[2026-06-26T09:47:42Z] #246 attempt=1/2 status=200 0.292s url=https://www.myfonts.com/products/gradualist-gradualist-1173376
[2026-06-26T09:47:43Z] #247 attempt=1/2 status=200 0.278s url=https://www.myfonts.com/collections/gradualist-font-yeen-studio/
[2026-06-26T09:47:43Z] #248 attempt=1/2 status=429 0.037s url=https://www.myfonts.com/products/lemon-cupcake-complete-family-package-1173502
[2026-06-26T09:47:46Z] #249 attempt=2/2 status=200 0.395s url=https://www.myfonts.com/products/lemon-cupcake-complete-family-package-1173502
[2026-06-26T09:47:46Z] #250 attempt=1/2 status=200 0.453s url=https://www.myfonts.com/collections/lemon-cupcake-font-bale-type/
[2026-06-26T09:47:47Z] #251 attempt=1/2 status=200 0.367s url=https://www.myfonts.com/products/brandnew-family-complete-family-package-1172704
[2026-06-26T09:47:48Z] #252 attempt=1/2 status=200 0.496s url=https://www.myfonts.com/collections/brandnew-family-font-bilberry-create/
[2026-06-26T09:47:48Z] #253 attempt=1/2 status=200 0.316s url=https://www.myfonts.com/products/magentha-summer-complete-family-package-1173391
[2026-06-26T09:47:49Z] #254 attempt=1/2 status=200 0.348s url=https://www.myfonts.com/collections/magentha-summer-font-auliart-studio/
[2026-06-26T09:47:49Z] #255 attempt=1/2 status=429 0.048s url=https://www.myfonts.com/products/avoria-complete-family-package-1173554
[2026-06-26T09:47:52Z] #256 attempt=2/2 status=200 0.359s url=https://www.myfonts.com/products/avoria-complete-family-package-1173554
[2026-06-26T09:47:52Z] #257 attempt=1/2 status=200 0.386s url=https://www.myfonts.com/collections/avoria-font-rezastudio/
[2026-06-26T09:47:53Z] #258 attempt=1/2 status=200 0.389s url=https://www.myfonts.com/products/nunda-dela-complete-family-package-1173398
[2026-06-26T09:47:54Z] #259 attempt=1/2 status=200 0.535s url=https://www.myfonts.com/collections/nunda-dela-font-differentialtype/
[2026-06-26T09:47:55Z] #260 attempt=1/2 status=200 0.305s url=https://www.myfonts.com/products/linneva-complete-family-package-1173565
[2026-06-26T09:47:55Z] #261 attempt=1/2 status=200 0.413s url=https://www.myfonts.com/collections/linneva-font-vermilione/
[2026-06-26T09:47:56Z] #262 attempt=1/2 status=200 0.395s url=https://www.myfonts.com/products/rounded-package-1172726
[2026-06-26T09:47:56Z] #263 attempt=1/2 status=429 0.050s url=https://www.myfonts.com/collections/crafta-font-maenjari-std/
[2026-06-26T09:47:59Z] #264 attempt=2/2 status=200 0.604s url=https://www.myfonts.com/collections/crafta-font-maenjari-std/
[2026-06-26T09:47:59Z] #265 attempt=1/2 status=200 0.317s url=https://www.myfonts.com/products/burn-out-complete-family-package-1172658
[2026-06-26T09:48:00Z] #266 attempt=1/2 status=200 0.431s url=https://www.myfonts.com/collections/burn-out-font-ronin-design/
[2026-06-26T09:48:01Z] #267 attempt=1/2 status=200 0.477s url=https://www.myfonts.com/products/nordwerk-complete-family-package-1172684
[2026-06-26T09:48:02Z] #268 attempt=1/2 status=200 0.532s url=https://www.myfonts.com/collections/nordwerk-font-ghozai-studio/
[2026-06-26T09:48:02Z] #269 attempt=1/2 status=200 0.339s url=https://www.myfonts.com/products/ordinary-summer-complete-family-package-1172685
[2026-06-26T09:48:03Z] #270 attempt=1/2 status=200 0.389s url=https://www.myfonts.com/collections/ordinary-summer-font-littlehand/
[2026-06-26T09:48:03Z] #271 attempt=1/2 status=429 0.039s url=https://www.myfonts.com/products/corina-elegant-complete-family-package-1173394
[2026-06-26T09:48:06Z] #272 attempt=2/2 status=200 0.483s url=https://www.myfonts.com/products/corina-elegant-complete-family-package-1173394
[2026-06-26T09:48:07Z] #273 attempt=1/2 status=200 0.457s url=https://www.myfonts.com/collections/corina-elegant-font-tini-fitriani/
[2026-06-26T09:48:07Z] #274 attempt=1/2 status=200 0.381s url=https://www.myfonts.com/products/minval-flare-complete-family-package-1173568
[2026-06-26T09:48:08Z] #275 attempt=1/2 status=200 0.412s url=https://www.myfonts.com/collections/minval-flare-font-tiga-type/
[2026-06-26T09:48:09Z] #276 attempt=1/6 status=200 0.925s url=https://www.myfonts.com/products.json?limit=100&page=11
[2026-06-26T09:48:10Z] #277 attempt=1/2 status=200 0.298s url=https://www.myfonts.com/products/rabiola-ganesh-complete-family-package-1173551
[2026-06-26T09:48:11Z] #278 attempt=1/2 status=200 0.414s url=https://www.myfonts.com/collections/rabiola-ganesh-font-black-junst/
[2026-06-26T09:48:11Z] #279 attempt=1/2 status=200 0.330s url=https://www.myfonts.com/products/choks-complete-family-package-1172712
[2026-06-26T09:48:12Z] #280 attempt=1/2 status=429 0.037s url=https://www.myfonts.com/collections/choks-font-vermilione/
[2026-06-26T09:48:14Z] #281 attempt=2/2 status=200 0.423s url=https://www.myfonts.com/collections/choks-font-vermilione/
[2026-06-26T09:48:15Z] #282 attempt=1/2 status=200 0.393s url=https://www.myfonts.com/products/rinteva-grid-complete-family-package-1172663
[2026-06-26T09:48:16Z] #283 attempt=1/2 status=200 0.639s url=https://www.myfonts.com/collections/rinteva-grid-font-twinletter/
[2026-06-26T09:48:16Z] #284 attempt=1/2 status=200 0.288s url=https://www.myfonts.com/products/regular-clarkfield-1172709
[2026-06-26T09:48:17Z] #285 attempt=1/2 status=200 0.276s url=https://www.myfonts.com/collections/clarkfield-font-epiclinez/
[2026-06-26T09:48:17Z] #286 attempt=1/2 status=200 0.287s url=https://www.myfonts.com/products/regular-id-troners-1172702
[2026-06-26T09:48:18Z] #287 attempt=1/2 status=429 0.037s url=https://www.myfonts.com/collections/id-troners-font-id-typface/
[2026-06-26T09:48:20Z] #288 attempt=2/2 status=200 0.386s url=https://www.myfonts.com/collections/id-troners-font-id-typface/
[2026-06-26T09:48:21Z] #289 attempt=1/2 status=200 0.295s url=https://www.myfonts.com/products/regular-ballpoint-freaks-1172682
[2026-06-26T09:48:21Z] #290 attempt=1/2 status=200 0.241s url=https://www.myfonts.com/collections/ballpoint-freaks-font-mvmet/
[2026-06-26T09:48:22Z] #291 attempt=1/2 status=200 0.345s url=https://www.myfonts.com/products/regular-oretanuna-1172711
[2026-06-26T09:48:22Z] #292 attempt=1/2 status=200 0.299s url=https://www.myfonts.com/collections/oretanuna-font-unaki/
[2026-06-26T09:48:23Z] #293 attempt=1/2 status=429 0.053s url=https://www.myfonts.com/products/regular-the-qundies-1172703
[2026-06-26T09:48:25Z] #294 attempt=2/2 status=200 0.352s url=https://www.myfonts.com/products/regular-the-qundies-1172703
[2026-06-26T09:48:26Z] #295 attempt=1/2 status=200 0.251s url=https://www.myfonts.com/collections/the-qundies-font-flawlessandco/
[2026-06-26T09:48:26Z] #296 attempt=1/2 status=200 0.353s url=https://www.myfonts.com/products/regular-bloody-black-metal-1172683
[2026-06-26T09:48:27Z] #297 attempt=1/2 status=200 0.290s url=https://www.myfonts.com/collections/bloody-black-metal-font-mvmet/
[2026-06-26T09:48:28Z] #298 attempt=1/2 status=200 0.378s url=https://www.myfonts.com/products/regular-tosoul-1172715
[2026-06-26T09:48:28Z] #299 attempt=1/2 status=429 0.070s url=https://www.myfonts.com/collections/tosoul-font-hasnat-studio/
[2026-06-26T09:48:30Z] #300 attempt=2/2 status=200 0.315s url=https://www.myfonts.com/collections/tosoul-font-hasnat-studio/
[2026-06-26T09:48:32Z] #301 attempt=1/6 status=200 1.060s url=https://www.myfonts.com/products.json?limit=100&page=12
[2026-06-26T09:48:33Z] #302 attempt=1/2 status=200 0.445s url=https://www.myfonts.com/products/medium-del-rose-1172730
[2026-06-26T09:48:33Z] #303 attempt=1/2 status=200 0.537s url=https://www.myfonts.com/collections/del-rose-font-sign-studio/
[2026-06-26T09:48:34Z] #304 attempt=1/2 status=200 0.464s url=https://www.myfonts.com/products/regular-apricot-moon-garden-1172708
[2026-06-26T09:48:35Z] #305 attempt=1/2 status=200 0.339s url=https://www.myfonts.com/collections/apricot-moon-garden-font-medialabco/
[2026-06-26T09:48:35Z] #306 attempt=1/2 status=200 0.278s url=https://www.myfonts.com/products/regular-noktey-1172710
[2026-06-26T09:48:36Z] #307 attempt=1/2 status=200 0.256s url=https://www.myfonts.com/collections/noktey-font-hasnat-studio/
[2026-06-26T09:48:36Z] #308 attempt=1/2 status=429 0.048s url=https://www.myfonts.com/products/regular-metrogard-1011416
[2026-06-26T09:48:39Z] #309 attempt=2/2 status=200 0.327s url=https://www.myfonts.com/products/regular-metrogard-1011416
[2026-06-26T09:48:39Z] #310 attempt=1/2 status=200 0.343s url=https://www.myfonts.com/collections/metrogard-font-lurinzu-studios/
[2026-06-26T09:48:40Z] #311 attempt=1/2 status=200 0.526s url=https://www.myfonts.com/products/elvon-grotesk-complete-family-package-1172480
[2026-06-26T09:48:41Z] #312 attempt=1/2 status=200 0.713s url=https://www.myfonts.com/collections/elvon-grotesk-font-webhance/
[2026-06-26T09:48:43Z] #313 attempt=1/2 status=200 1.442s url=https://www.myfonts.com/products/biarty-sans-narrow-family-package-1168554
[2026-06-26T09:48:46Z] #314 attempt=1/2 status=200 2.966s url=https://www.myfonts.com/collections/biarty-sans-font-nollev/
[2026-06-26T09:48:47Z] #315 attempt=1/2 status=200 0.328s url=https://www.myfonts.com/products/halo-domas-solid-complete-family-package-1172548
[2026-06-26T09:48:48Z] #316 attempt=1/2 status=200 0.388s url=https://www.myfonts.com/collections/halo-domas-solid-font-mabhal-studio/
[2026-06-26T09:48:48Z] #317 attempt=1/2 status=200 0.351s url=https://www.myfonts.com/products/cybernetik-complete-family-package-1172571
[2026-06-26T09:48:49Z] #318 attempt=1/2 status=200 0.546s url=https://www.myfonts.com/collections/cybernetik-font-parker-creative/
[2026-06-26T09:48:50Z] #319 attempt=1/2 status=200 0.341s url=https://www.myfonts.com/products/amberly-route-complete-family-package-1172500
[2026-06-26T09:48:50Z] #320 attempt=1/2 status=200 0.431s url=https://www.myfonts.com/collections/amberly-route-font-cocodesign/
[2026-06-26T09:48:52Z] #321 attempt=1/6 status=200 0.758s url=https://www.myfonts.com/products.json?limit=100&page=13
[2026-06-26T09:48:53Z] #322 attempt=1/2 status=200 0.520s url=https://www.myfonts.com/products/costhiya-complete-family-package-1172587
[2026-06-26T09:48:54Z] #323 attempt=1/2 status=200 0.806s url=https://www.myfonts.com/collections/costhiya-font-madjack-font/
[2026-06-26T09:48:54Z] #324 attempt=1/2 status=200 0.367s url=https://www.myfonts.com/products/muchino-complete-family-package-1172516
[2026-06-26T09:48:55Z] #325 attempt=1/2 status=200 0.458s url=https://www.myfonts.com/collections/muchino-font-luminatype-studio/
[2026-06-26T09:48:56Z] #326 attempt=1/2 status=200 0.323s url=https://www.myfonts.com/products/publice-complete-family-package-1172536
[2026-06-26T09:48:56Z] #327 attempt=1/2 status=200 0.417s url=https://www.myfonts.com/collections/publice-font-glyphminds-studios/
[2026-06-26T09:48:57Z] #328 attempt=1/2 status=200 0.336s url=https://www.myfonts.com/products/comfort-cash-complete-family-package-1172458
[2026-06-26T09:48:57Z] #329 attempt=1/2 status=200 0.331s url=https://www.myfonts.com/collections/comfort-cash-font-hanoded/
[2026-06-26T09:48:58Z] #330 attempt=1/2 status=200 0.292s url=https://www.myfonts.com/products/haji-complete-family-package-1172540
[2026-06-26T09:48:58Z] #331 attempt=1/2 status=429 0.035s url=https://www.myfonts.com/collections/haji-font-letternesia-studio/
[2026-06-26T09:49:01Z] #332 attempt=2/2 status=200 0.452s url=https://www.myfonts.com/collections/haji-font-letternesia-studio/
[2026-06-26T09:49:02Z] #333 attempt=1/2 status=200 0.326s url=https://www.myfonts.com/products/easter-holiday-regular-complete-family-package-1172582
[2026-06-26T09:49:02Z] #334 attempt=1/2 status=200 0.450s url=https://www.myfonts.com/collections/easter-holiday-regular-font-mabhal-studio/
[2026-06-26T09:49:03Z] #335 attempt=1/2 status=200 0.402s url=https://www.myfonts.com/products/windale-sans-complete-family-package-1172526
[2026-06-26T09:49:04Z] #336 attempt=1/2 status=200 0.463s url=https://www.myfonts.com/collections/windale-sans-font-shape-studio/
[2026-06-26T09:49:04Z] #337 attempt=1/2 status=200 0.340s url=https://www.myfonts.com/products/kombinator-complete-family-package-1172505
[2026-06-26T09:49:04Z] #338 attempt=1/2 status=429 0.048s url=https://www.myfonts.com/collections/kombinator-font-fontroll/
[2026-06-26T09:49:07Z] #339 attempt=2/2 status=200 0.602s url=https://www.myfonts.com/collections/kombinator-font-fontroll/
[2026-06-26T09:49:08Z] #340 attempt=1/2 status=200 0.272s url=https://www.myfonts.com/products/regular-estrellie-1172546
[2026-06-26T09:49:08Z] #341 attempt=1/2 status=200 0.291s url=https://www.myfonts.com/collections/estrellie-font-typoraith-co/
[2026-06-26T09:49:09Z] #342 attempt=1/2 status=200 0.279s url=https://www.myfonts.com/products/regular-balery-1172539
[2026-06-26T09:49:09Z] #343 attempt=1/2 status=200 0.279s url=https://www.myfonts.com/collections/balery-font-krismagraph/
[2026-06-26T09:49:11Z] #344 attempt=1/6 status=200 0.826s url=https://www.myfonts.com/products.json?limit=100&page=14
[2026-06-26T09:49:11Z] #345 attempt=1/2 status=200 0.250s url=https://www.myfonts.com/products/regular-alino-1172547
[2026-06-26T09:49:12Z] #346 attempt=1/2 status=429 0.048s url=https://www.myfonts.com/collections/alino-font-pb-type/
[2026-06-26T09:49:14Z] #347 attempt=2/2 status=200 0.285s url=https://www.myfonts.com/collections/alino-font-pb-type/
[2026-06-26T09:49:15Z] #348 attempt=1/2 status=200 0.312s url=https://www.myfonts.com/products/bold-loudmouth-1172535
[2026-06-26T09:49:15Z] #349 attempt=1/2 status=200 0.270s url=https://www.myfonts.com/collections/loudmouth-font-mix-fonts/
[2026-06-26T09:49:16Z] #350 attempt=1/2 status=200 0.333s url=https://www.myfonts.com/products/regular-larnix-1172581
[2026-06-26T09:49:16Z] #351 attempt=1/2 status=200 0.301s url=https://www.myfonts.com/collections/larnix-font-mei-suseno/
[2026-06-26T09:49:16Z] #352 attempt=1/2 status=429 0.041s url=https://www.myfonts.com/products/regular-messy-chaos-1172543
[2026-06-26T09:49:19Z] #353 attempt=2/2 status=200 0.354s url=https://www.myfonts.com/products/regular-messy-chaos-1172543
[2026-06-26T09:49:19Z] #354 attempt=1/2 status=200 0.224s url=https://www.myfonts.com/collections/messy-chaos-font-yeen-studio/
[2026-06-26T09:49:20Z] #355 attempt=1/2 status=200 0.286s url=https://www.myfonts.com/products/regular-gelado-1172586
[2026-06-26T09:49:21Z] #356 attempt=1/2 status=200 0.269s url=https://www.myfonts.com/collections/gelado-font-island-type-foundry/
[2026-06-26T09:49:21Z] #357 attempt=1/2 status=200 0.284s url=https://www.myfonts.com/products/regular-hapfew-1172515
[2026-06-26T09:49:21Z] #358 attempt=1/2 status=429 0.051s url=https://www.myfonts.com/collections/hapfew-font-hasnat-studio/
[2026-06-26T09:49:24Z] #359 attempt=2/2 status=200 0.368s url=https://www.myfonts.com/collections/hapfew-font-hasnat-studio/
[2026-06-26T09:49:25Z] #360 attempt=1/2 status=200 0.296s url=https://www.myfonts.com/products/regular-naztos-1172513
[2026-06-26T09:49:25Z] #361 attempt=1/2 status=200 0.278s url=https://www.myfonts.com/collections/naztos-font-hasnat-studio/
[2026-06-26T09:49:26Z] #362 attempt=1/2 status=200 0.310s url=https://www.myfonts.com/products/regular-sparke-1172499
[2026-06-26T09:49:26Z] #363 attempt=1/2 status=429 0.053s url=https://www.myfonts.com/collections/sparke-font-drizy-font/
[2026-06-26T09:49:28Z] #364 attempt=2/2 status=200 0.359s url=https://www.myfonts.com/collections/sparke-font-drizy-font/
[2026-06-26T09:49:29Z] #365 attempt=1/2 status=200 0.342s url=https://www.myfonts.com/products/regular-degara-lindou-1172615
[2026-06-26T09:49:30Z] #366 attempt=1/2 status=200 0.307s url=https://www.myfonts.com/collections/degara-lindou-font-mabhal-studio/
[2026-06-26T09:49:31Z] #367 attempt=1/6 status=200 1.055s url=https://www.myfonts.com/products.json?limit=100&page=15
[2026-06-26T09:49:32Z] #368 attempt=1/2 status=200 0.331s url=https://www.myfonts.com/products/regular-blackboard-chalk-3d-1172504
[2026-06-26T09:49:32Z] #369 attempt=1/2 status=200 0.314s url=https://www.myfonts.com/collections/blackboard-chalk-3d-font-mvmet/
[2026-06-26T09:49:33Z] #370 attempt=1/2 status=200 0.326s url=https://www.myfonts.com/products/regular-yordic-1172616
[2026-06-26T09:49:33Z] #371 attempt=1/2 status=200 0.287s url=https://www.myfonts.com/collections/yordic-font-bentype/
[2026-06-26T09:49:34Z] #372 attempt=1/2 status=429 0.067s url=https://www.myfonts.com/products/regular-randos-1172585
[2026-06-26T09:49:36Z] #373 attempt=2/2 status=200 0.352s url=https://www.myfonts.com/products/regular-randos-1172585
[2026-06-26T09:49:37Z] #374 attempt=1/2 status=200 0.255s url=https://www.myfonts.com/collections/randos-font-island-type-foundry/
[2026-06-26T09:49:37Z] #375 attempt=1/2 status=200 0.259s url=https://www.myfonts.com/products/regular-velytia-1172545
[2026-06-26T09:49:38Z] #376 attempt=1/2 status=200 0.276s url=https://www.myfonts.com/collections/velytia-font-groenstudio/
[2026-06-26T09:49:38Z] #377 attempt=1/2 status=429 0.053s url=https://www.myfonts.com/products/regular-dreamyfont-1172544
[2026-06-26T09:49:41Z] #378 attempt=2/2 status=200 0.323s url=https://www.myfonts.com/products/regular-dreamyfont-1172544
[2026-06-26T09:49:41Z] #379 attempt=1/2 status=200 0.287s url=https://www.myfonts.com/collections/dreamyfont-font-eryn-rose-design/
[2026-06-26T09:49:42Z] #380 attempt=1/2 status=200 0.290s url=https://www.myfonts.com/products/regular-ekayanti-1172514
[2026-06-26T09:49:42Z] #381 attempt=1/2 status=200 0.298s url=https://www.myfonts.com/collections/ekayanti-font-realtype/
[2026-06-26T09:49:43Z] #382 attempt=1/2 status=200 0.322s url=https://www.myfonts.com/products/mainboard-mono-complete-family-package-1172620
[2026-06-26T09:49:43Z] #383 attempt=1/2 status=429 0.044s url=https://www.myfonts.com/collections/mainboard-mono-font-moritz-kleinsorge/
[2026-06-26T09:49:46Z] #384 attempt=2/2 status=200 0.478s url=https://www.myfonts.com/collections/mainboard-mono-font-moritz-kleinsorge/
[2026-06-26T09:49:46Z] #385 attempt=1/2 status=200 0.310s url=https://www.myfonts.com/products/black-los-lana-pro-121174
[2026-06-26T09:49:47Z] #386 attempt=1/2 status=200 0.255s url=https://www.myfonts.com/collections/los-lana-pro-font-latinotype/
[2026-06-26T09:49:47Z] #387 attempt=1/2 status=200 0.251s url=https://www.myfonts.com/products/condensed-regular-tois-1172570
[2026-06-26T09:49:48Z] #388 attempt=1/2 status=200 0.249s url=https://www.myfonts.com/collections/tois-font-pb-type/
[2026-06-26T09:49:48Z] #389 attempt=1/2 status=429 0.029s url=https://www.myfonts.com/products/regular-drakry-1172479
[2026-06-26T09:49:51Z] #390 attempt=2/2 status=200 0.356s url=https://www.myfonts.com/products/regular-drakry-1172479
[2026-06-26T09:49:51Z] #391 attempt=1/2 status=200 0.346s url=https://www.myfonts.com/collections/drakry-font-hasnat-studio/
[2026-06-26T09:49:52Z] #392 attempt=1/2 status=200 0.288s url=https://www.myfonts.com/products/cubiculum-package-321530
[2026-06-26T09:49:52Z] #393 attempt=1/2 status=200 0.308s url=https://www.myfonts.com/collections/cubiculum-font-johan-winge/
[2026-06-26T09:49:54Z] #394 attempt=1/2 status=200 1.173s url=https://www.myfonts.com/products/caber-semibold-slant-dvarlin-staves-41771
[2026-06-26T09:49:56Z] #395 attempt=1/2 status=200 2.087s url=https://www.myfonts.com/collections/dvarlin-staves-font-sins/
[2026-06-26T09:49:57Z] #396 attempt=1/2 status=200 0.524s url=https://www.myfonts.com/products/bole-regular-slant-dvarlin-staves-41743
[2026-06-26T09:49:59Z] #397 attempt=1/2 status=200 1.844s url=https://www.myfonts.com/collections/dvarlin-staves-font-sins/
[2026-06-26T09:50:00Z] #398 attempt=1/2 status=200 0.705s url=https://www.myfonts.com/products/display-value-package-package-1172433
[2026-06-26T09:50:02Z] #399 attempt=1/2 status=200 1.207s url=https://www.myfonts.com/collections/dareva-font-bykineks/
[2026-06-26T09:50:03Z] #400 attempt=1/2 status=200 0.832s url=https://www.myfonts.com/products/arshila-complete-family-package-1172443
[2026-06-26T09:50:05Z] #401 attempt=1/2 status=200 1.418s url=https://www.myfonts.com/collections/arshila-font-bykineks/
[2026-06-26T09:50:06Z] #402 attempt=1/2 status=200 0.445s url=https://www.myfonts.com/products/smetana-complete-family-package-1172378
[2026-06-26T09:50:06Z] #403 attempt=1/2 status=200 0.537s url=https://www.myfonts.com/collections/smetana-font-alpercakici/
[2026-06-26T09:50:07Z] #404 attempt=1/2 status=200 0.312s url=https://www.myfonts.com/products/wedding-romantic-monogram-complete-family-package-1172391
[2026-06-26T09:50:08Z] #405 attempt=1/2 status=200 0.422s url=https://www.myfonts.com/collections/wedding-romantic-monogram-font-yoga-letter/
[2026-06-26T09:50:10Z] #406 attempt=1/2 status=200 2.037s url=https://www.myfonts.com/products/soft-package-1172375
[2026-06-26T09:50:13Z] #407 attempt=1/2 status=200 2.801s url=https://www.myfonts.com/collections/glowira-font-nia-typework/
[2026-06-26T09:50:16Z] #408 attempt=1/2 status=200 1.550s url=https://www.myfonts.com/products/hard-package-1172376
[2026-06-26T09:50:18Z] #409 attempt=1/2 status=200 2.614s url=https://www.myfonts.com/collections/khastiyan-font-nia-typework/
[2026-06-26T09:50:20Z] #410 attempt=1/2 status=200 0.316s url=https://www.myfonts.com/products/collection-morning-complete-family-package-1172434
[2026-06-26T09:50:20Z] #411 attempt=1/2 status=200 0.370s url=https://www.myfonts.com/collections/collection-morning-font-timelesstype-studio/
[2026-06-26T09:50:21Z] #412 attempt=1/2 status=200 0.373s url=https://www.myfonts.com/products/melonie-complete-family-package-1172445
[2026-06-26T09:50:22Z] #413 attempt=1/2 status=200 0.503s url=https://www.myfonts.com/collections/melonie-font-alpercakici/
[2026-06-26T09:50:22Z] #414 attempt=1/2 status=200 0.284s url=https://www.myfonts.com/products/digital404-complete-family-package-1171294
[2026-06-26T09:50:23Z] #415 attempt=1/2 status=200 0.342s url=https://www.myfonts.com/collections/digital404-font-centrotype/
[2026-06-26T09:50:24Z] #416 attempt=1/2 status=200 0.347s url=https://www.myfonts.com/products/saturday-race-complete-family-package-1161830
[2026-06-26T09:50:24Z] #417 attempt=1/2 status=200 0.367s url=https://www.myfonts.com/collections/saturday-race-font-mans-greback/
[2026-06-26T09:50:26Z] #418 attempt=1/6 status=200 0.967s url=https://www.myfonts.com/products.json?limit=100&page=16
[2026-06-26T09:50:26Z] #419 attempt=1/2 status=200 0.281s url=https://www.myfonts.com/products/regular-belove-1172440
[2026-06-26T09:50:27Z] #420 attempt=1/2 status=200 0.298s url=https://www.myfonts.com/collections/belove-font-flawlessandco/
[2026-06-26T09:50:27Z] #421 attempt=1/2 status=200 0.282s url=https://www.myfonts.com/products/regular-chances-1171540
[2026-06-26T09:50:28Z] #422 attempt=1/2 status=200 0.262s url=https://www.myfonts.com/collections/chances-font-island-type-foundry/
[2026-06-26T09:50:28Z] #423 attempt=1/2 status=200 0.351s url=https://www.myfonts.com/products/regular-pikabu-1172439
[2026-06-26T09:50:29Z] #424 attempt=1/2 status=200 0.253s url=https://www.myfonts.com/collections/pikabu-font-pekotype/
[2026-06-26T09:50:29Z] #425 attempt=1/2 status=200 0.274s url=https://www.myfonts.com/products/regular-shokupan-1172438
[2026-06-26T09:50:30Z] #426 attempt=1/2 status=200 0.256s url=https://www.myfonts.com/collections/shokupan-font-pekotype/
[2026-06-26T09:50:30Z] #427 attempt=1/2 status=200 0.261s url=https://www.myfonts.com/products/regular-popstep-1172441
[2026-06-26T09:50:31Z] #428 attempt=1/2 status=200 0.260s url=https://www.myfonts.com/collections/popstep-font-pekotype/
[2026-06-26T09:50:32Z] #429 attempt=1/2 status=200 0.365s url=https://www.myfonts.com/products/regular-legowo-1172437
[2026-06-26T09:50:32Z] #430 attempt=1/2 status=200 0.274s url=https://www.myfonts.com/collections/legowo-font-pekotype/
[2026-06-26T09:50:33Z] #431 attempt=1/2 status=200 1.091s url=https://www.myfonts.com/products/street-graffiti-font-bundle-package-926819
[2026-06-26T09:50:34Z] #432 attempt=1/2 status=404 0.151s url=https://www.myfonts.com/collections/street-graffiti-font-bundle-font-sipanji21
[2026-06-26T09:50:35Z] #433 attempt=1/2 status=200 1.005s url=https://www.myfonts.com/products/cute-and-kiddie-font-pack-package-727714
[2026-06-26T09:50:35Z] #434 attempt=1/2 status=404 0.162s url=https://www.myfonts.com/collections/cute-and-kiddie-font-pack-font-sipanji21
[2026-06-26T09:50:36Z] #435 attempt=1/2 status=200 0.879s url=https://www.myfonts.com/products/street-marks-15-monoline-graffiti-font-bundle-package-1014788
[2026-06-26T09:50:37Z] #436 attempt=1/2 status=404 0.138s url=https://www.myfonts.com/collections/street-marks-15-monoline-graffiti-font-bundle-font-sipanji21
[2026-06-26T09:50:37Z] #437 attempt=1/2 status=429 0.040s url=https://www.myfonts.com/products/text-heavy-grange-269054
[2026-06-26T09:50:40Z] #438 attempt=2/2 status=200 0.596s url=https://www.myfonts.com/products/text-heavy-grange-269054
[2026-06-26T09:50:41Z] #439 attempt=1/2 status=200 1.049s url=https://www.myfonts.com/collections/grange-font-device/
[2026-06-26T09:50:42Z] #440 attempt=1/2 status=200 0.316s url=https://www.myfonts.com/products/light-charminette-130182
[2026-06-26T09:50:42Z] #441 attempt=1/2 status=200 0.259s url=https://www.myfonts.com/collections/charminette-font-vanderfont/
[2026-06-26T09:50:43Z] #442 attempt=1/2 status=200 0.323s url=https://www.myfonts.com/products/topbirdy-script-complete-family-package-1161825
[2026-06-26T09:50:44Z] #443 attempt=1/2 status=200 0.424s url=https://www.myfonts.com/collections/topbirdy-script-font-mans-greback/
[2026-06-26T09:50:46Z] #444 attempt=1/2 status=200 1.687s url=https://www.myfonts.com/products/stigsa-display-complete-family-package-1157673
[2026-06-26T09:50:48Z] #445 attempt=1/2 status=200 2.631s url=https://www.myfonts.com/collections/stigsa-display-font-seniors-studio/
[2026-06-26T09:50:50Z] #446 attempt=1/2 status=200 0.358s url=https://www.myfonts.com/products/klopfzeichen-complete-family-package-1172371
[2026-06-26T09:50:51Z] #447 attempt=1/2 status=200 0.403s url=https://www.myfonts.com/collections/klopfzeichen-font-mysterian/
[2026-06-26T09:50:52Z] #448 attempt=1/2 status=200 0.787s url=https://www.myfonts.com/products/sokuna-complete-family-package-1172306
[2026-06-26T09:50:53Z] #449 attempt=1/2 status=200 1.174s url=https://www.myfonts.com/collections/sokuna-font-alterspieler/
[2026-06-26T09:50:55Z] #450 attempt=1/6 status=200 0.836s url=https://www.myfonts.com/products.json?limit=100&page=17
[2026-06-26T09:50:55Z] #451 attempt=1/2 status=200 0.262s url=https://www.myfonts.com/products/regular-rainbow-theory-1171618
[2026-06-26T09:50:56Z] #452 attempt=1/2 status=200 0.330s url=https://www.myfonts.com/collections/rainbow-theory-font-bluestype-studio/
[2026-06-26T09:50:57Z] #453 attempt=1/6 status=200 0.880s url=https://www.myfonts.com/products.json?limit=100&page=18
[2026-06-26T09:50:58Z] #454 attempt=1/2 status=200 0.527s url=https://www.myfonts.com/products/1st-bundle-package-1172373
[2026-06-26T09:50:58Z] #455 attempt=1/2 status=404 0.162s url=https://www.myfonts.com/collections/1st-bundle-font-margi-studio
[2026-06-26T09:51:00Z] #456 attempt=1/2 status=200 0.961s url=https://www.myfonts.com/products/cebreja-extra-complete-family-package-1172172
[2026-06-26T09:51:01Z] #457 attempt=1/2 status=200 1.292s url=https://www.myfonts.com/collections/cebreja-extra-font-rafaeiro-typeiro/
[2026-06-26T09:51:02Z] #458 attempt=1/2 status=200 0.381s url=https://www.myfonts.com/products/effimera-complete-family-package-1172304
[2026-06-26T09:51:03Z] #459 attempt=1/2 status=200 0.678s url=https://www.myfonts.com/collections/effimera-font-resistenza/
[2026-06-26T09:51:04Z] #460 attempt=1/2 status=200 0.436s url=https://www.myfonts.com/products/glighen-eigthies-complete-family-package-1172154
[2026-06-26T09:51:04Z] #461 attempt=1/2 status=200 0.481s url=https://www.myfonts.com/collections/glighen-eigthies-font-logic-type/
[2026-06-26T09:51:05Z] #462 attempt=1/2 status=200 0.303s url=https://www.myfonts.com/products/haribaico-script-complete-family-package-1161820
[2026-06-26T09:51:06Z] #463 attempt=1/2 status=200 0.421s url=https://www.myfonts.com/collections/haribaico-script-font-mans-greback/
[2026-06-26T09:51:06Z] #464 attempt=1/2 status=200 0.334s url=https://www.myfonts.com/products/blackstore-script-complete-family-package-1172299
[2026-06-26T09:51:07Z] #465 attempt=1/2 status=200 0.367s url=https://www.myfonts.com/collections/blackstore-script-font-shape-studio/
[2026-06-26T09:51:07Z] #466 attempt=1/2 status=200 0.335s url=https://www.myfonts.com/products/blacknose-complete-family-package-1172151
[2026-06-26T09:51:08Z] #467 attempt=1/2 status=429 0.050s url=https://www.myfonts.com/collections/blacknose-font-arterfak-project/
[2026-06-26T09:51:10Z] #468 attempt=2/2 status=200 0.580s url=https://www.myfonts.com/collections/blacknose-font-arterfak-project/
[2026-06-26T09:51:11Z] #469 attempt=1/2 status=200 0.379s url=https://www.myfonts.com/products/shree-tamil-3951-complete-family-package-1172112
[2026-06-26T09:51:12Z] #470 attempt=1/2 status=200 0.428s url=https://www.myfonts.com/collections/shree-tamil-3951-font-modularinfotech/
[2026-06-26T09:51:12Z] #471 attempt=1/2 status=200 0.385s url=https://www.myfonts.com/collections/shree-tamil-3951-font-modularinfotech/
[2026-06-26T09:51:13Z] #472 attempt=1/2 status=200 0.539s url=https://www.myfonts.com/products/winner-college-complete-family-package-1172122
[2026-06-26T09:51:14Z] #473 attempt=1/2 status=200 0.763s url=https://www.myfonts.com/collections/winner-college-font-sportsfonts/
[2026-06-26T09:51:16Z] #474 attempt=1/2 status=200 1.029s url=https://www.myfonts.com/products/plakent-complete-family-package-1172210
[2026-06-26T09:51:17Z] #475 attempt=1/2 status=200 1.298s url=https://www.myfonts.com/collections/plakent-font-gian-studio/
[2026-06-26T09:51:18Z] #476 attempt=1/2 status=200 0.306s url=https://www.myfonts.com/products/shree-tamil-3883-complete-family-package-1172115
[2026-06-26T09:51:19Z] #477 attempt=1/2 status=200 0.395s url=https://www.myfonts.com/collections/shree-tamil-3883-font-modularinfotech/
[2026-06-26T09:51:19Z] #478 attempt=1/2 status=200 0.361s url=https://www.myfonts.com/collections/shree-tamil-3883-font-modularinfotech/
[2026-06-26T09:51:19Z] #479 attempt=1/2 status=429 0.044s url=https://www.myfonts.com/products/polished-sans-vintage-complete-family-package-1172206
[2026-06-26T09:51:22Z] #480 attempt=2/2 status=200 0.466s url=https://www.myfonts.com/products/polished-sans-vintage-complete-family-package-1172206
[2026-06-26T09:51:23Z] #481 attempt=1/2 status=200 0.431s url=https://www.myfonts.com/collections/polished-sans-vintage-font-letterfreshstudio/
[2026-06-26T09:51:23Z] #482 attempt=1/2 status=200 0.324s url=https://www.myfonts.com/products/shree-tamil-2841-complete-family-package-1172107
[2026-06-26T09:51:24Z] #483 attempt=1/2 status=200 0.472s url=https://www.myfonts.com/collections/shree-tamil-2841-font-modularinfotech/
[2026-06-26T09:51:25Z] #484 attempt=1/2 status=200 0.446s url=https://www.myfonts.com/collections/shree-tamil-2841-font-modularinfotech/
[2026-06-26T09:51:26Z] #485 attempt=1/6 status=200 1.024s url=https://www.myfonts.com/products.json?limit=100&page=19
[2026-06-26T09:51:27Z] #486 attempt=1/2 status=200 0.332s url=https://www.myfonts.com/products/negula-complete-family-package-1172168
[2026-06-26T09:51:28Z] #487 attempt=1/2 status=200 0.488s url=https://www.myfonts.com/collections/negula-font-jafar07/
[2026-06-26T09:51:28Z] #488 attempt=1/2 status=200 0.320s url=https://www.myfonts.com/products/regular-sacrumy-1172171
[2026-06-26T09:51:29Z] #489 attempt=1/2 status=429 0.064s url=https://www.myfonts.com/collections/sacrumy-font-denustudio/
[2026-06-26T09:51:31Z] #490 attempt=2/2 status=200 0.352s url=https://www.myfonts.com/collections/sacrumy-font-denustudio/
[2026-06-26T09:51:32Z] #491 attempt=1/2 status=200 0.273s url=https://www.myfonts.com/products/regular-evgen-1172106
[2026-06-26T09:51:32Z] #492 attempt=1/2 status=200 0.217s url=https://www.myfonts.com/collections/evgen-font-pb-type/
[2026-06-26T09:51:34Z] #493 attempt=1/6 status=200 0.988s url=https://www.myfonts.com/products.json?limit=100&page=20
[2026-06-26T09:51:34Z] #494 attempt=1/2 status=200 0.314s url=https://www.myfonts.com/products/regular-bubble-blast-1172147
[2026-06-26T09:51:35Z] #495 attempt=1/2 status=200 0.280s url=https://www.myfonts.com/collections/bubble-blast-font-mvmet/
[2026-06-26T09:51:35Z] #496 attempt=1/2 status=429 0.038s url=https://www.myfonts.com/products/regular-coolesta-1172303
[2026-06-26T09:51:38Z] #497 attempt=2/2 status=200 0.404s url=https://www.myfonts.com/products/regular-coolesta-1172303
[2026-06-26T09:51:38Z] #498 attempt=1/2 status=200 0.321s url=https://www.myfonts.com/collections/coolesta-font-dilbadil/
[2026-06-26T09:51:39Z] #499 attempt=1/2 status=200 0.329s url=https://www.myfonts.com/products/regular-chalk-garden-1172209
[2026-06-26T09:51:39Z] #500 attempt=1/2 status=200 0.276s url=https://www.myfonts.com/collections/chalk-garden-font-mvmet/
[2026-06-26T09:51:41Z] #501 attempt=1/2 status=200 1.167s url=https://www.myfonts.com/products/the-handwritten-fonts-collection-bundle-vol-2-package-1067855
[2026-06-26T09:51:41Z] #502 attempt=1/2 status=404 0.193s url=https://www.myfonts.com/collections/the-handwritten-fonts-collection-bundle-vol-2-font-jprintstudio
[2026-06-26T09:51:41Z] #503 attempt=1/2 status=429 0.045s url=https://www.myfonts.com/products/tarmiles-action-complete-family-package-1161751
[2026-06-26T09:51:44Z] #504 attempt=2/2 status=200 0.460s url=https://www.myfonts.com/products/tarmiles-action-complete-family-package-1161751
[2026-06-26T09:51:45Z] #505 attempt=1/2 status=200 0.387s url=https://www.myfonts.com/collections/tarmiles-action-font-mans-greback/
[2026-06-26T09:51:45Z] #506 attempt=1/2 status=200 0.359s url=https://www.myfonts.com/products/first-encounter-complete-family-package-1161726
[2026-06-26T09:51:46Z] #507 attempt=1/2 status=200 0.453s url=https://www.myfonts.com/collections/first-encounter-font-mans-greback/
[2026-06-26T09:51:47Z] #508 attempt=1/2 status=200 0.351s url=https://www.myfonts.com/products/hypogea-complete-family-package-1161716
[2026-06-26T09:51:47Z] #509 attempt=1/2 status=429 0.036s url=https://www.myfonts.com/collections/hypogea-font-koplexs-studio/
[2026-06-26T09:51:49Z] #510 attempt=2/2 status=200 0.401s url=https://www.myfonts.com/collections/hypogea-font-koplexs-studio/
[2026-06-26T09:51:51Z] #511 attempt=1/2 status=200 1.257s url=https://www.myfonts.com/products/vestica-neue-complete-family-package-1165628
[2026-06-26T09:51:53Z] #512 attempt=1/2 status=200 1.476s url=https://www.myfonts.com/collections/vestica-neue-font-slex-studio/
[2026-06-26T09:51:54Z] #513 attempt=1/2 status=200 0.291s url=https://www.myfonts.com/products/mizzen-variable-complete-family-package-1161601
[2026-06-26T09:51:54Z] #514 attempt=1/2 status=200 0.402s url=https://www.myfonts.com/collections/mizzen-variable-font-octotypo/
[2026-06-26T09:51:55Z] #515 attempt=1/2 status=200 0.314s url=https://www.myfonts.com/products/pg-mallowtine-complete-family-package-1163785
[2026-06-26T09:51:56Z] #516 attempt=1/2 status=200 0.450s url=https://www.myfonts.com/collections/pg-mallowtine-font-pretty-glyphs/
[2026-06-26T09:51:58Z] #517 attempt=1/2 status=200 1.839s url=https://www.myfonts.com/products/axerifa-complete-family-package-1166539
[2026-06-26T09:52:00Z] #518 attempt=1/2 status=200 2.292s url=https://www.myfonts.com/collections/axerifa-font-slex-studio/
[2026-06-26T09:52:02Z] #519 attempt=1/2 status=200 0.753s url=https://www.myfonts.com/products/normal-package-1165958
[2026-06-26T09:52:03Z] #520 attempt=1/2 status=200 1.230s url=https://www.myfonts.com/collections/rockrest-font-eyetype/
[2026-06-26T09:52:04Z] #521 attempt=1/2 status=200 0.348s url=https://www.myfonts.com/products/pg-whitelush-complete-family-package-1165882
[2026-06-26T09:52:05Z] #522 attempt=1/2 status=200 0.473s url=https://www.myfonts.com/collections/pg-whitelush-font-pretty-glyphs/
[2026-06-26T09:52:06Z] #523 attempt=1/2 status=200 0.305s url=https://www.myfonts.com/products/nezag-complete-family-package-1165561
[2026-06-26T09:52:06Z] #524 attempt=1/2 status=200 0.401s url=https://www.myfonts.com/collections/nezag-font-pandeka-studio/
[2026-06-26T09:52:07Z] #525 attempt=1/2 status=200 0.329s url=https://www.myfonts.com/products/ahkara-complete-family-package-1163507
[2026-06-26T09:52:07Z] #526 attempt=1/2 status=200 0.476s url=https://www.myfonts.com/collections/ahkara-font-agung-sudirman/
[2026-06-26T09:52:08Z] #527 attempt=1/2 status=200 0.398s url=https://www.myfonts.com/products/tansei-complete-family-package-1163927
[2026-06-26T09:52:09Z] #528 attempt=1/2 status=200 0.436s url=https://www.myfonts.com/collections/tansei-font-ku-type/
[2026-06-26T09:52:10Z] #529 attempt=1/2 status=200 0.456s url=https://www.myfonts.com/products/altaries-complete-family-package-1163748
[2026-06-26T09:52:10Z] #530 attempt=1/2 status=200 0.570s url=https://www.myfonts.com/collections/altaries-font-gatype/
[2026-06-26T09:52:11Z] #531 attempt=1/2 status=200 0.354s url=https://www.myfonts.com/products/nemorosa-variable-complete-family-package-1161603
[2026-06-26T09:52:12Z] #532 attempt=1/2 status=200 0.386s url=https://www.myfonts.com/collections/nemorosa-variable-font-octotypo/
[2026-06-26T09:52:12Z] #533 attempt=1/2 status=200 0.319s url=https://www.myfonts.com/products/move-your-feet-complete-family-package-1166738
[2026-06-26T09:52:13Z] #534 attempt=1/2 status=200 0.493s url=https://www.myfonts.com/collections/move-your-feet-font-pizzadudedk/
[2026-06-26T09:52:13Z] #535 attempt=1/2 status=429 0.041s url=https://www.myfonts.com/products/voux-sans-alternate-package-1166736
[2026-06-26T09:52:17Z] #536 attempt=2/2 status=200 1.216s url=https://www.myfonts.com/products/voux-sans-alternate-package-1166736
[2026-06-26T09:52:18Z] #537 attempt=1/2 status=200 1.537s url=https://www.myfonts.com/collections/voux-font-miller-type/
[2026-06-26T09:52:19Z] #538 attempt=1/2 status=200 0.407s url=https://www.myfonts.com/products/fairmont-ridge-complete-family-package-1165571
[2026-06-26T09:52:20Z] #539 attempt=1/2 status=200 0.478s url=https://www.myfonts.com/collections/fairmont-ridge-font-letterhend/
[2026-06-26T09:52:21Z] #540 attempt=1/2 status=200 0.323s url=https://www.myfonts.com/products/westbury-press-complete-family-package-1161746
[2026-06-26T09:52:21Z] #541 attempt=1/2 status=200 0.410s url=https://www.myfonts.com/collections/westbury-press-font-mans-greback/
[2026-06-26T09:52:22Z] #542 attempt=1/2 status=200 0.384s url=https://www.myfonts.com/products/henkei-grotesk-complete-family-package-1161604
[2026-06-26T09:52:23Z] #543 attempt=1/2 status=200 0.476s url=https://www.myfonts.com/collections/henkei-grotesk-font-new-yeast-foundry/
[2026-06-26T09:52:23Z] #544 attempt=1/2 status=200 0.424s url=https://www.myfonts.com/products/mild-breeze-complete-family-package-1165612
[2026-06-26T09:52:24Z] #545 attempt=1/2 status=200 0.452s url=https://www.myfonts.com/collections/mild-breeze-font-gleb-guralnyk/
[2026-06-26T09:52:25Z] #546 attempt=1/2 status=200 0.356s url=https://www.myfonts.com/products/marble-rushy-complete-family-package-1163740
[2026-06-26T09:52:25Z] #547 attempt=1/2 status=429 0.049s url=https://www.myfonts.com/collections/marble-rushy-font-letterena-studios/
[2026-06-26T09:52:28Z] #548 attempt=2/2 status=200 0.465s url=https://www.myfonts.com/collections/marble-rushy-font-letterena-studios/
[2026-06-26T09:52:29Z] #549 attempt=1/6 status=200 1.079s url=https://www.myfonts.com/products.json?limit=100&page=21
[2026-06-26T09:52:30Z] #550 attempt=1/2 status=200 0.331s url=https://www.myfonts.com/products/itinera-variable-complete-family-package-1161602
[2026-06-26T09:52:31Z] #551 attempt=1/2 status=200 0.410s url=https://www.myfonts.com/collections/itinera-variable-font-octotypo/
[2026-06-26T09:52:31Z] #552 attempt=1/2 status=200 0.331s url=https://www.myfonts.com/products/daily-quick-complete-family-package-1165568
[2026-06-26T09:52:32Z] #553 attempt=1/2 status=200 0.392s url=https://www.myfonts.com/collections/daily-quick-font-timelesstype-studio/
[2026-06-26T09:52:32Z] #554 attempt=1/2 status=200 0.288s url=https://www.myfonts.com/products/lt-rogile-complete-family-package-1165961
[2026-06-26T09:52:33Z] #555 attempt=1/2 status=429 0.031s url=https://www.myfonts.com/collections/lt-rogile-font-sigit-nurcholis/
[2026-06-26T09:52:35Z] #556 attempt=2/2 status=200 0.643s url=https://www.myfonts.com/collections/lt-rogile-font-sigit-nurcholis/
[2026-06-26T09:52:36Z] #557 attempt=1/2 status=200 0.772s url=https://www.myfonts.com/products/the-aveloria-twice-complete-family-package-1165827
[2026-06-26T09:52:38Z] #558 attempt=1/2 status=200 0.873s url=https://www.myfonts.com/collections/the-aveloria-twice-font-slex-studio/
[2026-06-26T09:52:38Z] #559 attempt=1/2 status=200 0.427s url=https://www.myfonts.com/products/verandah-reverie-complete-family-package-1161741
[2026-06-26T09:52:39Z] #560 attempt=1/2 status=200 0.383s url=https://www.myfonts.com/collections/verandah-reverie-font-mans-greback/
[2026-06-26T09:52:40Z] #561 attempt=1/2 status=200 0.503s url=https://www.myfonts.com/products/corva-complete-family-package-1164645
[2026-06-26T09:52:41Z] #562 attempt=1/2 status=200 0.661s url=https://www.myfonts.com/collections/corva-font-rezastudio/
[2026-06-26T09:52:41Z] #563 attempt=1/2 status=200 0.335s url=https://www.myfonts.com/products/find-me-there-complete-family-package-1161736
[2026-06-26T09:52:42Z] #564 attempt=1/2 status=200 0.419s url=https://www.myfonts.com/collections/find-me-there-font-mans-greback/
[2026-06-26T09:52:43Z] #565 attempt=1/2 status=200 0.312s url=https://www.myfonts.com/products/karlsborg-complete-family-package-1161761
[2026-06-26T09:52:43Z] #566 attempt=1/2 status=429 0.064s url=https://www.myfonts.com/collections/karlsborg-font-mans-greback/
[2026-06-26T09:52:46Z] #567 attempt=2/2 status=200 0.462s url=https://www.myfonts.com/collections/karlsborg-font-mans-greback/
[2026-06-26T09:52:46Z] #568 attempt=1/2 status=200 0.539s url=https://www.myfonts.com/products/castelle-complete-family-package-1164057
[2026-06-26T09:52:47Z] #569 attempt=1/2 status=200 0.688s url=https://www.myfonts.com/collections/castelle-font-slex-studio/
[2026-06-26T09:52:48Z] #570 attempt=1/2 status=200 0.338s url=https://www.myfonts.com/products/chapter-twelve-complete-family-package-1161756
[2026-06-26T09:52:49Z] #571 attempt=1/2 status=200 0.458s url=https://www.myfonts.com/collections/chapter-twelve-font-mans-greback/
[2026-06-26T09:52:49Z] #572 attempt=1/2 status=200 0.403s url=https://www.myfonts.com/products/sealine-complete-family-package-1165896
[2026-06-26T09:52:50Z] #573 attempt=1/2 status=429 0.058s url=https://www.myfonts.com/collections/sealine-font-din-studio/
[2026-06-26T09:52:52Z] #574 attempt=2/2 status=200 0.538s url=https://www.myfonts.com/collections/sealine-font-din-studio/
[2026-06-26T09:52:53Z] #575 attempt=1/2 status=200 0.315s url=https://www.myfonts.com/products/most-pixels-complete-family-package-1165887
[2026-06-26T09:52:54Z] #576 attempt=1/2 status=200 0.355s url=https://www.myfonts.com/collections/most-pixels-font-timelesstype-studio/
[2026-06-26T09:52:55Z] #577 attempt=1/2 status=200 0.925s url=https://www.myfonts.com/products/tachos-complete-family-package-1161915
[2026-06-26T09:52:56Z] #578 attempt=1/2 status=200 1.181s url=https://www.myfonts.com/collections/tachos-font-alpercakici/
[2026-06-26T09:52:57Z] #579 attempt=1/2 status=200 0.469s url=https://www.myfonts.com/products/qelvora-complete-family-package-1165594
[2026-06-26T09:52:58Z] #580 attempt=1/2 status=200 0.152s url=https://www.myfonts.com/collections/qelvora-font-groenstudio/
[2026-06-26T09:52:58Z] #581 attempt=1/2 status=200 0.305s url=https://www.myfonts.com/products/cekona-complete-family-package-1163920
[2026-06-26T09:52:59Z] #582 attempt=1/2 status=200 0.432s url=https://www.myfonts.com/collections/cekona-font-font-liner/
[2026-06-26T09:52:59Z] #583 attempt=1/2 status=429 0.057s url=https://www.myfonts.com/products/westbrook-tag-complete-family-package-1161731
[2026-06-26T09:53:02Z] #584 attempt=2/2 status=200 0.383s url=https://www.myfonts.com/products/westbrook-tag-complete-family-package-1161731
[2026-06-26T09:53:02Z] #585 attempt=1/2 status=200 0.451s url=https://www.myfonts.com/collections/westbrook-tag-font-mans-greback/
[2026-06-26T09:53:03Z] #586 attempt=1/2 status=200 0.417s url=https://www.myfonts.com/products/anoretha-sweet-italic-complete-family-package-1163760
[2026-06-26T09:53:04Z] #587 attempt=1/2 status=200 0.442s url=https://www.myfonts.com/collections/anoretha-sweet-italic-font-yoga-letter/
[2026-06-26T09:53:04Z] #588 attempt=1/2 status=200 0.368s url=https://www.myfonts.com/products/galery-handwriting-complete-family-package-1164670
[2026-06-26T09:53:05Z] #589 attempt=1/2 status=200 0.470s url=https://www.myfonts.com/collections/galery-handwriting-font-cocodesign/
[2026-06-26T09:53:05Z] #590 attempt=1/2 status=429 0.039s url=https://www.myfonts.com/products/erhofa-complete-family-package-1163778
[2026-06-26T09:53:08Z] #591 attempt=2/2 status=200 0.363s url=https://www.myfonts.com/products/erhofa-complete-family-package-1163778
[2026-06-26T09:53:09Z] #592 attempt=1/2 status=200 0.367s url=https://www.myfonts.com/collections/erhofa-font-font-liner/
[2026-06-26T09:53:09Z] #593 attempt=1/2 status=200 0.321s url=https://www.myfonts.com/products/lisaline-complete-family-package-1165558
[2026-06-26T09:53:10Z] #594 attempt=1/2 status=200 0.392s url=https://www.myfonts.com/collections/lisaline-font-artisan-themes/
[2026-06-26T09:53:10Z] #595 attempt=1/2 status=200 0.308s url=https://www.myfonts.com/products/sate-brush-complete-family-package-1163811
[2026-06-26T09:53:11Z] #596 attempt=1/2 status=200 0.373s url=https://www.myfonts.com/collections/sate-brush-font-letterytz/
[2026-06-26T09:53:11Z] #597 attempt=1/2 status=429 0.040s url=https://www.myfonts.com/products/podjog-complete-family-package-1162158
[2026-06-26T09:53:14Z] #598 attempt=2/2 status=200 0.444s url=https://www.myfonts.com/products/podjog-complete-family-package-1162158
[2026-06-26T09:53:15Z] #599 attempt=1/2 status=200 0.566s url=https://www.myfonts.com/collections/podjog-font-casloop-studio/
[2026-06-26T09:53:15Z] #600 attempt=1/2 status=200 0.307s url=https://www.myfonts.com/products/refika-mughy-complete-family-package-1165892
[2026-06-26T09:53:16Z] #601 attempt=1/2 status=200 0.372s url=https://www.myfonts.com/collections/refika-mughy-font-timelesstype-studio/
[2026-06-26T09:53:17Z] #602 attempt=1/2 status=200 0.308s url=https://www.myfonts.com/products/mythgrove-complete-family-package-1163768
[2026-06-26T09:53:17Z] #603 attempt=1/2 status=200 0.431s url=https://www.myfonts.com/collections/mythgrove-font-letterhend/
[2026-06-26T09:53:18Z] #604 attempt=1/2 status=200 0.344s url=https://www.myfonts.com/products/bamseok-complete-family-package-1165318
[2026-06-26T09:53:18Z] #605 attempt=1/2 status=429 0.043s url=https://www.myfonts.com/collections/bamseok-font-typeclassheroes/
[2026-06-26T09:53:21Z] #606 attempt=2/2 status=200 0.408s url=https://www.myfonts.com/collections/bamseok-font-typeclassheroes/
[2026-06-26T09:53:22Z] #607 attempt=1/2 status=200 0.606s url=https://www.myfonts.com/products/hint-complete-family-package-1164813
[2026-06-26T09:53:23Z] #608 attempt=1/2 status=200 0.866s url=https://www.myfonts.com/collections/hint-font-paratype/
[2026-06-26T09:53:23Z] #609 attempt=1/2 status=200 0.346s url=https://www.myfonts.com/products/tashiko-suns-complete-family-package-1161771
[2026-06-26T09:53:24Z] #610 attempt=1/2 status=200 0.421s url=https://www.myfonts.com/collections/tashiko-suns-font-mans-greback/
[2026-06-26T09:53:25Z] #611 attempt=1/2 status=200 0.365s url=https://www.myfonts.com/products/bast-variable-complete-family-package-1161600
[2026-06-26T09:53:25Z] #612 attempt=1/2 status=200 0.359s url=https://www.myfonts.com/collections/bast-variable-font-octotypo/
[2026-06-26T09:53:26Z] #613 attempt=1/2 status=200 0.338s url=https://www.myfonts.com/products/native-baseball-complete-family-package-1163743
[2026-06-26T09:53:26Z] #614 attempt=1/2 status=429 0.063s url=https://www.myfonts.com/collections/native-baseball-font-the-native-saint-club/
[2026-06-26T09:53:29Z] #615 attempt=2/2 status=200 0.527s url=https://www.myfonts.com/collections/native-baseball-font-the-native-saint-club/
[2026-06-26T09:53:30Z] #616 attempt=1/2 status=200 0.332s url=https://www.myfonts.com/products/noras-blooming-complete-family-package-1164710
[2026-06-26T09:53:30Z] #617 attempt=1/2 status=200 0.384s url=https://www.myfonts.com/collections/noras-blooming-font-slex-studio/
[2026-06-26T09:53:31Z] #618 attempt=1/2 status=200 0.300s url=https://www.myfonts.com/products/bechon-spurs-complete-family-package-1165552
[2026-06-26T09:53:31Z] #619 attempt=1/2 status=200 0.475s url=https://www.myfonts.com/collections/bechon-spurs-font-timelesstype-studio/
[2026-06-26T09:53:32Z] #620 attempt=1/2 status=200 0.421s url=https://www.myfonts.com/products/player-one-complete-family-package-1166784
[2026-06-26T09:53:32Z] #621 attempt=1/2 status=429 0.044s url=https://www.myfonts.com/collections/player-one-font-alpercakici/
[2026-06-26T09:53:35Z] #622 attempt=2/2 status=200 0.629s url=https://www.myfonts.com/collections/player-one-font-alpercakici/
[2026-06-26T09:53:36Z] #623 attempt=1/2 status=200 0.358s url=https://www.myfonts.com/products/noa-voren-complete-family-package-1165584
[2026-06-26T09:53:37Z] #624 attempt=1/2 status=200 0.464s url=https://www.myfonts.com/collections/noa-voren-font-vermilione/
[2026-06-26T09:53:37Z] #625 attempt=1/2 status=200 0.476s url=https://www.myfonts.com/products/goudy-modern-now-complete-family-package-1163665
[2026-06-26T09:53:38Z] #626 attempt=1/2 status=200 0.566s url=https://www.myfonts.com/collections/goudy-modern-now-font-monotype-imaging/
[2026-06-26T09:53:39Z] #627 attempt=1/2 status=200 0.330s url=https://www.myfonts.com/products/ohseong-complete-family-package-1163772
[2026-06-26T09:53:39Z] #628 attempt=1/2 status=200 0.399s url=https://www.myfonts.com/collections/ohseong-font-typeclassheroes/
[2026-06-26T09:53:41Z] #629 attempt=1/2 status=200 0.862s url=https://www.myfonts.com/products/tatype-neue-complete-family-package-1164687
[2026-06-26T09:53:42Z] #630 attempt=1/2 status=200 1.200s url=https://www.myfonts.com/collections/tatype-neue-font-tural-alisoy/
[2026-06-26T09:53:43Z] #631 attempt=1/2 status=200 0.335s url=https://www.myfonts.com/products/pizza-baby-script-complete-family-package-1165609
[2026-06-26T09:53:43Z] #632 attempt=1/2 status=200 0.509s url=https://www.myfonts.com/collections/pizza-baby-script-font-letterytz/
[2026-06-26T09:53:44Z] #633 attempt=1/2 status=200 0.464s url=https://www.myfonts.com/products/dusty-express-one-complete-family-package-1164823
[2026-06-26T09:53:44Z] #634 attempt=1/2 status=429 0.052s url=https://www.myfonts.com/collections/dusty-express-one-font-shanaf/
[2026-06-26T09:53:47Z] #635 attempt=2/2 status=200 0.425s url=https://www.myfonts.com/collections/dusty-express-one-font-shanaf/
[2026-06-26T09:53:48Z] #636 attempt=1/2 status=200 0.955s url=https://www.myfonts.com/products/serapha-serif-complete-family-package-1165281
[2026-06-26T09:53:50Z] #637 attempt=1/2 status=200 1.588s url=https://www.myfonts.com/collections/serapha-serif-font-slex-studio/
[2026-06-26T09:53:51Z] #638 attempt=1/2 status=200 0.342s url=https://www.myfonts.com/products/tiasa-hurung-complete-family-package-1163924
[2026-06-26T09:53:52Z] #639 attempt=1/2 status=200 0.349s url=https://www.myfonts.com/collections/tiasa-hurung-font-rashdrawn/
[2026-06-26T09:53:52Z] #640 attempt=1/2 status=200 0.592s url=https://www.myfonts.com/products/bastiani-modern-complete-family-package-1164738
[2026-06-26T09:53:53Z] #641 attempt=1/2 status=200 0.733s url=https://www.myfonts.com/collections/bastiani-modern-font-slex-studio/
[2026-06-26T09:53:54Z] #642 attempt=1/2 status=200 0.396s url=https://www.myfonts.com/products/vivida-complete-family-package-1162185
[2026-06-26T09:53:55Z] #643 attempt=1/2 status=200 0.488s url=https://www.myfonts.com/collections/vivida-font-alpercakici/
[2026-06-26T09:53:55Z] #644 attempt=1/2 status=200 0.332s url=https://www.myfonts.com/products/summer-meylina-monogram-complete-family-package-1165553
[2026-06-26T09:53:56Z] #645 attempt=1/2 status=200 0.385s url=https://www.myfonts.com/collections/summer-meylina-monogram-font-yoga-letter/
[2026-06-26T09:53:57Z] #646 attempt=1/2 status=200 0.341s url=https://www.myfonts.com/products/crafte-complete-family-package-1163781
[2026-06-26T09:53:58Z] #647 attempt=1/2 status=200 0.533s url=https://www.myfonts.com/collections/crafte-font-mbonster/
[2026-06-26T09:53:58Z] #648 attempt=1/2 status=200 0.325s url=https://www.myfonts.com/products/stoma-script-complete-family-package-1165564
[2026-06-26T09:53:58Z] #649 attempt=1/2 status=429 0.044s url=https://www.myfonts.com/collections/stoma-script-font-letterytz/
[2026-06-26T09:54:01Z] #650 attempt=2/2 status=200 0.439s url=https://www.myfonts.com/collections/stoma-script-font-letterytz/
[2026-06-26T09:54:02Z] #651 attempt=1/2 status=200 0.401s url=https://www.myfonts.com/products/saluki-juice-complete-family-package-1161766
[2026-06-26T09:54:02Z] #652 attempt=1/2 status=200 0.404s url=https://www.myfonts.com/collections/saluki-juice-font-mans-greback/
[2026-06-26T09:54:03Z] #653 attempt=1/2 status=200 0.355s url=https://www.myfonts.com/products/gc-godthem-complete-family-package-1165944
[2026-06-26T09:54:04Z] #654 attempt=1/2 status=200 0.409s url=https://www.myfonts.com/collections/gc-godthem-font-onyx-studio/
[2026-06-26T09:54:04Z] #655 attempt=1/2 status=200 0.351s url=https://www.myfonts.com/products/softer-complete-family-package-1165577
[2026-06-26T09:54:04Z] #656 attempt=1/2 status=429 0.042s url=https://www.myfonts.com/collections/softer-font-sensatype-studio/
[2026-06-26T09:54:07Z] #657 attempt=2/2 status=200 0.515s url=https://www.myfonts.com/collections/softer-font-sensatype-studio/
[2026-06-26T09:54:08Z] #658 attempt=1/2 status=200 0.368s url=https://www.myfonts.com/products/regular-bartesy-sign-1162169
[2026-06-26T09:54:08Z] #659 attempt=1/2 status=200 0.348s url=https://www.myfonts.com/collections/bartesy-sign-font-bale-type/
[2026-06-26T09:54:09Z] #660 attempt=1/2 status=200 0.318s url=https://www.myfonts.com/products/regular-the-aremia-1165622
[2026-06-26T09:54:10Z] #661 attempt=1/2 status=200 0.268s url=https://www.myfonts.com/collections/the-aremia-font-canden-meutuah/
[2026-06-26T09:54:10Z] #662 attempt=1/2 status=200 0.292s url=https://www.myfonts.com/products/regular-hawgly-1165621
[2026-06-26T09:54:10Z] #663 attempt=1/2 status=429 0.044s url=https://www.myfonts.com/collections/hawgly-font-hasnat-studio/
[2026-06-26T09:54:13Z] #664 attempt=2/2 status=200 0.387s url=https://www.myfonts.com/collections/hawgly-font-hasnat-studio/
[2026-06-26T09:54:14Z] #665 attempt=1/2 status=200 0.309s url=https://www.myfonts.com/products/regular-magic-jasmine-1165567
[2026-06-26T09:54:14Z] #666 attempt=1/2 status=200 0.269s url=https://www.myfonts.com/collections/magic-jasmine-font-timurtype/
[2026-06-26T09:54:15Z] #667 attempt=1/2 status=200 0.270s url=https://www.myfonts.com/products/regular-brasskent-1163784
[2026-06-26T09:54:15Z] #668 attempt=1/2 status=200 0.261s url=https://www.myfonts.com/collections/brasskent-font-maenjari-std/
[2026-06-26T09:54:15Z] #669 attempt=1/2 status=429 0.035s url=https://www.myfonts.com/products/regular-urban-goath-1165581
[2026-06-26T09:54:18Z] #670 attempt=2/2 status=200 0.373s url=https://www.myfonts.com/products/regular-urban-goath-1165581
[2026-06-26T09:54:18Z] #671 attempt=1/2 status=200 0.307s url=https://www.myfonts.com/collections/urban-goath-font-rahagita-type/
[2026-06-26T09:54:19Z] #672 attempt=1/2 status=200 0.545s url=https://www.myfonts.com/products/regular-decort-1165587
[2026-06-26T09:54:20Z] #673 attempt=1/2 status=200 0.309s url=https://www.myfonts.com/collections/decort-font-pekotype/
[2026-06-26T09:54:21Z] #674 attempt=1/2 status=200 0.440s url=https://www.myfonts.com/products/black-washington-neo-1165626
[2026-06-26T09:54:21Z] #675 attempt=1/2 status=429 0.049s url=https://www.myfonts.com/collections/washington-neo-font-type-associates/
[2026-06-26T09:54:24Z] #676 attempt=2/2 status=200 0.829s url=https://www.myfonts.com/collections/washington-neo-font-type-associates/
[2026-06-26T09:54:24Z] #677 attempt=1/2 status=200 0.334s url=https://www.myfonts.com/products/regular-noglia-1165548
[2026-06-26T09:54:25Z] #678 attempt=1/2 status=200 0.387s url=https://www.myfonts.com/collections/noglia-font-pandeka-studio/
[2026-06-26T09:54:26Z] #679 attempt=1/2 status=200 0.297s url=https://www.myfonts.com/products/regular-something-you-1166383
[2026-06-26T09:54:26Z] #680 attempt=1/2 status=200 0.292s url=https://www.myfonts.com/collections/something-you-font-bonjourtype/
[2026-06-26T09:54:27Z] #681 attempt=1/2 status=200 0.314s url=https://www.myfonts.com/products/regular-dokuar-1165418
[2026-06-26T09:54:27Z] #682 attempt=1/2 status=200 0.295s url=https://www.myfonts.com/collections/dokuar-font-hasnat-studio/
[2026-06-26T09:54:28Z] #683 attempt=1/6 status=429 0.054s url=https://www.myfonts.com/products.json?limit=100&page=22
[2026-06-26T09:54:31Z] #684 attempt=2/6 status=200 0.871s url=https://www.myfonts.com/products.json?limit=100&page=22
[2026-06-26T09:54:32Z] #685 attempt=1/2 status=200 0.337s url=https://www.myfonts.com/products/regular-belmotha-majoris-1165580
[2026-06-26T09:54:32Z] #686 attempt=1/2 status=200 0.385s url=https://www.myfonts.com/collections/belmotha-majoris-font-denustudio/
[2026-06-26T09:54:33Z] #687 attempt=1/2 status=200 0.323s url=https://www.myfonts.com/products/regular-silkgrove-1165576
[2026-06-26T09:54:33Z] #688 attempt=1/2 status=200 0.253s url=https://www.myfonts.com/collections/silkgrove-font-letterhanna-studio/
[2026-06-26T09:54:34Z] #689 attempt=1/2 status=200 0.267s url=https://www.myfonts.com/products/regular-calostre-1165549
[2026-06-26T09:54:35Z] #690 attempt=1/2 status=200 0.314s url=https://www.myfonts.com/collections/calostre-font-flawlessandco/
[2026-06-26T09:54:35Z] #691 attempt=1/2 status=429 0.035s url=https://www.myfonts.com/products/regular-movgip-1166035
[2026-06-26T09:54:37Z] #692 attempt=2/2 status=200 0.384s url=https://www.myfonts.com/products/regular-movgip-1166035
[2026-06-26T09:54:38Z] #693 attempt=1/2 status=200 0.241s url=https://www.myfonts.com/collections/movgip-font-hasnat-studio/
[2026-06-26T09:54:38Z] #694 attempt=1/2 status=200 0.255s url=https://www.myfonts.com/products/regular-paldeum-1166034
[2026-06-26T09:54:39Z] #695 attempt=1/2 status=200 0.275s url=https://www.myfonts.com/collections/paldeum-font-hasnat-studio/
[2026-06-26T09:54:40Z] #696 attempt=1/2 status=200 0.312s url=https://www.myfonts.com/products/regular-nigera-1162168
[2026-06-26T09:54:40Z] #697 attempt=1/2 status=429 0.052s url=https://www.myfonts.com/collections/nigera-font-sensatype-studio/
[2026-06-26T09:54:42Z] #698 attempt=2/2 status=200 0.407s url=https://www.myfonts.com/collections/nigera-font-sensatype-studio/
[2026-06-26T09:54:43Z] #699 attempt=1/2 status=200 0.385s url=https://www.myfonts.com/products/serif-lopman-1166017
[2026-06-26T09:54:44Z] #700 attempt=1/2 status=200 0.299s url=https://www.myfonts.com/collections/lopman-font-nineteenworks/
[2026-06-26T09:54:44Z] #701 attempt=1/2 status=200 0.281s url=https://www.myfonts.com/products/regular-funked-1163776
[2026-06-26T09:54:45Z] #702 attempt=1/2 status=200 0.254s url=https://www.myfonts.com/collections/funked-font-gassstype/
[2026-06-26T09:54:45Z] #703 attempt=1/2 status=429 0.050s url=https://www.myfonts.com/products/regular-vihaura-1165984
[2026-06-26T09:54:48Z] #704 attempt=2/2 status=200 0.402s url=https://www.myfonts.com/products/regular-vihaura-1165984
[2026-06-26T09:54:48Z] #705 attempt=1/2 status=200 0.285s url=https://www.myfonts.com/collections/vihaura-font-krafted/
[2026-06-26T09:54:49Z] #706 attempt=1/2 status=200 0.275s url=https://www.myfonts.com/products/regular-moon-spark-1166027
[2026-06-26T09:54:49Z] #707 attempt=1/2 status=200 0.358s url=https://www.myfonts.com/collections/moon-spark-font-olivetype/
[2026-06-26T09:54:50Z] #708 attempt=1/2 status=200 0.307s url=https://www.myfonts.com/products/regular-bebop-rodeo-1166025
[2026-06-26T09:54:50Z] #709 attempt=1/2 status=429 0.063s url=https://www.myfonts.com/collections/bebop-rodeo-font-tini-fitriani/
[2026-06-26T09:54:53Z] #710 attempt=2/2 status=200 0.325s url=https://www.myfonts.com/collections/bebop-rodeo-font-tini-fitriani/
[2026-06-26T09:54:53Z] #711 attempt=1/2 status=200 0.300s url=https://www.myfonts.com/products/regular-stifa-1163777
[2026-06-26T09:54:54Z] #712 attempt=1/2 status=200 0.304s url=https://www.myfonts.com/collections/stifa-font-khoir/
[2026-06-26T09:54:54Z] #713 attempt=1/2 status=200 0.290s url=https://www.myfonts.com/products/regular-canvas-experience-1166384
[2026-06-26T09:54:55Z] #714 attempt=1/2 status=200 0.259s url=https://www.myfonts.com/collections/canvas-experience-font-bonjourtype/
[2026-06-26T09:54:55Z] #715 attempt=1/2 status=429 0.047s url=https://www.myfonts.com/products/regular-sibkaff-1165976
[2026-06-26T09:54:58Z] #716 attempt=2/2 status=200 0.334s url=https://www.myfonts.com/products/regular-sibkaff-1165976
[2026-06-26T09:54:58Z] #717 attempt=1/2 status=200 0.262s url=https://www.myfonts.com/collections/sibkaff-font-hasnat-studio/
[2026-06-26T09:54:59Z] #718 attempt=1/2 status=200 0.283s url=https://www.myfonts.com/products/regular-quinn-1165891
[2026-06-26T09:54:59Z] #719 attempt=1/2 status=200 0.135s url=https://www.myfonts.com/collections/quinn-font-eryn-rose-design/
[2026-06-26T09:55:01Z] #720 attempt=1/6 status=200 0.949s url=https://www.myfonts.com/products.json?limit=100&page=23
[2026-06-26T09:55:01Z] #721 attempt=1/2 status=200 0.272s url=https://www.myfonts.com/products/regular-clyker-1163771
[2026-06-26T09:55:01Z] #722 attempt=1/2 status=429 0.044s url=https://www.myfonts.com/collections/clyker-font-sensatype-studio/
[2026-06-26T09:55:04Z] #723 attempt=2/2 status=200 0.432s url=https://www.myfonts.com/collections/clyker-font-sensatype-studio/
[2026-06-26T09:55:04Z] #724 attempt=1/2 status=200 0.274s url=https://www.myfonts.com/products/regular-natiques-1166391
[2026-06-26T09:55:05Z] #725 attempt=1/2 status=200 0.291s url=https://www.myfonts.com/collections/natiques-font-sealoung/
[2026-06-26T09:55:06Z] #726 attempt=1/2 status=200 0.327s url=https://www.myfonts.com/products/regular-castlewick-1165619
[2026-06-26T09:55:06Z] #727 attempt=1/2 status=200 0.244s url=https://www.myfonts.com/collections/castlewick-font-spencer-and-sons-co/
[2026-06-26T09:55:06Z] #728 attempt=1/2 status=429 0.034s url=https://www.myfonts.com/products/regular-warlod-1165876
[2026-06-26T09:55:09Z] #729 attempt=2/2 status=200 0.405s url=https://www.myfonts.com/products/regular-warlod-1165876
[2026-06-26T09:55:09Z] #730 attempt=1/2 status=200 0.309s url=https://www.myfonts.com/collections/warlod-font-sensatype-studio/
[2026-06-26T09:55:10Z] #731 attempt=1/2 status=200 0.301s url=https://www.myfonts.com/products/regular-lureva-1161606
[2026-06-26T09:55:11Z] #732 attempt=1/2 status=200 0.302s url=https://www.myfonts.com/collections/lureva-font-divora-type/
[2026-06-26T09:55:11Z] #733 attempt=1/2 status=200 0.278s url=https://www.myfonts.com/products/regular-brickscrawl-1163809
[2026-06-26T09:55:11Z] #734 attempt=1/2 status=429 0.046s url=https://www.myfonts.com/collections/brickscrawl-font-letterhanna-studio/
[2026-06-26T09:55:14Z] #735 attempt=2/2 status=200 0.349s url=https://www.myfonts.com/collections/brickscrawl-font-letterhanna-studio/
[2026-06-26T09:55:15Z] #736 attempt=1/2 status=200 0.291s url=https://www.myfonts.com/products/italic-peoneez-signature-1165575
[2026-06-26T09:55:15Z] #737 attempt=1/2 status=200 0.271s url=https://www.myfonts.com/collections/peoneez-signature-font-nineteenworks/
[2026-06-26T09:55:16Z] #738 attempt=1/2 status=200 0.260s url=https://www.myfonts.com/products/regular-macebo-1163923
[2026-06-26T09:55:16Z] #739 attempt=1/2 status=200 0.305s url=https://www.myfonts.com/collections/macebo-font-bentype/
[2026-06-26T09:55:16Z] #740 attempt=1/2 status=429 0.038s url=https://www.myfonts.com/products/regular-drip-haus-1165550
[2026-06-26T09:55:19Z] #741 attempt=2/2 status=200 0.341s url=https://www.myfonts.com/products/regular-drip-haus-1165550
[2026-06-26T09:55:19Z] #742 attempt=1/2 status=200 0.263s url=https://www.myfonts.com/collections/drip-haus-font-heinzel-std/
[2026-06-26T09:55:20Z] #743 attempt=1/2 status=200 0.304s url=https://www.myfonts.com/products/regular-prettishly-1165620
[2026-06-26T09:55:20Z] #744 attempt=1/2 status=200 0.256s url=https://www.myfonts.com/collections/prettishly-font-hasnat-studio/
[2026-06-26T09:55:21Z] #745 attempt=1/2 status=200 0.307s url=https://www.myfonts.com/products/regular-liquid-unflow-1166016
[2026-06-26T09:55:21Z] #746 attempt=1/2 status=429 0.044s url=https://www.myfonts.com/collections/liquid-unflow-font-tini-fitriani/
[2026-06-26T09:55:24Z] #747 attempt=2/2 status=200 0.348s url=https://www.myfonts.com/collections/liquid-unflow-font-tini-fitriani/
[2026-06-26T09:55:25Z] #748 attempt=1/6 status=200 0.969s url=https://www.myfonts.com/products.json?limit=100&page=24
[2026-06-26T09:55:26Z] #749 attempt=1/2 status=200 0.281s url=https://www.myfonts.com/products/regular-bloby-crash-1165419
[2026-06-26T09:55:26Z] #750 attempt=1/2 status=200 0.256s url=https://www.myfonts.com/collections/bloby-crash-font-zeenesia-studio/
[2026-06-26T09:55:27Z] #751 attempt=1/2 status=200 0.279s url=https://www.myfonts.com/products/regular-helonea-1166015
[2026-06-26T09:55:27Z] #752 attempt=1/2 status=200 0.297s url=https://www.myfonts.com/collections/helonea-font-rvandtype/
[2026-06-26T09:55:28Z] #753 attempt=1/2 status=200 0.462s url=https://www.myfonts.com/products/black-slant-403-astona-1166012
[2026-06-26T09:55:28Z] #754 attempt=1/2 status=429 0.050s url=https://www.myfonts.com/collections/403-astona-font-403tf/
[2026-06-26T09:55:32Z] #755 attempt=2/2 status=200 0.892s url=https://www.myfonts.com/collections/403-astona-font-403tf/
[2026-06-26T09:55:32Z] #756 attempt=1/2 status=200 0.300s url=https://www.myfonts.com/products/bold-condensed-ramosha-1166026
[2026-06-26T09:55:33Z] #757 attempt=1/2 status=200 0.322s url=https://www.myfonts.com/collections/ramosha-font-heinzel-std/
[2026-06-26T09:55:34Z] #758 attempt=1/2 status=200 0.656s url=https://www.myfonts.com/products/thin-nurell-1166351
[2026-06-26T09:55:36Z] #759 attempt=1/2 status=200 1.686s url=https://www.myfonts.com/collections/nurell-font-jorsetype/
[2026-06-26T09:55:36Z] #760 attempt=1/2 status=200 0.292s url=https://www.myfonts.com/products/regular-agery-1165872
[2026-06-26T09:55:37Z] #761 attempt=1/2 status=200 0.285s url=https://www.myfonts.com/collections/agery-font-chekart/
[2026-06-26T09:55:37Z] #762 attempt=1/2 status=200 0.317s url=https://www.myfonts.com/products/regular-tropical-maokai-1164847
[2026-06-26T09:55:38Z] #763 attempt=1/2 status=200 0.263s url=https://www.myfonts.com/collections/tropical-maokai-font-pekotype/
[2026-06-26T09:55:39Z] #764 attempt=1/2 status=200 0.283s url=https://www.myfonts.com/products/regular-flows-brush-1162157
[2026-06-26T09:55:39Z] #765 attempt=1/2 status=200 0.318s url=https://www.myfonts.com/collections/flows-brush-font-ferry-ardana-putra/
[2026-06-26T09:55:39Z] #766 attempt=1/2 status=429 0.033s url=https://www.myfonts.com/products/italic-harfiola-1166021
[2026-06-26T09:55:42Z] #767 attempt=2/2 status=200 0.594s url=https://www.myfonts.com/products/italic-harfiola-1166021
[2026-06-26T09:55:42Z] #768 attempt=1/2 status=200 0.148s url=https://www.myfonts.com/collections/harfiola-font-tini-fitriani/
[2026-06-26T09:55:43Z] #769 attempt=1/2 status=200 0.356s url=https://www.myfonts.com/products/italic-hangtuah-1166024
[2026-06-26T09:55:44Z] #770 attempt=1/2 status=200 0.396s url=https://www.myfonts.com/collections/hangtuah-font-tini-fitriani/
[2026-06-26T09:55:44Z] #771 attempt=1/2 status=200 0.324s url=https://www.myfonts.com/products/regular-trash-rush-1166014
[2026-06-26T09:55:45Z] #772 attempt=1/2 status=200 0.279s url=https://www.myfonts.com/collections/trash-rush-font-rvandtype/
[2026-06-26T09:55:45Z] #773 attempt=1/2 status=429 0.041s url=https://www.myfonts.com/products/regular-nafigator-black-1165593
[2026-06-26T09:55:48Z] #774 attempt=2/2 status=200 0.322s url=https://www.myfonts.com/products/regular-nafigator-black-1165593
[2026-06-26T09:55:48Z] #775 attempt=1/2 status=200 0.295s url=https://www.myfonts.com/collections/nafigator-black-font-gatype/
[2026-06-26T09:55:49Z] #776 attempt=1/2 status=200 0.309s url=https://www.myfonts.com/products/italic-funny-tomato-1166387
[2026-06-26T09:55:49Z] #777 attempt=1/2 status=200 0.400s url=https://www.myfonts.com/collections/funny-tomato-font-tini-fitriani/
[2026-06-26T09:55:50Z] #778 attempt=1/2 status=200 0.330s url=https://www.myfonts.com/products/regular-westford-modern-1165592
[2026-06-26T09:55:50Z] #779 attempt=1/2 status=429 0.040s url=https://www.myfonts.com/collections/westford-modern-font-illushvara/
[2026-06-26T09:55:53Z] #780 attempt=2/2 status=200 0.381s url=https://www.myfonts.com/collections/westford-modern-font-illushvara/
[2026-06-26T09:55:53Z] #781 attempt=1/2 status=200 0.283s url=https://www.myfonts.com/products/bavnoir-regular-bavnoir-1165589
[2026-06-26T09:55:54Z] #782 attempt=1/2 status=200 0.331s url=https://www.myfonts.com/collections/bavnoir-font-maikohatta/
[2026-06-26T09:55:55Z] #783 attempt=1/2 status=200 0.334s url=https://www.myfonts.com/products/puffyjacket-regular-puffyjacket-1165895
[2026-06-26T09:55:55Z] #784 attempt=1/2 status=200 0.289s url=https://www.myfonts.com/collections/puffyjacket-font-eryn-rose-design/
[2026-06-26T09:55:55Z] #785 attempt=1/2 status=429 0.031s url=https://www.myfonts.com/products/gabook-regular-mc-gabook-1165890
[2026-06-26T09:55:58Z] #786 attempt=2/2 status=200 0.482s url=https://www.myfonts.com/products/gabook-regular-mc-gabook-1165890
[2026-06-26T09:55:59Z] #787 attempt=1/2 status=200 0.413s url=https://www.myfonts.com/collections/mc-gabook-font-maulana-creative/
[2026-06-26T09:55:59Z] #788 attempt=1/2 status=200 0.434s url=https://www.myfonts.com/products/regular-beauty-esencity-1165551
[2026-06-26T09:56:00Z] #789 attempt=1/2 status=200 0.327s url=https://www.myfonts.com/collections/beauty-esencity-font-bonjourtype/
[2026-06-26T09:56:01Z] #790 attempt=1/2 status=200 0.411s url=https://www.myfonts.com/products/regular-nestafin-1165538
[2026-06-26T09:56:01Z] #791 attempt=1/2 status=200 0.344s url=https://www.myfonts.com/collections/nestafin-font-realtype/
[2026-06-26T09:56:03Z] #792 attempt=1/6 status=200 0.944s url=https://www.myfonts.com/products.json?limit=100&page=25
[2026-06-26T09:56:03Z] #793 attempt=1/2 status=200 0.305s url=https://www.myfonts.com/products/regular-refona-1165481
[2026-06-26T09:56:04Z] #794 attempt=1/2 status=429 0.048s url=https://www.myfonts.com/collections/refona-font-flawlessandco/
[2026-06-26T09:56:06Z] #795 attempt=2/2 status=200 0.385s url=https://www.myfonts.com/collections/refona-font-flawlessandco/
[2026-06-26T09:56:07Z] #796 attempt=1/2 status=200 0.309s url=https://www.myfonts.com/products/regular-sailma-1165977
[2026-06-26T09:56:07Z] #797 attempt=1/2 status=200 0.222s url=https://www.myfonts.com/collections/sailma-font-basnistudio/
[2026-06-26T09:56:08Z] #798 attempt=1/2 status=200 0.285s url=https://www.myfonts.com/products/regular-swiftbloom-1165591
[2026-06-26T09:56:08Z] #799 attempt=1/2 status=200 0.259s url=https://www.myfonts.com/collections/swiftbloom-font-letterhanna-studio/
[2026-06-26T09:56:08Z] #800 attempt=1/2 status=429 0.039s url=https://www.myfonts.com/products/bold-racing-drift-car-1163810
[2026-06-26T09:56:11Z] #801 attempt=2/2 status=200 0.327s url=https://www.myfonts.com/products/bold-racing-drift-car-1163810
[2026-06-26T09:56:12Z] #802 attempt=1/2 status=200 0.292s url=https://www.myfonts.com/collections/racing-drift-car-font-beast-designer/
[2026-06-26T09:56:12Z] #803 attempt=1/2 status=200 0.341s url=https://www.myfonts.com/products/regular-argobel-1165590
[2026-06-26T09:56:13Z] #804 attempt=1/2 status=200 0.318s url=https://www.myfonts.com/collections/argobel-font-maenjari-std/
[2026-06-26T09:56:13Z] #805 attempt=1/2 status=200 0.456s url=https://www.myfonts.com/products/variable-k73-hogan-grotesk-1164669
[2026-06-26T09:56:14Z] #806 attempt=1/2 status=429 0.044s url=https://www.myfonts.com/collections/k73-hogan-grotesk-font-k73-type-foundry/
[2026-06-26T09:56:17Z] #807 attempt=2/2 status=200 0.843s url=https://www.myfonts.com/collections/k73-hogan-grotesk-font-k73-type-foundry/
[2026-06-26T09:56:17Z] #808 attempt=1/2 status=200 0.294s url=https://www.myfonts.com/products/regular-bytenix-1162170
[2026-06-26T09:56:18Z] #809 attempt=1/2 status=200 0.279s url=https://www.myfonts.com/collections/bytenix-font-sensatype-studio/
[2026-06-26T09:56:18Z] #810 attempt=1/2 status=200 0.337s url=https://www.myfonts.com/products/regular-girras-1163808
[2026-06-26T09:56:19Z] #811 attempt=1/2 status=200 0.271s url=https://www.myfonts.com/collections/girras-font-gassstype/
[2026-06-26T09:56:20Z] #812 attempt=1/2 status=200 0.381s url=https://www.myfonts.com/products/italic-anore-of-moonila-1166646
[2026-06-26T09:56:20Z] #813 attempt=1/2 status=200 0.387s url=https://www.myfonts.com/collections/anore-of-moonila-font-super-dust/
[2026-06-26T09:56:21Z] #814 attempt=1/2 status=429 0.034s url=https://www.myfonts.com/products/regular-mukqhe-1166028
[2026-06-26T09:56:23Z] #815 attempt=2/2 status=200 0.442s url=https://www.myfonts.com/products/regular-mukqhe-1166028
[2026-06-26T09:56:24Z] #816 attempt=1/2 status=200 0.292s url=https://www.myfonts.com/collections/mukqhe-font-yeen-studio/
[2026-06-26T09:56:24Z] #817 attempt=1/2 status=200 0.274s url=https://www.myfonts.com/products/script-la-rose-pastry-1165457
[2026-06-26T09:56:25Z] #818 attempt=1/2 status=200 0.296s url=https://www.myfonts.com/collections/la-rose-pastry-font-eko-bimantara/
[2026-06-26T09:56:25Z] #819 attempt=1/2 status=200 0.291s url=https://www.myfonts.com/products/regular-brometalic-1166029
[2026-06-26T09:56:26Z] #820 attempt=1/2 status=429 0.044s url=https://www.myfonts.com/collections/brometalic-font-koplexs-studio/
[2026-06-26T09:56:28Z] #821 attempt=2/2 status=200 0.354s url=https://www.myfonts.com/collections/brometalic-font-koplexs-studio/
[2026-06-26T09:56:30Z] #822 attempt=1/2 status=200 1.458s url=https://www.myfonts.com/products/semi-bold-extra-expanded-mitzu-1166312
[2026-06-26T09:56:32Z] #823 attempt=1/2 status=200 2.185s url=https://www.myfonts.com/collections/mitzu-font-kaidosan/
[2026-06-26T09:56:33Z] #824 attempt=1/2 status=200 0.311s url=https://www.myfonts.com/products/regular-zfanniversary-1163775
[2026-06-26T09:56:34Z] #825 attempt=1/2 status=200 0.334s url=https://www.myfonts.com/collections/zfanniversary-font-zoofont/
[2026-06-26T09:56:34Z] #826 attempt=1/2 status=200 0.316s url=https://www.myfonts.com/products/kavaroom-regular-kavaroom-1166018
[2026-06-26T09:56:35Z] #827 attempt=1/2 status=200 0.313s url=https://www.myfonts.com/collections/kavaroom-font-flawlessandco/
[2026-06-26T09:56:35Z] #828 attempt=1/2 status=200 0.266s url=https://www.myfonts.com/products/regular-rizone-1163747
[2026-06-26T09:56:36Z] #829 attempt=1/2 status=200 0.135s url=https://www.myfonts.com/collections/rizone-font-bentype/
[2026-06-26T09:56:36Z] #830 attempt=1/2 status=200 0.390s url=https://www.myfonts.com/products/shree-tamil-6317-complete-family-package-1170446
[2026-06-26T09:56:37Z] #831 attempt=1/2 status=200 0.444s url=https://www.myfonts.com/collections/shree-tamil-6317-font-modularinfotech/
[2026-06-26T09:56:38Z] #832 attempt=1/2 status=200 0.335s url=https://www.myfonts.com/products/bravo-amori-complete-family-package-1171264
[2026-06-26T09:56:38Z] #833 attempt=1/2 status=429 0.055s url=https://www.myfonts.com/collections/bravo-amori-font-tini-fitriani/
[2026-06-26T09:56:41Z] #834 attempt=2/2 status=200 0.511s url=https://www.myfonts.com/collections/bravo-amori-font-tini-fitriani/
[2026-06-26T09:56:41Z] #835 attempt=1/2 status=200 0.340s url=https://www.myfonts.com/products/shree-tamil-0826-complete-family-package-1170346
[2026-06-26T09:56:42Z] #836 attempt=1/2 status=200 0.919s url=https://www.myfonts.com/collections/shree-tamil-0826-font-modularinfotech/
[2026-06-26T09:56:43Z] #837 attempt=1/2 status=200 0.159s url=https://www.myfonts.com/collections/shree-tamil-0826-font-modularinfotech/
[2026-06-26T09:56:43Z] #838 attempt=1/2 status=200 0.292s url=https://www.myfonts.com/products/shree-malayalam-3251-complete-family-package-1171193
[2026-06-26T09:56:44Z] #839 attempt=1/2 status=200 0.442s url=https://www.myfonts.com/collections/shree-malayalam-3251-font-modularinfotech/
[2026-06-26T09:56:45Z] #840 attempt=1/2 status=200 0.127s url=https://www.myfonts.com/collections/shree-malayalam-3251-font-modularinfotech/
[2026-06-26T09:56:45Z] #841 attempt=1/2 status=429 0.040s url=https://www.myfonts.com/products/shree-telugu-4739-complete-family-package-1170289
[2026-06-26T09:56:48Z] #842 attempt=2/2 status=200 0.475s url=https://www.myfonts.com/products/shree-telugu-4739-complete-family-package-1170289
[2026-06-26T09:56:48Z] #843 attempt=1/2 status=200 0.494s url=https://www.myfonts.com/collections/shree-telugu-4739-font-modularinfotech/
[2026-06-26T09:56:49Z] #844 attempt=1/2 status=200 0.416s url=https://www.myfonts.com/collections/shree-telugu-4739-font-modularinfotech/
[2026-06-26T09:56:50Z] #845 attempt=1/2 status=200 0.784s url=https://www.myfonts.com/products/brefid-complete-family-package-1171626
[2026-06-26T09:56:51Z] #846 attempt=1/2 status=200 1.009s url=https://www.myfonts.com/collections/brefid-font-gian-studio/
[2026-06-26T09:56:52Z] #847 attempt=1/2 status=200 0.476s url=https://www.myfonts.com/products/shree-oriya-3039-complete-family-package-1171223
[2026-06-26T09:56:53Z] #848 attempt=1/2 status=200 0.512s url=https://www.myfonts.com/collections/shree-oriya-3039-font-modularinfotech/
[2026-06-26T09:56:54Z] #849 attempt=1/2 status=200 0.482s url=https://www.myfonts.com/collections/shree-oriya-3039-font-modularinfotech/
[2026-06-26T09:56:54Z] summary releases=129 first_429=(61, 'https://www.myfonts.com/collections/magistral-font-paratype/?tab=techSpecs', 0.03852725028991699) log_file=state/myfonts_run_20260626_094401.log
[2026-06-26T09:56:54Z] === MyFonts crawl end ===
