[2026-05-07T08:45:25Z] checkpoint fresh next_page=1 path=state/myfonts_crawl_checkpoint.json
[2026-05-07T08:45:25Z] === MyFonts crawl start source=myfonts ===
[2026-05-07T08:45:25Z] config max_pages=25 page_size=100 start_date=2026-05-06 end_date=2026-05-07 api_delay=0.5s detail_delay=0.2s max_debut_checks=400 max_tech_specs_checks=200 reuse_success_profile=False always_enrich_packages=True language_script_signal_mode=strong force_fresh_run=False start_page=1 browser_mode=False browser_headless=True browser_storage_state_path=state/myfonts_storage_state.json
[2026-05-07T08:45:27Z] #1 attempt=1/6 status=200 1.231s url=https://www.myfonts.com/products.json?limit=100&page=1
[2026-05-07T08:45:28Z] #2 attempt=1/2 status=200 1.040s url=https://www.myfonts.com/products/the-mini-bundle-slab-serif-font-package-772420
[2026-05-07T08:45:29Z] #3 attempt=1/2 status=404 0.295s url=https://www.myfonts.com/collections/the-mini-bundle-slab-serif-font-font-linecreative
[2026-05-07T08:45:31Z] #4 attempt=1/2 status=200 1.821s url=https://www.myfonts.com/products/light-slant-condensed-malisan-1147780
[2026-05-07T08:45:33Z] #5 attempt=1/2 status=200 2.473s url=https://www.myfonts.com/collections/malisan-font-double-z-studio/
[2026-05-07T08:45:35Z] #6 attempt=1/2 status=200 0.263s url=https://www.myfonts.com/collections/malisan-font-double-z-studio/?tab=techSpecs
[2026-05-07T08:45:38Z] #7 attempt=1/2 status=200 1.925s url=https://www.myfonts.com/products/round-sem-bold-sem-condensed-julima-1148169
[2026-05-07T08:45:40Z] #8 attempt=1/2 status=200 2.089s url=https://www.myfonts.com/collections/julima-font-akbartype/
[2026-05-07T08:45:44Z] #9 attempt=1/2 status=200 2.971s url=https://www.myfonts.com/collections/julima-font-akbartype/?tab=techSpecs
[2026-05-07T08:45:46Z] #10 attempt=1/6 status=200 0.916s url=https://www.myfonts.com/products.json?limit=100&page=2
[2026-05-07T08:45:47Z] #11 attempt=1/2 status=200 0.479s url=https://www.myfonts.com/products/regular-blues-derlons-1147766
[2026-05-07T08:45:48Z] #12 attempt=1/2 status=200 0.322s url=https://www.myfonts.com/collections/blues-derlons-font-bayuktx/
[2026-05-07T08:45:48Z] #13 attempt=1/2 status=200 0.230s url=https://www.myfonts.com/collections/blues-derlons-font-bayuktx/?tab=techSpecs
[2026-05-07T08:45:50Z] #14 attempt=1/6 status=200 1.027s url=https://www.myfonts.com/products.json?limit=100&page=3
[2026-05-07T08:45:51Z] #15 attempt=1/6 status=200 0.931s url=https://www.myfonts.com/products.json?limit=100&page=4
[2026-05-07T08:45:53Z] #16 attempt=1/6 status=200 0.783s url=https://www.myfonts.com/products.json?limit=100&page=5
[2026-05-07T08:45:53Z] #17 attempt=1/2 status=200 0.459s url=https://www.myfonts.com/products/ruilanty-complete-family-package-1147318
[2026-05-07T08:45:54Z] #18 attempt=1/2 status=200 0.573s url=https://www.myfonts.com/collections/ruilanty-font-tini-fitriani/
[2026-05-07T08:45:55Z] #19 attempt=1/2 status=200 0.747s url=https://www.myfonts.com/collections/ruilanty-font-tini-fitriani/?tab=techSpecs
[2026-05-07T08:45:57Z] #20 attempt=1/2 status=200 0.520s url=https://www.myfonts.com/products/garitha-complitten-complete-family-package-1146763
[2026-05-07T08:45:57Z] #21 attempt=1/2 status=200 0.464s url=https://www.myfonts.com/collections/garitha-complitten-font-logic-type/
[2026-05-07T08:45:58Z] #22 attempt=1/2 status=200 0.268s url=https://www.myfonts.com/collections/garitha-complitten-font-logic-type/?tab=techSpecs
[2026-05-07T08:45:59Z] #23 attempt=1/2 status=200 0.468s url=https://www.myfonts.com/products/algojo-complete-family-package-1147215
[2026-05-07T08:46:00Z] #24 attempt=1/2 status=200 0.718s url=https://www.myfonts.com/collections/algojo-font-letternesia-studio/
[2026-05-07T08:46:01Z] #25 attempt=1/2 status=200 0.214s url=https://www.myfonts.com/collections/algojo-font-letternesia-studio/?tab=techSpecs
[2026-05-07T08:46:02Z] #26 attempt=1/2 status=200 0.384s url=https://www.myfonts.com/products/seganty-complete-family-package-1147336
[2026-05-07T08:46:03Z] #27 attempt=1/2 status=200 0.662s url=https://www.myfonts.com/collections/seganty-font-agung-sudirman/
[2026-05-07T08:46:04Z] #28 attempt=1/2 status=200 0.609s url=https://www.myfonts.com/collections/seganty-font-agung-sudirman/?tab=techSpecs
[2026-05-07T08:46:05Z] #29 attempt=1/2 status=200 0.373s url=https://www.myfonts.com/products/montaroza-complete-family-package-1146748
[2026-05-07T08:46:06Z] #30 attempt=1/2 status=200 0.526s url=https://www.myfonts.com/collections/montaroza-font-casloop-studio/
[2026-05-07T08:46:06Z] #31 attempt=1/2 status=200 0.172s url=https://www.myfonts.com/collections/montaroza-font-casloop-studio/?tab=techSpecs
[2026-05-07T08:46:10Z] #32 attempt=1/2 status=200 2.504s url=https://www.myfonts.com/products/aukim-ii-shape-complete-family-package-1146810
[2026-05-07T08:46:14Z] #33 attempt=1/2 status=500 3.137s url=https://www.myfonts.com/collections/aukim-ii-shape-font-aukimvisuel/
[2026-05-07T08:46:15Z] #34 attempt=1/2 status=200 0.569s url=https://www.myfonts.com/products/without-oblique-package-1147213
[2026-05-07T08:46:16Z] #35 attempt=1/2 status=200 0.953s url=https://www.myfonts.com/collections/gutriger-font-ridtype/
[2026-05-07T08:46:16Z] #36 attempt=1/2 status=200 0.193s url=https://www.myfonts.com/collections/gutriger-font-ridtype/?tab=techSpecs
[2026-05-07T08:46:19Z] #37 attempt=1/2 status=200 1.603s url=https://www.myfonts.com/products/light-package-1147312
[2026-05-07T08:46:22Z] #38 attempt=1/2 status=200 2.592s url=https://www.myfonts.com/collections/giantrick-font-hkl-studio/
[2026-05-07T08:46:22Z] #39 attempt=1/2 status=200 0.198s url=https://www.myfonts.com/collections/giantrick-font-hkl-studio/?tab=techSpecs
[2026-05-07T08:46:24Z] #40 attempt=1/2 status=200 0.597s url=https://www.myfonts.com/products/blackroad-complete-family-package-1146797
[2026-05-07T08:46:25Z] #41 attempt=1/2 status=200 0.646s url=https://www.myfonts.com/collections/blackroad-font-burntilldead/
[2026-05-07T08:46:26Z] #42 attempt=1/2 status=200 0.207s url=https://www.myfonts.com/collections/blackroad-font-burntilldead/?tab=techSpecs
[2026-05-07T08:46:27Z] #43 attempt=1/2 status=200 0.482s url=https://www.myfonts.com/products/designer-stuff-package-1146761
[2026-05-07T08:46:28Z] #44 attempt=1/2 status=200 0.687s url=https://www.myfonts.com/collections/gc-sublime-font-onyx-studio/
[2026-05-07T08:46:28Z] #45 attempt=1/2 status=200 0.194s url=https://www.myfonts.com/collections/gc-sublime-font-onyx-studio/?tab=techSpecs
[2026-05-07T08:46:30Z] #46 attempt=1/2 status=200 0.472s url=https://www.myfonts.com/products/sokers-capright-complete-family-package-1146773
[2026-05-07T08:46:31Z] #47 attempt=1/2 status=200 0.854s url=https://www.myfonts.com/collections/sokers-capright-font-black-junst/
[2026-05-07T08:46:32Z] #48 attempt=1/2 status=200 0.984s url=https://www.myfonts.com/collections/sokers-capright-font-black-junst/?tab=techSpecs
[2026-05-07T08:46:33Z] #49 attempt=1/2 status=200 0.390s url=https://www.myfonts.com/products/alverion-complete-family-package-1146779
[2026-05-07T08:46:34Z] #50 attempt=1/2 status=200 0.758s url=https://www.myfonts.com/collections/alverion-font-mevstory-studio/
[2026-05-07T08:46:36Z] #51 attempt=1/2 status=200 0.886s url=https://www.myfonts.com/collections/alverion-font-mevstory-studio/?tab=techSpecs
[2026-05-07T08:46:37Z] #52 attempt=1/2 status=200 0.461s url=https://www.myfonts.com/products/peach-club-script-complete-family-package-1147324
[2026-05-07T08:46:38Z] #53 attempt=1/2 status=200 0.633s url=https://www.myfonts.com/collections/peach-club-script-font-hansco/
[2026-05-07T08:46:39Z] #54 attempt=1/2 status=200 0.919s url=https://www.myfonts.com/collections/peach-club-script-font-hansco/?tab=techSpecs
[2026-05-07T08:46:41Z] #55 attempt=1/2 status=200 0.524s url=https://www.myfonts.com/products/robuwa-complete-family-package-1146397
[2026-05-07T08:46:42Z] #56 attempt=1/2 status=200 1.020s url=https://www.myfonts.com/collections/robuwa-font-ghozai-studio/
[2026-05-07T08:46:43Z] #57 attempt=1/2 status=200 0.854s url=https://www.myfonts.com/collections/robuwa-font-ghozai-studio/?tab=techSpecs
[2026-05-07T08:46:44Z] #58 attempt=1/2 status=200 0.403s url=https://www.myfonts.com/products/howtaly-complete-family-package-1147321
[2026-05-07T08:46:46Z] #59 attempt=1/2 status=200 1.105s url=https://www.myfonts.com/collections/howtaly-font-tini-fitriani/
[2026-05-07T08:46:46Z] #60 attempt=1/2 status=200 0.210s url=https://www.myfonts.com/collections/howtaly-font-tini-fitriani/?tab=techSpecs
[2026-05-07T08:46:48Z] #61 attempt=1/2 status=200 0.925s url=https://www.myfonts.com/products/loyalty-complete-family-package-1146769
[2026-05-07T08:46:49Z] #62 attempt=1/2 status=200 0.758s url=https://www.myfonts.com/collections/loyalty-font-muntab-art/
[2026-05-07T08:46:50Z] #63 attempt=1/2 status=200 0.847s url=https://www.myfonts.com/collections/loyalty-font-muntab-art/?tab=techSpecs
[2026-05-07T08:46:52Z] #64 attempt=1/2 status=200 0.386s url=https://www.myfonts.com/products/sunset-palm-sans-complete-family-package-1146789
[2026-05-07T08:46:53Z] #65 attempt=1/2 status=200 1.167s url=https://www.myfonts.com/collections/sunset-palm-sans-font-eko-bimantara/
[2026-05-07T08:46:54Z] #66 attempt=1/2 status=200 0.508s url=https://www.myfonts.com/collections/sunset-palm-sans-font-eko-bimantara/?tab=techSpecs
[2026-05-07T08:46:56Z] #67 attempt=1/2 status=200 1.081s url=https://www.myfonts.com/products/rafiela-complete-family-package-1147339
[2026-05-07T08:46:58Z] #68 attempt=1/2 status=200 1.896s url=https://www.myfonts.com/collections/rafiela-font-romie-creative/
[2026-05-07T08:46:59Z] #69 attempt=1/2 status=200 0.274s url=https://www.myfonts.com/collections/rafiela-font-romie-creative/?tab=techSpecs
[2026-05-07T08:47:01Z] #70 attempt=1/2 status=200 0.555s url=https://www.myfonts.com/products/picsue-complete-family-package-1146786
[2026-05-07T08:47:03Z] #71 attempt=1/2 status=200 2.187s url=https://www.myfonts.com/collections/picsue-font-eko-bimantara/
[2026-05-07T08:47:04Z] #72 attempt=1/2 status=200 0.846s url=https://www.myfonts.com/collections/picsue-font-eko-bimantara/?tab=techSpecs
[2026-05-07T08:47:07Z] #73 attempt=1/2 status=200 1.590s url=https://www.myfonts.com/products/novel-sans-hair-complete-family-package-1147063
[2026-05-07T08:47:09Z] #74 attempt=1/2 status=200 1.921s url=https://www.myfonts.com/collections/novel-sans-hair-pro-font-atlasfontfoundry/
[2026-05-07T08:47:11Z] #75 attempt=1/2 status=200 1.596s url=https://www.myfonts.com/collections/novel-sans-hair-pro-font-atlasfontfoundry/?tab=techSpecs
[2026-05-07T08:47:13Z] #76 attempt=1/2 status=200 0.358s url=https://www.myfonts.com/products/bokner-complete-family-package-1146783
[2026-05-07T08:47:13Z] #77 attempt=1/2 status=200 0.700s url=https://www.myfonts.com/collections/bokner-font-valentino-vergan/
[2026-05-07T08:47:14Z] #78 attempt=1/2 status=200 0.473s url=https://www.myfonts.com/collections/bokner-font-valentino-vergan/?tab=techSpecs
[2026-05-07T08:47:16Z] #79 attempt=1/2 status=200 0.492s url=https://www.myfonts.com/products/koft-arabic-complete-family-package-1146738
[2026-05-07T08:47:17Z] #80 attempt=1/2 status=200 0.899s url=https://www.myfonts.com/collections/koft-arabic-font-casloop-studio/
[2026-05-07T08:47:17Z] #81 attempt=1/2 status=200 0.176s url=https://www.myfonts.com/collections/koft-arabic-font-casloop-studio/?tab=techSpecs
[2026-05-07T08:47:19Z] #82 attempt=1/2 status=200 1.194s url=https://www.myfonts.com/products/cyravel-complete-family-package-1147340
[2026-05-07T08:47:21Z] #83 attempt=1/2 status=200 1.627s url=https://www.myfonts.com/collections/cyravel-font-luhop-creative/
[2026-05-07T08:47:22Z] #84 attempt=1/2 status=200 0.258s url=https://www.myfonts.com/collections/cyravel-font-luhop-creative/?tab=techSpecs
[2026-05-07T08:47:24Z] #85 attempt=1/2 status=200 0.484s url=https://www.myfonts.com/products/regular-batee-1146772
[2026-05-07T08:47:25Z] #86 attempt=1/2 status=200 0.478s url=https://www.myfonts.com/collections/batee-font-canden-meutuah/
[2026-05-07T08:47:25Z] #87 attempt=1/2 status=200 0.297s url=https://www.myfonts.com/collections/batee-font-canden-meutuah/?tab=techSpecs
[2026-05-07T08:47:27Z] #88 attempt=1/2 status=200 0.830s url=https://www.myfonts.com/products/regular-remind-mores-1147061
[2026-05-07T08:47:27Z] #89 attempt=1/2 status=200 0.486s url=https://www.myfonts.com/collections/remind-mores-font-bhubbiberry-studio/
[2026-05-07T08:47:28Z] #90 attempt=1/2 status=200 0.255s url=https://www.myfonts.com/collections/remind-mores-font-bhubbiberry-studio/?tab=techSpecs
[2026-05-07T08:47:30Z] #91 attempt=1/6 status=200 1.008s url=https://www.myfonts.com/products.json?limit=100&page=6
[2026-05-07T08:47:31Z] #92 attempt=1/2 status=200 0.555s url=https://www.myfonts.com/products/regular-gojiberry-quibble-1146778
[2026-05-07T08:47:32Z] #93 attempt=1/2 status=200 0.668s url=https://www.myfonts.com/collections/gojiberry-quibble-font-letterhanna-studio/
[2026-05-07T08:47:32Z] #94 attempt=1/2 status=200 0.585s url=https://www.myfonts.com/collections/gojiberry-quibble-font-letterhanna-studio/?tab=techSpecs
[2026-05-07T08:47:35Z] #95 attempt=1/6 status=200 1.073s url=https://www.myfonts.com/products.json?limit=100&page=7
[2026-05-07T08:47:36Z] #96 attempt=1/2 status=200 0.534s url=https://www.myfonts.com/products/regular-widlething-1146768
[2026-05-07T08:47:37Z] #97 attempt=1/2 status=200 0.441s url=https://www.myfonts.com/collections/widlething-font-rashdrawn/
[2026-05-07T08:47:38Z] #98 attempt=1/2 status=200 0.445s url=https://www.myfonts.com/collections/widlething-font-rashdrawn/?tab=techSpecs
[2026-05-07T08:47:40Z] #99 attempt=1/6 status=200 1.524s url=https://www.myfonts.com/products.json?limit=100&page=8
[2026-05-07T08:47:41Z] #100 attempt=1/2 status=200 0.570s url=https://www.myfonts.com/products/regular-shutter-breathing-1147317
[2026-05-07T08:47:42Z] #101 attempt=1/2 status=200 0.306s url=https://www.myfonts.com/collections/shutter-breathing-font-figuree-studio/
[2026-05-07T08:47:42Z] #102 attempt=1/2 status=200 0.405s url=https://www.myfonts.com/collections/shutter-breathing-font-figuree-studio/?tab=techSpecs
[2026-05-07T08:47:43Z] #103 attempt=1/2 status=200 0.444s url=https://www.myfonts.com/products/regular-callibre-calligraphy-1147219
[2026-05-07T08:47:44Z] #104 attempt=1/2 status=200 0.471s url=https://www.myfonts.com/collections/callibre-calligraphy-font-naiza-studio/
[2026-05-07T08:47:45Z] #105 attempt=1/2 status=200 0.528s url=https://www.myfonts.com/collections/callibre-calligraphy-font-naiza-studio/?tab=techSpecs
[2026-05-07T08:47:48Z] #106 attempt=1/6 status=200 1.142s url=https://www.myfonts.com/products.json?limit=100&page=9
[2026-05-07T08:47:51Z] #107 attempt=1/6 status=200 1.068s url=https://www.myfonts.com/products.json?limit=100&page=10
[2026-05-07T08:47:52Z] #108 attempt=1/2 status=200 0.532s url=https://www.myfonts.com/products/regular-jack-tiger-1146762
[2026-05-07T08:47:52Z] #109 attempt=1/2 status=200 0.356s url=https://www.myfonts.com/collections/jack-tiger-font-ledokolua/
[2026-05-07T08:47:53Z] #110 attempt=1/2 status=200 0.249s url=https://www.myfonts.com/collections/jack-tiger-font-ledokolua/?tab=techSpecs
[2026-05-07T08:47:54Z] #111 attempt=1/2 status=200 0.558s url=https://www.myfonts.com/products/regular-tribalelazo-1147218
[2026-05-07T08:47:55Z] #112 attempt=1/2 status=200 0.572s url=https://www.myfonts.com/collections/tribalelazo-font-rashdrawn/
[2026-05-07T08:47:56Z] #113 attempt=1/2 status=200 0.537s url=https://www.myfonts.com/collections/tribalelazo-font-rashdrawn/?tab=techSpecs
[2026-05-07T08:47:57Z] #114 attempt=1/2 status=200 0.637s url=https://www.myfonts.com/products/regular-nureta-1146782
[2026-05-07T08:47:58Z] #115 attempt=1/2 status=200 0.540s url=https://www.myfonts.com/collections/nureta-font-gusetype/
[2026-05-07T08:47:59Z] #116 attempt=1/2 status=200 0.892s url=https://www.myfonts.com/collections/nureta-font-gusetype/?tab=techSpecs
[2026-05-07T08:48:00Z] #117 attempt=1/2 status=200 1.212s url=https://www.myfonts.com/products/jh-oleph-var-complete-family-package-1147533
[2026-05-07T08:48:03Z] #118 attempt=1/2 status=200 2.083s url=https://www.myfonts.com/collections/jh-oleph-var-font-jh-fonts/
[2026-05-07T08:48:04Z] #119 attempt=1/2 status=200 0.509s url=https://www.myfonts.com/collections/jh-oleph-var-font-jh-fonts/?tab=techSpecs
[2026-05-07T08:48:05Z] #120 attempt=1/6 status=503 0.080s url=https://www.myfonts.com/products.json?limit=100&page=11
[2026-05-07T08:48:05Z] retryable_503 attempt=1/6 waiting=5s
[2026-05-07T08:48:11Z] #121 attempt=2/6 status=200 0.655s url=https://www.myfonts.com/products.json?limit=100&page=11
[2026-05-07T08:48:13Z] #122 attempt=1/6 status=200 1.179s url=https://www.myfonts.com/products.json?limit=100&page=12
[2026-05-07T08:48:13Z] #123 attempt=1/2 status=200 0.305s url=https://www.myfonts.com/products/regular-daisy-hana-1147335
[2026-05-07T08:48:14Z] #124 attempt=1/2 status=200 0.428s url=https://www.myfonts.com/collections/daisy-hana-font-aisyah/
[2026-05-07T08:48:15Z] #125 attempt=1/2 status=200 0.356s url=https://www.myfonts.com/collections/daisy-hana-font-aisyah/?tab=techSpecs
[2026-05-07T08:48:16Z] #126 attempt=1/2 status=200 0.638s url=https://www.myfonts.com/products/woris-complete-family-package-1143369
[2026-05-07T08:48:18Z] #127 attempt=1/2 status=200 1.281s url=https://www.myfonts.com/collections/woris-font-afkari-studio/
[2026-05-07T08:48:19Z] #128 attempt=1/2 status=200 0.946s url=https://www.myfonts.com/collections/woris-font-afkari-studio/?tab=techSpecs
[2026-05-07T08:48:21Z] #129 attempt=1/2 status=200 0.961s url=https://www.myfonts.com/products/xxxcondensed-light-novel-sans-greek-1120079
[2026-05-07T08:48:24Z] #130 attempt=1/2 status=200 2.421s url=https://www.myfonts.com/collections/novel-sans-greek-font-atlasfontfoundry/
[2026-05-07T08:48:24Z] #131 attempt=1/2 status=200 0.195s url=https://www.myfonts.com/collections/novel-sans-greek-font-atlasfontfoundry/?tab=techSpecs
[2026-05-07T08:48:27Z] #132 attempt=1/6 status=200 1.451s url=https://www.myfonts.com/products.json?limit=100&page=13
[2026-05-07T08:48:29Z] #133 attempt=1/2 status=200 1.468s url=https://www.myfonts.com/products/neo-forma-complete-family-package-1143395
[2026-05-07T08:48:30Z] #134 attempt=1/2 status=200 1.290s url=https://www.myfonts.com/collections/neo-forma-font-set-sail-studios/
[2026-05-07T08:48:31Z] #135 attempt=1/2 status=200 0.231s url=https://www.myfonts.com/collections/neo-forma-font-set-sail-studios/?tab=techSpecs
[2026-05-07T08:48:32Z] #136 attempt=1/2 status=200 0.450s url=https://www.myfonts.com/products/shree-gujarati-2582-complete-family-package-1145543
[2026-05-07T08:48:33Z] #137 attempt=1/2 status=200 0.704s url=https://www.myfonts.com/collections/shree-gujarati-2582-font-modularinfotech/
[2026-05-07T08:48:35Z] #138 attempt=1/2 status=200 0.830s url=https://www.myfonts.com/collections/shree-gujarati-2582-font-modularinfotech/?tab=techSpecs
[2026-05-07T08:48:36Z] #139 attempt=1/2 status=200 0.445s url=https://www.myfonts.com/collections/shree-gujarati-2582-font-modularinfotech/
[2026-05-07T08:48:37Z] #140 attempt=1/2 status=200 0.384s url=https://www.myfonts.com/products/shree-gujarati-3369-complete-family-package-1145540
[2026-05-07T08:48:37Z] #141 attempt=1/2 status=200 0.600s url=https://www.myfonts.com/collections/shree-gujarati-3369-font-modularinfotech/
[2026-05-07T08:48:39Z] #142 attempt=1/2 status=200 1.045s url=https://www.myfonts.com/collections/shree-gujarati-3369-font-modularinfotech/?tab=techSpecs
[2026-05-07T08:48:40Z] #143 attempt=1/2 status=200 0.864s url=https://www.myfonts.com/collections/shree-gujarati-3369-font-modularinfotech/
[2026-05-07T08:48:41Z] #144 attempt=1/2 status=200 0.757s url=https://www.myfonts.com/products/shree-gujarati-3377-complete-family-package-1145537
[2026-05-07T08:48:42Z] #145 attempt=1/2 status=200 0.794s url=https://www.myfonts.com/collections/shree-gujarati-3377-font-modularinfotech/
[2026-05-07T08:48:43Z] #146 attempt=1/2 status=200 0.174s url=https://www.myfonts.com/collections/shree-gujarati-3377-font-modularinfotech/?tab=techSpecs
[2026-05-07T08:48:44Z] #147 attempt=1/2 status=200 0.205s url=https://www.myfonts.com/collections/shree-gujarati-3377-font-modularinfotech/
[2026-05-07T08:48:45Z] #148 attempt=1/2 status=200 0.604s url=https://www.myfonts.com/products/shree-gujarati-1183-complete-family-package-1145534
[2026-05-07T08:48:46Z] #149 attempt=1/2 status=200 1.090s url=https://www.myfonts.com/collections/shree-gujarati-1183-font-modularinfotech/
[2026-05-07T08:48:47Z] #150 attempt=1/2 status=200 0.576s url=https://www.myfonts.com/collections/shree-gujarati-1183-font-modularinfotech/?tab=techSpecs
[2026-05-07T08:48:49Z] #151 attempt=1/2 status=200 1.056s url=https://www.myfonts.com/collections/shree-gujarati-1183-font-modularinfotech/
[2026-05-07T08:48:50Z] #152 attempt=1/2 status=200 0.767s url=https://www.myfonts.com/products/shree-gujarati-3336-complete-family-package-1145531
[2026-05-07T08:48:52Z] #153 attempt=1/2 status=200 1.319s url=https://www.myfonts.com/collections/shree-gujarati-3336-font-modularinfotech/
[2026-05-07T08:48:52Z] #154 attempt=1/2 status=200 0.161s url=https://www.myfonts.com/collections/shree-gujarati-3336-font-modularinfotech/?tab=techSpecs
[2026-05-07T08:48:54Z] #155 attempt=1/2 status=200 1.334s url=https://www.myfonts.com/collections/shree-gujarati-3336-font-modularinfotech/
[2026-05-07T08:48:55Z] #156 attempt=1/2 status=200 0.392s url=https://www.myfonts.com/products/shree-gujarati-3331-complete-family-package-1145423
[2026-05-07T08:48:56Z] #157 attempt=1/2 status=200 0.899s url=https://www.myfonts.com/collections/shree-gujarati-3331-font-modularinfotech/
[2026-05-07T08:48:57Z] #158 attempt=1/2 status=200 0.205s url=https://www.myfonts.com/collections/shree-gujarati-3331-font-modularinfotech/?tab=techSpecs
[2026-05-07T08:48:58Z] #159 attempt=1/2 status=200 0.459s url=https://www.myfonts.com/collections/shree-gujarati-3331-font-modularinfotech/
[2026-05-07T08:48:59Z] #160 attempt=1/2 status=200 1.145s url=https://www.myfonts.com/products/shree-gujarati-3779-complete-family-package-1145420
[2026-05-07T08:49:00Z] #161 attempt=1/2 status=200 0.791s url=https://www.myfonts.com/collections/shree-gujarati-3779-font-modularinfotech/
[2026-05-07T08:49:01Z] #162 attempt=1/2 status=200 0.494s url=https://www.myfonts.com/collections/shree-gujarati-3779-font-modularinfotech/?tab=techSpecs
[2026-05-07T08:49:02Z] #163 attempt=1/2 status=200 0.201s url=https://www.myfonts.com/collections/shree-gujarati-3779-font-modularinfotech/
[2026-05-07T08:49:03Z] #164 attempt=1/2 status=200 0.837s url=https://www.myfonts.com/products/shree-gujarati-3791-complete-family-package-1145790
[2026-05-07T08:49:04Z] #165 attempt=1/2 status=200 0.489s url=https://www.myfonts.com/collections/shree-gujarati-3791-font-modularinfotech/
[2026-05-07T08:49:05Z] #166 attempt=1/2 status=200 0.557s url=https://www.myfonts.com/collections/shree-gujarati-3791-font-modularinfotech/?tab=techSpecs
[2026-05-07T08:49:06Z] #167 attempt=1/2 status=200 0.189s url=https://www.myfonts.com/collections/shree-gujarati-3791-font-modularinfotech/
[2026-05-07T08:49:07Z] #168 attempt=1/2 status=200 0.502s url=https://www.myfonts.com/products/shree-gujarati-3376-complete-family-package-1145528
[2026-05-07T08:49:08Z] #169 attempt=1/2 status=200 1.078s url=https://www.myfonts.com/collections/shree-gujarati-3376-font-modularinfotech/
[2026-05-07T08:49:09Z] #170 attempt=1/2 status=200 0.682s url=https://www.myfonts.com/collections/shree-gujarati-3376-font-modularinfotech/?tab=techSpecs
[2026-05-07T08:49:10Z] #171 attempt=1/2 status=200 0.173s url=https://www.myfonts.com/collections/shree-gujarati-3376-font-modularinfotech/
[2026-05-07T08:49:11Z] #172 attempt=1/2 status=200 0.768s url=https://www.myfonts.com/products/shree-gujarati-3375-complete-family-package-1145417
[2026-05-07T08:49:12Z] #173 attempt=1/2 status=200 0.906s url=https://www.myfonts.com/collections/shree-gujarati-3375-font-modularinfotech/
[2026-05-07T08:49:13Z] #174 attempt=1/2 status=200 0.763s url=https://www.myfonts.com/collections/shree-gujarati-3375-font-modularinfotech/?tab=techSpecs
[2026-05-07T08:49:15Z] #175 attempt=1/2 status=200 0.399s url=https://www.myfonts.com/collections/shree-gujarati-3375-font-modularinfotech/
[2026-05-07T08:49:16Z] #176 attempt=1/2 status=200 0.575s url=https://www.myfonts.com/products/shree-gujarati-3776-complete-family-package-1145787
[2026-05-07T08:49:17Z] #177 attempt=1/2 status=200 0.785s url=https://www.myfonts.com/collections/shree-gujarati-3776-font-modularinfotech/
[2026-05-07T08:49:18Z] #178 attempt=1/2 status=200 0.806s url=https://www.myfonts.com/collections/shree-gujarati-3776-font-modularinfotech/?tab=techSpecs
[2026-05-07T08:49:19Z] #179 attempt=1/2 status=200 0.754s url=https://www.myfonts.com/collections/shree-gujarati-3776-font-modularinfotech/
[2026-05-07T08:49:21Z] #180 attempt=1/2 status=200 1.425s url=https://www.myfonts.com/products/shree-gujarati-5202-complete-family-package-1145525
[2026-05-07T08:49:22Z] #181 attempt=1/2 status=200 0.774s url=https://www.myfonts.com/collections/shree-gujarati-5202-font-modularinfotech/
[2026-05-07T08:49:23Z] #182 attempt=1/2 status=200 0.467s url=https://www.myfonts.com/collections/shree-gujarati-5202-font-modularinfotech/?tab=techSpecs
[2026-05-07T08:49:24Z] #183 attempt=1/2 status=200 0.292s url=https://www.myfonts.com/collections/shree-gujarati-5202-font-modularinfotech/
[2026-05-07T08:49:25Z] #184 attempt=1/2 status=200 0.400s url=https://www.myfonts.com/products/shree-gujarati-2540-complete-family-package-1145414
[2026-05-07T08:49:27Z] #185 attempt=1/2 status=200 1.877s url=https://www.myfonts.com/collections/shree-gujarati-2540-font-modularinfotech/
[2026-05-07T08:49:28Z] #186 attempt=1/2 status=200 0.946s url=https://www.myfonts.com/collections/shree-gujarati-2540-font-modularinfotech/?tab=techSpecs
[2026-05-07T08:49:29Z] #187 attempt=1/2 status=200 0.291s url=https://www.myfonts.com/collections/shree-gujarati-2540-font-modularinfotech/
[2026-05-07T08:49:30Z] #188 attempt=1/2 status=200 0.554s url=https://www.myfonts.com/products/shree-gujarati-3329-complete-family-package-1145664
[2026-05-07T08:49:31Z] #189 attempt=1/2 status=200 0.686s url=https://www.myfonts.com/collections/shree-gujarati-3329-font-modularinfotech/
[2026-05-07T08:49:31Z] #190 attempt=1/2 status=200 0.322s url=https://www.myfonts.com/collections/shree-gujarati-3329-font-modularinfotech/?tab=techSpecs
[2026-05-07T08:49:33Z] #191 attempt=1/2 status=200 0.303s url=https://www.myfonts.com/collections/shree-gujarati-3329-font-modularinfotech/
[2026-05-07T08:49:34Z] #192 attempt=1/2 status=200 0.894s url=https://www.myfonts.com/products/shree-gujarati-3342-complete-family-package-1145784
[2026-05-07T08:49:35Z] #193 attempt=1/2 status=200 0.512s url=https://www.myfonts.com/collections/shree-gujarati-3342-font-modularinfotech/
[2026-05-07T08:49:37Z] #194 attempt=1/2 status=200 1.652s url=https://www.myfonts.com/collections/shree-gujarati-3342-font-modularinfotech/?tab=techSpecs
[2026-05-07T08:49:38Z] #195 attempt=1/2 status=503 0.084s url=https://www.myfonts.com/collections/shree-gujarati-3342-font-modularinfotech/
[2026-05-07T08:49:38Z] retryable_503 attempt=1/2 waiting=2s
[2026-05-07T08:49:40Z] #196 attempt=2/2 status=200 0.476s url=https://www.myfonts.com/collections/shree-gujarati-3342-font-modularinfotech/
[2026-05-07T08:49:41Z] #197 attempt=1/2 status=503 0.080s url=https://www.myfonts.com/products/shree-gujarati-3330-complete-family-package-1145522
[2026-05-07T08:49:41Z] retryable_503 attempt=1/2 waiting=2s
[2026-05-07T08:49:43Z] #198 attempt=2/2 status=200 0.401s url=https://www.myfonts.com/products/shree-gujarati-3330-complete-family-package-1145522
[2026-05-07T08:49:44Z] #199 attempt=1/2 status=200 0.508s url=https://www.myfonts.com/collections/shree-gujarati-3330-font-modularinfotech/
[2026-05-07T08:49:45Z] #200 attempt=1/2 status=200 0.484s url=https://www.myfonts.com/collections/shree-gujarati-3330-font-modularinfotech/?tab=techSpecs
[2026-05-07T08:49:46Z] #201 attempt=1/2 status=200 0.637s url=https://www.myfonts.com/collections/shree-gujarati-3330-font-modularinfotech/
[2026-05-07T08:49:47Z] #202 attempt=1/2 status=200 0.441s url=https://www.myfonts.com/products/shree-gujarati-1178-complete-family-package-1145411
[2026-05-07T08:49:48Z] #203 attempt=1/2 status=200 1.019s url=https://www.myfonts.com/collections/shree-gujarati-1178-font-modularinfotech/
[2026-05-07T08:49:49Z] #204 attempt=1/2 status=200 0.630s url=https://www.myfonts.com/collections/shree-gujarati-1178-font-modularinfotech/?tab=techSpecs
[2026-05-07T08:49:51Z] #205 attempt=1/2 status=200 0.503s url=https://www.myfonts.com/collections/shree-gujarati-1178-font-modularinfotech/
[2026-05-07T08:49:52Z] #206 attempt=1/2 status=200 0.575s url=https://www.myfonts.com/products/shree-gujarati-3382-complete-family-package-1145661
[2026-05-07T08:49:52Z] #207 attempt=1/2 status=200 0.624s url=https://www.myfonts.com/collections/shree-gujarati-3382-font-modularinfotech/
[2026-05-07T08:49:53Z] #208 attempt=1/2 status=200 0.177s url=https://www.myfonts.com/collections/shree-gujarati-3382-font-modularinfotech/?tab=techSpecs
[2026-05-07T08:49:54Z] #209 attempt=1/2 status=200 0.650s url=https://www.myfonts.com/collections/shree-gujarati-3382-font-modularinfotech/
[2026-05-07T08:49:55Z] #210 attempt=1/2 status=200 0.430s url=https://www.myfonts.com/products/shree-gujarati-3344-complete-family-package-1145781
[2026-05-07T08:49:56Z] #211 attempt=1/2 status=200 0.573s url=https://www.myfonts.com/collections/shree-gujarati-3344-font-modularinfotech/
[2026-05-07T08:49:57Z] #212 attempt=1/2 status=200 0.986s url=https://www.myfonts.com/collections/shree-gujarati-3344-font-modularinfotech/?tab=techSpecs
[2026-05-07T08:49:59Z] #213 attempt=1/2 status=200 0.532s url=https://www.myfonts.com/collections/shree-gujarati-3344-font-modularinfotech/
[2026-05-07T08:49:59Z] #214 attempt=1/2 status=200 0.443s url=https://www.myfonts.com/products/shree-gujarati-1175-complete-family-package-1145658
[2026-05-07T08:50:00Z] #215 attempt=1/2 status=200 0.693s url=https://www.myfonts.com/collections/shree-gujarati-1175-font-modularinfotech/
[2026-05-07T08:50:02Z] #216 attempt=1/2 status=200 1.072s url=https://www.myfonts.com/collections/shree-gujarati-1175-font-modularinfotech/?tab=techSpecs
[2026-05-07T08:50:03Z] #217 attempt=1/2 status=200 0.298s url=https://www.myfonts.com/collections/shree-gujarati-1175-font-modularinfotech/
[2026-05-07T08:50:04Z] #218 attempt=1/2 status=200 0.414s url=https://www.myfonts.com/products/shree-gujarati-5225-complete-family-package-1145408
[2026-05-07T08:50:05Z] #219 attempt=1/2 status=200 1.092s url=https://www.myfonts.com/collections/shree-gujarati-5225-font-modularinfotech/
[2026-05-07T08:50:06Z] #220 attempt=1/2 status=200 0.650s url=https://www.myfonts.com/collections/shree-gujarati-5225-font-modularinfotech/?tab=techSpecs
[2026-05-07T08:50:07Z] #221 attempt=1/2 status=200 0.171s url=https://www.myfonts.com/collections/shree-gujarati-5225-font-modularinfotech/
[2026-05-07T08:50:08Z] #222 attempt=1/2 status=200 0.901s url=https://www.myfonts.com/products/shree-gujarati-5206-complete-family-package-1145519
[2026-05-07T08:50:10Z] #223 attempt=1/2 status=200 1.051s url=https://www.myfonts.com/collections/shree-gujarati-5206-font-modularinfotech/
[2026-05-07T08:50:11Z] #224 attempt=1/2 status=200 0.760s url=https://www.myfonts.com/collections/shree-gujarati-5206-font-modularinfotech/?tab=techSpecs
[2026-05-07T08:50:12Z] #225 attempt=1/2 status=200 0.468s url=https://www.myfonts.com/collections/shree-gujarati-5206-font-modularinfotech/
[2026-05-07T08:50:13Z] #226 attempt=1/2 status=200 0.451s url=https://www.myfonts.com/products/shree-gujarati-5213-complete-family-package-1145778
[2026-05-07T08:50:14Z] #227 attempt=1/2 status=200 0.601s url=https://www.myfonts.com/collections/shree-gujarati-5213-font-modularinfotech/
[2026-05-07T08:50:14Z] #228 attempt=1/2 status=200 0.190s url=https://www.myfonts.com/collections/shree-gujarati-5213-font-modularinfotech/?tab=techSpecs
[2026-05-07T08:50:15Z] #229 attempt=1/2 status=200 0.214s url=https://www.myfonts.com/collections/shree-gujarati-5213-font-modularinfotech/
[2026-05-07T08:50:16Z] #230 attempt=1/2 status=200 0.822s url=https://www.myfonts.com/products/shree-gujarati-3345-complete-family-package-1145403
[2026-05-07T08:50:17Z] #231 attempt=1/2 status=200 0.871s url=https://www.myfonts.com/collections/shree-gujarati-3345-font-modularinfotech/
[2026-05-07T08:50:18Z] #232 attempt=1/2 status=200 0.588s url=https://www.myfonts.com/collections/shree-gujarati-3345-font-modularinfotech/?tab=techSpecs
[2026-05-07T08:50:20Z] #233 attempt=1/2 status=200 0.365s url=https://www.myfonts.com/collections/shree-gujarati-3345-font-modularinfotech/
[2026-05-07T08:50:21Z] #234 attempt=1/2 status=200 0.963s url=https://www.myfonts.com/products/ethyopark-scriptov-complete-family-package-1146312
[2026-05-07T08:50:22Z] #235 attempt=1/2 status=200 0.762s url=https://www.myfonts.com/collections/ethyopark-scriptov-font-stylishtype-studio/
[2026-05-07T08:50:22Z] #236 attempt=1/2 status=200 0.182s url=https://www.myfonts.com/collections/ethyopark-scriptov-font-stylishtype-studio/?tab=techSpecs
[2026-05-07T08:50:24Z] #237 attempt=1/2 status=200 0.832s url=https://www.myfonts.com/products/shree-gujarati-3799-complete-family-package-1145655
[2026-05-07T08:50:25Z] #238 attempt=1/2 status=200 1.103s url=https://www.myfonts.com/collections/shree-gujarati-3799-font-modularinfotech/
[2026-05-07T08:50:26Z] #239 attempt=1/2 status=200 0.493s url=https://www.myfonts.com/collections/shree-gujarati-3799-font-modularinfotech/?tab=techSpecs
[2026-05-07T08:50:28Z] #240 attempt=1/2 status=200 0.491s url=https://www.myfonts.com/collections/shree-gujarati-3799-font-modularinfotech/
[2026-05-07T08:50:28Z] #241 attempt=1/2 status=200 0.423s url=https://www.myfonts.com/products/shree-gujarati-1170-complete-family-package-1145516
[2026-05-07T08:50:29Z] #242 attempt=1/2 status=200 0.509s url=https://www.myfonts.com/collections/shree-gujarati-1170-font-modularinfotech/
[2026-05-07T08:50:30Z] #243 attempt=1/2 status=200 0.718s url=https://www.myfonts.com/collections/shree-gujarati-1170-font-modularinfotech/?tab=techSpecs
[2026-05-07T08:50:31Z] #244 attempt=1/2 status=200 0.174s url=https://www.myfonts.com/collections/shree-gujarati-1170-font-modularinfotech/
[2026-05-07T08:50:32Z] #245 attempt=1/2 status=200 0.518s url=https://www.myfonts.com/products/shree-gujarati-1146-complete-family-package-1145773
[2026-05-07T08:50:33Z] #246 attempt=1/2 status=200 0.660s url=https://www.myfonts.com/collections/shree-gujarati-1146-font-modularinfotech/
[2026-05-07T08:50:34Z] #247 attempt=1/2 status=200 0.622s url=https://www.myfonts.com/collections/shree-gujarati-1146-font-modularinfotech/?tab=techSpecs
[2026-05-07T08:50:35Z] #248 attempt=1/2 status=200 0.553s url=https://www.myfonts.com/collections/shree-gujarati-1146-font-modularinfotech/
[2026-05-07T08:50:36Z] #249 attempt=1/2 status=200 0.498s url=https://www.myfonts.com/products/shree-gujarati-5201-complete-family-package-1145400
[2026-05-07T08:50:36Z] #250 attempt=1/2 status=200 0.431s url=https://www.myfonts.com/collections/shree-gujarati-5201-font-modularinfotech/
[2026-05-07T08:50:37Z] #251 attempt=1/2 status=200 0.641s url=https://www.myfonts.com/collections/shree-gujarati-5201-font-modularinfotech/?tab=techSpecs
[2026-05-07T08:50:38Z] #252 attempt=1/2 status=200 0.188s url=https://www.myfonts.com/collections/shree-gujarati-5201-font-modularinfotech/
[2026-05-07T08:50:39Z] #253 attempt=1/2 status=200 0.378s url=https://www.myfonts.com/products/shree-gujarati-2566-complete-family-package-1145652
[2026-05-07T08:50:40Z] #254 attempt=1/2 status=200 0.484s url=https://www.myfonts.com/collections/shree-gujarati-2566-font-modularinfotech/
[2026-05-07T08:50:40Z] #255 attempt=1/2 status=200 0.203s url=https://www.myfonts.com/collections/shree-gujarati-2566-font-modularinfotech/?tab=techSpecs
[2026-05-07T08:50:42Z] #256 attempt=1/2 status=200 0.461s url=https://www.myfonts.com/collections/shree-gujarati-2566-font-modularinfotech/
[2026-05-07T08:50:42Z] #257 attempt=1/2 status=200 0.461s url=https://www.myfonts.com/products/shree-gujarati-6603-complete-family-package-1145513
[2026-05-07T08:50:43Z] #258 attempt=1/2 status=200 0.464s url=https://www.myfonts.com/collections/shree-gujarati-6603-font-modularinfotech/
[2026-05-07T08:50:44Z] #259 attempt=1/2 status=200 0.843s url=https://www.myfonts.com/collections/shree-gujarati-6603-font-modularinfotech/?tab=techSpecs
[2026-05-07T08:50:46Z] #260 attempt=1/2 status=200 0.370s url=https://www.myfonts.com/products/shree-gujarati-3378-complete-family-package-1145770
[2026-05-07T08:50:46Z] #261 attempt=1/2 status=200 0.604s url=https://www.myfonts.com/collections/shree-gujarati-3378-font-modularinfotech/
[2026-05-07T08:50:47Z] #262 attempt=1/2 status=200 0.658s url=https://www.myfonts.com/collections/shree-gujarati-3378-font-modularinfotech/?tab=techSpecs
[2026-05-07T08:50:49Z] #263 attempt=1/2 status=200 0.171s url=https://www.myfonts.com/collections/shree-gujarati-3378-font-modularinfotech/
[2026-05-07T08:50:50Z] #264 attempt=1/2 status=200 1.424s url=https://www.myfonts.com/products/gorvain-complete-family-package-1146217
[2026-05-07T08:50:53Z] #265 attempt=1/2 status=200 1.900s url=https://www.myfonts.com/collections/gorvain-font-keren-studio/
[2026-05-07T08:50:53Z] #266 attempt=1/2 status=200 0.222s url=https://www.myfonts.com/collections/gorvain-font-keren-studio/?tab=techSpecs
[2026-05-07T08:50:55Z] #267 attempt=1/2 status=200 0.474s url=https://www.myfonts.com/products/shree-gujarati-1127-complete-family-package-1145649
[2026-05-07T08:50:56Z] #268 attempt=1/2 status=200 0.802s url=https://www.myfonts.com/collections/shree-gujarati-1127-font-modularinfotech/
[2026-05-07T08:50:57Z] #269 attempt=1/2 status=200 0.333s url=https://www.myfonts.com/collections/shree-gujarati-1127-font-modularinfotech/?tab=techSpecs
[2026-05-07T08:50:58Z] #270 attempt=1/2 status=200 0.169s url=https://www.myfonts.com/collections/shree-gujarati-1127-font-modularinfotech/
[2026-05-07T08:50:58Z] #271 attempt=1/2 status=200 0.363s url=https://www.myfonts.com/products/shree-gujarati-5207-complete-family-package-1145510
[2026-05-07T08:50:59Z] #272 attempt=1/2 status=200 0.411s url=https://www.myfonts.com/collections/shree-gujarati-5207-font-modularinfotech/
[2026-05-07T08:51:00Z] #273 attempt=1/2 status=200 0.848s url=https://www.myfonts.com/collections/shree-gujarati-5207-font-modularinfotech/?tab=techSpecs
[2026-05-07T08:51:02Z] #274 attempt=1/2 status=200 0.608s url=https://www.myfonts.com/collections/shree-gujarati-5207-font-modularinfotech/
[2026-05-07T08:51:03Z] #275 attempt=1/2 status=200 1.045s url=https://www.myfonts.com/products/shree-gujarati-3381-complete-family-package-1145397
[2026-05-07T08:51:04Z] #276 attempt=1/2 status=200 0.444s url=https://www.myfonts.com/collections/shree-gujarati-3381-font-modularinfotech/
[2026-05-07T08:51:04Z] #277 attempt=1/2 status=200 0.205s url=https://www.myfonts.com/collections/shree-gujarati-3381-font-modularinfotech/?tab=techSpecs
[2026-05-07T08:51:05Z] #278 attempt=1/2 status=200 0.174s url=https://www.myfonts.com/collections/shree-gujarati-3381-font-modularinfotech/
[2026-05-07T08:51:06Z] #279 attempt=1/2 status=200 0.522s url=https://www.myfonts.com/products/belgino-complete-family-package-1146212
[2026-05-07T08:51:07Z] #280 attempt=1/2 status=200 1.018s url=https://www.myfonts.com/collections/belgino-font-blankids/
[2026-05-07T08:51:08Z] #281 attempt=1/2 status=200 0.701s url=https://www.myfonts.com/collections/belgino-font-blankids/?tab=techSpecs
[2026-05-07T08:51:10Z] #282 attempt=1/2 status=200 0.694s url=https://www.myfonts.com/products/shree-gujarati-5712-complete-family-package-1145763
[2026-05-07T08:51:10Z] #283 attempt=1/2 status=200 0.563s url=https://www.myfonts.com/collections/shree-gujarati-5712-font-modularinfotech/
[2026-05-07T08:51:11Z] #284 attempt=1/2 status=200 0.227s url=https://www.myfonts.com/collections/shree-gujarati-5712-font-modularinfotech/?tab=techSpecs
[2026-05-07T08:51:12Z] #285 attempt=1/2 status=200 0.442s url=https://www.myfonts.com/products/tecnostar-complete-family-package-1146202
[2026-05-07T08:51:13Z] #286 attempt=1/2 status=200 0.718s url=https://www.myfonts.com/collections/tecnostar-font-ixipcalli/
[2026-05-07T08:51:14Z] #287 attempt=1/2 status=200 0.680s url=https://www.myfonts.com/collections/tecnostar-font-ixipcalli/?tab=techSpecs
[2026-05-07T08:51:16Z] #288 attempt=1/2 status=200 0.615s url=https://www.myfonts.com/products/shree-gujarati-5215-complete-family-package-1145760
[2026-05-07T08:51:17Z] #289 attempt=1/2 status=200 0.521s url=https://www.myfonts.com/collections/shree-gujarati-5215-font-modularinfotech/
[2026-05-07T08:51:17Z] #290 attempt=1/2 status=200 0.192s url=https://www.myfonts.com/collections/shree-gujarati-5215-font-modularinfotech/?tab=techSpecs
[2026-05-07T08:51:18Z] #291 attempt=1/2 status=200 0.206s url=https://www.myfonts.com/collections/shree-gujarati-5215-font-modularinfotech/
[2026-05-07T08:51:19Z] #292 attempt=1/2 status=200 0.358s url=https://www.myfonts.com/products/shree-gujarati-3770-complete-family-package-1145646
[2026-05-07T08:51:20Z] #293 attempt=1/2 status=200 0.586s url=https://www.myfonts.com/collections/shree-gujarati-3770-font-modularinfotech/
[2026-05-07T08:51:20Z] #294 attempt=1/2 status=200 0.182s url=https://www.myfonts.com/collections/shree-gujarati-3770-font-modularinfotech/?tab=techSpecs
[2026-05-07T08:51:22Z] #295 attempt=1/2 status=200 0.621s url=https://www.myfonts.com/collections/shree-gujarati-3770-font-modularinfotech/
[2026-05-07T08:51:22Z] #296 attempt=1/2 status=200 0.395s url=https://www.myfonts.com/products/shree-gujarati-3772-complete-family-package-1145394
[2026-05-07T08:51:23Z] #297 attempt=1/2 status=200 0.671s url=https://www.myfonts.com/collections/shree-gujarati-3772-font-modularinfotech/
[2026-05-07T08:51:24Z] #298 attempt=1/2 status=200 0.694s url=https://www.myfonts.com/collections/shree-gujarati-3772-font-modularinfotech/?tab=techSpecs
[2026-05-07T08:51:25Z] #299 attempt=1/2 status=200 0.250s url=https://www.myfonts.com/collections/shree-gujarati-3772-font-modularinfotech/
[2026-05-07T08:51:26Z] #300 attempt=1/2 status=200 0.563s url=https://www.myfonts.com/products/shree-gujarati-2500-complete-family-package-1145507
[2026-05-07T08:51:27Z] #301 attempt=1/2 status=200 0.710s url=https://www.myfonts.com/collections/shree-gujarati-2500-font-modularinfotech/
[2026-05-07T08:51:28Z] #302 attempt=1/2 status=200 0.644s url=https://www.myfonts.com/collections/shree-gujarati-2500-font-modularinfotech/?tab=techSpecs
[2026-05-07T08:51:30Z] #303 attempt=1/2 status=200 0.702s url=https://www.myfonts.com/collections/shree-gujarati-2500-font-modularinfotech/
[2026-05-07T08:51:31Z] #304 attempt=1/2 status=200 0.898s url=https://www.myfonts.com/products/womcer-basic-family-package-1146180
[2026-05-07T08:51:32Z] #305 attempt=1/2 status=200 1.030s url=https://www.myfonts.com/collections/womcer-font-outerend/
[2026-05-07T08:51:33Z] #306 attempt=1/2 status=200 0.720s url=https://www.myfonts.com/collections/womcer-font-outerend/?tab=techSpecs
[2026-05-07T08:51:35Z] #307 attempt=1/2 status=200 0.433s url=https://www.myfonts.com/products/shree-gujarati-5754-complete-family-package-1145643
[2026-05-07T08:51:35Z] #308 attempt=1/2 status=200 0.551s url=https://www.myfonts.com/collections/shree-gujarati-5754-font-modularinfotech/
[2026-05-07T08:51:36Z] #309 attempt=1/2 status=200 0.552s url=https://www.myfonts.com/collections/shree-gujarati-5754-font-modularinfotech/?tab=techSpecs
[2026-05-07T08:51:38Z] #310 attempt=1/2 status=200 0.435s url=https://www.myfonts.com/products/shree-gujarati-1162-complete-family-package-1145391
[2026-05-07T08:51:38Z] #311 attempt=1/2 status=200 0.453s url=https://www.myfonts.com/collections/shree-gujarati-1162-font-modularinfotech/
[2026-05-07T08:51:39Z] #312 attempt=1/2 status=200 0.173s url=https://www.myfonts.com/collections/shree-gujarati-1162-font-modularinfotech/?tab=techSpecs
[2026-05-07T08:51:40Z] #313 attempt=1/2 status=200 0.584s url=https://www.myfonts.com/collections/shree-gujarati-1162-font-modularinfotech/
[2026-05-07T08:51:41Z] #314 attempt=1/2 status=200 0.463s url=https://www.myfonts.com/products/shree-gujarati-3734-complete-family-package-1145757
[2026-05-07T08:51:42Z] #315 attempt=1/2 status=200 0.514s url=https://www.myfonts.com/collections/shree-gujarati-3734-font-modularinfotech/
[2026-05-07T08:51:43Z] #316 attempt=1/2 status=200 0.512s url=https://www.myfonts.com/collections/shree-gujarati-3734-font-modularinfotech/?tab=techSpecs
[2026-05-07T08:51:44Z] #317 attempt=1/2 status=200 0.495s url=https://www.myfonts.com/collections/shree-gujarati-3734-font-modularinfotech/
[2026-05-07T08:51:45Z] #318 attempt=1/6 status=200 0.909s url=https://www.myfonts.com/products.json?limit=100&page=14
[2026-05-07T08:51:46Z] #319 attempt=1/2 status=200 0.421s url=https://www.myfonts.com/products/shree-gujarati-5220-complete-family-package-1145504
[2026-05-07T08:51:47Z] #320 attempt=1/2 status=200 0.486s url=https://www.myfonts.com/collections/shree-gujarati-5220-font-modularinfotech/
[2026-05-07T08:51:47Z] #321 attempt=1/2 status=429 0.046s url=https://www.myfonts.com/collections/shree-gujarati-5220-font-modularinfotech/?tab=techSpecs
[2026-05-07T08:51:47Z] first_429 req=321 url=https://www.myfonts.com/collections/shree-gujarati-5220-font-modularinfotech/?tab=techSpecs
[2026-05-07T08:51:50Z] #322 attempt=2/2 status=200 0.659s url=https://www.myfonts.com/collections/shree-gujarati-5220-font-modularinfotech/?tab=techSpecs
[2026-05-07T08:51:51Z] #323 attempt=1/2 status=200 0.187s url=https://www.myfonts.com/collections/shree-gujarati-5220-font-modularinfotech/
[2026-05-07T08:51:52Z] #324 attempt=1/2 status=200 0.522s url=https://www.myfonts.com/products/shree-gujarati-1153-complete-family-package-1145388
[2026-05-07T08:51:53Z] #325 attempt=1/2 status=200 0.817s url=https://www.myfonts.com/collections/shree-gujarati-1153-font-modularinfotech/
[2026-05-07T08:51:54Z] #326 attempt=1/2 status=200 0.505s url=https://www.myfonts.com/collections/shree-gujarati-1153-font-modularinfotech/
[2026-05-07T08:51:54Z] #327 attempt=1/2 status=200 0.396s url=https://www.myfonts.com/products/shree-gujarati-5216-complete-family-package-1145640
[2026-05-07T08:51:55Z] #328 attempt=1/2 status=200 0.520s url=https://www.myfonts.com/collections/shree-gujarati-5216-font-modularinfotech/
[2026-05-07T08:51:56Z] #329 attempt=1/2 status=200 0.525s url=https://www.myfonts.com/collections/shree-gujarati-5216-font-modularinfotech/
[2026-05-07T08:51:57Z] #330 attempt=1/2 status=200 0.418s url=https://www.myfonts.com/products/shree-gujarati-5789-complete-family-package-1145754
[2026-05-07T08:51:57Z] #331 attempt=1/2 status=200 0.551s url=https://www.myfonts.com/collections/shree-gujarati-5789-font-modularinfotech/
[2026-05-07T08:51:58Z] #332 attempt=1/2 status=200 0.515s url=https://www.myfonts.com/products/warasarn-complete-family-package-1146181
[2026-05-07T08:51:58Z] #333 attempt=1/2 status=429 0.047s url=https://www.myfonts.com/collections/warasarn-font-jipatype/
[2026-05-07T08:52:02Z] #334 attempt=2/2 status=200 1.286s url=https://www.myfonts.com/collections/warasarn-font-jipatype/
[2026-05-07T08:52:03Z] #335 attempt=1/2 status=200 0.443s url=https://www.myfonts.com/products/shree-gujarati-1156-complete-family-package-1145501
[2026-05-07T08:52:04Z] #336 attempt=1/2 status=200 0.876s url=https://www.myfonts.com/collections/shree-gujarati-1156-font-modularinfotech/
[2026-05-07T08:52:05Z] #337 attempt=1/2 status=200 0.417s url=https://www.myfonts.com/collections/shree-gujarati-1156-font-modularinfotech/
[2026-05-07T08:52:05Z] #338 attempt=1/2 status=200 0.478s url=https://www.myfonts.com/products/shree-gujarati-3304-complete-family-package-1145637
[2026-05-07T08:52:06Z] #339 attempt=1/2 status=200 0.511s url=https://www.myfonts.com/collections/shree-gujarati-3304-font-modularinfotech/
[2026-05-07T08:52:07Z] #340 attempt=1/2 status=200 0.514s url=https://www.myfonts.com/collections/shree-gujarati-3304-font-modularinfotech/
[2026-05-07T08:52:07Z] #341 attempt=1/2 status=200 0.380s url=https://www.myfonts.com/products/shree-gujarati-5214-complete-family-package-1145751
[2026-05-07T08:52:08Z] #342 attempt=1/2 status=200 0.478s url=https://www.myfonts.com/collections/shree-gujarati-5214-font-modularinfotech/
[2026-05-07T08:52:09Z] #343 attempt=1/2 status=200 0.649s url=https://www.myfonts.com/collections/shree-gujarati-5214-font-modularinfotech/
[2026-05-07T08:52:10Z] #344 attempt=1/2 status=200 0.479s url=https://www.myfonts.com/products/shree-gujarati-0788-complete-family-package-1145385
[2026-05-07T08:52:11Z] #345 attempt=1/2 status=200 0.578s url=https://www.myfonts.com/collections/shree-gujarati-0788-font-modularinfotech/
[2026-05-07T08:52:11Z] #346 attempt=1/2 status=200 0.542s url=https://www.myfonts.com/collections/shree-gujarati-0788-font-modularinfotech/
[2026-05-07T08:52:12Z] #347 attempt=1/2 status=200 0.347s url=https://www.myfonts.com/products/shree-gujarati-2573-complete-family-package-1145634
[2026-05-07T08:52:12Z] #348 attempt=1/2 status=429 0.127s url=https://www.myfonts.com/collections/shree-gujarati-2573-font-modularinfotech/
[2026-05-07T08:52:15Z] #349 attempt=2/2 status=200 0.712s url=https://www.myfonts.com/collections/shree-gujarati-2573-font-modularinfotech/
[2026-05-07T08:52:16Z] #350 attempt=1/2 status=200 0.779s url=https://www.myfonts.com/collections/shree-gujarati-2573-font-modularinfotech/
[2026-05-07T08:52:17Z] #351 attempt=1/2 status=200 0.499s url=https://www.myfonts.com/products/chimango-complete-family-package-1146155
[2026-05-07T08:52:18Z] #352 attempt=1/2 status=200 0.612s url=https://www.myfonts.com/collections/chimango-font-sudtipos/
[2026-05-07T08:52:19Z] #353 attempt=1/2 status=200 0.392s url=https://www.myfonts.com/products/shree-gujarati-3370-complete-family-package-1145498
[2026-05-07T08:52:19Z] #354 attempt=1/2 status=200 0.530s url=https://www.myfonts.com/collections/shree-gujarati-3370-font-modularinfotech/
[2026-05-07T08:52:20Z] #355 attempt=1/2 status=200 0.463s url=https://www.myfonts.com/collections/shree-gujarati-3370-font-modularinfotech/
[2026-05-07T08:52:21Z] #356 attempt=1/2 status=200 0.474s url=https://www.myfonts.com/products/shree-gujarati-2563-complete-family-package-1145382
[2026-05-07T08:52:22Z] #357 attempt=1/2 status=200 0.517s url=https://www.myfonts.com/collections/shree-gujarati-2563-font-modularinfotech/
[2026-05-07T08:52:22Z] #358 attempt=1/2 status=200 0.504s url=https://www.myfonts.com/collections/shree-gujarati-2563-font-modularinfotech/
[2026-05-07T08:52:23Z] #359 attempt=1/2 status=429 0.056s url=https://www.myfonts.com/products/gaglio-complete-family-package-1146136
[2026-05-07T08:52:26Z] #360 attempt=2/2 status=200 0.646s url=https://www.myfonts.com/products/gaglio-complete-family-package-1146136
[2026-05-07T08:52:27Z] #361 attempt=1/2 status=200 0.850s url=https://www.myfonts.com/collections/gaglio-font-marvadesign/
[2026-05-07T08:52:28Z] #362 attempt=1/2 status=200 0.461s url=https://www.myfonts.com/products/shree-gujarati-2559-complete-family-package-1145748
[2026-05-07T08:52:28Z] #363 attempt=1/2 status=200 0.553s url=https://www.myfonts.com/collections/shree-gujarati-2559-font-modularinfotech/
[2026-05-07T08:52:29Z] #364 attempt=1/2 status=200 0.598s url=https://www.myfonts.com/collections/shree-gujarati-2559-font-modularinfotech/
[2026-05-07T08:52:30Z] #365 attempt=1/2 status=200 0.387s url=https://www.myfonts.com/products/shree-gujarati-2506-complete-family-package-1145495
[2026-05-07T08:52:31Z] #366 attempt=1/2 status=200 0.567s url=https://www.myfonts.com/collections/shree-gujarati-2506-font-modularinfotech/
[2026-05-07T08:52:31Z] #367 attempt=1/2 status=200 0.465s url=https://www.myfonts.com/collections/shree-gujarati-2506-font-modularinfotech/
[2026-05-07T08:52:32Z] #368 attempt=1/2 status=200 0.432s url=https://www.myfonts.com/products/shree-gujarati-5203-complete-family-package-1145631
[2026-05-07T08:52:33Z] #369 attempt=1/2 status=200 0.450s url=https://www.myfonts.com/collections/shree-gujarati-5203-font-modularinfotech/
[2026-05-07T08:52:33Z] #370 attempt=1/2 status=200 0.204s url=https://www.myfonts.com/collections/shree-gujarati-5203-font-modularinfotech/
[2026-05-07T08:52:34Z] #371 attempt=1/2 status=429 0.042s url=https://www.myfonts.com/products/shree-gujarati-2589-complete-family-package-1145379
[2026-05-07T08:52:36Z] #372 attempt=2/2 status=200 0.474s url=https://www.myfonts.com/products/shree-gujarati-2589-complete-family-package-1145379
[2026-05-07T08:52:37Z] #373 attempt=1/2 status=200 0.635s url=https://www.myfonts.com/collections/shree-gujarati-2589-font-modularinfotech/
[2026-05-07T08:52:38Z] #374 attempt=1/2 status=200 0.191s url=https://www.myfonts.com/collections/shree-gujarati-2589-font-modularinfotech/
[2026-05-07T08:52:38Z] #375 attempt=1/2 status=200 0.361s url=https://www.myfonts.com/products/correct-complete-family-package-1146133
[2026-05-07T08:52:39Z] #376 attempt=1/2 status=200 0.496s url=https://www.myfonts.com/collections/correct-font-sensatype-studio/
[2026-05-07T08:52:40Z] #377 attempt=1/2 status=200 0.311s url=https://www.myfonts.com/products/shree-gujarati-3773-complete-family-package-1145745
[2026-05-07T08:52:40Z] #378 attempt=1/2 status=429 0.048s url=https://www.myfonts.com/collections/shree-gujarati-3773-font-modularinfotech/
[2026-05-07T08:52:43Z] #379 attempt=2/2 status=200 0.692s url=https://www.myfonts.com/collections/shree-gujarati-3773-font-modularinfotech/
[2026-05-07T08:52:44Z] #380 attempt=1/2 status=200 0.633s url=https://www.myfonts.com/collections/shree-gujarati-3773-font-modularinfotech/
[2026-05-07T08:52:44Z] #381 attempt=1/2 status=200 0.533s url=https://www.myfonts.com/products/make-things-complete-family-package-1146125
[2026-05-07T08:52:45Z] #382 attempt=1/2 status=200 0.623s url=https://www.myfonts.com/collections/make-things-font-afkari-studio/
[2026-05-07T08:52:46Z] #383 attempt=1/2 status=200 0.540s url=https://www.myfonts.com/products/shree-gujarati-2501-complete-family-package-1145628
[2026-05-07T08:52:47Z] #384 attempt=1/2 status=200 0.640s url=https://www.myfonts.com/collections/shree-gujarati-2501-font-modularinfotech/
[2026-05-07T08:52:48Z] #385 attempt=1/2 status=200 0.437s url=https://www.myfonts.com/collections/shree-gujarati-2501-font-modularinfotech/
[2026-05-07T08:52:48Z] #386 attempt=1/2 status=200 0.401s url=https://www.myfonts.com/products/shree-gujarati-5243-complete-family-package-1145376
[2026-05-07T08:52:49Z] #387 attempt=1/2 status=200 0.587s url=https://www.myfonts.com/collections/shree-gujarati-5243-font-modularinfotech/
[2026-05-07T08:52:50Z] #388 attempt=1/2 status=200 0.367s url=https://www.myfonts.com/products/shree-gujarati-3781-complete-family-package-1145742
[2026-05-07T08:52:50Z] #389 attempt=1/2 status=429 0.045s url=https://www.myfonts.com/collections/shree-gujarati-3781-font-modularinfotech/
[2026-05-07T08:52:53Z] #390 attempt=2/2 status=200 0.630s url=https://www.myfonts.com/collections/shree-gujarati-3781-font-modularinfotech/
[2026-05-07T08:52:53Z] #391 attempt=1/2 status=200 0.197s url=https://www.myfonts.com/collections/shree-gujarati-3781-font-modularinfotech/
[2026-05-07T08:52:54Z] #392 attempt=1/2 status=200 0.354s url=https://www.myfonts.com/products/shree-gujarati-3783-complete-family-package-1145492
[2026-05-07T08:52:55Z] #393 attempt=1/2 status=200 0.680s url=https://www.myfonts.com/collections/shree-gujarati-3783-font-modularinfotech/
[2026-05-07T08:52:55Z] #394 attempt=1/2 status=200 0.161s url=https://www.myfonts.com/collections/shree-gujarati-3783-font-modularinfotech/
[2026-05-07T08:52:56Z] #395 attempt=1/2 status=200 0.430s url=https://www.myfonts.com/products/bosden-complete-family-package-1146030
[2026-05-07T08:52:56Z] #396 attempt=1/2 status=429 0.046s url=https://www.myfonts.com/collections/bosden-font-sekyra-lab/
[2026-05-07T08:52:59Z] #397 attempt=2/2 status=200 0.709s url=https://www.myfonts.com/collections/bosden-font-sekyra-lab/
[2026-05-07T08:53:00Z] #398 attempt=1/2 status=200 0.374s url=https://www.myfonts.com/products/shree-gujarati-3794-complete-family-package-1145625
[2026-05-07T08:53:01Z] #399 attempt=1/2 status=200 0.505s url=https://www.myfonts.com/collections/shree-gujarati-3794-font-modularinfotech/
[2026-05-07T08:53:02Z] #400 attempt=1/2 status=200 0.685s url=https://www.myfonts.com/collections/shree-gujarati-3794-font-modularinfotech/
[2026-05-07T08:53:02Z] #401 attempt=1/2 status=200 0.390s url=https://www.myfonts.com/products/shree-gujarati-3320-complete-family-package-1145739
[2026-05-07T08:53:03Z] #402 attempt=1/2 status=200 0.633s url=https://www.myfonts.com/collections/shree-gujarati-3320-font-modularinfotech/
[2026-05-07T08:53:04Z] #403 attempt=1/2 status=200 0.601s url=https://www.myfonts.com/collections/shree-gujarati-3320-font-modularinfotech/
[2026-05-07T08:53:05Z] #404 attempt=1/2 status=200 0.408s url=https://www.myfonts.com/products/aselami-complete-family-package-1146027
[2026-05-07T08:53:05Z] #405 attempt=1/2 status=200 0.437s url=https://www.myfonts.com/collections/aselami-font-made-deduk/
[2026-05-07T08:53:06Z] #406 attempt=1/2 status=200 0.406s url=https://www.myfonts.com/products/shree-gujarati-3793-complete-family-package-1145489
[2026-05-07T08:53:06Z] #407 attempt=1/2 status=429 0.043s url=https://www.myfonts.com/collections/shree-gujarati-3793-font-modularinfotech/
[2026-05-07T08:53:09Z] #408 attempt=2/2 status=200 0.602s url=https://www.myfonts.com/collections/shree-gujarati-3793-font-modularinfotech/
[2026-05-07T08:53:10Z] #409 attempt=1/2 status=200 0.184s url=https://www.myfonts.com/collections/shree-gujarati-3793-font-modularinfotech/
[2026-05-07T08:53:10Z] #410 attempt=1/2 status=200 0.358s url=https://www.myfonts.com/products/shree-gujarati-3744-complete-family-package-1145736
[2026-05-07T08:53:11Z] #411 attempt=1/2 status=200 0.581s url=https://www.myfonts.com/collections/shree-gujarati-3744-font-modularinfotech/
[2026-05-07T08:53:12Z] #412 attempt=1/2 status=200 0.617s url=https://www.myfonts.com/collections/shree-gujarati-3744-font-modularinfotech/
[2026-05-07T08:53:13Z] #413 attempt=1/2 status=200 0.447s url=https://www.myfonts.com/products/shree-gujarati-3795-complete-family-package-1145622
[2026-05-07T08:53:14Z] #414 attempt=1/2 status=200 0.665s url=https://www.myfonts.com/collections/shree-gujarati-3795-font-modularinfotech/
[2026-05-07T08:53:15Z] #415 attempt=1/2 status=200 0.821s url=https://www.myfonts.com/collections/shree-gujarati-3795-font-modularinfotech/
[2026-05-07T08:53:17Z] #416 attempt=1/2 status=200 1.790s url=https://www.myfonts.com/products/clean-package-1145312
[2026-05-07T08:53:20Z] #417 attempt=1/2 status=200 2.989s url=https://www.myfonts.com/collections/mixera-font-seniors-studio/
[2026-05-07T08:53:21Z] #418 attempt=1/2 status=200 0.467s url=https://www.myfonts.com/products/violet-star-complete-family-package-1146022
[2026-05-07T08:53:22Z] #419 attempt=1/2 status=200 0.586s url=https://www.myfonts.com/collections/violet-star-font-attype-studio/
[2026-05-07T08:53:23Z] #420 attempt=1/2 status=200 0.573s url=https://www.myfonts.com/products/shree-gujarati-2553-complete-family-package-1145486
[2026-05-07T08:53:24Z] #421 attempt=1/2 status=200 0.624s url=https://www.myfonts.com/collections/shree-gujarati-2553-font-modularinfotech/
[2026-05-07T08:53:24Z] #422 attempt=1/2 status=200 0.208s url=https://www.myfonts.com/collections/shree-gujarati-2553-font-modularinfotech/
[2026-05-07T08:53:25Z] #423 attempt=1/2 status=200 0.354s url=https://www.myfonts.com/products/shree-gujarati-5230-complete-family-package-1145619
[2026-05-07T08:53:26Z] #424 attempt=1/2 status=200 0.537s url=https://www.myfonts.com/collections/shree-gujarati-5230-font-modularinfotech/
[2026-05-07T08:53:27Z] #425 attempt=1/2 status=200 0.385s url=https://www.myfonts.com/products/shree-gujarati-1136-complete-family-package-1145733
[2026-05-07T08:53:27Z] #426 attempt=1/2 status=200 0.427s url=https://www.myfonts.com/collections/shree-gujarati-1136-font-modularinfotech/
[2026-05-07T08:53:28Z] #427 attempt=1/2 status=200 0.376s url=https://www.myfonts.com/collections/shree-gujarati-1136-font-modularinfotech/
[2026-05-07T08:53:30Z] #428 attempt=1/2 status=200 2.002s url=https://www.myfonts.com/products/brastine-complete-family-package-1146019
[2026-05-07T08:53:34Z] #429 attempt=1/2 status=200 3.145s url=https://www.myfonts.com/collections/brastine-font-mantype-studio/
[2026-05-07T08:53:35Z] #430 attempt=1/2 status=200 0.501s url=https://www.myfonts.com/products/shree-gujarati-3777-complete-family-package-1145616
[2026-05-07T08:53:36Z] #431 attempt=1/2 status=200 0.614s url=https://www.myfonts.com/collections/shree-gujarati-3777-font-modularinfotech/
[2026-05-07T08:53:37Z] #432 attempt=1/2 status=200 0.502s url=https://www.myfonts.com/collections/shree-gujarati-3777-font-modularinfotech/
[2026-05-07T08:53:37Z] #433 attempt=1/2 status=200 0.395s url=https://www.myfonts.com/products/shree-gujarati-1155-complete-family-package-1145483
[2026-05-07T08:53:38Z] #434 attempt=1/2 status=200 0.515s url=https://www.myfonts.com/collections/shree-gujarati-1155-font-modularinfotech/
[2026-05-07T08:53:39Z] #435 attempt=1/2 status=200 0.508s url=https://www.myfonts.com/collections/shree-gujarati-1155-font-modularinfotech/
[2026-05-07T08:53:40Z] #436 attempt=1/2 status=200 0.446s url=https://www.myfonts.com/products/shree-gujarati-0789-complete-family-package-1145730
[2026-05-07T08:53:40Z] #437 attempt=1/2 status=200 0.507s url=https://www.myfonts.com/collections/shree-gujarati-0789-font-modularinfotech/
[2026-05-07T08:53:41Z] #438 attempt=1/2 status=200 0.243s url=https://www.myfonts.com/collections/shree-gujarati-0789-font-modularinfotech/
[2026-05-07T08:53:41Z] #439 attempt=1/2 status=200 0.361s url=https://www.myfonts.com/products/ardellea-complete-family-package-1146016
[2026-05-07T08:53:42Z] #440 attempt=1/2 status=200 0.512s url=https://www.myfonts.com/collections/ardellea-font-din-studio/
[2026-05-07T08:53:43Z] #441 attempt=1/2 status=200 0.465s url=https://www.myfonts.com/products/raxmus-complete-family-package-1144095
[2026-05-07T08:53:44Z] #442 attempt=1/2 status=200 0.918s url=https://www.myfonts.com/collections/raxmus-font-paulo-goode/
[2026-05-07T08:53:45Z] #443 attempt=1/2 status=200 0.519s url=https://www.myfonts.com/products/shree-gujarati-2521-complete-family-package-1145613
[2026-05-07T08:53:46Z] #444 attempt=1/2 status=200 0.448s url=https://www.myfonts.com/collections/shree-gujarati-2521-font-modularinfotech/
[2026-05-07T08:53:46Z] #445 attempt=1/2 status=200 0.192s url=https://www.myfonts.com/collections/shree-gujarati-2521-font-modularinfotech/
[2026-05-07T08:53:47Z] #446 attempt=1/2 status=200 0.339s url=https://www.myfonts.com/products/shree-gujarati-3327-complete-family-package-1145480
[2026-05-07T08:53:47Z] #447 attempt=1/2 status=429 0.049s url=https://www.myfonts.com/collections/shree-gujarati-3327-font-modularinfotech/
[2026-05-07T08:53:50Z] #448 attempt=2/2 status=200 0.945s url=https://www.myfonts.com/collections/shree-gujarati-3327-font-modularinfotech/
[2026-05-07T08:53:51Z] #449 attempt=1/2 status=200 0.212s url=https://www.myfonts.com/collections/shree-gujarati-3327-font-modularinfotech/
[2026-05-07T08:53:51Z] #450 attempt=1/2 status=200 0.442s url=https://www.myfonts.com/products/novarix-complete-family-package-1146013
[2026-05-07T08:53:52Z] #451 attempt=1/2 status=200 0.686s url=https://www.myfonts.com/collections/novarix-font-din-studio/
[2026-05-07T08:53:54Z] #452 attempt=1/2 status=200 1.126s url=https://www.myfonts.com/products/slabdon-complete-family-package-1140798
[2026-05-07T08:53:56Z] #453 attempt=1/2 status=200 1.848s url=https://www.myfonts.com/collections/slabdon-font-tipo-pepel/
[2026-05-07T08:53:57Z] #454 attempt=1/2 status=200 0.408s url=https://www.myfonts.com/products/shree-gujarati-1157-complete-family-package-1145727
[2026-05-07T08:53:58Z] #455 attempt=1/2 status=200 0.645s url=https://www.myfonts.com/collections/shree-gujarati-1157-font-modularinfotech/
[2026-05-07T08:53:58Z] #456 attempt=1/2 status=200 0.170s url=https://www.myfonts.com/collections/shree-gujarati-1157-font-modularinfotech/
[2026-05-07T08:53:59Z] #457 attempt=1/2 status=200 0.332s url=https://www.myfonts.com/products/shree-gujarati-2532-complete-family-package-1145610
[2026-05-07T08:54:00Z] #458 attempt=1/2 status=200 0.547s url=https://www.myfonts.com/collections/shree-gujarati-2532-font-modularinfotech/
[2026-05-07T08:54:01Z] #459 attempt=1/2 status=200 0.812s url=https://www.myfonts.com/collections/shree-gujarati-2532-font-modularinfotech/
[2026-05-07T08:54:02Z] #460 attempt=1/2 status=200 0.604s url=https://www.myfonts.com/products/the-barchella-complete-family-package-1146008
[2026-05-07T08:54:02Z] #461 attempt=1/2 status=200 0.569s url=https://www.myfonts.com/collections/the-barchella-font-great-studio/
[2026-05-07T08:54:03Z] #462 attempt=1/2 status=200 0.490s url=https://www.myfonts.com/products/shree-gujarati-3778-complete-family-package-1145477
[2026-05-07T08:54:04Z] #463 attempt=1/2 status=200 0.418s url=https://www.myfonts.com/collections/shree-gujarati-3778-font-modularinfotech/
[2026-05-07T08:54:05Z] #464 attempt=1/2 status=200 0.502s url=https://www.myfonts.com/collections/shree-gujarati-3778-font-modularinfotech/
[2026-05-07T08:54:05Z] #465 attempt=1/2 status=200 0.431s url=https://www.myfonts.com/products/shree-gujarati-3302-complete-family-package-1145724
[2026-05-07T08:54:06Z] #466 attempt=1/2 status=429 0.044s url=https://www.myfonts.com/collections/shree-gujarati-3302-font-modularinfotech/
[2026-05-07T08:54:08Z] #467 attempt=2/2 status=200 0.502s url=https://www.myfonts.com/collections/shree-gujarati-3302-font-modularinfotech/
[2026-05-07T08:54:09Z] #468 attempt=1/2 status=200 0.196s url=https://www.myfonts.com/collections/shree-gujarati-3302-font-modularinfotech/
[2026-05-07T08:54:10Z] #469 attempt=1/2 status=200 0.425s url=https://www.myfonts.com/products/dessert-better-complete-family-package-1146004
[2026-05-07T08:54:10Z] #470 attempt=1/2 status=200 0.669s url=https://www.myfonts.com/collections/dessert-better-font-bale-type/
[2026-05-07T08:54:11Z] #471 attempt=1/2 status=200 0.472s url=https://www.myfonts.com/products/clarice-complete-family-package-1146707
[2026-05-07T08:54:12Z] #472 attempt=1/2 status=200 0.877s url=https://www.myfonts.com/collections/clarice-font-garagefonts/
[2026-05-07T08:54:13Z] #473 attempt=1/2 status=200 0.366s url=https://www.myfonts.com/products/shree-gujarati-3335-complete-family-package-1145607
[2026-05-07T08:54:14Z] #474 attempt=1/2 status=200 0.528s url=https://www.myfonts.com/collections/shree-gujarati-3335-font-modularinfotech/
[2026-05-07T08:54:14Z] #475 attempt=1/2 status=200 0.197s url=https://www.myfonts.com/collections/shree-gujarati-3335-font-modularinfotech/
[2026-05-07T08:54:15Z] #476 attempt=1/2 status=429 0.045s url=https://www.myfonts.com/products/shree-gujarati-3797-complete-family-package-1145474
[2026-05-07T08:54:17Z] #477 attempt=2/2 status=200 0.510s url=https://www.myfonts.com/products/shree-gujarati-3797-complete-family-package-1145474
[2026-05-07T08:54:18Z] #478 attempt=1/2 status=200 0.518s url=https://www.myfonts.com/collections/shree-gujarati-3797-font-modularinfotech/
[2026-05-07T08:54:19Z] #479 attempt=1/2 status=200 0.560s url=https://www.myfonts.com/collections/shree-gujarati-3797-font-modularinfotech/
[2026-05-07T08:54:19Z] #480 attempt=1/2 status=200 0.364s url=https://www.myfonts.com/products/shree-gujarati-0784-complete-family-package-1145721
[2026-05-07T08:54:20Z] #481 attempt=1/2 status=200 0.602s url=https://www.myfonts.com/collections/shree-gujarati-0784-font-modularinfotech/
[2026-05-07T08:54:21Z] #482 attempt=1/2 status=200 0.155s url=https://www.myfonts.com/collections/shree-gujarati-0784-font-modularinfotech/
[2026-05-07T08:54:21Z] #483 attempt=1/2 status=429 0.052s url=https://www.myfonts.com/products/samaritan-tall-lower-complete-family-package-1146698
[2026-05-07T08:54:24Z] #484 attempt=2/2 status=200 0.578s url=https://www.myfonts.com/products/samaritan-tall-lower-complete-family-package-1146698
[2026-05-07T08:54:25Z] #485 attempt=1/2 status=200 0.595s url=https://www.myfonts.com/collections/samaritan-tall-lower-font-comicraft/
[2026-05-07T08:54:25Z] #486 attempt=1/2 status=200 0.456s url=https://www.myfonts.com/products/shree-gujarati-3384-complete-family-package-1145604
[2026-05-07T08:54:26Z] #487 attempt=1/2 status=200 0.503s url=https://www.myfonts.com/collections/shree-gujarati-3384-font-modularinfotech/
[2026-05-07T08:54:27Z] #488 attempt=1/2 status=200 0.498s url=https://www.myfonts.com/collections/shree-gujarati-3384-font-modularinfotech/
[2026-05-07T08:54:28Z] #489 attempt=1/2 status=200 0.732s url=https://www.myfonts.com/products/cavellis-expanded-italic-package-1146002
[2026-05-07T08:54:31Z] #490 attempt=1/2 status=200 2.845s url=https://www.myfonts.com/collections/cavellis-serif-font-zane-studio/
[2026-05-07T08:54:32Z] #491 attempt=1/2 status=200 0.343s url=https://www.myfonts.com/products/shree-gujarati-3750-complete-family-package-1145718
[2026-05-07T08:54:33Z] #492 attempt=1/2 status=200 0.522s url=https://www.myfonts.com/collections/shree-gujarati-3750-font-modularinfotech/
[2026-05-07T08:54:33Z] #493 attempt=1/2 status=200 0.396s url=https://www.myfonts.com/collections/shree-gujarati-3750-font-modularinfotech/
[2026-05-07T08:54:34Z] #494 attempt=1/2 status=200 0.405s url=https://www.myfonts.com/products/shree-gujarati-3373-complete-family-package-1145471
[2026-05-07T08:54:35Z] #495 attempt=1/2 status=200 0.505s url=https://www.myfonts.com/collections/shree-gujarati-3373-font-modularinfotech/
[2026-05-07T08:54:36Z] #496 attempt=1/2 status=200 0.566s url=https://www.myfonts.com/collections/shree-gujarati-3373-font-modularinfotech/
[2026-05-07T08:54:36Z] #497 attempt=1/2 status=200 0.519s url=https://www.myfonts.com/products/beautiful-danila-italic-complete-family-package-1146357
[2026-05-07T08:54:37Z] #498 attempt=1/2 status=200 0.524s url=https://www.myfonts.com/collections/beautiful-danila-italic-font-yoga-letter/
[2026-05-07T08:54:38Z] #499 attempt=1/2 status=200 0.372s url=https://www.myfonts.com/products/shree-gujarati-5765-complete-family-package-1145599
[2026-05-07T08:54:39Z] #500 attempt=1/2 status=200 0.507s url=https://www.myfonts.com/collections/shree-gujarati-5765-font-modularinfotech/
[2026-05-07T08:54:40Z] #501 attempt=1/2 status=200 1.594s url=https://www.myfonts.com/products/astheric-complete-family-package-1146514
[2026-05-07T08:54:43Z] #502 attempt=1/2 status=200 2.467s url=https://www.myfonts.com/collections/astheric-font-mantype-studio/
[2026-05-07T08:54:44Z] #503 attempt=1/2 status=200 0.385s url=https://www.myfonts.com/products/shree-gujarati-3771-complete-family-package-1145715
[2026-05-07T08:54:45Z] #504 attempt=1/2 status=200 0.603s url=https://www.myfonts.com/collections/shree-gujarati-3771-font-modularinfotech/
[2026-05-07T08:54:46Z] #505 attempt=1/2 status=200 0.477s url=https://www.myfonts.com/collections/shree-gujarati-3771-font-modularinfotech/
[2026-05-07T08:54:47Z] #506 attempt=1/2 status=200 0.423s url=https://www.myfonts.com/products/shree-gujarati-2595-complete-family-package-1145468
[2026-05-07T08:54:47Z] #507 attempt=1/2 status=200 0.508s url=https://www.myfonts.com/collections/shree-gujarati-2595-font-modularinfotech/
[2026-05-07T08:54:48Z] #508 attempt=1/2 status=200 0.160s url=https://www.myfonts.com/collections/shree-gujarati-2595-font-modularinfotech/
[2026-05-07T08:54:49Z] #509 attempt=1/2 status=200 0.395s url=https://www.myfonts.com/products/shree-gujarati-3366-complete-family-package-1145596
[2026-05-07T08:54:49Z] #510 attempt=1/2 status=200 0.480s url=https://www.myfonts.com/collections/shree-gujarati-3366-font-modularinfotech/
[2026-05-07T08:54:50Z] #511 attempt=1/2 status=200 0.156s url=https://www.myfonts.com/collections/shree-gujarati-3366-font-modularinfotech/
[2026-05-07T08:54:50Z] #512 attempt=1/2 status=429 0.045s url=https://www.myfonts.com/products/armet-complete-family-package-1146505
[2026-05-07T08:54:53Z] #513 attempt=2/2 status=200 0.638s url=https://www.myfonts.com/products/armet-complete-family-package-1146505
[2026-05-07T08:54:54Z] #514 attempt=1/2 status=200 0.543s url=https://www.myfonts.com/collections/armet-font-multiformis/
[2026-05-07T08:54:54Z] #515 attempt=1/2 status=200 0.503s url=https://www.myfonts.com/products/shree-gujarati-3789-complete-family-package-1145712
[2026-05-07T08:54:55Z] #516 attempt=1/2 status=200 0.717s url=https://www.myfonts.com/collections/shree-gujarati-3789-font-modularinfotech/
[2026-05-07T08:54:56Z] #517 attempt=1/2 status=200 0.204s url=https://www.myfonts.com/collections/shree-gujarati-3789-font-modularinfotech/
[2026-05-07T08:54:57Z] #518 attempt=1/2 status=200 0.369s url=https://www.myfonts.com/products/shree-gujarati-5223-complete-family-package-1145465
[2026-05-07T08:54:58Z] #519 attempt=1/2 status=200 0.813s url=https://www.myfonts.com/collections/shree-gujarati-5223-font-modularinfotech/
[2026-05-07T08:54:58Z] #520 attempt=1/2 status=200 0.288s url=https://www.myfonts.com/collections/shree-gujarati-5223-font-modularinfotech/
[2026-05-07T08:54:59Z] #521 attempt=1/2 status=200 0.411s url=https://www.myfonts.com/products/shree-gujarati-2579-complete-family-package-1145593
[2026-05-07T08:54:59Z] #522 attempt=1/2 status=429 0.047s url=https://www.myfonts.com/collections/shree-gujarati-2579-font-modularinfotech/
[2026-05-07T08:55:02Z] #523 attempt=2/2 status=200 0.637s url=https://www.myfonts.com/collections/shree-gujarati-2579-font-modularinfotech/
[2026-05-07T08:55:02Z] #524 attempt=1/2 status=200 0.185s url=https://www.myfonts.com/collections/shree-gujarati-2579-font-modularinfotech/
[2026-05-07T08:55:03Z] #525 attempt=1/2 status=200 0.385s url=https://www.myfonts.com/products/shree-gujarati-3730-complete-family-package-1145709
[2026-05-07T08:55:04Z] #526 attempt=1/2 status=200 0.421s url=https://www.myfonts.com/collections/shree-gujarati-3730-font-modularinfotech/
[2026-05-07T08:55:05Z] #527 attempt=1/2 status=200 0.562s url=https://www.myfonts.com/collections/shree-gujarati-3730-font-modularinfotech/
[2026-05-07T08:55:05Z] #528 attempt=1/2 status=200 0.359s url=https://www.myfonts.com/products/shree-gujarati-5731-complete-family-package-1145590
[2026-05-07T08:55:05Z] #529 attempt=1/2 status=429 0.047s url=https://www.myfonts.com/collections/shree-gujarati-5731-font-modularinfotech/
[2026-05-07T08:55:08Z] #530 attempt=2/2 status=200 0.648s url=https://www.myfonts.com/collections/shree-gujarati-5731-font-modularinfotech/
[2026-05-07T08:55:09Z] #531 attempt=1/2 status=200 0.522s url=https://www.myfonts.com/products/um-new-year-complete-family-package-1146309
[2026-05-07T08:55:10Z] #532 attempt=1/2 status=200 0.600s url=https://www.myfonts.com/collections/um-new-year-font-unitype-studio/
[2026-05-07T08:55:11Z] #533 attempt=1/2 status=200 0.332s url=https://www.myfonts.com/products/shree-gujarati-2568-complete-family-package-1145462
[2026-05-07T08:55:11Z] #534 attempt=1/2 status=200 0.548s url=https://www.myfonts.com/collections/shree-gujarati-2568-font-modularinfotech/
[2026-05-07T08:55:12Z] #535 attempt=1/2 status=200 0.457s url=https://www.myfonts.com/collections/shree-gujarati-2568-font-modularinfotech/
[2026-05-07T08:55:13Z] #536 attempt=1/2 status=200 0.341s url=https://www.myfonts.com/products/shree-gujarati-5212-complete-family-package-1145706
[2026-05-07T08:55:13Z] #537 attempt=1/2 status=200 0.459s url=https://www.myfonts.com/collections/shree-gujarati-5212-font-modularinfotech/
[2026-05-07T08:55:15Z] #538 attempt=1/2 status=200 0.859s url=https://www.myfonts.com/collections/shree-gujarati-5212-font-modularinfotech/
[2026-05-07T08:55:16Z] #539 attempt=1/2 status=200 0.736s url=https://www.myfonts.com/products/geshina-complete-family-package-1146432
[2026-05-07T08:55:17Z] #540 attempt=1/2 status=200 1.389s url=https://www.myfonts.com/collections/geshina-font-seniors-studio/
[2026-05-07T08:55:18Z] #541 attempt=1/2 status=200 0.406s url=https://www.myfonts.com/products/shree-gujarati-3774-complete-family-package-1145587
[2026-05-07T08:55:19Z] #542 attempt=1/2 status=200 0.630s url=https://www.myfonts.com/collections/shree-gujarati-3774-font-modularinfotech/
[2026-05-07T08:55:20Z] #543 attempt=1/2 status=200 0.438s url=https://www.myfonts.com/collections/shree-gujarati-3774-font-modularinfotech/
[2026-05-07T08:55:20Z] #544 attempt=1/2 status=200 0.397s url=https://www.myfonts.com/products/shree-gujarati-2548-complete-family-package-1145459
[2026-05-07T08:55:21Z] #545 attempt=1/2 status=200 0.541s url=https://www.myfonts.com/collections/shree-gujarati-2548-font-modularinfotech/
[2026-05-07T08:55:22Z] #546 attempt=1/2 status=429 0.041s url=https://www.myfonts.com/collections/shree-gujarati-2548-font-modularinfotech/
[2026-05-07T08:55:24Z] #547 attempt=2/2 status=200 0.716s url=https://www.myfonts.com/collections/shree-gujarati-2548-font-modularinfotech/
[2026-05-07T08:55:25Z] #548 attempt=1/2 status=200 0.398s url=https://www.myfonts.com/products/shree-gujarati-3326-complete-family-package-1145703
[2026-05-07T08:55:26Z] #549 attempt=1/2 status=200 0.612s url=https://www.myfonts.com/collections/shree-gujarati-3326-font-modularinfotech/
[2026-05-07T08:55:27Z] #550 attempt=1/2 status=200 0.431s url=https://www.myfonts.com/collections/shree-gujarati-3326-font-modularinfotech/
[2026-05-07T08:55:27Z] #551 attempt=1/2 status=200 0.371s url=https://www.myfonts.com/products/summer-pineapple-complete-family-package-1146427
[2026-05-07T08:55:28Z] #552 attempt=1/2 status=200 0.497s url=https://www.myfonts.com/collections/summer-pineapple-font-aen-creative-studio/
[2026-05-07T08:55:29Z] #553 attempt=1/2 status=200 0.367s url=https://www.myfonts.com/products/shree-gujarati-3358-complete-family-package-1145456
[2026-05-07T08:55:30Z] #554 attempt=1/2 status=200 0.655s url=https://www.myfonts.com/collections/shree-gujarati-3358-font-modularinfotech/
[2026-05-07T08:55:31Z] #555 attempt=1/2 status=200 0.639s url=https://www.myfonts.com/collections/shree-gujarati-3358-font-modularinfotech/
[2026-05-07T08:55:31Z] #556 attempt=1/2 status=200 0.387s url=https://www.myfonts.com/products/shree-gujarati-3767-complete-family-package-1145584
[2026-05-07T08:55:31Z] #557 attempt=1/2 status=429 0.046s url=https://www.myfonts.com/collections/shree-gujarati-3767-font-modularinfotech/
[2026-05-07T08:55:34Z] #558 attempt=2/2 status=200 0.729s url=https://www.myfonts.com/collections/shree-gujarati-3767-font-modularinfotech/
[2026-05-07T08:55:35Z] #559 attempt=1/2 status=200 0.171s url=https://www.myfonts.com/collections/shree-gujarati-3767-font-modularinfotech/
[2026-05-07T08:55:35Z] #560 attempt=1/2 status=200 0.383s url=https://www.myfonts.com/products/cutie-slime-complete-family-package-1145933
[2026-05-07T08:55:36Z] #561 attempt=1/2 status=200 0.428s url=https://www.myfonts.com/collections/cutie-slime-font-jinan-studio/
[2026-05-07T08:55:37Z] #562 attempt=1/2 status=200 0.371s url=https://www.myfonts.com/products/shree-gujarati-5755-complete-family-package-1145700
[2026-05-07T08:55:38Z] #563 attempt=1/2 status=200 0.537s url=https://www.myfonts.com/collections/shree-gujarati-5755-font-modularinfotech/
[2026-05-07T08:55:38Z] #564 attempt=1/2 status=200 0.354s url=https://www.myfonts.com/products/shree-gujarati-3380-complete-family-package-1145581
[2026-05-07T08:55:38Z] #565 attempt=1/2 status=429 0.042s url=https://www.myfonts.com/collections/shree-gujarati-3380-font-modularinfotech/
[2026-05-07T08:55:41Z] #566 attempt=2/2 status=200 0.613s url=https://www.myfonts.com/collections/shree-gujarati-3380-font-modularinfotech/
[2026-05-07T08:55:42Z] #567 attempt=1/2 status=200 0.201s url=https://www.myfonts.com/collections/shree-gujarati-3380-font-modularinfotech/
[2026-05-07T08:55:43Z] #568 attempt=1/2 status=200 0.548s url=https://www.myfonts.com/products/alliance-neue-pack-4-package-1145931
[2026-05-07T08:55:44Z] #569 attempt=1/2 status=200 1.274s url=https://www.myfonts.com/collections/alliance-neue-font-degarism-studio/
[2026-05-07T08:55:45Z] #570 attempt=1/2 status=200 0.449s url=https://www.myfonts.com/products/space-void-complete-family-package-1146423
[2026-05-07T08:55:46Z] #571 attempt=1/2 status=200 0.497s url=https://www.myfonts.com/collections/space-void-font-artiveko/
[2026-05-07T08:55:47Z] #572 attempt=1/2 status=200 0.645s url=https://www.myfonts.com/products/shree-gujarati-3758-complete-family-package-1145453
[2026-05-07T08:55:47Z] #573 attempt=1/2 status=200 0.555s url=https://www.myfonts.com/collections/shree-gujarati-3758-font-modularinfotech/
[2026-05-07T08:55:48Z] #574 attempt=1/2 status=200 0.264s url=https://www.myfonts.com/collections/shree-gujarati-3758-font-modularinfotech/
[2026-05-07T08:55:49Z] #575 attempt=1/2 status=200 0.565s url=https://www.myfonts.com/products/shree-gujarati-1142-complete-family-package-1145576
[2026-05-07T08:55:50Z] #576 attempt=1/2 status=200 0.701s url=https://www.myfonts.com/collections/shree-gujarati-1142-font-modularinfotech/
[2026-05-07T08:55:51Z] #577 attempt=1/2 status=200 0.941s url=https://www.myfonts.com/collections/shree-gujarati-1142-font-modularinfotech/
[2026-05-07T08:55:52Z] #578 attempt=1/2 status=200 0.429s url=https://www.myfonts.com/products/cherina-complete-family-package-1146419
[2026-05-07T08:55:53Z] #579 attempt=1/2 status=200 0.883s url=https://www.myfonts.com/collections/cherina-font-madjack-font/
[2026-05-07T08:55:54Z] #580 attempt=1/6 status=200 0.942s url=https://www.myfonts.com/products.json?limit=100&page=15
[2026-05-07T08:55:55Z] #581 attempt=1/2 status=200 0.480s url=https://www.myfonts.com/products/shree-gujarati-3383-complete-family-package-1145697
[2026-05-07T08:55:56Z] #582 attempt=1/2 status=200 0.672s url=https://www.myfonts.com/collections/shree-gujarati-3383-font-modularinfotech/
[2026-05-07T08:55:57Z] #583 attempt=1/2 status=200 0.736s url=https://www.myfonts.com/collections/shree-gujarati-3383-font-modularinfotech/
[2026-05-07T08:55:58Z] #584 attempt=1/2 status=200 0.417s url=https://www.myfonts.com/products/shree-gujarati-1196-complete-family-package-1145450
[2026-05-07T08:55:59Z] #585 attempt=1/2 status=200 0.755s url=https://www.myfonts.com/collections/shree-gujarati-1196-font-modularinfotech/
[2026-05-07T08:55:59Z] #586 attempt=1/2 status=200 0.184s url=https://www.myfonts.com/collections/shree-gujarati-1196-font-modularinfotech/
[2026-05-07T08:55:59Z] #587 attempt=1/2 status=429 0.044s url=https://www.myfonts.com/products/shree-gujarati-1189-complete-family-package-1145694
[2026-05-07T08:56:02Z] #588 attempt=2/2 status=200 0.745s url=https://www.myfonts.com/products/shree-gujarati-1189-complete-family-package-1145694
[2026-05-07T08:56:03Z] #589 attempt=1/2 status=200 0.616s url=https://www.myfonts.com/collections/shree-gujarati-1189-font-modularinfotech/
[2026-05-07T08:56:04Z] #590 attempt=1/2 status=200 0.174s url=https://www.myfonts.com/collections/shree-gujarati-1189-font-modularinfotech/
[2026-05-07T08:56:04Z] #591 attempt=1/2 status=200 0.391s url=https://www.myfonts.com/products/shree-gujarati-3363-complete-family-package-1145573
[2026-05-07T08:56:05Z] #592 attempt=1/2 status=200 0.396s url=https://www.myfonts.com/collections/shree-gujarati-3363-font-modularinfotech/
[2026-05-07T08:56:05Z] #593 attempt=1/2 status=200 0.156s url=https://www.myfonts.com/collections/shree-gujarati-3363-font-modularinfotech/
[2026-05-07T08:56:06Z] #594 attempt=1/2 status=200 0.697s url=https://www.myfonts.com/products/bakhtiar-complete-family-package-1146416
[2026-05-07T08:56:07Z] #595 attempt=1/2 status=200 0.478s url=https://www.myfonts.com/collections/bakhtiar-font-made-deduk/
[2026-05-07T08:56:07Z] #596 attempt=1/2 status=429 0.042s url=https://www.myfonts.com/products/shree-gujarati-3780-complete-family-package-1145691
[2026-05-07T08:56:10Z] #597 attempt=2/2 status=200 0.552s url=https://www.myfonts.com/products/shree-gujarati-3780-complete-family-package-1145691
[2026-05-07T08:56:11Z] #598 attempt=1/2 status=200 0.442s url=https://www.myfonts.com/collections/shree-gujarati-3780-font-modularinfotech/
[2026-05-07T08:56:12Z] #599 attempt=1/2 status=200 0.424s url=https://www.myfonts.com/collections/shree-gujarati-3780-font-modularinfotech/
[2026-05-07T08:56:12Z] #600 attempt=1/2 status=200 0.557s url=https://www.myfonts.com/products/robuwa-rounded-complete-family-package-1146378
[2026-05-07T08:56:13Z] #601 attempt=1/2 status=200 0.786s url=https://www.myfonts.com/collections/robuwa-rounded-font-ghozai-studio/
[2026-05-07T08:56:14Z] #602 attempt=1/2 status=200 0.454s url=https://www.myfonts.com/products/shree-gujarati-3333-complete-family-package-1145447
[2026-05-07T08:56:15Z] #603 attempt=1/2 status=200 0.552s url=https://www.myfonts.com/collections/shree-gujarati-3333-font-modularinfotech/
[2026-05-07T08:56:16Z] #604 attempt=1/2 status=200 0.268s url=https://www.myfonts.com/collections/shree-gujarati-3333-font-modularinfotech/
[2026-05-07T08:56:17Z] #605 attempt=1/2 status=200 1.084s url=https://www.myfonts.com/products/shree-gujarati-3362-complete-family-package-1145570
[2026-05-07T08:56:18Z] #606 attempt=1/2 status=200 0.498s url=https://www.myfonts.com/collections/shree-gujarati-3362-font-modularinfotech/
[2026-05-07T08:56:18Z] #607 attempt=1/2 status=200 0.193s url=https://www.myfonts.com/collections/shree-gujarati-3362-font-modularinfotech/
[2026-05-07T08:56:18Z] #608 attempt=1/2 status=429 0.048s url=https://www.myfonts.com/products/shree-gujarati-1113-complete-family-package-1145688
[2026-05-07T08:56:21Z] #609 attempt=2/2 status=200 0.514s url=https://www.myfonts.com/products/shree-gujarati-1113-complete-family-package-1145688
[2026-05-07T08:56:22Z] #610 attempt=1/2 status=200 0.529s url=https://www.myfonts.com/collections/shree-gujarati-1113-font-modularinfotech/
[2026-05-07T08:56:22Z] #611 attempt=1/2 status=200 0.165s url=https://www.myfonts.com/collections/shree-gujarati-1113-font-modularinfotech/
[2026-05-07T08:56:24Z] #612 attempt=1/2 status=200 0.973s url=https://www.myfonts.com/products/barconat-complete-family-package-1146360
[2026-05-07T08:56:24Z] #613 attempt=1/2 status=200 0.553s url=https://www.myfonts.com/collections/barconat-font-holis-mjd/
[2026-05-07T08:56:26Z] #614 attempt=1/2 status=200 1.323s url=https://www.myfonts.com/products/shree-gujarati-1174-complete-family-package-1145567
[2026-05-07T08:56:27Z] #615 attempt=1/2 status=200 0.502s url=https://www.myfonts.com/collections/shree-gujarati-1174-font-modularinfotech/
[2026-05-07T08:56:28Z] #616 attempt=1/2 status=200 0.635s url=https://www.myfonts.com/collections/shree-gujarati-1174-font-modularinfotech/
[2026-05-07T08:56:30Z] #617 attempt=1/2 status=200 1.994s url=https://www.myfonts.com/products/reigans-complete-family-package-1145818
[2026-05-07T08:56:33Z] #618 attempt=1/2 status=200 2.439s url=https://www.myfonts.com/collections/reigans-font-mantype-studio/
[2026-05-07T08:56:35Z] #619 attempt=1/2 status=200 0.975s url=https://www.myfonts.com/products/shree-gujarati-3379-complete-family-package-1145444
[2026-05-07T08:56:35Z] #620 attempt=1/2 status=503 0.083s url=https://www.myfonts.com/collections/shree-gujarati-3379-font-modularinfotech/
[2026-05-07T08:56:35Z] retryable_503 attempt=1/2 waiting=2s
[2026-05-07T08:56:38Z] #621 attempt=2/2 status=200 0.670s url=https://www.myfonts.com/collections/shree-gujarati-3379-font-modularinfotech/
[2026-05-07T08:56:39Z] #622 attempt=1/2 status=200 0.511s url=https://www.myfonts.com/collections/shree-gujarati-3379-font-modularinfotech/
[2026-05-07T08:56:39Z] #623 attempt=1/2 status=200 0.457s url=https://www.myfonts.com/products/shree-gujarati-3787-complete-family-package-1145685
[2026-05-07T08:56:40Z] #624 attempt=1/2 status=200 0.520s url=https://www.myfonts.com/collections/shree-gujarati-3787-font-modularinfotech/
[2026-05-07T08:56:40Z] #625 attempt=1/2 status=200 0.159s url=https://www.myfonts.com/collections/shree-gujarati-3787-font-modularinfotech/
[2026-05-07T08:56:41Z] #626 attempt=1/2 status=200 0.535s url=https://www.myfonts.com/products/malva-complete-family-package-1145817
[2026-05-07T08:56:42Z] #627 attempt=1/2 status=200 0.870s url=https://www.myfonts.com/collections/malva-font-harbor-type/
[2026-05-07T08:56:43Z] #628 attempt=1/2 status=200 0.546s url=https://www.myfonts.com/products/shree-gujarati-1137-complete-family-package-1145564
[2026-05-07T08:56:44Z] #629 attempt=1/2 status=200 0.842s url=https://www.myfonts.com/collections/shree-gujarati-1137-font-modularinfotech/
[2026-05-07T08:56:45Z] #630 attempt=1/2 status=200 0.431s url=https://www.myfonts.com/collections/shree-gujarati-1137-font-modularinfotech/
[2026-05-07T08:56:46Z] #631 attempt=1/2 status=200 0.360s url=https://www.myfonts.com/products/shree-gujarati-3748-complete-family-package-1145441
[2026-05-07T08:56:46Z] #632 attempt=1/2 status=200 0.503s url=https://www.myfonts.com/collections/shree-gujarati-3748-font-modularinfotech/
[2026-05-07T08:56:47Z] #633 attempt=1/2 status=200 0.160s url=https://www.myfonts.com/collections/shree-gujarati-3748-font-modularinfotech/
[2026-05-07T08:56:47Z] #634 attempt=1/2 status=200 0.330s url=https://www.myfonts.com/products/chanson-reverie-complete-family-package-1146354
[2026-05-07T08:56:48Z] #635 attempt=1/2 status=200 0.495s url=https://www.myfonts.com/collections/chanson-reverie-font-flavortype/
[2026-05-07T08:56:49Z] #636 attempt=1/2 status=200 0.371s url=https://www.myfonts.com/products/shree-gujarati-3768-complete-family-package-1145682
[2026-05-07T08:56:50Z] #637 attempt=1/2 status=200 0.560s url=https://www.myfonts.com/collections/shree-gujarati-3768-font-modularinfotech/
[2026-05-07T08:56:51Z] #638 attempt=1/2 status=200 0.541s url=https://www.myfonts.com/collections/shree-gujarati-3768-font-modularinfotech/
[2026-05-07T08:56:51Z] #639 attempt=1/2 status=200 0.586s url=https://www.myfonts.com/products/shree-gujarati-5211-complete-family-package-1145561
[2026-05-07T08:56:52Z] #640 attempt=1/2 status=200 0.924s url=https://www.myfonts.com/collections/shree-gujarati-5211-font-modularinfotech/
[2026-05-07T08:56:53Z] #641 attempt=1/2 status=200 0.585s url=https://www.myfonts.com/collections/shree-gujarati-5211-font-modularinfotech/
[2026-05-07T08:56:54Z] #642 attempt=1/2 status=200 0.359s url=https://www.myfonts.com/products/shree-gujarati-3341-complete-family-package-1145813
[2026-05-07T08:56:55Z] #643 attempt=1/2 status=200 0.562s url=https://www.myfonts.com/collections/shree-gujarati-3341-font-modularinfotech/
[2026-05-07T08:56:56Z] #644 attempt=1/2 status=200 0.630s url=https://www.myfonts.com/collections/shree-gujarati-3341-font-modularinfotech/
[2026-05-07T08:56:57Z] #645 attempt=1/2 status=200 0.761s url=https://www.myfonts.com/products/shree-gujarati-6610-complete-family-package-1145438
[2026-05-07T08:56:57Z] #646 attempt=1/2 status=200 0.424s url=https://www.myfonts.com/collections/shree-gujarati-6610-font-modularinfotech/
[2026-05-07T08:56:58Z] #647 attempt=1/2 status=200 0.622s url=https://www.myfonts.com/products/good-pack-package-1146352
[2026-05-07T08:56:59Z] #648 attempt=1/2 status=200 0.625s url=https://www.myfonts.com/collections/fbs-funegral-font-febspace-studio/
[2026-05-07T08:57:00Z] #649 attempt=1/2 status=200 0.401s url=https://www.myfonts.com/products/shree-gujarati-2599-complete-family-package-1145435
[2026-05-07T08:57:01Z] #650 attempt=1/2 status=200 0.472s url=https://www.myfonts.com/collections/shree-gujarati-2599-font-modularinfotech/
[2026-05-07T08:57:01Z] #651 attempt=1/2 status=200 0.166s url=https://www.myfonts.com/collections/shree-gujarati-2599-font-modularinfotech/
[2026-05-07T08:57:01Z] #652 attempt=1/2 status=429 0.056s url=https://www.myfonts.com/products/shree-gujarati-1128-complete-family-package-1145679
[2026-05-07T08:57:04Z] #653 attempt=2/2 status=200 0.669s url=https://www.myfonts.com/products/shree-gujarati-1128-complete-family-package-1145679
[2026-05-07T08:57:05Z] #654 attempt=1/2 status=200 0.440s url=https://www.myfonts.com/collections/shree-gujarati-1128-font-modularinfotech/
[2026-05-07T08:57:06Z] #655 attempt=1/2 status=200 0.576s url=https://www.myfonts.com/collections/shree-gujarati-1128-font-modularinfotech/
[2026-05-07T08:57:07Z] #656 attempt=1/2 status=200 0.645s url=https://www.myfonts.com/products/shree-gujarati-1158-complete-family-package-1145558
[2026-05-07T08:57:08Z] #657 attempt=1/2 status=200 0.664s url=https://www.myfonts.com/collections/shree-gujarati-1158-font-modularinfotech/
[2026-05-07T08:57:08Z] #658 attempt=1/2 status=200 0.470s url=https://www.myfonts.com/collections/shree-gujarati-1158-font-modularinfotech/
[2026-05-07T08:57:09Z] #659 attempt=1/2 status=200 0.523s url=https://www.myfonts.com/products/shree-gujarati-5227-complete-family-package-1145806
[2026-05-07T08:57:10Z] #660 attempt=1/2 status=200 0.724s url=https://www.myfonts.com/collections/shree-gujarati-5227-font-modularinfotech/
[2026-05-07T08:57:11Z] #661 attempt=1/2 status=200 0.585s url=https://www.myfonts.com/products/shree-gujarati-2565-complete-family-package-1145676
[2026-05-07T08:57:12Z] #662 attempt=1/2 status=200 0.539s url=https://www.myfonts.com/collections/shree-gujarati-2565-font-modularinfotech/
[2026-05-07T08:57:13Z] #663 attempt=1/2 status=200 0.544s url=https://www.myfonts.com/collections/shree-gujarati-2565-font-modularinfotech/
[2026-05-07T08:57:13Z] #664 attempt=1/2 status=200 0.584s url=https://www.myfonts.com/products/shree-gujarati-3775-complete-family-package-1145555
[2026-05-07T08:57:14Z] #665 attempt=1/2 status=429 0.046s url=https://www.myfonts.com/collections/shree-gujarati-3775-font-modularinfotech/
[2026-05-07T08:57:17Z] #666 attempt=2/2 status=200 0.673s url=https://www.myfonts.com/collections/shree-gujarati-3775-font-modularinfotech/
[2026-05-07T08:57:17Z] #667 attempt=1/2 status=200 0.471s url=https://www.myfonts.com/collections/shree-gujarati-3775-font-modularinfotech/
[2026-05-07T08:57:18Z] #668 attempt=1/2 status=200 0.402s url=https://www.myfonts.com/products/shree-gujarati-3371-complete-family-package-1145802
[2026-05-07T08:57:19Z] #669 attempt=1/2 status=200 0.548s url=https://www.myfonts.com/collections/shree-gujarati-3371-font-modularinfotech/
[2026-05-07T08:57:19Z] #670 attempt=1/2 status=200 0.169s url=https://www.myfonts.com/collections/shree-gujarati-3371-font-modularinfotech/
[2026-05-07T08:57:20Z] #671 attempt=1/2 status=200 0.431s url=https://www.myfonts.com/products/shree-gujarati-5224-complete-family-package-1145432
[2026-05-07T08:57:21Z] #672 attempt=1/2 status=200 0.491s url=https://www.myfonts.com/collections/shree-gujarati-5224-font-modularinfotech/
[2026-05-07T08:57:21Z] #673 attempt=1/2 status=200 0.458s url=https://www.myfonts.com/collections/shree-gujarati-5224-font-modularinfotech/
[2026-05-07T08:57:22Z] #674 attempt=1/2 status=429 0.049s url=https://www.myfonts.com/products/scc-sakato-complete-family-package-1146339
[2026-05-07T08:57:25Z] #675 attempt=2/2 status=200 0.629s url=https://www.myfonts.com/products/scc-sakato-complete-family-package-1146339
[2026-05-07T08:57:25Z] #676 attempt=1/2 status=200 0.525s url=https://www.myfonts.com/collections/scc-sakato-font-illousa-supply-co/
[2026-05-07T08:57:26Z] #677 attempt=1/2 status=200 0.392s url=https://www.myfonts.com/products/shree-gujarati-2558-complete-family-package-1145552
[2026-05-07T08:57:27Z] #678 attempt=1/2 status=200 0.464s url=https://www.myfonts.com/collections/shree-gujarati-2558-font-modularinfotech/
[2026-05-07T08:57:27Z] #679 attempt=1/2 status=200 0.465s url=https://www.myfonts.com/collections/shree-gujarati-2558-font-modularinfotech/
[2026-05-07T08:57:28Z] #680 attempt=1/2 status=200 0.490s url=https://www.myfonts.com/products/shree-gujarati-3374-complete-family-package-1145673
[2026-05-07T08:57:29Z] #681 attempt=1/2 status=200 0.628s url=https://www.myfonts.com/collections/shree-gujarati-3374-font-modularinfotech/
[2026-05-07T08:57:30Z] #682 attempt=1/2 status=200 0.606s url=https://www.myfonts.com/collections/shree-gujarati-3374-font-modularinfotech/
[2026-05-07T08:57:31Z] #683 attempt=1/2 status=200 0.382s url=https://www.myfonts.com/products/shree-gujarati-3372-complete-family-package-1145799
[2026-05-07T08:57:31Z] #684 attempt=1/2 status=429 0.043s url=https://www.myfonts.com/collections/shree-gujarati-3372-font-modularinfotech/
[2026-05-07T08:57:34Z] #685 attempt=2/2 status=200 0.703s url=https://www.myfonts.com/collections/shree-gujarati-3372-font-modularinfotech/
[2026-05-07T08:57:34Z] #686 attempt=1/2 status=200 0.162s url=https://www.myfonts.com/collections/shree-gujarati-3372-font-modularinfotech/
[2026-05-07T08:57:35Z] #687 attempt=1/2 status=200 0.383s url=https://www.myfonts.com/products/shree-gujarati-3792-complete-family-package-1145429
[2026-05-07T08:57:36Z] #688 attempt=1/2 status=200 0.457s url=https://www.myfonts.com/collections/shree-gujarati-3792-font-modularinfotech/
[2026-05-07T08:57:36Z] #689 attempt=1/2 status=200 0.437s url=https://www.myfonts.com/collections/shree-gujarati-3792-font-modularinfotech/
[2026-05-07T08:57:37Z] #690 attempt=1/2 status=200 0.400s url=https://www.myfonts.com/products/scc-nyemark-complete-family-package-1146335
[2026-05-07T08:57:38Z] #691 attempt=1/2 status=200 0.562s url=https://www.myfonts.com/collections/scc-nyemark-font-illousa-supply-co/
[2026-05-07T08:57:38Z] #692 attempt=1/2 status=429 0.041s url=https://www.myfonts.com/products/shree-gujarati-1135-complete-family-package-1145796
[2026-05-07T08:57:41Z] #693 attempt=2/2 status=200 0.497s url=https://www.myfonts.com/products/shree-gujarati-1135-complete-family-package-1145796
[2026-05-07T08:57:42Z] #694 attempt=1/2 status=200 0.561s url=https://www.myfonts.com/collections/shree-gujarati-1135-font-modularinfotech/
[2026-05-07T08:57:43Z] #695 attempt=1/2 status=200 0.631s url=https://www.myfonts.com/collections/shree-gujarati-1135-font-modularinfotech/
[2026-05-07T08:57:43Z] #696 attempt=1/2 status=200 0.372s url=https://www.myfonts.com/products/shree-gujarati-2546-complete-family-package-1145549
[2026-05-07T08:57:44Z] #697 attempt=1/2 status=200 0.629s url=https://www.myfonts.com/collections/shree-gujarati-2546-font-modularinfotech/
[2026-05-07T08:57:45Z] #698 attempt=1/2 status=200 0.469s url=https://www.myfonts.com/collections/shree-gujarati-2546-font-modularinfotech/
[2026-05-07T08:57:45Z] #699 attempt=1/2 status=200 0.403s url=https://www.myfonts.com/products/shree-gujarati-1134-complete-family-package-1145670
[2026-05-07T08:57:46Z] #700 attempt=1/2 status=200 0.502s url=https://www.myfonts.com/collections/shree-gujarati-1134-font-modularinfotech/
[2026-05-07T08:57:47Z] #701 attempt=1/2 status=200 0.788s url=https://www.myfonts.com/collections/shree-gujarati-1134-font-modularinfotech/
[2026-05-07T08:57:48Z] #702 attempt=1/2 status=200 0.309s url=https://www.myfonts.com/products/shree-gujarati-2564-complete-family-package-1145667
[2026-05-07T08:57:48Z] #703 attempt=1/2 status=429 0.043s url=https://www.myfonts.com/collections/shree-gujarati-2564-font-modularinfotech/
[2026-05-07T08:57:51Z] #704 attempt=2/2 status=200 0.652s url=https://www.myfonts.com/collections/shree-gujarati-2564-font-modularinfotech/
[2026-05-07T08:57:52Z] #705 attempt=1/2 status=200 0.782s url=https://www.myfonts.com/collections/shree-gujarati-2564-font-modularinfotech/
[2026-05-07T08:57:53Z] #706 attempt=1/2 status=200 0.566s url=https://www.myfonts.com/products/shree-gujarati-5200-complete-family-package-1145546
[2026-05-07T08:57:54Z] #707 attempt=1/2 status=200 0.740s url=https://www.myfonts.com/collections/shree-gujarati-5200-font-modularinfotech/
[2026-05-07T08:57:55Z] #708 attempt=1/2 status=200 0.524s url=https://www.myfonts.com/collections/shree-gujarati-5200-font-modularinfotech/
[2026-05-07T08:57:55Z] #709 attempt=1/2 status=200 0.394s url=https://www.myfonts.com/products/shree-gujarati-5704-complete-family-package-1145426
[2026-05-07T08:57:56Z] #710 attempt=1/2 status=200 0.600s url=https://www.myfonts.com/collections/shree-gujarati-5704-font-modularinfotech/
[2026-05-07T08:57:57Z] #711 attempt=1/2 status=200 0.357s url=https://www.myfonts.com/products/shree-gujarati-5221-complete-family-package-1145793
[2026-05-07T08:57:58Z] #712 attempt=1/2 status=200 0.492s url=https://www.myfonts.com/collections/shree-gujarati-5221-font-modularinfotech/
[2026-05-07T08:57:58Z] #713 attempt=1/2 status=200 0.170s url=https://www.myfonts.com/collections/shree-gujarati-5221-font-modularinfotech/
[2026-05-07T08:57:58Z] #714 attempt=1/2 status=429 0.046s url=https://www.myfonts.com/products/yorkmade-pro-complete-family-package-1146315
[2026-05-07T08:58:01Z] #715 attempt=2/2 status=200 0.777s url=https://www.myfonts.com/products/yorkmade-pro-complete-family-package-1146315
[2026-05-07T08:58:02Z] #716 attempt=1/2 status=200 0.751s url=https://www.myfonts.com/collections/yorkmade-pro-font-limitype/
[2026-05-07T08:58:04Z] #717 attempt=1/2 status=200 0.933s url=https://www.myfonts.com/products/regular-tt-jenevers-237188
[2026-05-07T08:58:05Z] #718 attempt=1/2 status=200 1.232s url=https://www.myfonts.com/collections/tt-jenevers-font-typetype/
[2026-05-07T08:58:06Z] #719 attempt=1/2 status=200 0.379s url=https://www.myfonts.com/products/regular-tt-drugs-condensed-228244
[2026-05-07T08:58:07Z] #720 attempt=1/2 status=200 0.554s url=https://www.myfonts.com/collections/tt-drugs-condensed-font-typetype/
[2026-05-07T08:58:07Z] #721 attempt=1/2 status=200 0.516s url=https://www.myfonts.com/products/thin-tt-drugs-condensed-228210
[2026-05-07T08:58:08Z] #722 attempt=1/2 status=200 0.159s url=https://www.myfonts.com/collections/tt-drugs-condensed-font-typetype/
[2026-05-07T08:58:08Z] #723 attempt=1/2 status=200 0.469s url=https://www.myfonts.com/products/light-tt-drugs-condensed-228230
[2026-05-07T08:58:09Z] #724 attempt=1/2 status=200 0.433s url=https://www.myfonts.com/collections/tt-drugs-condensed-font-typetype/
[2026-05-07T08:58:10Z] #725 attempt=1/2 status=200 0.478s url=https://www.myfonts.com/products/black-italic-tt-drugs-condensed-228295
[2026-05-07T08:58:10Z] #726 attempt=1/2 status=200 0.189s url=https://www.myfonts.com/collections/tt-drugs-condensed-font-typetype/
[2026-05-07T08:58:11Z] #727 attempt=1/2 status=200 0.324s url=https://www.myfonts.com/products/bold-italic-tt-drugs-condensed-228277
[2026-05-07T08:58:11Z] #728 attempt=1/2 status=429 0.048s url=https://www.myfonts.com/collections/tt-drugs-condensed-font-typetype/
[2026-05-07T08:58:14Z] #729 attempt=2/2 status=200 0.272s url=https://www.myfonts.com/collections/tt-drugs-condensed-font-typetype/
[2026-05-07T08:58:14Z] #730 attempt=1/2 status=200 0.412s url=https://www.myfonts.com/products/thin-italic-tt-drugs-condensed-228220
[2026-05-07T08:58:15Z] #731 attempt=1/2 status=200 0.292s url=https://www.myfonts.com/collections/tt-drugs-condensed-font-typetype/
[2026-05-07T08:58:16Z] #732 attempt=1/2 status=200 0.298s url=https://www.myfonts.com/products/black-tt-drugs-condensed-228286
[2026-05-07T08:58:16Z] #733 attempt=1/2 status=200 0.318s url=https://www.myfonts.com/collections/tt-drugs-condensed-font-typetype/
[2026-05-07T08:58:17Z] #734 attempt=1/2 status=429 0.044s url=https://www.myfonts.com/products/italic-tt-drugs-condensed-228254
[2026-05-07T08:58:19Z] #735 attempt=2/2 status=200 0.406s url=https://www.myfonts.com/products/italic-tt-drugs-condensed-228254
[2026-05-07T08:58:20Z] #736 attempt=1/2 status=200 0.190s url=https://www.myfonts.com/collections/tt-drugs-condensed-font-typetype/
[2026-05-07T08:58:20Z] #737 attempt=1/2 status=200 0.375s url=https://www.myfonts.com/products/bold-tt-drugs-condensed-228268
[2026-05-07T08:58:21Z] #738 attempt=1/2 status=200 0.312s url=https://www.myfonts.com/collections/tt-drugs-condensed-font-typetype/
[2026-05-07T08:58:21Z] #739 attempt=1/2 status=200 0.328s url=https://www.myfonts.com/products/light-italic-tt-drugs-condensed-228236
[2026-05-07T08:58:22Z] #740 attempt=1/2 status=429 0.043s url=https://www.myfonts.com/collections/tt-drugs-condensed-font-typetype/
[2026-05-07T08:58:24Z] #741 attempt=2/2 status=200 0.250s url=https://www.myfonts.com/collections/tt-drugs-condensed-font-typetype/
[2026-05-07T08:58:25Z] #742 attempt=1/2 status=200 0.316s url=https://www.myfonts.com/products/regular-solderwood-1146129
[2026-05-07T08:58:25Z] #743 attempt=1/2 status=200 0.391s url=https://www.myfonts.com/collections/solderwood-font-flawlessandco/
[2026-05-07T08:58:26Z] #744 attempt=1/2 status=200 0.326s url=https://www.myfonts.com/products/regular-burst-speed-1146128
[2026-05-07T08:58:26Z] #745 attempt=1/2 status=200 0.296s url=https://www.myfonts.com/collections/burst-speed-font-flawlessandco/
[2026-05-07T08:58:28Z] #746 attempt=1/6 status=200 0.673s url=https://www.myfonts.com/products.json?limit=100&page=16
[2026-05-07T08:58:28Z] #747 attempt=1/2 status=200 0.358s url=https://www.myfonts.com/products/regular-morthano-1146164
[2026-05-07T08:58:29Z] #748 attempt=1/2 status=429 0.040s url=https://www.myfonts.com/collections/morthano-font-flawlessandco/
[2026-05-07T08:58:31Z] #749 attempt=2/2 status=200 0.425s url=https://www.myfonts.com/collections/morthano-font-flawlessandco/
[2026-05-07T08:58:32Z] #750 attempt=1/2 status=200 0.448s url=https://www.myfonts.com/products/regular-alvine-1146163
[2026-05-07T08:58:33Z] #751 attempt=1/2 status=200 0.374s url=https://www.myfonts.com/collections/alvine-font-sensatype-studio/
[2026-05-07T08:58:33Z] #752 attempt=1/2 status=200 0.398s url=https://www.myfonts.com/products/regular-paleografa-1146211
[2026-05-07T08:58:34Z] #753 attempt=1/2 status=200 0.383s url=https://www.myfonts.com/collections/paleografa-font-ixipcalli/
[2026-05-07T08:58:34Z] #754 attempt=1/2 status=200 0.328s url=https://www.myfonts.com/products/outrech-brigend-regular-mc-outrech-brigend-1146353
[2026-05-07T08:58:35Z] #755 attempt=1/2 status=429 0.054s url=https://www.myfonts.com/collections/mc-outrech-brigend-font-maulana-creative/
[2026-05-07T08:58:38Z] #756 attempt=2/2 status=200 0.639s url=https://www.myfonts.com/collections/mc-outrech-brigend-font-maulana-creative/
[2026-05-07T08:58:39Z] #757 attempt=1/6 status=200 0.793s url=https://www.myfonts.com/products.json?limit=100&page=17
[2026-05-07T08:58:40Z] #758 attempt=1/2 status=200 0.369s url=https://www.myfonts.com/products/zentronix-regular-zentronix-1146430
[2026-05-07T08:58:40Z] #759 attempt=1/2 status=200 0.320s url=https://www.myfonts.com/collections/zentronix-font-qiubare-studio/
[2026-05-07T08:58:41Z] #760 attempt=1/2 status=200 0.360s url=https://www.myfonts.com/products/regular-wilzten-1146200
[2026-05-07T08:58:41Z] #761 attempt=1/2 status=200 0.360s url=https://www.myfonts.com/collections/wilzten-font-hanzel-space/
[2026-05-07T08:58:42Z] #762 attempt=1/2 status=200 0.315s url=https://www.myfonts.com/products/regular-blocky-delight-1146422
[2026-05-07T08:58:42Z] #763 attempt=1/2 status=429 0.041s url=https://www.myfonts.com/collections/blocky-delight-font-jinan-studio/
[2026-05-07T08:58:45Z] #764 attempt=2/2 status=200 0.390s url=https://www.myfonts.com/collections/blocky-delight-font-jinan-studio/
[2026-05-07T08:58:46Z] #765 attempt=1/6 status=200 0.745s url=https://www.myfonts.com/products.json?limit=100&page=18
[2026-05-07T08:58:47Z] #766 attempt=1/2 status=200 0.365s url=https://www.myfonts.com/products/regular-everyday-kind-1146377
[2026-05-07T08:58:47Z] #767 attempt=1/2 status=200 0.302s url=https://www.myfonts.com/collections/everyday-kind-font-inviline/
[2026-05-07T08:58:48Z] #768 attempt=1/2 status=200 0.322s url=https://www.myfonts.com/products/regular-shadenz-1146376
[2026-05-07T08:58:48Z] #769 attempt=1/2 status=200 0.325s url=https://www.myfonts.com/collections/shadenz-font-almeera-studio/
[2026-05-07T08:58:49Z] #770 attempt=1/2 status=200 0.312s url=https://www.myfonts.com/products/regular-fantasy-garden-1146375
[2026-05-07T08:58:49Z] #771 attempt=1/2 status=429 0.041s url=https://www.myfonts.com/collections/fantasy-garden-font-epiclinez/
[2026-05-07T08:58:52Z] #772 attempt=2/2 status=200 0.377s url=https://www.myfonts.com/collections/fantasy-garden-font-epiclinez/
[2026-05-07T08:58:53Z] #773 attempt=1/2 status=200 0.378s url=https://www.myfonts.com/products/regular-ravlco-1146374
[2026-05-07T08:58:53Z] #774 attempt=1/2 status=200 0.380s url=https://www.myfonts.com/collections/ravlco-font-almeera-studio/
[2026-05-07T08:58:54Z] #775 attempt=1/2 status=200 0.343s url=https://www.myfonts.com/products/regular-belcino-1146373
[2026-05-07T08:58:54Z] #776 attempt=1/2 status=200 0.335s url=https://www.myfonts.com/collections/belcino-font-almeera-studio/
[2026-05-07T08:58:56Z] #777 attempt=1/6 status=200 0.782s url=https://www.myfonts.com/products.json?limit=100&page=19
[2026-05-07T08:58:56Z] #778 attempt=1/2 status=200 0.358s url=https://www.myfonts.com/products/regular-feinlag-1146132
[2026-05-07T08:58:57Z] #779 attempt=1/2 status=200 0.380s url=https://www.myfonts.com/collections/feinlag-font-sensatype-studio/
[2026-05-07T08:58:57Z] #780 attempt=1/2 status=429 0.056s url=https://www.myfonts.com/products/regular-round-dead-1146131
[2026-05-07T08:59:00Z] #781 attempt=2/2 status=200 0.427s url=https://www.myfonts.com/products/regular-round-dead-1146131
[2026-05-07T08:59:00Z] #782 attempt=1/2 status=200 0.357s url=https://www.myfonts.com/collections/round-dead-font-flawlessandco/
[2026-05-07T08:59:01Z] #783 attempt=1/2 status=200 0.366s url=https://www.myfonts.com/products/regular-thoboleh-1146130
[2026-05-07T08:59:02Z] #784 attempt=1/2 status=200 0.426s url=https://www.myfonts.com/collections/thoboleh-font-flawlessandco/
[2026-05-07T08:59:02Z] #785 attempt=1/2 status=200 0.448s url=https://www.myfonts.com/products/regular-bravyn-runeskald-1146426
[2026-05-07T08:59:03Z] #786 attempt=1/2 status=200 0.358s url=https://www.myfonts.com/collections/bravyn-runeskald-font-letterhanna-studio/
[2026-05-07T08:59:04Z] #787 attempt=1/6 status=200 0.747s url=https://www.myfonts.com/products.json?limit=100&page=20
[2026-05-07T08:59:05Z] #788 attempt=1/2 status=429 0.069s url=https://www.myfonts.com/products/regular-sipjoy-1146201
[2026-05-07T08:59:07Z] #789 attempt=2/2 status=200 0.579s url=https://www.myfonts.com/products/regular-sipjoy-1146201
[2026-05-07T08:59:08Z] #790 attempt=1/2 status=200 0.338s url=https://www.myfonts.com/collections/sipjoy-font-olivetype/
[2026-05-07T08:59:09Z] #791 attempt=1/2 status=200 0.610s url=https://www.myfonts.com/products/regular-nett-ranego-1146007
[2026-05-07T08:59:09Z] #792 attempt=1/2 status=200 0.284s url=https://www.myfonts.com/collections/nett-ranego-font-twinletter/
[2026-05-07T08:59:11Z] #793 attempt=1/6 status=200 1.090s url=https://www.myfonts.com/products.json?limit=100&page=21
[2026-05-07T08:59:12Z] #794 attempt=1/2 status=200 0.577s url=https://www.myfonts.com/products/regular-cuaniex-1146003
[2026-05-07T08:59:12Z] #795 attempt=1/2 status=200 0.326s url=https://www.myfonts.com/collections/cuaniex-font-trabas-kriya/
[2026-05-07T08:59:13Z] #796 attempt=1/2 status=200 0.376s url=https://www.myfonts.com/products/regular-kujang-1145940
[2026-05-07T08:59:14Z] #797 attempt=1/2 status=200 0.383s url=https://www.myfonts.com/collections/kujang-font-denustudio/
[2026-05-07T08:59:15Z] #798 attempt=1/2 status=200 0.460s url=https://www.myfonts.com/products/regular-manciety-1145938
[2026-05-07T08:59:15Z] #799 attempt=1/2 status=429 0.044s url=https://www.myfonts.com/collections/manciety-font-denustudio/
[2026-05-07T08:59:18Z] #800 attempt=2/2 status=200 0.638s url=https://www.myfonts.com/collections/manciety-font-denustudio/
[2026-05-07T08:59:18Z] #801 attempt=1/2 status=200 0.324s url=https://www.myfonts.com/products/brush-raize-1145375
[2026-05-07T08:59:19Z] #802 attempt=1/2 status=200 0.397s url=https://www.myfonts.com/collections/raize-font-wap-type/
[2026-05-07T08:59:20Z] #803 attempt=1/2 status=200 0.408s url=https://www.myfonts.com/products/regular-magic-sketch-1145937
[2026-05-07T08:59:20Z] #804 attempt=1/2 status=200 0.355s url=https://www.myfonts.com/collections/magic-sketch-font-timurtype/
[2026-05-07T08:59:21Z] #805 attempt=1/6 status=200 0.813s url=https://www.myfonts.com/products.json?limit=100&page=22
[2026-05-07T08:59:22Z] #806 attempt=1/2 status=200 0.337s url=https://www.myfonts.com/products/regular-magoru-1145936
[2026-05-07T08:59:23Z] #807 attempt=1/2 status=200 0.479s url=https://www.myfonts.com/collections/magoru-font-phonnastudio/
[2026-05-07T08:59:23Z] #808 attempt=1/2 status=429 0.050s url=https://www.myfonts.com/products/regular-himalayan-1146431
[2026-05-07T08:59:26Z] #809 attempt=2/2 status=200 0.425s url=https://www.myfonts.com/products/regular-himalayan-1146431
[2026-05-07T08:59:26Z] #810 attempt=1/2 status=200 0.309s url=https://www.myfonts.com/collections/himalayan-font-fikryal/
[2026-05-07T08:59:27Z] #811 attempt=1/2 status=200 0.299s url=https://www.myfonts.com/products/light-bomkin-1145371
[2026-05-07T08:59:27Z] #812 attempt=1/2 status=200 0.322s url=https://www.myfonts.com/collections/bomkin-font-thinkdust/
[2026-05-07T08:59:28Z] #813 attempt=1/2 status=200 0.295s url=https://www.myfonts.com/products/regular-mokapot-1145370
[2026-05-07T08:59:28Z] #814 attempt=1/2 status=429 0.042s url=https://www.myfonts.com/collections/mokapot-font-abo-daniel/
[2026-05-07T08:59:31Z] #815 attempt=2/2 status=200 0.388s url=https://www.myfonts.com/collections/mokapot-font-abo-daniel/
[2026-05-07T08:59:31Z] #816 attempt=1/2 status=200 0.351s url=https://www.myfonts.com/products/regular-monst-tagger-1145932
[2026-05-07T08:59:32Z] #817 attempt=1/2 status=200 0.344s url=https://www.myfonts.com/collections/monst-tagger-font-sipanji21/
[2026-05-07T08:59:33Z] #818 attempt=1/2 status=200 0.344s url=https://www.myfonts.com/products/regular-hours-later-1145369
[2026-05-07T08:59:33Z] #819 attempt=1/2 status=200 0.303s url=https://www.myfonts.com/collections/hours-later-font-hipfonts/
[2026-05-07T08:59:34Z] #820 attempt=1/2 status=429 0.042s url=https://www.myfonts.com/products/regular-destroy-all-humans-1146334
[2026-05-07T08:59:36Z] #821 attempt=2/2 status=200 0.421s url=https://www.myfonts.com/products/regular-destroy-all-humans-1146334
[2026-05-07T08:59:37Z] #822 attempt=1/2 status=200 0.410s url=https://www.myfonts.com/collections/destroy-all-humans-font-woodcutter/
[2026-05-07T08:59:38Z] #823 attempt=1/6 status=200 0.977s url=https://www.myfonts.com/products.json?limit=100&page=23
[2026-05-07T08:59:40Z] #824 attempt=1/6 status=200 0.786s url=https://www.myfonts.com/products.json?limit=100&page=24
[2026-05-07T08:59:40Z] #825 attempt=1/2 status=200 0.366s url=https://www.myfonts.com/products/regular-gragien-1145911
[2026-05-07T08:59:41Z] #826 attempt=1/2 status=200 0.409s url=https://www.myfonts.com/collections/gragien-font-pandeka-studio/
[2026-05-07T08:59:42Z] #827 attempt=1/2 status=200 0.313s url=https://www.myfonts.com/products/regular-whiskeys-1145910
[2026-05-07T08:59:42Z] #828 attempt=1/2 status=200 0.441s url=https://www.myfonts.com/collections/whiskeys-font-unitype-studio/
[2026-05-07T08:59:43Z] #829 attempt=1/2 status=200 0.461s url=https://www.myfonts.com/products/um-happy-christmas-regular-um-happy-christmas-1145909
[2026-05-07T08:59:43Z] #830 attempt=1/2 status=200 0.314s url=https://www.myfonts.com/collections/um-happy-christmas-font-unitype-studio/
[2026-05-07T08:59:45Z] #831 attempt=1/6 status=200 0.716s url=https://www.myfonts.com/products.json?limit=100&page=25
[2026-05-07T08:59:45Z] summary releases=961 first_429=(321, 'https://www.myfonts.com/collections/shree-gujarati-5220-font-modularinfotech/?tab=techSpecs', 0.04569220542907715) log_file=state/myfonts_run_20260507_084525.log
[2026-05-07T08:59:45Z] === MyFonts crawl end ===
