[2026-04-05T07:19:15Z] checkpoint fresh next_page=1 path=state/myfonts_crawl_checkpoint.json
[2026-04-05T07:19:15Z] === MyFonts crawl start source=myfonts ===
[2026-04-05T07:19:15Z] config max_pages=25 page_size=100 start_date=2026-04-04 end_date=2026-04-05 api_delay=0.5s detail_delay=0.2s max_debut_checks=400 max_tech_specs_checks=200 reuse_success_profile=False always_enrich_packages=True language_script_signal_mode=strong force_fresh_run=False start_page=1 browser_mode=False browser_headless=True browser_storage_state_path=state/myfonts_storage_state.json
[2026-04-05T07:19:17Z] #1 attempt=1/6 status=200 0.832s url=https://www.myfonts.com/products.json?limit=100&page=1
[2026-04-05T07:19:17Z] #2 attempt=1/2 status=200 0.334s url=https://www.myfonts.com/products/limit-display-xcompressed-package-1114326
[2026-04-05T07:19:18Z] #3 attempt=1/2 status=200 0.515s url=https://www.myfonts.com/collections/limit-display-font-bold-guystm/
[2026-04-05T07:19:19Z] #4 attempt=1/2 status=200 0.282s url=https://www.myfonts.com/collections/limit-display-font-bold-guystm/?tab=techSpecs
[2026-04-05T07:19:21Z] #5 attempt=1/2 status=200 0.282s url=https://www.myfonts.com/products/limit-text-condensed-package-1114233
[2026-04-05T07:19:21Z] #6 attempt=1/2 status=200 0.296s url=https://www.myfonts.com/collections/limit-text-font-bold-guystm/
[2026-04-05T07:19:22Z] #7 attempt=1/2 status=200 0.301s url=https://www.myfonts.com/collections/limit-text-font-bold-guystm/?tab=techSpecs
[2026-04-05T07:19:23Z] #8 attempt=1/2 status=200 0.271s url=https://www.myfonts.com/products/beround-pro-complete-family-package-1129375
[2026-04-05T07:19:23Z] #9 attempt=1/2 status=200 0.333s url=https://www.myfonts.com/collections/beround-pro-font-nicolass-fonts/
[2026-04-05T07:19:24Z] #10 attempt=1/2 status=200 0.173s url=https://www.myfonts.com/collections/beround-pro-font-nicolass-fonts/?tab=techSpecs
[2026-04-05T07:19:25Z] #11 attempt=1/2 status=200 0.350s url=https://www.myfonts.com/products/onry-display-complete-family-package-1129392
[2026-04-05T07:19:26Z] #12 attempt=1/2 status=200 0.346s url=https://www.myfonts.com/collections/onry-display-font-nicolass-fonts/
[2026-04-05T07:19:27Z] #13 attempt=1/2 status=200 0.406s url=https://www.myfonts.com/collections/onry-display-font-nicolass-fonts/?tab=techSpecs
[2026-04-05T07:19:28Z] #14 attempt=1/2 status=200 0.993s url=https://www.myfonts.com/products/nostalgia-font-sale-package-937437
[2026-04-05T07:19:29Z] #15 attempt=1/2 status=404 0.203s url=https://www.myfonts.com/collections/nostalgia-font-sale-font-adita-fonts
[2026-04-05T07:19:30Z] #16 attempt=1/2 status=200 0.668s url=https://www.myfonts.com/products/premium-classic-collection-package-1047393
[2026-04-05T07:19:30Z] #17 attempt=1/2 status=404 0.241s url=https://www.myfonts.com/collections/premium-classic-collection-font-adita-fonts
[2026-04-05T07:19:31Z] #18 attempt=1/2 status=200 0.541s url=https://www.myfonts.com/products/blooming-greenery-package-998415
[2026-04-05T07:19:32Z] #19 attempt=1/2 status=200 0.342s url=https://www.myfonts.com/collections/blooming-greenery-font-adita-fonts
[2026-04-05T07:19:32Z] #20 attempt=1/2 status=200 0.298s url=https://www.myfonts.com/collections/blooming-greenery-font-adita-fonts?tab=techSpecs
[2026-04-05T07:19:34Z] #21 attempt=1/2 status=200 0.719s url=https://www.myfonts.com/products/infinity-font-bundle-package-1000884
[2026-04-05T07:19:34Z] #22 attempt=1/2 status=404 0.202s url=https://www.myfonts.com/collections/infinity-font-bundle-font-adita-fonts
[2026-04-05T07:19:35Z] #23 attempt=1/2 status=200 0.787s url=https://www.myfonts.com/products/summer-sale-package-922402
[2026-04-05T07:19:36Z] #24 attempt=1/2 status=404 0.234s url=https://www.myfonts.com/collections/summer-sale-font-adita-fonts
[2026-04-05T07:19:37Z] #25 attempt=1/2 status=200 0.977s url=https://www.myfonts.com/products/summer-font-bundle-package-931119
[2026-04-05T07:19:37Z] #26 attempt=1/2 status=404 0.144s url=https://www.myfonts.com/collections/summer-font-bundle-font-adita-fonts
[2026-04-05T07:19:38Z] #27 attempt=1/2 status=200 0.686s url=https://www.myfonts.com/products/minimalist-package-999558
[2026-04-05T07:19:38Z] #28 attempt=1/2 status=404 0.163s url=https://www.myfonts.com/collections/minimalist-font-adita-fonts
[2026-04-05T07:19:39Z] #29 attempt=1/2 status=200 0.487s url=https://www.myfonts.com/products/minimalist-font-bundle-package-999430
[2026-04-05T07:19:39Z] #30 attempt=1/2 status=404 0.162s url=https://www.myfonts.com/collections/minimalist-font-bundle-font-adita-fonts
[2026-04-05T07:19:40Z] #31 attempt=1/2 status=200 0.308s url=https://www.myfonts.com/products/sadetta-complete-family-package-1129327
[2026-04-05T07:19:40Z] #32 attempt=1/2 status=200 0.317s url=https://www.myfonts.com/collections/sadetta-font-mika-melvas/
[2026-04-05T07:19:41Z] #33 attempt=1/2 status=200 0.303s url=https://www.myfonts.com/collections/sadetta-font-mika-melvas/?tab=techSpecs
[2026-04-05T07:19:42Z] #34 attempt=1/2 status=200 0.365s url=https://www.myfonts.com/products/gc-neue-rumble-complete-family-package-1129286
[2026-04-05T07:19:43Z] #35 attempt=1/2 status=200 0.315s url=https://www.myfonts.com/collections/gc-neue-rumble-font-onyx-studio/
[2026-04-05T07:19:44Z] #36 attempt=1/2 status=200 0.392s url=https://www.myfonts.com/collections/gc-neue-rumble-font-onyx-studio/?tab=techSpecs
[2026-04-05T07:19:45Z] #37 attempt=1/2 status=200 0.290s url=https://www.myfonts.com/products/business-didone-display-package-1129284
[2026-04-05T07:19:46Z] #38 attempt=1/2 status=200 0.360s url=https://www.myfonts.com/collections/business-didone-font-pizzatypefaces/
[2026-04-05T07:19:47Z] #39 attempt=1/2 status=200 0.532s url=https://www.myfonts.com/collections/business-didone-font-pizzatypefaces/?tab=techSpecs
[2026-04-05T07:19:48Z] #40 attempt=1/2 status=200 0.236s url=https://www.myfonts.com/products/neglia-complete-family-package-1129320
[2026-04-05T07:19:48Z] #41 attempt=1/2 status=200 0.298s url=https://www.myfonts.com/collections/neglia-font-enfeeltype/
[2026-04-05T07:19:49Z] #42 attempt=1/2 status=200 0.118s url=https://www.myfonts.com/collections/neglia-font-enfeeltype/?tab=techSpecs
[2026-04-05T07:19:50Z] #43 attempt=1/2 status=200 0.262s url=https://www.myfonts.com/products/regular-inkmora-1120278
[2026-04-05T07:19:50Z] #44 attempt=1/2 status=200 0.248s url=https://www.myfonts.com/collections/inkmora-font-oxt-type-house/
[2026-04-05T07:19:51Z] #45 attempt=1/2 status=200 0.130s url=https://www.myfonts.com/collections/inkmora-font-oxt-type-house/?tab=techSpecs
[2026-04-05T07:19:52Z] #46 attempt=1/2 status=200 0.336s url=https://www.myfonts.com/products/regular-orvantra-1120279
[2026-04-05T07:19:52Z] #47 attempt=1/2 status=200 0.402s url=https://www.myfonts.com/collections/orvantra-font-oxt-type-house/
[2026-04-05T07:19:53Z] #48 attempt=1/2 status=200 0.308s url=https://www.myfonts.com/collections/orvantra-font-oxt-type-house/?tab=techSpecs
[2026-04-05T07:19:54Z] #49 attempt=1/2 status=200 0.765s url=https://www.myfonts.com/products/golden-tales-serif-collection-package-1129250
[2026-04-05T07:19:55Z] #50 attempt=1/2 status=404 0.251s url=https://www.myfonts.com/collections/golden-tales-serif-collection-font-vp-creative-shop
[2026-04-05T07:19:55Z] #51 attempt=1/2 status=200 0.295s url=https://www.myfonts.com/products/starby-complete-family-package-1128962
[2026-04-05T07:19:56Z] #52 attempt=1/2 status=200 0.352s url=https://www.myfonts.com/collections/starby-font-ahweproject/
[2026-04-05T07:19:56Z] #53 attempt=1/2 status=200 0.306s url=https://www.myfonts.com/collections/starby-font-ahweproject/?tab=techSpecs
[2026-04-05T07:19:59Z] #54 attempt=1/2 status=200 0.575s url=https://www.myfonts.com/products/italic-package-1128949
[2026-04-05T07:20:01Z] #55 attempt=1/2 status=200 1.564s url=https://www.myfonts.com/collections/amnesist-font-skinny-type/
[2026-04-05T07:20:03Z] #56 attempt=1/2 status=200 2.217s url=https://www.myfonts.com/collections/amnesist-font-skinny-type/?tab=techSpecs
[2026-04-05T07:20:05Z] #57 attempt=1/2 status=200 0.358s url=https://www.myfonts.com/products/frosting-sans-complete-family-package-1128956
[2026-04-05T07:20:05Z] #58 attempt=1/2 status=200 0.351s url=https://www.myfonts.com/collections/frosting-sans-font-jonathanball/
[2026-04-05T07:20:06Z] #59 attempt=1/2 status=200 0.170s url=https://www.myfonts.com/collections/frosting-sans-font-jonathanball/?tab=techSpecs
[2026-04-05T07:20:07Z] #60 attempt=1/2 status=200 0.311s url=https://www.myfonts.com/products/fox-vincent-complete-family-package-1128816
[2026-04-05T07:20:08Z] #61 attempt=1/2 status=200 0.430s url=https://www.myfonts.com/collections/fox-vincent-outline-font-fox7/
[2026-04-05T07:20:08Z] #62 attempt=1/2 status=200 0.332s url=https://www.myfonts.com/collections/fox-vincent-outline-font-fox7/?tab=techSpecs
[2026-04-05T07:20:09Z] #63 attempt=1/2 status=200 0.425s url=https://www.myfonts.com/products/ordine-complete-family-package-1128821
[2026-04-05T07:20:10Z] #64 attempt=1/2 status=200 0.753s url=https://www.myfonts.com/collections/ordine-font-resistenza/
[2026-04-05T07:20:11Z] #65 attempt=1/2 status=200 0.499s url=https://www.myfonts.com/collections/ordine-font-resistenza/?tab=techSpecs
[2026-04-05T07:20:13Z] #66 attempt=1/2 status=200 0.352s url=https://www.myfonts.com/products/frosting-script-complete-family-package-1128950
[2026-04-05T07:20:13Z] #67 attempt=1/2 status=200 0.312s url=https://www.myfonts.com/collections/frosting-script-font-jonathanball/
[2026-04-05T07:20:14Z] #68 attempt=1/2 status=200 0.440s url=https://www.myfonts.com/collections/frosting-script-font-jonathanball/?tab=techSpecs
[2026-04-05T07:20:15Z] #69 attempt=1/2 status=200 0.286s url=https://www.myfonts.com/products/hematite-complete-family-package-1129124
[2026-04-05T07:20:16Z] #70 attempt=1/2 status=200 0.367s url=https://www.myfonts.com/collections/hematite-font-alpercakici/
[2026-04-05T07:20:16Z] #71 attempt=1/2 status=200 0.302s url=https://www.myfonts.com/collections/hematite-font-alpercakici/?tab=techSpecs
[2026-04-05T07:20:18Z] #72 attempt=1/2 status=200 0.276s url=https://www.myfonts.com/products/sltf-arcilla-complete-family-package-1128965
[2026-04-05T07:20:18Z] #73 attempt=1/2 status=200 0.279s url=https://www.myfonts.com/collections/sltf-arcilla-font-silver-stag/
[2026-04-05T07:20:19Z] #74 attempt=1/2 status=200 0.282s url=https://www.myfonts.com/collections/sltf-arcilla-font-silver-stag/?tab=techSpecs
[2026-04-05T07:20:21Z] #75 attempt=1/6 status=200 0.623s url=https://www.myfonts.com/products.json?limit=100&page=2
[2026-04-05T07:20:22Z] #76 attempt=1/2 status=200 0.795s url=https://www.myfonts.com/products/garage-legends-font-bundle-package-1129248
[2026-04-05T07:20:22Z] #77 attempt=1/2 status=404 0.232s url=https://www.myfonts.com/collections/garage-legends-font-bundle-font-edignwn-type
[2026-04-05T07:20:23Z] #78 attempt=1/2 status=200 0.333s url=https://www.myfonts.com/products/finalist-round-slab-complete-family-package-1122415
[2026-04-05T07:20:23Z] #79 attempt=1/2 status=200 0.378s url=https://www.myfonts.com/collections/finalist-round-slab-font-bulent-yuksel/
[2026-04-05T07:20:24Z] #80 attempt=1/2 status=200 0.368s url=https://www.myfonts.com/collections/finalist-round-slab-font-bulent-yuksel/?tab=techSpecs
[2026-04-05T07:20:26Z] #81 attempt=1/2 status=200 0.532s url=https://www.myfonts.com/products/aboro-complete-family-package-1128252
[2026-04-05T07:20:26Z] #82 attempt=1/2 status=200 0.303s url=https://www.myfonts.com/collections/aboro-font-artiveko/
[2026-04-05T07:20:27Z] #83 attempt=1/2 status=200 0.302s url=https://www.myfonts.com/collections/aboro-font-artiveko/?tab=techSpecs
[2026-04-05T07:20:28Z] #84 attempt=1/2 status=200 0.325s url=https://www.myfonts.com/products/pufilo-tropic-complete-family-package-1128043
[2026-04-05T07:20:28Z] #85 attempt=1/2 status=200 0.272s url=https://www.myfonts.com/collections/pufilo-tropic-font-tini-fitriani/
[2026-04-05T07:20:29Z] #86 attempt=1/2 status=200 0.364s url=https://www.myfonts.com/collections/pufilo-tropic-font-tini-fitriani/?tab=techSpecs
[2026-04-05T07:20:30Z] #87 attempt=1/2 status=200 0.424s url=https://www.myfonts.com/products/narrowtone-complete-family-package-1128021
[2026-04-05T07:20:31Z] #88 attempt=1/2 status=200 0.484s url=https://www.myfonts.com/collections/narrowtone-font-typoraith-co/
[2026-04-05T07:20:31Z] #89 attempt=1/2 status=200 0.176s url=https://www.myfonts.com/collections/narrowtone-font-typoraith-co/?tab=techSpecs
[2026-04-05T07:20:33Z] #90 attempt=1/2 status=200 0.318s url=https://www.myfonts.com/products/lonely-street-complete-family-package-1128198
[2026-04-05T07:20:33Z] #91 attempt=1/2 status=200 0.391s url=https://www.myfonts.com/collections/lonely-street-font-pizzadudedk/
[2026-04-05T07:20:34Z] #92 attempt=1/2 status=200 0.369s url=https://www.myfonts.com/collections/lonely-street-font-pizzadudedk/?tab=techSpecs
[2026-04-05T07:20:35Z] #93 attempt=1/2 status=200 0.313s url=https://www.myfonts.com/products/foermality-serif-variable-complete-family-package-1128263
[2026-04-05T07:20:36Z] #94 attempt=1/2 status=200 0.485s url=https://www.myfonts.com/collections/foermality-serif-variable-font-laroyba-type/
[2026-04-05T07:20:37Z] #95 attempt=1/2 status=200 0.320s url=https://www.myfonts.com/collections/foermality-serif-variable-font-laroyba-type/?tab=techSpecs
[2026-04-05T07:20:38Z] #96 attempt=1/2 status=200 0.341s url=https://www.myfonts.com/products/desqire-complete-family-package-1128203
[2026-04-05T07:20:38Z] #97 attempt=1/2 status=200 0.334s url=https://www.myfonts.com/collections/desqire-font-nexaline-type/
[2026-04-05T07:20:39Z] #98 attempt=1/2 status=200 0.334s url=https://www.myfonts.com/collections/desqire-font-nexaline-type/?tab=techSpecs
[2026-04-05T07:20:40Z] #99 attempt=1/2 status=200 0.336s url=https://www.myfonts.com/products/buttery-delight-complete-family-package-1128209
[2026-04-05T07:20:41Z] #100 attempt=1/2 status=200 0.327s url=https://www.myfonts.com/collections/buttery-delight-font-stylishtype-studio/
[2026-04-05T07:20:41Z] #101 attempt=1/2 status=200 0.134s url=https://www.myfonts.com/collections/buttery-delight-font-stylishtype-studio/?tab=techSpecs
[2026-04-05T07:20:43Z] #102 attempt=1/2 status=200 0.457s url=https://www.myfonts.com/products/fleur-porta-complete-family-package-1128093
[2026-04-05T07:20:43Z] #103 attempt=1/2 status=200 0.439s url=https://www.myfonts.com/collections/fleur-porta-font-jolicia-type/
[2026-04-05T07:20:44Z] #104 attempt=1/2 status=200 0.346s url=https://www.myfonts.com/collections/fleur-porta-font-jolicia-type/?tab=techSpecs
[2026-04-05T07:20:45Z] #105 attempt=1/2 status=200 0.423s url=https://www.myfonts.com/products/watsadu-complete-family-package-1128050
[2026-04-05T07:20:46Z] #106 attempt=1/2 status=200 0.461s url=https://www.myfonts.com/collections/watsadu-font-jipatype/
[2026-04-05T07:20:47Z] #107 attempt=1/2 status=200 0.549s url=https://www.myfonts.com/collections/watsadu-font-jipatype/?tab=techSpecs
[2026-04-05T07:20:48Z] #108 attempt=1/2 status=200 0.293s url=https://www.myfonts.com/products/bunko-complete-family-package-1128017
[2026-04-05T07:20:49Z] #109 attempt=1/2 status=200 0.435s url=https://www.myfonts.com/collections/bunko-font-snapedsgn/
[2026-04-05T07:20:49Z] #110 attempt=1/2 status=200 0.129s url=https://www.myfonts.com/collections/bunko-font-snapedsgn/?tab=techSpecs
[2026-04-05T07:20:50Z] #111 attempt=1/2 status=200 0.315s url=https://www.myfonts.com/products/petar04-complete-family-package-1128246
[2026-04-05T07:20:51Z] #112 attempt=1/2 status=200 0.406s url=https://www.myfonts.com/collections/petar04-font-borutta/
[2026-04-05T07:20:52Z] #113 attempt=1/2 status=200 0.333s url=https://www.myfonts.com/collections/petar04-font-borutta/?tab=techSpecs
[2026-04-05T07:20:53Z] #114 attempt=1/2 status=200 0.384s url=https://www.myfonts.com/products/povin-m-package-1128229
[2026-04-05T07:20:54Z] #115 attempt=1/2 status=200 0.442s url=https://www.myfonts.com/collections/povin-font-vlad-b/
[2026-04-05T07:20:54Z] #116 attempt=1/2 status=200 0.578s url=https://www.myfonts.com/collections/povin-font-vlad-b/?tab=techSpecs
[2026-04-05T07:20:56Z] #117 attempt=1/2 status=200 0.317s url=https://www.myfonts.com/products/regani-complete-family-package-1128165
[2026-04-05T07:20:56Z] #118 attempt=1/2 status=200 0.340s url=https://www.myfonts.com/collections/regani-font-nexaline-type/
[2026-04-05T07:20:57Z] #119 attempt=1/2 status=200 0.183s url=https://www.myfonts.com/collections/regani-font-nexaline-type/?tab=techSpecs
[2026-04-05T07:20:58Z] #120 attempt=1/2 status=200 0.501s url=https://www.myfonts.com/products/nawal-complete-family-package-1128391
[2026-04-05T07:21:00Z] #121 attempt=1/2 status=200 1.331s url=https://www.myfonts.com/collections/nawal-font-alpercakici/
[2026-04-05T07:21:00Z] #122 attempt=1/2 status=200 0.240s url=https://www.myfonts.com/collections/nawal-font-alpercakici/?tab=techSpecs
[2026-04-05T07:21:02Z] #123 attempt=1/2 status=200 0.311s url=https://www.myfonts.com/products/shaprone-complete-family-package-1128258
[2026-04-05T07:21:02Z] #124 attempt=1/2 status=200 0.338s url=https://www.myfonts.com/collections/shaprone-font-burntilldead/
[2026-04-05T07:21:03Z] #125 attempt=1/2 status=200 0.375s url=https://www.myfonts.com/collections/shaprone-font-burntilldead/?tab=techSpecs
[2026-04-05T07:21:04Z] #126 attempt=1/2 status=200 0.418s url=https://www.myfonts.com/products/rcl-arviel-complete-family-package-1128282
[2026-04-05T07:21:05Z] #127 attempt=1/2 status=200 0.598s url=https://www.myfonts.com/collections/rcl-arviel-font-jafar07/
[2026-04-05T07:21:06Z] #128 attempt=1/2 status=200 0.441s url=https://www.myfonts.com/collections/rcl-arviel-font-jafar07/?tab=techSpecs
[2026-04-05T07:21:07Z] #129 attempt=1/2 status=200 0.358s url=https://www.myfonts.com/products/ginovra-complete-family-package-1128070
[2026-04-05T07:21:08Z] #130 attempt=1/2 status=200 0.504s url=https://www.myfonts.com/collections/ginovra-font-ghozai-studio/
[2026-04-05T07:21:09Z] #131 attempt=1/2 status=200 0.591s url=https://www.myfonts.com/collections/ginovra-font-ghozai-studio/?tab=techSpecs
[2026-04-05T07:21:10Z] #132 attempt=1/2 status=200 0.373s url=https://www.myfonts.com/products/vasprix-complete-family-package-1128241
[2026-04-05T07:21:11Z] #133 attempt=1/2 status=200 0.328s url=https://www.myfonts.com/collections/vasprix-font-enfeeltype/
[2026-04-05T07:21:12Z] #134 attempt=1/2 status=200 0.363s url=https://www.myfonts.com/collections/vasprix-font-enfeeltype/?tab=techSpecs
[2026-04-05T07:21:13Z] #135 attempt=1/2 status=200 0.296s url=https://www.myfonts.com/products/lochta-decorative-complete-family-package-1128046
[2026-04-05T07:21:13Z] #136 attempt=1/2 status=200 0.324s url=https://www.myfonts.com/collections/lochta-decorative-font-denustudio/
[2026-04-05T07:21:14Z] #137 attempt=1/2 status=200 0.321s url=https://www.myfonts.com/collections/lochta-decorative-font-denustudio/?tab=techSpecs
[2026-04-05T07:21:15Z] #138 attempt=1/2 status=200 0.378s url=https://www.myfonts.com/products/locked-whisper-complete-family-package-1128087
[2026-04-05T07:21:16Z] #139 attempt=1/2 status=200 0.326s url=https://www.myfonts.com/collections/locked-whisper-font-letterhend/
[2026-04-05T07:21:17Z] #140 attempt=1/2 status=200 0.525s url=https://www.myfonts.com/collections/locked-whisper-font-letterhend/?tab=techSpecs
[2026-04-05T07:21:18Z] #141 attempt=1/2 status=200 0.341s url=https://www.myfonts.com/products/megiar-complete-family-package-1125660
[2026-04-05T07:21:18Z] #142 attempt=1/2 status=200 0.282s url=https://www.myfonts.com/collections/megiar-font-letterena-studios/
[2026-04-05T07:21:19Z] #143 attempt=1/2 status=200 0.294s url=https://www.myfonts.com/collections/megiar-font-letterena-studios/?tab=techSpecs
[2026-04-05T07:21:20Z] #144 attempt=1/2 status=200 0.497s url=https://www.myfonts.com/products/quinget-variable-complete-family-package-1128092
[2026-04-05T07:21:21Z] #145 attempt=1/2 status=200 1.092s url=https://www.myfonts.com/collections/quinget-variable-font-aqeela-studio/
[2026-04-05T07:21:23Z] #146 attempt=1/2 status=200 1.109s url=https://www.myfonts.com/collections/quinget-variable-font-aqeela-studio/?tab=techSpecs
[2026-04-05T07:21:24Z] #147 attempt=1/2 status=200 0.441s url=https://www.myfonts.com/products/it-xytrion-complete-family-package-1125657
[2026-04-05T07:21:25Z] #148 attempt=1/2 status=200 0.367s url=https://www.myfonts.com/collections/it-xytrion-font-creatifont-studio/
[2026-04-05T07:21:25Z] #149 attempt=1/2 status=200 0.114s url=https://www.myfonts.com/collections/it-xytrion-font-creatifont-studio/?tab=techSpecs
[2026-04-05T07:21:27Z] #150 attempt=1/2 status=200 0.352s url=https://www.myfonts.com/products/gc-magnu-complete-family-package-1128274
[2026-04-05T07:21:27Z] #151 attempt=1/2 status=200 0.418s url=https://www.myfonts.com/collections/gc-magnu-font-onyx-studio/
[2026-04-05T07:21:28Z] #152 attempt=1/2 status=200 0.369s url=https://www.myfonts.com/collections/gc-magnu-font-onyx-studio/?tab=techSpecs
[2026-04-05T07:21:29Z] #153 attempt=1/2 status=200 0.264s url=https://www.myfonts.com/products/lotrance-complete-family-package-1128255
[2026-04-05T07:21:30Z] #154 attempt=1/2 status=200 0.370s url=https://www.myfonts.com/collections/lotrance-font-burntilldead/
[2026-04-05T07:21:30Z] #155 attempt=1/2 status=200 0.297s url=https://www.myfonts.com/collections/lotrance-font-burntilldead/?tab=techSpecs
[2026-04-05T07:21:32Z] #156 attempt=1/2 status=200 0.354s url=https://www.myfonts.com/products/fox-josie-complete-family-package-1128213
[2026-04-05T07:21:33Z] #157 attempt=1/2 status=200 0.322s url=https://www.myfonts.com/collections/fox-josie-font-fox7/
[2026-04-05T07:21:34Z] #158 attempt=1/2 status=200 0.301s url=https://www.myfonts.com/collections/fox-josie-font-fox7/?tab=techSpecs
[2026-04-05T07:21:35Z] #159 attempt=1/2 status=200 0.329s url=https://www.myfonts.com/products/jengah-complete-family-package-1128040
[2026-04-05T07:21:35Z] #160 attempt=1/2 status=200 0.310s url=https://www.myfonts.com/collections/jengah-font-tini-fitriani/
[2026-04-05T07:21:36Z] #161 attempt=1/2 status=200 0.133s url=https://www.myfonts.com/collections/jengah-font-tini-fitriani/?tab=techSpecs
[2026-04-05T07:21:37Z] #162 attempt=1/2 status=200 0.313s url=https://www.myfonts.com/products/mattel-complete-family-package-1128266
[2026-04-05T07:21:37Z] #163 attempt=1/2 status=200 0.412s url=https://www.myfonts.com/collections/mattel-font-hrdr/
[2026-04-05T07:21:38Z] #164 attempt=1/2 status=200 0.447s url=https://www.myfonts.com/collections/mattel-font-hrdr/?tab=techSpecs
[2026-04-05T07:21:39Z] #165 attempt=1/2 status=200 0.296s url=https://www.myfonts.com/products/imax-light-complete-family-package-1128190
[2026-04-05T07:21:40Z] #166 attempt=1/2 status=200 0.334s url=https://www.myfonts.com/collections/imax-light-font-hrdr/
[2026-04-05T07:21:40Z] #167 attempt=1/2 status=200 0.384s url=https://www.myfonts.com/collections/imax-light-font-hrdr/?tab=techSpecs
[2026-04-05T07:21:42Z] #168 attempt=1/2 status=200 0.348s url=https://www.myfonts.com/products/musty-relax-complete-family-package-1128217
[2026-04-05T07:21:42Z] #169 attempt=1/2 status=200 0.302s url=https://www.myfonts.com/collections/musty-relax-font-timelesstype-studio/
[2026-04-05T07:21:43Z] #170 attempt=1/2 status=200 0.321s url=https://www.myfonts.com/collections/musty-relax-font-timelesstype-studio/?tab=techSpecs
[2026-04-05T07:21:44Z] #171 attempt=1/2 status=200 0.329s url=https://www.myfonts.com/products/it-zorak-complete-family-package-1128237
[2026-04-05T07:21:44Z] #172 attempt=1/2 status=200 0.334s url=https://www.myfonts.com/collections/it-zorak-font-creatifont-studio/
[2026-04-05T07:21:45Z] #173 attempt=1/2 status=200 0.326s url=https://www.myfonts.com/collections/it-zorak-font-creatifont-studio/?tab=techSpecs
[2026-04-05T07:21:47Z] #174 attempt=1/6 status=200 0.736s url=https://www.myfonts.com/products.json?limit=100&page=3
[2026-04-05T07:21:48Z] #175 attempt=1/2 status=200 0.372s url=https://www.myfonts.com/products/regular-andella-1125663
[2026-04-05T07:21:48Z] #176 attempt=1/2 status=200 0.288s url=https://www.myfonts.com/collections/andella-font-masinong-studio/
[2026-04-05T07:21:49Z] #177 attempt=1/2 status=200 0.265s url=https://www.myfonts.com/collections/andella-font-masinong-studio/?tab=techSpecs
[2026-04-05T07:21:50Z] #178 attempt=1/2 status=200 0.409s url=https://www.myfonts.com/products/54-medium-italic-bosphorus-1124735
[2026-04-05T07:21:51Z] #179 attempt=1/2 status=200 0.906s url=https://www.myfonts.com/collections/bosphorus-font-bulent-yuksel/
[2026-04-05T07:21:51Z] #180 attempt=1/2 status=200 0.149s url=https://www.myfonts.com/collections/bosphorus-font-bulent-yuksel/?tab=techSpecs
[2026-04-05T07:21:53Z] #181 attempt=1/2 status=200 0.290s url=https://www.myfonts.com/products/regular-alienasi-o-1128197
[2026-04-05T07:21:53Z] #182 attempt=1/2 status=200 0.281s url=https://www.myfonts.com/collections/alienasi-o-font-o-type-foundry/
[2026-04-05T07:21:54Z] #183 attempt=1/2 status=200 0.132s url=https://www.myfonts.com/collections/alienasi-o-font-o-type-foundry/?tab=techSpecs
[2026-04-05T07:21:54Z] #184 attempt=1/2 status=200 0.389s url=https://www.myfonts.com/products/regular-rigter-1128283
[2026-04-05T07:21:55Z] #185 attempt=1/2 status=200 0.316s url=https://www.myfonts.com/collections/rigter-font-hrdr/
[2026-04-05T07:21:56Z] #186 attempt=1/2 status=200 0.273s url=https://www.myfonts.com/collections/rigter-font-hrdr/?tab=techSpecs
[2026-04-05T07:21:56Z] #187 attempt=1/2 status=200 0.246s url=https://www.myfonts.com/products/regular-metroforge-1127918
[2026-04-05T07:21:57Z] #188 attempt=1/2 status=200 0.327s url=https://www.myfonts.com/collections/metroforge-font-zyphoria/
[2026-04-05T07:21:57Z] #189 attempt=1/2 status=200 0.120s url=https://www.myfonts.com/collections/metroforge-font-zyphoria/?tab=techSpecs
[2026-04-05T07:21:58Z] #190 attempt=1/2 status=200 0.259s url=https://www.myfonts.com/products/regular-brythor-1125664
[2026-04-05T07:21:59Z] #191 attempt=1/2 status=200 0.294s url=https://www.myfonts.com/collections/brythor-font-denustudio/
[2026-04-05T07:21:59Z] #192 attempt=1/2 status=200 0.370s url=https://www.myfonts.com/collections/brythor-font-denustudio/?tab=techSpecs
[2026-04-05T07:22:00Z] #193 attempt=1/2 status=200 0.403s url=https://www.myfonts.com/products/regular-bullvone-1128231
[2026-04-05T07:22:01Z] #194 attempt=1/2 status=200 0.437s url=https://www.myfonts.com/collections/bullvone-font-zealab-fonts-division/
[2026-04-05T07:22:02Z] #195 attempt=1/2 status=200 0.301s url=https://www.myfonts.com/collections/bullvone-font-zealab-fonts-division/?tab=techSpecs
[2026-04-05T07:22:02Z] #196 attempt=1/2 status=200 0.313s url=https://www.myfonts.com/products/regular-qeland-saigh-1128235
[2026-04-05T07:22:03Z] #197 attempt=1/2 status=200 0.435s url=https://www.myfonts.com/collections/qeland-saigh-font-trabas-kriya/
[2026-04-05T07:22:04Z] #198 attempt=1/2 status=200 0.117s url=https://www.myfonts.com/collections/qeland-saigh-font-trabas-kriya/?tab=techSpecs
[2026-04-05T07:22:05Z] #199 attempt=1/6 status=200 0.831s url=https://www.myfonts.com/products.json?limit=100&page=4
[2026-04-05T07:22:06Z] #200 attempt=1/2 status=200 0.482s url=https://www.myfonts.com/products/italic-s1-bold-italian-vp-1127774
[2026-04-05T07:22:07Z] #201 attempt=1/2 status=200 0.934s url=https://www.myfonts.com/collections/italian-vp-font-vp-creative-shop/
[2026-04-05T07:22:08Z] #202 attempt=1/2 status=200 0.132s url=https://www.myfonts.com/collections/italian-vp-font-vp-creative-shop/?tab=techSpecs
[2026-04-05T07:22:09Z] #203 attempt=1/2 status=200 0.295s url=https://www.myfonts.com/products/bold-sancremo-1128196
[2026-04-05T07:22:09Z] #204 attempt=1/2 status=200 0.349s url=https://www.myfonts.com/collections/sancremo-font-milan-pleva/
[2026-04-05T07:22:10Z] #205 attempt=1/2 status=200 0.268s url=https://www.myfonts.com/collections/sancremo-font-milan-pleva/?tab=techSpecs
[2026-04-05T07:22:11Z] #206 attempt=1/2 status=200 0.296s url=https://www.myfonts.com/products/regular-te-hafs-pro-tharwat-emara-1127852
[2026-04-05T07:22:11Z] #207 attempt=1/2 status=200 0.295s url=https://www.myfonts.com/collections/te-hafs-pro-tharwat-emara-font-tharwat-emara/
[2026-04-05T07:22:12Z] #208 attempt=1/2 status=200 0.258s url=https://www.myfonts.com/collections/te-hafs-pro-tharwat-emara-font-tharwat-emara/?tab=techSpecs
[2026-04-05T07:22:13Z] #209 attempt=1/2 status=200 0.406s url=https://www.myfonts.com/products/regular-langkawi-1128261
[2026-04-05T07:22:13Z] #210 attempt=1/2 status=200 0.279s url=https://www.myfonts.com/collections/langkawi-font-mevstory-studio/
[2026-04-05T07:22:14Z] #211 attempt=1/2 status=200 0.258s url=https://www.myfonts.com/collections/langkawi-font-mevstory-studio/?tab=techSpecs
[2026-04-05T07:22:15Z] #212 attempt=1/2 status=200 0.334s url=https://www.myfonts.com/products/regular-pasttany-1128236
[2026-04-05T07:22:15Z] #213 attempt=1/2 status=200 0.311s url=https://www.myfonts.com/collections/pasttany-font-khoir/
[2026-04-05T07:22:16Z] #214 attempt=1/2 status=200 0.407s url=https://www.myfonts.com/collections/pasttany-font-khoir/?tab=techSpecs
[2026-04-05T07:22:17Z] #215 attempt=1/6 status=200 0.819s url=https://www.myfonts.com/products.json?limit=100&page=5
[2026-04-05T07:22:18Z] #216 attempt=1/2 status=200 0.315s url=https://www.myfonts.com/products/regular-gorynych-1128208
[2026-04-05T07:22:18Z] #217 attempt=1/2 status=200 0.277s url=https://www.myfonts.com/collections/gorynych-font-sarcastic-raven-workshop/
[2026-04-05T07:22:19Z] #218 attempt=1/2 status=200 0.127s url=https://www.myfonts.com/collections/gorynych-font-sarcastic-raven-workshop/?tab=techSpecs
[2026-04-05T07:22:20Z] #219 attempt=1/2 status=200 0.266s url=https://www.myfonts.com/products/qumblr-capuca-regular-mc-qumblr-capuca-1128232
[2026-04-05T07:22:21Z] #220 attempt=1/2 status=200 0.364s url=https://www.myfonts.com/collections/mc-qumblr-capuca-font-maulana-creative/
[2026-04-05T07:22:21Z] #221 attempt=1/2 status=200 0.255s url=https://www.myfonts.com/collections/mc-qumblr-capuca-font-maulana-creative/?tab=techSpecs
[2026-04-05T07:22:22Z] #222 attempt=1/2 status=200 0.269s url=https://www.myfonts.com/products/regular-morbithrone-1128262
[2026-04-05T07:22:23Z] #223 attempt=1/2 status=200 0.356s url=https://www.myfonts.com/collections/morbithrone-font-mevstory-studio/
[2026-04-05T07:22:23Z] #224 attempt=1/2 status=200 0.121s url=https://www.myfonts.com/collections/morbithrone-font-mevstory-studio/?tab=techSpecs
[2026-04-05T07:22:24Z] #225 attempt=1/2 status=200 0.358s url=https://www.myfonts.com/products/regular-royalist-1128206
[2026-04-05T07:22:25Z] #226 attempt=1/2 status=200 0.393s url=https://www.myfonts.com/collections/royalist-font-sensatype-studio/
[2026-04-05T07:22:25Z] #227 attempt=1/2 status=200 0.282s url=https://www.myfonts.com/collections/royalist-font-sensatype-studio/?tab=techSpecs
[2026-04-05T07:22:26Z] #228 attempt=1/2 status=200 0.295s url=https://www.myfonts.com/products/regular-revob-1128212
[2026-04-05T07:22:27Z] #229 attempt=1/2 status=200 0.406s url=https://www.myfonts.com/collections/revob-font-drizy-font/
[2026-04-05T07:22:27Z] #230 attempt=1/2 status=200 0.119s url=https://www.myfonts.com/collections/revob-font-drizy-font/?tab=techSpecs
[2026-04-05T07:22:28Z] #231 attempt=1/2 status=200 0.500s url=https://www.myfonts.com/products/regular-enjoy-easter-1128016
[2026-04-05T07:22:29Z] #232 attempt=1/2 status=200 0.320s url=https://www.myfonts.com/collections/enjoy-easter-font-yoga-letter/
[2026-04-05T07:22:30Z] #233 attempt=1/2 status=200 0.279s url=https://www.myfonts.com/collections/enjoy-easter-font-yoga-letter/?tab=techSpecs
[2026-04-05T07:22:30Z] #234 attempt=1/2 status=200 0.298s url=https://www.myfonts.com/products/regular-savage-1128207
[2026-04-05T07:22:31Z] #235 attempt=1/2 status=200 0.269s url=https://www.myfonts.com/collections/savage-font-sensatype-studio/
[2026-04-05T07:22:31Z] #236 attempt=1/2 status=200 0.115s url=https://www.myfonts.com/collections/savage-font-sensatype-studio/?tab=techSpecs
[2026-04-05T07:22:32Z] #237 attempt=1/2 status=200 0.345s url=https://www.myfonts.com/products/regular-easter-sprinkle-1128240
[2026-04-05T07:22:33Z] #238 attempt=1/2 status=200 0.231s url=https://www.myfonts.com/collections/easter-sprinkle-font-yoga-letter/
[2026-04-05T07:22:33Z] #239 attempt=1/2 status=200 0.375s url=https://www.myfonts.com/collections/easter-sprinkle-font-yoga-letter/?tab=techSpecs
[2026-04-05T07:22:34Z] #240 attempt=1/2 status=200 0.381s url=https://www.myfonts.com/products/regular-satori-brush-1128202
[2026-04-05T07:22:35Z] #241 attempt=1/2 status=200 0.290s url=https://www.myfonts.com/collections/satori-brush-font-illusletra/
[2026-04-05T07:22:35Z] #242 attempt=1/2 status=200 0.277s url=https://www.myfonts.com/collections/satori-brush-font-illusletra/?tab=techSpecs
[2026-04-05T07:22:37Z] #243 attempt=1/6 status=200 0.771s url=https://www.myfonts.com/products.json?limit=100&page=6
[2026-04-05T07:22:37Z] #244 attempt=1/2 status=200 0.283s url=https://www.myfonts.com/products/regular-charbit-1128216
[2026-04-05T07:22:38Z] #245 attempt=1/2 status=200 0.270s url=https://www.myfonts.com/collections/charbit-font-drizy-font/
[2026-04-05T07:22:38Z] #246 attempt=1/2 status=200 0.305s url=https://www.myfonts.com/collections/charbit-font-drizy-font/?tab=techSpecs
[2026-04-05T07:22:39Z] #247 attempt=1/2 status=200 0.271s url=https://www.myfonts.com/products/medium-novel-sans-hebrew-xxxcondensed-1120127
[2026-04-05T07:22:40Z] #248 attempt=1/2 status=404 0.173s url=https://www.myfonts.com/collections/medium-novel-sans-hebrew-xxxcondensed-1120127-font-atlas-fonts
[2026-04-05T07:22:40Z] #249 attempt=1/2 status=200 0.324s url=https://www.myfonts.com/products/regular-corva-bold-inside-1128201
[2026-04-05T07:22:41Z] #250 attempt=1/2 status=200 0.400s url=https://www.myfonts.com/collections/corva-bold-inside-font-zeenesia-studio/
[2026-04-05T07:22:41Z] #251 attempt=1/2 status=200 0.255s url=https://www.myfonts.com/collections/corva-bold-inside-font-zeenesia-studio/?tab=techSpecs
[2026-04-05T07:22:42Z] #252 attempt=1/2 status=200 0.289s url=https://www.myfonts.com/products/regular-gravedigger-1128069
[2026-04-05T07:22:43Z] #253 attempt=1/2 status=200 0.269s url=https://www.myfonts.com/collections/gravedigger-font-price-foundry/
[2026-04-05T07:22:43Z] #254 attempt=1/2 status=200 0.111s url=https://www.myfonts.com/collections/gravedigger-font-price-foundry/?tab=techSpecs
[2026-04-05T07:22:44Z] #255 attempt=1/2 status=200 0.611s url=https://www.myfonts.com/products/15-triangle-line-italic-sympathetic-1123353
[2026-04-05T07:22:45Z] #256 attempt=1/2 status=200 0.708s url=https://www.myfonts.com/collections/sympathetic-font-bulent-yuksel/
[2026-04-05T07:22:46Z] #257 attempt=1/2 status=200 0.762s url=https://www.myfonts.com/collections/sympathetic-font-bulent-yuksel/?tab=techSpecs
[2026-04-05T07:22:47Z] #258 attempt=1/2 status=200 0.282s url=https://www.myfonts.com/products/regular-kavero-hand-1128302
[2026-04-05T07:22:48Z] #259 attempt=1/2 status=200 0.276s url=https://www.myfonts.com/collections/kavero-hand-font-rhd-creative/
[2026-04-05T07:22:48Z] #260 attempt=1/2 status=200 0.110s url=https://www.myfonts.com/collections/kavero-hand-font-rhd-creative/?tab=techSpecs
[2026-04-05T07:22:50Z] #261 attempt=1/2 status=200 0.383s url=https://www.myfonts.com/products/11-emo-round-full-tools-1123352
[2026-04-05T07:22:50Z] #262 attempt=1/2 status=200 0.498s url=https://www.myfonts.com/collections/full-tools-font-bulent-yuksel/
[2026-04-05T07:22:51Z] #263 attempt=1/2 status=200 0.132s url=https://www.myfonts.com/collections/full-tools-font-bulent-yuksel/?tab=techSpecs
[2026-04-05T07:22:52Z] #264 attempt=1/2 status=200 0.357s url=https://www.myfonts.com/products/regular-choko-theo-1128233
[2026-04-05T07:22:53Z] #265 attempt=1/2 status=200 0.332s url=https://www.myfonts.com/collections/choko-theo-font-twinletter/
[2026-04-05T07:22:53Z] #266 attempt=1/2 status=200 0.356s url=https://www.myfonts.com/collections/choko-theo-font-twinletter/?tab=techSpecs
[2026-04-05T07:22:54Z] #267 attempt=1/2 status=200 0.283s url=https://www.myfonts.com/products/bold-novel-sans-hebrew-1120097
[2026-04-05T07:22:55Z] #268 attempt=1/2 status=404 0.179s url=https://www.myfonts.com/collections/bold-novel-sans-hebrew-1120097-font-atlas-fonts
[2026-04-05T07:22:55Z] #269 attempt=1/2 status=200 0.333s url=https://www.myfonts.com/products/regular-emasland-1128234
[2026-04-05T07:22:56Z] #270 attempt=1/2 status=200 0.361s url=https://www.myfonts.com/collections/emasland-font-twinletter/
[2026-04-05T07:22:56Z] #271 attempt=1/2 status=200 0.129s url=https://www.myfonts.com/collections/emasland-font-twinletter/?tab=techSpecs
[2026-04-05T07:22:57Z] #272 attempt=1/2 status=200 0.240s url=https://www.myfonts.com/products/regular-honey-daily-1128273
[2026-04-05T07:22:58Z] #273 attempt=1/2 status=200 0.307s url=https://www.myfonts.com/collections/honey-daily-font-mvmet/
[2026-04-05T07:22:58Z] #274 attempt=1/2 status=200 0.435s url=https://www.myfonts.com/collections/honey-daily-font-mvmet/?tab=techSpecs
[2026-04-05T07:23:00Z] #275 attempt=1/2 status=200 0.634s url=https://www.myfonts.com/products/modern-branding-font-bundle-iii-package-987510
[2026-04-05T07:23:00Z] #276 attempt=1/2 status=404 0.194s url=https://www.myfonts.com/collections/modern-branding-font-bundle-iii-font-taboja-studio
[2026-04-05T07:23:01Z] #277 attempt=1/2 status=200 0.804s url=https://www.myfonts.com/products/retro-bundle-iii-package-987509
[2026-04-05T07:23:01Z] #278 attempt=1/2 status=404 0.215s url=https://www.myfonts.com/collections/retro-bundle-iii-font-taboja-studio
[2026-04-05T07:23:02Z] #279 attempt=1/2 status=200 0.415s url=https://www.myfonts.com/products/rounded-italic-graund-1127901
[2026-04-05T07:23:03Z] #280 attempt=1/2 status=200 0.694s url=https://www.myfonts.com/collections/graund-font-alpercakici/
[2026-04-05T07:23:04Z] #281 attempt=1/2 status=200 0.889s url=https://www.myfonts.com/collections/graund-font-alpercakici/?tab=techSpecs
[2026-04-05T07:23:06Z] #282 attempt=1/6 status=200 0.808s url=https://www.myfonts.com/products.json?limit=100&page=7
[2026-04-05T07:23:07Z] #283 attempt=1/2 status=200 0.307s url=https://www.myfonts.com/products/italic-pinkie-wonderly-1115818
[2026-04-05T07:23:08Z] #284 attempt=1/2 status=200 0.436s url=https://www.myfonts.com/collections/pinkie-wonderly-font-letterena-studios/
[2026-04-05T07:23:08Z] #285 attempt=1/2 status=200 0.319s url=https://www.myfonts.com/collections/pinkie-wonderly-font-letterena-studios/?tab=techSpecs
[2026-04-05T07:23:09Z] #286 attempt=1/2 status=200 0.341s url=https://www.myfonts.com/products/kostaciya-complete-family-package-1127928
[2026-04-05T07:23:10Z] #287 attempt=1/2 status=200 0.317s url=https://www.myfonts.com/collections/kostaciya-font-denustudio/
[2026-04-05T07:23:10Z] #288 attempt=1/2 status=200 0.345s url=https://www.myfonts.com/collections/kostaciya-font-denustudio/?tab=techSpecs
[2026-04-05T07:23:12Z] #289 attempt=1/2 status=200 0.241s url=https://www.myfonts.com/products/don-rancho-complete-family-package-1127919
[2026-04-05T07:23:12Z] #290 attempt=1/2 status=200 0.448s url=https://www.myfonts.com/collections/don-rancho-font-agny-hasya-studio/
[2026-04-05T07:23:13Z] #291 attempt=1/2 status=200 0.121s url=https://www.myfonts.com/collections/don-rancho-font-agny-hasya-studio/?tab=techSpecs
[2026-04-05T07:23:14Z] #292 attempt=1/2 status=200 0.770s url=https://www.myfonts.com/products/verbo-xl-package-1127849
[2026-04-05T07:23:16Z] #293 attempt=1/2 status=200 1.437s url=https://www.myfonts.com/collections/verbo-font-dstype/
[2026-04-05T07:23:17Z] #294 attempt=1/2 status=200 0.860s url=https://www.myfonts.com/collections/verbo-font-dstype/?tab=techSpecs
[2026-04-05T07:23:19Z] #295 attempt=1/2 status=200 0.366s url=https://www.myfonts.com/products/floral-wish-complete-family-package-1127922
[2026-04-05T07:23:20Z] #296 attempt=1/2 status=200 0.345s url=https://www.myfonts.com/collections/floral-wish-font-stylishtype-studio/
[2026-04-05T07:23:20Z] #297 attempt=1/2 status=200 0.129s url=https://www.myfonts.com/collections/floral-wish-font-stylishtype-studio/?tab=techSpecs
[2026-04-05T07:23:21Z] #298 attempt=1/2 status=200 0.300s url=https://www.myfonts.com/products/pn-carpet-roses-complete-family-package-1127736
[2026-04-05T07:23:22Z] #299 attempt=1/2 status=200 0.383s url=https://www.myfonts.com/collections/pn-carpet-roses-font-lettering-delights/
[2026-04-05T07:23:23Z] #300 attempt=1/2 status=200 0.417s url=https://www.myfonts.com/collections/pn-carpet-roses-font-lettering-delights/?tab=techSpecs
[2026-04-05T07:23:24Z] #301 attempt=1/2 status=200 0.398s url=https://www.myfonts.com/products/zp-zaster-complete-family-package-1127750
[2026-04-05T07:23:25Z] #302 attempt=1/2 status=200 0.478s url=https://www.myfonts.com/collections/zp-zaster-font-lettering-delights/
[2026-04-05T07:23:25Z] #303 attempt=1/2 status=200 0.132s url=https://www.myfonts.com/collections/zp-zaster-font-lettering-delights/?tab=techSpecs
[2026-04-05T07:23:26Z] #304 attempt=1/2 status=200 0.283s url=https://www.myfonts.com/products/pn-ready-for-easter-complete-family-package-1127760
[2026-04-05T07:23:27Z] #305 attempt=1/2 status=200 0.308s url=https://www.myfonts.com/collections/pn-ready-for-easter-font-lettering-delights/
[2026-04-05T07:23:27Z] #306 attempt=1/2 status=200 0.220s url=https://www.myfonts.com/collections/pn-ready-for-easter-font-lettering-delights/?tab=techSpecs
[2026-04-05T07:23:28Z] #307 attempt=1/2 status=200 0.359s url=https://www.myfonts.com/products/zp-beacoup-bloom-complete-family-package-1127767
[2026-04-05T07:23:29Z] #308 attempt=1/2 status=200 0.392s url=https://www.myfonts.com/collections/zp-beacoup-bloom-font-lettering-delights/
[2026-04-05T07:23:30Z] #309 attempt=1/2 status=200 0.395s url=https://www.myfonts.com/collections/zp-beacoup-bloom-font-lettering-delights/?tab=techSpecs
[2026-04-05T07:23:31Z] #310 attempt=1/2 status=200 0.348s url=https://www.myfonts.com/products/playful-letters-complete-family-package-1128005
[2026-04-05T07:23:31Z] #311 attempt=1/2 status=200 0.319s url=https://www.myfonts.com/collections/playful-letters-font-aen-creative-studio/
[2026-04-05T07:23:32Z] #312 attempt=1/2 status=200 0.150s url=https://www.myfonts.com/collections/playful-letters-font-aen-creative-studio/?tab=techSpecs
[2026-04-05T07:23:33Z] #313 attempt=1/2 status=200 0.346s url=https://www.myfonts.com/products/westype-complete-family-package-1127990
[2026-04-05T07:23:34Z] #314 attempt=1/2 status=200 0.453s url=https://www.myfonts.com/collections/westype-font-pizzatypefaces/
[2026-04-05T07:23:34Z] #315 attempt=1/2 status=200 0.402s url=https://www.myfonts.com/collections/westype-font-pizzatypefaces/?tab=techSpecs
[2026-04-05T07:23:36Z] #316 attempt=1/2 status=200 0.276s url=https://www.myfonts.com/products/regular-and-italic-package-1127716
[2026-04-05T07:23:36Z] #317 attempt=1/2 status=200 0.384s url=https://www.myfonts.com/collections/guhit-pluma-font-lurinzu-studios/
[2026-04-05T07:23:37Z] #318 attempt=1/2 status=200 0.137s url=https://www.myfonts.com/collections/guhit-pluma-font-lurinzu-studios/?tab=techSpecs
[2026-04-05T07:23:38Z] #319 attempt=1/2 status=200 0.272s url=https://www.myfonts.com/products/zp-bobotie-blooms-complete-family-package-1127743
[2026-04-05T07:23:38Z] #320 attempt=1/2 status=200 0.431s url=https://www.myfonts.com/collections/zp-bobotie-blooms-font-lettering-delights/
[2026-04-05T07:23:39Z] #321 attempt=1/2 status=200 0.427s url=https://www.myfonts.com/collections/zp-bobotie-blooms-font-lettering-delights/?tab=techSpecs
[2026-04-05T07:23:40Z] #322 attempt=1/2 status=200 0.256s url=https://www.myfonts.com/products/todaya-scriptua-complete-family-package-1127983
[2026-04-05T07:23:41Z] #323 attempt=1/2 status=200 0.363s url=https://www.myfonts.com/collections/todaya-scriptua-font-andfonts/
[2026-04-05T07:23:42Z] #324 attempt=1/2 status=200 0.542s url=https://www.myfonts.com/collections/todaya-scriptua-font-andfonts/?tab=techSpecs
[2026-04-05T07:23:43Z] #325 attempt=1/2 status=200 0.353s url=https://www.myfonts.com/products/stylist-pro-bold-pack-package-1128011
[2026-04-05T07:23:44Z] #326 attempt=1/2 status=200 0.689s url=https://www.myfonts.com/collections/stylist-pro-font-fontforecast/
[2026-04-05T07:23:44Z] #327 attempt=1/2 status=200 0.485s url=https://www.myfonts.com/collections/stylist-pro-font-fontforecast/?tab=techSpecs
[2026-04-05T07:23:46Z] #328 attempt=1/2 status=200 0.335s url=https://www.myfonts.com/products/zp-copacetic-spring-complete-family-package-1127726
[2026-04-05T07:23:46Z] #329 attempt=1/2 status=200 0.377s url=https://www.myfonts.com/collections/zp-copacetic-spring-font-lettering-delights/
[2026-04-05T07:23:47Z] #330 attempt=1/2 status=200 0.590s url=https://www.myfonts.com/collections/zp-copacetic-spring-font-lettering-delights/?tab=techSpecs
[2026-04-05T07:23:48Z] #331 attempt=1/2 status=200 0.303s url=https://www.myfonts.com/products/splasyi-complete-family-package-1127925
[2026-04-05T07:23:49Z] #332 attempt=1/2 status=200 0.310s url=https://www.myfonts.com/collections/splasyi-font-timelesstype-studio/
[2026-04-05T07:23:49Z] #333 attempt=1/2 status=200 0.132s url=https://www.myfonts.com/collections/splasyi-font-timelesstype-studio/?tab=techSpecs
[2026-04-05T07:23:50Z] #334 attempt=1/2 status=200 0.368s url=https://www.myfonts.com/products/001-sans-serif-family-complete-family-package-1127912
[2026-04-05T07:23:51Z] #335 attempt=1/2 status=200 0.459s url=https://www.myfonts.com/collections/001-sans-serif-family-font-pedro-teixeira/
[2026-04-05T07:23:52Z] #336 attempt=1/2 status=200 0.426s url=https://www.myfonts.com/collections/001-sans-serif-family-font-pedro-teixeira/?tab=techSpecs
[2026-04-05T07:23:53Z] #337 attempt=1/2 status=200 0.576s url=https://www.myfonts.com/products/sedna-complete-family-package-1127959
[2026-04-05T07:23:54Z] #338 attempt=1/2 status=200 0.574s url=https://www.myfonts.com/collections/sedna-font-sudtipos/
[2026-04-05T07:23:55Z] #339 attempt=1/2 status=200 0.587s url=https://www.myfonts.com/collections/sedna-font-sudtipos/?tab=techSpecs
[2026-04-05T07:23:56Z] #340 attempt=1/2 status=200 0.284s url=https://www.myfonts.com/products/conky-complete-family-package-1127987
[2026-04-05T07:23:57Z] #341 attempt=1/2 status=200 0.399s url=https://www.myfonts.com/collections/conky-font-artiveko/
[2026-04-05T07:23:57Z] #342 attempt=1/2 status=200 0.332s url=https://www.myfonts.com/collections/conky-font-artiveko/?tab=techSpecs
[2026-04-05T07:23:58Z] #343 attempt=1/2 status=200 0.319s url=https://www.myfonts.com/products/zp-doctor-dahlia-complete-family-package-1127719
[2026-04-05T07:23:59Z] #344 attempt=1/2 status=200 0.344s url=https://www.myfonts.com/collections/zp-doctor-dahlia-font-lettering-delights/
[2026-04-05T07:24:00Z] #345 attempt=1/2 status=200 0.537s url=https://www.myfonts.com/collections/zp-doctor-dahlia-font-lettering-delights/?tab=techSpecs
[2026-04-05T07:24:01Z] #346 attempt=1/2 status=200 0.438s url=https://www.myfonts.com/products/murisa-erena-complete-family-package-1127931
[2026-04-05T07:24:02Z] #347 attempt=1/2 status=200 0.309s url=https://www.myfonts.com/collections/murisa-erena-font-murisa-studio/
[2026-04-05T07:24:02Z] #348 attempt=1/2 status=200 0.326s url=https://www.myfonts.com/collections/murisa-erena-font-murisa-studio/?tab=techSpecs
[2026-04-05T07:24:04Z] #349 attempt=1/2 status=200 0.441s url=https://www.myfonts.com/products/erato-nova-complete-family-package-1127940
[2026-04-05T07:24:04Z] #350 attempt=1/2 status=200 0.538s url=https://www.myfonts.com/collections/erato-nova-font-hoftype/
[2026-04-05T07:24:05Z] #351 attempt=1/2 status=200 0.522s url=https://www.myfonts.com/collections/erato-nova-font-hoftype/?tab=techSpecs
[2026-04-05T07:24:07Z] #352 attempt=1/6 status=200 0.608s url=https://www.myfonts.com/products.json?limit=100&page=8
[2026-04-05T07:24:07Z] #353 attempt=1/2 status=200 0.316s url=https://www.myfonts.com/products/regular-easter-danilo-1127957
[2026-04-05T07:24:08Z] #354 attempt=1/2 status=200 0.341s url=https://www.myfonts.com/collections/easter-danilo-font-yoga-letter/
[2026-04-05T07:24:08Z] #355 attempt=1/2 status=200 0.134s url=https://www.myfonts.com/collections/easter-danilo-font-yoga-letter/?tab=techSpecs
[2026-04-05T07:24:09Z] #356 attempt=1/2 status=200 0.275s url=https://www.myfonts.com/products/regular-gryks-1128004
[2026-04-05T07:24:10Z] #357 attempt=1/2 status=200 0.255s url=https://www.myfonts.com/collections/gryks-font-modikstype/
[2026-04-05T07:24:10Z] #358 attempt=1/2 status=200 0.353s url=https://www.myfonts.com/collections/gryks-font-modikstype/?tab=techSpecs
[2026-04-05T07:24:11Z] #359 attempt=1/2 status=200 0.298s url=https://www.myfonts.com/products/regular-majestic-drive-1127935
[2026-04-05T07:24:12Z] #360 attempt=1/2 status=200 0.287s url=https://www.myfonts.com/collections/majestic-drive-font-hipfonts/
[2026-04-05T07:24:12Z] #361 attempt=1/2 status=200 0.283s url=https://www.myfonts.com/collections/majestic-drive-font-hipfonts/?tab=techSpecs
[2026-04-05T07:24:13Z] #362 attempt=1/2 status=200 0.252s url=https://www.myfonts.com/products/regular-birdie-bash-1127936
[2026-04-05T07:24:14Z] #363 attempt=1/2 status=200 0.298s url=https://www.myfonts.com/collections/birdie-bash-font-hipfonts/
[2026-04-05T07:24:14Z] #364 attempt=1/2 status=200 0.295s url=https://www.myfonts.com/collections/birdie-bash-font-hipfonts/?tab=techSpecs
[2026-04-05T07:24:15Z] #365 attempt=1/2 status=200 0.296s url=https://www.myfonts.com/products/regular-spirtush-1127939
[2026-04-05T07:24:15Z] #366 attempt=1/2 status=200 0.272s url=https://www.myfonts.com/collections/spirtush-font-hanzel-space/
[2026-04-05T07:24:16Z] #367 attempt=1/2 status=200 0.157s url=https://www.myfonts.com/collections/spirtush-font-hanzel-space/?tab=techSpecs
[2026-04-05T07:24:17Z] #368 attempt=1/2 status=200 0.254s url=https://www.myfonts.com/products/regular-wamolye-script-1127916
[2026-04-05T07:24:17Z] #369 attempt=1/2 status=200 0.263s url=https://www.myfonts.com/collections/wamolye-script-font-tebaltipis-studio/
[2026-04-05T07:24:18Z] #370 attempt=1/2 status=200 0.236s url=https://www.myfonts.com/collections/wamolye-script-font-tebaltipis-studio/?tab=techSpecs
[2026-04-05T07:24:18Z] #371 attempt=1/2 status=200 0.258s url=https://www.myfonts.com/products/candal-locked-regular-mc-candal-locked-1127937
[2026-04-05T07:24:19Z] #372 attempt=1/2 status=200 0.261s url=https://www.myfonts.com/collections/mc-candal-locked-font-maulana-creative/
[2026-04-05T07:24:20Z] #373 attempt=1/2 status=200 0.281s url=https://www.myfonts.com/collections/mc-candal-locked-font-maulana-creative/?tab=techSpecs
[2026-04-05T07:24:21Z] #374 attempt=1/6 status=200 0.860s url=https://www.myfonts.com/products.json?limit=100&page=9
[2026-04-05T07:24:22Z] #375 attempt=1/2 status=200 0.324s url=https://www.myfonts.com/products/regular-grudge-1127982
[2026-04-05T07:24:22Z] #376 attempt=1/2 status=200 0.312s url=https://www.myfonts.com/collections/grudge-font-almarkha-type/
[2026-04-05T07:24:23Z] #377 attempt=1/2 status=200 0.295s url=https://www.myfonts.com/collections/grudge-font-almarkha-type/?tab=techSpecs
[2026-04-05T07:24:24Z] #378 attempt=1/2 status=200 0.303s url=https://www.myfonts.com/products/regular-luxury-elegance-1127993
[2026-04-05T07:24:24Z] #379 attempt=1/2 status=200 0.335s url=https://www.myfonts.com/collections/luxury-elegance-font-brown-cupple-typeface/
[2026-04-05T07:24:25Z] #380 attempt=1/2 status=200 0.127s url=https://www.myfonts.com/collections/luxury-elegance-font-brown-cupple-typeface/?tab=techSpecs
[2026-04-05T07:24:26Z] #381 attempt=1/2 status=200 0.328s url=https://www.myfonts.com/products/regular-rodhetty-1127958
[2026-04-05T07:24:26Z] #382 attempt=1/2 status=200 0.279s url=https://www.myfonts.com/collections/rodhetty-font-propertype/
[2026-04-05T07:24:27Z] #383 attempt=1/2 status=200 0.116s url=https://www.myfonts.com/collections/rodhetty-font-propertype/?tab=techSpecs
[2026-04-05T07:24:28Z] #384 attempt=1/2 status=200 0.301s url=https://www.myfonts.com/products/regular-rest-in-pizza-1127934
[2026-04-05T07:24:28Z] #385 attempt=1/2 status=200 0.294s url=https://www.myfonts.com/collections/rest-in-pizza-font-hipfonts/
[2026-04-05T07:24:29Z] #386 attempt=1/2 status=200 0.286s url=https://www.myfonts.com/collections/rest-in-pizza-font-hipfonts/?tab=techSpecs
[2026-04-05T07:24:30Z] #387 attempt=1/2 status=200 0.346s url=https://www.myfonts.com/products/opily-ruhofa-regular-mc-opily-ruhofa-1127915
[2026-04-05T07:24:30Z] #388 attempt=1/2 status=200 0.235s url=https://www.myfonts.com/collections/mc-opily-ruhofa-font-maulana-creative/
[2026-04-05T07:24:31Z] #389 attempt=1/2 status=200 0.212s url=https://www.myfonts.com/collections/mc-opily-ruhofa-font-maulana-creative/?tab=techSpecs
[2026-04-05T07:24:31Z] #390 attempt=1/2 status=200 0.305s url=https://www.myfonts.com/products/regular-hissy-fits-signature-1127917
[2026-04-05T07:24:32Z] #391 attempt=1/2 status=200 0.236s url=https://www.myfonts.com/collections/hissy-fits-signature-font-tebaltipis-studio/
[2026-04-05T07:24:32Z] #392 attempt=1/2 status=200 0.303s url=https://www.myfonts.com/collections/hissy-fits-signature-font-tebaltipis-studio/?tab=techSpecs
[2026-04-05T07:24:33Z] #393 attempt=1/2 status=200 0.269s url=https://www.myfonts.com/products/regular-grande-magical-1127938
[2026-04-05T07:24:34Z] #394 attempt=1/2 status=200 0.310s url=https://www.myfonts.com/collections/grande-magical-font-heinzel-std/
[2026-04-05T07:24:34Z] #395 attempt=1/2 status=200 0.245s url=https://www.myfonts.com/collections/grande-magical-font-heinzel-std/?tab=techSpecs
[2026-04-05T07:24:35Z] #396 attempt=1/2 status=200 0.263s url=https://www.myfonts.com/products/regular-wattever-1127981
[2026-04-05T07:24:36Z] #397 attempt=1/2 status=200 0.249s url=https://www.myfonts.com/collections/wattever-font-bonjourtype/
[2026-04-05T07:24:36Z] #398 attempt=1/2 status=200 0.319s url=https://www.myfonts.com/collections/wattever-font-bonjourtype/?tab=techSpecs
[2026-04-05T07:24:37Z] #399 attempt=1/2 status=200 0.383s url=https://www.myfonts.com/products/main-weights-package-1123341
[2026-04-05T07:24:38Z] #400 attempt=1/2 status=200 0.650s url=https://www.myfonts.com/collections/thrasos-unite-font-multiformis/
[2026-04-05T07:24:39Z] #401 attempt=1/2 status=200 0.138s url=https://www.myfonts.com/collections/thrasos-unite-font-multiformis/?tab=techSpecs
[2026-04-05T07:24:40Z] #402 attempt=1/2 status=200 0.504s url=https://www.myfonts.com/products/condensed-package-1127555
[2026-04-05T07:24:41Z] #403 attempt=1/2 status=200 1.337s url=https://www.myfonts.com/collections/silvera-text-font-soft-creative/
[2026-04-05T07:24:43Z] #404 attempt=1/2 status=200 1.073s url=https://www.myfonts.com/collections/silvera-text-font-soft-creative/?tab=techSpecs
[2026-04-05T07:24:45Z] #405 attempt=1/2 status=200 0.421s url=https://www.myfonts.com/products/thrasos-complete-family-package-1123342
[2026-04-05T07:24:46Z] #406 attempt=1/2 status=200 0.515s url=https://www.myfonts.com/collections/thrasos-font-multiformis/
[2026-04-05T07:24:47Z] #407 attempt=1/2 status=200 0.438s url=https://www.myfonts.com/collections/thrasos-font-multiformis/?tab=techSpecs
[2026-04-05T07:24:49Z] #408 attempt=1/6 status=200 0.627s url=https://www.myfonts.com/products.json?limit=100&page=10
[2026-04-05T07:24:49Z] #409 attempt=1/2 status=200 0.536s url=https://www.myfonts.com/products/avantra-complete-family-package-1127495
[2026-04-05T07:24:50Z] #410 attempt=1/2 status=200 0.772s url=https://www.myfonts.com/collections/avantra-font-alpercakici/
[2026-04-05T07:24:51Z] #411 attempt=1/2 status=200 0.168s url=https://www.myfonts.com/collections/avantra-font-alpercakici/?tab=techSpecs
[2026-04-05T07:24:53Z] #412 attempt=1/2 status=200 0.302s url=https://www.myfonts.com/products/regular-wonder-magic-1127717
[2026-04-05T07:24:53Z] #413 attempt=1/2 status=200 0.356s url=https://www.myfonts.com/collections/wonder-magic-font-typefactory/
[2026-04-05T07:24:54Z] #414 attempt=1/2 status=200 0.363s url=https://www.myfonts.com/collections/wonder-magic-font-typefactory/?tab=techSpecs
[2026-04-05T07:24:55Z] #415 attempt=1/2 status=200 0.534s url=https://www.myfonts.com/products/kakao-complete-family-package-1127258
[2026-04-05T07:24:56Z] #416 attempt=1/2 status=200 0.713s url=https://www.myfonts.com/collections/kakao-font-alpercakici/
[2026-04-05T07:24:57Z] #417 attempt=1/2 status=200 0.799s url=https://www.myfonts.com/collections/kakao-font-alpercakici/?tab=techSpecs
[2026-04-05T07:24:59Z] #418 attempt=1/6 status=200 0.824s url=https://www.myfonts.com/products.json?limit=100&page=11
[2026-04-05T07:25:00Z] #419 attempt=1/2 status=200 0.771s url=https://www.myfonts.com/products/extended-bold-dean-soft-slab-1127170
[2026-04-05T07:25:02Z] #420 attempt=1/2 status=200 1.318s url=https://www.myfonts.com/collections/dean-soft-slab-font-blaze-type/
[2026-04-05T07:25:03Z] #421 attempt=1/2 status=200 0.939s url=https://www.myfonts.com/collections/dean-soft-slab-font-blaze-type/?tab=techSpecs
[2026-04-05T07:25:05Z] #422 attempt=1/6 status=200 0.691s url=https://www.myfonts.com/products.json?limit=100&page=12
[2026-04-05T07:25:06Z] #423 attempt=1/2 status=200 0.618s url=https://www.myfonts.com/products/expanded-subfamily-package-1127257
[2026-04-05T07:25:08Z] #424 attempt=1/2 status=200 1.798s url=https://www.myfonts.com/collections/galdertin-charetam-font-logic-type/
[2026-04-05T07:25:09Z] #425 attempt=1/2 status=200 0.173s url=https://www.myfonts.com/collections/galdertin-charetam-font-logic-type/?tab=techSpecs
[2026-04-05T07:25:11Z] #426 attempt=1/2 status=200 0.349s url=https://www.myfonts.com/products/pantra-complete-family-package-1126811
[2026-04-05T07:25:12Z] #427 attempt=1/2 status=200 0.425s url=https://www.myfonts.com/collections/pantra-font-nicolas-desle/
[2026-04-05T07:25:12Z] #428 attempt=1/2 status=200 0.391s url=https://www.myfonts.com/collections/pantra-font-nicolas-desle/?tab=techSpecs
[2026-04-05T07:25:14Z] #429 attempt=1/2 status=200 0.512s url=https://www.myfonts.com/products/riada-complete-family-package-1127024
[2026-04-05T07:25:15Z] #430 attempt=1/2 status=200 0.795s url=https://www.myfonts.com/collections/riada-font-ottertype/
[2026-04-05T07:25:16Z] #431 attempt=1/2 status=200 0.669s url=https://www.myfonts.com/collections/riada-font-ottertype/?tab=techSpecs
[2026-04-05T07:25:17Z] #432 attempt=1/2 status=200 0.298s url=https://www.myfonts.com/products/tatype-neue-vf-complete-family-package-1127207
[2026-04-05T07:25:18Z] #433 attempt=1/2 status=200 0.426s url=https://www.myfonts.com/collections/tatype-neue-vf-font-tural-alisoy/
[2026-04-05T07:25:18Z] #434 attempt=1/2 status=200 0.136s url=https://www.myfonts.com/collections/tatype-neue-vf-font-tural-alisoy/?tab=techSpecs
[2026-04-05T07:25:20Z] #435 attempt=1/2 status=200 0.360s url=https://www.myfonts.com/products/expanded-package-1126842
[2026-04-05T07:25:21Z] #436 attempt=1/2 status=200 0.735s url=https://www.myfonts.com/collections/pts-pharma-font-paavola-type-studio/
[2026-04-05T07:25:22Z] #437 attempt=1/2 status=200 0.584s url=https://www.myfonts.com/collections/pts-pharma-font-paavola-type-studio/?tab=techSpecs
[2026-04-05T07:25:23Z] #438 attempt=1/2 status=200 0.323s url=https://www.myfonts.com/products/neuland-complete-family-package-1127210
[2026-04-05T07:25:24Z] #439 attempt=1/2 status=200 0.358s url=https://www.myfonts.com/collections/neuland-font-linotype/
[2026-04-05T07:25:24Z] #440 attempt=1/2 status=200 0.297s url=https://www.myfonts.com/collections/neuland-font-linotype/?tab=techSpecs
[2026-04-05T07:25:26Z] #441 attempt=1/2 status=200 0.430s url=https://www.myfonts.com/products/zp-sugar-rush-complete-family-package-1126953
[2026-04-05T07:25:26Z] #442 attempt=1/2 status=200 0.409s url=https://www.myfonts.com/collections/zp-sugar-rush-font-lettering-delights/
[2026-04-05T07:25:27Z] #443 attempt=1/2 status=200 0.114s url=https://www.myfonts.com/collections/zp-sugar-rush-font-lettering-delights/?tab=techSpecs
[2026-04-05T07:25:28Z] #444 attempt=1/2 status=200 0.687s url=https://www.myfonts.com/products/tt-norms-pro-compact-package-package-1126952
[2026-04-05T07:25:30Z] #445 attempt=1/2 status=200 1.436s url=https://www.myfonts.com/collections/tt-norms-font-typetype/
[2026-04-05T07:25:31Z] #446 attempt=1/2 status=200 0.173s url=https://www.myfonts.com/collections/tt-norms-font-typetype/?tab=techSpecs
[2026-04-05T07:25:33Z] #447 attempt=1/2 status=200 0.306s url=https://www.myfonts.com/products/proscenium-serif-complete-family-package-1124943
[2026-04-05T07:25:33Z] #448 attempt=1/2 status=200 0.377s url=https://www.myfonts.com/collections/proscenium-serif-font-wings-art-studio/
[2026-04-05T07:25:34Z] #449 attempt=1/2 status=200 0.402s url=https://www.myfonts.com/collections/proscenium-serif-font-wings-art-studio/?tab=techSpecs
[2026-04-05T07:25:35Z] #450 attempt=1/2 status=200 0.629s url=https://www.myfonts.com/products/argero-complete-family-package-1126965
[2026-04-05T07:25:37Z] #451 attempt=1/2 status=200 0.926s url=https://www.myfonts.com/collections/argero-font-alpercakici/
[2026-04-05T07:25:38Z] #452 attempt=1/2 status=200 0.780s url=https://www.myfonts.com/collections/argero-font-alpercakici/?tab=techSpecs
[2026-04-05T07:25:39Z] #453 attempt=1/2 status=200 0.746s url=https://www.myfonts.com/products/mundale-complete-family-package-1127196
[2026-04-05T07:25:41Z] #454 attempt=1/2 status=200 1.019s url=https://www.myfonts.com/collections/mundale-font-rastype-studio/
[2026-04-05T07:25:42Z] #455 attempt=1/2 status=200 1.049s url=https://www.myfonts.com/collections/mundale-font-rastype-studio/?tab=techSpecs
[2026-04-05T07:25:45Z] #456 attempt=1/6 status=200 0.744s url=https://www.myfonts.com/products.json?limit=100&page=13
[2026-04-05T07:25:46Z] #457 attempt=1/6 status=200 0.742s url=https://www.myfonts.com/products.json?limit=100&page=14
[2026-04-05T07:25:47Z] #458 attempt=1/2 status=200 1.205s url=https://www.myfonts.com/products/golden-hundred-package-947235
[2026-04-05T07:25:48Z] #459 attempt=1/2 status=404 0.165s url=https://www.myfonts.com/collections/golden-hundred-font-etewut
[2026-04-05T07:25:49Z] #460 attempt=1/2 status=200 0.898s url=https://www.myfonts.com/products/hand-drawn-font-collection-package-775327
[2026-04-05T07:25:50Z] #461 attempt=1/2 status=404 0.236s url=https://www.myfonts.com/collections/hand-drawn-font-collection-font-larin-type-co
[2026-04-05T07:25:51Z] #462 attempt=1/6 status=200 0.685s url=https://www.myfonts.com/products.json?limit=100&page=15
[2026-04-05T07:25:52Z] #463 attempt=1/2 status=200 1.071s url=https://www.myfonts.com/products/elegant-serif-bundle-package-729464
[2026-04-05T07:25:52Z] #464 attempt=1/2 status=404 0.148s url=https://www.myfonts.com/collections/elegant-serif-bundle-font-larin-type-co
[2026-04-05T07:25:54Z] #465 attempt=1/2 status=200 1.207s url=https://www.myfonts.com/products/vintage-font-collection-package-726082
[2026-04-05T07:25:54Z] #466 attempt=1/2 status=404 0.155s url=https://www.myfonts.com/collections/vintage-font-collection-font-larin-type-co
[2026-04-05T07:25:56Z] #467 attempt=1/2 status=200 1.133s url=https://www.myfonts.com/products/the-best-collection-font-bundle-package-915711
[2026-04-05T07:25:56Z] #468 attempt=1/2 status=404 0.152s url=https://www.myfonts.com/collections/the-best-collection-font-bundle-font-bosstypestudio
[2026-04-05T07:25:56Z] #469 attempt=1/2 status=200 0.286s url=https://www.myfonts.com/products/limit-micro-condensed-package-1126786
[2026-04-05T07:25:57Z] #470 attempt=1/2 status=200 0.555s url=https://www.myfonts.com/collections/limit-micro-font-bold-guystm/
[2026-04-05T07:25:58Z] #471 attempt=1/2 status=200 0.445s url=https://www.myfonts.com/collections/limit-micro-font-bold-guystm/?tab=techSpecs
[2026-04-05T07:26:00Z] #472 attempt=1/2 status=200 0.429s url=https://www.myfonts.com/products/mallestian-script-complete-family-package-1126571
[2026-04-05T07:26:01Z] #473 attempt=1/2 status=200 0.593s url=https://www.myfonts.com/collections/mallestian-script-font-logic-type/
[2026-04-05T07:26:01Z] #474 attempt=1/2 status=200 0.431s url=https://www.myfonts.com/collections/mallestian-script-font-logic-type/?tab=techSpecs
[2026-04-05T07:26:02Z] #475 attempt=1/2 status=200 0.329s url=https://www.myfonts.com/products/basthor-complete-family-package-1126609
[2026-04-05T07:26:03Z] #476 attempt=1/2 status=200 0.288s url=https://www.myfonts.com/collections/basthor-font-burntilldead/
[2026-04-05T07:26:03Z] #477 attempt=1/2 status=200 0.122s url=https://www.myfonts.com/collections/basthor-font-burntilldead/?tab=techSpecs
[2026-04-05T07:26:04Z] #478 attempt=1/2 status=200 0.303s url=https://www.myfonts.com/products/baronial-complete-family-package-1126606
[2026-04-05T07:26:05Z] #479 attempt=1/2 status=200 0.452s url=https://www.myfonts.com/collections/baronial-font-burntilldead/
[2026-04-05T07:26:06Z] #480 attempt=1/2 status=200 0.290s url=https://www.myfonts.com/collections/baronial-font-burntilldead/?tab=techSpecs
[2026-04-05T07:26:07Z] #481 attempt=1/2 status=200 0.333s url=https://www.myfonts.com/products/alrays-bloom-complete-family-package-1126589
[2026-04-05T07:26:07Z] #482 attempt=1/2 status=200 0.338s url=https://www.myfonts.com/collections/alrays-bloom-font-nirmana-visual/
[2026-04-05T07:26:08Z] #483 attempt=1/2 status=200 0.440s url=https://www.myfonts.com/collections/alrays-bloom-font-nirmana-visual/?tab=techSpecs
[2026-04-05T07:26:10Z] #484 attempt=1/2 status=200 0.536s url=https://www.myfonts.com/products/soft-package-1126810
[2026-04-05T07:26:12Z] #485 attempt=1/2 status=200 1.723s url=https://www.myfonts.com/collections/rustand-font-stripes-studio/
[2026-04-05T07:26:13Z] #486 attempt=1/2 status=200 0.249s url=https://www.myfonts.com/collections/rustand-font-stripes-studio/?tab=techSpecs
[2026-04-05T07:26:14Z] #487 attempt=1/2 status=200 0.351s url=https://www.myfonts.com/products/positano-vintage-complete-family-package-1126616
[2026-04-05T07:26:15Z] #488 attempt=1/2 status=200 0.317s url=https://www.myfonts.com/collections/positano-vintage-font-amorfa-type/
[2026-04-05T07:26:16Z] #489 attempt=1/2 status=200 0.306s url=https://www.myfonts.com/collections/positano-vintage-font-amorfa-type/?tab=techSpecs
[2026-04-05T07:26:17Z] #490 attempt=1/2 status=200 0.309s url=https://www.myfonts.com/products/norvas-complete-family-package-1126620
[2026-04-05T07:26:17Z] #491 attempt=1/2 status=200 0.318s url=https://www.myfonts.com/collections/norvas-font-vermilione/
[2026-04-05T07:26:18Z] #492 attempt=1/2 status=200 0.322s url=https://www.myfonts.com/collections/norvas-font-vermilione/?tab=techSpecs
[2026-04-05T07:26:19Z] #493 attempt=1/2 status=200 0.299s url=https://www.myfonts.com/products/regular-roviane-1126339
[2026-04-05T07:26:20Z] #494 attempt=1/2 status=200 0.357s url=https://www.myfonts.com/collections/roviane-font-rasio-studio/
[2026-04-05T07:26:20Z] #495 attempt=1/2 status=200 0.139s url=https://www.myfonts.com/collections/roviane-font-rasio-studio/?tab=techSpecs
[2026-04-05T07:26:21Z] #496 attempt=1/2 status=200 0.278s url=https://www.myfonts.com/products/regular-it-krazio-1126456
[2026-04-05T07:26:22Z] #497 attempt=1/2 status=200 0.230s url=https://www.myfonts.com/collections/it-krazio-font-creatifont-studio/
[2026-04-05T07:26:22Z] #498 attempt=1/2 status=200 0.289s url=https://www.myfonts.com/collections/it-krazio-font-creatifont-studio/?tab=techSpecs
[2026-04-05T07:26:23Z] #499 attempt=1/2 status=200 0.278s url=https://www.myfonts.com/products/regular-agrix-1126337
[2026-04-05T07:26:23Z] #500 attempt=1/2 status=200 0.261s url=https://www.myfonts.com/collections/agrix-font-vadova-std/
[2026-04-05T07:26:24Z] #501 attempt=1/2 status=200 0.255s url=https://www.myfonts.com/collections/agrix-font-vadova-std/?tab=techSpecs
[2026-04-05T07:26:25Z] #502 attempt=1/2 status=200 0.295s url=https://www.myfonts.com/products/regular-piccola-1126514
[2026-04-05T07:26:25Z] #503 attempt=1/2 status=200 0.311s url=https://www.myfonts.com/collections/piccola-font-resistenza/
[2026-04-05T07:26:26Z] #504 attempt=1/2 status=200 0.279s url=https://www.myfonts.com/collections/piccola-font-resistenza/?tab=techSpecs
[2026-04-05T07:26:27Z] #505 attempt=1/2 status=200 0.445s url=https://www.myfonts.com/products/regular-gavielle-1126341
[2026-04-05T07:26:27Z] #506 attempt=1/2 status=200 0.245s url=https://www.myfonts.com/collections/gavielle-font-rasio-studio/
[2026-04-05T07:26:28Z] #507 attempt=1/2 status=200 0.258s url=https://www.myfonts.com/collections/gavielle-font-rasio-studio/?tab=techSpecs
[2026-04-05T07:26:29Z] #508 attempt=1/2 status=200 0.253s url=https://www.myfonts.com/products/regular-gravix-1126340
[2026-04-05T07:26:29Z] #509 attempt=1/2 status=200 0.342s url=https://www.myfonts.com/collections/gravix-font-rasio-studio/
[2026-04-05T07:26:30Z] #510 attempt=1/2 status=200 0.142s url=https://www.myfonts.com/collections/gravix-font-rasio-studio/?tab=techSpecs
[2026-04-05T07:26:30Z] #511 attempt=1/2 status=200 0.263s url=https://www.myfonts.com/products/regular-bodro-1126338
[2026-04-05T07:26:31Z] #512 attempt=1/2 status=200 0.235s url=https://www.myfonts.com/collections/bodro-font-vadova-std/
[2026-04-05T07:26:32Z] #513 attempt=1/2 status=200 0.294s url=https://www.myfonts.com/collections/bodro-font-vadova-std/?tab=techSpecs
[2026-04-05T07:26:33Z] #514 attempt=1/2 status=200 0.405s url=https://www.myfonts.com/products/regular-comic-black-metal-1126619
[2026-04-05T07:26:34Z] #515 attempt=1/2 status=200 0.278s url=https://www.myfonts.com/collections/comic-black-metal-font-mvmet/
[2026-04-05T07:26:34Z] #516 attempt=1/2 status=200 0.325s url=https://www.myfonts.com/collections/comic-black-metal-font-mvmet/?tab=techSpecs
[2026-04-05T07:26:35Z] #517 attempt=1/2 status=200 0.630s url=https://www.myfonts.com/products/extra-expanded-package-1126005
[2026-04-05T07:26:37Z] #518 attempt=1/2 status=200 1.782s url=https://www.myfonts.com/collections/anglica-serif-font-pista-mova/
[2026-04-05T07:26:38Z] #519 attempt=1/2 status=200 0.196s url=https://www.myfonts.com/collections/anglica-serif-font-pista-mova/?tab=techSpecs
[2026-04-05T07:26:40Z] #520 attempt=1/2 status=200 0.347s url=https://www.myfonts.com/products/horizon-drift-complete-family-package-1126101
[2026-04-05T07:26:40Z] #521 attempt=1/2 status=200 0.303s url=https://www.myfonts.com/collections/horizon-drift-font-hipfonts/
[2026-04-05T07:26:41Z] #522 attempt=1/2 status=200 0.110s url=https://www.myfonts.com/collections/horizon-drift-font-hipfonts/?tab=techSpecs
[2026-04-05T07:26:42Z] #523 attempt=1/2 status=200 0.620s url=https://www.myfonts.com/products/dean-soft-complete-family-package-1125666
[2026-04-05T07:26:44Z] #524 attempt=1/2 status=200 1.272s url=https://www.myfonts.com/collections/dean-soft-font-blaze-type/
[2026-04-05T07:26:46Z] #525 attempt=1/2 status=200 0.967s url=https://www.myfonts.com/collections/dean-soft-font-blaze-type/?tab=techSpecs
[2026-04-05T07:26:47Z] #526 attempt=1/2 status=200 0.340s url=https://www.myfonts.com/products/sugitta-complete-family-package-1125768
[2026-04-05T07:26:48Z] #527 attempt=1/2 status=200 0.513s url=https://www.myfonts.com/collections/sugitta-font-smz-design/
[2026-04-05T07:26:48Z] #528 attempt=1/2 status=200 0.357s url=https://www.myfonts.com/collections/sugitta-font-smz-design/?tab=techSpecs
[2026-04-05T07:26:50Z] #529 attempt=1/2 status=200 0.469s url=https://www.myfonts.com/products/vervex-complete-family-package-1126223
[2026-04-05T07:26:51Z] #530 attempt=1/2 status=200 1.399s url=https://www.myfonts.com/collections/vervex-font-alpercakici/
[2026-04-05T07:26:53Z] #531 attempt=1/2 status=200 1.103s url=https://www.myfonts.com/collections/vervex-font-alpercakici/?tab=techSpecs
[2026-04-05T07:26:55Z] #532 attempt=1/2 status=200 0.541s url=https://www.myfonts.com/products/news-heritages-complete-family-package-1126158
[2026-04-05T07:26:56Z] #533 attempt=1/2 status=200 0.787s url=https://www.myfonts.com/collections/news-heritages-font-zaki-creative/
[2026-04-05T07:26:56Z] #534 attempt=1/2 status=200 0.126s url=https://www.myfonts.com/collections/news-heritages-font-zaki-creative/?tab=techSpecs
[2026-04-05T07:26:58Z] #535 attempt=1/2 status=200 0.352s url=https://www.myfonts.com/products/badgeils-complete-family-package-1126155
[2026-04-05T07:26:58Z] #536 attempt=1/2 status=200 0.380s url=https://www.myfonts.com/collections/badgeils-font-timelesstype-studio/
[2026-04-05T07:26:59Z] #537 attempt=1/2 status=200 0.130s url=https://www.myfonts.com/collections/badgeils-font-timelesstype-studio/?tab=techSpecs
[2026-04-05T07:27:00Z] #538 attempt=1/2 status=200 0.238s url=https://www.myfonts.com/products/hg-gothic-m-complete-family-package-1125164
[2026-04-05T07:27:00Z] #539 attempt=1/2 status=200 0.376s url=https://www.myfonts.com/collections/hg-gothic-m-font-ricoh
[2026-04-05T07:27:01Z] #540 attempt=1/2 status=200 0.242s url=https://www.myfonts.com/collections/hg-gothic-m-font-ricoh?tab=techSpecs
[2026-04-05T07:27:01Z] #541 attempt=1/2 status=200 0.221s url=https://www.myfonts.com/collections/hg-gothic-m-font-ricoh
[2026-04-05T07:27:02Z] #542 attempt=1/2 status=200 0.271s url=https://www.myfonts.com/products/hg-heisei-kakugothictai-w3-complete-family-package-1125264
[2026-04-05T07:27:02Z] #543 attempt=1/2 status=200 0.331s url=https://www.myfonts.com/collections/hg-heisei-kakugothictai-w3-font-ricoh/
[2026-04-05T07:27:03Z] #544 attempt=1/2 status=200 0.270s url=https://www.myfonts.com/collections/hg-heisei-kakugothictai-w3-font-ricoh/?tab=techSpecs
[2026-04-05T07:27:05Z] #545 attempt=1/2 status=200 0.119s url=https://www.myfonts.com/collections/hg-heisei-kakugothictai-w3-font-ricoh/
[2026-04-05T07:27:06Z] #546 attempt=1/2 status=200 0.470s url=https://www.myfonts.com/products/devonika-variable-complete-family-package-1126380
[2026-04-05T07:27:07Z] #547 attempt=1/2 status=200 0.560s url=https://www.myfonts.com/collections/devonika-variable-font-matra-creative/
[2026-04-05T07:27:08Z] #548 attempt=1/2 status=200 0.655s url=https://www.myfonts.com/collections/devonika-variable-font-matra-creative/?tab=techSpecs
[2026-04-05T07:27:09Z] #549 attempt=1/2 status=200 0.402s url=https://www.myfonts.com/products/ballpark-beauty-complete-family-package-1126105
[2026-04-05T07:27:10Z] #550 attempt=1/2 status=200 0.283s url=https://www.myfonts.com/collections/ballpark-beauty-font-hipfonts/
[2026-04-05T07:27:10Z] #551 attempt=1/2 status=200 0.108s url=https://www.myfonts.com/collections/ballpark-beauty-font-hipfonts/?tab=techSpecs
[2026-04-05T07:27:11Z] #552 attempt=1/2 status=200 0.341s url=https://www.myfonts.com/products/axilon-complete-family-package-1126219
[2026-04-05T07:27:12Z] #553 attempt=1/2 status=200 0.346s url=https://www.myfonts.com/collections/axilon-font-kaidosan/
[2026-04-05T07:27:13Z] #554 attempt=1/2 status=200 0.285s url=https://www.myfonts.com/collections/axilon-font-kaidosan/?tab=techSpecs
[2026-04-05T07:27:14Z] #555 attempt=1/6 status=200 0.525s url=https://www.myfonts.com/products.json?limit=100&page=16
[2026-04-05T07:27:15Z] #556 attempt=1/2 status=200 0.323s url=https://www.myfonts.com/products/bakerman-slab-complete-family-package-1125563
[2026-04-05T07:27:16Z] #557 attempt=1/2 status=200 0.339s url=https://www.myfonts.com/collections/bakerman-slab-font-zasepa-studio/
[2026-04-05T07:27:16Z] #558 attempt=1/2 status=200 0.363s url=https://www.myfonts.com/collections/bakerman-slab-font-zasepa-studio/?tab=techSpecs
[2026-04-05T07:27:17Z] #559 attempt=1/2 status=200 0.369s url=https://www.myfonts.com/products/cluster-edge-tight-pack-package-1125562
[2026-04-05T07:27:18Z] #560 attempt=1/2 status=200 0.122s url=https://www.myfonts.com/collections/cluster-edge-font-kobuzan/
[2026-04-05T07:27:19Z] #561 attempt=1/2 status=200 0.699s url=https://www.myfonts.com/collections/cluster-edge-font-kobuzan/?tab=techSpecs
[2026-04-05T07:27:21Z] #562 attempt=1/2 status=200 0.682s url=https://www.myfonts.com/products/basic-package-package-1125656
[2026-04-05T07:27:22Z] #563 attempt=1/2 status=200 1.249s url=https://www.myfonts.com/collections/unytour-pro-font-nicolass-fonts/
[2026-04-05T07:27:23Z] #564 attempt=1/2 status=200 0.857s url=https://www.myfonts.com/collections/unytour-pro-font-nicolass-fonts/?tab=techSpecs
[2026-04-05T07:27:25Z] #565 attempt=1/2 status=200 0.520s url=https://www.myfonts.com/products/gaming-complete-family-package-1125421
[2026-04-05T07:27:26Z] #566 attempt=1/2 status=200 0.159s url=https://www.myfonts.com/collections/gaming-font-alpercakici/
[2026-04-05T07:27:27Z] #567 attempt=1/2 status=200 0.754s url=https://www.myfonts.com/collections/gaming-font-alpercakici/?tab=techSpecs
[2026-04-05T07:27:28Z] #568 attempt=1/2 status=200 0.482s url=https://www.myfonts.com/products/cluster-complete-family-package-1125481
[2026-04-05T07:27:29Z] #569 attempt=1/2 status=200 0.741s url=https://www.myfonts.com/collections/cluster-font-kobuzan/
[2026-04-05T07:27:30Z] #570 attempt=1/2 status=200 0.734s url=https://www.myfonts.com/collections/cluster-font-kobuzan/?tab=techSpecs
[2026-04-05T07:27:32Z] #571 attempt=1/2 status=200 0.304s url=https://www.myfonts.com/products/hg-dot-new-gothic-b-complete-family-package-1125247
[2026-04-05T07:27:32Z] #572 attempt=1/2 status=200 0.387s url=https://www.myfonts.com/collections/hg-dot-new-gothic-b-font-ricoh/
[2026-04-05T07:27:33Z] #573 attempt=1/2 status=200 0.407s url=https://www.myfonts.com/collections/hg-dot-new-gothic-b-font-ricoh/?tab=techSpecs
[2026-04-05T07:27:36Z] #574 attempt=1/2 status=200 0.118s url=https://www.myfonts.com/collections/hg-dot-new-gothic-b-font-ricoh/
[2026-04-05T07:27:36Z] #575 attempt=1/2 status=200 0.379s url=https://www.myfonts.com/products/molla-divina-complete-family-package-1125822
[2026-04-05T07:27:37Z] #576 attempt=1/2 status=200 0.486s url=https://www.myfonts.com/collections/molla-divina-font-canden-meutuah/
[2026-04-05T07:27:38Z] #577 attempt=1/2 status=200 0.419s url=https://www.myfonts.com/collections/molla-divina-font-canden-meutuah/?tab=techSpecs
[2026-04-05T07:27:39Z] #578 attempt=1/2 status=200 0.412s url=https://www.myfonts.com/products/intevia-complete-family-package-1125400
[2026-04-05T07:27:40Z] #579 attempt=1/2 status=200 0.569s url=https://www.myfonts.com/collections/intevia-font-hanken-design-co/
[2026-04-05T07:27:40Z] #580 attempt=1/2 status=200 0.125s url=https://www.myfonts.com/collections/intevia-font-hanken-design-co/?tab=techSpecs
[2026-04-05T07:27:42Z] #581 attempt=1/2 status=200 0.260s url=https://www.myfonts.com/products/hg-soei-cyubuto-penjitai-complete-family-package-1125236
[2026-04-05T07:27:42Z] #582 attempt=1/2 status=200 0.308s url=https://www.myfonts.com/collections/hg-soei-cyubuto-penjitai-font-ricoh/
[2026-04-05T07:27:43Z] #583 attempt=1/2 status=200 0.135s url=https://www.myfonts.com/collections/hg-soei-cyubuto-penjitai-font-ricoh/?tab=techSpecs
[2026-04-05T07:27:46Z] #584 attempt=1/2 status=200 0.381s url=https://www.myfonts.com/collections/hg-soei-cyubuto-penjitai-font-ricoh/
[2026-04-05T07:27:46Z] #585 attempt=1/2 status=200 0.333s url=https://www.myfonts.com/products/hg-marugothic-complete-family-package-1125184
[2026-04-05T07:27:47Z] #586 attempt=1/2 status=200 0.498s url=https://www.myfonts.com/collections/hg-marugothic-font-ricoh/
[2026-04-05T07:27:48Z] #587 attempt=1/2 status=200 0.400s url=https://www.myfonts.com/collections/hg-marugothic-font-ricoh/?tab=techSpecs
[2026-04-05T07:27:51Z] #588 attempt=1/2 status=200 0.565s url=https://www.myfonts.com/products/roana-complete-family-package-1125287
[2026-04-05T07:27:52Z] #589 attempt=1/2 status=200 1.151s url=https://www.myfonts.com/collections/roana-font-alpercakici/
[2026-04-05T07:27:54Z] #590 attempt=1/2 status=200 1.273s url=https://www.myfonts.com/collections/roana-font-alpercakici/?tab=techSpecs
[2026-04-05T07:27:56Z] #591 attempt=1/2 status=200 0.385s url=https://www.myfonts.com/products/valkiria-complete-family-package-1126416
[2026-04-05T07:27:57Z] #592 attempt=1/2 status=200 0.598s url=https://www.myfonts.com/collections/valkiria-font-john-vargas-beltran/
[2026-04-05T07:27:58Z] #593 attempt=1/2 status=200 0.520s url=https://www.myfonts.com/collections/valkiria-font-john-vargas-beltran/?tab=techSpecs
[2026-04-05T07:27:59Z] #594 attempt=1/2 status=200 0.258s url=https://www.myfonts.com/products/hg-soei-presence-complete-family-package-1125167
[2026-04-05T07:28:00Z] #595 attempt=1/2 status=200 0.590s url=https://www.myfonts.com/collections/hg-soei-presence-font-ricoh/
[2026-04-05T07:28:00Z] #596 attempt=1/2 status=200 0.341s url=https://www.myfonts.com/collections/hg-soei-presence-font-ricoh/?tab=techSpecs
[2026-04-05T07:28:03Z] #597 attempt=1/2 status=200 0.334s url=https://www.myfonts.com/products/herald-news-complete-family-package-1125474
[2026-04-05T07:28:03Z] #598 attempt=1/2 status=200 0.462s url=https://www.myfonts.com/collections/herald-news-font-kevin-foley-fonts/
[2026-04-05T07:28:04Z] #599 attempt=1/2 status=200 0.369s url=https://www.myfonts.com/collections/herald-news-font-kevin-foley-fonts/?tab=techSpecs
[2026-04-05T07:28:05Z] #600 attempt=1/2 status=200 0.292s url=https://www.myfonts.com/products/hg-reithic-complete-family-package-1125065
[2026-04-05T07:28:05Z] #601 attempt=1/2 status=200 0.268s url=https://www.myfonts.com/collections/hg-reithic-font-ricoh/
[2026-04-05T07:28:06Z] #602 attempt=1/2 status=200 0.318s url=https://www.myfonts.com/collections/hg-reithic-font-ricoh/?tab=techSpecs
[2026-04-05T07:28:09Z] #603 attempt=1/2 status=200 0.376s url=https://www.myfonts.com/products/hg-soei-kakupoptai-complete-family-package-1125222
[2026-04-05T07:28:09Z] #604 attempt=1/2 status=200 0.409s url=https://www.myfonts.com/collections/hg-soei-kakupoptai-font-ricoh/
[2026-04-05T07:28:10Z] #605 attempt=1/2 status=200 0.326s url=https://www.myfonts.com/products/hg-gothic-complete-family-package-1125118
[2026-04-05T07:28:10Z] #606 attempt=1/2 status=200 0.348s url=https://www.myfonts.com/collections/hg-gothic-font-ricoh/
[2026-04-05T07:28:11Z] #607 attempt=1/2 status=200 0.282s url=https://www.myfonts.com/products/hg-new-gothic-m-complete-family-package-1125104
[2026-04-05T07:28:12Z] #608 attempt=1/2 status=200 0.309s url=https://www.myfonts.com/collections/hg-new-gothic-m-font-ricoh/
[2026-04-05T07:28:12Z] #609 attempt=1/2 status=200 0.117s url=https://www.myfonts.com/collections/hg-new-gothic-m-font-ricoh/
[2026-04-05T07:28:12Z] #610 attempt=1/2 status=200 0.291s url=https://www.myfonts.com/products/hg-mincho-l-complete-family-package-1125130
[2026-04-05T07:28:13Z] #611 attempt=1/2 status=200 0.334s url=https://www.myfonts.com/collections/hgp-mincho-l-font-ricoh/
[2026-04-05T07:28:13Z] #612 attempt=1/2 status=200 0.105s url=https://www.myfonts.com/collections/hgp-mincho-l-font-ricoh/
[2026-04-05T07:28:14Z] #613 attempt=1/2 status=200 0.193s url=https://www.myfonts.com/collections/hg-mincho-l-font-ricoh
[2026-04-05T07:28:14Z] #614 attempt=1/2 status=200 0.238s url=https://www.myfonts.com/collections/hg-mincho-l-font-ricoh
[2026-04-05T07:28:15Z] #615 attempt=1/2 status=200 0.131s url=https://www.myfonts.com/products/calvion-sans-complete-family-package-1126001
[2026-04-05T07:28:16Z] #616 attempt=1/2 status=200 1.025s url=https://www.myfonts.com/collections/calvion-sans-font-typehill-studio/
[2026-04-05T07:28:17Z] #617 attempt=1/2 status=200 0.258s url=https://www.myfonts.com/products/hg-soei-futo-penjitai-complete-family-package-1125087
[2026-04-05T07:28:17Z] #618 attempt=1/2 status=200 0.362s url=https://www.myfonts.com/collections/hg-soei-futo-penjitai-font-ricoh/
[2026-04-05T07:28:18Z] #619 attempt=1/2 status=200 0.265s url=https://www.myfonts.com/collections/hg-soei-futo-penjitai-font-ricoh/
[2026-04-05T07:28:19Z] #620 attempt=1/2 status=200 0.364s url=https://www.myfonts.com/products/anisera-complete-family-package-1126092
[2026-04-05T07:28:19Z] #621 attempt=1/2 status=200 0.323s url=https://www.myfonts.com/collections/anisera-font-ragamkata/
[2026-04-05T07:28:20Z] #622 attempt=1/2 status=200 0.456s url=https://www.myfonts.com/products/prodicos-complete-family-package-1125576
[2026-04-05T07:28:21Z] #623 attempt=1/2 status=200 0.716s url=https://www.myfonts.com/collections/prodicos-font-alpercakici/
[2026-04-05T07:28:22Z] #624 attempt=1/2 status=200 0.417s url=https://www.myfonts.com/products/hg-heisei-marugothictai-w4-complete-family-package-1125272
[2026-04-05T07:28:22Z] #625 attempt=1/2 status=200 0.322s url=https://www.myfonts.com/collections/hg-heisei-marugothictai-w4-font-ricoh/
[2026-04-05T07:28:23Z] #626 attempt=1/2 status=200 0.123s url=https://www.myfonts.com/collections/hg-heisei-marugothictai-w4-font-ricoh/
[2026-04-05T07:28:23Z] #627 attempt=1/2 status=200 0.294s url=https://www.myfonts.com/products/masign-complete-family-package-1126463
[2026-04-05T07:28:24Z] #628 attempt=1/2 status=200 0.416s url=https://www.myfonts.com/collections/masign-font-tini-fitriani/
[2026-04-05T07:28:25Z] #629 attempt=1/2 status=200 0.454s url=https://www.myfonts.com/products/nasalization-complete-family-package-1125807
[2026-04-05T07:28:25Z] #630 attempt=1/2 status=200 0.533s url=https://www.myfonts.com/collections/nasalization-font-typodermic/
[2026-04-05T07:28:26Z] #631 attempt=1/2 status=200 0.362s url=https://www.myfonts.com/products/iwagumi-sans-complete-family-package-1126133
[2026-04-05T07:28:27Z] #632 attempt=1/2 status=200 0.476s url=https://www.myfonts.com/collections/iwagumi-sans-font-mabutype/
[2026-04-05T07:28:28Z] #633 attempt=1/2 status=200 0.383s url=https://www.myfonts.com/products/pasta-monday-complete-family-package-1126215
[2026-04-05T07:28:28Z] #634 attempt=1/2 status=200 0.344s url=https://www.myfonts.com/collections/pasta-monday-font-the-native-saint-club/
[2026-04-05T07:28:29Z] #635 attempt=1/2 status=200 0.322s url=https://www.myfonts.com/products/bakerman-blur-complete-family-package-1126125
[2026-04-05T07:28:29Z] #636 attempt=1/2 status=200 0.385s url=https://www.myfonts.com/collections/bakerman-blur-font-zasepa-studio/
[2026-04-05T07:28:30Z] #637 attempt=1/2 status=200 0.277s url=https://www.myfonts.com/products/april-pearl-complete-family-package-1126460
[2026-04-05T07:28:30Z] #638 attempt=1/2 status=200 0.323s url=https://www.myfonts.com/collections/april-pearl-font-stylishtype-studio/
[2026-04-05T07:28:31Z] #639 attempt=1/2 status=200 0.282s url=https://www.myfonts.com/products/hg-heisei-minchotai-w3-complete-family-package-1125268
[2026-04-05T07:28:32Z] #640 attempt=1/2 status=200 0.340s url=https://www.myfonts.com/collections/hg-heisei-minchotai-font-ricoh/
[2026-04-05T07:28:32Z] #641 attempt=1/2 status=200 0.309s url=https://www.myfonts.com/products/hg-dot-maru-gothic-m-complete-family-package-1125159
[2026-04-05T07:28:33Z] #642 attempt=1/2 status=200 0.379s url=https://www.myfonts.com/collections/hg-dot-maru-gothic-m-font-ricoh/
[2026-04-05T07:28:33Z] #643 attempt=1/2 status=200 0.138s url=https://www.myfonts.com/collections/hg-dot-maru-gothic-m-font-ricoh/
[2026-04-05T07:28:34Z] #644 attempt=1/2 status=200 0.297s url=https://www.myfonts.com/products/hg-dot-gothic-m-complete-family-package-1125171
[2026-04-05T07:28:34Z] #645 attempt=1/2 status=200 0.396s url=https://www.myfonts.com/collections/hg-dot-gothic-m-font-ricoh/
[2026-04-05T07:28:35Z] #646 attempt=1/2 status=200 0.390s url=https://www.myfonts.com/collections/hg-dot-gothic-m-font-ricoh/
[2026-04-05T07:28:36Z] #647 attempt=1/2 status=200 0.327s url=https://www.myfonts.com/products/hg-heisei-kakugothictai-w7-complete-family-package-1125217
[2026-04-05T07:28:36Z] #648 attempt=1/2 status=200 0.284s url=https://www.myfonts.com/collections/hg-heisei-kakugothictai-w7-font-ricoh/
[2026-04-05T07:28:37Z] #649 attempt=1/2 status=200 0.108s url=https://www.myfonts.com/collections/hg-heisei-kakugothictai-w7-font-ricoh/
[2026-04-05T07:28:37Z] #650 attempt=1/2 status=200 0.306s url=https://www.myfonts.com/products/hg-dot-mincho-b-complete-family-package-1125109
[2026-04-05T07:28:38Z] #651 attempt=1/2 status=200 0.283s url=https://www.myfonts.com/collections/hg-dot-mincho-b-font-ricoh/
[2026-04-05T07:28:38Z] #652 attempt=1/2 status=200 0.266s url=https://www.myfonts.com/collections/hg-dot-mincho-b-font-ricoh/
[2026-04-05T07:28:39Z] #653 attempt=1/2 status=200 0.289s url=https://www.myfonts.com/products/hg-mincho-complete-family-package-1125074
[2026-04-05T07:28:39Z] #654 attempt=1/2 status=200 0.329s url=https://www.myfonts.com/collections/hg-mincho-font-ricoh/
[2026-04-05T07:28:40Z] #655 attempt=1/2 status=200 0.269s url=https://www.myfonts.com/products/hg-kyokashotai-complete-family-package-1125069
[2026-04-05T07:28:40Z] #656 attempt=1/2 status=200 0.318s url=https://www.myfonts.com/collections/hg-kyokashotai-font-ricoh/
[2026-04-05T07:28:41Z] #657 attempt=1/2 status=200 0.263s url=https://www.myfonts.com/products/hg-dot-new-gothic-m-complete-family-package-1125258
[2026-04-05T07:28:42Z] #658 attempt=1/2 status=200 0.407s url=https://www.myfonts.com/collections/hg-dot-new-gothic-m-font-ricoh/
[2026-04-05T07:28:42Z] #659 attempt=1/2 status=200 0.264s url=https://www.myfonts.com/collections/hg-dot-new-gothic-m-font-ricoh/
[2026-04-05T07:28:43Z] #660 attempt=1/2 status=200 0.301s url=https://www.myfonts.com/products/always-think-twice-complete-family-package-1126457
[2026-04-05T07:28:43Z] #661 attempt=1/2 status=200 0.336s url=https://www.myfonts.com/collections/always-think-twice-font-pizzadudedk/
[2026-04-05T07:28:44Z] #662 attempt=1/2 status=200 0.258s url=https://www.myfonts.com/products/hg-dot-maru-gothic-b-complete-family-package-1125241
[2026-04-05T07:28:44Z] #663 attempt=1/2 status=200 0.276s url=https://www.myfonts.com/collections/hg-dot-maru-gothic-b-font-ricoh/
[2026-04-05T07:28:45Z] #664 attempt=1/2 status=200 0.355s url=https://www.myfonts.com/collections/hg-dot-maru-gothic-b-font-ricoh/
[2026-04-05T07:28:46Z] #665 attempt=1/2 status=200 0.292s url=https://www.myfonts.com/products/hg-gyoshotai-complete-family-package-1125208
[2026-04-05T07:28:46Z] #666 attempt=1/2 status=200 0.289s url=https://www.myfonts.com/collections/hg-gyoshotai-font-ricoh/
[2026-04-05T07:28:47Z] #667 attempt=1/2 status=200 0.369s url=https://www.myfonts.com/products/selfion-complete-family-package-1125039
[2026-04-05T07:28:47Z] #668 attempt=1/2 status=200 0.514s url=https://www.myfonts.com/collections/selfion-font-gusetype/
[2026-04-05T07:28:48Z] #669 attempt=1/2 status=200 0.323s url=https://www.myfonts.com/products/hg-hagoromo-complete-family-package-1125227
[2026-04-05T07:28:49Z] #670 attempt=1/2 status=200 0.307s url=https://www.myfonts.com/collections/hg-hagoromo-font-ricoh/
[2026-04-05T07:28:50Z] #671 attempt=1/2 status=200 0.574s url=https://www.myfonts.com/products/duh-encok-complete-family-package-1126343
[2026-04-05T07:28:50Z] #672 attempt=1/2 status=200 0.687s url=https://www.myfonts.com/collections/duh-encok-font-mystical-type/
[2026-04-05T07:28:51Z] #673 attempt=1/2 status=200 0.376s url=https://www.myfonts.com/products/hg-heisei-kakugothictai-w9-complete-family-package-1125126
[2026-04-05T07:28:52Z] #674 attempt=1/2 status=200 0.279s url=https://www.myfonts.com/collections/hg-heisei-kakugothictai-w9-font-ricoh/
[2026-04-05T07:28:52Z] #675 attempt=1/2 status=200 0.384s url=https://www.myfonts.com/collections/hg-heisei-kakugothictai-w9-font-ricoh/
[2026-04-05T07:28:53Z] #676 attempt=1/2 status=200 0.371s url=https://www.myfonts.com/products/hg-new-gothic-rt-complete-family-package-1125141
[2026-04-05T07:28:54Z] #677 attempt=1/2 status=200 0.523s url=https://www.myfonts.com/collections/hg-new-gothic-rt-font-ricoh/
[2026-04-05T07:28:55Z] #678 attempt=1/2 status=200 0.535s url=https://www.myfonts.com/collections/hg-new-gothic-rt-font-ricoh/
[2026-04-05T07:28:55Z] #679 attempt=1/2 status=200 0.275s url=https://www.myfonts.com/products/themora-complete-family-package-1126095
[2026-04-05T07:28:56Z] #680 attempt=1/2 status=200 0.310s url=https://www.myfonts.com/collections/themora-font-vermilione/
[2026-04-05T07:28:56Z] #681 attempt=1/2 status=200 0.300s url=https://www.myfonts.com/products/hg-dot-mincho-m-complete-family-package-1125195
[2026-04-05T07:28:57Z] #682 attempt=1/2 status=200 0.535s url=https://www.myfonts.com/collections/hg-dot-mincho-m-font-ricoh/
[2026-04-05T07:28:58Z] #683 attempt=1/2 status=200 0.342s url=https://www.myfonts.com/collections/hg-dot-mincho-m-font-ricoh/
[2026-04-05T07:28:58Z] #684 attempt=1/2 status=200 0.295s url=https://www.myfonts.com/products/vicido-litterata-1-complete-family-package-1125002
[2026-04-05T07:28:59Z] #685 attempt=1/2 status=200 0.370s url=https://www.myfonts.com/collections/vicido-litterata-1-font-vicido/
[2026-04-05T07:29:00Z] #686 attempt=1/2 status=200 0.316s url=https://www.myfonts.com/products/hg-dot-gothic-b-complete-family-package-1125091
[2026-04-05T07:29:00Z] #687 attempt=1/2 status=200 0.453s url=https://www.myfonts.com/collections/hg-dot-gothic-b-font-ricoh/
[2026-04-05T07:29:01Z] #688 attempt=1/2 status=200 0.433s url=https://www.myfonts.com/collections/hg-dot-gothic-b-font-ricoh/
[2026-04-05T07:29:01Z] #689 attempt=1/2 status=200 0.264s url=https://www.myfonts.com/products/hg-heisei-minchotai-w9-complete-family-package-1125212
[2026-04-05T07:29:02Z] #690 attempt=1/2 status=200 0.277s url=https://www.myfonts.com/collections/hg-heisei-minchotai-w9-font-ricoh/
[2026-04-05T07:29:03Z] #691 attempt=1/2 status=200 0.293s url=https://www.myfonts.com/collections/hg-heisei-minchotai-w9-font-ricoh/
[2026-04-05T07:29:03Z] #692 attempt=1/2 status=200 0.321s url=https://www.myfonts.com/products/hg-heisei-marugothictai-complete-family-package-1125138
[2026-04-05T07:29:04Z] #693 attempt=1/2 status=200 0.396s url=https://www.myfonts.com/collections/hg-heisei-marugothictai-font-ricoh/
[2026-04-05T07:29:04Z] #694 attempt=1/2 status=200 0.310s url=https://www.myfonts.com/collections/hg-heisei-marugothictai-font-ricoh/
[2026-04-05T07:29:05Z] #695 attempt=1/2 status=200 0.364s url=https://www.myfonts.com/products/biarritz-complete-family-package-1124941
[2026-04-05T07:29:06Z] #696 attempt=1/2 status=200 0.395s url=https://www.myfonts.com/collections/biarritz-font-genilson-santos/
[2026-04-05T07:29:06Z] #697 attempt=1/2 status=200 0.267s url=https://www.myfonts.com/products/hg-heisei-marugothictai-w8-complete-family-package-1125081
[2026-04-05T07:29:07Z] #698 attempt=1/2 status=200 0.350s url=https://www.myfonts.com/collections/hg-heisei-marugothictai-w8-font-ricoh/
[2026-04-05T07:29:07Z] #699 attempt=1/2 status=200 0.378s url=https://www.myfonts.com/collections/hg-heisei-marugothictai-w8-font-ricoh/
[2026-04-05T07:29:08Z] #700 attempt=1/2 status=200 0.265s url=https://www.myfonts.com/products/hg-heisei-kakugothictai-w5-complete-family-package-1125134
[2026-04-05T07:29:08Z] #701 attempt=1/2 status=200 0.292s url=https://www.myfonts.com/collections/hg-heisei-kakugothictai-w5-font-ricoh/
[2026-04-05T07:29:09Z] #702 attempt=1/2 status=200 0.138s url=https://www.myfonts.com/collections/hg-heisei-kakugothictai-w5-font-ricoh/
[2026-04-05T07:29:10Z] #703 attempt=1/2 status=200 0.436s url=https://www.myfonts.com/products/brusnika-complete-family-package-1124950
[2026-04-05T07:29:10Z] #704 attempt=1/2 status=200 0.623s url=https://www.myfonts.com/collections/brusnika-font-alpercakici/
[2026-04-05T07:29:12Z] #705 attempt=1/6 status=200 0.631s url=https://www.myfonts.com/products.json?limit=100&page=17
[2026-04-05T07:29:12Z] #706 attempt=1/2 status=200 0.332s url=https://www.myfonts.com/products/compressed-thin-dean-soft-vf-1125767
[2026-04-05T07:29:13Z] #707 attempt=1/2 status=200 0.354s url=https://www.myfonts.com/collections/dean-soft-vf-font-blaze-type/
[2026-04-05T07:29:14Z] #708 attempt=1/6 status=200 0.718s url=https://www.myfonts.com/products.json?limit=100&page=18
[2026-04-05T07:29:15Z] #709 attempt=1/2 status=200 0.324s url=https://www.myfonts.com/products/regular-thailoop-1126336
[2026-04-05T07:29:15Z] #710 attempt=1/2 status=200 0.431s url=https://www.myfonts.com/collections/thailoop-font-vadova-std/
[2026-04-05T07:29:16Z] #711 attempt=1/2 status=200 0.280s url=https://www.myfonts.com/products/regular-refined-strokes-1126143
[2026-04-05T07:29:16Z] #712 attempt=1/2 status=200 0.295s url=https://www.myfonts.com/collections/refined-strokes-font-bluestype-studio/
[2026-04-05T07:29:17Z] #713 attempt=1/2 status=200 0.247s url=https://www.myfonts.com/products/regular-hghidemi-heiseikakugo-w9-s-1125234
[2026-04-05T07:29:17Z] #714 attempt=1/2 status=200 0.221s url=https://www.myfonts.com/collections/hghidemi-heiseikakugo-w9-s-font-ricoh/
[2026-04-05T07:29:18Z] #715 attempt=1/2 status=200 0.117s url=https://www.myfonts.com/collections/hghidemi-heiseikakugo-w9-s-font-ricoh/
[2026-04-05T07:29:18Z] #716 attempt=1/2 status=200 0.271s url=https://www.myfonts.com/products/regular-rooster-doodle-1125832
[2026-04-05T07:29:19Z] #717 attempt=1/2 status=200 0.235s url=https://www.myfonts.com/collections/rooster-doodle-font-bayuktx/
[2026-04-05T07:29:19Z] #718 attempt=1/2 status=200 0.256s url=https://www.myfonts.com/products/regular-heritage-ink-1126104
[2026-04-05T07:29:20Z] #719 attempt=1/2 status=200 0.242s url=https://www.myfonts.com/collections/heritage-ink-font-hipfonts/
[2026-04-05T07:29:21Z] #720 attempt=1/6 status=200 0.604s url=https://www.myfonts.com/products.json?limit=100&page=19
[2026-04-05T07:29:22Z] #721 attempt=1/2 status=200 0.277s url=https://www.myfonts.com/products/regular-alfondale-1124995
[2026-04-05T07:29:22Z] #722 attempt=1/2 status=200 0.353s url=https://www.myfonts.com/collections/alfondale-font-ironbird-creative/
[2026-04-05T07:29:23Z] #723 attempt=1/2 status=200 0.355s url=https://www.myfonts.com/products/regular-brumer-1126124
[2026-04-05T07:29:23Z] #724 attempt=1/2 status=200 0.299s url=https://www.myfonts.com/collections/brumer-font-typoraith-co/
[2026-04-05T07:29:24Z] #725 attempt=1/2 status=200 0.265s url=https://www.myfonts.com/products/regular-hgheisei-minchotai-w9-l-1125233
[2026-04-05T07:29:24Z] #726 attempt=1/2 status=200 0.265s url=https://www.myfonts.com/collections/hgheisei-minchotai-w9-l-font-ricoh/
[2026-04-05T07:29:25Z] #727 attempt=1/2 status=200 0.229s url=https://www.myfonts.com/collections/hgheisei-minchotai-w9-l-font-ricoh/
[2026-04-05T07:29:25Z] #728 attempt=1/2 status=200 0.223s url=https://www.myfonts.com/products/regular-calfiera-1126115
[2026-04-05T07:29:26Z] #729 attempt=1/2 status=200 0.305s url=https://www.myfonts.com/collections/calfiera-font-letterstock/
[2026-04-05T07:29:26Z] #730 attempt=1/2 status=200 0.237s url=https://www.myfonts.com/products/regular-hghidemi-heiseikakugo-w9-l-1125216
[2026-04-05T07:29:27Z] #731 attempt=1/2 status=200 0.270s url=https://www.myfonts.com/collections/hghidemi-heiseikakugo-w9-l-font-ricoh/
[2026-04-05T07:29:27Z] #732 attempt=1/2 status=200 0.230s url=https://www.myfonts.com/collections/hghidemi-heiseikakugo-w9-l-font-ricoh/
[2026-04-05T07:29:28Z] #733 attempt=1/6 status=200 0.494s url=https://www.myfonts.com/products.json?limit=100&page=20
[2026-04-05T07:29:29Z] #734 attempt=1/2 status=200 0.241s url=https://www.myfonts.com/products/regular-hgheisei-kakugo-w9-l-1125115
[2026-04-05T07:29:29Z] #735 attempt=1/2 status=200 0.241s url=https://www.myfonts.com/collections/hgheisei-kakugo-w9-l-font-ricoh/
[2026-04-05T07:29:30Z] #736 attempt=1/2 status=200 0.126s url=https://www.myfonts.com/collections/hgheisei-kakugo-w9-l-font-ricoh/
[2026-04-05T07:29:31Z] #737 attempt=1/6 status=200 0.600s url=https://www.myfonts.com/products.json?limit=100&page=21
[2026-04-05T07:29:31Z] #738 attempt=1/2 status=200 0.369s url=https://www.myfonts.com/products/regular-oamphie-vintage-1124999
[2026-04-05T07:29:32Z] #739 attempt=1/2 status=200 0.313s url=https://www.myfonts.com/collections/oamphie-vintage-font-dm-studio/
[2026-04-05T07:29:33Z] #740 attempt=1/2 status=200 0.223s url=https://www.myfonts.com/products/regular-hgheisei-marugothictai-w8-l-1125278
[2026-04-05T07:29:33Z] #741 attempt=1/2 status=200 0.308s url=https://www.myfonts.com/collections/hgheisei-marugothictai-w8-l-font-ricoh/
[2026-04-05T07:29:33Z] #742 attempt=1/2 status=200 0.117s url=https://www.myfonts.com/collections/hgheisei-marugothictai-w8-l-font-ricoh/
[2026-04-05T07:29:34Z] #743 attempt=1/2 status=200 0.318s url=https://www.myfonts.com/products/regular-elf-story-1126122
[2026-04-05T07:29:34Z] #744 attempt=1/2 status=200 0.258s url=https://www.myfonts.com/collections/elf-story-font-mvmet/
[2026-04-05T07:29:36Z] #745 attempt=1/6 status=200 0.645s url=https://www.myfonts.com/products.json?limit=100&page=22
[2026-04-05T07:29:36Z] #746 attempt=1/2 status=200 0.286s url=https://www.myfonts.com/products/regular-harley-maykids-1126100
[2026-04-05T07:29:37Z] #747 attempt=1/2 status=200 0.264s url=https://www.myfonts.com/collections/harley-maykids-font-jinan-studio/
[2026-04-05T07:29:37Z] #748 attempt=1/2 status=200 0.266s url=https://www.myfonts.com/products/regular-roleside-1126153
[2026-04-05T07:29:38Z] #749 attempt=1/2 status=200 0.303s url=https://www.myfonts.com/collections/roleside-font-monolimes/
[2026-04-05T07:29:39Z] #750 attempt=1/6 status=200 0.770s url=https://www.myfonts.com/products.json?limit=100&page=23
[2026-04-05T07:29:40Z] #751 attempt=1/6 status=200 0.618s url=https://www.myfonts.com/products.json?limit=100&page=24
[2026-04-05T07:29:41Z] #752 attempt=1/2 status=200 0.125s url=https://www.myfonts.com/products/regular-midnight-ooze-1126222
[2026-04-05T07:29:41Z] #753 attempt=1/2 status=200 0.270s url=https://www.myfonts.com/collections/midnight-ooze-font-vadova-std/
[2026-04-05T07:29:42Z] #754 attempt=1/2 status=200 0.272s url=https://www.myfonts.com/products/regular-varago-1125020
[2026-04-05T07:29:42Z] #755 attempt=1/2 status=200 0.293s url=https://www.myfonts.com/collections/varago-font-vadova-std/
[2026-04-05T07:29:43Z] #756 attempt=1/2 status=200 0.255s url=https://www.myfonts.com/products/regular-qurellia-salesta-1124990
[2026-04-05T07:29:43Z] #757 attempt=1/2 status=200 0.262s url=https://www.myfonts.com/collections/qurellia-salesta-font-vermilione/
[2026-04-05T07:29:44Z] #758 attempt=1/6 status=200 0.586s url=https://www.myfonts.com/products.json?limit=100&page=25
[2026-04-05T07:29:45Z] #759 attempt=1/2 status=200 0.367s url=https://www.myfonts.com/products/regular-antiqua-lux-1126108
[2026-04-05T07:29:45Z] #760 attempt=1/2 status=200 0.308s url=https://www.myfonts.com/collections/antiqua-lux-font-hipfonts/
[2026-04-05T07:29:46Z] #761 attempt=1/2 status=200 0.242s url=https://www.myfonts.com/products/regular-hg-akane-heisei-marugothictai-w8s-1125086
[2026-04-05T07:29:47Z] #762 attempt=1/2 status=200 0.374s url=https://www.myfonts.com/collections/hg-akane-heisei-marugothictai-w8s-font-ricoh/
[2026-04-05T07:29:47Z] #763 attempt=1/2 status=200 0.433s url=https://www.myfonts.com/collections/hg-akane-heisei-marugothictai-w8s-font-ricoh/
[2026-04-05T07:29:48Z] #764 attempt=1/2 status=200 0.280s url=https://www.myfonts.com/products/thin-oufale-1125061
[2026-04-05T07:29:48Z] #765 attempt=1/2 status=200 0.276s url=https://www.myfonts.com/collections/oufale-font-glyphofik-type/
[2026-04-05T07:29:49Z] #766 attempt=1/2 status=200 0.340s url=https://www.myfonts.com/products/regular-daily-sunny-1125019
[2026-04-05T07:29:49Z] #767 attempt=1/2 status=200 0.303s url=https://www.myfonts.com/collections/daily-sunny-font-rasio-studio/
[2026-04-05T07:29:50Z] #768 attempt=1/2 status=200 0.342s url=https://www.myfonts.com/products/regular-stryvix-1126123
[2026-04-05T07:29:51Z] #769 attempt=1/2 status=200 0.368s url=https://www.myfonts.com/collections/stryvix-font-dm-studio/
[2026-04-05T07:29:51Z] #770 attempt=1/2 status=200 0.313s url=https://www.myfonts.com/products/dockerl-lectohen-regular-mc-dockerl-lectohen-1125001
[2026-04-05T07:29:52Z] #771 attempt=1/2 status=200 0.300s url=https://www.myfonts.com/collections/mc-dockerl-lectohen-font-maulana-creative/
[2026-04-05T07:29:52Z] summary releases=13 first_429=None log_file=state/myfonts_run_20260405_071915.log
[2026-04-05T07:29:52Z] saved_success_profile path=state/myfonts_success_profile.json
[2026-04-05T07:29:52Z] === MyFonts crawl end ===
