[2026-07-31T09:12:19Z] checkpoint fresh next_page=1 path=state/myfonts_crawl_checkpoint.json
[2026-07-31T09:12:19Z] === MyFonts crawl start source=myfonts ===
[2026-07-31T09:12:19Z] config max_pages=25 page_size=100 start_date=2026-07-30 end_date=2026-07-31 api_delay=0.5s detail_delay=0.2s max_debut_checks=400 max_tech_specs_checks=200 reuse_success_profile=False always_enrich_packages=True language_script_signal_mode=strong force_fresh_run=False start_page=1 browser_mode=False browser_headless=True browser_storage_state_path=state/myfonts_storage_state.json
[2026-07-31T09:12:21Z] #1 attempt=1/6 status=200 1.075s url=https://www.myfonts.com/products.json?limit=100&page=1
[2026-07-31T09:12:22Z] #2 attempt=1/2 status=200 0.413s url=https://www.myfonts.com/products/poliphili-complete-family-package-913264
[2026-07-31T09:12:22Z] #3 attempt=1/2 status=200 0.512s url=https://www.myfonts.com/collections/poliphili-font-flanker/
[2026-07-31T09:12:23Z] #4 attempt=1/2 status=200 0.532s url=https://www.myfonts.com/collections/poliphili-font-flanker/?tab=techSpecs
[2026-07-31T09:12:24Z] #5 attempt=1/2 status=200 0.407s url=https://www.myfonts.com/products/forest-wonders-complete-family-package-1190593
[2026-07-31T09:12:25Z] #6 attempt=1/2 status=200 0.480s url=https://www.myfonts.com/collections/forest-wonders-font-timelesstype-studio/
[2026-07-31T09:12:26Z] #7 attempt=1/2 status=200 0.353s url=https://www.myfonts.com/collections/forest-wonders-font-timelesstype-studio/?tab=techSpecs
[2026-07-31T09:12:27Z] #8 attempt=1/2 status=200 0.365s url=https://www.myfonts.com/products/soulflare-complete-family-package-1190582
[2026-07-31T09:12:27Z] #9 attempt=1/2 status=200 0.324s url=https://www.myfonts.com/collections/soulflare-font-hipfonts/
[2026-07-31T09:12:28Z] #10 attempt=1/2 status=200 0.340s url=https://www.myfonts.com/collections/soulflare-font-hipfonts/?tab=techSpecs
[2026-07-31T09:12:29Z] #11 attempt=1/2 status=200 0.413s url=https://www.myfonts.com/products/gerank-complete-family-package-1190588
[2026-07-31T09:12:30Z] #12 attempt=1/2 status=200 0.463s url=https://www.myfonts.com/collections/gerank-font-habitype/
[2026-07-31T09:12:30Z] #13 attempt=1/2 status=200 0.169s url=https://www.myfonts.com/collections/gerank-font-habitype/?tab=techSpecs
[2026-07-31T09:12:31Z] #14 attempt=1/2 status=200 0.462s url=https://www.myfonts.com/products/gc-kohlen-complete-family-package-1190605
[2026-07-31T09:12:32Z] #15 attempt=1/2 status=200 0.552s url=https://www.myfonts.com/collections/gc-kohlen-font-onyx-studio/
[2026-07-31T09:12:33Z] #16 attempt=1/2 status=200 0.528s url=https://www.myfonts.com/collections/gc-kohlen-font-onyx-studio/?tab=techSpecs
[2026-07-31T09:12:34Z] #17 attempt=1/2 status=200 0.301s url=https://www.myfonts.com/products/kafheri-complete-family-package-1190585
[2026-07-31T09:12:35Z] #18 attempt=1/2 status=200 0.414s url=https://www.myfonts.com/collections/kafheri-font-timelesstype-studio/
[2026-07-31T09:12:35Z] #19 attempt=1/2 status=200 0.326s url=https://www.myfonts.com/collections/kafheri-font-timelesstype-studio/?tab=techSpecs
[2026-07-31T09:12:36Z] #20 attempt=1/2 status=200 0.397s url=https://www.myfonts.com/products/duplia-complete-family-package-1190619
[2026-07-31T09:12:37Z] #21 attempt=1/2 status=200 0.363s url=https://www.myfonts.com/collections/duplia-font-k-type/
[2026-07-31T09:12:37Z] #22 attempt=1/2 status=200 0.186s url=https://www.myfonts.com/collections/duplia-font-k-type/?tab=techSpecs
[2026-07-31T09:12:38Z] #23 attempt=1/2 status=200 0.365s url=https://www.myfonts.com/products/nextrap-complete-family-package-1190615
[2026-07-31T09:12:39Z] #24 attempt=1/2 status=200 0.565s url=https://www.myfonts.com/collections/nextrap-font-steptype/
[2026-07-31T09:12:40Z] #25 attempt=1/2 status=200 0.375s url=https://www.myfonts.com/collections/nextrap-font-steptype/?tab=techSpecs
[2026-07-31T09:12:41Z] #26 attempt=1/2 status=200 0.381s url=https://www.myfonts.com/products/faridone-complete-family-package-1190596
[2026-07-31T09:12:42Z] #27 attempt=1/2 status=200 0.564s url=https://www.myfonts.com/collections/faridone-font-shape-studio/
[2026-07-31T09:12:43Z] #28 attempt=1/2 status=200 0.414s url=https://www.myfonts.com/collections/faridone-font-shape-studio/?tab=techSpecs
[2026-07-31T09:12:44Z] #29 attempt=1/2 status=200 0.291s url=https://www.myfonts.com/products/atteliora-complete-family-package-1190624
[2026-07-31T09:12:44Z] #30 attempt=1/2 status=200 0.361s url=https://www.myfonts.com/collections/atteliora-font-heinzel-std/
[2026-07-31T09:12:45Z] #31 attempt=1/2 status=200 0.316s url=https://www.myfonts.com/collections/atteliora-font-heinzel-std/?tab=techSpecs
[2026-07-31T09:12:46Z] #32 attempt=1/2 status=200 0.342s url=https://www.myfonts.com/products/regular-aislen-1190572
[2026-07-31T09:12:46Z] #33 attempt=1/2 status=200 0.254s url=https://www.myfonts.com/collections/aislen-font-sensatype-studio/
[2026-07-31T09:12:47Z] #34 attempt=1/2 status=200 0.154s url=https://www.myfonts.com/collections/aislen-font-sensatype-studio/?tab=techSpecs
[2026-07-31T09:12:48Z] #35 attempt=1/2 status=200 0.304s url=https://www.myfonts.com/products/regular-paquthy-1190576
[2026-07-31T09:12:49Z] #36 attempt=1/2 status=200 0.321s url=https://www.myfonts.com/collections/paquthy-font-maulana-creative/
[2026-07-31T09:12:49Z] #37 attempt=1/2 status=200 0.288s url=https://www.myfonts.com/collections/paquthy-font-maulana-creative/?tab=techSpecs
[2026-07-31T09:12:50Z] #38 attempt=1/2 status=200 0.291s url=https://www.myfonts.com/products/regular-evithe-1190575
[2026-07-31T09:12:50Z] #39 attempt=1/2 status=200 0.274s url=https://www.myfonts.com/collections/evithe-font-flawlessandco/
[2026-07-31T09:12:51Z] #40 attempt=1/2 status=200 0.161s url=https://www.myfonts.com/collections/evithe-font-flawlessandco/?tab=techSpecs
[2026-07-31T09:12:52Z] #41 attempt=1/2 status=200 0.313s url=https://www.myfonts.com/products/regular-groba-1190565
[2026-07-31T09:12:52Z] #42 attempt=1/2 status=200 0.303s url=https://www.myfonts.com/collections/groba-font-sensatype-studio/
[2026-07-31T09:12:53Z] #43 attempt=1/2 status=200 0.182s url=https://www.myfonts.com/collections/groba-font-sensatype-studio/?tab=techSpecs
[2026-07-31T09:12:53Z] #44 attempt=1/2 status=200 0.342s url=https://www.myfonts.com/products/regular-roya-1190618
[2026-07-31T09:12:54Z] #45 attempt=1/2 status=200 0.304s url=https://www.myfonts.com/collections/roya-font-morisco-studio/
[2026-07-31T09:12:54Z] #46 attempt=1/2 status=200 0.294s url=https://www.myfonts.com/collections/roya-font-morisco-studio/?tab=techSpecs
[2026-07-31T09:12:55Z] #47 attempt=1/2 status=200 0.282s url=https://www.myfonts.com/products/regular-ekusia-1190604
[2026-07-31T09:12:56Z] #48 attempt=1/2 status=200 0.292s url=https://www.myfonts.com/collections/ekusia-font-canden-meutuah/
[2026-07-31T09:12:56Z] #49 attempt=1/2 status=200 0.160s url=https://www.myfonts.com/collections/ekusia-font-canden-meutuah/?tab=techSpecs
[2026-07-31T09:12:57Z] #50 attempt=1/2 status=200 0.296s url=https://www.myfonts.com/products/regular-sinderfell-1190581
[2026-07-31T09:12:57Z] #51 attempt=1/2 status=200 0.304s url=https://www.myfonts.com/collections/sinderfell-font-hipfonts/
[2026-07-31T09:12:58Z] #52 attempt=1/2 status=200 0.164s url=https://www.myfonts.com/collections/sinderfell-font-hipfonts/?tab=techSpecs
[2026-07-31T09:12:59Z] #53 attempt=1/2 status=200 0.251s url=https://www.myfonts.com/products/regular-aroska-1190573
[2026-07-31T09:12:59Z] #54 attempt=1/2 status=200 0.293s url=https://www.myfonts.com/collections/aroska-font-sensatype-studio/
[2026-07-31T09:13:00Z] #55 attempt=1/2 status=200 0.168s url=https://www.myfonts.com/collections/aroska-font-sensatype-studio/?tab=techSpecs
[2026-07-31T09:13:00Z] #56 attempt=1/2 status=200 0.289s url=https://www.myfonts.com/products/regular-razorth-1190574
[2026-07-31T09:13:01Z] #57 attempt=1/2 status=200 0.323s url=https://www.myfonts.com/collections/razorth-font-denustudio/
[2026-07-31T09:13:01Z] #58 attempt=1/2 status=200 0.283s url=https://www.myfonts.com/collections/razorth-font-denustudio/?tab=techSpecs
[2026-07-31T09:13:02Z] #59 attempt=1/2 status=200 0.301s url=https://www.myfonts.com/products/regular-rasquin-1190554
[2026-07-31T09:13:03Z] #60 attempt=1/2 status=200 0.332s url=https://www.myfonts.com/collections/rasquin-font-rasio-studio/
[2026-07-31T09:13:03Z] #61 attempt=1/2 status=200 0.306s url=https://www.myfonts.com/collections/rasquin-font-rasio-studio/?tab=techSpecs
[2026-07-31T09:13:04Z] #62 attempt=1/2 status=200 0.327s url=https://www.myfonts.com/products/frisky-blow-complete-family-package-1190539
[2026-07-31T09:13:05Z] #63 attempt=1/2 status=200 0.335s url=https://www.myfonts.com/collections/frisky-blow-font-stylishtype-studio/
[2026-07-31T09:13:05Z] #64 attempt=1/2 status=200 0.337s url=https://www.myfonts.com/collections/frisky-blow-font-stylishtype-studio/?tab=techSpecs
[2026-07-31T09:13:07Z] #65 attempt=1/2 status=200 0.304s url=https://www.myfonts.com/products/nanduri-groovy-complete-family-package-1190536
[2026-07-31T09:13:07Z] #66 attempt=1/2 status=200 0.387s url=https://www.myfonts.com/collections/nanduri-groovy-font-mei-suseno/
[2026-07-31T09:13:08Z] #67 attempt=1/2 status=200 0.158s url=https://www.myfonts.com/collections/nanduri-groovy-font-mei-suseno/?tab=techSpecs
[2026-07-31T09:13:09Z] #68 attempt=1/2 status=200 0.321s url=https://www.myfonts.com/products/niblora-complete-family-package-1190533
[2026-07-31T09:13:09Z] #69 attempt=1/2 status=200 0.331s url=https://www.myfonts.com/collections/niblora-font-mei-suseno/
[2026-07-31T09:13:10Z] #70 attempt=1/2 status=200 0.357s url=https://www.myfonts.com/collections/niblora-font-mei-suseno/?tab=techSpecs
[2026-07-31T09:13:11Z] #71 attempt=1/2 status=200 0.293s url=https://www.myfonts.com/products/regular-cutepunch-1190531
[2026-07-31T09:13:11Z] #72 attempt=1/2 status=429 0.018s url=https://www.myfonts.com/collections/cutepunch-font-letterhanna-studio/
[2026-07-31T09:13:11Z] first_429 req=72 url=https://www.myfonts.com/collections/cutepunch-font-letterhanna-studio/
[2026-07-31T09:13:14Z] #73 attempt=2/2 status=200 0.328s url=https://www.myfonts.com/collections/cutepunch-font-letterhanna-studio/
[2026-07-31T09:13:14Z] #74 attempt=1/2 status=200 0.292s url=https://www.myfonts.com/products/regular-elorielle-1190532
[2026-07-31T09:13:15Z] #75 attempt=1/2 status=200 0.255s url=https://www.myfonts.com/collections/elorielle-font-letternesia-studio/
[2026-07-31T09:13:15Z] #76 attempt=1/2 status=429 0.019s url=https://www.myfonts.com/products/bysta-bangor-complete-family-package-1190495
[2026-07-31T09:13:18Z] #77 attempt=2/2 status=200 0.471s url=https://www.myfonts.com/products/bysta-bangor-complete-family-package-1190495
[2026-07-31T09:13:19Z] #78 attempt=1/2 status=200 0.624s url=https://www.myfonts.com/collections/bysta-bangor-font-agny-hasya-studio/
[2026-07-31T09:13:20Z] #79 attempt=1/2 status=200 1.196s url=https://www.myfonts.com/products/boldrion-complete-family-package-1190325
[2026-07-31T09:13:22Z] #80 attempt=1/2 status=200 1.816s url=https://www.myfonts.com/collections/boldrion-font-keren-studio/
[2026-07-31T09:13:23Z] #81 attempt=1/2 status=200 0.438s url=https://www.myfonts.com/products/cike-complete-family-package-1190314
[2026-07-31T09:13:24Z] #82 attempt=1/2 status=200 0.488s url=https://www.myfonts.com/collections/cike-font-casloop-studio/
[2026-07-31T09:13:25Z] #83 attempt=1/2 status=200 0.503s url=https://www.myfonts.com/products/italic-package-1190471
[2026-07-31T09:13:26Z] #84 attempt=1/2 status=200 0.547s url=https://www.myfonts.com/collections/galvero-font-vermilione/
[2026-07-31T09:13:26Z] #85 attempt=1/2 status=200 0.348s url=https://www.myfonts.com/products/jenyllah-complete-family-package-1190424
[2026-07-31T09:13:27Z] #86 attempt=1/2 status=200 0.365s url=https://www.myfonts.com/collections/jenyllah-font-typeclassheroes/
[2026-07-31T09:13:28Z] #87 attempt=1/2 status=200 0.328s url=https://www.myfonts.com/products/grobola-complete-family-package-1190258
[2026-07-31T09:13:28Z] #88 attempt=1/2 status=200 0.351s url=https://www.myfonts.com/collections/grobola-font-steptype/
[2026-07-31T09:13:28Z] #89 attempt=1/2 status=429 0.017s url=https://www.myfonts.com/products/neue-celso-complete-family-package-1190295
[2026-07-31T09:13:31Z] #90 attempt=2/2 status=200 0.906s url=https://www.myfonts.com/products/neue-celso-complete-family-package-1190295
[2026-07-31T09:13:33Z] #91 attempt=1/2 status=200 0.829s url=https://www.myfonts.com/collections/neue-celso-font-marvadesign/
[2026-07-31T09:13:33Z] #92 attempt=1/2 status=200 0.536s url=https://www.myfonts.com/products/trinalo-complete-family-package-1190420
[2026-07-31T09:13:34Z] #93 attempt=1/2 status=200 0.392s url=https://www.myfonts.com/collections/trinalo-font-agung-sudirman/
[2026-07-31T09:13:35Z] #94 attempt=1/2 status=200 0.333s url=https://www.myfonts.com/products/veloire-complete-family-package-1190255
[2026-07-31T09:13:35Z] #95 attempt=1/2 status=200 0.343s url=https://www.myfonts.com/collections/veloire-font-syauqi-studio/
[2026-07-31T09:13:36Z] #96 attempt=1/2 status=200 0.344s url=https://www.myfonts.com/products/faster-break-complete-family-package-1190275
[2026-07-31T09:13:36Z] #97 attempt=1/2 status=429 0.018s url=https://www.myfonts.com/collections/faster-break-font-collectype/
[2026-07-31T09:13:39Z] #98 attempt=2/2 status=200 0.509s url=https://www.myfonts.com/collections/faster-break-font-collectype/
[2026-07-31T09:13:40Z] #99 attempt=1/2 status=200 0.431s url=https://www.myfonts.com/products/bayside-stanleigh-complete-family-package-1190417
[2026-07-31T09:13:40Z] #100 attempt=1/2 status=200 0.427s url=https://www.myfonts.com/collections/bayside-stanleigh-font-cocodesign/
[2026-07-31T09:13:41Z] #101 attempt=1/2 status=200 0.305s url=https://www.myfonts.com/products/messy-angelic-complete-family-package-1190252
[2026-07-31T09:13:42Z] #102 attempt=1/2 status=200 0.539s url=https://www.myfonts.com/collections/messy-angelic-font-bale-type/
[2026-07-31T09:13:42Z] #103 attempt=1/2 status=200 0.434s url=https://www.myfonts.com/products/zerostrow-complete-family-package-1190450
[2026-07-31T09:13:43Z] #104 attempt=1/2 status=200 0.477s url=https://www.myfonts.com/collections/zerostrow-font-mei-suseno/
[2026-07-31T09:13:43Z] #105 attempt=1/2 status=429 0.018s url=https://www.myfonts.com/products/designer-stuff-package-1190294
[2026-07-31T09:13:46Z] #106 attempt=2/2 status=200 0.387s url=https://www.myfonts.com/products/designer-stuff-package-1190294
[2026-07-31T09:13:47Z] #107 attempt=1/2 status=200 0.443s url=https://www.myfonts.com/collections/gc-bigno-font-onyx-studio/
[2026-07-31T09:13:47Z] #108 attempt=1/2 status=200 0.328s url=https://www.myfonts.com/products/jangkrik-complete-family-package-1190491
[2026-07-31T09:13:48Z] #109 attempt=1/2 status=200 0.380s url=https://www.myfonts.com/collections/jangkrik-font-agung-sudirman/
[2026-07-31T09:13:48Z] #110 attempt=1/6 status=429 0.019s url=https://www.myfonts.com/products.json?limit=100&page=2
[2026-07-31T09:13:52Z] #111 attempt=2/6 status=200 0.863s url=https://www.myfonts.com/products.json?limit=100&page=2
[2026-07-31T09:13:52Z] #112 attempt=1/2 status=200 0.445s url=https://www.myfonts.com/products/hona-rounded-complete-family-package-1190242
[2026-07-31T09:13:53Z] #113 attempt=1/2 status=200 0.380s url=https://www.myfonts.com/collections/hona-rounded-font-habitype/
[2026-07-31T09:13:54Z] #114 attempt=1/2 status=200 0.362s url=https://www.myfonts.com/products/kalenor-ox-complete-family-package-1190264
[2026-07-31T09:13:54Z] #115 attempt=1/2 status=200 0.509s url=https://www.myfonts.com/collections/kalenor-ox-font-product-type/
[2026-07-31T09:13:55Z] #116 attempt=1/2 status=200 0.322s url=https://www.myfonts.com/products/thamathsya-calligraphy-complete-family-package-1190447
[2026-07-31T09:13:56Z] #117 attempt=1/2 status=200 0.303s url=https://www.myfonts.com/collections/thamathsya-calligraphy-font-shape-studio/
[2026-07-31T09:13:56Z] #118 attempt=1/2 status=200 0.309s url=https://www.myfonts.com/products/anmer-complete-family-package-1190487
[2026-07-31T09:13:56Z] #119 attempt=1/2 status=429 0.020s url=https://www.myfonts.com/collections/anmer-font-hishand-studio/
[2026-07-31T09:13:59Z] #120 attempt=2/2 status=200 0.366s url=https://www.myfonts.com/collections/anmer-font-hishand-studio/
[2026-07-31T09:14:00Z] #121 attempt=1/2 status=200 0.308s url=https://www.myfonts.com/products/hexitags-complete-family-package-1190237
[2026-07-31T09:14:00Z] #122 attempt=1/2 status=200 0.414s url=https://www.myfonts.com/collections/hexitags-font-sipanji21/
[2026-07-31T09:14:01Z] #123 attempt=1/2 status=200 0.330s url=https://www.myfonts.com/products/moosy-complete-family-package-1190261
[2026-07-31T09:14:01Z] #124 attempt=1/2 status=429 0.023s url=https://www.myfonts.com/collections/moosy-font-ethylene/
[2026-07-31T09:14:04Z] #125 attempt=2/2 status=200 0.359s url=https://www.myfonts.com/collections/moosy-font-ethylene/
[2026-07-31T09:14:05Z] #126 attempt=1/2 status=200 0.531s url=https://www.myfonts.com/products/stem-complete-family-package-1190440
[2026-07-31T09:14:05Z] #127 attempt=1/2 status=200 0.540s url=https://www.myfonts.com/collections/stem-font-paratype/
[2026-07-31T09:14:06Z] #128 attempt=1/2 status=200 0.321s url=https://www.myfonts.com/products/pearline-complete-family-package-1190474
[2026-07-31T09:14:07Z] #129 attempt=1/2 status=200 0.345s url=https://www.myfonts.com/collections/pearline-font-lemonthe/
[2026-07-31T09:14:07Z] #130 attempt=1/2 status=200 0.319s url=https://www.myfonts.com/products/hangthing-rounded-complete-family-package-1190280
[2026-07-31T09:14:07Z] #131 attempt=1/2 status=429 0.021s url=https://www.myfonts.com/collections/hangthing-rounded-font-fikryal/
[2026-07-31T09:14:10Z] #132 attempt=2/2 status=200 0.378s url=https://www.myfonts.com/collections/hangthing-rounded-font-fikryal/
[2026-07-31T09:14:11Z] #133 attempt=1/2 status=200 1.095s url=https://www.myfonts.com/products/eurostile-next-complete-family-package-1190213
[2026-07-31T09:14:13Z] #134 attempt=1/2 status=200 1.564s url=https://www.myfonts.com/collections/eurostile-next-font-linotype/
[2026-07-31T09:14:14Z] #135 attempt=1/2 status=200 0.282s url=https://www.myfonts.com/products/regular-norveil-fantasy-1190279
[2026-07-31T09:14:14Z] #136 attempt=1/2 status=200 0.270s url=https://www.myfonts.com/collections/norveil-fantasy-font-letterhend/
[2026-07-31T09:14:15Z] #137 attempt=1/2 status=200 0.322s url=https://www.myfonts.com/products/regular-urban-chunk-1190324
[2026-07-31T09:14:16Z] #138 attempt=1/2 status=200 0.333s url=https://www.myfonts.com/collections/urban-chunk-font-sipanji21/
[2026-07-31T09:14:17Z] #139 attempt=1/6 status=200 0.891s url=https://www.myfonts.com/products.json?limit=100&page=3
[2026-07-31T09:14:18Z] #140 attempt=1/2 status=200 0.309s url=https://www.myfonts.com/products/regular-makura-1190251
[2026-07-31T09:14:18Z] #141 attempt=1/2 status=200 0.356s url=https://www.myfonts.com/collections/makura-font-heinzel-std/
[2026-07-31T09:14:19Z] #142 attempt=1/2 status=200 0.296s url=https://www.myfonts.com/products/regular-bettie-quincy-1190423
[2026-07-31T09:14:19Z] #143 attempt=1/2 status=200 0.284s url=https://www.myfonts.com/collections/bettie-quincy-font-super-dust/
[2026-07-31T09:14:20Z] #144 attempt=1/2 status=200 0.309s url=https://www.myfonts.com/products/regular-maglicta-1190241
[2026-07-31T09:14:20Z] #145 attempt=1/2 status=429 0.021s url=https://www.myfonts.com/collections/maglicta-font-flawlessandco/
[2026-07-31T09:14:23Z] #146 attempt=2/2 status=200 0.340s url=https://www.myfonts.com/collections/maglicta-font-flawlessandco/
[2026-07-31T09:14:23Z] #147 attempt=1/2 status=200 0.295s url=https://www.myfonts.com/products/regular-maltique-1190240
[2026-07-31T09:14:24Z] #148 attempt=1/2 status=200 0.329s url=https://www.myfonts.com/collections/maltique-font-azzam-ridhamalik/
[2026-07-31T09:14:25Z] #149 attempt=1/6 status=200 1.102s url=https://www.myfonts.com/products.json?limit=100&page=4
[2026-07-31T09:14:26Z] #150 attempt=1/2 status=200 0.292s url=https://www.myfonts.com/products/press-notte-del-cobra-667-1190236
[2026-07-31T09:14:27Z] #151 attempt=1/2 status=200 0.357s url=https://www.myfonts.com/collections/notte-del-cobra-667-font-remedy667/
[2026-07-31T09:14:27Z] #152 attempt=1/2 status=200 0.320s url=https://www.myfonts.com/products/dlowi-complete-family-package-1173806
[2026-07-31T09:14:27Z] #153 attempt=1/2 status=429 0.022s url=https://www.myfonts.com/collections/dlowi-font-marvadesign/
[2026-07-31T09:14:30Z] #154 attempt=2/2 status=200 0.378s url=https://www.myfonts.com/collections/dlowi-font-marvadesign/
[2026-07-31T09:14:31Z] #155 attempt=1/2 status=200 0.287s url=https://www.myfonts.com/products/regular-mosswick-1190485
[2026-07-31T09:14:31Z] #156 attempt=1/2 status=200 0.419s url=https://www.myfonts.com/collections/mosswick-font-hipfonts/
[2026-07-31T09:14:32Z] #157 attempt=1/2 status=200 0.362s url=https://www.myfonts.com/products/regular-breezy-formal-1190484
[2026-07-31T09:14:32Z] #158 attempt=1/2 status=200 0.362s url=https://www.myfonts.com/collections/breezy-formal-font-hipfonts/
[2026-07-31T09:14:33Z] #159 attempt=1/2 status=200 0.292s url=https://www.myfonts.com/products/regular-drafting-table-1190483
[2026-07-31T09:14:33Z] #160 attempt=1/2 status=429 0.028s url=https://www.myfonts.com/collections/drafting-table-font-hipfonts/
[2026-07-31T09:14:36Z] #161 attempt=2/2 status=200 0.319s url=https://www.myfonts.com/collections/drafting-table-font-hipfonts/
[2026-07-31T09:14:36Z] #162 attempt=1/2 status=200 0.308s url=https://www.myfonts.com/products/regular-daxler-1190473
[2026-07-31T09:14:37Z] #163 attempt=1/2 status=200 0.347s url=https://www.myfonts.com/collections/daxler-font-typeagle/
[2026-07-31T09:14:38Z] #164 attempt=1/2 status=200 0.301s url=https://www.myfonts.com/products/regular-mideltank-1190472
[2026-07-31T09:14:38Z] #165 attempt=1/2 status=200 0.296s url=https://www.myfonts.com/collections/mideltank-font-madhaline-studio/
[2026-07-31T09:14:38Z] #166 attempt=1/2 status=429 0.021s url=https://www.myfonts.com/products/regular-quirky-daily-1190486
[2026-07-31T09:14:41Z] #167 attempt=2/2 status=200 0.505s url=https://www.myfonts.com/products/regular-quirky-daily-1190486
[2026-07-31T09:14:42Z] #168 attempt=1/2 status=200 0.340s url=https://www.myfonts.com/collections/quirky-daily-font-claymoon-lab-studio/
[2026-07-31T09:14:42Z] #169 attempt=1/2 status=200 0.279s url=https://www.myfonts.com/products/regular-bronxoz-1190479
[2026-07-31T09:14:43Z] #170 attempt=1/2 status=200 0.294s url=https://www.myfonts.com/collections/bronxoz-font-typeagle/
[2026-07-31T09:14:43Z] #171 attempt=1/2 status=200 0.307s url=https://www.myfonts.com/products/regular-clovyz-1190478
[2026-07-31T09:14:44Z] #172 attempt=1/2 status=200 0.306s url=https://www.myfonts.com/collections/clovyz-font-typeagle/
[2026-07-31T09:14:44Z] #173 attempt=1/2 status=429 0.019s url=https://www.myfonts.com/products/t-regular-condensed-italic-eurostile-332636
[2026-07-31T09:14:47Z] #174 attempt=2/2 status=200 0.435s url=https://www.myfonts.com/products/t-regular-condensed-italic-eurostile-332636
[2026-07-31T09:14:48Z] #175 attempt=1/2 status=200 0.983s url=https://www.myfonts.com/collections/eurostile-font-urw/
[2026-07-31T09:14:49Z] #176 attempt=1/2 status=200 0.557s url=https://www.myfonts.com/products/angusta-complete-family-package-1190427
[2026-07-31T09:14:50Z] #177 attempt=1/2 status=200 0.427s url=https://www.myfonts.com/collections/angusta-font-the-northern-block/
[2026-07-31T09:14:50Z] #178 attempt=1/2 status=200 0.334s url=https://www.myfonts.com/products/regular-karmina-1187975
[2026-07-31T09:14:51Z] #179 attempt=1/2 status=200 0.351s url=https://www.myfonts.com/collections/karmina-font-type-together/
[2026-07-31T09:14:52Z] #180 attempt=1/2 status=200 0.579s url=https://www.myfonts.com/products/binetra-complete-family-package-1190214
[2026-07-31T09:14:53Z] #181 attempt=1/2 status=200 0.620s url=https://www.myfonts.com/collections/binetra-font-ridtype/
[2026-07-31T09:14:53Z] #182 attempt=1/2 status=200 0.279s url=https://www.myfonts.com/products/bread-and-crush-subpackage-package-1189998
[2026-07-31T09:14:53Z] #183 attempt=1/2 status=429 0.020s url=https://www.myfonts.com/collections/bread-and-crush-font-dhanstudio/
[2026-07-31T09:14:56Z] #184 attempt=2/2 status=200 0.396s url=https://www.myfonts.com/collections/bread-and-crush-font-dhanstudio/
[2026-07-31T09:14:57Z] #185 attempt=1/2 status=200 0.304s url=https://www.myfonts.com/products/poffin-pops-complete-family-package-1190120
[2026-07-31T09:14:57Z] #186 attempt=1/2 status=200 0.337s url=https://www.myfonts.com/collections/poffin-pops-font-letterytz/
[2026-07-31T09:14:58Z] #187 attempt=1/2 status=200 0.437s url=https://www.myfonts.com/products/mesagni-mono-complete-family-package-1190165
[2026-07-31T09:14:59Z] #188 attempt=1/2 status=200 0.571s url=https://www.myfonts.com/collections/mesagni-mono-font-onje-studio/
[2026-07-31T09:14:59Z] #189 attempt=1/2 status=200 0.300s url=https://www.myfonts.com/products/toxic-riot-complete-family-package-1190209
[2026-07-31T09:15:00Z] #190 attempt=1/2 status=429 0.021s url=https://www.myfonts.com/collections/toxic-riot-font-sipanji21/
[2026-07-31T09:15:02Z] #191 attempt=2/2 status=200 0.420s url=https://www.myfonts.com/collections/toxic-riot-font-sipanji21/
[2026-07-31T09:15:03Z] #192 attempt=1/2 status=200 0.331s url=https://www.myfonts.com/products/kaude-deso-complete-family-package-1190114
[2026-07-31T09:15:03Z] #193 attempt=1/2 status=200 0.350s url=https://www.myfonts.com/collections/kaude-deso-font-mei-suseno/
[2026-07-31T09:15:05Z] #194 attempt=1/2 status=200 1.089s url=https://www.myfonts.com/products/gatron-complete-family-package-1190026
[2026-07-31T09:15:06Z] #195 attempt=1/2 status=200 1.217s url=https://www.myfonts.com/collections/gatron-font-kaidosan/
[2026-07-31T09:15:07Z] #196 attempt=1/2 status=200 0.294s url=https://www.myfonts.com/products/cholice-complete-family-package-1190124
[2026-07-31T09:15:08Z] #197 attempt=1/2 status=200 0.323s url=https://www.myfonts.com/collections/cholice-font-comactype-foundry/
[2026-07-31T09:15:08Z] #198 attempt=1/2 status=200 0.353s url=https://www.myfonts.com/products/alyssia-complete-family-package-1190117
[2026-07-31T09:15:08Z] #199 attempt=1/2 status=429 0.019s url=https://www.myfonts.com/collections/alyssia-font-asbill-studio/
[2026-07-31T09:15:11Z] #200 attempt=2/2 status=200 0.435s url=https://www.myfonts.com/collections/alyssia-font-asbill-studio/
[2026-07-31T09:15:12Z] #201 attempt=1/2 status=200 0.447s url=https://www.myfonts.com/products/animetry-complete-family-package-1189911
[2026-07-31T09:15:13Z] #202 attempt=1/2 status=200 0.700s url=https://www.myfonts.com/collections/animetry-font-syntype/
[2026-07-31T09:15:14Z] #203 attempt=1/2 status=200 0.465s url=https://www.myfonts.com/products/kreol-headline-complete-family-package-1188909
[2026-07-31T09:15:14Z] #204 attempt=1/2 status=200 0.515s url=https://www.myfonts.com/collections/kreol-standard-font-rene-bieder/
[2026-07-31T09:15:15Z] #205 attempt=1/2 status=200 0.479s url=https://www.myfonts.com/products/bernadete-basic-package-1190018
[2026-07-31T09:15:16Z] #206 attempt=1/2 status=200 0.739s url=https://www.myfonts.com/collections/bernadete-font-gravitacional/
[2026-07-31T09:15:17Z] #207 attempt=1/2 status=200 0.333s url=https://www.myfonts.com/products/dnpshueigokin-complete-family-package-1189976
[2026-07-31T09:15:17Z] #208 attempt=1/2 status=200 0.334s url=https://www.myfonts.com/collections/dnpshueigokin-font-dnp/
[2026-07-31T09:15:18Z] #209 attempt=1/2 status=200 0.319s url=https://www.myfonts.com/collections/dnpshueigokin-font-dnp/
[2026-07-31T09:15:18Z] #210 attempt=1/2 status=429 0.018s url=https://www.myfonts.com/products/dnpshueimgo-complete-family-package-1189980
[2026-07-31T09:15:21Z] #211 attempt=2/2 status=200 0.417s url=https://www.myfonts.com/products/dnpshueimgo-complete-family-package-1189980
[2026-07-31T09:15:21Z] #212 attempt=1/2 status=200 0.340s url=https://www.myfonts.com/collections/dnpshueimgo-font-dnp/
[2026-07-31T09:15:22Z] #213 attempt=1/2 status=200 0.320s url=https://www.myfonts.com/collections/dnpshueimgo-font-dnp/
[2026-07-31T09:15:23Z] #214 attempt=1/2 status=200 0.480s url=https://www.myfonts.com/products/montase-mono-complete-family-package-1190182
[2026-07-31T09:15:24Z] #215 attempt=1/2 status=200 0.679s url=https://www.myfonts.com/collections/montase-mono-font-the-native-saint-club/
[2026-07-31T09:15:24Z] #216 attempt=1/2 status=200 0.389s url=https://www.myfonts.com/products/febriana-complete-family-package-1186594
[2026-07-31T09:15:25Z] #217 attempt=1/2 status=200 0.472s url=https://www.myfonts.com/collections/febriana-font-shape-studio/
[2026-07-31T09:15:26Z] #218 attempt=1/2 status=200 0.336s url=https://www.myfonts.com/products/hunter-velocity-complete-family-package-1190023
[2026-07-31T09:15:26Z] #219 attempt=1/2 status=429 0.020s url=https://www.myfonts.com/collections/hunter-velocity-font-yoga-letter/
[2026-07-31T09:15:29Z] #220 attempt=2/2 status=200 0.432s url=https://www.myfonts.com/collections/hunter-velocity-font-yoga-letter/
[2026-07-31T09:15:29Z] #221 attempt=1/2 status=200 0.334s url=https://www.myfonts.com/products/morglitch-complete-family-package-1190178
[2026-07-31T09:15:30Z] #222 attempt=1/2 status=200 0.383s url=https://www.myfonts.com/collections/morglitch-font-tini-fitriani/
[2026-07-31T09:15:30Z] #223 attempt=1/2 status=200 0.335s url=https://www.myfonts.com/products/dnpshueigogin-complete-family-package-1189972
[2026-07-31T09:15:31Z] #224 attempt=1/2 status=200 0.323s url=https://www.myfonts.com/collections/dnpshueigogin-font-dnp/
[2026-07-31T09:15:31Z] #225 attempt=1/2 status=429 0.017s url=https://www.myfonts.com/collections/dnpshueigogin-font-dnp/
[2026-07-31T09:15:34Z] #226 attempt=2/2 status=200 0.358s url=https://www.myfonts.com/collections/dnpshueigogin-font-dnp/
[2026-07-31T09:15:35Z] #227 attempt=1/2 status=200 0.389s url=https://www.myfonts.com/products/dnpshueimin-complete-family-package-1189983
[2026-07-31T09:15:35Z] #228 attempt=1/2 status=200 0.366s url=https://www.myfonts.com/collections/dnpshueimin-font-dnp/
[2026-07-31T09:15:36Z] #229 attempt=1/2 status=200 0.338s url=https://www.myfonts.com/collections/dnpshueimin-font-dnp/
[2026-07-31T09:15:36Z] #230 attempt=1/2 status=200 0.305s url=https://www.myfonts.com/products/apresto-complete-family-package-1190020
[2026-07-31T09:15:37Z] #231 attempt=1/2 status=200 0.382s url=https://www.myfonts.com/collections/apresto-font-font-liner/
[2026-07-31T09:15:37Z] #232 attempt=1/2 status=429 0.018s url=https://www.myfonts.com/products/valkor-complete-family-package-1190127
[2026-07-31T09:15:40Z] #233 attempt=2/2 status=200 0.704s url=https://www.myfonts.com/products/valkor-complete-family-package-1190127
[2026-07-31T09:15:41Z] #234 attempt=1/2 status=200 0.764s url=https://www.myfonts.com/collections/valkor-font-qiubare-studio/
[2026-07-31T09:15:42Z] #235 attempt=1/2 status=200 0.618s url=https://www.myfonts.com/products/regular-dnpshueianti-1189987
[2026-07-31T09:15:43Z] #236 attempt=1/2 status=200 0.343s url=https://www.myfonts.com/collections/dnpshueianti-font-dnp/
[2026-07-31T09:15:43Z] #237 attempt=1/2 status=200 0.356s url=https://www.myfonts.com/collections/dnpshueianti-font-dnp/
[2026-07-31T09:15:44Z] #238 attempt=1/2 status=200 0.273s url=https://www.myfonts.com/products/regular-airexy-1190212
[2026-07-31T09:15:44Z] #239 attempt=1/2 status=200 0.398s url=https://www.myfonts.com/collections/airexy-font-typeagle/
[2026-07-31T09:15:45Z] #240 attempt=1/2 status=200 0.380s url=https://www.myfonts.com/products/regular-dnpshueishogomin-1189970
[2026-07-31T09:15:45Z] #241 attempt=1/2 status=429 0.019s url=https://www.myfonts.com/collections/dnpshueishogomin-font-dnp/
[2026-07-31T09:15:48Z] #242 attempt=2/2 status=200 0.329s url=https://www.myfonts.com/collections/dnpshueishogomin-font-dnp/
[2026-07-31T09:15:48Z] #243 attempt=1/2 status=200 0.159s url=https://www.myfonts.com/collections/dnpshueishogomin-font-dnp/
[2026-07-31T09:15:50Z] #244 attempt=1/6 status=200 0.852s url=https://www.myfonts.com/products.json?limit=100&page=5
[2026-07-31T09:15:50Z] #245 attempt=1/2 status=200 0.358s url=https://www.myfonts.com/products/regular-aoboba-nizer-1190200
[2026-07-31T09:15:51Z] #246 attempt=1/2 status=200 0.286s url=https://www.myfonts.com/collections/aoboba-nizer-font-product-type/
[2026-07-31T09:15:51Z] #247 attempt=1/2 status=200 0.298s url=https://www.myfonts.com/products/regular-lenbach-1187896
[2026-07-31T09:15:52Z] #248 attempt=1/2 status=200 0.300s url=https://www.myfonts.com/collections/lenbach-font-rmu/
[2026-07-31T09:15:52Z] #249 attempt=1/2 status=429 0.018s url=https://www.myfonts.com/products/regular-belisse-1190123
[2026-07-31T09:15:55Z] #250 attempt=2/2 status=200 0.350s url=https://www.myfonts.com/products/regular-belisse-1190123
[2026-07-31T09:15:55Z] #251 attempt=1/2 status=200 0.295s url=https://www.myfonts.com/collections/belisse-font-omzen-type/
[2026-07-31T09:15:57Z] #252 attempt=1/6 status=200 0.907s url=https://www.myfonts.com/products.json?limit=100&page=6
[2026-07-31T09:15:57Z] #253 attempt=1/2 status=200 0.279s url=https://www.myfonts.com/products/regular-dirhamond-1190181
[2026-07-31T09:15:58Z] #254 attempt=1/2 status=200 0.300s url=https://www.myfonts.com/collections/dirhamond-font-hazztype/
[2026-07-31T09:15:58Z] #255 attempt=1/2 status=200 0.282s url=https://www.myfonts.com/products/regular-arox-1190208
[2026-07-31T09:15:59Z] #256 attempt=1/2 status=200 0.291s url=https://www.myfonts.com/collections/arox-font-typeagle/
[2026-07-31T09:15:59Z] #257 attempt=1/2 status=429 0.019s url=https://www.myfonts.com/products/regular-batikaya-1190207
[2026-07-31T09:16:02Z] #258 attempt=2/2 status=200 0.382s url=https://www.myfonts.com/products/regular-batikaya-1190207
[2026-07-31T09:16:02Z] #259 attempt=1/2 status=200 0.291s url=https://www.myfonts.com/collections/batikaya-font-letterhanna-studio/
[2026-07-31T09:16:03Z] #260 attempt=1/2 status=200 0.291s url=https://www.myfonts.com/products/regular-yureliya-1190206
[2026-07-31T09:16:03Z] #261 attempt=1/2 status=200 0.308s url=https://www.myfonts.com/collections/yureliya-font-tini-fitriani/
[2026-07-31T09:16:04Z] #262 attempt=1/2 status=200 0.268s url=https://www.myfonts.com/products/regular-cassaje-1190205
[2026-07-31T09:16:04Z] #263 attempt=1/2 status=429 0.019s url=https://www.myfonts.com/collections/cassaje-font-casloop-studio/
[2026-07-31T09:16:07Z] #264 attempt=2/2 status=200 0.305s url=https://www.myfonts.com/collections/cassaje-font-casloop-studio/
[2026-07-31T09:16:07Z] #265 attempt=1/2 status=200 0.279s url=https://www.myfonts.com/products/regular-dnpshuei4go-1189971
[2026-07-31T09:16:08Z] #266 attempt=1/2 status=200 0.293s url=https://www.myfonts.com/collections/dnpshuei4go-font-dnp/
[2026-07-31T09:16:08Z] #267 attempt=1/2 status=200 0.300s url=https://www.myfonts.com/collections/dnpshuei4go-font-dnp/
[2026-07-31T09:16:10Z] #268 attempt=1/6 status=200 1.049s url=https://www.myfonts.com/products.json?limit=100&page=7
[2026-07-31T09:16:10Z] #269 attempt=1/2 status=200 0.290s url=https://www.myfonts.com/products/regular-heckybrave-1190204
[2026-07-31T09:16:11Z] #270 attempt=1/2 status=200 0.265s url=https://www.myfonts.com/collections/heckybrave-font-product-type/
[2026-07-31T09:16:11Z] #271 attempt=1/2 status=429 0.018s url=https://www.myfonts.com/products/regular-brixer-1190138
[2026-07-31T09:16:14Z] #272 attempt=2/2 status=200 0.293s url=https://www.myfonts.com/products/regular-brixer-1190138
[2026-07-31T09:16:14Z] #273 attempt=1/2 status=200 0.250s url=https://www.myfonts.com/collections/brixer-font-typeagle/
[2026-07-31T09:16:15Z] #274 attempt=1/2 status=200 0.278s url=https://www.myfonts.com/products/regular-kilmoyley-1190113
[2026-07-31T09:16:15Z] #275 attempt=1/2 status=200 0.349s url=https://www.myfonts.com/collections/kilmoyley-font-monolimes/
[2026-07-31T09:16:16Z] #276 attempt=1/2 status=200 0.287s url=https://www.myfonts.com/products/regular-aljawhara-1190112
[2026-07-31T09:16:16Z] #277 attempt=1/2 status=429 0.021s url=https://www.myfonts.com/collections/aljawhara-font-eisa-aleisa/
[2026-07-31T09:16:19Z] #278 attempt=2/2 status=200 0.348s url=https://www.myfonts.com/collections/aljawhara-font-eisa-aleisa/
[2026-07-31T09:16:19Z] #279 attempt=1/2 status=200 0.257s url=https://www.myfonts.com/products/regular-butterffins-1190019
[2026-07-31T09:16:20Z] #280 attempt=1/2 status=200 0.289s url=https://www.myfonts.com/collections/butterffins-font-realtype/
[2026-07-31T09:16:21Z] #281 attempt=1/2 status=200 0.848s url=https://www.myfonts.com/products/brush-fonts-bundle-package-948957
[2026-07-31T09:16:21Z] #282 attempt=1/2 status=404 0.256s url=https://www.myfonts.com/collections/brush-fonts-bundle-font-dhan-studio
[2026-07-31T09:16:22Z] #283 attempt=1/2 status=200 0.344s url=https://www.myfonts.com/products/soleil-complete-family-package-1189952
[2026-07-31T09:16:22Z] #284 attempt=1/2 status=429 0.020s url=https://www.myfonts.com/collections/soleil-font-type-together/
[2026-07-31T09:16:25Z] #285 attempt=2/2 status=200 0.634s url=https://www.myfonts.com/collections/soleil-font-type-together/
[2026-07-31T09:16:26Z] #286 attempt=1/2 status=200 0.325s url=https://www.myfonts.com/products/regular-turtleiq-1189997
[2026-07-31T09:16:26Z] #287 attempt=1/2 status=200 0.293s url=https://www.myfonts.com/collections/turtleiq-font-qira/
[2026-07-31T09:16:27Z] #288 attempt=1/2 status=200 0.551s url=https://www.myfonts.com/products/ebony-complete-family-package-1189930
[2026-07-31T09:16:28Z] #289 attempt=1/2 status=200 0.515s url=https://www.myfonts.com/collections/ebony-font-type-together/
[2026-07-31T09:16:29Z] #290 attempt=1/2 status=200 0.481s url=https://www.myfonts.com/products/gameness-complete-family-package-1189892
[2026-07-31T09:16:30Z] #291 attempt=1/2 status=200 0.646s url=https://www.myfonts.com/collections/gameness-font-typodermic/
[2026-07-31T09:16:30Z] #292 attempt=1/2 status=200 0.314s url=https://www.myfonts.com/products/variable-m-xianghe-hei-sc-pro-variable-1189949
[2026-07-31T09:16:30Z] #293 attempt=1/2 status=429 0.107s url=https://www.myfonts.com/collections/m-xianghe-hei-sc-pro-variable-font-monotype-imaging/
[2026-07-31T09:16:33Z] #294 attempt=2/2 status=200 0.431s url=https://www.myfonts.com/collections/m-xianghe-hei-sc-pro-variable-font-monotype-imaging/
[2026-07-31T09:16:34Z] #295 attempt=1/2 status=200 0.307s url=https://www.myfonts.com/products/variable-m-xianghe-hei-sc-std-variable-1189950
[2026-07-31T09:16:34Z] #296 attempt=1/2 status=200 0.382s url=https://www.myfonts.com/collections/m-xianghe-hei-sc-std-variable-font-monotype-imaging/
[2026-07-31T09:16:35Z] #297 attempt=1/2 status=200 0.286s url=https://www.myfonts.com/products/variable-m-xianghe-hei-tc-variable-1189951
[2026-07-31T09:16:35Z] #298 attempt=1/2 status=200 0.312s url=https://www.myfonts.com/collections/m-xianghe-hei-tc-variable-font-monotype-imaging/
[2026-07-31T09:16:37Z] #299 attempt=1/6 status=200 0.977s url=https://www.myfonts.com/products.json?limit=100&page=8
[2026-07-31T09:16:37Z] #300 attempt=1/2 status=200 0.262s url=https://www.myfonts.com/products/bold-sangestan-1187490
[2026-07-31T09:16:38Z] #301 attempt=1/2 status=200 0.356s url=https://www.myfonts.com/collections/sangestan-font-si47ash-fonts/
[2026-07-31T09:16:38Z] #302 attempt=1/2 status=429 0.017s url=https://www.myfonts.com/products/seloria-complete-family-package-1188228
[2026-07-31T09:16:41Z] #303 attempt=2/2 status=200 0.404s url=https://www.myfonts.com/products/seloria-complete-family-package-1188228
[2026-07-31T09:16:42Z] #304 attempt=1/2 status=200 0.449s url=https://www.myfonts.com/collections/seloria-font-cocodesign/
[2026-07-31T09:16:42Z] #305 attempt=1/2 status=200 0.410s url=https://www.myfonts.com/products/wemberly-complete-family-package-1188218
[2026-07-31T09:16:43Z] #306 attempt=1/2 status=200 0.363s url=https://www.myfonts.com/collections/wemberly-font-muksal-creatives/
[2026-07-31T09:16:44Z] #307 attempt=1/2 status=200 0.337s url=https://www.myfonts.com/products/universal-pica-complete-family-package-1188185
[2026-07-31T09:16:44Z] #308 attempt=1/2 status=200 0.416s url=https://www.myfonts.com/collections/universal-pica-font-tension-type/
[2026-07-31T09:16:44Z] #309 attempt=1/2 status=429 0.018s url=https://www.myfonts.com/products/hallow-zombies-complete-family-package-1188213
[2026-07-31T09:16:47Z] #310 attempt=2/2 status=200 0.358s url=https://www.myfonts.com/products/hallow-zombies-complete-family-package-1188213
[2026-07-31T09:16:48Z] #311 attempt=1/2 status=200 0.349s url=https://www.myfonts.com/collections/hallow-zombies-font-ahweproject/
[2026-07-31T09:16:48Z] #312 attempt=1/2 status=200 0.352s url=https://www.myfonts.com/products/sf-muhammad-neo-complete-family-package-1188161
[2026-07-31T09:16:49Z] #313 attempt=1/2 status=200 0.400s url=https://www.myfonts.com/collections/sf-muhammad-neo-font-sultan-fonts/
[2026-07-31T09:16:50Z] #314 attempt=1/2 status=200 0.329s url=https://www.myfonts.com/products/very-nice-flavor-complete-family-package-1187581
[2026-07-31T09:16:50Z] #315 attempt=1/2 status=200 0.333s url=https://www.myfonts.com/collections/very-nice-flavor-font-struggle-studio/
[2026-07-31T09:16:50Z] #316 attempt=1/2 status=429 0.017s url=https://www.myfonts.com/products/sampl-extended-pack-package-1185923
[2026-07-31T09:16:54Z] #317 attempt=2/2 status=200 1.132s url=https://www.myfonts.com/products/sampl-extended-pack-package-1185923
[2026-07-31T09:16:56Z] #318 attempt=1/2 status=200 1.970s url=https://www.myfonts.com/collections/sampl-font-par-dfaut/
[2026-07-31T09:16:57Z] #319 attempt=1/2 status=200 0.315s url=https://www.myfonts.com/products/garamond-now-variable-complete-family-package-1189856
[2026-07-31T09:16:58Z] #320 attempt=1/2 status=200 0.460s url=https://www.myfonts.com/collections/garamond-now-variable-font-monotype-imaging/
[2026-07-31T09:16:58Z] #321 attempt=1/2 status=200 0.291s url=https://www.myfonts.com/products/nostalgia-riviera-complete-family-package-1187573
[2026-07-31T09:16:59Z] #322 attempt=1/2 status=200 0.323s url=https://www.myfonts.com/collections/nostalgia-riviera-font-tini-fitriani/
[2026-07-31T09:17:00Z] #323 attempt=1/2 status=200 0.339s url=https://www.myfonts.com/products/orvella-complete-family-package-1189847
[2026-07-31T09:17:00Z] #324 attempt=1/2 status=200 0.369s url=https://www.myfonts.com/collections/orvella-font-marvadesign/
[2026-07-31T09:17:01Z] #325 attempt=1/2 status=200 0.562s url=https://www.myfonts.com/products/basic-set-package-1188828
[2026-07-31T09:17:02Z] #326 attempt=1/2 status=200 0.829s url=https://www.myfonts.com/collections/ac-texto-pro-font-antoine-crama/
[2026-07-31T09:17:03Z] #327 attempt=1/2 status=200 0.339s url=https://www.myfonts.com/products/delmast-complete-family-package-1188137
[2026-07-31T09:17:03Z] #328 attempt=1/2 status=200 0.323s url=https://www.myfonts.com/collections/delmast-font-agung-sudirman/
[2026-07-31T09:17:04Z] #329 attempt=1/2 status=200 0.417s url=https://www.myfonts.com/products/hona-complete-family-package-1187559
[2026-07-31T09:17:04Z] #330 attempt=1/2 status=429 0.021s url=https://www.myfonts.com/collections/hona-font-habitype/
[2026-07-31T09:17:07Z] #331 attempt=2/2 status=200 0.485s url=https://www.myfonts.com/collections/hona-font-habitype/
[2026-07-31T09:17:08Z] #332 attempt=1/2 status=200 0.727s url=https://www.myfonts.com/products/pragmatica-next-extended-package-package-1186470
[2026-07-31T09:17:10Z] #333 attempt=1/2 status=200 2.087s url=https://www.myfonts.com/collections/pragmatica-next-font-paratype/
[2026-07-31T09:17:12Z] #334 attempt=1/2 status=200 0.339s url=https://www.myfonts.com/products/beach-vista-complete-family-package-1188210
[2026-07-31T09:17:12Z] #335 attempt=1/2 status=200 0.324s url=https://www.myfonts.com/collections/beach-vista-font-stylishtype-studio/
[2026-07-31T09:17:13Z] #336 attempt=1/2 status=200 0.335s url=https://www.myfonts.com/products/palm-haven-complete-family-package-1187540
[2026-07-31T09:17:13Z] #337 attempt=1/2 status=200 0.351s url=https://www.myfonts.com/collections/palm-haven-font-amorfa-type/
[2026-07-31T09:17:14Z] #338 attempt=1/2 status=200 0.382s url=https://www.myfonts.com/products/summertime-tropicalside-complete-family-package-1189843
[2026-07-31T09:17:15Z] #339 attempt=1/2 status=200 0.372s url=https://www.myfonts.com/collections/summertime-tropicalside-font-get-studio/
[2026-07-31T09:17:15Z] #340 attempt=1/2 status=200 0.490s url=https://www.myfonts.com/products/ibar-didone-complete-family-package-1188189
[2026-07-31T09:17:16Z] #341 attempt=1/2 status=200 0.567s url=https://www.myfonts.com/collections/ibar-didone-font-ibar-fonts/
[2026-07-31T09:17:17Z] #342 attempt=1/2 status=200 0.302s url=https://www.myfonts.com/products/altavera-complete-family-package-1187531
[2026-07-31T09:17:17Z] #343 attempt=1/2 status=200 0.335s url=https://www.myfonts.com/collections/altavera-font-asbill-studio/
[2026-07-31T09:17:18Z] #344 attempt=1/2 status=200 0.305s url=https://www.myfonts.com/products/lives-breaks-groove-complete-family-package-1186799
[2026-07-31T09:17:18Z] #345 attempt=1/2 status=429 0.021s url=https://www.myfonts.com/collections/lives-breaks-groove-font-timelesstype-studio/
[2026-07-31T09:17:21Z] #346 attempt=2/2 status=200 0.437s url=https://www.myfonts.com/collections/lives-breaks-groove-font-timelesstype-studio/
[2026-07-31T09:17:22Z] #347 attempt=1/2 status=200 0.375s url=https://www.myfonts.com/products/myntro-complete-family-package-1189835
[2026-07-31T09:17:22Z] #348 attempt=1/2 status=200 0.506s url=https://www.myfonts.com/collections/myntro-font-azzam-ridhamalik/
[2026-07-31T09:17:23Z] #349 attempt=1/2 status=200 0.323s url=https://www.myfonts.com/products/chaeyuna-complete-family-package-1188182
[2026-07-31T09:17:23Z] #350 attempt=1/2 status=200 0.323s url=https://www.myfonts.com/collections/chaeyuna-font-made-deduk/
[2026-07-31T09:17:24Z] #351 attempt=1/2 status=200 0.429s url=https://www.myfonts.com/products/applico-normal-package-1187530
[2026-07-31T09:17:24Z] #352 attempt=1/2 status=429 0.020s url=https://www.myfonts.com/collections/applico-font-koral-creative/
[2026-07-31T09:17:27Z] #353 attempt=2/2 status=200 0.670s url=https://www.myfonts.com/collections/applico-font-koral-creative/
[2026-07-31T09:17:28Z] #354 attempt=1/2 status=200 0.300s url=https://www.myfonts.com/products/bahlie-complete-family-package-1186793
[2026-07-31T09:17:29Z] #355 attempt=1/2 status=200 0.393s url=https://www.myfonts.com/collections/bahlie-font-timelesstype-studio/
[2026-07-31T09:17:29Z] #356 attempt=1/2 status=200 0.345s url=https://www.myfonts.com/products/summer-archive-complete-family-package-1188172
[2026-07-31T09:17:30Z] #357 attempt=1/2 status=200 0.398s url=https://www.myfonts.com/collections/summer-archive-font-letterhend/
[2026-07-31T09:17:30Z] #358 attempt=1/2 status=429 0.020s url=https://www.myfonts.com/products/essential-package-package-1188810
[2026-07-31T09:17:33Z] #359 attempt=2/2 status=200 0.529s url=https://www.myfonts.com/products/essential-package-package-1188810
[2026-07-31T09:17:34Z] #360 attempt=1/2 status=200 0.569s url=https://www.myfonts.com/collections/vontica-sans-font-asenbayu/
[2026-07-31T09:17:34Z] #361 attempt=1/2 status=200 0.325s url=https://www.myfonts.com/products/angika-besfly-complete-family-package-1186790
[2026-07-31T09:17:35Z] #362 attempt=1/2 status=200 0.364s url=https://www.myfonts.com/collections/angika-besfly-font-timelesstype-studio/
[2026-07-31T09:17:36Z] #363 attempt=1/2 status=200 0.346s url=https://www.myfonts.com/products/wisnue-sans-complete-family-package-1189830
[2026-07-31T09:17:36Z] #364 attempt=1/2 status=200 0.456s url=https://www.myfonts.com/collections/wisnue-sans-font-shape-studio/
[2026-07-31T09:17:37Z] #365 attempt=1/2 status=200 0.911s url=https://www.myfonts.com/products/standing-display-complete-family-package-1188725
[2026-07-31T09:17:39Z] #366 attempt=1/2 status=200 1.096s url=https://www.myfonts.com/collections/standing-display-font-gian-studio/
[2026-07-31T09:17:40Z] #367 attempt=1/2 status=200 0.439s url=https://www.myfonts.com/products/postcard-daydream-complete-family-package-1186787
[2026-07-31T09:17:40Z] #368 attempt=1/2 status=200 0.462s url=https://www.myfonts.com/collections/postcard-daydream-font-littlehand/
[2026-07-31T09:17:41Z] #369 attempt=1/2 status=200 0.406s url=https://www.myfonts.com/products/franky-horrorshow-complete-family-package-1189824
[2026-07-31T09:17:41Z] #370 attempt=1/2 status=429 0.027s url=https://www.myfonts.com/collections/franky-horrorshow-font-remedy667/
[2026-07-31T09:17:44Z] #371 attempt=2/2 status=200 0.465s url=https://www.myfonts.com/collections/franky-horrorshow-font-remedy667/
[2026-07-31T09:17:45Z] #372 attempt=1/2 status=200 0.310s url=https://www.myfonts.com/products/aceh-is-great-complete-family-package-1188119
[2026-07-31T09:17:45Z] #373 attempt=1/2 status=200 0.347s url=https://www.myfonts.com/collections/aceh-is-great-font-shape-studio/
[2026-07-31T09:17:46Z] #374 attempt=1/2 status=200 0.356s url=https://www.myfonts.com/products/richmond-grovelyn-complete-family-package-1189820
[2026-07-31T09:17:46Z] #375 attempt=1/2 status=200 0.321s url=https://www.myfonts.com/collections/richmond-grovelyn-font-moontiontype/
[2026-07-31T09:17:47Z] #376 attempt=1/2 status=200 0.311s url=https://www.myfonts.com/products/binose-complete-family-package-1186760
[2026-07-31T09:17:47Z] #377 attempt=1/2 status=429 0.020s url=https://www.myfonts.com/collections/binose-font-artisan-themes/
[2026-07-31T09:17:50Z] #378 attempt=2/2 status=200 0.386s url=https://www.myfonts.com/collections/binose-font-artisan-themes/
[2026-07-31T09:17:51Z] #379 attempt=1/2 status=200 0.322s url=https://www.myfonts.com/products/castela-complete-family-package-1187511
[2026-07-31T09:17:51Z] #380 attempt=1/2 status=200 0.323s url=https://www.myfonts.com/collections/castela-font-font-liner/
[2026-07-31T09:17:52Z] #381 attempt=1/2 status=200 1.011s url=https://www.myfonts.com/products/tt-commons-pro-georgian-complete-family-package-1188063
[2026-07-31T09:17:54Z] #382 attempt=1/2 status=200 0.992s url=https://www.myfonts.com/collections/tt-commons-pro-georgian-font-typetype/
[2026-07-31T09:17:55Z] #383 attempt=1/2 status=200 0.318s url=https://www.myfonts.com/products/wobble-complete-family-package-1189807
[2026-07-31T09:17:55Z] #384 attempt=1/2 status=200 0.360s url=https://www.myfonts.com/collections/wobble-font-tini-fitriani/
[2026-07-31T09:17:56Z] #385 attempt=1/2 status=200 0.287s url=https://www.myfonts.com/products/fresh-gelato-complete-family-package-1185822
[2026-07-31T09:17:56Z] #386 attempt=1/2 status=200 0.354s url=https://www.myfonts.com/collections/fresh-gelato-font-set-sail-studios/
[2026-07-31T09:17:57Z] #387 attempt=1/2 status=200 0.323s url=https://www.myfonts.com/products/coastal-blue-complete-family-package-1186757
[2026-07-31T09:17:57Z] #388 attempt=1/2 status=429 0.019s url=https://www.myfonts.com/collections/coastal-blue-font-stylishtype-studio/
[2026-07-31T09:18:00Z] #389 attempt=2/2 status=200 0.402s url=https://www.myfonts.com/collections/coastal-blue-font-stylishtype-studio/
[2026-07-31T09:18:01Z] #390 attempt=1/2 status=200 0.602s url=https://www.myfonts.com/products/nadysah-complete-family-package-1188688
[2026-07-31T09:18:02Z] #391 attempt=1/2 status=200 0.780s url=https://www.myfonts.com/collections/nadysah-font-gian-studio/
[2026-07-31T09:18:03Z] #392 attempt=1/2 status=200 0.650s url=https://www.myfonts.com/products/neoland-family-complete-family-package-1188026
[2026-07-31T09:18:04Z] #393 attempt=1/2 status=200 0.714s url=https://www.myfonts.com/collections/neoland-font-josstype/
[2026-07-31T09:18:04Z] #394 attempt=1/2 status=200 0.369s url=https://www.myfonts.com/products/windsor-complete-family-pack-package-1188004
[2026-07-31T09:18:05Z] #395 attempt=1/2 status=200 0.410s url=https://www.myfonts.com/collections/windsor-mt-font-monotype-imaging/
[2026-07-31T09:18:05Z] #396 attempt=1/2 status=429 0.023s url=https://www.myfonts.com/products/oarfish-complete-family-package-1189708
[2026-07-31T09:18:08Z] #397 attempt=2/2 status=200 0.351s url=https://www.myfonts.com/products/oarfish-complete-family-package-1189708
[2026-07-31T09:18:08Z] #398 attempt=1/2 status=200 0.320s url=https://www.myfonts.com/collections/oarfish-font-groenstudio/
[2026-07-31T09:18:09Z] #399 attempt=1/2 status=200 0.326s url=https://www.myfonts.com/products/pencil-grove-complete-family-package-1186754
[2026-07-31T09:18:10Z] #400 attempt=1/2 status=200 0.303s url=https://www.myfonts.com/collections/pencil-grove-font-cocodesign/
[2026-07-31T09:18:10Z] #401 attempt=1/2 status=200 0.294s url=https://www.myfonts.com/products/graind-complete-family-package-1187508
[2026-07-31T09:18:10Z] #402 attempt=1/2 status=429 0.022s url=https://www.myfonts.com/collections/graind-font-ragamkata/
[2026-07-31T09:18:13Z] #403 attempt=2/2 status=200 0.428s url=https://www.myfonts.com/collections/graind-font-ragamkata/
[2026-07-31T09:18:15Z] #404 attempt=1/2 status=200 1.450s url=https://www.myfonts.com/products/felgiora-complete-family-package-1189560
[2026-07-31T09:18:18Z] #405 attempt=1/2 status=200 2.496s url=https://www.myfonts.com/collections/felgiora-font-propertype/
[2026-07-31T09:18:19Z] #406 attempt=1/2 status=200 0.316s url=https://www.myfonts.com/products/metaspire-complete-family-package-1186750
[2026-07-31T09:18:19Z] #407 attempt=1/2 status=200 0.348s url=https://www.myfonts.com/collections/metaspire-font-bale-type/
[2026-07-31T09:18:20Z] #408 attempt=1/2 status=200 0.317s url=https://www.myfonts.com/products/mono-scribble-complete-family-package-1187504
[2026-07-31T09:18:21Z] #409 attempt=1/2 status=200 0.372s url=https://www.myfonts.com/collections/mono-scribble-font-timelesstype-studio/
[2026-07-31T09:18:21Z] #410 attempt=1/2 status=200 0.310s url=https://www.myfonts.com/products/wedgen-holdeza-complete-family-package-1187500
[2026-07-31T09:18:22Z] #411 attempt=1/2 status=200 0.355s url=https://www.myfonts.com/collections/wedgen-holdeza-font-rvandtype/
[2026-07-31T09:18:23Z] #412 attempt=1/2 status=200 0.358s url=https://www.myfonts.com/products/morning-tropical-complete-family-package-1186324
[2026-07-31T09:18:23Z] #413 attempt=1/2 status=200 0.334s url=https://www.myfonts.com/collections/morning-tropical-font-stylishtype-studio/
[2026-07-31T09:18:24Z] #414 attempt=1/2 status=200 0.364s url=https://www.myfonts.com/products/placidus-notesho-complete-family-package-1186746
[2026-07-31T09:18:24Z] #415 attempt=1/2 status=200 0.512s url=https://www.myfonts.com/collections/placidus-notesho-font-sixtype-foundry/
[2026-07-31T09:18:26Z] #416 attempt=1/2 status=200 0.751s url=https://www.myfonts.com/products/life-style-complete-family-package-1188615
[2026-07-31T09:18:27Z] #417 attempt=1/2 status=200 1.182s url=https://www.myfonts.com/collections/life-style-font-gian-studio/
[2026-07-31T09:18:28Z] #418 attempt=1/2 status=200 0.314s url=https://www.myfonts.com/products/cherished-darling-complete-family-package-1187496
[2026-07-31T09:18:28Z] #419 attempt=1/2 status=200 0.334s url=https://www.myfonts.com/collections/cherished-darling-font-tini-fitriani/
[2026-07-31T09:18:29Z] #420 attempt=1/2 status=200 0.414s url=https://www.myfonts.com/products/freigel-complete-family-package-1187997
[2026-07-31T09:18:30Z] #421 attempt=1/2 status=200 0.439s url=https://www.myfonts.com/collections/freigel-font-fontastica/
[2026-07-31T09:18:30Z] #422 attempt=1/2 status=200 0.369s url=https://www.myfonts.com/products/skannia-complete-family-package-1188609
[2026-07-31T09:18:31Z] #423 attempt=1/2 status=200 0.417s url=https://www.myfonts.com/collections/skannia-font-habitype/
[2026-07-31T09:18:31Z] #424 attempt=1/2 status=429 0.019s url=https://www.myfonts.com/products/calvoire-complete-family-package-1186322
[2026-07-31T09:18:35Z] #425 attempt=2/2 status=200 1.426s url=https://www.myfonts.com/products/calvoire-complete-family-package-1186322
[2026-07-31T09:18:37Z] #426 attempt=1/2 status=200 1.966s url=https://www.myfonts.com/collections/calvoire-font-kaidosan/
[2026-07-31T09:18:38Z] #427 attempt=1/2 status=200 0.301s url=https://www.myfonts.com/products/gambiro-holiday-complete-family-package-1186730
[2026-07-31T09:18:39Z] #428 attempt=1/2 status=200 0.382s url=https://www.myfonts.com/collections/gambiro-holiday-font-bale-type/
[2026-07-31T09:18:39Z] #429 attempt=1/2 status=200 0.333s url=https://www.myfonts.com/products/under-holliw-complete-family-package-1187492
[2026-07-31T09:18:40Z] #430 attempt=1/2 status=200 0.327s url=https://www.myfonts.com/collections/under-holliw-font-stylishtype-studio/
[2026-07-31T09:18:41Z] #431 attempt=1/2 status=200 0.390s url=https://www.myfonts.com/products/lskonoha-complete-family-package-1186724
[2026-07-31T09:18:41Z] #432 attempt=1/2 status=200 0.428s url=https://www.myfonts.com/collections/lskonoha-font-letternesia-studio/
[2026-07-31T09:18:42Z] #433 attempt=1/2 status=200 0.476s url=https://www.myfonts.com/products/gilleto-sans-complete-family-package-1189402
[2026-07-31T09:18:43Z] #434 attempt=1/2 status=200 0.514s url=https://www.myfonts.com/collections/gilleto-sans-font-basnistudio/
[2026-07-31T09:18:44Z] #435 attempt=1/2 status=200 0.373s url=https://www.myfonts.com/products/breamcatcher-complete-family-package-1188604
[2026-07-31T09:18:44Z] #436 attempt=1/2 status=200 0.473s url=https://www.myfonts.com/collections/breamcatcher-font-typodermic/
[2026-07-31T09:18:45Z] #437 attempt=1/2 status=200 0.475s url=https://www.myfonts.com/products/karmina-sans-complete-family-package-1187983
[2026-07-31T09:18:46Z] #438 attempt=1/2 status=200 0.475s url=https://www.myfonts.com/collections/karmina-sans-font-type-together/
[2026-07-31T09:18:46Z] #439 attempt=1/2 status=200 0.284s url=https://www.myfonts.com/products/western-vintage-complete-family-package-1187471
[2026-07-31T09:18:47Z] #440 attempt=1/2 status=200 0.320s url=https://www.myfonts.com/collections/western-vintage-font-font-liner/
[2026-07-31T09:18:47Z] #441 attempt=1/2 status=429 0.015s url=https://www.myfonts.com/products/ideal-package-1188600
[2026-07-31T09:18:50Z] #442 attempt=2/2 status=200 0.499s url=https://www.myfonts.com/products/ideal-package-1188600
[2026-07-31T09:18:51Z] #443 attempt=1/2 status=200 0.452s url=https://www.myfonts.com/collections/hn-revline-font-hora-nocte-type-foundry/
[2026-07-31T09:18:51Z] #444 attempt=1/2 status=200 0.532s url=https://www.myfonts.com/products/galique-pro-italic-package-1186723
[2026-07-31T09:18:52Z] #445 attempt=1/2 status=200 0.705s url=https://www.myfonts.com/collections/galique-pro-font-typehead-studio/
[2026-07-31T09:18:53Z] #446 attempt=1/2 status=200 0.392s url=https://www.myfonts.com/products/mava-motionev-complete-family-package-1186303
[2026-07-31T09:18:54Z] #447 attempt=1/2 status=200 0.488s url=https://www.myfonts.com/collections/mava-motionev-font-product-type/
[2026-07-31T09:18:55Z] #448 attempt=1/2 status=200 0.428s url=https://www.myfonts.com/products/transport-new-condensed-package-package-1187485
[2026-07-31T09:18:55Z] #449 attempt=1/2 status=200 0.458s url=https://www.myfonts.com/collections/transport-new-font-k-type/
[2026-07-31T09:18:56Z] #450 attempt=1/2 status=200 0.308s url=https://www.myfonts.com/products/cool-brush-ptx-complete-family-package-1186300
[2026-07-31T09:18:56Z] #451 attempt=1/2 status=429 0.018s url=https://www.myfonts.com/collections/cool-brush-ptx-font-pedro-teixeira/
[2026-07-31T09:18:59Z] #452 attempt=2/2 status=200 0.379s url=https://www.myfonts.com/collections/cool-brush-ptx-font-pedro-teixeira/
[2026-07-31T09:18:59Z] #453 attempt=1/2 status=200 0.466s url=https://www.myfonts.com/products/meerkat-complete-family-package-1187474
[2026-07-31T09:19:00Z] #454 attempt=1/2 status=200 0.328s url=https://www.myfonts.com/collections/meerkat-font-artisan-studio/
[2026-07-31T09:19:00Z] #455 attempt=1/2 status=429 0.019s url=https://www.myfonts.com/products/brengthe-complete-family-package-1185769
[2026-07-31T09:19:03Z] #456 attempt=2/2 status=200 0.435s url=https://www.myfonts.com/products/brengthe-complete-family-package-1185769
[2026-07-31T09:19:04Z] #457 attempt=1/2 status=200 0.302s url=https://www.myfonts.com/collections/brengthe-font-timelesstype-studio/
[2026-07-31T09:19:04Z] #458 attempt=1/2 status=200 0.386s url=https://www.myfonts.com/products/m-xianghe-hei-sc-pro-complete-family-package-1187953
[2026-07-31T09:19:05Z] #459 attempt=1/2 status=200 0.507s url=https://www.myfonts.com/collections/m-xianghe-hei-sc-pro-font-monotype-imaging/
[2026-07-31T09:19:06Z] #460 attempt=1/2 status=200 1.037s url=https://www.myfonts.com/products/kalibrasi-complete-family-package-1189095
[2026-07-31T09:19:09Z] #461 attempt=1/2 status=200 2.165s url=https://www.myfonts.com/collections/kalibrasi-font-slex-studio/
[2026-07-31T09:19:10Z] #462 attempt=1/2 status=200 0.314s url=https://www.myfonts.com/products/volkrome-complete-family-package-1186698
[2026-07-31T09:19:11Z] #463 attempt=1/2 status=200 0.377s url=https://www.myfonts.com/collections/volkrome-font-mega-type/
[2026-07-31T09:19:11Z] #464 attempt=1/2 status=200 0.306s url=https://www.myfonts.com/products/crayo-complete-family-package-1187477
[2026-07-31T09:19:12Z] #465 attempt=1/2 status=200 0.361s url=https://www.myfonts.com/collections/crayo-font-lafontype/
[2026-07-31T09:19:13Z] #466 attempt=1/6 status=200 0.662s url=https://www.myfonts.com/products.json?limit=100&page=9
[2026-07-31T09:19:15Z] #467 attempt=1/2 status=200 1.009s url=https://www.myfonts.com/products/soft-package-1183217
[2026-07-31T09:19:18Z] #468 attempt=1/2 status=200 3.286s url=https://www.myfonts.com/collections/koldnesy-font-bosstypestudio/
[2026-07-31T09:19:20Z] #469 attempt=1/2 status=200 0.300s url=https://www.myfonts.com/products/kingcraft-comic-complete-family-package-1186295
[2026-07-31T09:19:20Z] #470 attempt=1/2 status=200 0.378s url=https://www.myfonts.com/collections/kingcraft-comic-font-mvmet/
[2026-07-31T09:19:21Z] #471 attempt=1/2 status=200 0.641s url=https://www.myfonts.com/products/regular-version-package-1188588
[2026-07-31T09:19:22Z] #472 attempt=1/2 status=200 0.643s url=https://www.myfonts.com/collections/dh-alani-rosle-font-ahmad-jamaludin/
[2026-07-31T09:19:23Z] #473 attempt=1/2 status=200 0.358s url=https://www.myfonts.com/products/camfen-complete-family-package-1186693
[2026-07-31T09:19:24Z] #474 attempt=1/2 status=200 0.430s url=https://www.myfonts.com/collections/camfen-font-sensatype-studio/
[2026-07-31T09:19:24Z] #475 attempt=1/2 status=200 0.429s url=https://www.myfonts.com/products/acapela-complete-family-package-1186291
[2026-07-31T09:19:25Z] #476 attempt=1/2 status=200 0.464s url=https://www.myfonts.com/collections/acapela-font-scoothtype/
[2026-07-31T09:19:26Z] #477 attempt=1/2 status=200 0.497s url=https://www.myfonts.com/products/retro-parade-complete-family-package-1187468
[2026-07-31T09:19:26Z] #478 attempt=1/2 status=200 0.326s url=https://www.myfonts.com/collections/retro-parade-font-bale-type/
[2026-07-31T09:19:27Z] #479 attempt=1/2 status=200 0.355s url=https://www.myfonts.com/products/anria-complete-family-package-1186658
[2026-07-31T09:19:28Z] #480 attempt=1/2 status=200 0.455s url=https://www.myfonts.com/collections/anria-font-khoir/
[2026-07-31T09:19:28Z] #481 attempt=1/2 status=200 0.299s url=https://www.myfonts.com/products/kindlyreply-complete-family-package-1186288
[2026-07-31T09:19:29Z] #482 attempt=1/2 status=200 0.325s url=https://www.myfonts.com/collections/kindlyreply-font-amorfa-type/
[2026-07-31T09:19:30Z] #483 attempt=1/2 status=200 0.496s url=https://www.myfonts.com/products/vision-horizon-complete-family-package-1187464
[2026-07-31T09:19:30Z] #484 attempt=1/2 status=200 0.362s url=https://www.myfonts.com/collections/vision-horizon-font-timelesstype-studio/
[2026-07-31T09:19:31Z] #485 attempt=1/2 status=200 0.479s url=https://www.myfonts.com/products/girello-complete-family-package-1186639
[2026-07-31T09:19:32Z] #486 attempt=1/2 status=200 0.688s url=https://www.myfonts.com/collections/girello-font-dora-typefoundry/
[2026-07-31T09:19:33Z] #487 attempt=1/2 status=200 0.431s url=https://www.myfonts.com/products/m-xianghe-hei-tc-complete-family-package-1187929
[2026-07-31T09:19:33Z] #488 attempt=1/2 status=200 0.518s url=https://www.myfonts.com/collections/m-xianghe-hei-tc-font-monotype-imaging/
[2026-07-31T09:19:34Z] #489 attempt=1/2 status=200 0.628s url=https://www.myfonts.com/products/olyford-pro-alt-package-1186286
[2026-07-31T09:19:36Z] #490 attempt=1/2 status=200 0.938s url=https://www.myfonts.com/collections/olyford-pro-font-nicolass-fonts/
[2026-07-31T09:19:36Z] #491 attempt=1/2 status=200 0.436s url=https://www.myfonts.com/products/kalsey-smiles-complete-family-package-1186634
[2026-07-31T09:19:37Z] #492 attempt=1/2 status=200 0.608s url=https://www.myfonts.com/collections/kalsey-smiles-font-rotterlab-studio/
[2026-07-31T09:19:38Z] #493 attempt=1/2 status=200 0.693s url=https://www.myfonts.com/products/kontes-compressed-complete-family-package-1187417
[2026-07-31T09:19:39Z] #494 attempt=1/2 status=429 0.021s url=https://www.myfonts.com/collections/kontes-compressed-font-gatype/
[2026-07-31T09:19:42Z] #495 attempt=2/2 status=200 0.837s url=https://www.myfonts.com/collections/kontes-compressed-font-gatype/
[2026-07-31T09:19:43Z] #496 attempt=1/2 status=200 0.569s url=https://www.myfonts.com/products/koffins-complete-family-package-1187385
[2026-07-31T09:19:43Z] #497 attempt=1/2 status=200 0.708s url=https://www.myfonts.com/collections/koffins-font-gatype/
[2026-07-31T09:19:44Z] #498 attempt=1/2 status=200 0.343s url=https://www.myfonts.com/products/ahoila-complete-family-package-1188566
[2026-07-31T09:19:45Z] #499 attempt=1/2 status=200 0.373s url=https://www.myfonts.com/collections/ahoila-font-tini-fitriani/
[2026-07-31T09:19:45Z] #500 attempt=1/2 status=200 0.337s url=https://www.myfonts.com/products/sidosari-complete-family-package-1186625
[2026-07-31T09:19:46Z] #501 attempt=1/2 status=200 0.341s url=https://www.myfonts.com/collections/sidosari-font-burntilldead/
[2026-07-31T09:19:47Z] #502 attempt=1/2 status=200 0.343s url=https://www.myfonts.com/products/requested-complete-family-package-1186261
[2026-07-31T09:19:47Z] #503 attempt=1/2 status=200 0.444s url=https://www.myfonts.com/collections/requested-font-amorfa-type/
[2026-07-31T09:19:48Z] #504 attempt=1/2 status=200 0.400s url=https://www.myfonts.com/products/rafistig-complete-family-package-1188550
[2026-07-31T09:19:48Z] #505 attempt=1/2 status=429 0.019s url=https://www.myfonts.com/collections/rafistig-font-madjack-font/
[2026-07-31T09:19:51Z] #506 attempt=2/2 status=200 0.504s url=https://www.myfonts.com/collections/rafistig-font-madjack-font/
[2026-07-31T09:19:52Z] #507 attempt=1/2 status=200 0.380s url=https://www.myfonts.com/products/mt-belsior-complete-family-package-1186616
[2026-07-31T09:19:52Z] #508 attempt=1/2 status=200 0.551s url=https://www.myfonts.com/collections/mt-belsior-font-twinletter/
[2026-07-31T09:19:53Z] #509 attempt=1/2 status=200 0.595s url=https://www.myfonts.com/products/satari-display-complete-family-package-1187354
[2026-07-31T09:19:54Z] #510 attempt=1/2 status=200 0.848s url=https://www.myfonts.com/collections/satari-display-font-gatype/
[2026-07-31T09:19:55Z] #511 attempt=1/2 status=200 0.347s url=https://www.myfonts.com/products/livorielle-bravelyn-complete-family-package-1186134
[2026-07-31T09:19:56Z] #512 attempt=1/2 status=200 0.398s url=https://www.myfonts.com/collections/livorielle-bravelyn-font-get-studio/
[2026-07-31T09:19:56Z] #513 attempt=1/2 status=200 0.323s url=https://www.myfonts.com/products/byotesk-complete-family-package-1186612
[2026-07-31T09:19:57Z] #514 attempt=1/2 status=200 0.353s url=https://www.myfonts.com/collections/byotesk-font-stylishtype-studio/
[2026-07-31T09:19:57Z] #515 attempt=1/2 status=429 0.018s url=https://www.myfonts.com/products/m-xianghe-hei-sc-std-complete-family-package-1187906
[2026-07-31T09:20:00Z] #516 attempt=2/2 status=200 0.392s url=https://www.myfonts.com/products/m-xianghe-hei-sc-std-complete-family-package-1187906
[2026-07-31T09:20:00Z] #517 attempt=1/2 status=200 0.393s url=https://www.myfonts.com/collections/m-xianghe-hei-sc-std-font-monotype-imaging/
[2026-07-31T09:20:01Z] #518 attempt=1/2 status=200 0.438s url=https://www.myfonts.com/products/block-phalat-complete-family-package-1186026
[2026-07-31T09:20:01Z] #519 attempt=1/2 status=429 0.021s url=https://www.myfonts.com/collections/block-phalat-font-owl-king-project/
[2026-07-31T09:20:04Z] #520 attempt=2/2 status=200 0.552s url=https://www.myfonts.com/collections/block-phalat-font-owl-king-project/
[2026-07-31T09:20:05Z] #521 attempt=1/2 status=200 0.556s url=https://www.myfonts.com/products/liston-complete-family-package-1187324
[2026-07-31T09:20:06Z] #522 attempt=1/2 status=200 0.596s url=https://www.myfonts.com/collections/liston-font-gatype/
[2026-07-31T09:20:07Z] #523 attempt=1/2 status=200 0.312s url=https://www.myfonts.com/products/jollune-fields-complete-family-package-1188546
[2026-07-31T09:20:07Z] #524 attempt=1/2 status=200 0.349s url=https://www.myfonts.com/collections/jollune-fields-font-sixtype-foundry/
[2026-07-31T09:20:08Z] #525 attempt=1/2 status=200 0.332s url=https://www.myfonts.com/products/fantasi-women-complete-family-package-1187318
[2026-07-31T09:20:08Z] #526 attempt=1/2 status=200 0.390s url=https://www.myfonts.com/collections/fantasi-women-font-gatype/
[2026-07-31T09:20:09Z] #527 attempt=1/2 status=200 0.317s url=https://www.myfonts.com/products/bright-notes-complete-family-package-1186609
[2026-07-31T09:20:09Z] #528 attempt=1/2 status=429 0.020s url=https://www.myfonts.com/collections/bright-notes-font-stylishtype-studio/
[2026-07-31T09:20:12Z] #529 attempt=2/2 status=200 0.420s url=https://www.myfonts.com/collections/bright-notes-font-stylishtype-studio/
[2026-07-31T09:20:13Z] #530 attempt=1/2 status=200 0.312s url=https://www.myfonts.com/products/artisan-kitchen-complete-family-package-1186603
[2026-07-31T09:20:13Z] #531 attempt=1/2 status=200 0.339s url=https://www.myfonts.com/collections/artisan-kitchen-font-stylishtype-studio/
[2026-07-31T09:20:14Z] #532 attempt=1/2 status=200 0.637s url=https://www.myfonts.com/products/cremotic-complete-family-package-1187274
[2026-07-31T09:20:15Z] #533 attempt=1/2 status=200 0.718s url=https://www.myfonts.com/collections/cremotic-font-gatype/
[2026-07-31T09:20:16Z] #534 attempt=1/2 status=200 0.325s url=https://www.myfonts.com/products/jeanoti-complete-family-package-1188543
[2026-07-31T09:20:16Z] #535 attempt=1/2 status=200 0.315s url=https://www.myfonts.com/collections/jeanoti-font-burntilldead/
[2026-07-31T09:20:17Z] #536 attempt=1/2 status=200 0.312s url=https://www.myfonts.com/products/other-thanks-complete-family-package-1186606
[2026-07-31T09:20:17Z] #537 attempt=1/2 status=429 0.021s url=https://www.myfonts.com/collections/other-thanks-font-stylishtype-studio/
[2026-07-31T09:20:20Z] #538 attempt=2/2 status=200 0.348s url=https://www.myfonts.com/collections/other-thanks-font-stylishtype-studio/
[2026-07-31T09:20:20Z] #539 attempt=1/2 status=200 0.409s url=https://www.myfonts.com/products/espena-complete-family-package-1186012
[2026-07-31T09:20:21Z] #540 attempt=1/2 status=200 0.511s url=https://www.myfonts.com/collections/espena-font-sulthan-studio/
[2026-07-31T09:20:22Z] #541 attempt=1/2 status=200 0.317s url=https://www.myfonts.com/products/melcostra-complete-family-package-1188540
[2026-07-31T09:20:22Z] #542 attempt=1/2 status=200 0.321s url=https://www.myfonts.com/collections/melcostra-font-tini-fitriani/
[2026-07-31T09:20:23Z] #543 attempt=1/2 status=200 0.520s url=https://www.myfonts.com/products/bosento-complete-family-package-1187244
[2026-07-31T09:20:23Z] #544 attempt=1/2 status=429 0.020s url=https://www.myfonts.com/collections/bosento-font-gatype/
[2026-07-31T09:20:26Z] #545 attempt=2/2 status=200 0.866s url=https://www.myfonts.com/collections/bosento-font-gatype/
[2026-07-31T09:20:27Z] #546 attempt=1/2 status=200 0.305s url=https://www.myfonts.com/products/diffe-rentys-complete-family-package-1187892
[2026-07-31T09:20:28Z] #547 attempt=1/2 status=200 0.357s url=https://www.myfonts.com/collections/diffe-rentys-font-stylishtype-studio/
[2026-07-31T09:20:28Z] #548 attempt=1/2 status=200 0.277s url=https://www.myfonts.com/products/mix-witchmark-complete-family-package-1186009
[2026-07-31T09:20:29Z] #549 attempt=1/2 status=200 0.335s url=https://www.myfonts.com/collections/mix-witchmark-font-mix-fonts/
[2026-07-31T09:20:29Z] #550 attempt=1/2 status=200 0.416s url=https://www.myfonts.com/products/inkwise-sothing-complete-family-package-1188537
[2026-07-31T09:20:30Z] #551 attempt=1/2 status=429 0.023s url=https://www.myfonts.com/collections/inkwise-sothing-font-stylishtype-studio/
[2026-07-31T09:20:32Z] #552 attempt=2/2 status=200 0.399s url=https://www.myfonts.com/collections/inkwise-sothing-font-stylishtype-studio/
[2026-07-31T09:20:33Z] #553 attempt=1/2 status=200 0.346s url=https://www.myfonts.com/products/moilenka-complete-family-package-1188534
[2026-07-31T09:20:34Z] #554 attempt=1/2 status=200 0.334s url=https://www.myfonts.com/collections/moilenka-font-jinan-studio/
[2026-07-31T09:20:35Z] #555 attempt=1/2 status=200 0.723s url=https://www.myfonts.com/products/gulder-radeon-complete-family-package-1186493
[2026-07-31T09:20:36Z] #556 attempt=1/2 status=200 1.009s url=https://www.myfonts.com/collections/gulder-radeon-font-gian-studio/
[2026-07-31T09:20:37Z] #557 attempt=1/2 status=200 0.329s url=https://www.myfonts.com/products/brunnen-complete-family-package-1187238
[2026-07-31T09:20:37Z] #558 attempt=1/2 status=200 0.475s url=https://www.myfonts.com/collections/brunnen-font-mrf/
[2026-07-31T09:20:38Z] #559 attempt=1/2 status=200 0.492s url=https://www.myfonts.com/products/morn-mini-package-1187891
[2026-07-31T09:20:38Z] #560 attempt=1/2 status=429 0.022s url=https://www.myfonts.com/collections/morn-font-wahyu-sani-co/
[2026-07-31T09:20:41Z] #561 attempt=2/2 status=200 0.667s url=https://www.myfonts.com/collections/morn-font-wahyu-sani-co/
[2026-07-31T09:20:42Z] #562 attempt=1/2 status=200 0.470s url=https://www.myfonts.com/products/neue-radika-complete-family-package-1189021
[2026-07-31T09:20:43Z] #563 attempt=1/2 status=200 0.528s url=https://www.myfonts.com/collections/neue-radika-font-matt-chansky/
[2026-07-31T09:20:43Z] #564 attempt=1/2 status=200 0.331s url=https://www.myfonts.com/products/deserter-complete-family-package-1189883
[2026-07-31T09:20:44Z] #565 attempt=1/2 status=200 0.535s url=https://www.myfonts.com/collections/deserter-font-tour-de-force/
[2026-07-31T09:20:45Z] #566 attempt=1/2 status=200 0.367s url=https://www.myfonts.com/products/tomacho-complete-family-package-1187227
[2026-07-31T09:20:45Z] #567 attempt=1/2 status=200 0.357s url=https://www.myfonts.com/collections/tomacho-font-vermilione/
[2026-07-31T09:20:46Z] #568 attempt=1/2 status=200 0.335s url=https://www.myfonts.com/products/sefina-brandish-complete-family-package-1187230
[2026-07-31T09:20:46Z] #569 attempt=1/2 status=429 0.021s url=https://www.myfonts.com/collections/sefina-brandish-font-font-liner/
[2026-07-31T09:20:49Z] #570 attempt=2/2 status=200 0.379s url=https://www.myfonts.com/collections/sefina-brandish-font-font-liner/
[2026-07-31T09:20:50Z] #571 attempt=1/2 status=200 0.273s url=https://www.myfonts.com/products/deco-savoy-complete-family-package-1186472
[2026-07-31T09:20:50Z] #572 attempt=1/2 status=200 0.311s url=https://www.myfonts.com/collections/deco-savoy-font-mazur-type/
[2026-07-31T09:20:51Z] #573 attempt=1/2 status=200 0.320s url=https://www.myfonts.com/products/belove-roxenia-complete-family-package-1186000
[2026-07-31T09:20:51Z] #574 attempt=1/2 status=200 0.299s url=https://www.myfonts.com/collections/belove-roxenia-font-ergibi-studio/
[2026-07-31T09:20:51Z] #575 attempt=1/2 status=429 0.020s url=https://www.myfonts.com/products/qolians-complete-family-package-1188531
[2026-07-31T09:20:54Z] #576 attempt=2/2 status=200 0.308s url=https://www.myfonts.com/products/qolians-complete-family-package-1188531
[2026-07-31T09:20:55Z] #577 attempt=1/2 status=200 0.363s url=https://www.myfonts.com/collections/qolians-font-pandeka-studio/
[2026-07-31T09:20:55Z] #578 attempt=1/2 status=200 0.431s url=https://www.myfonts.com/products/kamount-complete-family-package-1185979
[2026-07-31T09:20:56Z] #579 attempt=1/2 status=200 0.556s url=https://www.myfonts.com/collections/kamount-font-donyadesign/
[2026-07-31T09:20:57Z] #580 attempt=1/2 status=200 0.323s url=https://www.myfonts.com/products/lumen-grotesk-complete-family-package-1187220
[2026-07-31T09:20:57Z] #581 attempt=1/2 status=200 0.332s url=https://www.myfonts.com/collections/lumen-grotesk-font-glyphline/
[2026-07-31T09:20:59Z] #582 attempt=1/2 status=200 1.205s url=https://www.myfonts.com/products/normal-package-1188519
[2026-07-31T09:21:01Z] #583 attempt=1/2 status=200 1.641s url=https://www.myfonts.com/collections/chipno-font-attract-studio/
[2026-07-31T09:21:02Z] #584 attempt=1/2 status=200 0.301s url=https://www.myfonts.com/products/gubera-mono-complete-family-package-1186256
[2026-07-31T09:21:02Z] #585 attempt=1/2 status=200 0.303s url=https://www.myfonts.com/collections/gubera-mono-font-ragamkata/
[2026-07-31T09:21:03Z] #586 attempt=1/2 status=200 0.338s url=https://www.myfonts.com/products/amesbury-complete-family-package-1189007
[2026-07-31T09:21:03Z] #587 attempt=1/2 status=429 0.020s url=https://www.myfonts.com/collections/amesbury-font-cocodesign/
[2026-07-31T09:21:06Z] #588 attempt=2/2 status=200 0.384s url=https://www.myfonts.com/collections/amesbury-font-cocodesign/
[2026-07-31T09:21:06Z] #589 attempt=1/2 status=200 0.289s url=https://www.myfonts.com/products/old-school-complete-family-package-1189002
[2026-07-31T09:21:07Z] #590 attempt=1/2 status=200 0.322s url=https://www.myfonts.com/collections/old-school-font-sensatype-studio/
[2026-07-31T09:21:08Z] #591 attempt=1/2 status=200 0.354s url=https://www.myfonts.com/products/kanile-complete-family-package-1188506
[2026-07-31T09:21:08Z] #592 attempt=1/2 status=200 0.450s url=https://www.myfonts.com/collections/kanile-font-vermilione/
[2026-07-31T09:21:09Z] #593 attempt=1/2 status=200 0.285s url=https://www.myfonts.com/products/mltp-gokind-complete-family-package-1187868
[2026-07-31T09:21:09Z] #594 attempt=1/2 status=429 0.021s url=https://www.myfonts.com/collections/mltp-gokind-font-multype-studio/
[2026-07-31T09:21:12Z] #595 attempt=2/2 status=200 0.343s url=https://www.myfonts.com/collections/mltp-gokind-font-multype-studio/
[2026-07-31T09:21:12Z] #596 attempt=1/2 status=200 0.308s url=https://www.myfonts.com/products/spacilo-mono-complete-family-package-1186254
[2026-07-31T09:21:13Z] #597 attempt=1/2 status=200 0.287s url=https://www.myfonts.com/collections/spacilo-mono-font-ragamkata/
[2026-07-31T09:21:13Z] #598 attempt=1/2 status=200 0.277s url=https://www.myfonts.com/products/darwaza-complete-family-package-1187208
[2026-07-31T09:21:14Z] #599 attempt=1/2 status=200 0.298s url=https://www.myfonts.com/collections/darwaza-font-only-fonts/
[2026-07-31T09:21:14Z] #600 attempt=1/2 status=429 0.033s url=https://www.myfonts.com/products/godskin-grotesk-complete-family-package-1187197
[2026-07-31T09:21:17Z] #601 attempt=2/2 status=200 0.402s url=https://www.myfonts.com/products/godskin-grotesk-complete-family-package-1187197
[2026-07-31T09:21:17Z] #602 attempt=1/2 status=200 0.445s url=https://www.myfonts.com/collections/godskin-grotesk-font-horizon-type/
[2026-07-31T09:21:18Z] #603 attempt=1/2 status=200 0.518s url=https://www.myfonts.com/products/basic-set-package-1189882
[2026-07-31T09:21:19Z] #604 attempt=1/2 status=200 0.537s url=https://www.myfonts.com/collections/ac-texto-serif-font-antoine-crama/
[2026-07-31T09:21:20Z] #605 attempt=1/2 status=200 0.313s url=https://www.myfonts.com/products/kulutuvariable-complete-family-package-1185975
[2026-07-31T09:21:20Z] #606 attempt=1/2 status=200 0.353s url=https://www.myfonts.com/collections/kulutuvariable-font-aukimvisuel/
[2026-07-31T09:21:21Z] #607 attempt=1/2 status=200 0.294s url=https://www.myfonts.com/products/afinity-slack-complete-family-package-1187860
[2026-07-31T09:21:21Z] #608 attempt=1/2 status=429 0.024s url=https://www.myfonts.com/collections/afinity-slack-font-timelesstype-studio/
[2026-07-31T09:21:24Z] #609 attempt=2/2 status=200 0.354s url=https://www.myfonts.com/collections/afinity-slack-font-timelesstype-studio/
[2026-07-31T09:21:24Z] #610 attempt=1/2 status=200 0.331s url=https://www.myfonts.com/products/basseet-naaem-complete-family-package-1186247
[2026-07-31T09:21:25Z] #611 attempt=1/2 status=200 0.383s url=https://www.myfonts.com/collections/basseet-naaem-font-grafikarfonts/
[2026-07-31T09:21:26Z] #612 attempt=1/2 status=200 0.295s url=https://www.myfonts.com/products/fl-zenic-complete-family-package-1186847
[2026-07-31T09:21:26Z] #613 attempt=1/2 status=200 0.335s url=https://www.myfonts.com/collections/fl-zenic-font-font-liner/
[2026-07-31T09:21:26Z] #614 attempt=1/2 status=429 0.018s url=https://www.myfonts.com/products/plumeria-complete-family-package-1188415
[2026-07-31T09:21:29Z] #615 attempt=2/2 status=200 0.447s url=https://www.myfonts.com/products/plumeria-complete-family-package-1188415
[2026-07-31T09:21:30Z] #616 attempt=1/2 status=200 0.447s url=https://www.myfonts.com/collections/plumeria-font-simpletype-studios/
[2026-07-31T09:21:30Z] #617 attempt=1/2 status=200 0.326s url=https://www.myfonts.com/products/the-bilstein-editorial-complete-family-package-1188990
[2026-07-31T09:21:31Z] #618 attempt=1/2 status=200 0.351s url=https://www.myfonts.com/collections/the-bilstein-editorial-font-pista-mova/
[2026-07-31T09:21:32Z] #619 attempt=1/2 status=200 1.013s url=https://www.myfonts.com/products/exedra-complete-family-package-1187845
[2026-07-31T09:21:34Z] #620 attempt=1/2 status=200 1.407s url=https://www.myfonts.com/collections/exedra-font-tipo-p-pel/
[2026-07-31T09:21:35Z] #621 attempt=1/2 status=200 0.303s url=https://www.myfonts.com/products/lumio-complete-family-package-1186844
[2026-07-31T09:21:35Z] #622 attempt=1/2 status=200 0.356s url=https://www.myfonts.com/collections/lumio-font-font-liner/
[2026-07-31T09:21:36Z] #623 attempt=1/2 status=200 0.314s url=https://www.myfonts.com/products/paradise-coastal-complete-family-package-1188350
[2026-07-31T09:21:36Z] #624 attempt=1/2 status=200 0.355s url=https://www.myfonts.com/collections/paradise-coastal-font-amorfa-type/
[2026-07-31T09:21:37Z] #625 attempt=1/2 status=200 0.305s url=https://www.myfonts.com/products/medieval-beasts-complete-family-package-1185969
[2026-07-31T09:21:37Z] #626 attempt=1/2 status=429 0.019s url=https://www.myfonts.com/collections/medieval-beasts-font-kaer/
[2026-07-31T09:21:40Z] #627 attempt=2/2 status=200 0.493s url=https://www.myfonts.com/collections/medieval-beasts-font-kaer/
[2026-07-31T09:21:41Z] #628 attempt=1/2 status=200 0.324s url=https://www.myfonts.com/products/smile-club-complete-family-package-1187585
[2026-07-31T09:21:41Z] #629 attempt=1/2 status=200 0.367s url=https://www.myfonts.com/collections/smile-club-font-amost/
[2026-07-31T09:21:42Z] #630 attempt=1/2 status=200 0.363s url=https://www.myfonts.com/products/archest-complete-family-package-1186245
[2026-07-31T09:21:42Z] #631 attempt=1/2 status=200 0.358s url=https://www.myfonts.com/collections/archest-font-ragamkata/
[2026-07-31T09:21:43Z] #632 attempt=1/2 status=200 0.313s url=https://www.myfonts.com/products/catingal-complete-family-package-1186841
[2026-07-31T09:21:43Z] #633 attempt=1/2 status=429 0.021s url=https://www.myfonts.com/collections/catingal-font-vermilione/
[2026-07-31T09:21:46Z] #634 attempt=2/2 status=200 0.340s url=https://www.myfonts.com/collections/catingal-font-vermilione/
[2026-07-31T09:21:47Z] #635 attempt=1/2 status=200 0.417s url=https://www.myfonts.com/products/subpackage-two-package-1182856
[2026-07-31T09:21:47Z] #636 attempt=1/2 status=200 0.612s url=https://www.myfonts.com/collections/blitti-font-eurotypo/
[2026-07-31T09:21:48Z] #637 attempt=1/2 status=200 0.322s url=https://www.myfonts.com/products/arthouse-cinema-complete-family-package-1186835
[2026-07-31T09:21:49Z] #638 attempt=1/2 status=200 0.318s url=https://www.myfonts.com/collections/arthouse-cinema-font-zeenesia-studio/
[2026-07-31T09:21:49Z] #639 attempt=1/2 status=200 0.293s url=https://www.myfonts.com/products/heksilo-complete-family-package-1187576
[2026-07-31T09:21:49Z] #640 attempt=1/2 status=429 0.019s url=https://www.myfonts.com/collections/heksilo-font-font-liner/
[2026-07-31T09:21:52Z] #641 attempt=2/2 status=200 0.361s url=https://www.myfonts.com/collections/heksilo-font-font-liner/
[2026-07-31T09:21:53Z] #642 attempt=1/2 status=200 0.286s url=https://www.myfonts.com/products/mainer-wisdom-complete-family-package-1185962
[2026-07-31T09:21:53Z] #643 attempt=1/2 status=200 0.314s url=https://www.myfonts.com/collections/mainer-wisdom-font-tini-fitriani/
[2026-07-31T09:21:54Z] #644 attempt=1/2 status=200 0.309s url=https://www.myfonts.com/products/grafilo-complete-family-package-1187570
[2026-07-31T09:21:54Z] #645 attempt=1/2 status=200 0.290s url=https://www.myfonts.com/collections/grafilo-font-font-liner/
[2026-07-31T09:21:55Z] #646 attempt=1/2 status=200 0.283s url=https://www.myfonts.com/products/academic-brush-complete-family-package-1186796
[2026-07-31T09:21:55Z] #647 attempt=1/2 status=429 0.018s url=https://www.myfonts.com/collections/academic-brush-font-yoga-letter/
[2026-07-31T09:21:58Z] #648 attempt=2/2 status=200 0.346s url=https://www.myfonts.com/collections/academic-brush-font-yoga-letter/
[2026-07-31T09:21:59Z] #649 attempt=1/6 status=200 0.761s url=https://www.myfonts.com/products.json?limit=100&page=10
[2026-07-31T09:21:59Z] #650 attempt=1/2 status=200 0.306s url=https://www.myfonts.com/products/mantela-complete-family-package-1186242
[2026-07-31T09:22:00Z] #651 attempt=1/2 status=200 0.304s url=https://www.myfonts.com/collections/mantela-font-vermilione/
[2026-07-31T09:22:01Z] #652 attempt=1/2 status=200 0.351s url=https://www.myfonts.com/products/movira-complete-family-package-1185952
[2026-07-31T09:22:01Z] #653 attempt=1/2 status=200 0.463s url=https://www.myfonts.com/collections/movira-font-steptype/
[2026-07-31T09:22:02Z] #654 attempt=1/2 status=200 0.299s url=https://www.myfonts.com/products/panco-complete-family-package-1187556
[2026-07-31T09:22:02Z] #655 attempt=1/2 status=429 0.020s url=https://www.myfonts.com/collections/panco-font-font-liner/
[2026-07-31T09:22:05Z] #656 attempt=2/2 status=200 0.401s url=https://www.myfonts.com/collections/panco-font-font-liner/
[2026-07-31T09:22:05Z] #657 attempt=1/2 status=200 0.355s url=https://www.myfonts.com/products/gc-monoglitch-complete-family-package-1186774
[2026-07-31T09:22:06Z] #658 attempt=1/2 status=200 0.453s url=https://www.myfonts.com/collections/gc-monoglitch-font-onyx-studio/
[2026-07-31T09:22:07Z] #659 attempt=1/2 status=200 0.298s url=https://www.myfonts.com/products/ratesa-complete-family-package-1186189
[2026-07-31T09:22:07Z] #660 attempt=1/2 status=200 0.324s url=https://www.myfonts.com/collections/ratesa-font-vermilione/
[2026-07-31T09:22:08Z] #661 attempt=1/2 status=200 0.284s url=https://www.myfonts.com/products/olyford-pro-variable-complete-family-package-1188951
[2026-07-31T09:22:08Z] #662 attempt=1/2 status=429 0.023s url=https://www.myfonts.com/collections/olyford-pro-variable-font-nicolass-fonts/
[2026-07-31T09:22:11Z] #663 attempt=2/2 status=200 0.399s url=https://www.myfonts.com/collections/olyford-pro-variable-font-nicolass-fonts/
[2026-07-31T09:22:11Z] #664 attempt=1/2 status=200 0.366s url=https://www.myfonts.com/products/sg-chaps-complete-family-package-1186766
[2026-07-31T09:22:12Z] #665 attempt=1/2 status=200 0.376s url=https://www.myfonts.com/collections/sg-chaps-font-studio-gulden/
[2026-07-31T09:22:13Z] #666 attempt=1/2 status=200 0.271s url=https://www.myfonts.com/products/goxina-complete-family-package-1187553
[2026-07-31T09:22:13Z] #667 attempt=1/2 status=200 0.339s url=https://www.myfonts.com/collections/goxina-font-font-liner/
[2026-07-31T09:22:13Z] #668 attempt=1/2 status=429 0.016s url=https://www.myfonts.com/products/basic-set-package-1189870
[2026-07-31T09:22:16Z] #669 attempt=2/2 status=200 0.367s url=https://www.myfonts.com/products/basic-set-package-1189870
[2026-07-31T09:22:17Z] #670 attempt=1/2 status=200 0.591s url=https://www.myfonts.com/collections/ac-texto-serif-pro-font-antoine-crama/
[2026-07-31T09:22:17Z] #671 attempt=1/2 status=200 0.328s url=https://www.myfonts.com/products/milwaukee-groove-complete-family-package-1182832
[2026-07-31T09:22:18Z] #672 attempt=1/2 status=200 0.392s url=https://www.myfonts.com/collections/milwaukee-groove-font-visualizeunited-fonts/
[2026-07-31T09:22:19Z] #673 attempt=1/2 status=200 0.294s url=https://www.myfonts.com/products/vaoras-complete-family-package-1185948
[2026-07-31T09:22:19Z] #674 attempt=1/2 status=200 0.288s url=https://www.myfonts.com/collections/vaoras-font-timelesstype-studio/
[2026-07-31T09:22:20Z] #675 attempt=1/2 status=200 0.299s url=https://www.myfonts.com/products/bomera-experience-complete-family-package-1187534
[2026-07-31T09:22:20Z] #676 attempt=1/2 status=429 0.018s url=https://www.myfonts.com/collections/bomera-experience-font-vermilione/
[2026-07-31T09:22:23Z] #677 attempt=2/2 status=200 0.371s url=https://www.myfonts.com/collections/bomera-experience-font-vermilione/
[2026-07-31T09:22:23Z] #678 attempt=1/2 status=200 0.306s url=https://www.myfonts.com/products/sg-laipa-complete-family-package-1186742
[2026-07-31T09:22:24Z] #679 attempt=1/2 status=200 0.291s url=https://www.myfonts.com/collections/sg-laipa-font-studio-gulden/
[2026-07-31T09:22:24Z] #680 attempt=1/2 status=200 0.325s url=https://www.myfonts.com/products/fesibel-complete-family-package-1187537
[2026-07-31T09:22:25Z] #681 attempt=1/2 status=200 0.334s url=https://www.myfonts.com/collections/fesibel-font-vermilione/
[2026-07-31T09:22:25Z] #682 attempt=1/2 status=429 0.017s url=https://www.myfonts.com/products/caelvin-complete-family-package-1186763
[2026-07-31T09:22:28Z] #683 attempt=2/2 status=200 0.354s url=https://www.myfonts.com/products/caelvin-complete-family-package-1186763
[2026-07-31T09:22:28Z] #684 attempt=1/2 status=200 0.344s url=https://www.myfonts.com/collections/caelvin-font-muksal-creatives/
[2026-07-31T09:22:29Z] #685 attempt=1/2 status=200 0.309s url=https://www.myfonts.com/products/segala-complete-family-package-1182827
[2026-07-31T09:22:29Z] #686 attempt=1/2 status=200 0.348s url=https://www.myfonts.com/collections/segala-font-marvadesign/
[2026-07-31T09:22:30Z] #687 attempt=1/2 status=429 0.017s url=https://www.myfonts.com/products/thicko-complete-family-package-1186079
[2026-07-31T09:22:32Z] #688 attempt=2/2 status=200 0.403s url=https://www.myfonts.com/products/thicko-complete-family-package-1186079
[2026-07-31T09:22:33Z] #689 attempt=1/2 status=200 0.384s url=https://www.myfonts.com/collections/thicko-font-vermilione/
[2026-07-31T09:22:34Z] #690 attempt=1/2 status=200 0.427s url=https://www.myfonts.com/products/stray-complete-family-package-1188889
[2026-07-31T09:22:35Z] #691 attempt=1/2 status=200 0.620s url=https://www.myfonts.com/collections/stray-font-tour-de-force/
[2026-07-31T09:22:35Z] #692 attempt=1/2 status=200 0.320s url=https://www.myfonts.com/products/signage-heritage-complete-family-package-1182823
[2026-07-31T09:22:35Z] #693 attempt=1/2 status=429 0.021s url=https://www.myfonts.com/collections/signage-heritage-font-tini-fitriani/
[2026-07-31T09:22:38Z] #694 attempt=2/2 status=200 0.355s url=https://www.myfonts.com/collections/signage-heritage-font-tini-fitriani/
[2026-07-31T09:22:39Z] #695 attempt=1/2 status=200 0.361s url=https://www.myfonts.com/products/rigela-complete-family-package-1186005
[2026-07-31T09:22:39Z] #696 attempt=1/2 status=200 0.346s url=https://www.myfonts.com/collections/rigela-font-vermilione/
[2026-07-31T09:22:40Z] #697 attempt=1/2 status=200 0.395s url=https://www.myfonts.com/products/ratch-complete-family-package-package-1187196
[2026-07-31T09:22:41Z] #698 attempt=1/2 status=200 0.453s url=https://www.myfonts.com/collections/ratch-font-roman-melikhov/
[2026-07-31T09:22:41Z] #699 attempt=1/2 status=200 0.345s url=https://www.myfonts.com/products/maride-complete-family-package-1182575
[2026-07-31T09:22:42Z] #700 attempt=1/2 status=200 0.445s url=https://www.myfonts.com/collections/maride-font-ahmet-altun/
[2026-07-31T09:22:42Z] #701 attempt=1/2 status=429 0.018s url=https://www.myfonts.com/products/brakston-complete-family-package-1187832
[2026-07-31T09:22:45Z] #702 attempt=2/2 status=200 0.431s url=https://www.myfonts.com/products/brakston-complete-family-package-1187832
[2026-07-31T09:22:46Z] #703 attempt=1/2 status=200 0.441s url=https://www.myfonts.com/collections/brakston-font-qiubare-studio/
[2026-07-31T09:22:46Z] #704 attempt=1/2 status=200 0.401s url=https://www.myfonts.com/products/chrung-complete-family-package-1188882
[2026-07-31T09:22:47Z] #705 attempt=1/2 status=200 0.425s url=https://www.myfonts.com/collections/chrung-font-anagata-type/
[2026-07-31T09:22:48Z] #706 attempt=1/2 status=200 0.349s url=https://www.myfonts.com/products/luna-rossa-complete-family-package-1187799
[2026-07-31T09:22:48Z] #707 attempt=1/2 status=200 0.453s url=https://www.myfonts.com/collections/luna-rossa-font-larin-type-co/
[2026-07-31T09:22:49Z] #708 attempt=1/2 status=200 0.289s url=https://www.myfonts.com/products/heat-fuigo-waves-complete-family-package-1182572
[2026-07-31T09:22:49Z] #709 attempt=1/2 status=429 0.019s url=https://www.myfonts.com/collections/heat-fuigo-waves-font-maghrib-type/
[2026-07-31T09:22:52Z] #710 attempt=2/2 status=200 0.367s url=https://www.myfonts.com/collections/heat-fuigo-waves-font-maghrib-type/
[2026-07-31T09:22:52Z] #711 attempt=1/2 status=200 0.402s url=https://www.myfonts.com/products/junegull-complete-family-package-1188862
[2026-07-31T09:22:53Z] #712 attempt=1/2 status=200 0.567s url=https://www.myfonts.com/collections/junegull-font-typodermic/
[2026-07-31T09:22:54Z] #713 attempt=1/2 status=200 0.740s url=https://www.myfonts.com/products/acai-system-complete-family-package-1187729
[2026-07-31T09:22:56Z] #714 attempt=1/2 status=200 1.069s url=https://www.myfonts.com/collections/acai-system-font-borutta/
[2026-07-31T09:22:57Z] #715 attempt=1/2 status=200 0.440s url=https://www.myfonts.com/products/goliathus-complete-family-package-1185928
[2026-07-31T09:22:57Z] #716 attempt=1/2 status=200 0.567s url=https://www.myfonts.com/collections/goliathus-font-ghozai-studio/
[2026-07-31T09:22:58Z] #717 attempt=1/2 status=200 0.283s url=https://www.myfonts.com/products/perfect-timing-complete-family-package-1186850
[2026-07-31T09:22:59Z] #718 attempt=1/2 status=200 0.381s url=https://www.myfonts.com/collections/perfect-timing-font-pizzadude-dk/
[2026-07-31T09:23:00Z] #719 attempt=1/2 status=200 0.739s url=https://www.myfonts.com/products/arfielle-complete-family-package-1188257
[2026-07-31T09:23:00Z] #720 attempt=1/2 status=429 0.019s url=https://www.myfonts.com/collections/arfielle-font-ulfa-foundry/
[2026-07-31T09:23:04Z] #721 attempt=2/2 status=200 1.388s url=https://www.myfonts.com/collections/arfielle-font-ulfa-foundry/
[2026-07-31T09:23:04Z] #722 attempt=1/2 status=200 0.311s url=https://www.myfonts.com/products/adeco-complete-family-package-1186831
[2026-07-31T09:23:05Z] #723 attempt=1/2 status=200 0.346s url=https://www.myfonts.com/collections/adeco-font-grontype/
[2026-07-31T09:23:06Z] #724 attempt=1/2 status=200 0.396s url=https://www.myfonts.com/products/larieno-complete-family-package-1188843
[2026-07-31T09:23:06Z] #725 attempt=1/2 status=200 0.568s url=https://www.myfonts.com/collections/larieno-font-zafara-studios/
[2026-07-31T09:23:07Z] #726 attempt=1/2 status=200 0.343s url=https://www.myfonts.com/products/signatum-complete-family-package-1187715
[2026-07-31T09:23:08Z] #727 attempt=1/2 status=200 0.410s url=https://www.myfonts.com/collections/signatum-font-artisticandunique/
[2026-07-31T09:23:08Z] #728 attempt=1/2 status=200 0.300s url=https://www.myfonts.com/products/burjotea-complete-family-package-1182569
[2026-07-31T09:23:09Z] #729 attempt=1/2 status=200 0.336s url=https://www.myfonts.com/collections/burjotea-font-letterytz/
[2026-07-31T09:23:09Z] #730 attempt=1/2 status=429 0.018s url=https://www.myfonts.com/products/qittchen-complete-family-package-1189810
[2026-07-31T09:23:12Z] #731 attempt=2/2 status=200 0.415s url=https://www.myfonts.com/products/qittchen-complete-family-package-1189810
[2026-07-31T09:23:12Z] #732 attempt=1/2 status=200 0.382s url=https://www.myfonts.com/collections/qittchen-font-nollev/
[2026-07-31T09:23:13Z] #733 attempt=1/2 status=200 0.356s url=https://www.myfonts.com/products/penlore-complete-family-package-1186819
[2026-07-31T09:23:14Z] #734 attempt=1/2 status=200 0.425s url=https://www.myfonts.com/collections/penlore-font-vp-creative-shop/
[2026-07-31T09:23:15Z] #735 attempt=1/2 status=200 0.449s url=https://www.myfonts.com/products/halsara-complete-family-package-1189059
[2026-07-31T09:23:15Z] #736 attempt=1/2 status=200 0.540s url=https://www.myfonts.com/collections/halsara-font-glyphminds-studios/
[2026-07-31T09:23:16Z] #737 attempt=1/2 status=200 0.345s url=https://www.myfonts.com/products/buttera-complete-family-package-1187699
[2026-07-31T09:23:16Z] #738 attempt=1/2 status=429 0.018s url=https://www.myfonts.com/collections/buttera-font-ampertype/
[2026-07-31T09:23:19Z] #739 attempt=2/2 status=200 0.550s url=https://www.myfonts.com/collections/buttera-font-ampertype/
[2026-07-31T09:23:20Z] #740 attempt=1/2 status=200 0.285s url=https://www.myfonts.com/products/konyaku-complete-family-package-1182566
[2026-07-31T09:23:20Z] #741 attempt=1/2 status=200 0.347s url=https://www.myfonts.com/collections/konyaku-font-letterytz/
[2026-07-31T09:23:21Z] #742 attempt=1/2 status=200 0.493s url=https://www.myfonts.com/products/basic-set-package-1188840
[2026-07-31T09:23:22Z] #743 attempt=1/2 status=200 0.585s url=https://www.myfonts.com/collections/ac-texto-font-antoine-crama/
[2026-07-31T09:23:23Z] #744 attempt=1/2 status=200 0.720s url=https://www.myfonts.com/products/angita-complete-family-package-1187606
[2026-07-31T09:23:24Z] #745 attempt=1/2 status=200 1.098s url=https://www.myfonts.com/collections/angita-font-ulfa-foundry/
[2026-07-31T09:23:25Z] #746 attempt=1/2 status=200 0.291s url=https://www.myfonts.com/products/zia-worldera-complete-family-package-1186816
[2026-07-31T09:23:26Z] #747 attempt=1/2 status=200 0.309s url=https://www.myfonts.com/collections/zia-worldera-font-zia-creative-studio/
[2026-07-31T09:23:26Z] #748 attempt=1/2 status=200 0.425s url=https://www.myfonts.com/products/horiva-sans-complete-family-package-1189036
[2026-07-31T09:23:27Z] #749 attempt=1/2 status=200 0.655s url=https://www.myfonts.com/collections/horiva-sans-font-lettertype-studio/
[2026-07-31T09:23:28Z] #750 attempt=1/2 status=200 0.297s url=https://www.myfonts.com/products/champio-pucho-complete-family-package-1182563
[2026-07-31T09:23:28Z] #751 attempt=1/2 status=429 0.020s url=https://www.myfonts.com/collections/champio-pucho-font-letterytz/
[2026-07-31T09:23:31Z] #752 attempt=2/2 status=200 0.346s url=https://www.myfonts.com/collections/champio-pucho-font-letterytz/
[2026-07-31T09:23:31Z] #753 attempt=1/2 status=200 0.327s url=https://www.myfonts.com/products/cendrick-node-complete-family-package-1188995
[2026-07-31T09:23:32Z] #754 attempt=1/2 status=200 0.345s url=https://www.myfonts.com/collections/cendrick-node-font-ragamkata/
[2026-07-31T09:23:33Z] #755 attempt=1/2 status=200 0.383s url=https://www.myfonts.com/products/ostalgie-complete-family-package-1188242
[2026-07-31T09:23:33Z] #756 attempt=1/2 status=200 0.513s url=https://www.myfonts.com/collections/ostalgie-font-hanoi-cartel/
[2026-07-31T09:23:34Z] #757 attempt=1/2 status=200 0.386s url=https://www.myfonts.com/products/iron-prairie-complete-family-package-1187597
[2026-07-31T09:23:34Z] #758 attempt=1/2 status=429 0.021s url=https://www.myfonts.com/collections/iron-prairie-font-mevstory-studio/
[2026-07-31T09:23:37Z] #759 attempt=2/2 status=200 0.453s url=https://www.myfonts.com/collections/iron-prairie-font-mevstory-studio/
[2026-07-31T09:23:37Z] #760 attempt=1/2 status=200 0.327s url=https://www.myfonts.com/products/tirah-monk-complete-family-package-1186812
[2026-07-31T09:23:38Z] #761 attempt=1/2 status=200 0.358s url=https://www.myfonts.com/collections/tirah-monk-font-casloop-studio/
[2026-07-31T09:23:39Z] #762 attempt=1/2 status=200 0.425s url=https://www.myfonts.com/products/glamour-avegato-complete-family-package-1188231
[2026-07-31T09:23:40Z] #763 attempt=1/2 status=200 0.454s url=https://www.myfonts.com/collections/glamour-avegato-font-vermilione/
[2026-07-31T09:23:40Z] #764 attempt=1/2 status=200 0.347s url=https://www.myfonts.com/products/qinky-complete-family-package-1187589
[2026-07-31T09:23:40Z] #765 attempt=1/2 status=429 0.024s url=https://www.myfonts.com/collections/qinky-font-nazmulsdesign/
[2026-07-31T09:23:43Z] #766 attempt=2/2 status=200 0.400s url=https://www.myfonts.com/collections/qinky-font-nazmulsdesign/
[2026-07-31T09:23:44Z] #767 attempt=1/2 status=200 0.334s url=https://www.myfonts.com/products/monfy-complete-family-package-1186802
[2026-07-31T09:23:44Z] #768 attempt=1/2 status=200 0.432s url=https://www.myfonts.com/collections/monfy-font-casloop-studio/
[2026-07-31T09:23:45Z] #769 attempt=1/2 status=200 0.310s url=https://www.myfonts.com/products/kovela-complete-family-package-1188986
[2026-07-31T09:23:45Z] #770 attempt=1/2 status=200 0.352s url=https://www.myfonts.com/collections/kovela-font-vermilione/
[2026-07-31T09:23:47Z] #771 attempt=1/6 status=200 0.860s url=https://www.myfonts.com/products.json?limit=100&page=11
[2026-07-31T09:23:48Z] #772 attempt=1/2 status=200 0.353s url=https://www.myfonts.com/products/regular-jueves-santo-1189555
[2026-07-31T09:23:48Z] #773 attempt=1/2 status=200 0.384s url=https://www.myfonts.com/collections/jueves-santo-font-woodcutter/
[2026-07-31T09:23:48Z] #774 attempt=1/2 status=429 0.017s url=https://www.myfonts.com/products/regular-eastern-blackletter-1189534
[2026-07-31T09:23:51Z] #775 attempt=2/2 status=200 0.319s url=https://www.myfonts.com/products/regular-eastern-blackletter-1189534
[2026-07-31T09:23:52Z] #776 attempt=1/2 status=200 0.304s url=https://www.myfonts.com/collections/eastern-blackletter-font-kaer/
[2026-07-31T09:23:53Z] #777 attempt=1/6 status=200 0.763s url=https://www.myfonts.com/products.json?limit=100&page=12
[2026-07-31T09:23:53Z] #778 attempt=1/2 status=200 0.291s url=https://www.myfonts.com/products/regular-polisher-1189019
[2026-07-31T09:23:54Z] #779 attempt=1/2 status=200 0.288s url=https://www.myfonts.com/collections/polisher-font-alpaprana/
[2026-07-31T09:23:54Z] #780 attempt=1/2 status=200 0.295s url=https://www.myfonts.com/products/regular-gothmora-signature-1189533
[2026-07-31T09:23:55Z] #781 attempt=1/2 status=200 0.284s url=https://www.myfonts.com/collections/gothmora-signature-font-pointlab/
[2026-07-31T09:23:55Z] #782 attempt=1/2 status=429 0.021s url=https://www.myfonts.com/products/regular-delverie-1189018
[2026-07-31T09:23:58Z] #783 attempt=2/2 status=200 0.291s url=https://www.myfonts.com/products/regular-delverie-1189018
[2026-07-31T09:23:58Z] #784 attempt=1/2 status=200 0.271s url=https://www.myfonts.com/collections/delverie-font-only-fonts/
[2026-07-31T09:23:59Z] #785 attempt=1/2 status=200 0.279s url=https://www.myfonts.com/products/finer-regular-finer-1189017
[2026-07-31T09:23:59Z] #786 attempt=1/2 status=200 0.312s url=https://www.myfonts.com/collections/finer-font-maikohatta/
[2026-07-31T09:24:00Z] #787 attempt=1/2 status=200 0.294s url=https://www.myfonts.com/products/regular-voxter-1189014
[2026-07-31T09:24:00Z] #788 attempt=1/2 status=429 0.019s url=https://www.myfonts.com/collections/voxter-font-modikstype/
[2026-07-31T09:24:03Z] #789 attempt=2/2 status=200 0.321s url=https://www.myfonts.com/collections/voxter-font-modikstype/
[2026-07-31T09:24:04Z] #790 attempt=1/6 status=200 0.832s url=https://www.myfonts.com/products.json?limit=100&page=13
[2026-07-31T09:24:05Z] #791 attempt=1/6 status=200 0.700s url=https://www.myfonts.com/products.json?limit=100&page=14
[2026-07-31T09:24:06Z] #792 attempt=1/2 status=200 0.274s url=https://www.myfonts.com/products/regular-kari-sea-1189058
[2026-07-31T09:24:06Z] #793 attempt=1/2 status=200 0.300s url=https://www.myfonts.com/collections/kari-sea-font-gian-studio/
[2026-07-31T09:24:08Z] #794 attempt=1/6 status=200 0.824s url=https://www.myfonts.com/products.json?limit=100&page=15
[2026-07-31T09:24:08Z] #795 attempt=1/2 status=200 0.263s url=https://www.myfonts.com/products/regular-chronos-galaxia-1188565
[2026-07-31T09:24:09Z] #796 attempt=1/2 status=200 0.306s url=https://www.myfonts.com/collections/chronos-galaxia-font-tini-fitriani/
[2026-07-31T09:24:09Z] #797 attempt=1/2 status=200 0.285s url=https://www.myfonts.com/products/regular-borsen-1188530
[2026-07-31T09:24:10Z] #798 attempt=1/2 status=200 0.306s url=https://www.myfonts.com/collections/borsen-font-rasio-studio/
[2026-07-31T09:24:10Z] #799 attempt=1/2 status=429 0.043s url=https://www.myfonts.com/products/regular-kervain-1188529
[2026-07-31T09:24:13Z] #800 attempt=2/2 status=200 0.336s url=https://www.myfonts.com/products/regular-kervain-1188529
[2026-07-31T09:24:13Z] #801 attempt=1/2 status=200 0.248s url=https://www.myfonts.com/collections/kervain-font-rasio-studio/
[2026-07-31T09:24:14Z] #802 attempt=1/2 status=200 0.257s url=https://www.myfonts.com/products/regular-chunky-joy-1188564
[2026-07-31T09:24:14Z] #803 attempt=1/2 status=200 0.246s url=https://www.myfonts.com/collections/chunky-joy-font-maghrib-type/
[2026-07-31T09:24:15Z] #804 attempt=1/2 status=200 0.294s url=https://www.myfonts.com/products/regular-zigwo-black-1188525
[2026-07-31T09:24:15Z] #805 attempt=1/2 status=429 0.021s url=https://www.myfonts.com/collections/zigwo-black-font-letterhanna-studio/
[2026-07-31T09:24:18Z] #806 attempt=2/2 status=200 0.305s url=https://www.myfonts.com/collections/zigwo-black-font-letterhanna-studio/
[2026-07-31T09:24:18Z] #807 attempt=1/2 status=200 0.294s url=https://www.myfonts.com/products/regular-cyberola-1188524
[2026-07-31T09:24:19Z] #808 attempt=1/2 status=200 0.304s url=https://www.myfonts.com/collections/cyberola-font-drizy-font/
[2026-07-31T09:24:19Z] #809 attempt=1/2 status=200 0.266s url=https://www.myfonts.com/products/regular-atomic-circle-1188520
[2026-07-31T09:24:19Z] #810 attempt=1/2 status=429 0.021s url=https://www.myfonts.com/collections/atomic-circle-font-amost/
[2026-07-31T09:24:22Z] #811 attempt=2/2 status=200 0.337s url=https://www.myfonts.com/collections/atomic-circle-font-amost/
[2026-07-31T09:24:23Z] #812 attempt=1/2 status=200 0.308s url=https://www.myfonts.com/products/regular-ashensoul-1188227
[2026-07-31T09:24:23Z] #813 attempt=1/2 status=200 0.287s url=https://www.myfonts.com/collections/ashensoul-font-denustudio/
[2026-07-31T09:24:24Z] #814 attempt=1/6 status=200 0.725s url=https://www.myfonts.com/products.json?limit=100&page=16
[2026-07-31T09:24:25Z] #815 attempt=1/2 status=200 0.273s url=https://www.myfonts.com/products/script-wild-faroes-cyrillic-1188842
[2026-07-31T09:24:25Z] #816 attempt=1/2 status=200 0.315s url=https://www.myfonts.com/collections/wild-faroes-cyrillic-font-ira-dvilyuk/
[2026-07-31T09:24:26Z] #817 attempt=1/2 status=200 0.265s url=https://www.myfonts.com/products/regular-magden-valse-cyrillic-1188841
[2026-07-31T09:24:26Z] #818 attempt=1/2 status=429 0.020s url=https://www.myfonts.com/collections/magden-valse-cyrillic-font-ira-dvilyuk/
[2026-07-31T09:24:29Z] #819 attempt=2/2 status=200 0.327s url=https://www.myfonts.com/collections/magden-valse-cyrillic-font-ira-dvilyuk/
[2026-07-31T09:24:29Z] #820 attempt=1/2 status=200 0.274s url=https://www.myfonts.com/products/regular-ashenpiky-1188223
[2026-07-31T09:24:30Z] #821 attempt=1/2 status=200 0.320s url=https://www.myfonts.com/collections/ashenpiky-font-jaruka-creative/
[2026-07-31T09:24:31Z] #822 attempt=1/6 status=200 0.839s url=https://www.myfonts.com/products.json?limit=100&page=17
[2026-07-31T09:24:32Z] #823 attempt=1/2 status=200 0.280s url=https://www.myfonts.com/products/regular-dalan-cidro-1188222
[2026-07-31T09:24:32Z] #824 attempt=1/2 status=200 0.273s url=https://www.myfonts.com/collections/dalan-cidro-font-heavyrain/
[2026-07-31T09:24:33Z] #825 attempt=1/2 status=200 0.281s url=https://www.myfonts.com/products/quiyo-regular-quiyo-1189764
[2026-07-31T09:24:33Z] #826 attempt=1/2 status=429 0.019s url=https://www.myfonts.com/collections/quiyo-font-maikohatta/
[2026-07-31T09:24:36Z] #827 attempt=2/2 status=200 0.326s url=https://www.myfonts.com/collections/quiyo-font-maikohatta/
[2026-07-31T09:24:36Z] #828 attempt=1/2 status=200 0.300s url=https://www.myfonts.com/products/regular-basori-1187569
[2026-07-31T09:24:37Z] #829 attempt=1/2 status=200 0.278s url=https://www.myfonts.com/collections/basori-font-pekotype/
[2026-07-31T09:24:37Z] #830 attempt=1/2 status=200 0.329s url=https://www.myfonts.com/products/regular-runchis-1188221
[2026-07-31T09:24:38Z] #831 attempt=1/2 status=200 0.300s url=https://www.myfonts.com/collections/runchis-font-flawlessandco/
[2026-07-31T09:24:38Z] #832 attempt=1/2 status=429 0.022s url=https://www.myfonts.com/products/regular-callisse-1186859
[2026-07-31T09:24:41Z] #833 attempt=2/2 status=200 0.285s url=https://www.myfonts.com/products/regular-callisse-1186859
[2026-07-31T09:24:41Z] #834 attempt=1/2 status=200 0.288s url=https://www.myfonts.com/collections/callisse-font-typoraith-co/
[2026-07-31T09:24:42Z] #835 attempt=1/2 status=200 0.294s url=https://www.myfonts.com/products/regular-bitstream-screen-1188171
[2026-07-31T09:24:42Z] #836 attempt=1/2 status=200 0.284s url=https://www.myfonts.com/collections/bitstream-screen-font-tini-fitriani/
[2026-07-31T09:24:44Z] #837 attempt=1/6 status=200 0.805s url=https://www.myfonts.com/products.json?limit=100&page=18
[2026-07-31T09:24:44Z] #838 attempt=1/2 status=200 0.309s url=https://www.myfonts.com/products/augustale-slant-regular-augustale-duo-1189671
[2026-07-31T09:24:44Z] #839 attempt=1/2 status=429 0.020s url=https://www.myfonts.com/collections/augustale-duo-font-meutuwah/
[2026-07-31T09:24:47Z] #840 attempt=2/2 status=200 0.478s url=https://www.myfonts.com/collections/augustale-duo-font-meutuwah/
[2026-07-31T09:24:48Z] #841 attempt=1/2 status=200 0.321s url=https://www.myfonts.com/products/regular-chocovan-groovy-1186858
[2026-07-31T09:24:48Z] #842 attempt=1/2 status=200 0.335s url=https://www.myfonts.com/collections/chocovan-groovy-font-claymoon-lab-studio/
[2026-07-31T09:24:49Z] #843 attempt=1/2 status=200 0.295s url=https://www.myfonts.com/products/regular-travis-brush-1186840
[2026-07-31T09:24:49Z] #844 attempt=1/2 status=200 0.283s url=https://www.myfonts.com/collections/travis-brush-font-morisco-studio/
[2026-07-31T09:24:50Z] #845 attempt=1/2 status=200 0.268s url=https://www.myfonts.com/products/regular-ancorze-1186839
[2026-07-31T09:24:50Z] #846 attempt=1/2 status=429 0.019s url=https://www.myfonts.com/collections/ancorze-font-taznix-creative/
[2026-07-31T09:24:53Z] #847 attempt=2/2 status=200 0.311s url=https://www.myfonts.com/collections/ancorze-font-taznix-creative/
[2026-07-31T09:24:53Z] #848 attempt=1/2 status=200 0.277s url=https://www.myfonts.com/products/regular-boltron-1186838
[2026-07-31T09:24:54Z] #849 attempt=1/2 status=200 0.285s url=https://www.myfonts.com/collections/boltron-font-bimaksara/
[2026-07-31T09:24:55Z] #850 attempt=1/6 status=200 0.723s url=https://www.myfonts.com/products.json?limit=100&page=19
[2026-07-31T09:24:56Z] #851 attempt=1/2 status=200 0.268s url=https://www.myfonts.com/products/regular-cloudwink-1188209
[2026-07-31T09:24:56Z] #852 attempt=1/2 status=200 0.277s url=https://www.myfonts.com/collections/cloudwink-font-letterhanna-studio/
[2026-07-31T09:24:56Z] #853 attempt=1/2 status=429 0.018s url=https://www.myfonts.com/products/oblique-vorixon-1189569
[2026-07-31T09:24:59Z] #854 attempt=2/2 status=200 0.326s url=https://www.myfonts.com/products/oblique-vorixon-1189569
[2026-07-31T09:24:59Z] #855 attempt=1/2 status=200 0.304s url=https://www.myfonts.com/collections/vorixon-font-mei-suseno/
[2026-07-31T09:25:00Z] #856 attempt=1/2 status=200 0.297s url=https://www.myfonts.com/products/smooth-blegr-1189566
[2026-07-31T09:25:00Z] #857 attempt=1/2 status=429 0.021s url=https://www.myfonts.com/collections/blegr-font-grontype/
[2026-07-31T09:25:03Z] #858 attempt=2/2 status=200 0.343s url=https://www.myfonts.com/collections/blegr-font-grontype/
[2026-07-31T09:25:04Z] #859 attempt=1/6 status=200 0.770s url=https://www.myfonts.com/products.json?limit=100&page=20
[2026-07-31T09:25:05Z] #860 attempt=1/2 status=200 0.285s url=https://www.myfonts.com/products/black-regular-politoxicomano-vikingo-1189563
[2026-07-31T09:25:05Z] #861 attempt=1/2 status=200 0.350s url=https://www.myfonts.com/collections/politoxicomano-vikingo-font-woodcutter/
[2026-07-31T09:25:06Z] #862 attempt=1/2 status=200 0.257s url=https://www.myfonts.com/products/regular-gryphire-black-1186773
[2026-07-31T09:25:06Z] #863 attempt=1/2 status=200 0.260s url=https://www.myfonts.com/collections/gryphire-black-font-alit-design/
[2026-07-31T09:25:07Z] #864 attempt=1/2 status=429 0.018s url=https://www.myfonts.com/products/black-regular-no-club-lone-wolf-1189559
[2026-07-31T09:25:09Z] #865 attempt=2/2 status=200 0.342s url=https://www.myfonts.com/products/black-regular-no-club-lone-wolf-1189559
[2026-07-31T09:25:10Z] #866 attempt=1/2 status=200 0.284s url=https://www.myfonts.com/collections/no-club-lone-wolf-font-woodcutter/
[2026-07-31T09:25:10Z] #867 attempt=1/2 status=200 0.266s url=https://www.myfonts.com/products/regular-really-nice-1188362
[2026-07-31T09:25:11Z] #868 attempt=1/2 status=200 0.264s url=https://www.myfonts.com/collections/really-nice-font-amost/
[2026-07-31T09:25:12Z] #869 attempt=1/6 status=200 0.816s url=https://www.myfonts.com/products.json?limit=100&page=21
[2026-07-31T09:25:12Z] #870 attempt=1/2 status=200 0.265s url=https://www.myfonts.com/products/regular-mosh-cube-1188181
[2026-07-31T09:25:13Z] #871 attempt=1/2 status=200 0.293s url=https://www.myfonts.com/collections/mosh-cube-font-jinan-studio/
[2026-07-31T09:25:13Z] #872 attempt=1/2 status=429 0.019s url=https://www.myfonts.com/products/regular-paradisea-1188180
[2026-07-31T09:25:16Z] #873 attempt=2/2 status=200 0.341s url=https://www.myfonts.com/products/regular-paradisea-1188180
[2026-07-31T09:25:16Z] #874 attempt=1/2 status=200 0.316s url=https://www.myfonts.com/collections/paradisea-font-sipanji21/
[2026-07-31T09:25:17Z] #875 attempt=1/2 status=200 0.273s url=https://www.myfonts.com/products/regular-quatro-silamy-1188160
[2026-07-31T09:25:17Z] #876 attempt=1/2 status=200 0.266s url=https://www.myfonts.com/collections/quatro-silamy-font-ayska/
[2026-07-31T09:25:18Z] #877 attempt=1/2 status=200 0.270s url=https://www.myfonts.com/products/regular-rockwave-1187895
[2026-07-31T09:25:18Z] #878 attempt=1/2 status=429 0.019s url=https://www.myfonts.com/collections/rockwave-font-epiclinez/
[2026-07-31T09:25:21Z] #879 attempt=2/2 status=200 0.285s url=https://www.myfonts.com/collections/rockwave-font-epiclinez/
[2026-07-31T09:25:21Z] #880 attempt=1/2 status=200 0.258s url=https://www.myfonts.com/products/regular-meloriac-1187844
[2026-07-31T09:25:22Z] #881 attempt=1/2 status=200 0.276s url=https://www.myfonts.com/collections/meloriac-font-typodermic/
[2026-07-31T09:25:22Z] #882 attempt=1/2 status=200 0.270s url=https://www.myfonts.com/products/regular-archbolt-1186857
[2026-07-31T09:25:23Z] #883 attempt=1/2 status=200 0.270s url=https://www.myfonts.com/collections/archbolt-font-letterhanna-studio/
[2026-07-31T09:25:23Z] #884 attempt=1/2 status=429 0.017s url=https://www.myfonts.com/products/regular-puerile-display-1188136
[2026-07-31T09:25:26Z] #885 attempt=2/2 status=200 0.301s url=https://www.myfonts.com/products/regular-puerile-display-1188136
[2026-07-31T09:25:26Z] #886 attempt=1/2 status=200 0.264s url=https://www.myfonts.com/collections/puerile-display-font-applied-systems-design-studio/
[2026-07-31T09:25:27Z] #887 attempt=1/2 status=200 0.288s url=https://www.myfonts.com/products/regular-claycraft-1187416
[2026-07-31T09:25:27Z] #888 attempt=1/2 status=200 0.298s url=https://www.myfonts.com/collections/claycraft-font-hipfonts/
[2026-07-31T09:25:29Z] #889 attempt=1/6 status=200 0.909s url=https://www.myfonts.com/products.json?limit=100&page=22
[2026-07-31T09:25:29Z] #890 attempt=1/2 status=200 0.302s url=https://www.myfonts.com/products/regular-rinasari-1188179
[2026-07-31T09:25:29Z] #891 attempt=1/2 status=429 0.022s url=https://www.myfonts.com/collections/rinasari-font-morisco-studio/
[2026-07-31T09:25:32Z] #892 attempt=2/2 status=200 0.355s url=https://www.myfonts.com/collections/rinasari-font-morisco-studio/
[2026-07-31T09:25:33Z] #893 attempt=1/2 status=200 0.265s url=https://www.myfonts.com/products/regular-castela-molgate-1187579
[2026-07-31T09:25:33Z] #894 attempt=1/2 status=200 0.312s url=https://www.myfonts.com/collections/castela-molgate-font-amost/
[2026-07-31T09:25:34Z] #895 attempt=1/2 status=200 0.263s url=https://www.myfonts.com/products/regular-kyle-luther-1187486
[2026-07-31T09:25:34Z] #896 attempt=1/2 status=200 0.267s url=https://www.myfonts.com/collections/kyle-luther-font-morisco-studio/
[2026-07-31T09:25:34Z] #897 attempt=1/2 status=429 0.016s url=https://www.myfonts.com/products/regular-botaric-1187218
[2026-07-31T09:25:37Z] #898 attempt=2/2 status=200 0.298s url=https://www.myfonts.com/products/regular-botaric-1187218
[2026-07-31T09:25:37Z] #899 attempt=1/2 status=200 0.272s url=https://www.myfonts.com/collections/botaric-font-super-dust/
[2026-07-31T09:25:38Z] #900 attempt=1/2 status=200 0.293s url=https://www.myfonts.com/products/regular-funkids-1187217
[2026-07-31T09:25:39Z] #901 attempt=1/2 status=200 0.366s url=https://www.myfonts.com/collections/funkids-font-flawlessandco/
[2026-07-31T09:25:40Z] #902 attempt=1/6 status=200 0.752s url=https://www.myfonts.com/products.json?limit=100&page=23
[2026-07-31T09:25:40Z] #903 attempt=1/2 status=200 0.299s url=https://www.myfonts.com/products/regular-breluna-1187216
[2026-07-31T09:25:41Z] #904 attempt=1/2 status=200 0.293s url=https://www.myfonts.com/collections/breluna-font-only-fonts/
[2026-07-31T09:25:41Z] #905 attempt=1/2 status=429 0.021s url=https://www.myfonts.com/products/regular-mount-climb-1187580
[2026-07-31T09:25:44Z] #906 attempt=2/2 status=200 0.404s url=https://www.myfonts.com/products/regular-mount-climb-1187580
[2026-07-31T09:25:44Z] #907 attempt=1/2 status=200 0.323s url=https://www.myfonts.com/collections/mount-climb-font-struggle-studio/
[2026-07-31T09:25:45Z] #908 attempt=1/2 status=200 0.272s url=https://www.myfonts.com/products/regular-acidik-1187215
[2026-07-31T09:25:45Z] #909 attempt=1/2 status=200 0.293s url=https://www.myfonts.com/collections/acidik-font-only-fonts/
[2026-07-31T09:25:46Z] #910 attempt=1/2 status=200 0.273s url=https://www.myfonts.com/products/regular-vitult-1187214
[2026-07-31T09:25:46Z] #911 attempt=1/2 status=429 0.026s url=https://www.myfonts.com/collections/vitult-font-only-fonts/
[2026-07-31T09:25:49Z] #912 attempt=2/2 status=200 0.374s url=https://www.myfonts.com/collections/vitult-font-only-fonts/
[2026-07-31T09:25:49Z] #913 attempt=1/2 status=200 0.294s url=https://www.myfonts.com/products/regular-ravliza-1187213
[2026-07-31T09:25:50Z] #914 attempt=1/2 status=200 0.354s url=https://www.myfonts.com/collections/ravliza-font-only-fonts/
[2026-07-31T09:25:51Z] #915 attempt=1/2 status=200 0.274s url=https://www.myfonts.com/products/regular-faelori-1187212
[2026-07-31T09:25:51Z] #916 attempt=1/2 status=200 0.274s url=https://www.myfonts.com/collections/faelori-font-only-fonts/
[2026-07-31T09:25:53Z] #917 attempt=1/6 status=200 0.912s url=https://www.myfonts.com/products.json?limit=100&page=24
[2026-07-31T09:25:53Z] #918 attempt=1/2 status=200 0.266s url=https://www.myfonts.com/products/regular-common-place-1186638
[2026-07-31T09:25:53Z] #919 attempt=1/2 status=429 0.020s url=https://www.myfonts.com/collections/common-place-font-letterhend/
[2026-07-31T09:25:56Z] #920 attempt=2/2 status=200 0.328s url=https://www.myfonts.com/collections/common-place-font-letterhend/
[2026-07-31T09:25:56Z] #921 attempt=1/2 status=200 0.238s url=https://www.myfonts.com/products/regular-almari-1187211
[2026-07-31T09:25:57Z] #922 attempt=1/2 status=200 0.269s url=https://www.myfonts.com/collections/almari-font-only-fonts/
[2026-07-31T09:25:57Z] #923 attempt=1/2 status=200 0.259s url=https://www.myfonts.com/products/regular-zfrhythm-1186670
[2026-07-31T09:25:58Z] #924 attempt=1/2 status=200 0.310s url=https://www.myfonts.com/collections/zfrhythm-font-zoofont/
[2026-07-31T09:25:58Z] #925 attempt=1/2 status=429 0.017s url=https://www.myfonts.com/products/regular-sogea-1186745
[2026-07-31T09:26:01Z] #926 attempt=2/2 status=200 0.347s url=https://www.myfonts.com/products/regular-sogea-1186745
[2026-07-31T09:26:01Z] #927 attempt=1/2 status=200 0.264s url=https://www.myfonts.com/collections/sogea-font-pandeka-studio/
[2026-07-31T09:26:02Z] #928 attempt=1/2 status=200 0.272s url=https://www.myfonts.com/products/regular-barisan-patah-hati-1186669
[2026-07-31T09:26:02Z] #929 attempt=1/2 status=429 0.019s url=https://www.myfonts.com/collections/barisan-patah-hati-font-heavyrain/
[2026-07-31T09:26:05Z] #930 attempt=2/2 status=200 0.307s url=https://www.myfonts.com/collections/barisan-patah-hati-font-heavyrain/
[2026-07-31T09:26:05Z] #931 attempt=1/2 status=200 0.276s url=https://www.myfonts.com/products/regular-misty-cloud-1187467
[2026-07-31T09:26:06Z] #932 attempt=1/2 status=200 0.403s url=https://www.myfonts.com/collections/misty-cloud-font-heinzel-std/
[2026-07-31T09:26:06Z] #933 attempt=1/2 status=200 0.303s url=https://www.myfonts.com/products/regular-articullare-1186741
[2026-07-31T09:26:07Z] #934 attempt=1/2 status=200 0.253s url=https://www.myfonts.com/collections/articullare-font-rahagita-type/
[2026-07-31T09:26:07Z] #935 attempt=1/2 status=429 0.018s url=https://www.myfonts.com/products/regular-smigle-1186668
[2026-07-31T09:26:10Z] #936 attempt=2/2 status=200 0.321s url=https://www.myfonts.com/products/regular-smigle-1186668
[2026-07-31T09:26:10Z] #937 attempt=1/2 status=200 0.277s url=https://www.myfonts.com/collections/smigle-font-limitype/
[2026-07-31T09:26:11Z] #938 attempt=1/2 status=200 0.311s url=https://www.myfonts.com/products/regular-cottera-1186740
[2026-07-31T09:26:11Z] #939 attempt=1/2 status=200 0.304s url=https://www.myfonts.com/collections/cottera-font-rasio-studio/
[2026-07-31T09:26:13Z] #940 attempt=1/6 status=200 0.815s url=https://www.myfonts.com/products.json?limit=100&page=25
[2026-07-31T09:26:13Z] #941 attempt=1/2 status=200 0.274s url=https://www.myfonts.com/products/regular-caffine-1186633
[2026-07-31T09:26:13Z] #942 attempt=1/2 status=429 0.021s url=https://www.myfonts.com/collections/caffine-font-inipagi/
[2026-07-31T09:26:16Z] #943 attempt=2/2 status=200 0.313s url=https://www.myfonts.com/collections/caffine-font-inipagi/
[2026-07-31T09:26:16Z] #944 attempt=1/2 status=200 0.267s url=https://www.myfonts.com/products/signature-emergent-1186629
[2026-07-31T09:26:17Z] #945 attempt=1/2 status=200 0.350s url=https://www.myfonts.com/collections/emergent-font-collectype/
[2026-07-31T09:26:18Z] #946 attempt=1/2 status=200 0.272s url=https://www.myfonts.com/products/regular-bakerian-1186702
[2026-07-31T09:26:18Z] #947 attempt=1/2 status=200 0.273s url=https://www.myfonts.com/collections/bakerian-font-sensatype-studio/
[2026-07-31T09:26:18Z] #948 attempt=1/2 status=429 0.020s url=https://www.myfonts.com/products/regular-paduloki-1187463
[2026-07-31T09:26:21Z] #949 attempt=2/2 status=200 0.291s url=https://www.myfonts.com/products/regular-paduloki-1187463
[2026-07-31T09:26:21Z] #950 attempt=1/2 status=200 0.289s url=https://www.myfonts.com/collections/paduloki-font-letterhanna-studio/
[2026-07-31T09:26:22Z] #951 attempt=1/2 status=200 0.282s url=https://www.myfonts.com/products/regular-marie-costa-1186739
[2026-07-31T09:26:22Z] #952 attempt=1/2 status=200 0.252s url=https://www.myfonts.com/collections/marie-costa-font-sensatype-studio/
[2026-07-31T09:26:23Z] #953 attempt=1/2 status=200 0.270s url=https://www.myfonts.com/products/regular-little-magnolia-1186628
[2026-07-31T09:26:23Z] #954 attempt=1/2 status=429 0.021s url=https://www.myfonts.com/collections/little-magnolia-font-jinan-studio/
[2026-07-31T09:26:26Z] #955 attempt=2/2 status=200 0.312s url=https://www.myfonts.com/collections/little-magnolia-font-jinan-studio/
[2026-07-31T09:26:26Z] #956 attempt=1/2 status=200 0.278s url=https://www.myfonts.com/products/regular-napeyda-1187489
[2026-07-31T09:26:27Z] #957 attempt=1/2 status=200 0.279s url=https://www.myfonts.com/collections/napeyda-font-si47ash-fonts/
[2026-07-31T09:26:27Z] #958 attempt=1/2 status=200 0.278s url=https://www.myfonts.com/products/regular-kubora-1186701
[2026-07-31T09:26:28Z] #959 attempt=1/2 status=200 0.283s url=https://www.myfonts.com/collections/kubora-font-nian-keun-studio/
[2026-07-31T09:26:28Z] #960 attempt=1/2 status=429 0.017s url=https://www.myfonts.com/products/regular-id-clarwe-mono-1187730
[2026-07-31T09:26:31Z] #961 attempt=2/2 status=200 0.308s url=https://www.myfonts.com/products/regular-id-clarwe-mono-1187730
[2026-07-31T09:26:31Z] #962 attempt=1/2 status=200 0.292s url=https://www.myfonts.com/collections/id-clarwe-mono-font-izouuss-design/
[2026-07-31T09:26:32Z] #963 attempt=1/2 status=200 0.269s url=https://www.myfonts.com/products/regular-gulatin-1187728
[2026-07-31T09:26:32Z] #964 attempt=1/2 status=200 0.325s url=https://www.myfonts.com/collections/gulatin-font-jaruka-creative/
[2026-07-31T09:26:32Z] summary releases=82 first_429=(72, 'https://www.myfonts.com/collections/cutepunch-font-letterhanna-studio/', 0.017857789993286133) log_file=state/myfonts_run_20260731_091219.log
[2026-07-31T09:26:32Z] === MyFonts crawl end ===
