[2026-10-04T12:12:40Z] checkpoint fresh next_page=1 path=state/myfonts_crawl_checkpoint.json
[2026-10-04T12:12:40Z] === MyFonts crawl start source=myfonts ===
[2026-10-04T12:12:40Z] config max_pages=25 page_size=100 start_date=2026-10-03 end_date=2026-10-04 api_delay=0.5s detail_delay=0.2s max_debut_checks=400 max_tech_specs_checks=200 reuse_success_profile=False always_enrich_packages=True language_script_signal_mode=strong force_fresh_run=False start_page=1 browser_mode=False browser_headless=True browser_storage_state_path=state/myfonts_storage_state.json
[2026-10-04T12:12:42Z] #1 attempt=1/6 status=200 0.879s url=https://www.myfonts.com/products.json?limit=100&page=1
[2026-10-04T12:12:43Z] #2 attempt=1/2 status=200 0.931s url=https://www.myfonts.com/products/bundle-font-sans-and-serif-collection-package-904907
[2026-10-04T12:12:43Z] #3 attempt=1/2 status=404 0.284s url=https://www.myfonts.com/collections/bundle-font-sans-and-serif-collection-font-canden-meutuah
[2026-10-04T12:12:44Z] #4 attempt=1/2 status=200 0.350s url=https://www.myfonts.com/products/murisa-fazio-complete-family-package-1236366
[2026-10-04T12:12:44Z] #5 attempt=1/2 status=200 0.331s url=https://www.myfonts.com/collections/murisa-fazio-font-murisa-studio/
[2026-10-04T12:12:45Z] #6 attempt=1/2 status=200 0.354s url=https://www.myfonts.com/collections/murisa-fazio-font-murisa-studio/?tab=techSpecs
[2026-10-04T12:12:46Z] #7 attempt=1/2 status=200 0.389s url=https://www.myfonts.com/products/hyperspace-cargo-complete-family-package-1236645
[2026-10-04T12:12:47Z] #8 attempt=1/2 status=200 0.485s url=https://www.myfonts.com/collections/hyperspace-cargo-font-swell-type/
[2026-10-04T12:12:48Z] #9 attempt=1/2 status=200 0.407s url=https://www.myfonts.com/collections/hyperspace-cargo-font-swell-type/?tab=techSpecs
[2026-10-04T12:12:49Z] #10 attempt=1/2 status=200 0.334s url=https://www.myfonts.com/products/vekotail-complete-family-package-1236547
[2026-10-04T12:12:49Z] #11 attempt=1/2 status=200 0.342s url=https://www.myfonts.com/collections/vekotail-font-timelesstype-studio/
[2026-10-04T12:12:50Z] #12 attempt=1/2 status=200 0.337s url=https://www.myfonts.com/collections/vekotail-font-timelesstype-studio/?tab=techSpecs
[2026-10-04T12:12:51Z] #13 attempt=1/2 status=200 0.316s url=https://www.myfonts.com/products/golden-petals-complete-family-package-1236659
[2026-10-04T12:12:52Z] #14 attempt=1/2 status=200 0.364s url=https://www.myfonts.com/collections/golden-petals-font-letterena-studios/
[2026-10-04T12:12:52Z] #15 attempt=1/2 status=200 0.323s url=https://www.myfonts.com/collections/golden-petals-font-letterena-studios/?tab=techSpecs
[2026-10-04T12:12:53Z] #16 attempt=1/2 status=200 0.338s url=https://www.myfonts.com/products/hipnotesa-majestory-complete-family-package-1236668
[2026-10-04T12:12:54Z] #17 attempt=1/2 status=200 0.328s url=https://www.myfonts.com/collections/hipnotesa-majestory-font-letterena-studios/
[2026-10-04T12:12:55Z] #18 attempt=1/2 status=200 0.340s url=https://www.myfonts.com/collections/hipnotesa-majestory-font-letterena-studios/?tab=techSpecs
[2026-10-04T12:12:57Z] #19 attempt=1/2 status=200 1.502s url=https://www.myfonts.com/products/nazca-complete-family-package-1236431
[2026-10-04T12:13:00Z] #20 attempt=1/2 status=200 2.400s url=https://www.myfonts.com/collections/nazca-font-piscotype/
[2026-10-04T12:13:04Z] #21 attempt=1/2 status=200 3.494s url=https://www.myfonts.com/collections/nazca-font-piscotype/?tab=techSpecs
[2026-10-04T12:13:05Z] #22 attempt=1/2 status=200 0.456s url=https://www.myfonts.com/products/bisteko-complete-family-package-1236391
[2026-10-04T12:13:06Z] #23 attempt=1/2 status=200 0.598s url=https://www.myfonts.com/collections/bisteko-font-pakeh-type/
[2026-10-04T12:13:07Z] #24 attempt=1/2 status=200 0.413s url=https://www.myfonts.com/collections/bisteko-font-pakeh-type/?tab=techSpecs
[2026-10-04T12:13:08Z] #25 attempt=1/2 status=200 0.361s url=https://www.myfonts.com/products/alma-pro-complete-family-package-1236446
[2026-10-04T12:13:09Z] #26 attempt=1/2 status=200 0.443s url=https://www.myfonts.com/collections/alma-pro-font-rahagita-type/
[2026-10-04T12:13:09Z] #27 attempt=1/2 status=200 0.358s url=https://www.myfonts.com/collections/alma-pro-font-rahagita-type/?tab=techSpecs
[2026-10-04T12:13:10Z] #28 attempt=1/2 status=200 0.339s url=https://www.myfonts.com/products/koberon-complete-family-package-1236675
[2026-10-04T12:13:11Z] #29 attempt=1/2 status=200 0.423s url=https://www.myfonts.com/collections/koberon-font-steptype/
[2026-10-04T12:13:12Z] #30 attempt=1/2 status=200 0.380s url=https://www.myfonts.com/collections/koberon-font-steptype/?tab=techSpecs
[2026-10-04T12:13:14Z] #31 attempt=1/2 status=200 0.345s url=https://www.myfonts.com/products/belle-aurelia-complete-family-package-1236665
[2026-10-04T12:13:14Z] #32 attempt=1/2 status=200 0.437s url=https://www.myfonts.com/collections/belle-aurelia-font-letterena-studios/
[2026-10-04T12:13:15Z] #33 attempt=1/2 status=200 0.343s url=https://www.myfonts.com/collections/belle-aurelia-font-letterena-studios/?tab=techSpecs
[2026-10-04T12:13:16Z] #34 attempt=1/2 status=200 0.408s url=https://www.myfonts.com/products/nansouk-complete-family-package-1236376
[2026-10-04T12:13:17Z] #35 attempt=1/2 status=200 0.469s url=https://www.myfonts.com/collections/nansouk-font-octotypo/
[2026-10-04T12:13:18Z] #36 attempt=1/2 status=200 0.410s url=https://www.myfonts.com/collections/nansouk-font-octotypo/?tab=techSpecs
[2026-10-04T12:13:19Z] #37 attempt=1/2 status=200 0.336s url=https://www.myfonts.com/products/persian-v2-complete-family-package-1236360
[2026-10-04T12:13:19Z] #38 attempt=1/2 status=200 0.399s url=https://www.myfonts.com/collections/persian-v2-font-mevstory-studio/
[2026-10-04T12:13:20Z] #39 attempt=1/2 status=200 0.342s url=https://www.myfonts.com/collections/persian-v2-font-mevstory-studio/?tab=techSpecs
[2026-10-04T12:13:21Z] #40 attempt=1/2 status=200 0.341s url=https://www.myfonts.com/products/mltp-redbos-complete-family-package-1236363
[2026-10-04T12:13:22Z] #41 attempt=1/2 status=200 0.372s url=https://www.myfonts.com/collections/mltp-redbos-font-multype-studio/
[2026-10-04T12:13:22Z] #42 attempt=1/2 status=200 0.446s url=https://www.myfonts.com/collections/mltp-redbos-font-multype-studio/?tab=techSpecs
[2026-10-04T12:13:24Z] #43 attempt=1/2 status=200 0.387s url=https://www.myfonts.com/products/rumela-smart-complete-family-package-1236412
[2026-10-04T12:13:24Z] #44 attempt=1/2 status=200 0.577s url=https://www.myfonts.com/collections/rumela-smart-font-product-type/
[2026-10-04T12:13:25Z] #45 attempt=1/2 status=200 0.426s url=https://www.myfonts.com/collections/rumela-smart-font-product-type/?tab=techSpecs
[2026-10-04T12:13:26Z] #46 attempt=1/2 status=200 0.345s url=https://www.myfonts.com/products/roman-coin-trajan-complete-family-package-1236369
[2026-10-04T12:13:27Z] #47 attempt=1/2 status=200 0.414s url=https://www.myfonts.com/collections/roman-coin-trajan-font-numisma-type/
[2026-10-04T12:13:28Z] #48 attempt=1/2 status=200 0.341s url=https://www.myfonts.com/collections/roman-coin-trajan-font-numisma-type/?tab=techSpecs
[2026-10-04T12:13:29Z] #49 attempt=1/2 status=200 0.424s url=https://www.myfonts.com/products/natyfha-gikaro-complete-family-package-1236672
[2026-10-04T12:13:29Z] #50 attempt=1/2 status=200 0.390s url=https://www.myfonts.com/collections/natyfha-gikaro-font-timelesstype-studio/
[2026-10-04T12:13:30Z] #51 attempt=1/2 status=200 0.399s url=https://www.myfonts.com/collections/natyfha-gikaro-font-timelesstype-studio/?tab=techSpecs
[2026-10-04T12:13:31Z] #52 attempt=1/2 status=200 0.359s url=https://www.myfonts.com/products/metro-punch-complete-family-package-1236662
[2026-10-04T12:13:32Z] #53 attempt=1/2 status=200 0.459s url=https://www.myfonts.com/collections/metro-punch-font-sipanji21/
[2026-10-04T12:13:33Z] #54 attempt=1/2 status=200 0.346s url=https://www.myfonts.com/collections/metro-punch-font-sipanji21/?tab=techSpecs
[2026-10-04T12:13:34Z] #55 attempt=1/2 status=200 0.299s url=https://www.myfonts.com/products/black-calsio-1236411
[2026-10-04T12:13:34Z] #56 attempt=1/2 status=200 0.315s url=https://www.myfonts.com/collections/calsio-font-phonnastudio/
[2026-10-04T12:13:35Z] #57 attempt=1/2 status=200 0.301s url=https://www.myfonts.com/collections/calsio-font-phonnastudio/?tab=techSpecs
[2026-10-04T12:13:36Z] #58 attempt=1/6 status=200 0.736s url=https://www.myfonts.com/products.json?limit=100&page=2
[2026-10-04T12:13:37Z] #59 attempt=1/2 status=200 0.297s url=https://www.myfonts.com/products/regular-jellobop-1236644
[2026-10-04T12:13:37Z] #60 attempt=1/2 status=200 0.335s url=https://www.myfonts.com/collections/jellobop-font-sipanji21/
[2026-10-04T12:13:38Z] #61 attempt=1/2 status=200 0.309s url=https://www.myfonts.com/collections/jellobop-font-sipanji21/?tab=techSpecs
[2026-10-04T12:13:41Z] #62 attempt=1/6 status=200 0.824s url=https://www.myfonts.com/products.json?limit=100&page=3
[2026-10-04T12:13:41Z] #63 attempt=1/2 status=200 0.290s url=https://www.myfonts.com/products/regular-mltp-amerdam-script-1235638
[2026-10-04T12:13:42Z] #64 attempt=1/2 status=200 0.335s url=https://www.myfonts.com/collections/mltp-amerdam-script-font-multype-studio/
[2026-10-04T12:13:42Z] #65 attempt=1/2 status=200 0.313s url=https://www.myfonts.com/collections/mltp-amerdam-script-font-multype-studio/?tab=techSpecs
[2026-10-04T12:13:44Z] #66 attempt=1/6 status=200 0.906s url=https://www.myfonts.com/products.json?limit=100&page=4
[2026-10-04T12:13:45Z] #67 attempt=1/2 status=200 0.291s url=https://www.myfonts.com/products/regular-fessenden-1236643
[2026-10-04T12:13:45Z] #68 attempt=1/2 status=200 0.309s url=https://www.myfonts.com/collections/fessenden-font-tower-of-babel/
[2026-10-04T12:13:46Z] #69 attempt=1/2 status=200 0.300s url=https://www.myfonts.com/collections/fessenden-font-tower-of-babel/?tab=techSpecs
[2026-10-04T12:13:47Z] #70 attempt=1/2 status=200 0.306s url=https://www.myfonts.com/products/regular-mltp-moewa-1235169
[2026-10-04T12:13:47Z] #71 attempt=1/2 status=200 0.331s url=https://www.myfonts.com/collections/mltp-moewa-font-multype-studio/
[2026-10-04T12:13:48Z] #72 attempt=1/2 status=200 0.304s url=https://www.myfonts.com/collections/mltp-moewa-font-multype-studio/?tab=techSpecs
[2026-10-04T12:13:48Z] #73 attempt=1/2 status=200 0.314s url=https://www.myfonts.com/products/chintaron-regular-chintaron-1236671
[2026-10-04T12:13:49Z] #74 attempt=1/2 status=200 0.316s url=https://www.myfonts.com/collections/chintaron-font-flawlessandco/
[2026-10-04T12:13:50Z] #75 attempt=1/2 status=200 0.283s url=https://www.myfonts.com/collections/chintaron-font-flawlessandco/?tab=techSpecs
[2026-10-04T12:13:50Z] #76 attempt=1/2 status=200 0.325s url=https://www.myfonts.com/products/romantic-sunny-days-complete-family-package-1236730
[2026-10-04T12:13:51Z] #77 attempt=1/2 status=200 0.378s url=https://www.myfonts.com/collections/romantic-sunny-days-font-struggle-studio/
[2026-10-04T12:13:52Z] #78 attempt=1/2 status=200 0.343s url=https://www.myfonts.com/collections/romantic-sunny-days-font-struggle-studio/?tab=techSpecs
[2026-10-04T12:13:53Z] #79 attempt=1/2 status=200 0.372s url=https://www.myfonts.com/products/gefora-complete-family-package-1236721
[2026-10-04T12:13:53Z] #80 attempt=1/2 status=200 0.380s url=https://www.myfonts.com/collections/gefora-font-vermilione/
[2026-10-04T12:13:54Z] #81 attempt=1/2 status=200 0.316s url=https://www.myfonts.com/collections/gefora-font-vermilione/?tab=techSpecs
[2026-10-04T12:13:55Z] #82 attempt=1/2 status=200 0.328s url=https://www.myfonts.com/products/romalise-complete-family-package-1236740
[2026-10-04T12:13:56Z] #83 attempt=1/2 status=200 0.368s url=https://www.myfonts.com/collections/romalise-font-typeclassheroes/
[2026-10-04T12:13:56Z] #84 attempt=1/2 status=200 0.311s url=https://www.myfonts.com/collections/romalise-font-typeclassheroes/?tab=techSpecs
[2026-10-04T12:13:58Z] #85 attempt=1/2 status=200 0.385s url=https://www.myfonts.com/products/seville-milano-complete-family-package-1236686
[2026-10-04T12:13:58Z] #86 attempt=1/2 status=200 0.357s url=https://www.myfonts.com/collections/seville-milano-font-tyasify/
[2026-10-04T12:13:59Z] #87 attempt=1/2 status=200 0.333s url=https://www.myfonts.com/collections/seville-milano-font-tyasify/?tab=techSpecs
[2026-10-04T12:14:00Z] #88 attempt=1/2 status=200 0.321s url=https://www.myfonts.com/products/turnflow-blathco-complete-family-package-1236711
[2026-10-04T12:14:01Z] #89 attempt=1/2 status=200 0.336s url=https://www.myfonts.com/collections/turnflow-blathco-font-letterena-studios/
[2026-10-04T12:14:01Z] #90 attempt=1/2 status=200 0.291s url=https://www.myfonts.com/collections/turnflow-blathco-font-letterena-studios/?tab=techSpecs
[2026-10-04T12:14:02Z] #91 attempt=1/2 status=200 0.312s url=https://www.myfonts.com/products/roastland-complete-family-package-1236727
[2026-10-04T12:14:03Z] #92 attempt=1/2 status=200 0.357s url=https://www.myfonts.com/collections/roastland-font-sibelumpagi/
[2026-10-04T12:14:03Z] #93 attempt=1/2 status=200 0.293s url=https://www.myfonts.com/collections/roastland-font-sibelumpagi/?tab=techSpecs
[2026-10-04T12:14:06Z] #94 attempt=1/2 status=200 0.375s url=https://www.myfonts.com/products/meronny-complete-family-package-1236724
[2026-10-04T12:14:06Z] #95 attempt=1/2 status=200 0.337s url=https://www.myfonts.com/collections/meronny-font-vermilione/
[2026-10-04T12:14:07Z] #96 attempt=1/2 status=200 0.313s url=https://www.myfonts.com/collections/meronny-font-vermilione/?tab=techSpecs
[2026-10-04T12:14:08Z] #97 attempt=1/2 status=200 0.338s url=https://www.myfonts.com/products/rastiya-daffodil-complete-family-package-1236718
[2026-10-04T12:14:09Z] #98 attempt=1/2 status=200 0.357s url=https://www.myfonts.com/collections/rastiya-daffodil-font-tini-fitriani/
[2026-10-04T12:14:09Z] #99 attempt=1/2 status=200 0.305s url=https://www.myfonts.com/collections/rastiya-daffodil-font-tini-fitriani/?tab=techSpecs
[2026-10-04T12:14:10Z] #100 attempt=1/2 status=200 0.434s url=https://www.myfonts.com/products/sona-serif-complete-family-package-1236691
[2026-10-04T12:14:11Z] #101 attempt=1/2 status=200 0.523s url=https://www.myfonts.com/collections/sona-serif-font-s6-foundry/
[2026-10-04T12:14:12Z] #102 attempt=1/2 status=200 0.426s url=https://www.myfonts.com/collections/sona-serif-font-s6-foundry/?tab=techSpecs
[2026-10-04T12:14:13Z] #103 attempt=1/2 status=200 0.380s url=https://www.myfonts.com/products/ranoa-scaloth-complete-family-package-1236715
[2026-10-04T12:14:14Z] #104 attempt=1/2 status=200 0.409s url=https://www.myfonts.com/collections/ranoa-scaloth-font-tini-fitriani/
[2026-10-04T12:14:15Z] #105 attempt=1/2 status=200 0.342s url=https://www.myfonts.com/collections/ranoa-scaloth-font-tini-fitriani/?tab=techSpecs
[2026-10-04T12:14:16Z] #106 attempt=1/2 status=200 0.399s url=https://www.myfonts.com/products/sodar-complete-family-package-1236743
[2026-10-04T12:14:17Z] #107 attempt=1/2 status=200 0.400s url=https://www.myfonts.com/collections/sodar-font-s6-foundry/
[2026-10-04T12:14:17Z] #108 attempt=1/2 status=200 0.373s url=https://www.myfonts.com/collections/sodar-font-s6-foundry/?tab=techSpecs
[2026-10-04T12:14:18Z] #109 attempt=1/2 status=200 0.327s url=https://www.myfonts.com/products/varesco-complete-family-package-1236736
[2026-10-04T12:14:19Z] #110 attempt=1/2 status=200 0.356s url=https://www.myfonts.com/collections/varesco-font-vermilione/
[2026-10-04T12:14:19Z] #111 attempt=1/2 status=200 0.302s url=https://www.myfonts.com/collections/varesco-font-vermilione/?tab=techSpecs
[2026-10-04T12:14:21Z] #112 attempt=1/2 status=200 0.312s url=https://www.myfonts.com/products/regular-gynkton-1236739
[2026-10-04T12:14:21Z] #113 attempt=1/2 status=200 0.312s url=https://www.myfonts.com/collections/gynkton-font-letterhanna-studio/
[2026-10-04T12:14:22Z] #114 attempt=1/2 status=200 0.274s url=https://www.myfonts.com/collections/gynkton-font-letterhanna-studio/?tab=techSpecs
[2026-10-04T12:14:23Z] #115 attempt=1/2 status=200 0.324s url=https://www.myfonts.com/products/regular-zetabeta-1236733
[2026-10-04T12:14:23Z] #116 attempt=1/2 status=200 0.314s url=https://www.myfonts.com/collections/zetabeta-font-tower-of-babel/
[2026-10-04T12:14:24Z] #117 attempt=1/2 status=200 0.351s url=https://www.myfonts.com/collections/zetabeta-font-tower-of-babel/?tab=techSpecs
[2026-10-04T12:14:25Z] #118 attempt=1/2 status=200 0.302s url=https://www.myfonts.com/products/regular-mordren-1236734
[2026-10-04T12:14:25Z] #119 attempt=1/2 status=200 0.384s url=https://www.myfonts.com/collections/mordren-font-reyrey-blue-std/
[2026-10-04T12:14:26Z] #120 attempt=1/2 status=200 0.292s url=https://www.myfonts.com/collections/mordren-font-reyrey-blue-std/?tab=techSpecs
[2026-10-04T12:14:27Z] #121 attempt=1/2 status=200 0.312s url=https://www.myfonts.com/products/regular-sunny-bella-1236710
[2026-10-04T12:14:27Z] #122 attempt=1/2 status=200 0.290s url=https://www.myfonts.com/collections/sunny-bella-font-letterhanna-studio/
[2026-10-04T12:14:28Z] #123 attempt=1/2 status=200 0.303s url=https://www.myfonts.com/collections/sunny-bella-font-letterhanna-studio/?tab=techSpecs
[2026-10-04T12:14:30Z] #124 attempt=1/2 status=200 0.317s url=https://www.myfonts.com/products/regular-within-romance-1236714
[2026-10-04T12:14:30Z] #125 attempt=1/2 status=200 0.367s url=https://www.myfonts.com/collections/within-romance-font-subectype/
[2026-10-04T12:14:31Z] #126 attempt=1/2 status=200 0.248s url=https://www.myfonts.com/collections/within-romance-font-subectype/?tab=techSpecs
[2026-10-04T12:14:32Z] #127 attempt=1/2 status=200 0.313s url=https://www.myfonts.com/products/regular-bisklend-signature-1236752
[2026-10-04T12:14:32Z] #128 attempt=1/2 status=200 0.308s url=https://www.myfonts.com/collections/bisklend-signature-font-tebaltipis-studio/
[2026-10-04T12:14:33Z] #129 attempt=1/2 status=200 0.278s url=https://www.myfonts.com/collections/bisklend-signature-font-tebaltipis-studio/?tab=techSpecs
[2026-10-04T12:14:34Z] #130 attempt=1/2 status=200 0.607s url=https://www.myfonts.com/products/monalisa-rastoner-complete-family-package-1236012
[2026-10-04T12:14:35Z] #131 attempt=1/2 status=200 0.946s url=https://www.myfonts.com/collections/monalisa-rastoner-font-gold-type/
[2026-10-04T12:14:36Z] #132 attempt=1/2 status=200 0.563s url=https://www.myfonts.com/collections/monalisa-rastoner-font-gold-type/?tab=techSpecs
[2026-10-04T12:14:37Z] #133 attempt=1/2 status=200 0.357s url=https://www.myfonts.com/products/trans-rapid-subpackage-basic-package-1236333
[2026-10-04T12:14:38Z] #134 attempt=1/2 status=200 0.450s url=https://www.myfonts.com/collections/trans-rapid-font-typographicdesign/
[2026-10-04T12:14:39Z] #135 attempt=1/2 status=200 0.370s url=https://www.myfonts.com/collections/trans-rapid-font-typographicdesign/?tab=techSpecs
[2026-10-04T12:14:40Z] #136 attempt=1/2 status=200 0.345s url=https://www.myfonts.com/products/mavero-complete-family-package-1236067
[2026-10-04T12:14:40Z] #137 attempt=1/2 status=200 0.382s url=https://www.myfonts.com/collections/mavero-font-rafis-type/
[2026-10-04T12:14:41Z] #138 attempt=1/2 status=200 0.325s url=https://www.myfonts.com/collections/mavero-font-rafis-type/?tab=techSpecs
[2026-10-04T12:14:42Z] #139 attempt=1/2 status=200 0.465s url=https://www.myfonts.com/products/everplay-complete-family-package-1236286
[2026-10-04T12:14:43Z] #140 attempt=1/2 status=200 0.407s url=https://www.myfonts.com/collections/everplay-font-vp-creative-shop/
[2026-10-04T12:14:44Z] #141 attempt=1/2 status=200 0.366s url=https://www.myfonts.com/collections/everplay-font-vp-creative-shop/?tab=techSpecs
[2026-10-04T12:14:45Z] #142 attempt=1/2 status=200 0.431s url=https://www.myfonts.com/products/crisbon-complete-family-package-1236338
[2026-10-04T12:14:46Z] #143 attempt=1/2 status=200 0.537s url=https://www.myfonts.com/collections/crisbon-font-great-studio/
[2026-10-04T12:14:46Z] #144 attempt=1/2 status=200 0.429s url=https://www.myfonts.com/collections/crisbon-font-great-studio/?tab=techSpecs
[2026-10-04T12:14:48Z] #145 attempt=1/2 status=200 0.397s url=https://www.myfonts.com/products/roughney-complete-family-package-1236311
[2026-10-04T12:14:48Z] #146 attempt=1/2 status=200 0.396s url=https://www.myfonts.com/collections/roughney-font-viaction-type/
[2026-10-04T12:14:49Z] #147 attempt=1/2 status=200 0.321s url=https://www.myfonts.com/collections/roughney-font-viaction-type/?tab=techSpecs
[2026-10-04T12:14:51Z] #148 attempt=1/6 status=200 0.947s url=https://www.myfonts.com/products.json?limit=100&page=5
[2026-10-04T12:14:52Z] #149 attempt=1/2 status=200 0.372s url=https://www.myfonts.com/products/mildrain-complete-family-package-1235989
[2026-10-04T12:14:52Z] #150 attempt=1/2 status=200 0.481s url=https://www.myfonts.com/collections/mildrain-font-din-studio/
[2026-10-04T12:14:53Z] #151 attempt=1/2 status=200 0.409s url=https://www.myfonts.com/collections/mildrain-font-din-studio/?tab=techSpecs
[2026-10-04T12:14:54Z] #152 attempt=1/2 status=200 0.354s url=https://www.myfonts.com/products/yesternote-complete-family-package-1236296
[2026-10-04T12:14:55Z] #153 attempt=1/2 status=200 0.360s url=https://www.myfonts.com/collections/yesternote-font-vp-creative-shop/
[2026-10-04T12:14:55Z] #154 attempt=1/2 status=200 0.385s url=https://www.myfonts.com/collections/yesternote-font-vp-creative-shop/?tab=techSpecs
[2026-10-04T12:14:57Z] #155 attempt=1/2 status=200 0.336s url=https://www.myfonts.com/products/alpha-moon-complete-family-package-1236146
[2026-10-04T12:14:57Z] #156 attempt=1/2 status=200 0.367s url=https://www.myfonts.com/collections/alpha-moon-font-pleasure-fonts/
[2026-10-04T12:14:58Z] #157 attempt=1/2 status=200 0.343s url=https://www.myfonts.com/collections/alpha-moon-font-pleasure-fonts/?tab=techSpecs
[2026-10-04T12:14:59Z] #158 attempt=1/2 status=200 0.354s url=https://www.myfonts.com/products/bayari-complete-family-package-1236154
[2026-10-04T12:15:00Z] #159 attempt=1/2 status=200 0.389s url=https://www.myfonts.com/collections/bayari-font-zaain-type/
[2026-10-04T12:15:00Z] #160 attempt=1/2 status=200 0.309s url=https://www.myfonts.com/collections/bayari-font-zaain-type/?tab=techSpecs
[2026-10-04T12:15:02Z] #161 attempt=1/2 status=200 0.690s url=https://www.myfonts.com/products/macego-complete-family-package-1235909
[2026-10-04T12:15:03Z] #162 attempt=1/2 status=200 1.117s url=https://www.myfonts.com/collections/macego-font-alpercakici/
[2026-10-04T12:15:04Z] #163 attempt=1/2 status=200 0.865s url=https://www.myfonts.com/collections/macego-font-alpercakici/?tab=techSpecs
[2026-10-04T12:15:06Z] #164 attempt=1/2 status=200 1.067s url=https://www.myfonts.com/products/dribble-complete-family-package-1236157
[2026-10-04T12:15:09Z] #165 attempt=1/2 status=200 1.881s url=https://www.myfonts.com/collections/dribble-font-zeenesia-studio/
[2026-10-04T12:15:11Z] #166 attempt=1/2 status=200 1.622s url=https://www.myfonts.com/collections/dribble-font-zeenesia-studio/?tab=techSpecs
[2026-10-04T12:15:12Z] #167 attempt=1/2 status=200 0.329s url=https://www.myfonts.com/products/hemas-complete-family-package-1236059
[2026-10-04T12:15:13Z] #168 attempt=1/2 status=200 0.321s url=https://www.myfonts.com/collections/hemas-font-hishand-studio/
[2026-10-04T12:15:13Z] #169 attempt=1/2 status=200 0.292s url=https://www.myfonts.com/collections/hemas-font-hishand-studio/?tab=techSpecs
[2026-10-04T12:15:14Z] #170 attempt=1/2 status=200 0.351s url=https://www.myfonts.com/products/designer-stuff-package-1236140
[2026-10-04T12:15:15Z] #171 attempt=1/2 status=200 0.496s url=https://www.myfonts.com/collections/gc-numenor-font-onyx-studio/
[2026-10-04T12:15:16Z] #172 attempt=1/2 status=200 0.395s url=https://www.myfonts.com/collections/gc-numenor-font-onyx-studio/?tab=techSpecs
[2026-10-04T12:15:17Z] #173 attempt=1/2 status=200 0.397s url=https://www.myfonts.com/products/takugi-complete-family-package-1236070
[2026-10-04T12:15:18Z] #174 attempt=1/2 status=200 0.356s url=https://www.myfonts.com/collections/takugi-font-ragamkata/
[2026-10-04T12:15:18Z] #175 attempt=1/2 status=200 0.359s url=https://www.myfonts.com/collections/takugi-font-ragamkata/?tab=techSpecs
[2026-10-04T12:15:20Z] #176 attempt=1/2 status=200 0.300s url=https://www.myfonts.com/products/cs-decland-complete-family-package-1235975
[2026-10-04T12:15:20Z] #177 attempt=1/2 status=200 0.397s url=https://www.myfonts.com/collections/cs-decland-font-craft-supply-co/
[2026-10-04T12:15:21Z] #178 attempt=1/2 status=200 0.329s url=https://www.myfonts.com/collections/cs-decland-font-craft-supply-co/?tab=techSpecs
[2026-10-04T12:15:22Z] #179 attempt=1/2 status=200 0.346s url=https://www.myfonts.com/products/vitral-complete-family-package-1236049
[2026-10-04T12:15:23Z] #180 attempt=1/2 status=200 0.448s url=https://www.myfonts.com/collections/vitral-font-gordan-jast-type/
[2026-10-04T12:15:23Z] #181 attempt=1/2 status=200 0.358s url=https://www.myfonts.com/collections/vitral-font-gordan-jast-type/?tab=techSpecs
[2026-10-04T12:15:24Z] #182 attempt=1/2 status=200 0.290s url=https://www.myfonts.com/products/qago-complete-family-package-1236141
[2026-10-04T12:15:25Z] #183 attempt=1/2 status=200 0.356s url=https://www.myfonts.com/collections/qago-font-pandeka-studio/
[2026-10-04T12:15:26Z] #184 attempt=1/2 status=200 0.311s url=https://www.myfonts.com/collections/qago-font-pandeka-studio/?tab=techSpecs
[2026-10-04T12:15:27Z] #185 attempt=1/2 status=200 0.321s url=https://www.myfonts.com/products/bakly-cake-complete-family-package-1236125
[2026-10-04T12:15:27Z] #186 attempt=1/2 status=200 0.342s url=https://www.myfonts.com/collections/bakly-cake-font-mei-suseno/
[2026-10-04T12:15:28Z] #187 attempt=1/2 status=200 0.383s url=https://www.myfonts.com/collections/bakly-cake-font-mei-suseno/?tab=techSpecs
[2026-10-04T12:15:29Z] #188 attempt=1/2 status=200 0.343s url=https://www.myfonts.com/products/rumiond-complete-family-package-1235905
[2026-10-04T12:15:30Z] #189 attempt=1/2 status=200 0.366s url=https://www.myfonts.com/collections/rumiond-font-luminatype-studio/
[2026-10-04T12:15:30Z] #190 attempt=1/2 status=200 0.342s url=https://www.myfonts.com/collections/rumiond-font-luminatype-studio/?tab=techSpecs
[2026-10-04T12:15:32Z] #191 attempt=1/2 status=200 0.369s url=https://www.myfonts.com/products/frosty-dream-complete-family-package-1236282
[2026-10-04T12:15:32Z] #192 attempt=1/2 status=200 0.434s url=https://www.myfonts.com/collections/frosty-dream-font-yoga-letter/
[2026-10-04T12:15:33Z] #193 attempt=1/2 status=200 0.364s url=https://www.myfonts.com/collections/frosty-dream-font-yoga-letter/?tab=techSpecs
[2026-10-04T12:15:34Z] #194 attempt=1/2 status=200 0.352s url=https://www.myfonts.com/products/naica-complete-family-package-1236041
[2026-10-04T12:15:35Z] #195 attempt=1/2 status=200 0.432s url=https://www.myfonts.com/collections/naica-font-gordan-jast-type/
[2026-10-04T12:15:35Z] #196 attempt=1/2 status=200 0.367s url=https://www.myfonts.com/collections/naica-font-gordan-jast-type/?tab=techSpecs
[2026-10-04T12:15:36Z] #197 attempt=1/2 status=200 0.325s url=https://www.myfonts.com/products/bestira-complete-family-package-1236003
[2026-10-04T12:15:37Z] #198 attempt=1/2 status=200 0.309s url=https://www.myfonts.com/collections/bestira-font-flawlessandco/
[2026-10-04T12:15:38Z] #199 attempt=1/2 status=200 0.309s url=https://www.myfonts.com/collections/bestira-font-flawlessandco/?tab=techSpecs
[2026-10-04T12:15:39Z] #200 attempt=1/2 status=200 0.333s url=https://www.myfonts.com/products/friezy-complete-family-package-1236006
[2026-10-04T12:15:39Z] #201 attempt=1/2 status=200 0.318s url=https://www.myfonts.com/collections/friezy-font-font-liner/
[2026-10-04T12:15:40Z] #202 attempt=1/2 status=200 0.327s url=https://www.myfonts.com/collections/friezy-font-font-liner/?tab=techSpecs
[2026-10-04T12:15:41Z] #203 attempt=1/2 status=200 0.317s url=https://www.myfonts.com/products/maple-chunky-complete-family-package-1236319
[2026-10-04T12:15:42Z] #204 attempt=1/2 status=200 0.358s url=https://www.myfonts.com/collections/maple-chunky-font-vampstudio/
[2026-10-04T12:15:42Z] #205 attempt=1/2 status=200 0.331s url=https://www.myfonts.com/collections/maple-chunky-font-vampstudio/?tab=techSpecs
[2026-10-04T12:15:44Z] #206 attempt=1/2 status=200 0.310s url=https://www.myfonts.com/products/misspent-youth-complete-family-package-1236149
[2026-10-04T12:15:44Z] #207 attempt=1/2 status=200 0.392s url=https://www.myfonts.com/collections/misspent-youth-font-pizzadude-dk/
[2026-10-04T12:15:45Z] #208 attempt=1/2 status=200 0.365s url=https://www.myfonts.com/collections/misspent-youth-font-pizzadude-dk/?tab=techSpecs
[2026-10-04T12:15:46Z] #209 attempt=1/2 status=200 0.365s url=https://www.myfonts.com/products/lextron-complete-family-package-1236073
[2026-10-04T12:15:47Z] #210 attempt=1/2 status=200 0.392s url=https://www.myfonts.com/collections/lextron-font-hasbi-creative/
[2026-10-04T12:15:47Z] #211 attempt=1/2 status=200 0.358s url=https://www.myfonts.com/collections/lextron-font-hasbi-creative/?tab=techSpecs
[2026-10-04T12:15:49Z] #212 attempt=1/2 status=200 0.477s url=https://www.myfonts.com/products/din-next-slab-complete-family-package-1236335
[2026-10-04T12:15:49Z] #213 attempt=1/2 status=200 0.533s url=https://www.myfonts.com/collections/din-next-slab-font-monotype-imaging/
[2026-10-04T12:15:50Z] #214 attempt=1/2 status=200 0.399s url=https://www.myfonts.com/collections/din-next-slab-font-monotype-imaging/?tab=techSpecs
[2026-10-04T12:15:51Z] #215 attempt=1/2 status=200 0.333s url=https://www.myfonts.com/products/spect-complete-family-package-1236301
[2026-10-04T12:15:52Z] #216 attempt=1/2 status=200 0.453s url=https://www.myfonts.com/collections/spect-font-vitaliy-gotsanyuk/
[2026-10-04T12:15:53Z] #217 attempt=1/2 status=200 0.369s url=https://www.myfonts.com/collections/spect-font-vitaliy-gotsanyuk/?tab=techSpecs
[2026-10-04T12:15:54Z] #218 attempt=1/2 status=200 0.340s url=https://www.myfonts.com/products/agrifox-mestalube-complete-family-package-1236122
[2026-10-04T12:15:54Z] #219 attempt=1/2 status=200 0.367s url=https://www.myfonts.com/collections/agrifox-mestalube-font-maulana-creative/
[2026-10-04T12:15:55Z] #220 attempt=1/2 status=200 0.307s url=https://www.myfonts.com/collections/agrifox-mestalube-font-maulana-creative/?tab=techSpecs
[2026-10-04T12:15:56Z] #221 attempt=1/2 status=200 0.341s url=https://www.myfonts.com/products/stylish-harmony-complete-family-package-1236009
[2026-10-04T12:15:57Z] #222 attempt=1/2 status=200 0.392s url=https://www.myfonts.com/collections/stylish-harmony-font-font-liner/
[2026-10-04T12:15:57Z] #223 attempt=1/2 status=200 0.302s url=https://www.myfonts.com/collections/stylish-harmony-font-font-liner/?tab=techSpecs
[2026-10-04T12:15:59Z] #224 attempt=1/2 status=200 0.356s url=https://www.myfonts.com/products/rengo-complete-family-package-1235983
[2026-10-04T12:15:59Z] #225 attempt=1/2 status=200 0.364s url=https://www.myfonts.com/collections/rengo-font-dareco-studio/
[2026-10-04T12:16:00Z] #226 attempt=1/2 status=200 0.325s url=https://www.myfonts.com/collections/rengo-font-dareco-studio/?tab=techSpecs
[2026-10-04T12:16:01Z] #227 attempt=1/2 status=200 0.367s url=https://www.myfonts.com/products/crustica-complete-family-package-1236118
[2026-10-04T12:16:02Z] #228 attempt=1/2 status=200 0.387s url=https://www.myfonts.com/collections/crustica-font-maulana-creative/
[2026-10-04T12:16:02Z] #229 attempt=1/2 status=200 0.288s url=https://www.myfonts.com/collections/crustica-font-maulana-creative/?tab=techSpecs
[2026-10-04T12:16:03Z] #230 attempt=1/2 status=200 0.320s url=https://www.myfonts.com/products/cs-frank-complete-family-package-1235971
[2026-10-04T12:16:04Z] #231 attempt=1/2 status=200 0.412s url=https://www.myfonts.com/collections/cs-frank-font-craft-supply-co/
[2026-10-04T12:16:05Z] #232 attempt=1/2 status=200 0.328s url=https://www.myfonts.com/collections/cs-frank-font-craft-supply-co/?tab=techSpecs
[2026-10-04T12:16:06Z] #233 attempt=1/2 status=200 0.332s url=https://www.myfonts.com/products/regular-banxel-1236129
[2026-10-04T12:16:06Z] #234 attempt=1/2 status=200 0.321s url=https://www.myfonts.com/collections/banxel-font-drizy-font/
[2026-10-04T12:16:07Z] #235 attempt=1/2 status=200 0.289s url=https://www.myfonts.com/collections/banxel-font-drizy-font/?tab=techSpecs
[2026-10-04T12:16:08Z] #236 attempt=1/6 status=200 0.579s url=https://www.myfonts.com/products.json?limit=100&page=6
[2026-10-04T12:16:09Z] #237 attempt=1/6 status=200 0.618s url=https://www.myfonts.com/products.json?limit=100&page=7
[2026-10-04T12:16:10Z] #238 attempt=1/2 status=200 0.325s url=https://www.myfonts.com/products/regular-wormsandbranches-1236117
[2026-10-04T12:16:11Z] #239 attempt=1/2 status=200 0.335s url=https://www.myfonts.com/collections/wormsandbranches-font-jointype/
[2026-10-04T12:16:11Z] #240 attempt=1/2 status=200 0.275s url=https://www.myfonts.com/collections/wormsandbranches-font-jointype/?tab=techSpecs
[2026-10-04T12:16:12Z] #241 attempt=1/2 status=200 0.390s url=https://www.myfonts.com/products/regular-britain-party-1236128
[2026-10-04T12:16:13Z] #242 attempt=1/2 status=200 0.404s url=https://www.myfonts.com/collections/britain-party-font-metasena-typefoundry/
[2026-10-04T12:16:13Z] #243 attempt=1/2 status=200 0.277s url=https://www.myfonts.com/collections/britain-party-font-metasena-typefoundry/?tab=techSpecs
[2026-10-04T12:16:14Z] #244 attempt=1/2 status=200 0.292s url=https://www.myfonts.com/products/regular-drainz-1236130
[2026-10-04T12:16:15Z] #245 attempt=1/2 status=200 0.341s url=https://www.myfonts.com/collections/drainz-font-olivetype/
[2026-10-04T12:16:15Z] #246 attempt=1/2 status=200 0.298s url=https://www.myfonts.com/collections/drainz-font-olivetype/?tab=techSpecs
[2026-10-04T12:16:17Z] #247 attempt=1/6 status=200 0.812s url=https://www.myfonts.com/products.json?limit=100&page=8
[2026-10-04T12:16:17Z] #248 attempt=1/2 status=200 0.352s url=https://www.myfonts.com/products/regular-morame-yoabe-1236121
[2026-10-04T12:16:18Z] #249 attempt=1/2 status=200 0.328s url=https://www.myfonts.com/collections/morame-yoabe-font-maulana-creative/
[2026-10-04T12:16:19Z] #250 attempt=1/2 status=200 0.281s url=https://www.myfonts.com/collections/morame-yoabe-font-maulana-creative/?tab=techSpecs
[2026-10-04T12:16:19Z] #251 attempt=1/2 status=200 0.323s url=https://www.myfonts.com/products/regular-joyspark-1236144
[2026-10-04T12:16:20Z] #252 attempt=1/2 status=200 0.316s url=https://www.myfonts.com/collections/joyspark-font-pictranoosa/
[2026-10-04T12:16:20Z] #253 attempt=1/2 status=200 0.287s url=https://www.myfonts.com/collections/joyspark-font-pictranoosa/?tab=techSpecs
[2026-10-04T12:16:21Z] #254 attempt=1/2 status=200 0.304s url=https://www.myfonts.com/products/regular-spooky-halloween-day-1236326
[2026-10-04T12:16:22Z] #255 attempt=1/2 status=200 0.318s url=https://www.myfonts.com/collections/spooky-halloween-day-font-unitype-studio/
[2026-10-04T12:16:22Z] #256 attempt=1/2 status=200 0.295s url=https://www.myfonts.com/collections/spooky-halloween-day-font-unitype-studio/?tab=techSpecs
[2026-10-04T12:16:23Z] #257 attempt=1/2 status=200 0.306s url=https://www.myfonts.com/products/regular-elora-violet-1236325
[2026-10-04T12:16:24Z] #258 attempt=1/2 status=200 0.339s url=https://www.myfonts.com/collections/elora-violet-font-unitype-studio/
[2026-10-04T12:16:24Z] #259 attempt=1/2 status=200 0.289s url=https://www.myfonts.com/collections/elora-violet-font-unitype-studio/?tab=techSpecs
[2026-10-04T12:16:25Z] #260 attempt=1/2 status=200 0.293s url=https://www.myfonts.com/products/regular-spooky-monster-1236322
[2026-10-04T12:16:26Z] #261 attempt=1/2 status=200 0.317s url=https://www.myfonts.com/collections/spooky-monster-font-unitype-studio/
[2026-10-04T12:16:26Z] #262 attempt=1/2 status=200 0.300s url=https://www.myfonts.com/collections/spooky-monster-font-unitype-studio/?tab=techSpecs
[2026-10-04T12:16:27Z] #263 attempt=1/2 status=200 0.345s url=https://www.myfonts.com/products/regular-matrix-squadron-1236323
[2026-10-04T12:16:28Z] #264 attempt=1/2 status=200 0.401s url=https://www.myfonts.com/collections/matrix-squadron-font-unitype-studio/
[2026-10-04T12:16:28Z] #265 attempt=1/2 status=200 0.282s url=https://www.myfonts.com/collections/matrix-squadron-font-unitype-studio/?tab=techSpecs
[2026-10-04T12:16:29Z] #266 attempt=1/2 status=200 0.378s url=https://www.myfonts.com/products/regular-halloween-darkness-1236324
[2026-10-04T12:16:30Z] #267 attempt=1/2 status=200 0.305s url=https://www.myfonts.com/collections/halloween-darkness-font-unitype-studio/
[2026-10-04T12:16:30Z] #268 attempt=1/2 status=200 0.288s url=https://www.myfonts.com/collections/halloween-darkness-font-unitype-studio/?tab=techSpecs
[2026-10-04T12:16:31Z] #269 attempt=1/2 status=200 0.304s url=https://www.myfonts.com/products/regular-everplay-vf-1236285
[2026-10-04T12:16:32Z] #270 attempt=1/2 status=200 0.428s url=https://www.myfonts.com/collections/everplay-vf-font-vp-creative-shop/
[2026-10-04T12:16:32Z] #271 attempt=1/2 status=200 0.314s url=https://www.myfonts.com/collections/everplay-vf-font-vp-creative-shop/?tab=techSpecs
[2026-10-04T12:16:33Z] #272 attempt=1/2 status=200 0.312s url=https://www.myfonts.com/products/regular-coastal-lovebirds-1236318
[2026-10-04T12:16:34Z] #273 attempt=1/2 status=200 0.299s url=https://www.myfonts.com/collections/coastal-lovebirds-font-vampstudio/
[2026-10-04T12:16:34Z] #274 attempt=1/2 status=200 0.290s url=https://www.myfonts.com/collections/coastal-lovebirds-font-vampstudio/?tab=techSpecs
[2026-10-04T12:16:35Z] #275 attempt=1/2 status=200 0.298s url=https://www.myfonts.com/products/regular-wotten-blood-1236270
[2026-10-04T12:16:36Z] #276 attempt=1/2 status=200 0.313s url=https://www.myfonts.com/collections/wotten-blood-font-yumnacreative/
[2026-10-04T12:16:36Z] #277 attempt=1/2 status=200 0.330s url=https://www.myfonts.com/collections/wotten-blood-font-yumnacreative/?tab=techSpecs
[2026-10-04T12:16:37Z] #278 attempt=1/2 status=200 0.380s url=https://www.myfonts.com/products/variable-50kmh-trans-rapid-variable-1236334
[2026-10-04T12:16:38Z] #279 attempt=1/2 status=200 0.293s url=https://www.myfonts.com/collections/trans-rapid-variable-font-typographicdesign/
[2026-10-04T12:16:38Z] #280 attempt=1/2 status=200 0.312s url=https://www.myfonts.com/collections/trans-rapid-variable-font-typographicdesign/?tab=techSpecs
[2026-10-04T12:16:39Z] #281 attempt=1/2 status=200 0.318s url=https://www.myfonts.com/products/potele-regular-potele-1236153
[2026-10-04T12:16:40Z] #282 attempt=1/2 status=200 0.281s url=https://www.myfonts.com/collections/potele-font-pixelbuddha-studio/
[2026-10-04T12:16:40Z] #283 attempt=1/2 status=200 0.262s url=https://www.myfonts.com/collections/potele-font-pixelbuddha-studio/?tab=techSpecs
[2026-10-04T12:16:41Z] #284 attempt=1/2 status=200 0.355s url=https://www.myfonts.com/products/regular-prak-moroway-1236145
[2026-10-04T12:16:42Z] #285 attempt=1/2 status=200 0.306s url=https://www.myfonts.com/collections/prak-moroway-font-praktypes/
[2026-10-04T12:16:42Z] #286 attempt=1/2 status=200 0.271s url=https://www.myfonts.com/collections/prak-moroway-font-praktypes/?tab=techSpecs
[2026-10-04T12:16:43Z] #287 attempt=1/2 status=200 0.333s url=https://www.myfonts.com/products/chastel-reid-complete-family-package-1236090
[2026-10-04T12:16:44Z] #288 attempt=1/2 status=200 0.379s url=https://www.myfonts.com/collections/chastel-reid-font-letterena-studios/
[2026-10-04T12:16:44Z] #289 attempt=1/2 status=200 0.285s url=https://www.myfonts.com/collections/chastel-reid-font-letterena-studios/?tab=techSpecs
[2026-10-04T12:16:45Z] #290 attempt=1/2 status=200 0.335s url=https://www.myfonts.com/products/desigat-complete-family-package-1236087
[2026-10-04T12:16:46Z] #291 attempt=1/2 status=200 0.360s url=https://www.myfonts.com/collections/desigat-font-letterena-studios/
[2026-10-04T12:16:47Z] #292 attempt=1/2 status=200 0.301s url=https://www.myfonts.com/collections/desigat-font-letterena-studios/?tab=techSpecs
[2026-10-04T12:16:48Z] #293 attempt=1/2 status=200 0.369s url=https://www.myfonts.com/products/zecfulmatos-complete-family-package-1236093
[2026-10-04T12:16:48Z] #294 attempt=1/2 status=200 0.340s url=https://www.myfonts.com/collections/zecfulmatos-font-letterena-studios/
[2026-10-04T12:16:49Z] #295 attempt=1/2 status=200 0.304s url=https://www.myfonts.com/collections/zecfulmatos-font-letterena-studios/?tab=techSpecs
[2026-10-04T12:16:50Z] #296 attempt=1/2 status=200 0.342s url=https://www.myfonts.com/products/swite-brush-complete-family-package-1236083
[2026-10-04T12:16:51Z] #297 attempt=1/2 status=200 0.358s url=https://www.myfonts.com/collections/swite-brush-font-integritype/
[2026-10-04T12:16:51Z] #298 attempt=1/2 status=200 0.303s url=https://www.myfonts.com/collections/swite-brush-font-integritype/?tab=techSpecs
[2026-10-04T12:16:53Z] #299 attempt=1/2 status=200 0.438s url=https://www.myfonts.com/products/crovas-complete-family-package-1236098
[2026-10-04T12:16:53Z] #300 attempt=1/2 status=200 0.546s url=https://www.myfonts.com/collections/crovas-font-jafar07/
[2026-10-04T12:16:54Z] #301 attempt=1/2 status=200 0.507s url=https://www.myfonts.com/collections/crovas-font-jafar07/?tab=techSpecs
[2026-10-04T12:16:55Z] #302 attempt=1/2 status=200 0.276s url=https://www.myfonts.com/products/bold-avoin-1236097
[2026-10-04T12:16:56Z] #303 attempt=1/2 status=200 0.334s url=https://www.myfonts.com/collections/avoin-font-limitype/
[2026-10-04T12:16:56Z] #304 attempt=1/2 status=200 0.314s url=https://www.myfonts.com/collections/avoin-font-limitype/?tab=techSpecs
[2026-10-04T12:16:57Z] #305 attempt=1/2 status=200 0.319s url=https://www.myfonts.com/products/regular-magimax-1236079
[2026-10-04T12:16:58Z] #306 attempt=1/2 status=200 0.376s url=https://www.myfonts.com/collections/magimax-font-hasnat-studio/
[2026-10-04T12:16:58Z] #307 attempt=1/2 status=200 0.275s url=https://www.myfonts.com/collections/magimax-font-hasnat-studio/?tab=techSpecs
[2026-10-04T12:16:59Z] #308 attempt=1/2 status=200 0.293s url=https://www.myfonts.com/products/regular-wavwaffel-1236086
[2026-10-04T12:17:00Z] #309 attempt=1/2 status=200 0.300s url=https://www.myfonts.com/collections/wavwaffel-font-jointype/
[2026-10-04T12:17:00Z] #310 attempt=1/2 status=200 0.269s url=https://www.myfonts.com/collections/wavwaffel-font-jointype/?tab=techSpecs
[2026-10-04T12:17:01Z] #311 attempt=1/2 status=200 0.322s url=https://www.myfonts.com/products/regular-zettosaid-1236066
[2026-10-04T12:17:02Z] #312 attempt=1/2 status=200 0.303s url=https://www.myfonts.com/collections/zettosaid-font-integritype/
[2026-10-04T12:17:02Z] #313 attempt=1/2 status=200 0.319s url=https://www.myfonts.com/collections/zettosaid-font-integritype/?tab=techSpecs
[2026-10-04T12:17:05Z] #314 attempt=1/6 status=200 2.065s url=https://www.myfonts.com/products.json?limit=100&page=9
[2026-10-04T12:17:06Z] #315 attempt=1/2 status=200 0.277s url=https://www.myfonts.com/products/regular-chouz-1235970
[2026-10-04T12:17:06Z] #316 attempt=1/2 status=200 0.300s url=https://www.myfonts.com/collections/chouz-font-brainware-graphic/
[2026-10-04T12:17:07Z] #317 attempt=1/2 status=200 0.310s url=https://www.myfonts.com/collections/chouz-font-brainware-graphic/?tab=techSpecs
[2026-10-04T12:17:08Z] #318 attempt=1/2 status=200 0.345s url=https://www.myfonts.com/products/regular-camelate-1235988
[2026-10-04T12:17:08Z] #319 attempt=1/2 status=200 0.326s url=https://www.myfonts.com/collections/camelate-font-dgtype/
[2026-10-04T12:17:09Z] #320 attempt=1/2 status=200 0.292s url=https://www.myfonts.com/collections/camelate-font-dgtype/?tab=techSpecs
[2026-10-04T12:17:09Z] #321 attempt=1/2 status=200 0.309s url=https://www.myfonts.com/products/regular-muneban-1235908
[2026-10-04T12:17:10Z] #322 attempt=1/2 status=200 0.304s url=https://www.myfonts.com/collections/muneban-font-arif-novianto/
[2026-10-04T12:17:11Z] #323 attempt=1/2 status=200 0.300s url=https://www.myfonts.com/collections/muneban-font-arif-novianto/?tab=techSpecs
[2026-10-04T12:17:11Z] #324 attempt=1/2 status=200 0.297s url=https://www.myfonts.com/products/regular-gundaly-1236065
[2026-10-04T12:17:12Z] #325 attempt=1/2 status=200 0.313s url=https://www.myfonts.com/collections/gundaly-font-integritype/
[2026-10-04T12:17:12Z] #326 attempt=1/2 status=200 0.283s url=https://www.myfonts.com/collections/gundaly-font-integritype/?tab=techSpecs
[2026-10-04T12:17:13Z] #327 attempt=1/2 status=200 0.336s url=https://www.myfonts.com/products/regular-blozay-1236057
[2026-10-04T12:17:14Z] #328 attempt=1/2 status=200 0.301s url=https://www.myfonts.com/collections/blozay-font-ianmikraz-studio/
[2026-10-04T12:17:14Z] #329 attempt=1/2 status=200 0.263s url=https://www.myfonts.com/collections/blozay-font-ianmikraz-studio/?tab=techSpecs
[2026-10-04T12:17:15Z] #330 attempt=1/2 status=200 0.322s url=https://www.myfonts.com/products/hypebeast-regular-hypebeast-brush-1236000
[2026-10-04T12:17:16Z] #331 attempt=1/2 status=200 0.334s url=https://www.myfonts.com/collections/hypebeast-brush-font-ferry-ardana-putra/
[2026-10-04T12:17:16Z] #332 attempt=1/2 status=200 0.297s url=https://www.myfonts.com/collections/hypebeast-brush-font-ferry-ardana-putra/?tab=techSpecs
[2026-10-04T12:17:17Z] #333 attempt=1/2 status=200 0.383s url=https://www.myfonts.com/products/coralie-regular-coralie-1236002
[2026-10-04T12:17:18Z] #334 attempt=1/2 status=200 0.333s url=https://www.myfonts.com/collections/coralie-font-flawlessandco/
[2026-10-04T12:17:18Z] #335 attempt=1/2 status=200 0.263s url=https://www.myfonts.com/collections/coralie-font-flawlessandco/?tab=techSpecs
[2026-10-04T12:17:19Z] #336 attempt=1/2 status=200 0.301s url=https://www.myfonts.com/products/bold-starvo-1236096
[2026-10-04T12:17:20Z] #337 attempt=1/2 status=200 0.325s url=https://www.myfonts.com/collections/starvo-font-limitype/
[2026-10-04T12:17:20Z] #338 attempt=1/2 status=200 0.291s url=https://www.myfonts.com/collections/starvo-font-limitype/?tab=techSpecs
[2026-10-04T12:17:21Z] #339 attempt=1/2 status=200 0.302s url=https://www.myfonts.com/products/regular-crown-majestic-1236063
[2026-10-04T12:17:22Z] #340 attempt=1/2 status=200 0.312s url=https://www.myfonts.com/collections/crown-majestic-font-heinzel-std/
[2026-10-04T12:17:22Z] #341 attempt=1/2 status=200 0.348s url=https://www.myfonts.com/collections/crown-majestic-font-heinzel-std/?tab=techSpecs
[2026-10-04T12:17:23Z] #342 attempt=1/2 status=200 0.309s url=https://www.myfonts.com/products/regular-mackor-1235987
[2026-10-04T12:17:24Z] #343 attempt=1/2 status=200 0.331s url=https://www.myfonts.com/collections/mackor-font-dareco-studio/
[2026-10-04T12:17:24Z] #344 attempt=1/2 status=200 0.338s url=https://www.myfonts.com/collections/mackor-font-dareco-studio/?tab=techSpecs
[2026-10-04T12:17:25Z] #345 attempt=1/2 status=200 0.396s url=https://www.myfonts.com/products/regular-jambura-food-1236082
[2026-10-04T12:17:26Z] #346 attempt=1/2 status=200 0.309s url=https://www.myfonts.com/collections/jambura-food-font-illushvara/
[2026-10-04T12:17:26Z] #347 attempt=1/2 status=200 0.339s url=https://www.myfonts.com/collections/jambura-food-font-illushvara/?tab=techSpecs
[2026-10-04T12:17:27Z] #348 attempt=1/2 status=200 0.290s url=https://www.myfonts.com/products/regular-qronix-1236056
[2026-10-04T12:17:28Z] #349 attempt=1/2 status=200 0.304s url=https://www.myfonts.com/collections/qronix-font-griyotype/
[2026-10-04T12:17:28Z] #350 attempt=1/2 status=200 0.281s url=https://www.myfonts.com/collections/qronix-font-griyotype/?tab=techSpecs
[2026-10-04T12:17:29Z] #351 attempt=1/2 status=200 0.295s url=https://www.myfonts.com/products/regular-black-crush-1236001
[2026-10-04T12:17:29Z] #352 attempt=1/2 status=200 0.343s url=https://www.myfonts.com/collections/black-crush-font-figuree-studio/
[2026-10-04T12:17:30Z] #353 attempt=1/2 status=200 0.317s url=https://www.myfonts.com/collections/black-crush-font-figuree-studio/?tab=techSpecs
[2026-10-04T12:17:31Z] #354 attempt=1/2 status=200 0.368s url=https://www.myfonts.com/products/regular-blockojow-1236080
[2026-10-04T12:17:32Z] #355 attempt=1/2 status=200 0.320s url=https://www.myfonts.com/collections/blockojow-font-hatim-kharbouch/
[2026-10-04T12:17:32Z] #356 attempt=1/2 status=200 0.309s url=https://www.myfonts.com/collections/blockojow-font-hatim-kharbouch/?tab=techSpecs
[2026-10-04T12:17:33Z] #357 attempt=1/2 status=200 0.305s url=https://www.myfonts.com/products/regular-showtilla-1236058
[2026-10-04T12:17:34Z] #358 attempt=1/2 status=200 0.332s url=https://www.myfonts.com/collections/showtilla-font-ianmikraz-studio/
[2026-10-04T12:17:34Z] #359 attempt=1/2 status=200 0.308s url=https://www.myfonts.com/collections/showtilla-font-ianmikraz-studio/?tab=techSpecs
[2026-10-04T12:17:35Z] #360 attempt=1/2 status=200 0.349s url=https://www.myfonts.com/products/regular-psychofat-1235999
[2026-10-04T12:17:36Z] #361 attempt=1/2 status=200 0.304s url=https://www.myfonts.com/collections/psychofat-font-epiclinez/
[2026-10-04T12:17:36Z] #362 attempt=1/2 status=200 0.260s url=https://www.myfonts.com/collections/psychofat-font-epiclinez/?tab=techSpecs
[2026-10-04T12:17:37Z] #363 attempt=1/2 status=200 0.300s url=https://www.myfonts.com/products/regular-liberista-1236081
[2026-10-04T12:17:38Z] #364 attempt=1/2 status=200 0.321s url=https://www.myfonts.com/collections/liberista-font-ikiikotype/
[2026-10-04T12:17:38Z] #365 attempt=1/2 status=200 0.288s url=https://www.myfonts.com/collections/liberista-font-ikiikotype/?tab=techSpecs
[2026-10-04T12:17:39Z] #366 attempt=1/2 status=200 0.306s url=https://www.myfonts.com/products/regular-cherry-bounce-1236064
[2026-10-04T12:17:39Z] #367 attempt=1/2 status=200 0.324s url=https://www.myfonts.com/collections/cherry-bounce-font-heinzel-std/
[2026-10-04T12:17:40Z] #368 attempt=1/2 status=200 0.308s url=https://www.myfonts.com/collections/cherry-bounce-font-heinzel-std/?tab=techSpecs
[2026-10-04T12:17:41Z] #369 attempt=1/2 status=200 0.696s url=https://www.myfonts.com/products/tt-lakes-complete-family-package-1235785
[2026-10-04T12:17:43Z] #370 attempt=1/2 status=200 0.955s url=https://www.myfonts.com/collections/tt-lakes-font-typetype/
[2026-10-04T12:17:44Z] #371 attempt=1/2 status=200 0.753s url=https://www.myfonts.com/collections/tt-lakes-font-typetype/?tab=techSpecs
[2026-10-04T12:17:45Z] #372 attempt=1/2 status=200 0.343s url=https://www.myfonts.com/products/tt-polihaus-non-variable-package-package-1235792
[2026-10-04T12:17:45Z] #373 attempt=1/2 status=200 0.378s url=https://www.myfonts.com/collections/tt-polihaus-font-typetype/
[2026-10-04T12:17:46Z] #374 attempt=1/2 status=200 0.361s url=https://www.myfonts.com/collections/tt-polihaus-font-typetype/?tab=techSpecs
[2026-10-04T12:17:47Z] #375 attempt=1/2 status=200 0.415s url=https://www.myfonts.com/products/neu-t-complete-family-package-1235711
[2026-10-04T12:17:48Z] #376 attempt=1/2 status=200 0.514s url=https://www.myfonts.com/collections/neu-t-font-neuclique-design/
[2026-10-04T12:17:49Z] #377 attempt=1/2 status=200 0.315s url=https://www.myfonts.com/collections/neu-t-font-neuclique-design/?tab=techSpecs
[2026-10-04T12:17:50Z] #378 attempt=1/2 status=200 0.563s url=https://www.myfonts.com/products/bold-new-odyssey-1235784
[2026-10-04T12:17:51Z] #379 attempt=1/2 status=200 0.661s url=https://www.myfonts.com/collections/new-odyssey-font-par-dfaut/
[2026-10-04T12:17:52Z] #380 attempt=1/2 status=200 0.622s url=https://www.myfonts.com/collections/new-odyssey-font-par-dfaut/?tab=techSpecs
[2026-10-04T12:17:53Z] #381 attempt=1/2 status=200 0.300s url=https://www.myfonts.com/products/regular-clay-timber-1235807
[2026-10-04T12:17:53Z] #382 attempt=1/2 status=200 0.321s url=https://www.myfonts.com/collections/clay-timber-font-claymoon-lab-studio/
[2026-10-04T12:17:54Z] #383 attempt=1/2 status=200 0.273s url=https://www.myfonts.com/collections/clay-timber-font-claymoon-lab-studio/?tab=techSpecs
[2026-10-04T12:17:55Z] #384 attempt=1/2 status=200 0.322s url=https://www.myfonts.com/products/regular-wirana-1235803
[2026-10-04T12:17:55Z] #385 attempt=1/2 status=200 0.356s url=https://www.myfonts.com/collections/wirana-font-bentype/
[2026-10-04T12:17:56Z] #386 attempt=1/2 status=200 0.327s url=https://www.myfonts.com/collections/wirana-font-bentype/?tab=techSpecs
[2026-10-04T12:17:57Z] #387 attempt=1/2 status=200 0.316s url=https://www.myfonts.com/products/regular-mangut-1235805
[2026-10-04T12:17:57Z] #388 attempt=1/2 status=200 0.338s url=https://www.myfonts.com/collections/mangut-font-canden-meutuah/
[2026-10-04T12:17:58Z] #389 attempt=1/2 status=200 0.358s url=https://www.myfonts.com/collections/mangut-font-canden-meutuah/?tab=techSpecs
[2026-10-04T12:17:59Z] #390 attempt=1/2 status=200 0.940s url=https://www.myfonts.com/products/semi-condensed-package-1235900
[2026-10-04T12:18:01Z] #391 attempt=1/2 status=200 1.631s url=https://www.myfonts.com/collections/aganote-typeface-font-bosstypestudio/
[2026-10-04T12:18:03Z] #392 attempt=1/2 status=200 1.329s url=https://www.myfonts.com/collections/aganote-typeface-font-bosstypestudio/?tab=techSpecs
[2026-10-04T12:18:05Z] #393 attempt=1/2 status=200 0.404s url=https://www.myfonts.com/products/halloween-essentials-package-1235904
[2026-10-04T12:18:05Z] #394 attempt=1/2 status=404 0.250s url=https://www.myfonts.com/collections/halloween-essentials-font-the-ampersand-forest
[2026-10-04T12:18:06Z] #395 attempt=1/2 status=200 0.364s url=https://www.myfonts.com/products/periskop-complete-family-package-1235794
[2026-10-04T12:18:07Z] #396 attempt=1/2 status=200 0.348s url=https://www.myfonts.com/collections/periskop-font-artiveko/
[2026-10-04T12:18:07Z] #397 attempt=1/2 status=200 0.309s url=https://www.myfonts.com/collections/periskop-font-artiveko/?tab=techSpecs
[2026-10-04T12:18:08Z] #398 attempt=1/2 status=200 0.314s url=https://www.myfonts.com/products/gurl-bones-complete-family-package-1235797
[2026-10-04T12:18:09Z] #399 attempt=1/2 status=200 0.349s url=https://www.myfonts.com/collections/gurl-bones-font-artisan-themes/
[2026-10-04T12:18:09Z] #400 attempt=1/2 status=200 0.368s url=https://www.myfonts.com/collections/gurl-bones-font-artisan-themes/?tab=techSpecs
[2026-10-04T12:18:10Z] #401 attempt=1/2 status=200 0.327s url=https://www.myfonts.com/products/draventa-complete-family-package-1235800
[2026-10-04T12:18:11Z] #402 attempt=1/2 status=200 0.325s url=https://www.myfonts.com/collections/draventa-font-asbill-studio/
[2026-10-04T12:18:12Z] #403 attempt=1/2 status=200 0.288s url=https://www.myfonts.com/collections/draventa-font-asbill-studio/?tab=techSpecs
[2026-10-04T12:18:13Z] #404 attempt=1/6 status=200 0.734s url=https://www.myfonts.com/products.json?limit=100&page=10
[2026-10-04T12:18:14Z] #405 attempt=1/2 status=200 0.297s url=https://www.myfonts.com/products/elegant-and-creative-font-bundle-package-1235793
[2026-10-04T12:18:14Z] #406 attempt=1/2 status=404 0.205s url=https://www.myfonts.com/collections/elegant-and-creative-font-bundle-font-mei-suseno
[2026-10-04T12:18:15Z] #407 attempt=1/2 status=200 0.593s url=https://www.myfonts.com/products/rektor-compressed-package-1235756
[2026-10-04T12:18:16Z] #408 attempt=1/2 status=200 0.864s url=https://www.myfonts.com/collections/rektor-font-bold-guys/
[2026-10-04T12:18:17Z] #409 attempt=1/2 status=200 0.787s url=https://www.myfonts.com/collections/rektor-font-bold-guys/?tab=techSpecs
[2026-10-04T12:18:19Z] #410 attempt=1/2 status=200 0.403s url=https://www.myfonts.com/products/sektor-basic-package-1235779
[2026-10-04T12:18:19Z] #411 attempt=1/2 status=200 0.528s url=https://www.myfonts.com/collections/sektor-font-bold-guys/
[2026-10-04T12:18:20Z] #412 attempt=1/2 status=200 0.476s url=https://www.myfonts.com/collections/sektor-font-bold-guys/?tab=techSpecs
[2026-10-04T12:18:21Z] #413 attempt=1/2 status=200 0.330s url=https://www.myfonts.com/products/rektor-variable-concept-complete-family-package-1235760
[2026-10-04T12:18:22Z] #414 attempt=1/2 status=200 0.342s url=https://www.myfonts.com/collections/rektor-variable-concept-font-bold-guys/
[2026-10-04T12:18:23Z] #415 attempt=1/2 status=200 0.334s url=https://www.myfonts.com/collections/rektor-variable-concept-font-bold-guys/?tab=techSpecs
[2026-10-04T12:18:24Z] #416 attempt=1/2 status=200 0.321s url=https://www.myfonts.com/products/sektor-variable-concept-complete-family-package-1235780
[2026-10-04T12:18:24Z] #417 attempt=1/2 status=200 0.303s url=https://www.myfonts.com/collections/sektor-variable-concept-font-bold-guys/
[2026-10-04T12:18:25Z] #418 attempt=1/2 status=200 0.330s url=https://www.myfonts.com/collections/sektor-variable-concept-font-bold-guys/?tab=techSpecs
[2026-10-04T12:18:28Z] #419 attempt=1/6 status=200 0.955s url=https://www.myfonts.com/products.json?limit=100&page=11
[2026-10-04T12:18:29Z] #420 attempt=1/2 status=200 0.844s url=https://www.myfonts.com/products/ultimate-font-bundle-package-1003954
[2026-10-04T12:18:29Z] #421 attempt=1/2 status=404 0.222s url=https://www.myfonts.com/collections/ultimate-font-bundle-font-hyperfluro
[2026-10-04T12:18:30Z] #422 attempt=1/2 status=200 0.894s url=https://www.myfonts.com/products/workhorse-pro-bundle-package-1023031
[2026-10-04T12:18:31Z] #423 attempt=1/2 status=404 0.220s url=https://www.myfonts.com/collections/workhorse-pro-bundle-font-hyperfluro
[2026-10-04T12:18:32Z] #424 attempt=1/2 status=200 0.810s url=https://www.myfonts.com/products/1-week-wonder-font-bundle-package-1022814
[2026-10-04T12:18:33Z] #425 attempt=1/2 status=404 0.271s url=https://www.myfonts.com/collections/1-week-wonder-font-bundle-font-hyperfluro
[2026-10-04T12:18:33Z] #426 attempt=1/2 status=200 0.333s url=https://www.myfonts.com/products/fairy-diary-package-complete-family-package-1235583
[2026-10-04T12:18:34Z] #427 attempt=1/2 status=200 0.370s url=https://www.myfonts.com/collections/fairy-diary-package-font-typehand-studio/
[2026-10-04T12:18:34Z] #428 attempt=1/2 status=200 0.317s url=https://www.myfonts.com/collections/fairy-diary-package-font-typehand-studio/?tab=techSpecs
[2026-10-04T12:18:35Z] #429 attempt=1/2 status=200 0.442s url=https://www.myfonts.com/products/hanibal-complete-family-package-1235709
[2026-10-04T12:18:36Z] #430 attempt=1/2 status=200 0.448s url=https://www.myfonts.com/collections/hanibal-font-hazztype/
[2026-10-04T12:18:37Z] #431 attempt=1/2 status=200 0.402s url=https://www.myfonts.com/collections/hanibal-font-hazztype/?tab=techSpecs
[2026-10-04T12:18:38Z] #432 attempt=1/2 status=200 0.315s url=https://www.myfonts.com/products/reuhom-complete-family-package-1235492
[2026-10-04T12:18:39Z] #433 attempt=1/2 status=200 0.326s url=https://www.myfonts.com/collections/reuhom-font-kotatype/
[2026-10-04T12:18:39Z] #434 attempt=1/2 status=200 0.313s url=https://www.myfonts.com/collections/reuhom-font-kotatype/?tab=techSpecs
[2026-10-04T12:18:41Z] #435 attempt=1/2 status=200 0.402s url=https://www.myfonts.com/products/sichra-typeface-relaxed-slab-serif-complete-family-package-1235624
[2026-10-04T12:18:41Z] #436 attempt=1/2 status=200 0.455s url=https://www.myfonts.com/collections/sichra-typeface-relaxed-slab-serif-font-khoir/
[2026-10-04T12:18:42Z] #437 attempt=1/2 status=200 0.370s url=https://www.myfonts.com/collections/sichra-typeface-relaxed-slab-serif-font-khoir/?tab=techSpecs
[2026-10-04T12:18:43Z] #438 attempt=1/2 status=200 0.358s url=https://www.myfonts.com/products/cedar-knox-complete-family-package-1235635
[2026-10-04T12:18:44Z] #439 attempt=1/2 status=200 0.357s url=https://www.myfonts.com/collections/cedar-knox-font-mei-suseno/
[2026-10-04T12:18:44Z] #440 attempt=1/2 status=200 0.350s url=https://www.myfonts.com/collections/cedar-knox-font-mei-suseno/?tab=techSpecs
[2026-10-04T12:18:46Z] #441 attempt=1/2 status=200 0.503s url=https://www.myfonts.com/products/designer-stuff-package-1235652
[2026-10-04T12:18:46Z] #442 attempt=1/2 status=200 0.440s url=https://www.myfonts.com/collections/gc-quick-pro-font-onyx-studio/
[2026-10-04T12:18:47Z] #443 attempt=1/2 status=200 0.349s url=https://www.myfonts.com/collections/gc-quick-pro-font-onyx-studio/?tab=techSpecs
[2026-10-04T12:18:49Z] #444 attempt=1/2 status=200 1.053s url=https://www.myfonts.com/products/orchild-serif-complete-family-package-1235218
[2026-10-04T12:18:50Z] #445 attempt=1/2 status=200 1.373s url=https://www.myfonts.com/collections/orchild-serif-font-bosstypestudio/
[2026-10-04T12:18:52Z] #446 attempt=1/2 status=200 1.185s url=https://www.myfonts.com/collections/orchild-serif-font-bosstypestudio/?tab=techSpecs
[2026-10-04T12:18:53Z] #447 attempt=1/2 status=200 0.338s url=https://www.myfonts.com/products/mislarey-complete-family-package-1235702
[2026-10-04T12:18:54Z] #448 attempt=1/2 status=200 0.421s url=https://www.myfonts.com/collections/mislarey-font-maulana-creative/
[2026-10-04T12:18:55Z] #449 attempt=1/2 status=200 0.327s url=https://www.myfonts.com/collections/mislarey-font-maulana-creative/?tab=techSpecs
[2026-10-04T12:18:56Z] #450 attempt=1/2 status=200 0.379s url=https://www.myfonts.com/products/garfieh-comic-complete-family-package-1235639
[2026-10-04T12:18:57Z] #451 attempt=1/2 status=200 0.765s url=https://www.myfonts.com/collections/garfieh-comic-font-mvmet/
[2026-10-04T12:18:57Z] #452 attempt=1/2 status=200 0.311s url=https://www.myfonts.com/collections/garfieh-comic-font-mvmet/?tab=techSpecs
[2026-10-04T12:18:59Z] #453 attempt=1/2 status=200 0.448s url=https://www.myfonts.com/products/nochimoto-technica-m19-complete-family-package-1235664
[2026-10-04T12:19:00Z] #454 attempt=1/2 status=200 0.574s url=https://www.myfonts.com/collections/nochimoto-technica-m19-font-owl-king-project/
[2026-10-04T12:19:00Z] #455 attempt=1/2 status=200 0.452s url=https://www.myfonts.com/collections/nochimoto-technica-m19-font-owl-king-project/?tab=techSpecs
[2026-10-04T12:19:02Z] #456 attempt=1/2 status=200 0.334s url=https://www.myfonts.com/products/akhbar-complete-family-package-1235615
[2026-10-04T12:19:02Z] #457 attempt=1/2 status=200 0.403s url=https://www.myfonts.com/collections/akhbar-font-monotype-imaging/
[2026-10-04T12:19:03Z] #458 attempt=1/2 status=200 0.310s url=https://www.myfonts.com/collections/akhbar-font-monotype-imaging/?tab=techSpecs
[2026-10-04T12:19:04Z] #459 attempt=1/2 status=200 0.335s url=https://www.myfonts.com/products/cs-bougy-complete-family-package-1235607
[2026-10-04T12:19:05Z] #460 attempt=1/2 status=200 0.381s url=https://www.myfonts.com/collections/cs-bougy-font-craft-supply-co/
[2026-10-04T12:19:05Z] #461 attempt=1/2 status=200 0.311s url=https://www.myfonts.com/collections/cs-bougy-font-craft-supply-co/?tab=techSpecs
[2026-10-04T12:19:06Z] #462 attempt=1/2 status=200 0.342s url=https://www.myfonts.com/products/cs-daine-mono-complete-family-package-1235611
[2026-10-04T12:19:07Z] #463 attempt=1/2 status=200 0.382s url=https://www.myfonts.com/collections/cs-daine-mono-font-craft-supply-co/
[2026-10-04T12:19:08Z] #464 attempt=1/2 status=200 0.321s url=https://www.myfonts.com/collections/cs-daine-mono-font-craft-supply-co/?tab=techSpecs
[2026-10-04T12:19:09Z] #465 attempt=1/2 status=200 0.329s url=https://www.myfonts.com/products/natural-cottage-complete-family-package-1235213
[2026-10-04T12:19:10Z] #466 attempt=1/2 status=200 0.358s url=https://www.myfonts.com/collections/natural-cottage-font-bale-type/
[2026-10-04T12:19:10Z] #467 attempt=1/2 status=200 0.298s url=https://www.myfonts.com/collections/natural-cottage-font-bale-type/?tab=techSpecs
[2026-10-04T12:19:11Z] #468 attempt=1/2 status=200 0.401s url=https://www.myfonts.com/products/gc-adge-complete-family-package-1235653
[2026-10-04T12:19:12Z] #469 attempt=1/2 status=200 0.475s url=https://www.myfonts.com/collections/gc-adge-font-onyx-studio/
[2026-10-04T12:19:13Z] #470 attempt=1/2 status=200 0.368s url=https://www.myfonts.com/collections/gc-adge-font-onyx-studio/?tab=techSpecs
[2026-10-04T12:19:14Z] #471 attempt=1/2 status=200 0.364s url=https://www.myfonts.com/products/neo-sans-arabic-complete-family-package-1235476
[2026-10-04T12:19:14Z] #472 attempt=1/2 status=200 0.435s url=https://www.myfonts.com/collections/neo-sans-arabic-font-monotype-imaging/
[2026-10-04T12:19:15Z] #473 attempt=1/2 status=200 0.367s url=https://www.myfonts.com/collections/neo-sans-arabic-font-monotype-imaging/?tab=techSpecs
[2026-10-04T12:19:16Z] #474 attempt=1/2 status=200 0.330s url=https://www.myfonts.com/products/jogojiwo-complete-family-package-1235210
[2026-10-04T12:19:17Z] #475 attempt=1/2 status=200 0.359s url=https://www.myfonts.com/collections/jogojiwo-font-artiveko/
[2026-10-04T12:19:17Z] #476 attempt=1/2 status=200 0.302s url=https://www.myfonts.com/collections/jogojiwo-font-artiveko/?tab=techSpecs
[2026-10-04T12:19:19Z] #477 attempt=1/2 status=200 0.327s url=https://www.myfonts.com/products/crenville-fontage-complete-family-package-1235603
[2026-10-04T12:19:19Z] #478 attempt=1/2 status=200 0.394s url=https://www.myfonts.com/collections/crenville-fontage-font-tyasify/
[2026-10-04T12:19:20Z] #479 attempt=1/2 status=200 0.322s url=https://www.myfonts.com/collections/crenville-fontage-font-tyasify/?tab=techSpecs
[2026-10-04T12:19:21Z] #480 attempt=1/2 status=200 0.381s url=https://www.myfonts.com/products/spicyfit-complete-family-package-1170187
[2026-10-04T12:19:22Z] #481 attempt=1/2 status=200 0.424s url=https://www.myfonts.com/collections/spicyfit-font-brenners-template/
[2026-10-04T12:19:22Z] #482 attempt=1/2 status=200 0.366s url=https://www.myfonts.com/collections/spicyfit-font-brenners-template/?tab=techSpecs
[2026-10-04T12:19:23Z] #483 attempt=1/2 status=200 0.344s url=https://www.myfonts.com/products/tranquilly-complete-family-package-1235588
[2026-10-04T12:19:24Z] #484 attempt=1/2 status=200 0.411s url=https://www.myfonts.com/collections/tranquilly-font-type-peace/
[2026-10-04T12:19:25Z] #485 attempt=1/2 status=200 0.347s url=https://www.myfonts.com/products/fiethori-complete-family-package-1235705
[2026-10-04T12:19:25Z] #486 attempt=1/2 status=200 0.363s url=https://www.myfonts.com/collections/fiethori-font-maulana-creative/
[2026-10-04T12:19:26Z] #487 attempt=1/2 status=200 0.275s url=https://www.myfonts.com/collections/fiethori-font-maulana-creative/?tab=techSpecs
[2026-10-04T12:19:27Z] #488 attempt=1/2 status=200 0.336s url=https://www.myfonts.com/products/straussy-package-complete-family-package-1235579
[2026-10-04T12:19:27Z] #489 attempt=1/2 status=200 0.376s url=https://www.myfonts.com/collections/straussy-package-font-typehand-studio/
[2026-10-04T12:19:28Z] #490 attempt=1/2 status=200 0.336s url=https://www.myfonts.com/collections/straussy-package-font-typehand-studio/?tab=techSpecs
[2026-10-04T12:19:29Z] #491 attempt=1/2 status=200 0.422s url=https://www.myfonts.com/products/kenshinton-complete-family-package-1235596
[2026-10-04T12:19:30Z] #492 attempt=1/2 status=200 0.467s url=https://www.myfonts.com/collections/kenshinton-font-tyedge-studio/
[2026-10-04T12:19:31Z] #493 attempt=1/2 status=200 0.356s url=https://www.myfonts.com/collections/kenshinton-font-tyedge-studio/?tab=techSpecs
[2026-10-04T12:19:32Z] #494 attempt=1/2 status=200 0.408s url=https://www.myfonts.com/products/sunzine-complete-family-package-1235686
[2026-10-04T12:19:33Z] #495 attempt=1/2 status=200 0.590s url=https://www.myfonts.com/collections/sunzine-font-luminatype-studio/
[2026-10-04T12:19:34Z] #496 attempt=1/2 status=200 0.460s url=https://www.myfonts.com/collections/sunzine-font-luminatype-studio/?tab=techSpecs
[2026-10-04T12:19:35Z] #497 attempt=1/2 status=200 0.359s url=https://www.myfonts.com/products/habarac-pro-complete-family-package-1235570
[2026-10-04T12:19:35Z] #498 attempt=1/2 status=200 0.365s url=https://www.myfonts.com/collections/habarac-pro-font-typoraith-co/
[2026-10-04T12:19:36Z] #499 attempt=1/2 status=200 0.297s url=https://www.myfonts.com/collections/habarac-pro-font-typoraith-co/?tab=techSpecs
[2026-10-04T12:19:37Z] #500 attempt=1/2 status=200 0.352s url=https://www.myfonts.com/products/pelan-motion-complete-family-package-1235484
[2026-10-04T12:19:38Z] #501 attempt=1/2 status=200 0.334s url=https://www.myfonts.com/collections/pelan-motion-font-kalam/
[2026-10-04T12:19:38Z] #502 attempt=1/2 status=200 0.316s url=https://www.myfonts.com/collections/pelan-motion-font-kalam/?tab=techSpecs
[2026-10-04T12:19:40Z] #503 attempt=1/2 status=200 0.905s url=https://www.myfonts.com/products/the-font-vault-package-1203242
[2026-10-04T12:19:40Z] #504 attempt=1/2 status=404 0.263s url=https://www.myfonts.com/collections/the-font-vault-font-hyperfluro
[2026-10-04T12:19:41Z] #505 attempt=1/2 status=200 0.297s url=https://www.myfonts.com/products/regular-crade-fuel-1235559
[2026-10-04T12:19:41Z] #506 attempt=1/2 status=200 0.344s url=https://www.myfonts.com/collections/crade-fuel-font-maulana-creative/
[2026-10-04T12:19:42Z] #507 attempt=1/2 status=200 0.468s url=https://www.myfonts.com/collections/crade-fuel-font-maulana-creative/?tab=techSpecs
[2026-10-04T12:19:44Z] #508 attempt=1/6 status=200 1.008s url=https://www.myfonts.com/products.json?limit=100&page=12
[2026-10-04T12:19:45Z] #509 attempt=1/2 status=200 0.295s url=https://www.myfonts.com/products/regular-black-letterfly-1235203
[2026-10-04T12:19:45Z] #510 attempt=1/2 status=200 0.306s url=https://www.myfonts.com/collections/black-letterfly-font-alit-design/
[2026-10-04T12:19:46Z] #511 attempt=1/2 status=200 0.278s url=https://www.myfonts.com/collections/black-letterfly-font-alit-design/?tab=techSpecs
[2026-10-04T12:19:47Z] #512 attempt=1/2 status=200 0.337s url=https://www.myfonts.com/products/regular-brogen-1235578
[2026-10-04T12:19:47Z] #513 attempt=1/2 status=200 0.313s url=https://www.myfonts.com/collections/brogen-font-typoraith-co/
[2026-10-04T12:19:48Z] #514 attempt=1/2 status=200 0.291s url=https://www.myfonts.com/collections/brogen-font-typoraith-co/?tab=techSpecs
[2026-10-04T12:19:48Z] #515 attempt=1/2 status=200 0.343s url=https://www.myfonts.com/products/regular-rajuttia-1235208
[2026-10-04T12:19:49Z] #516 attempt=1/2 status=200 0.352s url=https://www.myfonts.com/collections/rajuttia-font-arif-novianto/
[2026-10-04T12:19:50Z] #517 attempt=1/2 status=200 0.296s url=https://www.myfonts.com/collections/rajuttia-font-arif-novianto/?tab=techSpecs
[2026-10-04T12:19:50Z] #518 attempt=1/2 status=200 0.332s url=https://www.myfonts.com/products/regular-reuton-1235216
[2026-10-04T12:19:51Z] #519 attempt=1/2 status=200 0.517s url=https://www.myfonts.com/collections/reuton-font-bimaksara/
[2026-10-04T12:19:52Z] #520 attempt=1/2 status=200 0.356s url=https://www.myfonts.com/collections/reuton-font-bimaksara/?tab=techSpecs
[2026-10-04T12:19:53Z] #521 attempt=1/2 status=200 0.324s url=https://www.myfonts.com/products/regular-noemia-dreams-1235577
[2026-10-04T12:19:53Z] #522 attempt=1/2 status=200 0.300s url=https://www.myfonts.com/collections/noemia-dreams-font-typoraith-co/
[2026-10-04T12:19:54Z] #523 attempt=1/2 status=200 0.287s url=https://www.myfonts.com/collections/noemia-dreams-font-typoraith-co/?tab=techSpecs
[2026-10-04T12:19:55Z] #524 attempt=1/2 status=200 0.300s url=https://www.myfonts.com/products/regular-spontanew-1235205
[2026-10-04T12:19:55Z] #525 attempt=1/2 status=200 0.350s url=https://www.myfonts.com/collections/spontanew-font-allmo-studio/
[2026-10-04T12:19:56Z] #526 attempt=1/2 status=200 0.298s url=https://www.myfonts.com/collections/spontanew-font-allmo-studio/?tab=techSpecs
[2026-10-04T12:19:57Z] #527 attempt=1/2 status=200 0.314s url=https://www.myfonts.com/products/regular-renovatio-deco-1235595
[2026-10-04T12:19:57Z] #528 attempt=1/2 status=200 0.307s url=https://www.myfonts.com/collections/renovatio-deco-font-type-innovations/
[2026-10-04T12:19:58Z] #529 attempt=1/2 status=200 0.274s url=https://www.myfonts.com/collections/renovatio-deco-font-type-innovations/?tab=techSpecs
[2026-10-04T12:19:58Z] #530 attempt=1/2 status=200 0.289s url=https://www.myfonts.com/products/regular-flapiglo-sans-1235558
[2026-10-04T12:19:59Z] #531 attempt=1/2 status=200 0.361s url=https://www.myfonts.com/collections/flapiglo-sans-font-maulana-creative/
[2026-10-04T12:20:00Z] #532 attempt=1/2 status=200 0.297s url=https://www.myfonts.com/collections/flapiglo-sans-font-maulana-creative/?tab=techSpecs
[2026-10-04T12:20:01Z] #533 attempt=1/6 status=200 0.696s url=https://www.myfonts.com/products.json?limit=100&page=13
[2026-10-04T12:20:02Z] #534 attempt=1/2 status=200 0.291s url=https://www.myfonts.com/products/alphaxen-jellynox-regular-alphaxen-jellyfish-jellynox-1235206
[2026-10-04T12:20:02Z] #535 attempt=1/2 status=200 0.304s url=https://www.myfonts.com/collections/alphaxen-font-lab-foundry/
[2026-10-04T12:20:03Z] #536 attempt=1/2 status=200 0.357s url=https://www.myfonts.com/collections/alphaxen-font-lab-foundry/?tab=techSpecs
[2026-10-04T12:20:03Z] #537 attempt=1/2 status=200 0.200s url=https://www.myfonts.com/collections/alphaxen-font-lab-foundry/
[2026-10-04T12:20:04Z] #538 attempt=1/2 status=200 0.319s url=https://www.myfonts.com/products/nocthane-regular-nocthane-1235409
[2026-10-04T12:20:04Z] #539 attempt=1/2 status=200 0.305s url=https://www.myfonts.com/collections/nocthane-font-flawlessandco/
[2026-10-04T12:20:05Z] #540 attempt=1/2 status=200 0.371s url=https://www.myfonts.com/collections/nocthane-font-flawlessandco/?tab=techSpecs
[2026-10-04T12:20:06Z] #541 attempt=1/2 status=200 0.343s url=https://www.myfonts.com/products/regular-boyanda-1235209
[2026-10-04T12:20:06Z] #542 attempt=1/2 status=200 0.333s url=https://www.myfonts.com/collections/boyanda-font-arif-novianto/
[2026-10-04T12:20:07Z] #543 attempt=1/2 status=200 0.367s url=https://www.myfonts.com/collections/boyanda-font-arif-novianto/?tab=techSpecs
[2026-10-04T12:20:08Z] #544 attempt=1/2 status=200 0.290s url=https://www.myfonts.com/products/regular-alphaxen-stone-moon-1235207
[2026-10-04T12:20:08Z] #545 attempt=1/2 status=200 0.217s url=https://www.myfonts.com/collections/alphaxen-font-lab-foundry/
[2026-10-04T12:20:09Z] #546 attempt=1/2 status=200 0.187s url=https://www.myfonts.com/collections/alphaxen-font-lab-foundry/?tab=techSpecs
[2026-10-04T12:20:09Z] #547 attempt=1/2 status=200 0.188s url=https://www.myfonts.com/collections/alphaxen-font-lab-foundry/
[2026-10-04T12:20:10Z] #548 attempt=1/2 status=200 0.314s url=https://www.myfonts.com/products/regular-rosella-mirakle-1235204
[2026-10-04T12:20:10Z] #549 attempt=1/2 status=200 0.375s url=https://www.myfonts.com/collections/rosella-mirakle-font-alit-design/
[2026-10-04T12:20:11Z] #550 attempt=1/2 status=200 0.263s url=https://www.myfonts.com/collections/rosella-mirakle-font-alit-design/?tab=techSpecs
[2026-10-04T12:20:12Z] #551 attempt=1/2 status=200 0.297s url=https://www.myfonts.com/products/regular-sepatik-script-1235217
[2026-10-04T12:20:12Z] #552 attempt=1/2 status=200 0.316s url=https://www.myfonts.com/collections/sepatik-script-font-bonjourtype/
[2026-10-04T12:20:13Z] #553 attempt=1/2 status=200 0.305s url=https://www.myfonts.com/collections/sepatik-script-font-bonjourtype/?tab=techSpecs
[2026-10-04T12:20:15Z] #554 attempt=1/6 status=200 0.965s url=https://www.myfonts.com/products.json?limit=100&page=14
[2026-10-04T12:20:15Z] #555 attempt=1/2 status=200 0.300s url=https://www.myfonts.com/products/regular-rotten-flesh-decayed-1235202
[2026-10-04T12:20:16Z] #556 attempt=1/2 status=200 0.337s url=https://www.myfonts.com/collections/rotten-flesh-decayed-font-alchemynoir/
[2026-10-04T12:20:16Z] #557 attempt=1/2 status=200 0.311s url=https://www.myfonts.com/collections/rotten-flesh-decayed-font-alchemynoir/?tab=techSpecs
[2026-10-04T12:20:17Z] #558 attempt=1/2 status=200 0.322s url=https://www.myfonts.com/products/regular-boldy-funk-1235643
[2026-10-04T12:20:18Z] #559 attempt=1/2 status=200 0.371s url=https://www.myfonts.com/collections/boldy-funk-font-nh-typestudio/
[2026-10-04T12:20:18Z] #560 attempt=1/2 status=200 0.278s url=https://www.myfonts.com/collections/boldy-funk-font-nh-typestudio/?tab=techSpecs
[2026-10-04T12:20:19Z] #561 attempt=1/2 status=200 0.322s url=https://www.myfonts.com/products/regular-elthar-1235663
[2026-10-04T12:20:20Z] #562 attempt=1/2 status=200 0.313s url=https://www.myfonts.com/collections/elthar-font-pandeka-studio/
[2026-10-04T12:20:20Z] #563 attempt=1/2 status=200 0.292s url=https://www.myfonts.com/collections/elthar-font-pandeka-studio/?tab=techSpecs
[2026-10-04T12:20:21Z] #564 attempt=1/2 status=200 0.292s url=https://www.myfonts.com/products/moope-regular-moope-1235701
[2026-10-04T12:20:21Z] #565 attempt=1/2 status=200 0.288s url=https://www.myfonts.com/collections/moope-font-marvadesign/
[2026-10-04T12:20:22Z] #566 attempt=1/2 status=200 0.287s url=https://www.myfonts.com/collections/moope-font-marvadesign/?tab=techSpecs
[2026-10-04T12:20:23Z] #567 attempt=1/2 status=200 0.343s url=https://www.myfonts.com/products/regular-piple-1235634
[2026-10-04T12:20:23Z] #568 attempt=1/2 status=200 0.324s url=https://www.myfonts.com/collections/piple-font-migomojo-type-house/
[2026-10-04T12:20:24Z] #569 attempt=1/2 status=200 0.271s url=https://www.myfonts.com/collections/piple-font-migomojo-type-house/?tab=techSpecs
[2026-10-04T12:20:25Z] #570 attempt=1/2 status=200 0.304s url=https://www.myfonts.com/products/regular-gurih-whimsy-1235642
[2026-10-04T12:20:25Z] #571 attempt=1/2 status=200 0.316s url=https://www.myfonts.com/collections/gurih-whimsy-font-mvmet/
[2026-10-04T12:20:26Z] #572 attempt=1/2 status=200 0.342s url=https://www.myfonts.com/collections/gurih-whimsy-font-mvmet/?tab=techSpecs
[2026-10-04T12:20:27Z] #573 attempt=1/2 status=200 0.295s url=https://www.myfonts.com/products/bold-morbig-1235685
[2026-10-04T12:20:27Z] #574 attempt=1/2 status=200 0.308s url=https://www.myfonts.com/collections/morbig-font-limitype/
[2026-10-04T12:20:28Z] #575 attempt=1/2 status=200 0.256s url=https://www.myfonts.com/collections/morbig-font-limitype/?tab=techSpecs
[2026-10-04T12:20:29Z] #576 attempt=1/2 status=200 0.308s url=https://www.myfonts.com/products/regular-syaikh-1235620
[2026-10-04T12:20:29Z] #577 attempt=1/2 status=200 0.396s url=https://www.myfonts.com/collections/syaikh-font-ikiikotype/
[2026-10-04T12:20:30Z] #578 attempt=1/2 status=200 0.307s url=https://www.myfonts.com/collections/syaikh-font-ikiikotype/?tab=techSpecs
[2026-10-04T12:20:31Z] #579 attempt=1/2 status=200 0.317s url=https://www.myfonts.com/products/regular-seeingdouble-1235623
[2026-10-04T12:20:31Z] #580 attempt=1/2 status=200 0.319s url=https://www.myfonts.com/collections/seeingdouble-font-jointype/
[2026-10-04T12:20:32Z] #581 attempt=1/2 status=200 0.324s url=https://www.myfonts.com/collections/seeingdouble-font-jointype/?tab=techSpecs
[2026-10-04T12:20:33Z] #582 attempt=1/2 status=200 0.312s url=https://www.myfonts.com/products/regular-godex-1235619
[2026-10-04T12:20:33Z] #583 attempt=1/2 status=200 0.343s url=https://www.myfonts.com/collections/godex-font-dareco-studio/
[2026-10-04T12:20:34Z] #584 attempt=1/2 status=200 0.295s url=https://www.myfonts.com/collections/godex-font-dareco-studio/?tab=techSpecs
[2026-10-04T12:20:35Z] #585 attempt=1/2 status=200 0.335s url=https://www.myfonts.com/products/regular-mingwei-1235622
[2026-10-04T12:20:35Z] #586 attempt=1/2 status=200 0.292s url=https://www.myfonts.com/collections/mingwei-font-ikiikotype/
[2026-10-04T12:20:36Z] #587 attempt=1/2 status=200 0.345s url=https://www.myfonts.com/collections/mingwei-font-ikiikotype/?tab=techSpecs
[2026-10-04T12:20:37Z] #588 attempt=1/2 status=200 0.345s url=https://www.myfonts.com/products/nomgrave-complete-family-package-1235530
[2026-10-04T12:20:37Z] #589 attempt=1/2 status=200 0.484s url=https://www.myfonts.com/collections/nomgrave-font-made-deduk/
[2026-10-04T12:20:38Z] #590 attempt=1/2 status=200 0.293s url=https://www.myfonts.com/collections/nomgrave-font-made-deduk/?tab=techSpecs
[2026-10-04T12:20:39Z] #591 attempt=1/2 status=200 0.465s url=https://www.myfonts.com/products/kashif-complete-family-package-1235495
[2026-10-04T12:20:40Z] #592 attempt=1/2 status=200 0.608s url=https://www.myfonts.com/collections/kashif-font-kutype/
[2026-10-04T12:20:41Z] #593 attempt=1/2 status=200 0.414s url=https://www.myfonts.com/collections/kashif-font-kutype/?tab=techSpecs
[2026-10-04T12:20:42Z] #594 attempt=1/2 status=200 0.332s url=https://www.myfonts.com/products/world-brush-complete-family-package-1235516
[2026-10-04T12:20:42Z] #595 attempt=1/2 status=200 0.327s url=https://www.myfonts.com/collections/world-brush-font-letterafandi-studio/
[2026-10-04T12:20:43Z] #596 attempt=1/2 status=200 0.314s url=https://www.myfonts.com/collections/world-brush-font-letterafandi-studio/?tab=techSpecs
[2026-10-04T12:20:44Z] #597 attempt=1/2 status=200 0.335s url=https://www.myfonts.com/products/aesthetic-shine-complete-family-package-1235526
[2026-10-04T12:20:45Z] #598 attempt=1/2 status=200 0.386s url=https://www.myfonts.com/collections/aesthetic-shine-font-littlehand/
[2026-10-04T12:20:45Z] #599 attempt=1/2 status=200 0.338s url=https://www.myfonts.com/collections/aesthetic-shine-font-littlehand/?tab=techSpecs
[2026-10-04T12:20:47Z] #600 attempt=1/2 status=200 0.375s url=https://www.myfonts.com/products/gravoxa-complete-family-package-1235519
[2026-10-04T12:20:47Z] #601 attempt=1/2 status=200 0.483s url=https://www.myfonts.com/collections/gravoxa-font-letterafandi-studio/
[2026-10-04T12:20:48Z] #602 attempt=1/2 status=200 0.367s url=https://www.myfonts.com/collections/gravoxa-font-letterafandi-studio/?tab=techSpecs
[2026-10-04T12:20:49Z] #603 attempt=1/2 status=200 0.298s url=https://www.myfonts.com/products/glorivane-complete-family-package-1235533
[2026-10-04T12:20:50Z] #604 attempt=1/2 status=200 0.338s url=https://www.myfonts.com/collections/glorivane-font-made-deduk/
[2026-10-04T12:20:50Z] #605 attempt=1/2 status=200 0.304s url=https://www.myfonts.com/collections/glorivane-font-made-deduk/?tab=techSpecs
[2026-10-04T12:20:51Z] #606 attempt=1/2 status=200 0.333s url=https://www.myfonts.com/products/brikhead-complete-family-package-1235523
[2026-10-04T12:20:52Z] #607 attempt=1/2 status=200 0.482s url=https://www.myfonts.com/collections/brikhead-font-linecreative/
[2026-10-04T12:20:53Z] #608 attempt=1/2 status=200 0.353s url=https://www.myfonts.com/collections/brikhead-font-linecreative/?tab=techSpecs
[2026-10-04T12:20:54Z] #609 attempt=1/2 status=200 0.361s url=https://www.myfonts.com/products/molimer-complete-family-package-1235539
[2026-10-04T12:20:54Z] #610 attempt=1/2 status=200 0.506s url=https://www.myfonts.com/collections/molimer-font-marvadesign/
[2026-10-04T12:20:55Z] #611 attempt=1/2 status=200 0.299s url=https://www.myfonts.com/products/regular-legraf-1235483
[2026-10-04T12:20:56Z] #612 attempt=1/2 status=200 0.339s url=https://www.myfonts.com/collections/legraf-font-jointype/
[2026-10-04T12:20:56Z] #613 attempt=1/2 status=200 0.299s url=https://www.myfonts.com/products/regular-roughmake-1235522
[2026-10-04T12:20:57Z] #614 attempt=1/2 status=200 0.329s url=https://www.myfonts.com/collections/roughmake-font-linecreative/
[2026-10-04T12:20:57Z] #615 attempt=1/2 status=200 0.303s url=https://www.myfonts.com/products/monaro-regular-monaro-font-1235491
[2026-10-04T12:20:58Z] #616 attempt=1/2 status=200 0.295s url=https://www.myfonts.com/collections/monaro-font-font-khoir/
[2026-10-04T12:20:58Z] #617 attempt=1/2 status=200 0.329s url=https://www.myfonts.com/products/regular-pearlyn-1235536
[2026-10-04T12:20:59Z] #618 attempt=1/2 status=200 0.341s url=https://www.myfonts.com/collections/pearlyn-font-maghrib-type/
[2026-10-04T12:20:59Z] #619 attempt=1/2 status=200 0.293s url=https://www.myfonts.com/products/crayens-regular-crayens-1235537
[2026-10-04T12:21:00Z] #620 attempt=1/2 status=200 0.319s url=https://www.myfonts.com/collections/crayens-font-maikohatta/
[2026-10-04T12:21:01Z] #621 attempt=1/2 status=200 0.307s url=https://www.myfonts.com/products/regular-biegva-1235538
[2026-10-04T12:21:01Z] #622 attempt=1/2 status=200 0.328s url=https://www.myfonts.com/collections/biegva-font-maikohatta/
[2026-10-04T12:21:02Z] #623 attempt=1/2 status=200 0.406s url=https://www.myfonts.com/products/wicked-mayhem-complete-family-package-1235451
[2026-10-04T12:21:02Z] #624 attempt=1/2 status=200 0.406s url=https://www.myfonts.com/collections/wicked-mayhem-font-jinan-studio/
[2026-10-04T12:21:03Z] #625 attempt=1/2 status=200 0.544s url=https://www.myfonts.com/products/aviluero-rasnora-complete-family-package-1235410
[2026-10-04T12:21:04Z] #626 attempt=1/2 status=200 0.631s url=https://www.myfonts.com/collections/aviluero-rasnora-font-logic-type/
[2026-10-04T12:21:05Z] #627 attempt=1/2 status=200 0.428s url=https://www.myfonts.com/products/ja-nilsans-complete-family-package-1235441
[2026-10-04T12:21:06Z] #628 attempt=1/2 status=200 0.433s url=https://www.myfonts.com/collections/ja-nilsans-font-type-curitiba/
[2026-10-04T12:21:06Z] #629 attempt=1/2 status=200 0.317s url=https://www.myfonts.com/products/ja-textura-complete-family-package-1235427
[2026-10-04T12:21:07Z] #630 attempt=1/2 status=200 0.319s url=https://www.myfonts.com/collections/ja-textura-font-type-curitiba/
[2026-10-04T12:21:07Z] #631 attempt=1/2 status=200 0.465s url=https://www.myfonts.com/products/chadamyen-complete-family-package-1235456
[2026-10-04T12:21:08Z] #632 attempt=1/2 status=200 0.585s url=https://www.myfonts.com/collections/chadamyen-font-jipatype/
[2026-10-04T12:21:10Z] #633 attempt=1/6 status=200 0.850s url=https://www.myfonts.com/products.json?limit=100&page=15
[2026-10-04T12:21:10Z] #634 attempt=1/2 status=200 0.341s url=https://www.myfonts.com/products/regular-waffler-1235475
[2026-10-04T12:21:11Z] #635 attempt=1/2 status=200 0.345s url=https://www.myfonts.com/collections/waffler-font-jointype/
[2026-10-04T12:21:12Z] #636 attempt=1/2 status=200 0.613s url=https://www.myfonts.com/products/sans-package-1234112
[2026-10-04T12:21:13Z] #637 attempt=1/2 status=200 0.694s url=https://www.myfonts.com/collections/tendernote-font-vp-creative-shop/
[2026-10-04T12:21:13Z] #638 attempt=1/2 status=200 0.394s url=https://www.myfonts.com/products/cariles-complete-family-package-1234216
[2026-10-04T12:21:14Z] #639 attempt=1/2 status=200 0.414s url=https://www.myfonts.com/collections/cariles-font-ragamkata/
[2026-10-04T12:21:15Z] #640 attempt=1/2 status=200 0.361s url=https://www.myfonts.com/products/cario-complete-family-package-1235188
[2026-10-04T12:21:15Z] #641 attempt=1/2 status=200 0.413s url=https://www.myfonts.com/collections/cario-font-habitype/
[2026-10-04T12:21:16Z] #642 attempt=1/2 status=200 0.301s url=https://www.myfonts.com/products/flamor-soft-vf-complete-family-package-1234113
[2026-10-04T12:21:16Z] #643 attempt=1/2 status=200 0.339s url=https://www.myfonts.com/collections/flamor-soft-vf-font-vp-creative-shop/
[2026-10-04T12:21:18Z] #644 attempt=1/2 status=200 1.547s url=https://www.myfonts.com/products/phiano-grade-complete-package-1234840
[2026-10-04T12:21:23Z] #645 attempt=1/2 status=200 4.372s url=https://www.myfonts.com/collections/phiano-font-akbartype/
[2026-10-04T12:21:24Z] #646 attempt=1/2 status=200 0.379s url=https://www.myfonts.com/products/anacute-complete-family-package-1235317
[2026-10-04T12:21:25Z] #647 attempt=1/2 status=200 0.552s url=https://www.myfonts.com/collections/anacute-font-casloop-studio/
[2026-10-04T12:21:26Z] #648 attempt=1/2 status=200 0.337s url=https://www.myfonts.com/products/romance-cubano-complete-family-package-1234963
[2026-10-04T12:21:26Z] #649 attempt=1/2 status=200 0.356s url=https://www.myfonts.com/collections/romance-cubano-font-timelesstype-studio/
[2026-10-04T12:21:27Z] #650 attempt=1/2 status=200 0.327s url=https://www.myfonts.com/products/sfc-frizola-duo-complete-family-package-1234070
[2026-10-04T12:21:28Z] #651 attempt=1/2 status=200 0.367s url=https://www.myfonts.com/collections/sfc-frizola-duo-font-skilline-fonts-co/
[2026-10-04T12:21:28Z] #652 attempt=1/2 status=200 0.327s url=https://www.myfonts.com/products/bentaris-complete-family-package-1235008
[2026-10-04T12:21:29Z] #653 attempt=1/2 status=200 0.384s url=https://www.myfonts.com/collections/bentaris-font-letterena-studios/
[2026-10-04T12:21:30Z] #654 attempt=1/2 status=200 0.450s url=https://www.myfonts.com/products/flamor-soft-complete-family-package-1234117
[2026-10-04T12:21:30Z] #655 attempt=1/2 status=200 0.542s url=https://www.myfonts.com/collections/flamor-soft-font-vp-creative-shop/
[2026-10-04T12:21:31Z] #656 attempt=1/2 status=200 0.349s url=https://www.myfonts.com/products/isborglc-complete-family-package-1235181
[2026-10-04T12:21:32Z] #657 attempt=1/2 status=200 0.387s url=https://www.myfonts.com/products/sprucken-complete-family-package-1096306
[2026-10-04T12:21:32Z] #658 attempt=1/2 status=200 0.370s url=https://www.myfonts.com/collections/sprucken-font-mans-greback/
[2026-10-04T12:21:33Z] #659 attempt=1/2 status=200 0.495s url=https://www.myfonts.com/products/salient-essentials-pack-package-1234066
[2026-10-04T12:21:34Z] #660 attempt=1/2 status=200 0.556s url=https://www.myfonts.com/collections/salient-font-device/
[2026-10-04T12:21:34Z] #661 attempt=1/2 status=200 0.318s url=https://www.myfonts.com/products/madellin-cristales-complete-family-package-1234902
[2026-10-04T12:21:35Z] #662 attempt=1/2 status=200 0.352s url=https://www.myfonts.com/collections/madellin-cristales-font-suza-studio/
[2026-10-04T12:21:36Z] #663 attempt=1/2 status=200 0.469s url=https://www.myfonts.com/products/autentica-rounded-complete-family-package-1234935
[2026-10-04T12:21:37Z] #664 attempt=1/2 status=200 0.516s url=https://www.myfonts.com/collections/autentica-rounded-font-sofiamohr/
[2026-10-04T12:21:37Z] #665 attempt=1/2 status=200 0.341s url=https://www.myfonts.com/products/wishdorm-complete-family-package-1235335
[2026-10-04T12:21:38Z] #666 attempt=1/2 status=200 0.395s url=https://www.myfonts.com/collections/wishdorm-font-dgtype/
[2026-10-04T12:21:38Z] #667 attempt=1/2 status=200 0.378s url=https://www.myfonts.com/products/naruko-complete-family-package-1235327
[2026-10-04T12:21:39Z] #668 attempt=1/2 status=200 0.351s url=https://www.myfonts.com/collections/naruko-font-cocodesign/
[2026-10-04T12:21:40Z] #669 attempt=1/2 status=200 0.383s url=https://www.myfonts.com/products/martesny-complete-family-package-1234834
[2026-10-04T12:21:40Z] #670 attempt=1/2 status=200 0.411s url=https://www.myfonts.com/collections/martesny-font-maulana-creative/
[2026-10-04T12:21:41Z] #671 attempt=1/2 status=200 0.356s url=https://www.myfonts.com/products/ateroist-complete-family-package-1235174
[2026-10-04T12:21:41Z] #672 attempt=1/2 status=200 0.333s url=https://www.myfonts.com/collections/ateroist-font-typeltf/
[2026-10-04T12:21:42Z] #673 attempt=1/2 status=200 0.318s url=https://www.myfonts.com/products/selantic-complete-family-package-1234969
[2026-10-04T12:21:43Z] #674 attempt=1/2 status=200 0.337s url=https://www.myfonts.com/collections/selantic-font-letterena-studios/
[2026-10-04T12:21:43Z] #675 attempt=1/2 status=200 0.335s url=https://www.myfonts.com/products/nilengo-complete-family-package-1235199
[2026-10-04T12:21:44Z] #676 attempt=1/2 status=200 0.320s url=https://www.myfonts.com/collections/nilengo-font-agung-sudirman/
[2026-10-04T12:21:44Z] #677 attempt=1/2 status=200 0.365s url=https://www.myfonts.com/products/forge-garage-complete-family-package-1235363
[2026-10-04T12:21:45Z] #678 attempt=1/2 status=200 0.376s url=https://www.myfonts.com/collections/forge-garage-font-edignwn-type/
[2026-10-04T12:21:46Z] #679 attempt=1/2 status=200 0.357s url=https://www.myfonts.com/products/gloft-complete-family-package-1234951
[2026-10-04T12:21:46Z] #680 attempt=1/2 status=200 0.433s url=https://www.myfonts.com/collections/gloft-font-unitype-studio/
[2026-10-04T12:21:48Z] #681 attempt=1/2 status=200 1.085s url=https://www.myfonts.com/products/celoria-complete-family-package-1234279
[2026-10-04T12:21:50Z] #682 attempt=1/2 status=200 1.827s url=https://www.myfonts.com/collections/celoria-font-trick-type-style/
[2026-10-04T12:21:51Z] #683 attempt=1/2 status=200 0.349s url=https://www.myfonts.com/products/aubrey-sans-complete-family-package-1234183
[2026-10-04T12:21:51Z] #684 attempt=1/2 status=200 0.455s url=https://www.myfonts.com/collections/aubrey-sans-font-webhance/
[2026-10-04T12:21:52Z] #685 attempt=1/2 status=200 0.343s url=https://www.myfonts.com/products/mockindy-outline-complete-family-package-1234829
[2026-10-04T12:21:53Z] #686 attempt=1/2 status=200 0.362s url=https://www.myfonts.com/collections/mockindy-outline-font-tyedge-studio/
[2026-10-04T12:21:53Z] #687 attempt=1/2 status=200 0.308s url=https://www.myfonts.com/products/tomyhesa-complete-family-package-1234973
[2026-10-04T12:21:54Z] #688 attempt=1/2 status=200 0.358s url=https://www.myfonts.com/collections/tomyhesa-font-letterena-studios/
[2026-10-04T12:21:54Z] #689 attempt=1/2 status=200 0.357s url=https://www.myfonts.com/products/clausville-complete-family-package-1235358
[2026-10-04T12:21:55Z] #690 attempt=1/2 status=200 0.410s url=https://www.myfonts.com/collections/clausville-font-dora-typefoundry/
[2026-10-04T12:21:56Z] #691 attempt=1/2 status=200 0.358s url=https://www.myfonts.com/products/samida-complete-family-package-1234872
[2026-10-04T12:21:56Z] #692 attempt=1/2 status=200 0.506s url=https://www.myfonts.com/collections/samida-font-yukita-creative/
[2026-10-04T12:21:57Z] #693 attempt=1/2 status=200 0.365s url=https://www.myfonts.com/products/femhitary-complete-family-package-1234966
[2026-10-04T12:21:58Z] #694 attempt=1/2 status=200 0.359s url=https://www.myfonts.com/collections/femhitary-font-letterena-studios/
[2026-10-04T12:21:59Z] #695 attempt=1/2 status=200 1.558s url=https://www.myfonts.com/products/qreth-complete-family-package-1234972
[2026-10-04T12:22:03Z] #696 attempt=1/2 status=200 3.444s url=https://www.myfonts.com/collections/qreth-font-nia-typework/
[2026-10-04T12:22:04Z] #697 attempt=1/2 status=200 0.399s url=https://www.myfonts.com/products/vexthorn-complete-family-package-1234203
[2026-10-04T12:22:05Z] #698 attempt=1/2 status=200 0.366s url=https://www.myfonts.com/collections/vexthorn-font-yoga-letter/
[2026-10-04T12:22:06Z] #699 attempt=1/2 status=200 0.444s url=https://www.myfonts.com/products/atomette-complete-family-package-1234048
[2026-10-04T12:22:06Z] #700 attempt=1/2 status=200 0.421s url=https://www.myfonts.com/collections/atomette-font-device/
[2026-10-04T12:22:07Z] #701 attempt=1/2 status=200 0.489s url=https://www.myfonts.com/products/yoger-package-1234931
[2026-10-04T12:22:08Z] #702 attempt=1/2 status=200 0.709s url=https://www.myfonts.com/collections/yoger-font-smartfont/
[2026-10-04T12:22:09Z] #703 attempt=1/2 status=200 0.321s url=https://www.myfonts.com/products/murisa-vandehaere-complete-family-package-1234861
[2026-10-04T12:22:09Z] #704 attempt=1/2 status=200 0.404s url=https://www.myfonts.com/collections/murisa-vandehaere-font-murisa-studio/
[2026-10-04T12:22:10Z] #705 attempt=1/2 status=200 0.358s url=https://www.myfonts.com/products/maison-lovyelle-complete-family-package-1235195
[2026-10-04T12:22:11Z] #706 attempt=1/2 status=200 0.368s url=https://www.myfonts.com/collections/maison-lovyelle-font-abbasy-studio/
[2026-10-04T12:22:11Z] #707 attempt=1/2 status=200 0.333s url=https://www.myfonts.com/products/garoland-complete-family-package-1235314
[2026-10-04T12:22:12Z] #708 attempt=1/2 status=200 0.328s url=https://www.myfonts.com/collections/garoland-font-burntilldead/
[2026-10-04T12:22:12Z] #709 attempt=1/2 status=200 0.364s url=https://www.myfonts.com/products/promuja-complete-family-package-1234193
[2026-10-04T12:22:13Z] #710 attempt=1/2 status=200 0.423s url=https://www.myfonts.com/collections/promuja-font-wildan-carfont/
[2026-10-04T12:22:14Z] #711 attempt=1/2 status=200 0.304s url=https://www.myfonts.com/products/jollykins-complete-family-package-1234206
[2026-10-04T12:22:14Z] #712 attempt=1/2 status=200 0.341s url=https://www.myfonts.com/collections/jollykins-font-yoga-letter/
[2026-10-04T12:22:15Z] #713 attempt=1/6 status=200 0.794s url=https://www.myfonts.com/products.json?limit=100&page=16
[2026-10-04T12:22:16Z] #714 attempt=1/2 status=200 0.311s url=https://www.myfonts.com/products/off-terz-complete-family-package-1234896
[2026-10-04T12:22:17Z] #715 attempt=1/2 status=200 0.355s url=https://www.myfonts.com/collections/off-terz-font-jolicia-type/
[2026-10-04T12:22:17Z] #716 attempt=1/2 status=200 0.316s url=https://www.myfonts.com/products/corta-complete-family-package-1235373
[2026-10-04T12:22:18Z] #717 attempt=1/2 status=200 0.328s url=https://www.myfonts.com/collections/corta-font-flavortype/
[2026-10-04T12:22:18Z] #718 attempt=1/2 status=200 0.301s url=https://www.myfonts.com/products/iceberglc-complete-family-package-1235177
[2026-10-04T12:22:19Z] #719 attempt=1/2 status=200 0.532s url=https://www.myfonts.com/products/everdraw-complete-family-package-1234138
[2026-10-04T12:22:20Z] #720 attempt=1/2 status=200 0.916s url=https://www.myfonts.com/collections/everdraw-font-vp-creative-shop/
[2026-10-04T12:22:21Z] #721 attempt=1/2 status=200 0.352s url=https://www.myfonts.com/products/geocut-complete-family-package-1234075
[2026-10-04T12:22:22Z] #722 attempt=1/2 status=200 0.497s url=https://www.myfonts.com/collections/geocut-font-vincenzo-crisafulli/
[2026-10-04T12:22:22Z] #723 attempt=1/2 status=200 0.308s url=https://www.myfonts.com/products/xeura-complete-family-package-1234866
[2026-10-04T12:22:23Z] #724 attempt=1/2 status=200 0.347s url=https://www.myfonts.com/collections/xeura-font-timelesstype-studio/
[2026-10-04T12:22:23Z] #725 attempt=1/2 status=200 0.335s url=https://www.myfonts.com/products/donetta-complete-family-package-1235069
[2026-10-04T12:22:24Z] #726 attempt=1/2 status=200 0.331s url=https://www.myfonts.com/collections/donetta-font-typeclassheroes/
[2026-10-04T12:22:25Z] #727 attempt=1/2 status=200 0.409s url=https://www.myfonts.com/products/valenary-prana-complete-family-package-1235339
[2026-10-04T12:22:25Z] #728 attempt=1/2 status=200 0.552s url=https://www.myfonts.com/collections/valenary-prana-font-differentialtype/
[2026-10-04T12:22:26Z] #729 attempt=1/2 status=200 0.394s url=https://www.myfonts.com/products/panometr-sans-complete-family-package-1234841
[2026-10-04T12:22:27Z] #730 attempt=1/2 status=200 0.494s url=https://www.myfonts.com/collections/panometr-sans-font-borutta/
[2026-10-04T12:22:28Z] #731 attempt=1/2 status=200 0.354s url=https://www.myfonts.com/products/hyperline-complete-family-package-1235331
[2026-10-04T12:22:28Z] #732 attempt=1/2 status=200 0.383s url=https://www.myfonts.com/collections/hyperline-font-dareco-studio/
[2026-10-04T12:22:29Z] #733 attempt=1/2 status=200 0.337s url=https://www.myfonts.com/products/jaghori-insighte-complete-family-package-1234976
[2026-10-04T12:22:29Z] #734 attempt=1/2 status=200 0.343s url=https://www.myfonts.com/collections/jaghori-insighte-font-letterena-studios/
[2026-10-04T12:22:30Z] #735 attempt=1/2 status=200 0.358s url=https://www.myfonts.com/products/sfc-rimowa-complete-family-package-1234209
[2026-10-04T12:22:31Z] #736 attempt=1/2 status=200 0.391s url=https://www.myfonts.com/collections/sfc-rimowa-font-skilline-fonts-co/
[2026-10-04T12:22:31Z] #737 attempt=1/2 status=200 0.369s url=https://www.myfonts.com/products/flow-botanical-complete-family-package-1234858
[2026-10-04T12:22:32Z] #738 attempt=1/2 status=200 0.373s url=https://www.myfonts.com/collections/flow-botanical-font-timelesstype-studio/
[2026-10-04T12:22:32Z] #739 attempt=1/2 status=200 0.379s url=https://www.myfonts.com/products/regular-bethoria-signature-1235371
[2026-10-04T12:22:33Z] #740 attempt=1/2 status=200 0.339s url=https://www.myfonts.com/collections/bethoria-signature-font-figuree-studio/
[2026-10-04T12:22:34Z] #741 attempt=1/2 status=200 0.325s url=https://www.myfonts.com/products/regular-qribo-1234950
[2026-10-04T12:22:34Z] #742 attempt=1/2 status=200 0.371s url=https://www.myfonts.com/collections/qribo-font-unitype-studio/
[2026-10-04T12:22:35Z] #743 attempt=1/2 status=200 0.340s url=https://www.myfonts.com/products/regular-nostalique-script-1234885
[2026-10-04T12:22:35Z] #744 attempt=1/2 status=200 0.319s url=https://www.myfonts.com/collections/nostalique-script-font-shanaf/
[2026-10-04T12:22:37Z] #745 attempt=1/6 status=200 0.882s url=https://www.myfonts.com/products.json?limit=100&page=17
[2026-10-04T12:22:37Z] #746 attempt=1/2 status=200 0.361s url=https://www.myfonts.com/products/regular-hyperon-1235110
[2026-10-04T12:22:38Z] #747 attempt=1/2 status=200 0.290s url=https://www.myfonts.com/collections/hyperon-font-rasio-studio/
[2026-10-04T12:22:38Z] #748 attempt=1/2 status=200 0.287s url=https://www.myfonts.com/products/regular-montaro-1234884
[2026-10-04T12:22:39Z] #749 attempt=1/2 status=200 0.320s url=https://www.myfonts.com/collections/montaro-font-shanaf/
[2026-10-04T12:22:40Z] #750 attempt=1/2 status=200 0.289s url=https://www.myfonts.com/products/regular-kamaline-handbrush-1235198
[2026-10-04T12:22:40Z] #751 attempt=1/2 status=200 0.375s url=https://www.myfonts.com/collections/kamaline-handbrush-font-afkari-studio/
[2026-10-04T12:22:41Z] #752 attempt=1/2 status=200 0.295s url=https://www.myfonts.com/products/regular-nexroid-1234708
[2026-10-04T12:22:41Z] #753 attempt=1/2 status=200 0.368s url=https://www.myfonts.com/collections/nexroid-font-sipanji21/
[2026-10-04T12:22:43Z] #754 attempt=1/6 status=200 0.833s url=https://www.myfonts.com/products.json?limit=100&page=18
[2026-10-04T12:22:43Z] #755 attempt=1/2 status=200 0.277s url=https://www.myfonts.com/products/toshira-regular-toshira-1234277
[2026-10-04T12:22:44Z] #756 attempt=1/2 status=200 0.304s url=https://www.myfonts.com/collections/toshira-font-maikohatta/
[2026-10-04T12:22:44Z] #757 attempt=1/2 status=200 0.316s url=https://www.myfonts.com/products/regular-weird-jokes-1234276
[2026-10-04T12:22:45Z] #758 attempt=1/2 status=200 0.326s url=https://www.myfonts.com/collections/weird-jokes-font-timurtype/
[2026-10-04T12:22:45Z] #759 attempt=1/2 status=200 0.339s url=https://www.myfonts.com/products/regular-manage-1235170
[2026-10-04T12:22:46Z] #760 attempt=1/2 status=200 0.326s url=https://www.myfonts.com/collections/manage-font-sensatype-studio/
[2026-10-04T12:22:47Z] #761 attempt=1/6 status=200 0.927s url=https://www.myfonts.com/products.json?limit=100&page=19
[2026-10-04T12:22:48Z] #762 attempt=1/2 status=200 0.305s url=https://www.myfonts.com/products/regular-rapikan-1235368
[2026-10-04T12:22:49Z] #763 attempt=1/2 status=200 0.307s url=https://www.myfonts.com/collections/rapikan-font-ekahermawan/
[2026-10-04T12:22:49Z] #764 attempt=1/2 status=200 0.332s url=https://www.myfonts.com/products/regular-roulos-1234961
[2026-10-04T12:22:50Z] #765 attempt=1/2 status=200 0.324s url=https://www.myfonts.com/collections/roulos-font-omzen-type/
[2026-10-04T12:22:50Z] #766 attempt=1/2 status=200 0.313s url=https://www.myfonts.com/products/regular-dellatino-1235180
[2026-10-04T12:22:51Z] #767 attempt=1/2 status=200 0.326s url=https://www.myfonts.com/collections/dellatino-font-jinan-studio/
[2026-10-04T12:22:51Z] #768 attempt=1/2 status=200 0.404s url=https://www.myfonts.com/products/regular-traydefo-1235334
[2026-10-04T12:22:52Z] #769 attempt=1/2 status=200 0.313s url=https://www.myfonts.com/collections/traydefo-font-dgsa-type-foundry/
[2026-10-04T12:22:53Z] #770 attempt=1/6 status=200 0.887s url=https://www.myfonts.com/products.json?limit=100&page=20
[2026-10-04T12:22:54Z] #771 attempt=1/2 status=200 0.305s url=https://www.myfonts.com/products/regular-rustyjgp-1235171
[2026-10-04T12:22:55Z] #772 attempt=1/2 status=200 0.322s url=https://www.myfonts.com/collections/rustyjgp-font-jointype/
[2026-10-04T12:22:55Z] #773 attempt=1/2 status=200 0.277s url=https://www.myfonts.com/products/regular-ferga-1234273
[2026-10-04T12:22:56Z] #774 attempt=1/2 status=200 0.334s url=https://www.myfonts.com/collections/ferga-font-dareco-studio/
[2026-10-04T12:22:56Z] #775 attempt=1/2 status=200 0.279s url=https://www.myfonts.com/products/regular-bhelmora-1235370
[2026-10-04T12:22:57Z] #776 attempt=1/2 status=200 0.346s url=https://www.myfonts.com/collections/bhelmora-font-figuree-studio/
[2026-10-04T12:22:58Z] #777 attempt=1/6 status=200 0.834s url=https://www.myfonts.com/products.json?limit=100&page=21
[2026-10-04T12:22:59Z] #778 attempt=1/2 status=200 0.340s url=https://www.myfonts.com/products/regular-fitchmore-1234934
[2026-10-04T12:22:59Z] #779 attempt=1/2 status=200 0.316s url=https://www.myfonts.com/collections/fitchmore-font-tower-of-babel/
[2026-10-04T12:23:00Z] #780 attempt=1/2 status=200 0.292s url=https://www.myfonts.com/products/regular-sauropod-1234962
[2026-10-04T12:23:00Z] #781 attempt=1/2 status=200 0.361s url=https://www.myfonts.com/collections/sauropod-font-the-ampersand-forest/
[2026-10-04T12:23:02Z] #782 attempt=1/6 status=200 0.962s url=https://www.myfonts.com/products.json?limit=100&page=22
[2026-10-04T12:23:02Z] #783 attempt=1/2 status=200 0.321s url=https://www.myfonts.com/products/regular-widston-1235173
[2026-10-04T12:23:03Z] #784 attempt=1/2 status=200 0.288s url=https://www.myfonts.com/collections/widston-font-mbonster/
[2026-10-04T12:23:04Z] #785 attempt=1/2 status=200 0.306s url=https://www.myfonts.com/products/regular-sweet-crumbs-1234889
[2026-10-04T12:23:04Z] #786 attempt=1/2 status=200 0.290s url=https://www.myfonts.com/collections/sweet-crumbs-font-shanaf/
[2026-10-04T12:23:05Z] #787 attempt=1/2 status=200 0.292s url=https://www.myfonts.com/products/regular-hugero-1234137
[2026-10-04T12:23:05Z] #788 attempt=1/2 status=200 0.327s url=https://www.myfonts.com/collections/hugero-font-vultype-co/
[2026-10-04T12:23:06Z] #789 attempt=1/2 status=200 0.298s url=https://www.myfonts.com/products/regular-stone-bricx-1234887
[2026-10-04T12:23:06Z] #790 attempt=1/2 status=200 0.362s url=https://www.myfonts.com/collections/stone-bricx-font-shanaf/
[2026-10-04T12:23:07Z] #791 attempt=1/2 status=200 0.298s url=https://www.myfonts.com/products/regular-kravino-1234882
[2026-10-04T12:23:07Z] #792 attempt=1/2 status=200 0.352s url=https://www.myfonts.com/collections/kravino-font-shanaf/
[2026-10-04T12:23:09Z] #793 attempt=1/6 status=200 0.827s url=https://www.myfonts.com/products.json?limit=100&page=23
[2026-10-04T12:23:09Z] #794 attempt=1/2 status=200 0.313s url=https://www.myfonts.com/products/regular-vexna-1235369
[2026-10-04T12:23:10Z] #795 attempt=1/2 status=200 0.298s url=https://www.myfonts.com/collections/vexna-font-ezinxo-foundry/
[2026-10-04T12:23:10Z] #796 attempt=1/2 status=200 0.303s url=https://www.myfonts.com/products/regular-drefiona-1234274
[2026-10-04T12:23:11Z] #797 attempt=1/2 status=200 0.590s url=https://www.myfonts.com/collections/drefiona-font-maulana-creative/
[2026-10-04T12:23:12Z] #798 attempt=1/2 status=200 0.305s url=https://www.myfonts.com/products/regular-glops-1235372
[2026-10-04T12:23:12Z] #799 attempt=1/2 status=200 0.368s url=https://www.myfonts.com/collections/glops-font-figuree-studio/
[2026-10-04T12:23:14Z] #800 attempt=1/6 status=200 0.871s url=https://www.myfonts.com/products.json?limit=100&page=24
[2026-10-04T12:23:14Z] #801 attempt=1/2 status=200 0.378s url=https://www.myfonts.com/products/regular-basgira-1235168
[2026-10-04T12:23:15Z] #802 attempt=1/2 status=200 0.331s url=https://www.myfonts.com/collections/basgira-font-flawlessandco/
[2026-10-04T12:23:16Z] #803 attempt=1/2 status=200 0.340s url=https://www.myfonts.com/products/regular-gottagon-1234275
[2026-10-04T12:23:16Z] #804 attempt=1/2 status=200 0.324s url=https://www.myfonts.com/collections/gottagon-font-syntype/
[2026-10-04T12:23:17Z] #805 attempt=1/2 status=200 0.323s url=https://www.myfonts.com/products/houljoe-regular-houljoe-1235376
[2026-10-04T12:23:17Z] #806 attempt=1/2 status=200 0.328s url=https://www.myfonts.com/collections/houljoe-font-flawlessandco/
[2026-10-04T12:23:19Z] #807 attempt=1/6 status=200 0.887s url=https://www.myfonts.com/products.json?limit=100&page=25
[2026-10-04T12:23:19Z] #808 attempt=1/2 status=200 0.307s url=https://www.myfonts.com/products/palmea-complete-family-package-1234233
[2026-10-04T12:23:20Z] #809 attempt=1/2 status=200 0.368s url=https://www.myfonts.com/collections/palmea-font-maghrib-type/
[2026-10-04T12:23:20Z] #810 attempt=1/2 status=200 0.410s url=https://www.myfonts.com/products/regular-and-italic-package-1234272
[2026-10-04T12:23:21Z] #811 attempt=1/2 status=200 0.533s url=https://www.myfonts.com/collections/sfc-signsmith-font-skilline-fonts-co/
[2026-10-04T12:23:22Z] #812 attempt=1/2 status=200 0.286s url=https://www.myfonts.com/products/cenolle-complete-family-package-1234222
[2026-10-04T12:23:22Z] #813 attempt=1/2 status=200 0.357s url=https://www.myfonts.com/collections/cenolle-font-typeclassheroes/
[2026-10-04T12:23:23Z] #814 attempt=1/2 status=200 0.349s url=https://www.myfonts.com/products/fallyen-complete-family-package-1234247
[2026-10-04T12:23:24Z] #815 attempt=1/2 status=200 0.386s url=https://www.myfonts.com/collections/fallyen-font-maulana-creative/
[2026-10-04T12:23:24Z] #816 attempt=1/2 status=200 0.419s url=https://www.myfonts.com/products/aspek-complete-family-package-1234250
[2026-10-04T12:23:25Z] #817 attempt=1/2 status=200 0.439s url=https://www.myfonts.com/collections/aspek-font-the-native-saint-club/
[2026-10-04T12:23:26Z] #818 attempt=1/2 status=200 0.442s url=https://www.myfonts.com/products/evo-rinnox-complete-family-package-1234225
[2026-10-04T12:23:26Z] #819 attempt=1/2 status=200 0.362s url=https://www.myfonts.com/collections/evo-rinnox-font-tini-fitriani/
[2026-10-04T12:23:27Z] #820 attempt=1/2 status=200 0.350s url=https://www.myfonts.com/products/regular-halloween-costume-1234074
[2026-10-04T12:23:27Z] #821 attempt=1/2 status=200 0.306s url=https://www.myfonts.com/collections/halloween-costume-font-unitype-studio/
[2026-10-04T12:23:28Z] #822 attempt=1/2 status=200 0.324s url=https://www.myfonts.com/products/regular-sfc-zurich-plaza-1234073
[2026-10-04T12:23:29Z] #823 attempt=1/2 status=200 0.307s url=https://www.myfonts.com/collections/sfc-zurich-plaza-font-skilline-fonts-co/
[2026-10-04T12:23:29Z] #824 attempt=1/2 status=200 0.286s url=https://www.myfonts.com/products/regular-lacola-coco-1234246
[2026-10-04T12:23:30Z] #825 attempt=1/2 status=200 0.332s url=https://www.myfonts.com/collections/lacola-coco-font-maulana-creative/
[2026-10-04T12:23:30Z] #826 attempt=1/2 status=200 0.376s url=https://www.myfonts.com/products/medium-sx-comforta-1234241
[2026-10-04T12:23:31Z] #827 attempt=1/2 status=200 0.456s url=https://www.myfonts.com/collections/sx-comforta-font-sixtype-foundry/
[2026-10-04T12:23:32Z] #828 attempt=1/2 status=200 0.321s url=https://www.myfonts.com/products/regular-krupira-vora-1234221
[2026-10-04T12:23:32Z] #829 attempt=1/2 status=200 0.323s url=https://www.myfonts.com/collections/krupira-vora-font-product-type/
[2026-10-04T12:23:32Z] summary releases=394 first_429=None log_file=state/myfonts_run_20261004_121240.log
[2026-10-04T12:23:32Z] saved_success_profile path=state/myfonts_success_profile.json
[2026-10-04T12:23:32Z] === MyFonts crawl end ===
