[2026-07-30T08:41:37Z] checkpoint fresh next_page=1 path=state/myfonts_crawl_checkpoint.json
[2026-07-30T08:41:37Z] === MyFonts crawl start source=myfonts ===
[2026-07-30T08:41:37Z] config max_pages=25 page_size=100 start_date=2026-07-29 end_date=2026-07-30 api_delay=0.5s detail_delay=0.2s max_debut_checks=400 max_tech_specs_checks=200 reuse_success_profile=False always_enrich_packages=True language_script_signal_mode=strong force_fresh_run=False start_page=1 browser_mode=False browser_headless=True browser_storage_state_path=state/myfonts_storage_state.json
[2026-07-30T08:41:39Z] #1 attempt=1/6 status=200 1.124s url=https://www.myfonts.com/products.json?limit=100&page=1
[2026-07-30T08:41:39Z] #2 attempt=1/2 status=200 0.481s url=https://www.myfonts.com/products/dlowi-complete-family-package-1173806
[2026-07-30T08:41:40Z] #3 attempt=1/2 status=200 0.405s url=https://www.myfonts.com/collections/dlowi-font-marvadesign/
[2026-07-30T08:41:41Z] #4 attempt=1/2 status=200 0.542s url=https://www.myfonts.com/collections/dlowi-font-marvadesign/?tab=techSpecs
[2026-07-30T08:41:42Z] #5 attempt=1/2 status=200 0.350s url=https://www.myfonts.com/products/regular-mosswick-1190485
[2026-07-30T08:41:43Z] #6 attempt=1/2 status=200 0.501s url=https://www.myfonts.com/collections/mosswick-font-hipfonts/
[2026-07-30T08:41:43Z] #7 attempt=1/2 status=200 0.200s url=https://www.myfonts.com/collections/mosswick-font-hipfonts/?tab=techSpecs
[2026-07-30T08:41:44Z] #8 attempt=1/2 status=200 0.308s url=https://www.myfonts.com/products/regular-breezy-formal-1190484
[2026-07-30T08:41:45Z] #9 attempt=1/2 status=200 0.394s url=https://www.myfonts.com/collections/breezy-formal-font-hipfonts/
[2026-07-30T08:41:45Z] #10 attempt=1/2 status=200 0.516s url=https://www.myfonts.com/collections/breezy-formal-font-hipfonts/?tab=techSpecs
[2026-07-30T08:41:46Z] #11 attempt=1/2 status=200 0.423s url=https://www.myfonts.com/products/regular-drafting-table-1190483
[2026-07-30T08:41:47Z] #12 attempt=1/2 status=200 0.448s url=https://www.myfonts.com/collections/drafting-table-font-hipfonts/
[2026-07-30T08:41:48Z] #13 attempt=1/2 status=200 0.352s url=https://www.myfonts.com/collections/drafting-table-font-hipfonts/?tab=techSpecs
[2026-07-30T08:41:48Z] #14 attempt=1/2 status=200 0.342s url=https://www.myfonts.com/products/regular-daxler-1190473
[2026-07-30T08:41:49Z] #15 attempt=1/2 status=200 0.632s url=https://www.myfonts.com/collections/daxler-font-typeagle/
[2026-07-30T08:41:50Z] #16 attempt=1/2 status=200 0.353s url=https://www.myfonts.com/collections/daxler-font-typeagle/?tab=techSpecs
[2026-07-30T08:41:51Z] #17 attempt=1/2 status=200 0.401s url=https://www.myfonts.com/products/regular-mideltank-1190472
[2026-07-30T08:41:52Z] #18 attempt=1/2 status=200 0.721s url=https://www.myfonts.com/collections/mideltank-font-madhaline-studio/
[2026-07-30T08:41:52Z] #19 attempt=1/2 status=200 0.227s url=https://www.myfonts.com/collections/mideltank-font-madhaline-studio/?tab=techSpecs
[2026-07-30T08:41:53Z] #20 attempt=1/2 status=200 0.324s url=https://www.myfonts.com/products/regular-quirky-daily-1190486
[2026-07-30T08:41:54Z] #21 attempt=1/2 status=200 0.328s url=https://www.myfonts.com/collections/quirky-daily-font-claymoon-lab-studio/
[2026-07-30T08:41:54Z] #22 attempt=1/2 status=200 0.472s url=https://www.myfonts.com/collections/quirky-daily-font-claymoon-lab-studio/?tab=techSpecs
[2026-07-30T08:41:55Z] #23 attempt=1/2 status=200 0.322s url=https://www.myfonts.com/products/regular-bronxoz-1190479
[2026-07-30T08:41:56Z] #24 attempt=1/2 status=200 0.308s url=https://www.myfonts.com/collections/bronxoz-font-typeagle/
[2026-07-30T08:41:56Z] #25 attempt=1/2 status=200 0.321s url=https://www.myfonts.com/collections/bronxoz-font-typeagle/?tab=techSpecs
[2026-07-30T08:41:57Z] #26 attempt=1/2 status=200 0.342s url=https://www.myfonts.com/products/regular-clovyz-1190478
[2026-07-30T08:41:58Z] #27 attempt=1/2 status=200 0.323s url=https://www.myfonts.com/collections/clovyz-font-typeagle/
[2026-07-30T08:41:58Z] #28 attempt=1/2 status=200 0.332s url=https://www.myfonts.com/collections/clovyz-font-typeagle/?tab=techSpecs
[2026-07-30T08:41:59Z] #29 attempt=1/2 status=200 0.508s url=https://www.myfonts.com/products/t-regular-condensed-italic-eurostile-332636
[2026-07-30T08:42:00Z] #30 attempt=1/2 status=200 0.973s url=https://www.myfonts.com/collections/eurostile-font-urw/
[2026-07-30T08:42:01Z] #31 attempt=1/2 status=200 0.242s url=https://www.myfonts.com/collections/eurostile-font-urw/?tab=techSpecs
[2026-07-30T08:42:02Z] #32 attempt=1/2 status=200 0.511s url=https://www.myfonts.com/products/bold-italic-stem-1190441
[2026-07-30T08:42:03Z] #33 attempt=1/2 status=200 0.647s url=https://www.myfonts.com/collections/stem-font-paratype/
[2026-07-30T08:42:04Z] #34 attempt=1/2 status=200 0.717s url=https://www.myfonts.com/collections/stem-font-paratype/?tab=techSpecs
[2026-07-30T08:42:07Z] #35 attempt=1/2 status=200 0.578s url=https://www.myfonts.com/products/angusta-complete-family-package-1190427
[2026-07-30T08:42:07Z] #36 attempt=1/2 status=200 0.719s url=https://www.myfonts.com/collections/angusta-font-the-northern-block/
[2026-07-30T08:42:09Z] #37 attempt=1/2 status=200 0.908s url=https://www.myfonts.com/collections/angusta-font-the-northern-block/?tab=techSpecs
[2026-07-30T08:42:10Z] #38 attempt=1/2 status=200 0.387s url=https://www.myfonts.com/products/regular-karmina-1187975
[2026-07-30T08:42:11Z] #39 attempt=1/2 status=200 0.463s url=https://www.myfonts.com/collections/karmina-font-type-together/
[2026-07-30T08:42:11Z] #40 attempt=1/2 status=200 0.404s url=https://www.myfonts.com/collections/karmina-font-type-together/?tab=techSpecs
[2026-07-30T08:42:13Z] #41 attempt=1/2 status=200 0.652s url=https://www.myfonts.com/products/binetra-complete-family-package-1190214
[2026-07-30T08:42:14Z] #42 attempt=1/2 status=200 0.763s url=https://www.myfonts.com/collections/binetra-font-ridtype/
[2026-07-30T08:42:15Z] #43 attempt=1/2 status=200 0.740s url=https://www.myfonts.com/collections/binetra-font-ridtype/?tab=techSpecs
[2026-07-30T08:42:16Z] #44 attempt=1/2 status=200 0.366s url=https://www.myfonts.com/products/bread-and-crush-subpackage-package-1189998
[2026-07-30T08:42:17Z] #45 attempt=1/2 status=200 0.497s url=https://www.myfonts.com/collections/bread-and-crush-font-dhanstudio/
[2026-07-30T08:42:17Z] #46 attempt=1/2 status=200 0.484s url=https://www.myfonts.com/collections/bread-and-crush-font-dhanstudio/?tab=techSpecs
[2026-07-30T08:42:18Z] #47 attempt=1/2 status=200 0.373s url=https://www.myfonts.com/products/poffin-pops-complete-family-package-1190120
[2026-07-30T08:42:19Z] #48 attempt=1/2 status=200 0.452s url=https://www.myfonts.com/collections/poffin-pops-font-letterytz/
[2026-07-30T08:42:20Z] #49 attempt=1/2 status=200 0.361s url=https://www.myfonts.com/collections/poffin-pops-font-letterytz/?tab=techSpecs
[2026-07-30T08:42:21Z] #50 attempt=1/2 status=200 0.504s url=https://www.myfonts.com/products/mesagni-mono-complete-family-package-1190165
[2026-07-30T08:42:22Z] #51 attempt=1/2 status=200 0.611s url=https://www.myfonts.com/collections/mesagni-mono-font-onje-studio/
[2026-07-30T08:42:22Z] #52 attempt=1/2 status=200 0.226s url=https://www.myfonts.com/collections/mesagni-mono-font-onje-studio/?tab=techSpecs
[2026-07-30T08:42:23Z] #53 attempt=1/2 status=200 0.383s url=https://www.myfonts.com/products/toxic-riot-complete-family-package-1190209
[2026-07-30T08:42:24Z] #54 attempt=1/2 status=200 0.527s url=https://www.myfonts.com/collections/toxic-riot-font-sipanji21/
[2026-07-30T08:42:25Z] #55 attempt=1/2 status=200 0.420s url=https://www.myfonts.com/collections/toxic-riot-font-sipanji21/?tab=techSpecs
[2026-07-30T08:42:26Z] #56 attempt=1/2 status=200 0.360s url=https://www.myfonts.com/products/kaude-deso-complete-family-package-1190114
[2026-07-30T08:42:27Z] #57 attempt=1/2 status=200 0.383s url=https://www.myfonts.com/collections/kaude-deso-font-mei-suseno/
[2026-07-30T08:42:27Z] #58 attempt=1/2 status=200 0.209s url=https://www.myfonts.com/collections/kaude-deso-font-mei-suseno/?tab=techSpecs
[2026-07-30T08:42:29Z] #59 attempt=1/2 status=200 0.814s url=https://www.myfonts.com/products/gatron-complete-family-package-1190026
[2026-07-30T08:42:30Z] #60 attempt=1/2 status=200 1.253s url=https://www.myfonts.com/collections/gatron-font-kaidosan/
[2026-07-30T08:42:32Z] #61 attempt=1/2 status=200 1.892s url=https://www.myfonts.com/collections/gatron-font-kaidosan/?tab=techSpecs
[2026-07-30T08:42:34Z] #62 attempt=1/2 status=200 0.389s url=https://www.myfonts.com/products/cholice-complete-family-package-1190124
[2026-07-30T08:42:34Z] #63 attempt=1/2 status=200 0.528s url=https://www.myfonts.com/collections/cholice-font-comactype-foundry/
[2026-07-30T08:42:35Z] #64 attempt=1/2 status=200 0.242s url=https://www.myfonts.com/collections/cholice-font-comactype-foundry/?tab=techSpecs
[2026-07-30T08:42:36Z] #65 attempt=1/2 status=200 0.421s url=https://www.myfonts.com/products/alyssia-complete-family-package-1190117
[2026-07-30T08:42:37Z] #66 attempt=1/2 status=200 0.433s url=https://www.myfonts.com/collections/alyssia-font-asbill-studio/
[2026-07-30T08:42:37Z] #67 attempt=1/2 status=200 0.401s url=https://www.myfonts.com/collections/alyssia-font-asbill-studio/?tab=techSpecs
[2026-07-30T08:42:39Z] #68 attempt=1/2 status=200 0.503s url=https://www.myfonts.com/products/animetry-complete-family-package-1189911
[2026-07-30T08:42:40Z] #69 attempt=1/2 status=200 0.920s url=https://www.myfonts.com/collections/animetry-font-syntype/
[2026-07-30T08:42:40Z] #70 attempt=1/2 status=200 0.300s url=https://www.myfonts.com/collections/animetry-font-syntype/?tab=techSpecs
[2026-07-30T08:42:42Z] #71 attempt=1/2 status=200 0.514s url=https://www.myfonts.com/products/kreol-headline-complete-family-package-1188909
[2026-07-30T08:42:43Z] #72 attempt=1/2 status=200 0.742s url=https://www.myfonts.com/collections/kreol-standard-font-rene-bieder/
[2026-07-30T08:42:43Z] #73 attempt=1/2 status=200 0.250s url=https://www.myfonts.com/collections/kreol-standard-font-rene-bieder/?tab=techSpecs
[2026-07-30T08:42:45Z] #74 attempt=1/2 status=200 0.539s url=https://www.myfonts.com/products/bernadete-basic-package-1190018
[2026-07-30T08:42:46Z] #75 attempt=1/2 status=200 0.931s url=https://www.myfonts.com/collections/bernadete-font-gravitacional/
[2026-07-30T08:42:47Z] #76 attempt=1/2 status=200 0.698s url=https://www.myfonts.com/collections/bernadete-font-gravitacional/?tab=techSpecs
[2026-07-30T08:42:48Z] #77 attempt=1/2 status=200 0.518s url=https://www.myfonts.com/products/dnpshueigokin-complete-family-package-1189976
[2026-07-30T08:42:49Z] #78 attempt=1/2 status=200 0.456s url=https://www.myfonts.com/collections/dnpshueigokin-font-dnp/
[2026-07-30T08:42:49Z] #79 attempt=1/2 status=200 0.193s url=https://www.myfonts.com/collections/dnpshueigokin-font-dnp/?tab=techSpecs
[2026-07-30T08:42:50Z] #80 attempt=1/2 status=200 0.210s url=https://www.myfonts.com/collections/dnpshueigokin-font-dnp/
[2026-07-30T08:42:51Z] #81 attempt=1/2 status=200 0.451s url=https://www.myfonts.com/products/dnpshueimgo-complete-family-package-1189980
[2026-07-30T08:42:52Z] #82 attempt=1/2 status=200 0.489s url=https://www.myfonts.com/collections/dnpshueimgo-font-dnp/
[2026-07-30T08:42:52Z] #83 attempt=1/2 status=200 0.395s url=https://www.myfonts.com/collections/dnpshueimgo-font-dnp/?tab=techSpecs
[2026-07-30T08:42:53Z] #84 attempt=1/2 status=200 0.339s url=https://www.myfonts.com/collections/dnpshueimgo-font-dnp/
[2026-07-30T08:42:54Z] #85 attempt=1/2 status=200 0.482s url=https://www.myfonts.com/products/montase-mono-complete-family-package-1190182
[2026-07-30T08:42:55Z] #86 attempt=1/2 status=200 0.652s url=https://www.myfonts.com/collections/montase-mono-font-the-native-saint-club/
[2026-07-30T08:42:55Z] #87 attempt=1/2 status=200 0.249s url=https://www.myfonts.com/collections/montase-mono-font-the-native-saint-club/?tab=techSpecs
[2026-07-30T08:42:57Z] #88 attempt=1/2 status=200 0.408s url=https://www.myfonts.com/products/febriana-complete-family-package-1186594
[2026-07-30T08:42:57Z] #89 attempt=1/2 status=200 0.468s url=https://www.myfonts.com/collections/febriana-font-shape-studio/
[2026-07-30T08:42:58Z] #90 attempt=1/2 status=429 0.029s url=https://www.myfonts.com/collections/febriana-font-shape-studio/?tab=techSpecs
[2026-07-30T08:42:58Z] first_429 req=90 url=https://www.myfonts.com/collections/febriana-font-shape-studio/?tab=techSpecs
[2026-07-30T08:43:00Z] #91 attempt=2/2 status=200 0.511s url=https://www.myfonts.com/collections/febriana-font-shape-studio/?tab=techSpecs
[2026-07-30T08:43:01Z] #92 attempt=1/2 status=200 0.469s url=https://www.myfonts.com/products/hunter-velocity-complete-family-package-1190023
[2026-07-30T08:43:02Z] #93 attempt=1/2 status=200 0.343s url=https://www.myfonts.com/collections/hunter-velocity-font-yoga-letter/
[2026-07-30T08:43:02Z] #94 attempt=1/2 status=429 0.018s url=https://www.myfonts.com/products/morglitch-complete-family-package-1190178
[2026-07-30T08:43:05Z] #95 attempt=2/2 status=200 0.409s url=https://www.myfonts.com/products/morglitch-complete-family-package-1190178
[2026-07-30T08:43:06Z] #96 attempt=1/2 status=200 0.505s url=https://www.myfonts.com/collections/morglitch-font-tini-fitriani/
[2026-07-30T08:43:06Z] #97 attempt=1/2 status=200 0.327s url=https://www.myfonts.com/products/dnpshueigogin-complete-family-package-1189972
[2026-07-30T08:43:07Z] #98 attempt=1/2 status=200 0.413s url=https://www.myfonts.com/collections/dnpshueigogin-font-dnp/
[2026-07-30T08:43:08Z] #99 attempt=1/2 status=200 0.238s url=https://www.myfonts.com/collections/dnpshueigogin-font-dnp/
[2026-07-30T08:43:08Z] #100 attempt=1/2 status=200 0.356s url=https://www.myfonts.com/products/dnpshueimin-complete-family-package-1189983
[2026-07-30T08:43:08Z] #101 attempt=1/2 status=429 0.028s url=https://www.myfonts.com/collections/dnpshueimin-font-dnp/
[2026-07-30T08:43:11Z] #102 attempt=2/2 status=200 0.458s url=https://www.myfonts.com/collections/dnpshueimin-font-dnp/
[2026-07-30T08:43:12Z] #103 attempt=1/2 status=200 0.402s url=https://www.myfonts.com/collections/dnpshueimin-font-dnp/
[2026-07-30T08:43:12Z] #104 attempt=1/2 status=200 0.354s url=https://www.myfonts.com/products/apresto-complete-family-package-1190020
[2026-07-30T08:43:13Z] #105 attempt=1/2 status=200 0.337s url=https://www.myfonts.com/collections/apresto-font-font-liner/
[2026-07-30T08:43:14Z] #106 attempt=1/2 status=200 0.628s url=https://www.myfonts.com/products/valkor-complete-family-package-1190127
[2026-07-30T08:43:15Z] #107 attempt=1/2 status=200 0.901s url=https://www.myfonts.com/collections/valkor-font-qiubare-studio/
[2026-07-30T08:43:16Z] #108 attempt=1/2 status=200 0.279s url=https://www.myfonts.com/products/regular-dnpshueianti-1189987
[2026-07-30T08:43:16Z] #109 attempt=1/2 status=200 0.311s url=https://www.myfonts.com/collections/dnpshueianti-font-dnp/
[2026-07-30T08:43:17Z] #110 attempt=1/2 status=200 0.315s url=https://www.myfonts.com/collections/dnpshueianti-font-dnp/
[2026-07-30T08:43:17Z] #111 attempt=1/2 status=429 0.018s url=https://www.myfonts.com/products/regular-airexy-1190212
[2026-07-30T08:43:20Z] #112 attempt=2/2 status=200 0.404s url=https://www.myfonts.com/products/regular-airexy-1190212
[2026-07-30T08:43:20Z] #113 attempt=1/2 status=200 0.311s url=https://www.myfonts.com/collections/airexy-font-typeagle/
[2026-07-30T08:43:21Z] #114 attempt=1/2 status=200 0.314s url=https://www.myfonts.com/products/regular-dnpshueishogomin-1189970
[2026-07-30T08:43:21Z] #115 attempt=1/2 status=200 0.303s url=https://www.myfonts.com/collections/dnpshueishogomin-font-dnp/
[2026-07-30T08:43:22Z] #116 attempt=1/2 status=200 0.184s url=https://www.myfonts.com/collections/dnpshueishogomin-font-dnp/
[2026-07-30T08:43:22Z] #117 attempt=1/2 status=429 0.025s url=https://www.myfonts.com/products/regular-aoboba-nizer-1190200
[2026-07-30T08:43:25Z] #118 attempt=2/2 status=200 0.354s url=https://www.myfonts.com/products/regular-aoboba-nizer-1190200
[2026-07-30T08:43:25Z] #119 attempt=1/2 status=200 0.305s url=https://www.myfonts.com/collections/aoboba-nizer-font-product-type/
[2026-07-30T08:43:27Z] #120 attempt=1/6 status=200 0.942s url=https://www.myfonts.com/products.json?limit=100&page=2
[2026-07-30T08:43:27Z] #121 attempt=1/2 status=200 0.283s url=https://www.myfonts.com/products/regular-lenbach-1187896
[2026-07-30T08:43:28Z] #122 attempt=1/2 status=200 0.318s url=https://www.myfonts.com/collections/lenbach-font-rmu/
[2026-07-30T08:43:28Z] #123 attempt=1/2 status=200 0.275s url=https://www.myfonts.com/products/regular-belisse-1190123
[2026-07-30T08:43:29Z] #124 attempt=1/2 status=200 0.318s url=https://www.myfonts.com/collections/belisse-font-omzen-type/
[2026-07-30T08:43:29Z] #125 attempt=1/2 status=429 0.017s url=https://www.myfonts.com/products/regular-dirhamond-1190181
[2026-07-30T08:43:32Z] #126 attempt=2/2 status=200 0.342s url=https://www.myfonts.com/products/regular-dirhamond-1190181
[2026-07-30T08:43:32Z] #127 attempt=1/2 status=200 0.325s url=https://www.myfonts.com/collections/dirhamond-font-hazztype/
[2026-07-30T08:43:33Z] #128 attempt=1/2 status=200 0.296s url=https://www.myfonts.com/products/regular-arox-1190208
[2026-07-30T08:43:33Z] #129 attempt=1/2 status=200 0.388s url=https://www.myfonts.com/collections/arox-font-typeagle/
[2026-07-30T08:43:35Z] #130 attempt=1/6 status=200 1.000s url=https://www.myfonts.com/products.json?limit=100&page=3
[2026-07-30T08:43:36Z] #131 attempt=1/2 status=200 0.321s url=https://www.myfonts.com/products/regular-batikaya-1190207
[2026-07-30T08:43:36Z] #132 attempt=1/2 status=200 0.315s url=https://www.myfonts.com/collections/batikaya-font-letterhanna-studio/
[2026-07-30T08:43:37Z] #133 attempt=1/2 status=200 0.369s url=https://www.myfonts.com/products/regular-yureliya-1190206
[2026-07-30T08:43:37Z] #134 attempt=1/2 status=429 0.020s url=https://www.myfonts.com/collections/yureliya-font-tini-fitriani/
[2026-07-30T08:43:40Z] #135 attempt=2/2 status=200 0.360s url=https://www.myfonts.com/collections/yureliya-font-tini-fitriani/
[2026-07-30T08:43:40Z] #136 attempt=1/2 status=200 0.301s url=https://www.myfonts.com/products/regular-cassaje-1190205
[2026-07-30T08:43:41Z] #137 attempt=1/2 status=200 0.377s url=https://www.myfonts.com/collections/cassaje-font-casloop-studio/
[2026-07-30T08:43:42Z] #138 attempt=1/2 status=200 0.393s url=https://www.myfonts.com/products/regular-dnpshuei4go-1189971
[2026-07-30T08:43:42Z] #139 attempt=1/2 status=200 0.382s url=https://www.myfonts.com/collections/dnpshuei4go-font-dnp/
[2026-07-30T08:43:42Z] #140 attempt=1/2 status=429 0.027s url=https://www.myfonts.com/collections/dnpshuei4go-font-dnp/
[2026-07-30T08:43:45Z] #141 attempt=2/2 status=200 0.404s url=https://www.myfonts.com/collections/dnpshuei4go-font-dnp/
[2026-07-30T08:43:47Z] #142 attempt=1/6 status=200 1.203s url=https://www.myfonts.com/products.json?limit=100&page=4
[2026-07-30T08:43:47Z] #143 attempt=1/2 status=200 0.293s url=https://www.myfonts.com/products/regular-heckybrave-1190204
[2026-07-30T08:43:48Z] #144 attempt=1/2 status=200 0.365s url=https://www.myfonts.com/collections/heckybrave-font-product-type/
[2026-07-30T08:43:49Z] #145 attempt=1/2 status=200 0.364s url=https://www.myfonts.com/products/regular-brixer-1190138
[2026-07-30T08:43:49Z] #146 attempt=1/2 status=200 0.316s url=https://www.myfonts.com/collections/brixer-font-typeagle/
[2026-07-30T08:43:50Z] #147 attempt=1/2 status=200 0.338s url=https://www.myfonts.com/products/regular-kilmoyley-1190113
[2026-07-30T08:43:50Z] #148 attempt=1/2 status=200 0.356s url=https://www.myfonts.com/collections/kilmoyley-font-monolimes/
[2026-07-30T08:43:51Z] #149 attempt=1/2 status=200 0.382s url=https://www.myfonts.com/products/regular-aljawhara-1190112
[2026-07-30T08:43:51Z] #150 attempt=1/2 status=429 0.036s url=https://www.myfonts.com/collections/aljawhara-font-eisa-aleisa/
[2026-07-30T08:43:54Z] #151 attempt=2/2 status=200 0.390s url=https://www.myfonts.com/collections/aljawhara-font-eisa-aleisa/
[2026-07-30T08:43:54Z] #152 attempt=1/2 status=200 0.303s url=https://www.myfonts.com/products/regular-butterffins-1190019
[2026-07-30T08:43:55Z] #153 attempt=1/2 status=200 0.315s url=https://www.myfonts.com/collections/butterffins-font-realtype/
[2026-07-30T08:43:56Z] #154 attempt=1/2 status=200 0.993s url=https://www.myfonts.com/products/brush-fonts-bundle-package-948957
[2026-07-30T08:43:57Z] #155 attempt=1/2 status=404 0.324s url=https://www.myfonts.com/collections/brush-fonts-bundle-font-dhan-studio
[2026-07-30T08:43:57Z] #156 attempt=1/2 status=200 0.431s url=https://www.myfonts.com/products/soleil-complete-family-package-1189952
[2026-07-30T08:43:58Z] #157 attempt=1/2 status=200 0.714s url=https://www.myfonts.com/collections/soleil-font-type-together/
[2026-07-30T08:43:59Z] #158 attempt=1/2 status=200 0.364s url=https://www.myfonts.com/products/regular-turtleiq-1189997
[2026-07-30T08:43:59Z] #159 attempt=1/2 status=429 0.022s url=https://www.myfonts.com/collections/turtleiq-font-qira/
[2026-07-30T08:44:02Z] #160 attempt=2/2 status=200 0.454s url=https://www.myfonts.com/collections/turtleiq-font-qira/
[2026-07-30T08:44:03Z] #161 attempt=1/2 status=200 0.492s url=https://www.myfonts.com/products/ebony-complete-family-package-1189930
[2026-07-30T08:44:04Z] #162 attempt=1/2 status=200 0.615s url=https://www.myfonts.com/collections/ebony-font-type-together/
[2026-07-30T08:44:04Z] #163 attempt=1/2 status=200 0.489s url=https://www.myfonts.com/products/gameness-complete-family-package-1189892
[2026-07-30T08:44:05Z] #164 attempt=1/2 status=200 0.607s url=https://www.myfonts.com/collections/gameness-font-typodermic/
[2026-07-30T08:44:06Z] #165 attempt=1/2 status=200 0.344s url=https://www.myfonts.com/products/variable-m-xianghe-hei-sc-pro-variable-1189949
[2026-07-30T08:44:06Z] #166 attempt=1/2 status=429 0.032s url=https://www.myfonts.com/collections/m-xianghe-hei-sc-pro-variable-font-monotype-imaging/
[2026-07-30T08:44:09Z] #167 attempt=2/2 status=200 0.305s url=https://www.myfonts.com/collections/m-xianghe-hei-sc-pro-variable-font-monotype-imaging/
[2026-07-30T08:44:09Z] #168 attempt=1/2 status=200 0.356s url=https://www.myfonts.com/products/variable-m-xianghe-hei-sc-std-variable-1189950
[2026-07-30T08:44:10Z] #169 attempt=1/2 status=200 0.336s url=https://www.myfonts.com/collections/m-xianghe-hei-sc-std-variable-font-monotype-imaging/
[2026-07-30T08:44:11Z] #170 attempt=1/2 status=200 0.290s url=https://www.myfonts.com/products/variable-m-xianghe-hei-tc-variable-1189951
[2026-07-30T08:44:11Z] #171 attempt=1/2 status=200 0.298s url=https://www.myfonts.com/collections/m-xianghe-hei-tc-variable-font-monotype-imaging/
[2026-07-30T08:44:11Z] #172 attempt=1/2 status=429 0.018s url=https://www.myfonts.com/products/bold-sangestan-1187490
[2026-07-30T08:44:14Z] #173 attempt=2/2 status=200 0.371s url=https://www.myfonts.com/products/bold-sangestan-1187490
[2026-07-30T08:44:15Z] #174 attempt=1/2 status=200 0.294s url=https://www.myfonts.com/collections/sangestan-font-si47ash-fonts/
[2026-07-30T08:44:15Z] #175 attempt=1/2 status=200 0.319s url=https://www.myfonts.com/products/seloria-complete-family-package-1188228
[2026-07-30T08:44:16Z] #176 attempt=1/2 status=200 0.330s url=https://www.myfonts.com/collections/seloria-font-cocodesign/
[2026-07-30T08:44:16Z] #177 attempt=1/2 status=200 0.330s url=https://www.myfonts.com/products/wemberly-complete-family-package-1188218
[2026-07-30T08:44:17Z] #178 attempt=1/2 status=200 0.367s url=https://www.myfonts.com/collections/wemberly-font-muksal-creatives/
[2026-07-30T08:44:19Z] #179 attempt=1/6 status=200 0.997s url=https://www.myfonts.com/products.json?limit=100&page=5
[2026-07-30T08:44:19Z] #180 attempt=1/2 status=200 0.355s url=https://www.myfonts.com/products/universal-pica-complete-family-package-1188185
[2026-07-30T08:44:19Z] #181 attempt=1/2 status=429 0.020s url=https://www.myfonts.com/collections/universal-pica-font-tension-type/
[2026-07-30T08:44:22Z] #182 attempt=2/2 status=200 0.425s url=https://www.myfonts.com/collections/universal-pica-font-tension-type/
[2026-07-30T08:44:23Z] #183 attempt=1/2 status=200 0.375s url=https://www.myfonts.com/products/hallow-zombies-complete-family-package-1188213
[2026-07-30T08:44:23Z] #184 attempt=1/2 status=200 0.349s url=https://www.myfonts.com/collections/hallow-zombies-font-ahweproject/
[2026-07-30T08:44:24Z] #185 attempt=1/2 status=200 0.358s url=https://www.myfonts.com/products/sf-muhammad-neo-complete-family-package-1188161
[2026-07-30T08:44:25Z] #186 attempt=1/2 status=200 0.387s url=https://www.myfonts.com/collections/sf-muhammad-neo-font-sultan-fonts/
[2026-07-30T08:44:25Z] #187 attempt=1/2 status=200 0.360s url=https://www.myfonts.com/products/very-nice-flavor-complete-family-package-1187581
[2026-07-30T08:44:26Z] #188 attempt=1/2 status=200 0.542s url=https://www.myfonts.com/collections/very-nice-flavor-font-struggle-studio/
[2026-07-30T08:44:26Z] #189 attempt=1/2 status=429 0.018s url=https://www.myfonts.com/products/sampl-extended-pack-package-1185923
[2026-07-30T08:44:30Z] #190 attempt=2/2 status=200 1.720s url=https://www.myfonts.com/products/sampl-extended-pack-package-1185923
[2026-07-30T08:44:33Z] #191 attempt=1/2 status=200 2.357s url=https://www.myfonts.com/collections/sampl-font-par-dfaut/
[2026-07-30T08:44:34Z] #192 attempt=1/2 status=200 0.339s url=https://www.myfonts.com/products/garamond-now-variable-complete-family-package-1189856
[2026-07-30T08:44:35Z] #193 attempt=1/2 status=200 0.447s url=https://www.myfonts.com/collections/garamond-now-variable-font-monotype-imaging/
[2026-07-30T08:44:35Z] #194 attempt=1/2 status=200 0.367s url=https://www.myfonts.com/products/nostalgia-riviera-complete-family-package-1187573
[2026-07-30T08:44:36Z] #195 attempt=1/2 status=200 0.417s url=https://www.myfonts.com/collections/nostalgia-riviera-font-tini-fitriani/
[2026-07-30T08:44:37Z] #196 attempt=1/2 status=200 0.436s url=https://www.myfonts.com/products/orvella-complete-family-package-1189847
[2026-07-30T08:44:37Z] #197 attempt=1/2 status=200 0.430s url=https://www.myfonts.com/collections/orvella-font-marvadesign/
[2026-07-30T08:44:38Z] #198 attempt=1/2 status=200 0.644s url=https://www.myfonts.com/products/basic-set-package-1188828
[2026-07-30T08:44:40Z] #199 attempt=1/2 status=200 0.927s url=https://www.myfonts.com/collections/ac-texto-pro-font-antoine-crama/
[2026-07-30T08:44:40Z] #200 attempt=1/2 status=200 0.324s url=https://www.myfonts.com/products/delmast-complete-family-package-1188137
[2026-07-30T08:44:41Z] #201 attempt=1/2 status=200 0.363s url=https://www.myfonts.com/collections/delmast-font-agung-sudirman/
[2026-07-30T08:44:42Z] #202 attempt=1/2 status=200 0.624s url=https://www.myfonts.com/products/hona-complete-family-package-1187559
[2026-07-30T08:44:43Z] #203 attempt=1/2 status=200 0.554s url=https://www.myfonts.com/collections/hona-font-habitype/
[2026-07-30T08:44:44Z] #204 attempt=1/2 status=200 1.484s url=https://www.myfonts.com/products/pragmatica-next-extended-package-package-1186470
[2026-07-30T08:44:47Z] #205 attempt=1/2 status=200 2.172s url=https://www.myfonts.com/collections/pragmatica-next-font-paratype/
[2026-07-30T08:44:48Z] #206 attempt=1/2 status=200 0.331s url=https://www.myfonts.com/products/beach-vista-complete-family-package-1188210
[2026-07-30T08:44:49Z] #207 attempt=1/2 status=200 0.608s url=https://www.myfonts.com/collections/beach-vista-font-stylishtype-studio/
[2026-07-30T08:44:50Z] #208 attempt=1/2 status=200 0.473s url=https://www.myfonts.com/products/palm-haven-complete-family-package-1187540
[2026-07-30T08:44:50Z] #209 attempt=1/2 status=200 0.354s url=https://www.myfonts.com/collections/palm-haven-font-amorfa-type/
[2026-07-30T08:44:51Z] #210 attempt=1/2 status=200 0.379s url=https://www.myfonts.com/products/summertime-tropicalside-complete-family-package-1189843
[2026-07-30T08:44:52Z] #211 attempt=1/2 status=200 0.738s url=https://www.myfonts.com/collections/summertime-tropicalside-font-get-studio/
[2026-07-30T08:44:53Z] #212 attempt=1/2 status=200 0.814s url=https://www.myfonts.com/products/ibar-didone-complete-family-package-1188189
[2026-07-30T08:44:54Z] #213 attempt=1/2 status=200 0.598s url=https://www.myfonts.com/collections/ibar-didone-font-ibar-fonts/
[2026-07-30T08:44:54Z] #214 attempt=1/2 status=200 0.306s url=https://www.myfonts.com/products/altavera-complete-family-package-1187531
[2026-07-30T08:44:56Z] #215 attempt=1/2 status=200 1.030s url=https://www.myfonts.com/collections/altavera-font-asbill-studio/
[2026-07-30T08:44:56Z] #216 attempt=1/2 status=200 0.382s url=https://www.myfonts.com/products/lives-breaks-groove-complete-family-package-1186799
[2026-07-30T08:44:57Z] #217 attempt=1/2 status=200 0.328s url=https://www.myfonts.com/collections/lives-breaks-groove-font-timelesstype-studio/
[2026-07-30T08:44:58Z] #218 attempt=1/2 status=200 0.350s url=https://www.myfonts.com/products/myntro-complete-family-package-1189835
[2026-07-30T08:44:58Z] #219 attempt=1/2 status=200 0.420s url=https://www.myfonts.com/collections/myntro-font-azzam-ridhamalik/
[2026-07-30T08:44:59Z] #220 attempt=1/2 status=200 0.351s url=https://www.myfonts.com/products/chaeyuna-complete-family-package-1188182
[2026-07-30T08:44:59Z] #221 attempt=1/2 status=200 0.382s url=https://www.myfonts.com/collections/chaeyuna-font-made-deduk/
[2026-07-30T08:45:00Z] #222 attempt=1/2 status=200 0.540s url=https://www.myfonts.com/products/applico-normal-package-1187530
[2026-07-30T08:45:01Z] #223 attempt=1/2 status=200 0.617s url=https://www.myfonts.com/collections/applico-font-koral-creative/
[2026-07-30T08:45:02Z] #224 attempt=1/2 status=200 0.375s url=https://www.myfonts.com/products/bahlie-complete-family-package-1186793
[2026-07-30T08:45:03Z] #225 attempt=1/2 status=200 0.552s url=https://www.myfonts.com/collections/bahlie-font-timelesstype-studio/
[2026-07-30T08:45:03Z] #226 attempt=1/2 status=200 0.532s url=https://www.myfonts.com/products/summer-archive-complete-family-package-1188172
[2026-07-30T08:45:04Z] #227 attempt=1/2 status=200 0.517s url=https://www.myfonts.com/collections/summer-archive-font-letterhend/
[2026-07-30T08:45:05Z] #228 attempt=1/2 status=200 0.535s url=https://www.myfonts.com/products/essential-package-package-1188810
[2026-07-30T08:45:05Z] #229 attempt=1/2 status=429 0.020s url=https://www.myfonts.com/collections/vontica-sans-font-asenbayu/
[2026-07-30T08:45:09Z] #230 attempt=2/2 status=200 1.117s url=https://www.myfonts.com/collections/vontica-sans-font-asenbayu/
[2026-07-30T08:45:09Z] #231 attempt=1/2 status=200 0.332s url=https://www.myfonts.com/products/angika-besfly-complete-family-package-1186790
[2026-07-30T08:45:10Z] #232 attempt=1/2 status=200 0.416s url=https://www.myfonts.com/collections/angika-besfly-font-timelesstype-studio/
[2026-07-30T08:45:11Z] #233 attempt=1/2 status=200 0.350s url=https://www.myfonts.com/products/wisnue-sans-complete-family-package-1189830
[2026-07-30T08:45:11Z] #234 attempt=1/2 status=200 0.397s url=https://www.myfonts.com/collections/wisnue-sans-font-shape-studio/
[2026-07-30T08:45:13Z] #235 attempt=1/2 status=200 1.011s url=https://www.myfonts.com/products/standing-display-complete-family-package-1188725
[2026-07-30T08:45:14Z] #236 attempt=1/2 status=200 1.123s url=https://www.myfonts.com/collections/standing-display-font-gian-studio/
[2026-07-30T08:45:15Z] #237 attempt=1/2 status=200 0.375s url=https://www.myfonts.com/products/postcard-daydream-complete-family-package-1186787
[2026-07-30T08:45:15Z] #238 attempt=1/2 status=200 0.343s url=https://www.myfonts.com/collections/postcard-daydream-font-littlehand/
[2026-07-30T08:45:16Z] #239 attempt=1/2 status=200 0.349s url=https://www.myfonts.com/products/franky-horrorshow-complete-family-package-1189824
[2026-07-30T08:45:17Z] #240 attempt=1/2 status=200 0.439s url=https://www.myfonts.com/collections/franky-horrorshow-font-remedy667/
[2026-07-30T08:45:17Z] #241 attempt=1/2 status=200 0.293s url=https://www.myfonts.com/products/aceh-is-great-complete-family-package-1188119
[2026-07-30T08:45:18Z] #242 attempt=1/2 status=200 0.347s url=https://www.myfonts.com/collections/aceh-is-great-font-shape-studio/
[2026-07-30T08:45:18Z] #243 attempt=1/2 status=429 0.019s url=https://www.myfonts.com/products/richmond-grovelyn-complete-family-package-1189820
[2026-07-30T08:45:21Z] #244 attempt=2/2 status=200 0.336s url=https://www.myfonts.com/products/richmond-grovelyn-complete-family-package-1189820
[2026-07-30T08:45:21Z] #245 attempt=1/2 status=200 0.346s url=https://www.myfonts.com/collections/richmond-grovelyn-font-moontiontype/
[2026-07-30T08:45:22Z] #246 attempt=1/2 status=200 0.301s url=https://www.myfonts.com/products/binose-complete-family-package-1186760
[2026-07-30T08:45:22Z] #247 attempt=1/2 status=200 0.350s url=https://www.myfonts.com/collections/binose-font-artisan-themes/
[2026-07-30T08:45:23Z] #248 attempt=1/2 status=200 0.346s url=https://www.myfonts.com/products/castela-complete-family-package-1187511
[2026-07-30T08:45:23Z] #249 attempt=1/2 status=429 0.020s url=https://www.myfonts.com/collections/castela-font-font-liner/
[2026-07-30T08:45:26Z] #250 attempt=2/2 status=200 0.453s url=https://www.myfonts.com/collections/castela-font-font-liner/
[2026-07-30T08:45:27Z] #251 attempt=1/2 status=200 0.907s url=https://www.myfonts.com/products/tt-commons-pro-georgian-complete-family-package-1188063
[2026-07-30T08:45:29Z] #252 attempt=1/2 status=200 1.193s url=https://www.myfonts.com/collections/tt-commons-pro-georgian-font-typetype/
[2026-07-30T08:45:30Z] #253 attempt=1/2 status=200 0.420s url=https://www.myfonts.com/products/wobble-complete-family-package-1189807
[2026-07-30T08:45:30Z] #254 attempt=1/2 status=200 0.452s url=https://www.myfonts.com/collections/wobble-font-tini-fitriani/
[2026-07-30T08:45:31Z] #255 attempt=1/2 status=200 0.392s url=https://www.myfonts.com/products/fresh-gelato-complete-family-package-1185822
[2026-07-30T08:45:32Z] #256 attempt=1/2 status=200 0.398s url=https://www.myfonts.com/collections/fresh-gelato-font-set-sail-studios/
[2026-07-30T08:45:32Z] #257 attempt=1/2 status=200 0.372s url=https://www.myfonts.com/products/coastal-blue-complete-family-package-1186757
[2026-07-30T08:45:33Z] #258 attempt=1/2 status=200 0.469s url=https://www.myfonts.com/collections/coastal-blue-font-stylishtype-studio/
[2026-07-30T08:45:33Z] #259 attempt=1/2 status=429 0.025s url=https://www.myfonts.com/products/nadysah-complete-family-package-1188688
[2026-07-30T08:45:36Z] #260 attempt=2/2 status=200 0.645s url=https://www.myfonts.com/products/nadysah-complete-family-package-1188688
[2026-07-30T08:45:37Z] #261 attempt=1/2 status=200 0.807s url=https://www.myfonts.com/collections/nadysah-font-gian-studio/
[2026-07-30T08:45:38Z] #262 attempt=1/2 status=200 0.673s url=https://www.myfonts.com/products/neoland-family-complete-family-package-1188026
[2026-07-30T08:45:39Z] #263 attempt=1/2 status=200 0.859s url=https://www.myfonts.com/collections/neoland-font-josstype/
[2026-07-30T08:45:40Z] #264 attempt=1/2 status=200 0.338s url=https://www.myfonts.com/products/windsor-complete-family-pack-package-1188004
[2026-07-30T08:45:41Z] #265 attempt=1/2 status=200 0.518s url=https://www.myfonts.com/collections/windsor-mt-font-monotype-imaging/
[2026-07-30T08:45:42Z] #266 attempt=1/2 status=200 0.372s url=https://www.myfonts.com/products/oarfish-complete-family-package-1189708
[2026-07-30T08:45:42Z] #267 attempt=1/2 status=200 0.352s url=https://www.myfonts.com/collections/oarfish-font-groenstudio/
[2026-07-30T08:45:43Z] #268 attempt=1/2 status=200 0.404s url=https://www.myfonts.com/products/pencil-grove-complete-family-package-1186754
[2026-07-30T08:45:44Z] #269 attempt=1/2 status=200 0.454s url=https://www.myfonts.com/collections/pencil-grove-font-cocodesign/
[2026-07-30T08:45:44Z] #270 attempt=1/2 status=200 0.382s url=https://www.myfonts.com/products/graind-complete-family-package-1187508
[2026-07-30T08:45:45Z] #271 attempt=1/2 status=200 0.353s url=https://www.myfonts.com/collections/graind-font-ragamkata/
[2026-07-30T08:45:45Z] #272 attempt=1/2 status=429 0.019s url=https://www.myfonts.com/products/felgiora-complete-family-package-1189560
[2026-07-30T08:45:49Z] #273 attempt=2/2 status=200 1.365s url=https://www.myfonts.com/products/felgiora-complete-family-package-1189560
[2026-07-30T08:45:52Z] #274 attempt=1/2 status=200 2.768s url=https://www.myfonts.com/collections/felgiora-font-propertype/
[2026-07-30T08:45:53Z] #275 attempt=1/2 status=200 0.408s url=https://www.myfonts.com/products/metaspire-complete-family-package-1186750
[2026-07-30T08:45:54Z] #276 attempt=1/2 status=200 0.424s url=https://www.myfonts.com/collections/metaspire-font-bale-type/
[2026-07-30T08:45:55Z] #277 attempt=1/2 status=200 0.393s url=https://www.myfonts.com/products/mono-scribble-complete-family-package-1187504
[2026-07-30T08:45:55Z] #278 attempt=1/2 status=200 0.611s url=https://www.myfonts.com/collections/mono-scribble-font-timelesstype-studio/
[2026-07-30T08:45:56Z] #279 attempt=1/2 status=200 0.331s url=https://www.myfonts.com/products/wedgen-holdeza-complete-family-package-1187500
[2026-07-30T08:45:57Z] #280 attempt=1/2 status=200 0.660s url=https://www.myfonts.com/collections/wedgen-holdeza-font-rvandtype/
[2026-07-30T08:45:58Z] #281 attempt=1/2 status=200 0.751s url=https://www.myfonts.com/products/morning-tropical-complete-family-package-1186324
[2026-07-30T08:45:59Z] #282 attempt=1/2 status=200 0.393s url=https://www.myfonts.com/collections/morning-tropical-font-stylishtype-studio/
[2026-07-30T08:45:59Z] #283 attempt=1/2 status=200 0.376s url=https://www.myfonts.com/products/placidus-notesho-complete-family-package-1186746
[2026-07-30T08:46:00Z] #284 attempt=1/2 status=200 0.514s url=https://www.myfonts.com/collections/placidus-notesho-font-sixtype-foundry/
[2026-07-30T08:46:01Z] #285 attempt=1/2 status=200 0.899s url=https://www.myfonts.com/products/life-style-complete-family-package-1188615
[2026-07-30T08:46:03Z] #286 attempt=1/2 status=200 1.247s url=https://www.myfonts.com/collections/life-style-font-gian-studio/
[2026-07-30T08:46:04Z] #287 attempt=1/2 status=200 0.690s url=https://www.myfonts.com/products/cherished-darling-complete-family-package-1187496
[2026-07-30T08:46:05Z] #288 attempt=1/2 status=200 0.374s url=https://www.myfonts.com/collections/cherished-darling-font-tini-fitriani/
[2026-07-30T08:46:05Z] #289 attempt=1/2 status=200 0.442s url=https://www.myfonts.com/products/freigel-complete-family-package-1187997
[2026-07-30T08:46:06Z] #290 attempt=1/2 status=200 0.480s url=https://www.myfonts.com/collections/freigel-font-fontastica/
[2026-07-30T08:46:07Z] #291 attempt=1/2 status=200 0.453s url=https://www.myfonts.com/products/skannia-complete-family-package-1188609
[2026-07-30T08:46:08Z] #292 attempt=1/2 status=200 0.459s url=https://www.myfonts.com/collections/skannia-font-habitype/
[2026-07-30T08:46:10Z] #293 attempt=1/2 status=200 1.669s url=https://www.myfonts.com/products/calvoire-complete-family-package-1186322
[2026-07-30T08:46:12Z] #294 attempt=1/2 status=200 1.948s url=https://www.myfonts.com/collections/calvoire-font-kaidosan/
[2026-07-30T08:46:13Z] #295 attempt=1/2 status=200 0.367s url=https://www.myfonts.com/products/gambiro-holiday-complete-family-package-1186730
[2026-07-30T08:46:13Z] #296 attempt=1/2 status=200 0.371s url=https://www.myfonts.com/collections/gambiro-holiday-font-bale-type/
[2026-07-30T08:46:14Z] #297 attempt=1/2 status=200 0.365s url=https://www.myfonts.com/products/under-holliw-complete-family-package-1187492
[2026-07-30T08:46:15Z] #298 attempt=1/2 status=200 0.348s url=https://www.myfonts.com/collections/under-holliw-font-stylishtype-studio/
[2026-07-30T08:46:15Z] #299 attempt=1/2 status=200 0.358s url=https://www.myfonts.com/products/lskonoha-complete-family-package-1186724
[2026-07-30T08:46:16Z] #300 attempt=1/2 status=200 0.369s url=https://www.myfonts.com/collections/lskonoha-font-letternesia-studio/
[2026-07-30T08:46:17Z] #301 attempt=1/2 status=200 0.467s url=https://www.myfonts.com/products/gilleto-sans-complete-family-package-1189402
[2026-07-30T08:46:18Z] #302 attempt=1/2 status=200 0.690s url=https://www.myfonts.com/collections/gilleto-sans-font-basnistudio/
[2026-07-30T08:46:18Z] #303 attempt=1/2 status=200 0.378s url=https://www.myfonts.com/products/breamcatcher-complete-family-package-1188604
[2026-07-30T08:46:19Z] #304 attempt=1/2 status=200 0.381s url=https://www.myfonts.com/collections/breamcatcher-font-typodermic/
[2026-07-30T08:46:20Z] #305 attempt=1/2 status=200 0.515s url=https://www.myfonts.com/products/karmina-sans-complete-family-package-1187983
[2026-07-30T08:46:20Z] #306 attempt=1/2 status=429 0.036s url=https://www.myfonts.com/collections/karmina-sans-font-type-together/
[2026-07-30T08:46:23Z] #307 attempt=2/2 status=200 0.548s url=https://www.myfonts.com/collections/karmina-sans-font-type-together/
[2026-07-30T08:46:24Z] #308 attempt=1/2 status=200 0.334s url=https://www.myfonts.com/products/western-vintage-complete-family-package-1187471
[2026-07-30T08:46:24Z] #309 attempt=1/2 status=200 0.332s url=https://www.myfonts.com/collections/western-vintage-font-font-liner/
[2026-07-30T08:46:25Z] #310 attempt=1/2 status=200 0.387s url=https://www.myfonts.com/products/ideal-package-1188600
[2026-07-30T08:46:26Z] #311 attempt=1/2 status=200 0.481s url=https://www.myfonts.com/collections/hn-revline-font-hora-nocte-type-foundry/
[2026-07-30T08:46:26Z] #312 attempt=1/2 status=200 0.491s url=https://www.myfonts.com/products/galique-pro-italic-package-1186723
[2026-07-30T08:46:27Z] #313 attempt=1/2 status=200 0.749s url=https://www.myfonts.com/collections/galique-pro-font-typehead-studio/
[2026-07-30T08:46:28Z] #314 attempt=1/2 status=200 0.520s url=https://www.myfonts.com/products/mava-motionev-complete-family-package-1186303
[2026-07-30T08:46:28Z] #315 attempt=1/2 status=429 0.020s url=https://www.myfonts.com/collections/mava-motionev-font-product-type/
[2026-07-30T08:46:31Z] #316 attempt=2/2 status=200 0.718s url=https://www.myfonts.com/collections/mava-motionev-font-product-type/
[2026-07-30T08:46:32Z] #317 attempt=1/2 status=200 0.423s url=https://www.myfonts.com/products/transport-new-condensed-package-package-1187485
[2026-07-30T08:46:33Z] #318 attempt=1/2 status=200 0.533s url=https://www.myfonts.com/collections/transport-new-font-k-type/
[2026-07-30T08:46:34Z] #319 attempt=1/2 status=200 0.381s url=https://www.myfonts.com/products/cool-brush-ptx-complete-family-package-1186300
[2026-07-30T08:46:34Z] #320 attempt=1/2 status=200 0.439s url=https://www.myfonts.com/collections/cool-brush-ptx-font-pedro-teixeira/
[2026-07-30T08:46:35Z] #321 attempt=1/2 status=200 0.391s url=https://www.myfonts.com/products/meerkat-complete-family-package-1187474
[2026-07-30T08:46:36Z] #322 attempt=1/2 status=200 0.440s url=https://www.myfonts.com/collections/meerkat-font-artisan-studio/
[2026-07-30T08:46:36Z] #323 attempt=1/2 status=200 0.352s url=https://www.myfonts.com/products/brengthe-complete-family-package-1185769
[2026-07-30T08:46:37Z] #324 attempt=1/2 status=200 0.382s url=https://www.myfonts.com/collections/brengthe-font-timelesstype-studio/
[2026-07-30T08:46:37Z] #325 attempt=1/2 status=429 0.030s url=https://www.myfonts.com/products/m-xianghe-hei-sc-pro-complete-family-package-1187953
[2026-07-30T08:46:40Z] #326 attempt=2/2 status=200 0.535s url=https://www.myfonts.com/products/m-xianghe-hei-sc-pro-complete-family-package-1187953
[2026-07-30T08:46:41Z] #327 attempt=1/2 status=200 0.595s url=https://www.myfonts.com/collections/m-xianghe-hei-sc-pro-font-monotype-imaging/
[2026-07-30T08:46:44Z] #328 attempt=1/2 status=200 2.459s url=https://www.myfonts.com/products/kalibrasi-complete-family-package-1189095
[2026-07-30T08:46:47Z] #329 attempt=1/2 status=200 3.219s url=https://www.myfonts.com/collections/kalibrasi-font-slex-studio/
[2026-07-30T08:46:49Z] #330 attempt=1/2 status=200 0.317s url=https://www.myfonts.com/products/volkrome-complete-family-package-1186698
[2026-07-30T08:46:49Z] #331 attempt=1/2 status=200 0.380s url=https://www.myfonts.com/collections/volkrome-font-mega-type/
[2026-07-30T08:46:50Z] #332 attempt=1/2 status=200 0.371s url=https://www.myfonts.com/products/crayo-complete-family-package-1187477
[2026-07-30T08:46:50Z] #333 attempt=1/2 status=200 0.353s url=https://www.myfonts.com/collections/crayo-font-lafontype/
[2026-07-30T08:46:52Z] #334 attempt=1/2 status=200 1.394s url=https://www.myfonts.com/products/soft-package-1183217
[2026-07-30T08:46:56Z] #335 attempt=1/2 status=500 3.208s url=https://www.myfonts.com/collections/koldnesy-font-bosstypestudio/
[2026-07-30T08:46:56Z] #336 attempt=1/2 status=404 0.177s url=https://www.myfonts.com/collections/soft-font-bosstypestudio
[2026-07-30T08:46:57Z] #337 attempt=1/2 status=200 0.336s url=https://www.myfonts.com/products/kingcraft-comic-complete-family-package-1186295
[2026-07-30T08:46:57Z] #338 attempt=1/2 status=200 0.393s url=https://www.myfonts.com/collections/kingcraft-comic-font-mvmet/
[2026-07-30T08:46:58Z] #339 attempt=1/2 status=200 0.523s url=https://www.myfonts.com/products/regular-version-package-1188588
[2026-07-30T08:46:59Z] #340 attempt=1/2 status=200 0.554s url=https://www.myfonts.com/collections/dh-alani-rosle-font-ahmad-jamaludin/
[2026-07-30T08:47:00Z] #341 attempt=1/2 status=200 0.440s url=https://www.myfonts.com/products/camfen-complete-family-package-1186693
[2026-07-30T08:47:00Z] #342 attempt=1/2 status=200 0.443s url=https://www.myfonts.com/collections/camfen-font-sensatype-studio/
[2026-07-30T08:47:01Z] #343 attempt=1/2 status=200 0.360s url=https://www.myfonts.com/products/acapela-complete-family-package-1186291
[2026-07-30T08:47:02Z] #344 attempt=1/2 status=200 0.443s url=https://www.myfonts.com/collections/acapela-font-scoothtype/
[2026-07-30T08:47:02Z] #345 attempt=1/2 status=200 0.368s url=https://www.myfonts.com/products/retro-parade-complete-family-package-1187468
[2026-07-30T08:47:03Z] #346 attempt=1/2 status=200 0.484s url=https://www.myfonts.com/collections/retro-parade-font-bale-type/
[2026-07-30T08:47:04Z] #347 attempt=1/2 status=200 0.439s url=https://www.myfonts.com/products/anria-complete-family-package-1186658
[2026-07-30T08:47:04Z] #348 attempt=1/2 status=200 0.444s url=https://www.myfonts.com/collections/anria-font-khoir/
[2026-07-30T08:47:05Z] #349 attempt=1/2 status=200 0.365s url=https://www.myfonts.com/products/kindlyreply-complete-family-package-1186288
[2026-07-30T08:47:06Z] #350 attempt=1/2 status=200 0.301s url=https://www.myfonts.com/collections/kindlyreply-font-amorfa-type/
[2026-07-30T08:47:07Z] #351 attempt=1/6 status=200 1.037s url=https://www.myfonts.com/products.json?limit=100&page=6
[2026-07-30T08:47:08Z] #352 attempt=1/2 status=200 0.427s url=https://www.myfonts.com/products/vision-horizon-complete-family-package-1187464
[2026-07-30T08:47:09Z] #353 attempt=1/2 status=200 0.403s url=https://www.myfonts.com/collections/vision-horizon-font-timelesstype-studio/
[2026-07-30T08:47:10Z] #354 attempt=1/2 status=200 0.609s url=https://www.myfonts.com/products/girello-complete-family-package-1186639
[2026-07-30T08:47:11Z] #355 attempt=1/2 status=200 0.819s url=https://www.myfonts.com/collections/girello-font-dora-typefoundry/
[2026-07-30T08:47:11Z] #356 attempt=1/2 status=200 0.460s url=https://www.myfonts.com/products/m-xianghe-hei-tc-complete-family-package-1187929
[2026-07-30T08:47:12Z] #357 attempt=1/2 status=200 0.605s url=https://www.myfonts.com/collections/m-xianghe-hei-tc-font-monotype-imaging/
[2026-07-30T08:47:13Z] #358 attempt=1/2 status=200 0.713s url=https://www.myfonts.com/products/olyford-pro-alt-package-1186286
[2026-07-30T08:47:13Z] #359 attempt=1/2 status=429 0.019s url=https://www.myfonts.com/collections/olyford-pro-font-nicolass-fonts/
[2026-07-30T08:47:17Z] #360 attempt=2/2 status=200 1.028s url=https://www.myfonts.com/collections/olyford-pro-font-nicolass-fonts/
[2026-07-30T08:47:18Z] #361 attempt=1/2 status=200 0.379s url=https://www.myfonts.com/products/kalsey-smiles-complete-family-package-1186634
[2026-07-30T08:47:18Z] #362 attempt=1/2 status=200 0.426s url=https://www.myfonts.com/collections/kalsey-smiles-font-rotterlab-studio/
[2026-07-30T08:47:19Z] #363 attempt=1/2 status=200 0.869s url=https://www.myfonts.com/products/kontes-compressed-complete-family-package-1187417
[2026-07-30T08:47:21Z] #364 attempt=1/2 status=200 0.869s url=https://www.myfonts.com/collections/kontes-compressed-font-gatype/
[2026-07-30T08:47:22Z] #365 attempt=1/2 status=200 0.575s url=https://www.myfonts.com/products/koffins-complete-family-package-1187385
[2026-07-30T08:47:22Z] #366 attempt=1/2 status=200 0.686s url=https://www.myfonts.com/collections/koffins-font-gatype/
[2026-07-30T08:47:23Z] #367 attempt=1/2 status=200 0.346s url=https://www.myfonts.com/products/ahoila-complete-family-package-1188566
[2026-07-30T08:47:24Z] #368 attempt=1/2 status=200 0.354s url=https://www.myfonts.com/collections/ahoila-font-tini-fitriani/
[2026-07-30T08:47:24Z] #369 attempt=1/2 status=200 0.365s url=https://www.myfonts.com/products/sidosari-complete-family-package-1186625
[2026-07-30T08:47:25Z] #370 attempt=1/2 status=200 0.352s url=https://www.myfonts.com/collections/sidosari-font-burntilldead/
[2026-07-30T08:47:25Z] #371 attempt=1/2 status=429 0.023s url=https://www.myfonts.com/products/requested-complete-family-package-1186261
[2026-07-30T08:47:28Z] #372 attempt=2/2 status=200 0.406s url=https://www.myfonts.com/products/requested-complete-family-package-1186261
[2026-07-30T08:47:29Z] #373 attempt=1/2 status=200 0.305s url=https://www.myfonts.com/collections/requested-font-amorfa-type/
[2026-07-30T08:47:29Z] #374 attempt=1/2 status=200 0.493s url=https://www.myfonts.com/products/rafistig-complete-family-package-1188550
[2026-07-30T08:47:30Z] #375 attempt=1/2 status=200 0.645s url=https://www.myfonts.com/collections/rafistig-font-madjack-font/
[2026-07-30T08:47:31Z] #376 attempt=1/2 status=200 0.369s url=https://www.myfonts.com/products/mt-belsior-complete-family-package-1186616
[2026-07-30T08:47:32Z] #377 attempt=1/2 status=200 0.498s url=https://www.myfonts.com/collections/mt-belsior-font-twinletter/
[2026-07-30T08:47:33Z] #378 attempt=1/2 status=200 0.683s url=https://www.myfonts.com/products/satari-display-complete-family-package-1187354
[2026-07-30T08:47:34Z] #379 attempt=1/2 status=200 0.748s url=https://www.myfonts.com/collections/satari-display-font-gatype/
[2026-07-30T08:47:34Z] #380 attempt=1/2 status=200 0.344s url=https://www.myfonts.com/products/livorielle-bravelyn-complete-family-package-1186134
[2026-07-30T08:47:35Z] #381 attempt=1/2 status=200 0.477s url=https://www.myfonts.com/collections/livorielle-bravelyn-font-get-studio/
[2026-07-30T08:47:35Z] #382 attempt=1/2 status=429 0.017s url=https://www.myfonts.com/products/byotesk-complete-family-package-1186612
[2026-07-30T08:47:38Z] #383 attempt=2/2 status=200 0.411s url=https://www.myfonts.com/products/byotesk-complete-family-package-1186612
[2026-07-30T08:47:39Z] #384 attempt=1/2 status=200 0.444s url=https://www.myfonts.com/collections/byotesk-font-stylishtype-studio/
[2026-07-30T08:47:39Z] #385 attempt=1/2 status=200 0.405s url=https://www.myfonts.com/products/m-xianghe-hei-sc-std-complete-family-package-1187906
[2026-07-30T08:47:40Z] #386 attempt=1/2 status=200 0.474s url=https://www.myfonts.com/collections/m-xianghe-hei-sc-std-font-monotype-imaging/
[2026-07-30T08:47:41Z] #387 attempt=1/2 status=200 0.627s url=https://www.myfonts.com/products/block-phalat-complete-family-package-1186026
[2026-07-30T08:47:41Z] #388 attempt=1/2 status=429 0.021s url=https://www.myfonts.com/collections/block-phalat-font-owl-king-project/
[2026-07-30T08:47:44Z] #389 attempt=2/2 status=200 0.909s url=https://www.myfonts.com/collections/block-phalat-font-owl-king-project/
[2026-07-30T08:47:45Z] #390 attempt=1/2 status=200 0.661s url=https://www.myfonts.com/products/liston-complete-family-package-1187324
[2026-07-30T08:47:47Z] #391 attempt=1/2 status=200 0.945s url=https://www.myfonts.com/collections/liston-font-gatype/
[2026-07-30T08:47:47Z] #392 attempt=1/2 status=200 0.349s url=https://www.myfonts.com/products/jollune-fields-complete-family-package-1188546
[2026-07-30T08:47:48Z] #393 attempt=1/2 status=200 0.374s url=https://www.myfonts.com/collections/jollune-fields-font-sixtype-foundry/
[2026-07-30T08:47:49Z] #394 attempt=1/2 status=200 0.451s url=https://www.myfonts.com/products/fantasi-women-complete-family-package-1187318
[2026-07-30T08:47:49Z] #395 attempt=1/2 status=200 0.471s url=https://www.myfonts.com/collections/fantasi-women-font-gatype/
[2026-07-30T08:47:50Z] #396 attempt=1/2 status=200 0.487s url=https://www.myfonts.com/products/bright-notes-complete-family-package-1186609
[2026-07-30T08:47:50Z] #397 attempt=1/2 status=429 0.019s url=https://www.myfonts.com/collections/bright-notes-font-stylishtype-studio/
[2026-07-30T08:47:53Z] #398 attempt=2/2 status=200 0.492s url=https://www.myfonts.com/collections/bright-notes-font-stylishtype-studio/
[2026-07-30T08:47:54Z] #399 attempt=1/2 status=200 0.400s url=https://www.myfonts.com/products/artisan-kitchen-complete-family-package-1186603
[2026-07-30T08:47:55Z] #400 attempt=1/2 status=200 0.503s url=https://www.myfonts.com/collections/artisan-kitchen-font-stylishtype-studio/
[2026-07-30T08:47:56Z] #401 attempt=1/2 status=200 0.767s url=https://www.myfonts.com/products/cremotic-complete-family-package-1187274
[2026-07-30T08:47:57Z] #402 attempt=1/2 status=200 0.923s url=https://www.myfonts.com/collections/cremotic-font-gatype/
[2026-07-30T08:47:58Z] #403 attempt=1/2 status=200 0.353s url=https://www.myfonts.com/products/jeanoti-complete-family-package-1188543
[2026-07-30T08:47:58Z] #404 attempt=1/2 status=200 0.361s url=https://www.myfonts.com/collections/jeanoti-font-burntilldead/
[2026-07-30T08:47:59Z] #405 attempt=1/2 status=200 0.321s url=https://www.myfonts.com/products/other-thanks-complete-family-package-1186606
[2026-07-30T08:47:59Z] #406 attempt=1/2 status=200 0.344s url=https://www.myfonts.com/collections/other-thanks-font-stylishtype-studio/
[2026-07-30T08:48:00Z] #407 attempt=1/2 status=429 0.029s url=https://www.myfonts.com/products/espena-complete-family-package-1186012
[2026-07-30T08:48:02Z] #408 attempt=2/2 status=200 0.458s url=https://www.myfonts.com/products/espena-complete-family-package-1186012
[2026-07-30T08:48:03Z] #409 attempt=1/2 status=200 0.563s url=https://www.myfonts.com/collections/espena-font-sulthan-studio/
[2026-07-30T08:48:04Z] #410 attempt=1/2 status=200 0.393s url=https://www.myfonts.com/products/melcostra-complete-family-package-1188540
[2026-07-30T08:48:04Z] #411 attempt=1/2 status=200 0.410s url=https://www.myfonts.com/collections/melcostra-font-tini-fitriani/
[2026-07-30T08:48:05Z] #412 attempt=1/2 status=200 0.709s url=https://www.myfonts.com/products/bosento-complete-family-package-1187244
[2026-07-30T08:48:07Z] #413 attempt=1/2 status=200 0.954s url=https://www.myfonts.com/collections/bosento-font-gatype/
[2026-07-30T08:48:08Z] #414 attempt=1/2 status=200 0.333s url=https://www.myfonts.com/products/diffe-rentys-complete-family-package-1187892
[2026-07-30T08:48:08Z] #415 attempt=1/2 status=200 0.330s url=https://www.myfonts.com/collections/diffe-rentys-font-stylishtype-studio/
[2026-07-30T08:48:08Z] #416 attempt=1/2 status=429 0.021s url=https://www.myfonts.com/products/mix-witchmark-complete-family-package-1186009
[2026-07-30T08:48:11Z] #417 attempt=2/2 status=200 0.439s url=https://www.myfonts.com/products/mix-witchmark-complete-family-package-1186009
[2026-07-30T08:48:12Z] #418 attempt=1/2 status=200 0.316s url=https://www.myfonts.com/collections/mix-witchmark-font-mix-fonts/
[2026-07-30T08:48:12Z] #419 attempt=1/2 status=200 0.323s url=https://www.myfonts.com/products/inkwise-sothing-complete-family-package-1188537
[2026-07-30T08:48:13Z] #420 attempt=1/2 status=200 0.392s url=https://www.myfonts.com/collections/inkwise-sothing-font-stylishtype-studio/
[2026-07-30T08:48:13Z] #421 attempt=1/2 status=200 0.345s url=https://www.myfonts.com/products/moilenka-complete-family-package-1188534
[2026-07-30T08:48:14Z] #422 attempt=1/2 status=200 0.334s url=https://www.myfonts.com/collections/moilenka-font-jinan-studio/
[2026-07-30T08:48:14Z] #423 attempt=1/2 status=429 0.019s url=https://www.myfonts.com/products/gulder-radeon-complete-family-package-1186493
[2026-07-30T08:48:17Z] #424 attempt=2/2 status=200 0.836s url=https://www.myfonts.com/products/gulder-radeon-complete-family-package-1186493
[2026-07-30T08:48:19Z] #425 attempt=1/2 status=200 0.924s url=https://www.myfonts.com/collections/gulder-radeon-font-gian-studio/
[2026-07-30T08:48:19Z] #426 attempt=1/2 status=200 0.358s url=https://www.myfonts.com/products/brunnen-complete-family-package-1187238
[2026-07-30T08:48:20Z] #427 attempt=1/2 status=200 0.424s url=https://www.myfonts.com/collections/brunnen-font-mrf/
[2026-07-30T08:48:21Z] #428 attempt=1/2 status=200 0.532s url=https://www.myfonts.com/products/morn-mini-package-1187891
[2026-07-30T08:48:22Z] #429 attempt=1/2 status=200 0.752s url=https://www.myfonts.com/collections/morn-font-wahyu-sani-co/
[2026-07-30T08:48:23Z] #430 attempt=1/2 status=200 0.475s url=https://www.myfonts.com/products/neue-radika-complete-family-package-1189021
[2026-07-30T08:48:24Z] #431 attempt=1/2 status=200 0.597s url=https://www.myfonts.com/collections/neue-radika-font-matt-chansky/
[2026-07-30T08:48:24Z] #432 attempt=1/2 status=200 0.358s url=https://www.myfonts.com/products/deserter-complete-family-package-1189883
[2026-07-30T08:48:25Z] #433 attempt=1/2 status=200 0.427s url=https://www.myfonts.com/collections/deserter-font-tour-de-force/
[2026-07-30T08:48:26Z] #434 attempt=1/2 status=200 0.355s url=https://www.myfonts.com/products/tomacho-complete-family-package-1187227
[2026-07-30T08:48:26Z] #435 attempt=1/2 status=200 0.426s url=https://www.myfonts.com/collections/tomacho-font-vermilione/
[2026-07-30T08:48:26Z] #436 attempt=1/2 status=429 0.026s url=https://www.myfonts.com/products/sefina-brandish-complete-family-package-1187230
[2026-07-30T08:48:29Z] #437 attempt=2/2 status=200 0.385s url=https://www.myfonts.com/products/sefina-brandish-complete-family-package-1187230
[2026-07-30T08:48:30Z] #438 attempt=1/2 status=200 0.337s url=https://www.myfonts.com/collections/sefina-brandish-font-font-liner/
[2026-07-30T08:48:30Z] #439 attempt=1/2 status=200 0.333s url=https://www.myfonts.com/products/deco-savoy-complete-family-package-1186472
[2026-07-30T08:48:31Z] #440 attempt=1/2 status=200 0.327s url=https://www.myfonts.com/collections/deco-savoy-font-mazur-type/
[2026-07-30T08:48:32Z] #441 attempt=1/2 status=200 0.400s url=https://www.myfonts.com/products/belove-roxenia-complete-family-package-1186000
[2026-07-30T08:48:32Z] #442 attempt=1/2 status=200 0.366s url=https://www.myfonts.com/collections/belove-roxenia-font-ergibi-studio/
[2026-07-30T08:48:33Z] #443 attempt=1/2 status=429 0.018s url=https://www.myfonts.com/products/qolians-complete-family-package-1188531
[2026-07-30T08:48:35Z] #444 attempt=2/2 status=200 0.408s url=https://www.myfonts.com/products/qolians-complete-family-package-1188531
[2026-07-30T08:48:36Z] #445 attempt=1/2 status=200 0.388s url=https://www.myfonts.com/collections/qolians-font-pandeka-studio/
[2026-07-30T08:48:36Z] #446 attempt=1/2 status=200 0.484s url=https://www.myfonts.com/products/kamount-complete-family-package-1185979
[2026-07-30T08:48:37Z] #447 attempt=1/2 status=200 0.683s url=https://www.myfonts.com/collections/kamount-font-donyadesign/
[2026-07-30T08:48:38Z] #448 attempt=1/2 status=200 0.334s url=https://www.myfonts.com/products/lumen-grotesk-complete-family-package-1187220
[2026-07-30T08:48:39Z] #449 attempt=1/2 status=200 0.364s url=https://www.myfonts.com/collections/lumen-grotesk-font-glyphline/
[2026-07-30T08:48:40Z] #450 attempt=1/2 status=200 1.450s url=https://www.myfonts.com/products/normal-package-1188519
[2026-07-30T08:48:43Z] #451 attempt=1/2 status=200 2.149s url=https://www.myfonts.com/collections/chipno-font-attract-studio/
[2026-07-30T08:48:44Z] #452 attempt=1/2 status=200 0.340s url=https://www.myfonts.com/products/gubera-mono-complete-family-package-1186256
[2026-07-30T08:48:45Z] #453 attempt=1/2 status=200 0.402s url=https://www.myfonts.com/collections/gubera-mono-font-ragamkata/
[2026-07-30T08:48:45Z] #454 attempt=1/2 status=200 0.385s url=https://www.myfonts.com/products/amesbury-complete-family-package-1189007
[2026-07-30T08:48:46Z] #455 attempt=1/2 status=200 0.508s url=https://www.myfonts.com/collections/amesbury-font-cocodesign/
[2026-07-30T08:48:47Z] #456 attempt=1/2 status=200 0.322s url=https://www.myfonts.com/products/old-school-complete-family-package-1189002
[2026-07-30T08:48:47Z] #457 attempt=1/2 status=200 0.394s url=https://www.myfonts.com/collections/old-school-font-sensatype-studio/
[2026-07-30T08:48:48Z] #458 attempt=1/2 status=200 0.417s url=https://www.myfonts.com/products/kanile-complete-family-package-1188506
[2026-07-30T08:48:49Z] #459 attempt=1/2 status=200 0.567s url=https://www.myfonts.com/collections/kanile-font-vermilione/
[2026-07-30T08:48:50Z] #460 attempt=1/2 status=200 0.422s url=https://www.myfonts.com/products/mltp-gokind-complete-family-package-1187868
[2026-07-30T08:48:50Z] #461 attempt=1/2 status=200 0.430s url=https://www.myfonts.com/collections/mltp-gokind-font-multype-studio/
[2026-07-30T08:48:51Z] #462 attempt=1/2 status=200 0.318s url=https://www.myfonts.com/products/spacilo-mono-complete-family-package-1186254
[2026-07-30T08:48:51Z] #463 attempt=1/2 status=429 0.020s url=https://www.myfonts.com/collections/spacilo-mono-font-ragamkata/
[2026-07-30T08:48:54Z] #464 attempt=2/2 status=200 0.482s url=https://www.myfonts.com/collections/spacilo-mono-font-ragamkata/
[2026-07-30T08:48:55Z] #465 attempt=1/2 status=200 0.407s url=https://www.myfonts.com/products/darwaza-complete-family-package-1187208
[2026-07-30T08:48:55Z] #466 attempt=1/2 status=200 0.387s url=https://www.myfonts.com/collections/darwaza-font-only-fonts/
[2026-07-30T08:48:56Z] #467 attempt=1/2 status=200 0.447s url=https://www.myfonts.com/products/godskin-grotesk-complete-family-package-1187197
[2026-07-30T08:48:57Z] #468 attempt=1/2 status=200 0.617s url=https://www.myfonts.com/collections/godskin-grotesk-font-horizon-type/
[2026-07-30T08:48:58Z] #469 attempt=1/2 status=200 0.493s url=https://www.myfonts.com/products/basic-set-package-1189882
[2026-07-30T08:48:59Z] #470 attempt=1/2 status=200 0.783s url=https://www.myfonts.com/collections/ac-texto-serif-font-antoine-crama/
[2026-07-30T08:48:59Z] #471 attempt=1/2 status=200 0.443s url=https://www.myfonts.com/products/kulutuvariable-complete-family-package-1185975
[2026-07-30T08:49:00Z] #472 attempt=1/2 status=200 0.524s url=https://www.myfonts.com/collections/kulutuvariable-font-aukimvisuel/
[2026-07-30T08:49:01Z] #473 attempt=1/2 status=200 0.368s url=https://www.myfonts.com/products/afinity-slack-complete-family-package-1187860
[2026-07-30T08:49:01Z] #474 attempt=1/2 status=429 0.033s url=https://www.myfonts.com/collections/afinity-slack-font-timelesstype-studio/
[2026-07-30T08:49:04Z] #475 attempt=2/2 status=200 0.451s url=https://www.myfonts.com/collections/afinity-slack-font-timelesstype-studio/
[2026-07-30T08:49:04Z] #476 attempt=1/2 status=200 0.370s url=https://www.myfonts.com/products/basseet-naaem-complete-family-package-1186247
[2026-07-30T08:49:05Z] #477 attempt=1/2 status=200 0.461s url=https://www.myfonts.com/collections/basseet-naaem-font-grafikarfonts/
[2026-07-30T08:49:06Z] #478 attempt=1/2 status=200 0.321s url=https://www.myfonts.com/products/fl-zenic-complete-family-package-1186847
[2026-07-30T08:49:06Z] #479 attempt=1/2 status=200 0.363s url=https://www.myfonts.com/collections/fl-zenic-font-font-liner/
[2026-07-30T08:49:07Z] #480 attempt=1/2 status=200 0.385s url=https://www.myfonts.com/products/plumeria-complete-family-package-1188415
[2026-07-30T08:49:07Z] #481 attempt=1/2 status=429 0.018s url=https://www.myfonts.com/collections/plumeria-font-simpletype-studios/
[2026-07-30T08:49:10Z] #482 attempt=2/2 status=200 0.558s url=https://www.myfonts.com/collections/plumeria-font-simpletype-studios/
[2026-07-30T08:49:11Z] #483 attempt=1/2 status=200 0.386s url=https://www.myfonts.com/products/the-bilstein-editorial-complete-family-package-1188990
[2026-07-30T08:49:11Z] #484 attempt=1/2 status=200 0.393s url=https://www.myfonts.com/collections/the-bilstein-editorial-font-pista-mova/
[2026-07-30T08:49:13Z] #485 attempt=1/2 status=200 1.160s url=https://www.myfonts.com/products/exedra-complete-family-package-1187845
[2026-07-30T08:49:14Z] #486 attempt=1/2 status=200 1.121s url=https://www.myfonts.com/collections/exedra-font-tipo-p-pel/
[2026-07-30T08:49:15Z] #487 attempt=1/2 status=200 0.342s url=https://www.myfonts.com/products/lumio-complete-family-package-1186844
[2026-07-30T08:49:16Z] #488 attempt=1/2 status=200 0.394s url=https://www.myfonts.com/collections/lumio-font-font-liner/
[2026-07-30T08:49:16Z] #489 attempt=1/2 status=200 0.344s url=https://www.myfonts.com/products/paradise-coastal-complete-family-package-1188350
[2026-07-30T08:49:17Z] #490 attempt=1/2 status=200 0.365s url=https://www.myfonts.com/collections/paradise-coastal-font-amorfa-type/
[2026-07-30T08:49:18Z] #491 attempt=1/2 status=200 0.342s url=https://www.myfonts.com/products/medieval-beasts-complete-family-package-1185969
[2026-07-30T08:49:18Z] #492 attempt=1/2 status=200 0.508s url=https://www.myfonts.com/collections/medieval-beasts-font-kaer/
[2026-07-30T08:49:19Z] #493 attempt=1/2 status=200 0.338s url=https://www.myfonts.com/products/smile-club-complete-family-package-1187585
[2026-07-30T08:49:19Z] #494 attempt=1/2 status=429 0.027s url=https://www.myfonts.com/collections/smile-club-font-amost/
[2026-07-30T08:49:22Z] #495 attempt=2/2 status=200 0.402s url=https://www.myfonts.com/collections/smile-club-font-amost/
[2026-07-30T08:49:22Z] #496 attempt=1/2 status=200 0.326s url=https://www.myfonts.com/products/archest-complete-family-package-1186245
[2026-07-30T08:49:23Z] #497 attempt=1/2 status=200 0.343s url=https://www.myfonts.com/collections/archest-font-ragamkata/
[2026-07-30T08:49:24Z] #498 attempt=1/2 status=200 0.328s url=https://www.myfonts.com/products/catingal-complete-family-package-1186841
[2026-07-30T08:49:24Z] #499 attempt=1/2 status=200 0.343s url=https://www.myfonts.com/collections/catingal-font-vermilione/
[2026-07-30T08:49:25Z] #500 attempt=1/2 status=200 0.575s url=https://www.myfonts.com/products/subpackage-two-package-1182856
[2026-07-30T08:49:25Z] #501 attempt=1/2 status=429 0.020s url=https://www.myfonts.com/collections/blitti-font-eurotypo/
[2026-07-30T08:49:28Z] #502 attempt=2/2 status=200 0.707s url=https://www.myfonts.com/collections/blitti-font-eurotypo/
[2026-07-30T08:49:29Z] #503 attempt=1/2 status=200 0.375s url=https://www.myfonts.com/products/arthouse-cinema-complete-family-package-1186835
[2026-07-30T08:49:30Z] #504 attempt=1/2 status=200 0.408s url=https://www.myfonts.com/collections/arthouse-cinema-font-zeenesia-studio/
[2026-07-30T08:49:30Z] #505 attempt=1/2 status=200 0.342s url=https://www.myfonts.com/products/heksilo-complete-family-package-1187576
[2026-07-30T08:49:31Z] #506 attempt=1/2 status=200 0.447s url=https://www.myfonts.com/collections/heksilo-font-font-liner/
[2026-07-30T08:49:32Z] #507 attempt=1/2 status=200 0.337s url=https://www.myfonts.com/products/mainer-wisdom-complete-family-package-1185962
[2026-07-30T08:49:32Z] #508 attempt=1/2 status=200 0.381s url=https://www.myfonts.com/collections/mainer-wisdom-font-tini-fitriani/
[2026-07-30T08:49:33Z] #509 attempt=1/2 status=200 0.354s url=https://www.myfonts.com/products/grafilo-complete-family-package-1187570
[2026-07-30T08:49:33Z] #510 attempt=1/2 status=429 0.032s url=https://www.myfonts.com/collections/grafilo-font-font-liner/
[2026-07-30T08:49:36Z] #511 attempt=2/2 status=200 0.373s url=https://www.myfonts.com/collections/grafilo-font-font-liner/
[2026-07-30T08:49:36Z] #512 attempt=1/2 status=200 0.343s url=https://www.myfonts.com/products/academic-brush-complete-family-package-1186796
[2026-07-30T08:49:37Z] #513 attempt=1/2 status=200 0.352s url=https://www.myfonts.com/collections/academic-brush-font-yoga-letter/
[2026-07-30T08:49:38Z] #514 attempt=1/2 status=200 0.363s url=https://www.myfonts.com/products/mantela-complete-family-package-1186242
[2026-07-30T08:49:38Z] #515 attempt=1/2 status=200 0.342s url=https://www.myfonts.com/collections/mantela-font-vermilione/
[2026-07-30T08:49:38Z] #516 attempt=1/2 status=429 0.018s url=https://www.myfonts.com/products/movira-complete-family-package-1185952
[2026-07-30T08:49:41Z] #517 attempt=2/2 status=200 0.445s url=https://www.myfonts.com/products/movira-complete-family-package-1185952
[2026-07-30T08:49:42Z] #518 attempt=1/2 status=200 0.552s url=https://www.myfonts.com/collections/movira-font-steptype/
[2026-07-30T08:49:43Z] #519 attempt=1/2 status=200 0.357s url=https://www.myfonts.com/products/panco-complete-family-package-1187556
[2026-07-30T08:49:43Z] #520 attempt=1/2 status=200 0.347s url=https://www.myfonts.com/collections/panco-font-font-liner/
[2026-07-30T08:49:44Z] #521 attempt=1/2 status=200 0.426s url=https://www.myfonts.com/products/gc-monoglitch-complete-family-package-1186774
[2026-07-30T08:49:45Z] #522 attempt=1/2 status=200 0.480s url=https://www.myfonts.com/collections/gc-monoglitch-font-onyx-studio/
[2026-07-30T08:49:45Z] #523 attempt=1/2 status=200 0.375s url=https://www.myfonts.com/products/ratesa-complete-family-package-1186189
[2026-07-30T08:49:46Z] #524 attempt=1/2 status=200 0.389s url=https://www.myfonts.com/collections/ratesa-font-vermilione/
[2026-07-30T08:49:46Z] #525 attempt=1/2 status=429 0.025s url=https://www.myfonts.com/products/olyford-pro-variable-complete-family-package-1188951
[2026-07-30T08:49:49Z] #526 attempt=2/2 status=200 0.369s url=https://www.myfonts.com/products/olyford-pro-variable-complete-family-package-1188951
[2026-07-30T08:49:49Z] #527 attempt=1/2 status=200 0.438s url=https://www.myfonts.com/collections/olyford-pro-variable-font-nicolass-fonts/
[2026-07-30T08:49:50Z] #528 attempt=1/2 status=200 0.403s url=https://www.myfonts.com/products/sg-chaps-complete-family-package-1186766
[2026-07-30T08:49:51Z] #529 attempt=1/2 status=200 0.473s url=https://www.myfonts.com/collections/sg-chaps-font-studio-gulden/
[2026-07-30T08:49:52Z] #530 attempt=1/6 status=200 0.892s url=https://www.myfonts.com/products.json?limit=100&page=7
[2026-07-30T08:49:53Z] #531 attempt=1/2 status=200 0.329s url=https://www.myfonts.com/products/goxina-complete-family-package-1187553
[2026-07-30T08:49:54Z] #532 attempt=1/2 status=200 0.350s url=https://www.myfonts.com/collections/goxina-font-font-liner/
[2026-07-30T08:49:54Z] #533 attempt=1/2 status=200 0.510s url=https://www.myfonts.com/products/basic-set-package-1189870
[2026-07-30T08:49:55Z] #534 attempt=1/2 status=200 0.619s url=https://www.myfonts.com/collections/ac-texto-serif-pro-font-antoine-crama/
[2026-07-30T08:49:56Z] #535 attempt=1/2 status=200 0.437s url=https://www.myfonts.com/products/milwaukee-groove-complete-family-package-1182832
[2026-07-30T08:49:56Z] #536 attempt=1/2 status=429 0.024s url=https://www.myfonts.com/collections/milwaukee-groove-font-visualizeunited-fonts/
[2026-07-30T08:49:59Z] #537 attempt=2/2 status=200 0.612s url=https://www.myfonts.com/collections/milwaukee-groove-font-visualizeunited-fonts/
[2026-07-30T08:50:00Z] #538 attempt=1/2 status=200 0.366s url=https://www.myfonts.com/products/vaoras-complete-family-package-1185948
[2026-07-30T08:50:00Z] #539 attempt=1/2 status=200 0.427s url=https://www.myfonts.com/collections/vaoras-font-timelesstype-studio/
[2026-07-30T08:50:01Z] #540 attempt=1/2 status=200 0.399s url=https://www.myfonts.com/products/bomera-experience-complete-family-package-1187534
[2026-07-30T08:50:01Z] #541 attempt=1/2 status=429 0.025s url=https://www.myfonts.com/collections/bomera-experience-font-vermilione/
[2026-07-30T08:50:04Z] #542 attempt=2/2 status=200 0.440s url=https://www.myfonts.com/collections/bomera-experience-font-vermilione/
[2026-07-30T08:50:05Z] #543 attempt=1/2 status=200 0.335s url=https://www.myfonts.com/products/sg-laipa-complete-family-package-1186742
[2026-07-30T08:50:05Z] #544 attempt=1/2 status=200 0.355s url=https://www.myfonts.com/collections/sg-laipa-font-studio-gulden/
[2026-07-30T08:50:06Z] #545 attempt=1/2 status=200 0.346s url=https://www.myfonts.com/products/fesibel-complete-family-package-1187537
[2026-07-30T08:50:06Z] #546 attempt=1/2 status=200 0.350s url=https://www.myfonts.com/collections/fesibel-font-vermilione/
[2026-07-30T08:50:07Z] #547 attempt=1/2 status=200 0.343s url=https://www.myfonts.com/products/caelvin-complete-family-package-1186763
[2026-07-30T08:50:07Z] #548 attempt=1/2 status=429 0.020s url=https://www.myfonts.com/collections/caelvin-font-muksal-creatives/
[2026-07-30T08:50:10Z] #549 attempt=2/2 status=200 0.472s url=https://www.myfonts.com/collections/caelvin-font-muksal-creatives/
[2026-07-30T08:50:11Z] #550 attempt=1/2 status=200 0.462s url=https://www.myfonts.com/products/segala-complete-family-package-1182827
[2026-07-30T08:50:12Z] #551 attempt=1/2 status=200 0.497s url=https://www.myfonts.com/collections/segala-font-marvadesign/
[2026-07-30T08:50:12Z] #552 attempt=1/2 status=200 0.466s url=https://www.myfonts.com/products/thicko-complete-family-package-1186079
[2026-07-30T08:50:13Z] #553 attempt=1/2 status=200 0.364s url=https://www.myfonts.com/collections/thicko-font-vermilione/
[2026-07-30T08:50:14Z] #554 attempt=1/2 status=200 0.460s url=https://www.myfonts.com/products/stray-complete-family-package-1188889
[2026-07-30T08:50:14Z] #555 attempt=1/2 status=200 0.580s url=https://www.myfonts.com/collections/stray-font-tour-de-force/
[2026-07-30T08:50:15Z] #556 attempt=1/2 status=200 0.320s url=https://www.myfonts.com/products/signage-heritage-complete-family-package-1182823
[2026-07-30T08:50:15Z] #557 attempt=1/2 status=429 0.035s url=https://www.myfonts.com/collections/signage-heritage-font-tini-fitriani/
[2026-07-30T08:50:18Z] #558 attempt=2/2 status=200 0.333s url=https://www.myfonts.com/collections/signage-heritage-font-tini-fitriani/
[2026-07-30T08:50:19Z] #559 attempt=1/2 status=200 0.342s url=https://www.myfonts.com/products/rigela-complete-family-package-1186005
[2026-07-30T08:50:19Z] #560 attempt=1/2 status=200 0.341s url=https://www.myfonts.com/collections/rigela-font-vermilione/
[2026-07-30T08:50:20Z] #561 attempt=1/2 status=200 0.394s url=https://www.myfonts.com/products/ratch-complete-family-package-package-1187196
[2026-07-30T08:50:21Z] #562 attempt=1/2 status=200 0.499s url=https://www.myfonts.com/collections/ratch-font-roman-melikhov/
[2026-07-30T08:50:21Z] #563 attempt=1/2 status=200 0.406s url=https://www.myfonts.com/products/maride-complete-family-package-1182575
[2026-07-30T08:50:22Z] #564 attempt=1/2 status=200 0.507s url=https://www.myfonts.com/collections/maride-font-ahmet-altun/
[2026-07-30T08:50:22Z] #565 attempt=1/2 status=429 0.018s url=https://www.myfonts.com/products/brakston-complete-family-package-1187832
[2026-07-30T08:50:25Z] #566 attempt=2/2 status=200 0.506s url=https://www.myfonts.com/products/brakston-complete-family-package-1187832
[2026-07-30T08:50:26Z] #567 attempt=1/2 status=200 0.425s url=https://www.myfonts.com/collections/brakston-font-qiubare-studio/
[2026-07-30T08:50:26Z] #568 attempt=1/2 status=200 0.358s url=https://www.myfonts.com/products/chrung-complete-family-package-1188882
[2026-07-30T08:50:27Z] #569 attempt=1/2 status=200 0.354s url=https://www.myfonts.com/collections/chrung-font-anagata-type/
[2026-07-30T08:50:28Z] #570 attempt=1/2 status=200 0.361s url=https://www.myfonts.com/products/luna-rossa-complete-family-package-1187799
[2026-07-30T08:50:28Z] #571 attempt=1/2 status=200 0.497s url=https://www.myfonts.com/collections/luna-rossa-font-larin-type-co/
[2026-07-30T08:50:29Z] #572 attempt=1/2 status=200 0.427s url=https://www.myfonts.com/products/heat-fuigo-waves-complete-family-package-1182572
[2026-07-30T08:50:29Z] #573 attempt=1/2 status=429 0.020s url=https://www.myfonts.com/collections/heat-fuigo-waves-font-maghrib-type/
[2026-07-30T08:50:32Z] #574 attempt=2/2 status=200 0.502s url=https://www.myfonts.com/collections/heat-fuigo-waves-font-maghrib-type/
[2026-07-30T08:50:33Z] #575 attempt=1/2 status=200 0.493s url=https://www.myfonts.com/products/junegull-complete-family-package-1188862
[2026-07-30T08:50:34Z] #576 attempt=1/2 status=200 0.638s url=https://www.myfonts.com/collections/junegull-font-typodermic/
[2026-07-30T08:50:35Z] #577 attempt=1/2 status=200 1.031s url=https://www.myfonts.com/products/acai-system-complete-family-package-1187729
[2026-07-30T08:50:37Z] #578 attempt=1/2 status=200 1.536s url=https://www.myfonts.com/collections/acai-system-font-borutta/
[2026-07-30T08:50:38Z] #579 attempt=1/2 status=200 0.577s url=https://www.myfonts.com/products/goliathus-complete-family-package-1185928
[2026-07-30T08:50:39Z] #580 attempt=1/2 status=200 0.588s url=https://www.myfonts.com/collections/goliathus-font-ghozai-studio/
[2026-07-30T08:50:40Z] #581 attempt=1/2 status=200 0.356s url=https://www.myfonts.com/products/perfect-timing-complete-family-package-1186850
[2026-07-30T08:50:40Z] #582 attempt=1/2 status=200 0.481s url=https://www.myfonts.com/collections/perfect-timing-font-pizzadude-dk/
[2026-07-30T08:50:42Z] #583 attempt=1/2 status=200 0.916s url=https://www.myfonts.com/products/arfielle-complete-family-package-1188257
[2026-07-30T08:50:43Z] #584 attempt=1/2 status=200 1.519s url=https://www.myfonts.com/collections/arfielle-font-ulfa-foundry/
[2026-07-30T08:50:44Z] #585 attempt=1/2 status=200 0.386s url=https://www.myfonts.com/products/adeco-complete-family-package-1186831
[2026-07-30T08:50:45Z] #586 attempt=1/2 status=200 0.419s url=https://www.myfonts.com/collections/adeco-font-grontype/
[2026-07-30T08:50:46Z] #587 attempt=1/2 status=200 0.515s url=https://www.myfonts.com/products/larieno-complete-family-package-1188843
[2026-07-30T08:50:47Z] #588 attempt=1/2 status=200 0.542s url=https://www.myfonts.com/collections/larieno-font-zafara-studios/
[2026-07-30T08:50:47Z] #589 attempt=1/2 status=200 0.435s url=https://www.myfonts.com/products/signatum-complete-family-package-1187715
[2026-07-30T08:50:48Z] #590 attempt=1/2 status=200 0.529s url=https://www.myfonts.com/collections/signatum-font-artisticandunique/
[2026-07-30T08:50:49Z] #591 attempt=1/2 status=200 0.397s url=https://www.myfonts.com/products/burjotea-complete-family-package-1182569
[2026-07-30T08:50:50Z] #592 attempt=1/2 status=200 0.548s url=https://www.myfonts.com/collections/burjotea-font-letterytz/
[2026-07-30T08:50:50Z] #593 attempt=1/2 status=200 0.416s url=https://www.myfonts.com/products/qittchen-complete-family-package-1189810
[2026-07-30T08:50:51Z] #594 attempt=1/2 status=200 0.513s url=https://www.myfonts.com/collections/qittchen-font-nollev/
[2026-07-30T08:50:52Z] #595 attempt=1/2 status=200 0.476s url=https://www.myfonts.com/products/penlore-complete-family-package-1186819
[2026-07-30T08:50:53Z] #596 attempt=1/2 status=200 0.659s url=https://www.myfonts.com/collections/penlore-font-vp-creative-shop/
[2026-07-30T08:50:54Z] #597 attempt=1/2 status=200 0.450s url=https://www.myfonts.com/products/halsara-complete-family-package-1189059
[2026-07-30T08:50:54Z] #598 attempt=1/2 status=200 0.690s url=https://www.myfonts.com/collections/halsara-font-glyphminds-studios/
[2026-07-30T08:50:56Z] #599 attempt=1/2 status=200 0.636s url=https://www.myfonts.com/products/buttera-complete-family-package-1187699
[2026-07-30T08:50:56Z] #600 attempt=1/2 status=200 0.647s url=https://www.myfonts.com/collections/buttera-font-ampertype/
[2026-07-30T08:50:57Z] #601 attempt=1/2 status=200 0.339s url=https://www.myfonts.com/products/konyaku-complete-family-package-1182566
[2026-07-30T08:50:57Z] #602 attempt=1/2 status=429 0.029s url=https://www.myfonts.com/collections/konyaku-font-letterytz/
[2026-07-30T08:51:00Z] #603 attempt=2/2 status=200 0.389s url=https://www.myfonts.com/collections/konyaku-font-letterytz/
[2026-07-30T08:51:01Z] #604 attempt=1/2 status=200 0.538s url=https://www.myfonts.com/products/basic-set-package-1188840
[2026-07-30T08:51:02Z] #605 attempt=1/2 status=200 0.622s url=https://www.myfonts.com/collections/ac-texto-font-antoine-crama/
[2026-07-30T08:51:03Z] #606 attempt=1/2 status=200 1.052s url=https://www.myfonts.com/products/angita-complete-family-package-1187606
[2026-07-30T08:51:05Z] #607 attempt=1/2 status=200 1.478s url=https://www.myfonts.com/collections/angita-font-ulfa-foundry/
[2026-07-30T08:51:06Z] #608 attempt=1/2 status=200 0.356s url=https://www.myfonts.com/products/zia-worldera-complete-family-package-1186816
[2026-07-30T08:51:06Z] #609 attempt=1/2 status=200 0.341s url=https://www.myfonts.com/collections/zia-worldera-font-zia-creative-studio/
[2026-07-30T08:51:07Z] #610 attempt=1/2 status=200 0.486s url=https://www.myfonts.com/products/horiva-sans-complete-family-package-1189036
[2026-07-30T08:51:08Z] #611 attempt=1/2 status=200 0.688s url=https://www.myfonts.com/collections/horiva-sans-font-lettertype-studio/
[2026-07-30T08:51:09Z] #612 attempt=1/2 status=200 0.338s url=https://www.myfonts.com/products/champio-pucho-complete-family-package-1182563
[2026-07-30T08:51:09Z] #613 attempt=1/2 status=200 0.383s url=https://www.myfonts.com/collections/champio-pucho-font-letterytz/
[2026-07-30T08:51:10Z] #614 attempt=1/2 status=200 0.474s url=https://www.myfonts.com/products/cendrick-node-complete-family-package-1188995
[2026-07-30T08:51:10Z] #615 attempt=1/2 status=429 0.022s url=https://www.myfonts.com/collections/cendrick-node-font-ragamkata/
[2026-07-30T08:51:13Z] #616 attempt=2/2 status=200 0.564s url=https://www.myfonts.com/collections/cendrick-node-font-ragamkata/
[2026-07-30T08:51:14Z] #617 attempt=1/2 status=200 0.395s url=https://www.myfonts.com/products/ostalgie-complete-family-package-1188242
[2026-07-30T08:51:15Z] #618 attempt=1/2 status=200 0.543s url=https://www.myfonts.com/collections/ostalgie-font-hanoi-cartel/
[2026-07-30T08:51:15Z] #619 attempt=1/2 status=200 0.369s url=https://www.myfonts.com/products/iron-prairie-complete-family-package-1187597
[2026-07-30T08:51:16Z] #620 attempt=1/2 status=200 0.563s url=https://www.myfonts.com/collections/iron-prairie-font-mevstory-studio/
[2026-07-30T08:51:17Z] #621 attempt=1/2 status=200 0.331s url=https://www.myfonts.com/products/tirah-monk-complete-family-package-1186812
[2026-07-30T08:51:18Z] #622 attempt=1/2 status=200 0.566s url=https://www.myfonts.com/collections/tirah-monk-font-casloop-studio/
[2026-07-30T08:51:18Z] #623 attempt=1/2 status=200 0.382s url=https://www.myfonts.com/products/glamour-avegato-complete-family-package-1188231
[2026-07-30T08:51:19Z] #624 attempt=1/2 status=200 0.459s url=https://www.myfonts.com/collections/glamour-avegato-font-vermilione/
[2026-07-30T08:51:19Z] #625 attempt=1/2 status=429 0.018s url=https://www.myfonts.com/products/qinky-complete-family-package-1187589
[2026-07-30T08:51:22Z] #626 attempt=2/2 status=200 0.425s url=https://www.myfonts.com/products/qinky-complete-family-package-1187589
[2026-07-30T08:51:23Z] #627 attempt=1/2 status=200 0.356s url=https://www.myfonts.com/collections/qinky-font-nazmulsdesign/
[2026-07-30T08:51:23Z] #628 attempt=1/2 status=200 0.372s url=https://www.myfonts.com/products/monfy-complete-family-package-1186802
[2026-07-30T08:51:24Z] #629 attempt=1/2 status=200 0.442s url=https://www.myfonts.com/collections/monfy-font-casloop-studio/
[2026-07-30T08:51:24Z] #630 attempt=1/2 status=200 0.306s url=https://www.myfonts.com/products/kovela-complete-family-package-1188986
[2026-07-30T08:51:25Z] #631 attempt=1/2 status=200 0.328s url=https://www.myfonts.com/collections/kovela-font-vermilione/
[2026-07-30T08:51:27Z] #632 attempt=1/6 status=200 0.953s url=https://www.myfonts.com/products.json?limit=100&page=8
[2026-07-30T08:51:27Z] #633 attempt=1/2 status=200 0.315s url=https://www.myfonts.com/products/regular-jueves-santo-1189555
[2026-07-30T08:51:27Z] #634 attempt=1/2 status=429 0.021s url=https://www.myfonts.com/collections/jueves-santo-font-woodcutter/
[2026-07-30T08:51:30Z] #635 attempt=2/2 status=200 0.417s url=https://www.myfonts.com/collections/jueves-santo-font-woodcutter/
[2026-07-30T08:51:31Z] #636 attempt=1/2 status=200 0.286s url=https://www.myfonts.com/products/regular-eastern-blackletter-1189534
[2026-07-30T08:51:31Z] #637 attempt=1/2 status=200 0.356s url=https://www.myfonts.com/collections/eastern-blackletter-font-kaer/
[2026-07-30T08:51:33Z] #638 attempt=1/6 status=200 0.980s url=https://www.myfonts.com/products.json?limit=100&page=9
[2026-07-30T08:51:33Z] #639 attempt=1/2 status=200 0.304s url=https://www.myfonts.com/products/regular-polisher-1189019
[2026-07-30T08:51:34Z] #640 attempt=1/2 status=200 0.326s url=https://www.myfonts.com/collections/polisher-font-alpaprana/
[2026-07-30T08:51:34Z] #641 attempt=1/2 status=429 0.024s url=https://www.myfonts.com/products/regular-gothmora-signature-1189533
[2026-07-30T08:51:37Z] #642 attempt=2/2 status=200 0.361s url=https://www.myfonts.com/products/regular-gothmora-signature-1189533
[2026-07-30T08:51:37Z] #643 attempt=1/2 status=200 0.291s url=https://www.myfonts.com/collections/gothmora-signature-font-pointlab/
[2026-07-30T08:51:38Z] #644 attempt=1/2 status=200 0.286s url=https://www.myfonts.com/products/regular-delverie-1189018
[2026-07-30T08:51:38Z] #645 attempt=1/2 status=200 0.329s url=https://www.myfonts.com/collections/delverie-font-only-fonts/
[2026-07-30T08:51:39Z] #646 attempt=1/2 status=200 0.280s url=https://www.myfonts.com/products/finer-regular-finer-1189017
[2026-07-30T08:51:39Z] #647 attempt=1/2 status=429 0.019s url=https://www.myfonts.com/collections/finer-font-maikohatta/
[2026-07-30T08:51:42Z] #648 attempt=2/2 status=200 0.431s url=https://www.myfonts.com/collections/finer-font-maikohatta/
[2026-07-30T08:51:42Z] #649 attempt=1/2 status=200 0.345s url=https://www.myfonts.com/products/regular-voxter-1189014
[2026-07-30T08:51:43Z] #650 attempt=1/2 status=200 0.355s url=https://www.myfonts.com/collections/voxter-font-modikstype/
[2026-07-30T08:51:44Z] #651 attempt=1/6 status=200 0.808s url=https://www.myfonts.com/products.json?limit=100&page=10
[2026-07-30T08:51:46Z] #652 attempt=1/6 status=200 0.950s url=https://www.myfonts.com/products.json?limit=100&page=11
[2026-07-30T08:51:46Z] #653 attempt=1/2 status=200 0.393s url=https://www.myfonts.com/products/regular-kari-sea-1189058
[2026-07-30T08:51:47Z] #654 attempt=1/2 status=200 0.378s url=https://www.myfonts.com/collections/kari-sea-font-gian-studio/
[2026-07-30T08:51:48Z] #655 attempt=1/2 status=200 0.424s url=https://www.myfonts.com/products/regular-chronos-galaxia-1188565
[2026-07-30T08:51:48Z] #656 attempt=1/2 status=200 0.475s url=https://www.myfonts.com/collections/chronos-galaxia-font-tini-fitriani/
[2026-07-30T08:51:50Z] #657 attempt=1/6 status=200 0.999s url=https://www.myfonts.com/products.json?limit=100&page=12
[2026-07-30T08:51:51Z] #658 attempt=1/2 status=200 0.316s url=https://www.myfonts.com/products/regular-borsen-1188530
[2026-07-30T08:51:51Z] #659 attempt=1/2 status=200 0.328s url=https://www.myfonts.com/collections/borsen-font-rasio-studio/
[2026-07-30T08:51:52Z] #660 attempt=1/2 status=200 0.316s url=https://www.myfonts.com/products/regular-kervain-1188529
[2026-07-30T08:51:52Z] #661 attempt=1/2 status=429 0.031s url=https://www.myfonts.com/collections/kervain-font-rasio-studio/
[2026-07-30T08:51:55Z] #662 attempt=2/2 status=200 0.451s url=https://www.myfonts.com/collections/kervain-font-rasio-studio/
[2026-07-30T08:51:55Z] #663 attempt=1/2 status=200 0.301s url=https://www.myfonts.com/products/regular-chunky-joy-1188564
[2026-07-30T08:51:56Z] #664 attempt=1/2 status=200 0.361s url=https://www.myfonts.com/collections/chunky-joy-font-maghrib-type/
[2026-07-30T08:51:56Z] #665 attempt=1/2 status=200 0.289s url=https://www.myfonts.com/products/regular-zigwo-black-1188525
[2026-07-30T08:51:57Z] #666 attempt=1/2 status=200 0.314s url=https://www.myfonts.com/collections/zigwo-black-font-letterhanna-studio/
[2026-07-30T08:51:57Z] #667 attempt=1/2 status=429 0.017s url=https://www.myfonts.com/products/regular-cyberola-1188524
[2026-07-30T08:52:00Z] #668 attempt=2/2 status=200 0.332s url=https://www.myfonts.com/products/regular-cyberola-1188524
[2026-07-30T08:52:00Z] #669 attempt=1/2 status=200 0.287s url=https://www.myfonts.com/collections/cyberola-font-drizy-font/
[2026-07-30T08:52:01Z] #670 attempt=1/2 status=200 0.513s url=https://www.myfonts.com/products/regular-atomic-circle-1188520
[2026-07-30T08:52:01Z] #671 attempt=1/2 status=429 0.020s url=https://www.myfonts.com/collections/atomic-circle-font-amost/
[2026-07-30T08:52:04Z] #672 attempt=2/2 status=200 0.334s url=https://www.myfonts.com/collections/atomic-circle-font-amost/
[2026-07-30T08:52:05Z] #673 attempt=1/2 status=200 0.275s url=https://www.myfonts.com/products/regular-ashensoul-1188227
[2026-07-30T08:52:05Z] #674 attempt=1/2 status=200 0.318s url=https://www.myfonts.com/collections/ashensoul-font-denustudio/
[2026-07-30T08:52:07Z] #675 attempt=1/6 status=200 1.131s url=https://www.myfonts.com/products.json?limit=100&page=13
[2026-07-30T08:52:07Z] #676 attempt=1/2 status=200 0.294s url=https://www.myfonts.com/products/script-wild-faroes-cyrillic-1188842
[2026-07-30T08:52:08Z] #677 attempt=1/2 status=200 0.311s url=https://www.myfonts.com/collections/wild-faroes-cyrillic-font-ira-dvilyuk/
[2026-07-30T08:52:08Z] #678 attempt=1/2 status=200 0.282s url=https://www.myfonts.com/products/regular-magden-valse-cyrillic-1188841
[2026-07-30T08:52:09Z] #679 attempt=1/2 status=200 0.306s url=https://www.myfonts.com/collections/magden-valse-cyrillic-font-ira-dvilyuk/
[2026-07-30T08:52:09Z] #680 attempt=1/2 status=429 0.022s url=https://www.myfonts.com/products/regular-ashenpiky-1188223
[2026-07-30T08:52:12Z] #681 attempt=2/2 status=200 0.409s url=https://www.myfonts.com/products/regular-ashenpiky-1188223
[2026-07-30T08:52:12Z] #682 attempt=1/2 status=200 0.344s url=https://www.myfonts.com/collections/ashenpiky-font-jaruka-creative/
[2026-07-30T08:52:13Z] #683 attempt=1/2 status=200 0.354s url=https://www.myfonts.com/products/regular-dalan-cidro-1188222
[2026-07-30T08:52:14Z] #684 attempt=1/2 status=200 0.302s url=https://www.myfonts.com/collections/dalan-cidro-font-heavyrain/
[2026-07-30T08:52:15Z] #685 attempt=1/6 status=200 0.907s url=https://www.myfonts.com/products.json?limit=100&page=14
[2026-07-30T08:52:16Z] #686 attempt=1/2 status=200 0.301s url=https://www.myfonts.com/products/quiyo-regular-quiyo-1189764
[2026-07-30T08:52:16Z] #687 attempt=1/2 status=200 0.316s url=https://www.myfonts.com/collections/quiyo-font-maikohatta/
[2026-07-30T08:52:17Z] #688 attempt=1/2 status=200 0.304s url=https://www.myfonts.com/products/regular-basori-1187569
[2026-07-30T08:52:17Z] #689 attempt=1/2 status=429 0.037s url=https://www.myfonts.com/collections/basori-font-pekotype/
[2026-07-30T08:52:20Z] #690 attempt=2/2 status=200 0.373s url=https://www.myfonts.com/collections/basori-font-pekotype/
[2026-07-30T08:52:20Z] #691 attempt=1/2 status=200 0.276s url=https://www.myfonts.com/products/regular-runchis-1188221
[2026-07-30T08:52:21Z] #692 attempt=1/2 status=200 0.284s url=https://www.myfonts.com/collections/runchis-font-flawlessandco/
[2026-07-30T08:52:21Z] #693 attempt=1/2 status=200 0.251s url=https://www.myfonts.com/products/regular-callisse-1186859
[2026-07-30T08:52:21Z] #694 attempt=1/2 status=429 0.018s url=https://www.myfonts.com/collections/callisse-font-typoraith-co/
[2026-07-30T08:52:24Z] #695 attempt=2/2 status=200 0.346s url=https://www.myfonts.com/collections/callisse-font-typoraith-co/
[2026-07-30T08:52:25Z] #696 attempt=1/2 status=200 0.266s url=https://www.myfonts.com/products/regular-bitstream-screen-1188171
[2026-07-30T08:52:25Z] #697 attempt=1/2 status=200 0.295s url=https://www.myfonts.com/collections/bitstream-screen-font-tini-fitriani/
[2026-07-30T08:52:27Z] #698 attempt=1/6 status=200 0.951s url=https://www.myfonts.com/products.json?limit=100&page=15
[2026-07-30T08:52:27Z] #699 attempt=1/2 status=200 0.308s url=https://www.myfonts.com/products/augustale-slant-regular-augustale-duo-1189671
[2026-07-30T08:52:28Z] #700 attempt=1/2 status=200 0.315s url=https://www.myfonts.com/collections/augustale-duo-font-meutuwah/
[2026-07-30T08:52:28Z] #701 attempt=1/2 status=200 0.278s url=https://www.myfonts.com/products/regular-chocovan-groovy-1186858
[2026-07-30T08:52:29Z] #702 attempt=1/2 status=200 0.317s url=https://www.myfonts.com/collections/chocovan-groovy-font-claymoon-lab-studio/
[2026-07-30T08:52:29Z] #703 attempt=1/2 status=429 0.018s url=https://www.myfonts.com/products/regular-travis-brush-1186840
[2026-07-30T08:52:32Z] #704 attempt=2/2 status=200 0.422s url=https://www.myfonts.com/products/regular-travis-brush-1186840
[2026-07-30T08:52:32Z] #705 attempt=1/2 status=200 0.322s url=https://www.myfonts.com/collections/travis-brush-font-morisco-studio/
[2026-07-30T08:52:33Z] #706 attempt=1/2 status=200 0.318s url=https://www.myfonts.com/products/regular-ancorze-1186839
[2026-07-30T08:52:33Z] #707 attempt=1/2 status=429 0.036s url=https://www.myfonts.com/collections/ancorze-font-taznix-creative/
[2026-07-30T08:52:36Z] #708 attempt=2/2 status=200 0.452s url=https://www.myfonts.com/collections/ancorze-font-taznix-creative/
[2026-07-30T08:52:37Z] #709 attempt=1/2 status=200 0.262s url=https://www.myfonts.com/products/regular-boltron-1186838
[2026-07-30T08:52:37Z] #710 attempt=1/2 status=200 0.325s url=https://www.myfonts.com/collections/boltron-font-bimaksara/
[2026-07-30T08:52:39Z] #711 attempt=1/6 status=200 0.868s url=https://www.myfonts.com/products.json?limit=100&page=16
[2026-07-30T08:52:39Z] #712 attempt=1/2 status=200 0.311s url=https://www.myfonts.com/products/regular-cloudwink-1188209
[2026-07-30T08:52:40Z] #713 attempt=1/2 status=200 0.289s url=https://www.myfonts.com/collections/cloudwink-font-letterhanna-studio/
[2026-07-30T08:52:40Z] #714 attempt=1/2 status=200 0.336s url=https://www.myfonts.com/products/oblique-vorixon-1189569
[2026-07-30T08:52:40Z] #715 attempt=1/2 status=429 0.020s url=https://www.myfonts.com/collections/vorixon-font-mei-suseno/
[2026-07-30T08:52:43Z] #716 attempt=2/2 status=200 0.560s url=https://www.myfonts.com/collections/vorixon-font-mei-suseno/
[2026-07-30T08:52:44Z] #717 attempt=1/2 status=200 0.394s url=https://www.myfonts.com/products/smooth-blegr-1189566
[2026-07-30T08:52:45Z] #718 attempt=1/2 status=200 0.477s url=https://www.myfonts.com/collections/blegr-font-grontype/
[2026-07-30T08:52:46Z] #719 attempt=1/6 status=200 0.916s url=https://www.myfonts.com/products.json?limit=100&page=17
[2026-07-30T08:52:47Z] #720 attempt=1/2 status=200 0.432s url=https://www.myfonts.com/products/black-regular-politoxicomano-vikingo-1189563
[2026-07-30T08:52:48Z] #721 attempt=1/2 status=200 0.552s url=https://www.myfonts.com/collections/politoxicomano-vikingo-font-woodcutter/
[2026-07-30T08:52:48Z] #722 attempt=1/2 status=200 0.450s url=https://www.myfonts.com/products/regular-gryphire-black-1186773
[2026-07-30T08:52:49Z] #723 attempt=1/2 status=200 0.493s url=https://www.myfonts.com/collections/gryphire-black-font-alit-design/
[2026-07-30T08:52:50Z] #724 attempt=1/2 status=200 0.379s url=https://www.myfonts.com/products/black-regular-no-club-lone-wolf-1189559
[2026-07-30T08:52:50Z] #725 attempt=1/2 status=200 0.417s url=https://www.myfonts.com/collections/no-club-lone-wolf-font-woodcutter/
[2026-07-30T08:52:51Z] #726 attempt=1/2 status=200 0.340s url=https://www.myfonts.com/products/regular-really-nice-1188362
[2026-07-30T08:52:51Z] #727 attempt=1/2 status=429 0.026s url=https://www.myfonts.com/collections/really-nice-font-amost/
[2026-07-30T08:52:54Z] #728 attempt=2/2 status=200 0.377s url=https://www.myfonts.com/collections/really-nice-font-amost/
[2026-07-30T08:52:55Z] #729 attempt=1/6 status=200 1.021s url=https://www.myfonts.com/products.json?limit=100&page=18
[2026-07-30T08:52:56Z] #730 attempt=1/2 status=200 0.323s url=https://www.myfonts.com/products/regular-mosh-cube-1188181
[2026-07-30T08:52:57Z] #731 attempt=1/2 status=200 0.349s url=https://www.myfonts.com/collections/mosh-cube-font-jinan-studio/
[2026-07-30T08:52:57Z] #732 attempt=1/2 status=200 0.381s url=https://www.myfonts.com/products/regular-paradisea-1188180
[2026-07-30T08:52:58Z] #733 attempt=1/2 status=200 0.353s url=https://www.myfonts.com/collections/paradisea-font-sipanji21/
[2026-07-30T08:52:58Z] #734 attempt=1/2 status=200 0.308s url=https://www.myfonts.com/products/regular-quatro-silamy-1188160
[2026-07-30T08:52:59Z] #735 attempt=1/2 status=200 0.315s url=https://www.myfonts.com/collections/quatro-silamy-font-ayska/
[2026-07-30T08:52:59Z] #736 attempt=1/2 status=429 0.018s url=https://www.myfonts.com/products/regular-rockwave-1187895
[2026-07-30T08:53:02Z] #737 attempt=2/2 status=200 0.361s url=https://www.myfonts.com/products/regular-rockwave-1187895
[2026-07-30T08:53:02Z] #738 attempt=1/2 status=200 0.314s url=https://www.myfonts.com/collections/rockwave-font-epiclinez/
[2026-07-30T08:53:03Z] #739 attempt=1/2 status=200 0.321s url=https://www.myfonts.com/products/regular-meloriac-1187844
[2026-07-30T08:53:03Z] #740 attempt=1/2 status=429 0.025s url=https://www.myfonts.com/collections/meloriac-font-typodermic/
[2026-07-30T08:53:06Z] #741 attempt=2/2 status=200 0.383s url=https://www.myfonts.com/collections/meloriac-font-typodermic/
[2026-07-30T08:53:06Z] #742 attempt=1/2 status=200 0.325s url=https://www.myfonts.com/products/regular-archbolt-1186857
[2026-07-30T08:53:07Z] #743 attempt=1/2 status=200 0.379s url=https://www.myfonts.com/collections/archbolt-font-letterhanna-studio/
[2026-07-30T08:53:08Z] #744 attempt=1/2 status=200 0.325s url=https://www.myfonts.com/products/regular-puerile-display-1188136
[2026-07-30T08:53:08Z] #745 attempt=1/2 status=200 0.323s url=https://www.myfonts.com/collections/puerile-display-font-applied-systems-design-studio/
[2026-07-30T08:53:09Z] #746 attempt=1/2 status=200 0.338s url=https://www.myfonts.com/products/regular-claycraft-1187416
[2026-07-30T08:53:09Z] #747 attempt=1/2 status=429 0.031s url=https://www.myfonts.com/collections/claycraft-font-hipfonts/
[2026-07-30T08:53:12Z] #748 attempt=2/2 status=200 0.396s url=https://www.myfonts.com/collections/claycraft-font-hipfonts/
[2026-07-30T08:53:13Z] #749 attempt=1/6 status=200 0.932s url=https://www.myfonts.com/products.json?limit=100&page=19
[2026-07-30T08:53:14Z] #750 attempt=1/2 status=200 0.333s url=https://www.myfonts.com/products/regular-rinasari-1188179
[2026-07-30T08:53:14Z] #751 attempt=1/2 status=200 0.303s url=https://www.myfonts.com/collections/rinasari-font-morisco-studio/
[2026-07-30T08:53:15Z] #752 attempt=1/2 status=200 0.290s url=https://www.myfonts.com/products/regular-castela-molgate-1187579
[2026-07-30T08:53:15Z] #753 attempt=1/2 status=200 0.302s url=https://www.myfonts.com/collections/castela-molgate-font-amost/
[2026-07-30T08:53:16Z] #754 attempt=1/2 status=200 0.291s url=https://www.myfonts.com/products/regular-kyle-luther-1187486
[2026-07-30T08:53:16Z] #755 attempt=1/2 status=429 0.020s url=https://www.myfonts.com/collections/kyle-luther-font-morisco-studio/
[2026-07-30T08:53:19Z] #756 attempt=2/2 status=200 0.522s url=https://www.myfonts.com/collections/kyle-luther-font-morisco-studio/
[2026-07-30T08:53:20Z] #757 attempt=1/2 status=200 0.359s url=https://www.myfonts.com/products/regular-botaric-1187218
[2026-07-30T08:53:20Z] #758 attempt=1/2 status=200 0.345s url=https://www.myfonts.com/collections/botaric-font-super-dust/
[2026-07-30T08:53:21Z] #759 attempt=1/2 status=200 0.327s url=https://www.myfonts.com/products/regular-funkids-1187217
[2026-07-30T08:53:21Z] #760 attempt=1/2 status=200 0.334s url=https://www.myfonts.com/collections/funkids-font-flawlessandco/
[2026-07-30T08:53:22Z] #761 attempt=1/2 status=200 0.323s url=https://www.myfonts.com/products/regular-breluna-1187216
[2026-07-30T08:53:22Z] #762 attempt=1/2 status=429 0.033s url=https://www.myfonts.com/collections/breluna-font-only-fonts/
[2026-07-30T08:53:25Z] #763 attempt=2/2 status=200 0.330s url=https://www.myfonts.com/collections/breluna-font-only-fonts/
[2026-07-30T08:53:25Z] #764 attempt=1/2 status=200 0.347s url=https://www.myfonts.com/products/regular-mount-climb-1187580
[2026-07-30T08:53:26Z] #765 attempt=1/2 status=200 0.318s url=https://www.myfonts.com/collections/mount-climb-font-struggle-studio/
[2026-07-30T08:53:27Z] #766 attempt=1/6 status=200 0.943s url=https://www.myfonts.com/products.json?limit=100&page=20
[2026-07-30T08:53:28Z] #767 attempt=1/2 status=200 0.294s url=https://www.myfonts.com/products/regular-acidik-1187215
[2026-07-30T08:53:28Z] #768 attempt=1/2 status=200 0.310s url=https://www.myfonts.com/collections/acidik-font-only-fonts/
[2026-07-30T08:53:29Z] #769 attempt=1/2 status=200 0.309s url=https://www.myfonts.com/products/regular-vitult-1187214
[2026-07-30T08:53:29Z] #770 attempt=1/2 status=429 0.020s url=https://www.myfonts.com/collections/vitult-font-only-fonts/
[2026-07-30T08:53:32Z] #771 attempt=2/2 status=200 0.339s url=https://www.myfonts.com/collections/vitult-font-only-fonts/
[2026-07-30T08:53:33Z] #772 attempt=1/2 status=200 0.312s url=https://www.myfonts.com/products/regular-ravliza-1187213
[2026-07-30T08:53:33Z] #773 attempt=1/2 status=200 0.307s url=https://www.myfonts.com/collections/ravliza-font-only-fonts/
[2026-07-30T08:53:34Z] #774 attempt=1/2 status=200 0.309s url=https://www.myfonts.com/products/regular-faelori-1187212
[2026-07-30T08:53:34Z] #775 attempt=1/2 status=200 0.292s url=https://www.myfonts.com/collections/faelori-font-only-fonts/
[2026-07-30T08:53:34Z] #776 attempt=1/2 status=429 0.017s url=https://www.myfonts.com/products/regular-common-place-1186638
[2026-07-30T08:53:37Z] #777 attempt=2/2 status=200 0.448s url=https://www.myfonts.com/products/regular-common-place-1186638
[2026-07-30T08:53:38Z] #778 attempt=1/2 status=200 0.360s url=https://www.myfonts.com/collections/common-place-font-letterhend/
[2026-07-30T08:53:38Z] #779 attempt=1/2 status=200 0.300s url=https://www.myfonts.com/products/regular-almari-1187211
[2026-07-30T08:53:39Z] #780 attempt=1/2 status=200 0.347s url=https://www.myfonts.com/collections/almari-font-only-fonts/
[2026-07-30T08:53:40Z] #781 attempt=1/6 status=200 0.891s url=https://www.myfonts.com/products.json?limit=100&page=21
[2026-07-30T08:53:41Z] #782 attempt=1/2 status=200 0.367s url=https://www.myfonts.com/products/regular-zfrhythm-1186670
[2026-07-30T08:53:42Z] #783 attempt=1/2 status=200 0.336s url=https://www.myfonts.com/collections/zfrhythm-font-zoofont/
[2026-07-30T08:53:42Z] #784 attempt=1/2 status=200 0.416s url=https://www.myfonts.com/products/regular-sogea-1186745
[2026-07-30T08:53:42Z] #785 attempt=1/2 status=429 0.029s url=https://www.myfonts.com/collections/sogea-font-pandeka-studio/
[2026-07-30T08:53:45Z] #786 attempt=2/2 status=200 0.371s url=https://www.myfonts.com/collections/sogea-font-pandeka-studio/
[2026-07-30T08:53:46Z] #787 attempt=1/2 status=200 0.333s url=https://www.myfonts.com/products/regular-barisan-patah-hati-1186669
[2026-07-30T08:53:46Z] #788 attempt=1/2 status=200 0.471s url=https://www.myfonts.com/collections/barisan-patah-hati-font-heavyrain/
[2026-07-30T08:53:47Z] #789 attempt=1/2 status=200 0.335s url=https://www.myfonts.com/products/regular-misty-cloud-1187467
[2026-07-30T08:53:48Z] #790 attempt=1/2 status=200 0.305s url=https://www.myfonts.com/collections/misty-cloud-font-heinzel-std/
[2026-07-30T08:53:48Z] #791 attempt=1/2 status=200 0.275s url=https://www.myfonts.com/products/regular-articullare-1186741
[2026-07-30T08:53:48Z] #792 attempt=1/2 status=429 0.019s url=https://www.myfonts.com/collections/articullare-font-rahagita-type/
[2026-07-30T08:53:51Z] #793 attempt=2/2 status=200 0.308s url=https://www.myfonts.com/collections/articullare-font-rahagita-type/
[2026-07-30T08:53:51Z] #794 attempt=1/2 status=200 0.291s url=https://www.myfonts.com/products/regular-smigle-1186668
[2026-07-30T08:53:52Z] #795 attempt=1/2 status=200 0.300s url=https://www.myfonts.com/collections/smigle-font-limitype/
[2026-07-30T08:53:53Z] #796 attempt=1/2 status=200 0.305s url=https://www.myfonts.com/products/regular-cottera-1186740
[2026-07-30T08:53:53Z] #797 attempt=1/2 status=200 0.356s url=https://www.myfonts.com/collections/cottera-font-rasio-studio/
[2026-07-30T08:53:53Z] #798 attempt=1/2 status=429 0.021s url=https://www.myfonts.com/products/regular-caffine-1186633
[2026-07-30T08:53:56Z] #799 attempt=2/2 status=200 0.454s url=https://www.myfonts.com/products/regular-caffine-1186633
[2026-07-30T08:53:57Z] #800 attempt=1/2 status=200 0.353s url=https://www.myfonts.com/collections/caffine-font-inipagi/
[2026-07-30T08:53:58Z] #801 attempt=1/6 status=200 0.982s url=https://www.myfonts.com/products.json?limit=100&page=22
[2026-07-30T08:53:59Z] #802 attempt=1/2 status=200 0.337s url=https://www.myfonts.com/products/signature-emergent-1186629
[2026-07-30T08:53:59Z] #803 attempt=1/2 status=200 0.414s url=https://www.myfonts.com/collections/emergent-font-collectype/
[2026-07-30T08:54:00Z] #804 attempt=1/2 status=200 0.366s url=https://www.myfonts.com/products/regular-bakerian-1186702
[2026-07-30T08:54:01Z] #805 attempt=1/2 status=200 0.461s url=https://www.myfonts.com/collections/bakerian-font-sensatype-studio/
[2026-07-30T08:54:01Z] #806 attempt=1/2 status=200 0.303s url=https://www.myfonts.com/products/regular-paduloki-1187463
[2026-07-30T08:54:02Z] #807 attempt=1/2 status=200 0.400s url=https://www.myfonts.com/collections/paduloki-font-letterhanna-studio/
[2026-07-30T08:54:02Z] #808 attempt=1/2 status=429 0.023s url=https://www.myfonts.com/products/regular-marie-costa-1186739
[2026-07-30T08:54:05Z] #809 attempt=2/2 status=200 0.429s url=https://www.myfonts.com/products/regular-marie-costa-1186739
[2026-07-30T08:54:06Z] #810 attempt=1/2 status=200 0.350s url=https://www.myfonts.com/collections/marie-costa-font-sensatype-studio/
[2026-07-30T08:54:06Z] #811 attempt=1/2 status=200 0.276s url=https://www.myfonts.com/products/regular-little-magnolia-1186628
[2026-07-30T08:54:07Z] #812 attempt=1/2 status=200 0.337s url=https://www.myfonts.com/collections/little-magnolia-font-jinan-studio/
[2026-07-30T08:54:07Z] #813 attempt=1/2 status=200 0.316s url=https://www.myfonts.com/products/regular-napeyda-1187489
[2026-07-30T08:54:08Z] #814 attempt=1/2 status=200 0.342s url=https://www.myfonts.com/collections/napeyda-font-si47ash-fonts/
[2026-07-30T08:54:08Z] #815 attempt=1/2 status=429 0.016s url=https://www.myfonts.com/products/regular-kubora-1186701
[2026-07-30T08:54:11Z] #816 attempt=2/2 status=200 0.359s url=https://www.myfonts.com/products/regular-kubora-1186701
[2026-07-30T08:54:11Z] #817 attempt=1/2 status=200 0.261s url=https://www.myfonts.com/collections/kubora-font-nian-keun-studio/
[2026-07-30T08:54:12Z] #818 attempt=1/2 status=200 0.296s url=https://www.myfonts.com/products/regular-id-clarwe-mono-1187730
[2026-07-30T08:54:12Z] #819 attempt=1/2 status=200 0.315s url=https://www.myfonts.com/collections/id-clarwe-mono-font-izouuss-design/
[2026-07-30T08:54:13Z] #820 attempt=1/2 status=200 0.282s url=https://www.myfonts.com/products/regular-gulatin-1187728
[2026-07-30T08:54:13Z] #821 attempt=1/2 status=429 0.018s url=https://www.myfonts.com/collections/gulatin-font-jaruka-creative/
[2026-07-30T08:54:16Z] #822 attempt=2/2 status=200 0.412s url=https://www.myfonts.com/collections/gulatin-font-jaruka-creative/
[2026-07-30T08:54:16Z] #823 attempt=1/2 status=200 0.304s url=https://www.myfonts.com/products/regular-renyah-1187507
[2026-07-30T08:54:17Z] #824 attempt=1/2 status=200 0.324s url=https://www.myfonts.com/collections/renyah-font-letternesia-studio/
[2026-07-30T08:54:18Z] #825 attempt=1/2 status=200 0.300s url=https://www.myfonts.com/products/regular-new-states-1186738
[2026-07-30T08:54:18Z] #826 attempt=1/2 status=200 0.278s url=https://www.myfonts.com/collections/new-states-font-sensatype-studio/
[2026-07-30T08:54:18Z] #827 attempt=1/2 status=429 0.025s url=https://www.myfonts.com/products/regular-blandford-1187698
[2026-07-30T08:54:21Z] #828 attempt=2/2 status=200 0.323s url=https://www.myfonts.com/products/regular-blandford-1187698
[2026-07-30T08:54:21Z] #829 attempt=1/2 status=200 0.275s url=https://www.myfonts.com/collections/blandford-font-alpaprana/
[2026-07-30T08:54:22Z] #830 attempt=1/2 status=200 0.300s url=https://www.myfonts.com/products/regular-marqen-1186737
[2026-07-30T08:54:22Z] #831 attempt=1/2 status=200 0.320s url=https://www.myfonts.com/collections/marqen-font-rasio-studio/
[2026-07-30T08:54:23Z] #832 attempt=1/2 status=200 0.265s url=https://www.myfonts.com/products/regular-luck-flows-1187727
[2026-07-30T08:54:23Z] #833 attempt=1/2 status=429 0.027s url=https://www.myfonts.com/collections/luck-flows-font-hanzel-space/
[2026-07-30T08:54:26Z] #834 attempt=2/2 status=200 0.354s url=https://www.myfonts.com/collections/luck-flows-font-hanzel-space/
[2026-07-30T08:54:26Z] #835 attempt=1/2 status=200 0.293s url=https://www.myfonts.com/products/regular-stockade-brush-1187726
[2026-07-30T08:54:27Z] #836 attempt=1/2 status=200 0.311s url=https://www.myfonts.com/collections/stockade-brush-font-pointlab/
[2026-07-30T08:54:28Z] #837 attempt=1/2 status=200 0.286s url=https://www.myfonts.com/products/regular-jotari-1187549
[2026-07-30T08:54:28Z] #838 attempt=1/2 status=200 0.320s url=https://www.myfonts.com/collections/jotari-font-morisco-studio/
[2026-07-30T08:54:28Z] #839 attempt=1/2 status=429 0.022s url=https://www.myfonts.com/products/regular-nishwary-1186736
[2026-07-30T08:54:31Z] #840 attempt=2/2 status=200 0.307s url=https://www.myfonts.com/products/regular-nishwary-1186736
[2026-07-30T08:54:31Z] #841 attempt=1/2 status=200 0.297s url=https://www.myfonts.com/collections/nishwary-font-flawlessandco/
[2026-07-30T08:54:33Z] #842 attempt=1/6 status=200 0.866s url=https://www.myfonts.com/products.json?limit=100&page=23
[2026-07-30T08:54:33Z] #843 attempt=1/2 status=200 0.344s url=https://www.myfonts.com/products/regular-morthin-1187725
[2026-07-30T08:54:34Z] #844 attempt=1/2 status=200 0.327s url=https://www.myfonts.com/collections/morthin-font-hanzel-space/
[2026-07-30T08:54:34Z] #845 attempt=1/2 status=429 0.017s url=https://www.myfonts.com/products/regular-robold-1187544
[2026-07-30T08:54:37Z] #846 attempt=2/2 status=200 0.357s url=https://www.myfonts.com/products/regular-robold-1187544
[2026-07-30T08:54:37Z] #847 attempt=1/2 status=200 0.332s url=https://www.myfonts.com/collections/robold-font-limitype/
[2026-07-30T08:54:38Z] #848 attempt=1/2 status=200 0.292s url=https://www.myfonts.com/products/regular-brivele-1186008
[2026-07-30T08:54:39Z] #849 attempt=1/2 status=200 0.323s url=https://www.myfonts.com/collections/brivele-font-only-fonts/
[2026-07-30T08:54:39Z] #850 attempt=1/2 status=200 0.332s url=https://www.myfonts.com/products/regular-yorkshinga-1186004
[2026-07-30T08:54:39Z] #851 attempt=1/2 status=429 0.030s url=https://www.myfonts.com/collections/yorkshinga-font-syafbe/
[2026-07-30T08:54:42Z] #852 attempt=2/2 status=200 0.416s url=https://www.myfonts.com/collections/yorkshinga-font-syafbe/
[2026-07-30T08:54:43Z] #853 attempt=1/2 status=200 0.322s url=https://www.myfonts.com/products/regular-abrahams-1187543
[2026-07-30T08:54:43Z] #854 attempt=1/2 status=200 0.358s url=https://www.myfonts.com/collections/abrahams-font-zeptonn/
[2026-07-30T08:54:44Z] #855 attempt=1/2 status=200 0.272s url=https://www.myfonts.com/products/regular-autumn-daydream-1187503
[2026-07-30T08:54:44Z] #856 attempt=1/2 status=200 0.311s url=https://www.myfonts.com/collections/autumn-daydream-font-bluestype-studio/
[2026-07-30T08:54:45Z] #857 attempt=1/2 status=200 0.335s url=https://www.myfonts.com/products/regular-glickow-1187724
[2026-07-30T08:54:45Z] #858 attempt=1/2 status=429 0.020s url=https://www.myfonts.com/collections/glickow-font-hanzel-space/
[2026-07-30T08:54:48Z] #859 attempt=2/2 status=200 0.449s url=https://www.myfonts.com/collections/glickow-font-hanzel-space/
[2026-07-30T08:54:49Z] #860 attempt=1/2 status=200 0.322s url=https://www.myfonts.com/products/regular-heavitas-1187237
[2026-07-30T08:54:49Z] #861 attempt=1/2 status=200 0.315s url=https://www.myfonts.com/collections/heavitas-font-deepak-dogra/
[2026-07-30T08:54:50Z] #862 attempt=1/2 status=200 0.330s url=https://www.myfonts.com/products/regular-secret-pixelated-1187596
[2026-07-30T08:54:50Z] #863 attempt=1/2 status=200 0.362s url=https://www.myfonts.com/collections/secret-pixelated-font-tini-fitriani/
[2026-07-30T08:54:51Z] #864 attempt=1/2 status=200 0.358s url=https://www.myfonts.com/products/regular-id-fofley-1187723
[2026-07-30T08:54:51Z] #865 attempt=1/2 status=429 0.033s url=https://www.myfonts.com/collections/id-fofley-font-izouuss-design/
[2026-07-30T08:54:54Z] #866 attempt=2/2 status=200 0.405s url=https://www.myfonts.com/collections/id-fofley-font-izouuss-design/
[2026-07-30T08:54:54Z] #867 attempt=1/2 status=200 0.288s url=https://www.myfonts.com/products/regular-roolie-1186003
[2026-07-30T08:54:55Z] #868 attempt=1/2 status=200 0.396s url=https://www.myfonts.com/collections/roolie-font-flavortype/
[2026-07-30T08:54:56Z] #869 attempt=1/2 status=200 0.299s url=https://www.myfonts.com/products/regular-neon-lamp-1186692
[2026-07-30T08:54:56Z] #870 attempt=1/2 status=200 0.348s url=https://www.myfonts.com/collections/neon-lamp-font-sensatype-studio/
[2026-07-30T08:54:58Z] #871 attempt=1/6 status=200 0.963s url=https://www.myfonts.com/products.json?limit=100&page=24
[2026-07-30T08:54:58Z] #872 attempt=1/2 status=200 0.300s url=https://www.myfonts.com/products/regular-word-craft-1187499
[2026-07-30T08:54:59Z] #873 attempt=1/2 status=200 0.319s url=https://www.myfonts.com/collections/word-craft-font-tini-fitriani/
[2026-07-30T08:54:59Z] #874 attempt=1/2 status=429 0.017s url=https://www.myfonts.com/products/regular-chandira-1186615
[2026-07-30T08:55:02Z] #875 attempt=2/2 status=200 0.352s url=https://www.myfonts.com/products/regular-chandira-1186615
[2026-07-30T08:55:02Z] #876 attempt=1/2 status=200 0.300s url=https://www.myfonts.com/collections/chandira-font-flawlessandco/
[2026-07-30T08:55:02Z] #877 attempt=1/2 status=429 0.017s url=https://www.myfonts.com/products/regular-bulking-1186691
[2026-07-30T08:55:05Z] #878 attempt=2/2 status=200 0.377s url=https://www.myfonts.com/products/regular-bulking-1186691
[2026-07-30T08:55:06Z] #879 attempt=1/2 status=200 0.330s url=https://www.myfonts.com/collections/bulking-font-sensatype-studio/
[2026-07-30T08:55:06Z] #880 attempt=1/2 status=200 0.343s url=https://www.myfonts.com/products/regular-gejiro-brush-1186690
[2026-07-30T08:55:07Z] #881 attempt=1/2 status=200 0.281s url=https://www.myfonts.com/collections/gejiro-brush-font-illushvara/
[2026-07-30T08:55:07Z] #882 attempt=1/2 status=200 0.325s url=https://www.myfonts.com/products/regular-miksture-1187226
[2026-07-30T08:55:08Z] #883 attempt=1/2 status=200 0.309s url=https://www.myfonts.com/collections/miksture-font-imoodev/
[2026-07-30T08:55:08Z] #884 attempt=1/2 status=429 0.020s url=https://www.myfonts.com/products/heavy-rfx-doody-1187495
[2026-07-30T08:55:11Z] #885 attempt=2/2 status=200 0.318s url=https://www.myfonts.com/products/heavy-rfx-doody-1187495
[2026-07-30T08:55:11Z] #886 attempt=1/2 status=200 0.266s url=https://www.myfonts.com/collections/rfx-doody-font-xaver-design-studio/
[2026-07-30T08:55:13Z] #887 attempt=1/6 status=200 0.855s url=https://www.myfonts.com/products.json?limit=100&page=25
[2026-07-30T08:55:13Z] #888 attempt=1/2 status=200 0.284s url=https://www.myfonts.com/products/regular-qalistine-signature-1187714
[2026-07-30T08:55:14Z] #889 attempt=1/2 status=200 0.341s url=https://www.myfonts.com/collections/qalistine-signature-font-pointlab/
[2026-07-30T08:55:14Z] #890 attempt=1/2 status=200 0.297s url=https://www.myfonts.com/products/regular-bunfolk-bold-1187588
[2026-07-30T08:55:15Z] #891 attempt=1/2 status=200 0.304s url=https://www.myfonts.com/collections/bunfolk-bold-font-maghrib-type/
[2026-07-30T08:55:15Z] #892 attempt=1/2 status=429 0.017s url=https://www.myfonts.com/products/regular-the-last-shuriken-rough-1187491
[2026-07-30T08:55:18Z] #893 attempt=2/2 status=200 0.332s url=https://www.myfonts.com/products/regular-the-last-shuriken-rough-1187491
[2026-07-30T08:55:18Z] #894 attempt=1/2 status=200 0.324s url=https://www.myfonts.com/collections/the-last-shuriken-rough-font-arterfak-project/
[2026-07-30T08:55:19Z] #895 attempt=1/2 status=200 0.341s url=https://www.myfonts.com/products/regular-bladesey-1187219
[2026-07-30T08:55:20Z] #896 attempt=1/2 status=200 0.327s url=https://www.myfonts.com/collections/bladesey-font-yeen-studio/
[2026-07-30T08:55:20Z] #897 attempt=1/2 status=200 0.303s url=https://www.myfonts.com/products/regular-vintacia-1186602
[2026-07-30T08:55:20Z] #898 attempt=1/2 status=429 0.028s url=https://www.myfonts.com/collections/vintacia-font-habitype/
[2026-07-30T08:55:23Z] #899 attempt=2/2 status=200 0.372s url=https://www.myfonts.com/collections/vintacia-font-habitype/
[2026-07-30T08:55:23Z] summary releases=45 first_429=(90, 'https://www.myfonts.com/collections/febriana-font-shape-studio/?tab=techSpecs', 0.029194355010986328) log_file=state/myfonts_run_20260730_084137.log
[2026-07-30T08:55:23Z] === MyFonts crawl end ===
