[2026-06-11T10:52:10Z] checkpoint fresh next_page=1 path=state/myfonts_crawl_checkpoint.json
[2026-06-11T10:52:10Z] === MyFonts crawl start source=myfonts ===
[2026-06-11T10:52:10Z] config max_pages=25 page_size=100 start_date=2026-06-10 end_date=2026-06-11 api_delay=0.5s detail_delay=0.2s max_debut_checks=400 max_tech_specs_checks=200 reuse_success_profile=False always_enrich_packages=True language_script_signal_mode=strong force_fresh_run=False start_page=1 browser_mode=False browser_headless=True browser_storage_state_path=state/myfonts_storage_state.json
[2026-06-11T10:52:12Z] #1 attempt=1/6 status=200 1.072s url=https://www.myfonts.com/products.json?limit=100&page=1
[2026-06-11T10:52:12Z] #2 attempt=1/2 status=200 0.493s url=https://www.myfonts.com/products/bold-slanted-aukim-ii-distort-1167064
[2026-06-11T10:52:13Z] #3 attempt=1/2 status=200 0.425s url=https://www.myfonts.com/collections/aukim-ii-distort-font-aukimvisuel/
[2026-06-11T10:52:13Z] #4 attempt=1/2 status=200 0.266s url=https://www.myfonts.com/collections/aukim-ii-distort-font-aukimvisuel/?tab=techSpecs
[2026-06-11T10:52:14Z] #5 attempt=1/2 status=200 0.282s url=https://www.myfonts.com/collections/aukim-ii-distort-font-aukimvisuel/
[2026-06-11T10:52:14Z] #6 attempt=1/2 status=404 0.354s url=https://www.myfonts.com/collections/bold-slanted-aukim-ii-distort-1167064-font-aukimvisuel
[2026-06-11T10:52:15Z] #7 attempt=1/2 status=404 0.232s url=https://www.myfonts.com/products/smooth-bold-the-rokvella-1167511
[2026-06-11T10:52:15Z] #8 attempt=1/2 status=404 0.220s url=https://www.myfonts.com/collections/smooth-bold-the-rokvella-1167511-font-slex-studio
[2026-06-11T10:52:16Z] #9 attempt=1/2 status=200 0.453s url=https://www.myfonts.com/products/regular-shree-bangali-6131-1167272
[2026-06-11T10:52:17Z] #10 attempt=1/2 status=200 0.413s url=https://www.myfonts.com/collections/shree-bangali-6131-font-modularinfotech/
[2026-06-11T10:52:17Z] #11 attempt=1/2 status=200 0.160s url=https://www.myfonts.com/collections/shree-bangali-6131-font-modularinfotech/?tab=techSpecs
[2026-06-11T10:52:18Z] #12 attempt=1/2 status=200 0.329s url=https://www.myfonts.com/products/italic-shree-bangali-5109-1167256
[2026-06-11T10:52:19Z] #13 attempt=1/2 status=200 0.337s url=https://www.myfonts.com/collections/shree-bangali-5109-font-modularinfotech/
[2026-06-11T10:52:20Z] #14 attempt=1/2 status=200 0.398s url=https://www.myfonts.com/collections/shree-bangali-5109-font-modularinfotech/?tab=techSpecs
[2026-06-11T10:52:21Z] #15 attempt=1/2 status=200 0.283s url=https://www.myfonts.com/collections/shree-bangali-5109-font-modularinfotech/
[2026-06-11T10:52:21Z] #16 attempt=1/2 status=200 0.389s url=https://www.myfonts.com/products/bold-shree-bangali-0580-1167263
[2026-06-11T10:52:22Z] #17 attempt=1/2 status=200 0.285s url=https://www.myfonts.com/collections/shree-bangali-0580-font-modularinfotech/
[2026-06-11T10:52:22Z] #18 attempt=1/2 status=200 0.149s url=https://www.myfonts.com/collections/shree-bangali-0580-font-modularinfotech/?tab=techSpecs
[2026-06-11T10:52:23Z] #19 attempt=1/2 status=200 0.297s url=https://www.myfonts.com/collections/shree-bangali-0580-font-modularinfotech/
[2026-06-11T10:52:24Z] #20 attempt=1/2 status=200 0.480s url=https://www.myfonts.com/products/italic-shree-bangali-0590-1167238
[2026-06-11T10:52:25Z] #21 attempt=1/2 status=200 0.303s url=https://www.myfonts.com/collections/shree-bangali-0590-font-modularinfotech/
[2026-06-11T10:52:25Z] #22 attempt=1/2 status=200 0.143s url=https://www.myfonts.com/collections/shree-bangali-0590-font-modularinfotech/?tab=techSpecs
[2026-06-11T10:52:26Z] #23 attempt=1/2 status=200 0.132s url=https://www.myfonts.com/collections/shree-bangali-0590-font-modularinfotech/
[2026-06-11T10:52:27Z] #24 attempt=1/2 status=200 0.356s url=https://www.myfonts.com/products/italic-shree-bangali-0568-1167241
[2026-06-11T10:52:27Z] #25 attempt=1/2 status=200 0.359s url=https://www.myfonts.com/collections/shree-bangali-0568-font-modularinfotech/
[2026-06-11T10:52:28Z] #26 attempt=1/2 status=200 0.474s url=https://www.myfonts.com/collections/shree-bangali-0568-font-modularinfotech/?tab=techSpecs
[2026-06-11T10:52:29Z] #27 attempt=1/2 status=200 0.187s url=https://www.myfonts.com/collections/shree-bangali-0568-font-modularinfotech/
[2026-06-11T10:52:30Z] #28 attempt=1/2 status=200 0.404s url=https://www.myfonts.com/products/regular-dark-nexis-1167483
[2026-06-11T10:52:30Z] #29 attempt=1/2 status=200 0.290s url=https://www.myfonts.com/collections/dark-nexis-font-erifqizefont/
[2026-06-11T10:52:31Z] #30 attempt=1/2 status=200 0.255s url=https://www.myfonts.com/collections/dark-nexis-font-erifqizefont/?tab=techSpecs
[2026-06-11T10:52:31Z] #31 attempt=1/2 status=200 0.137s url=https://www.myfonts.com/collections/dark-nexis-font-erifqizefont/
[2026-06-11T10:52:32Z] #32 attempt=1/2 status=404 0.332s url=https://www.myfonts.com/collections/regular-dark-nexis-1167483-font-erifqizefont
[2026-06-11T10:52:33Z] #33 attempt=1/2 status=200 0.742s url=https://www.myfonts.com/products/bold-italic-shree-bangali-1549-1167229
[2026-06-11T10:52:34Z] #34 attempt=1/2 status=200 0.631s url=https://www.myfonts.com/collections/shree-bangali-1549-font-modularinfotech/
[2026-06-11T10:52:35Z] #35 attempt=1/2 status=200 0.744s url=https://www.myfonts.com/collections/shree-bangali-1549-font-modularinfotech/?tab=techSpecs
[2026-06-11T10:52:36Z] #36 attempt=1/2 status=200 0.195s url=https://www.myfonts.com/collections/shree-bangali-1549-font-modularinfotech/
[2026-06-11T10:52:36Z] #37 attempt=1/2 status=200 0.660s url=https://www.myfonts.com/products/booster-soft-variable-medium-booster-variable-1163692
[2026-06-11T10:52:37Z] #38 attempt=1/2 status=200 0.453s url=https://www.myfonts.com/collections/booster-variable-font-blaze-type/
[2026-06-11T10:52:38Z] #39 attempt=1/2 status=200 0.183s url=https://www.myfonts.com/collections/booster-variable-font-blaze-type/?tab=techSpecs
[2026-06-11T10:52:39Z] #40 attempt=1/2 status=200 0.625s url=https://www.myfonts.com/products/extra-bold-italic-foermality-condensed-1133865
[2026-06-11T10:52:40Z] #41 attempt=1/2 status=200 0.572s url=https://www.myfonts.com/collections/foermality-condensed-font-laroyba-type/
[2026-06-11T10:52:40Z] #42 attempt=1/2 status=200 0.176s url=https://www.myfonts.com/collections/foermality-condensed-font-laroyba-type/?tab=techSpecs
[2026-06-11T10:52:42Z] #43 attempt=1/2 status=200 0.510s url=https://www.myfonts.com/products/bold-mecha-core-1167190
[2026-06-11T10:52:42Z] #44 attempt=1/2 status=200 0.284s url=https://www.myfonts.com/collections/mecha-core-font-mei-suseno/
[2026-06-11T10:52:43Z] #45 attempt=1/2 status=200 0.312s url=https://www.myfonts.com/collections/mecha-core-font-mei-suseno/?tab=techSpecs
[2026-06-11T10:52:43Z] #46 attempt=1/2 status=200 0.148s url=https://www.myfonts.com/collections/mecha-core-font-mei-suseno/
[2026-06-11T10:52:44Z] #47 attempt=1/2 status=404 0.192s url=https://www.myfonts.com/collections/bold-mecha-core-1167190-font-mei-suseno
[2026-06-11T10:52:44Z] #48 attempt=1/2 status=200 0.436s url=https://www.myfonts.com/products/regular-nicholas-sandero-1167487
[2026-06-11T10:52:45Z] #49 attempt=1/2 status=200 0.322s url=https://www.myfonts.com/collections/nicholas-sandero-font-sixtype-foundry/
[2026-06-11T10:52:46Z] #50 attempt=1/2 status=200 0.405s url=https://www.myfonts.com/collections/nicholas-sandero-font-sixtype-foundry/?tab=techSpecs
[2026-06-11T10:52:46Z] #51 attempt=1/2 status=200 0.274s url=https://www.myfonts.com/collections/nicholas-sandero-font-sixtype-foundry/
[2026-06-11T10:52:47Z] #52 attempt=1/2 status=404 0.212s url=https://www.myfonts.com/collections/regular-nicholas-sandero-1167487-font-sixtype-foundry
[2026-06-11T10:52:47Z] #53 attempt=1/2 status=200 0.385s url=https://www.myfonts.com/products/bold-shree-bangali-0598-1167288
[2026-06-11T10:52:48Z] #54 attempt=1/2 status=200 0.937s url=https://www.myfonts.com/collections/shree-bangali-0598-font-modularinfotech/
[2026-06-11T10:52:49Z] #55 attempt=1/2 status=200 0.570s url=https://www.myfonts.com/collections/shree-bangali-0598-font-modularinfotech/?tab=techSpecs
[2026-06-11T10:52:50Z] #56 attempt=1/2 status=200 0.587s url=https://www.myfonts.com/products/medium-ital-shree-bangali-0574-1167303
[2026-06-11T10:52:51Z] #57 attempt=1/2 status=200 0.577s url=https://www.myfonts.com/collections/shree-bangali-0574-font-modularinfotech/
[2026-06-11T10:52:52Z] #58 attempt=1/2 status=200 0.189s url=https://www.myfonts.com/collections/shree-bangali-0574-font-modularinfotech/?tab=techSpecs
[2026-06-11T10:52:53Z] #59 attempt=1/2 status=200 0.468s url=https://www.myfonts.com/products/bold-italic-shree-bangali-5104-1167278
[2026-06-11T10:52:54Z] #60 attempt=1/2 status=200 0.587s url=https://www.myfonts.com/collections/shree-bangali-5104-font-modularinfotech/
[2026-06-11T10:52:54Z] #61 attempt=1/2 status=429 0.040s url=https://www.myfonts.com/collections/shree-bangali-5104-font-modularinfotech/?tab=techSpecs
[2026-06-11T10:52:54Z] first_429 req=61 url=https://www.myfonts.com/collections/shree-bangali-5104-font-modularinfotech/?tab=techSpecs
[2026-06-11T10:52:56Z] #62 attempt=2/2 status=429 0.075s url=https://www.myfonts.com/collections/shree-bangali-5104-font-modularinfotech/?tab=techSpecs
[2026-06-11T10:53:01Z] max_retries_exhausted url=https://www.myfonts.com/collections/shree-bangali-5104-font-modularinfotech/
[2026-06-11T10:53:02Z] #63 attempt=1/2 status=200 0.532s url=https://www.myfonts.com/collections/shree-bangali-5104-font-modularinfotech/
[2026-06-11T10:53:03Z] #64 attempt=1/2 status=200 0.350s url=https://www.myfonts.com/products/oblique-outr-1167548
[2026-06-11T10:53:04Z] #65 attempt=1/2 status=200 0.459s url=https://www.myfonts.com/collections/outr-font-outerend/
[2026-06-11T10:53:04Z] #66 attempt=1/2 status=200 0.382s url=https://www.myfonts.com/products/regular-shree-bangali-5116-1167249
[2026-06-11T10:53:05Z] #67 attempt=1/2 status=200 0.391s url=https://www.myfonts.com/collections/shree-bangali-5116-font-modularinfotech/
[2026-06-11T10:53:06Z] #68 attempt=1/2 status=200 0.407s url=https://www.myfonts.com/collections/shree-bangali-5116-font-modularinfotech/
[2026-06-11T10:53:06Z] #69 attempt=1/2 status=200 0.460s url=https://www.myfonts.com/products/italic-shree-bangali-0570-1167232
[2026-06-11T10:53:07Z] #70 attempt=1/2 status=200 0.657s url=https://www.myfonts.com/collections/shree-bangali-0570-font-modularinfotech/
[2026-06-11T10:53:08Z] #71 attempt=1/2 status=200 0.303s url=https://www.myfonts.com/collections/shree-bangali-0570-font-modularinfotech/
[2026-06-11T10:53:08Z] #72 attempt=1/2 status=429 0.058s url=https://www.myfonts.com/products/italic-shree-bangali-5102-1167253
[2026-06-11T10:53:11Z] #73 attempt=2/2 status=200 0.676s url=https://www.myfonts.com/products/italic-shree-bangali-5102-1167253
[2026-06-11T10:53:12Z] #74 attempt=1/2 status=200 0.478s url=https://www.myfonts.com/collections/shree-bangali-5102-font-modularinfotech/
[2026-06-11T10:53:12Z] #75 attempt=1/2 status=200 0.152s url=https://www.myfonts.com/collections/shree-bangali-5102-font-modularinfotech/
[2026-06-11T10:53:13Z] #76 attempt=1/2 status=200 0.347s url=https://www.myfonts.com/products/italic-shree-bangali-1560-1167235
[2026-06-11T10:53:14Z] #77 attempt=1/2 status=200 1.173s url=https://www.myfonts.com/collections/shree-bangali-1560-font-modularinfotech/
[2026-06-11T10:53:15Z] #78 attempt=1/2 status=200 0.434s url=https://www.myfonts.com/collections/shree-bangali-1560-font-modularinfotech/
[2026-06-11T10:53:16Z] #79 attempt=1/2 status=200 0.390s url=https://www.myfonts.com/products/light-italic-shree-bangali-0560-1167218
[2026-06-11T10:53:16Z] #80 attempt=1/2 status=200 0.342s url=https://www.myfonts.com/collections/shree-bangali-0560-font-modularinfotech/
[2026-06-11T10:53:17Z] #81 attempt=1/2 status=200 0.214s url=https://www.myfonts.com/collections/shree-bangali-0560-font-modularinfotech/
[2026-06-11T10:53:17Z] #82 attempt=1/2 status=429 0.052s url=https://www.myfonts.com/collections/light-italic-shree-bangali-0560-1167218-font-modular-infotech
[2026-06-11T10:53:20Z] #83 attempt=2/2 status=404 0.314s url=https://www.myfonts.com/collections/light-italic-shree-bangali-0560-1167218-font-modular-infotech
[2026-06-11T10:53:21Z] #84 attempt=1/6 status=200 0.616s url=https://www.myfonts.com/products.json?limit=100&page=2
[2026-06-11T10:53:21Z] #85 attempt=1/2 status=200 0.367s url=https://www.myfonts.com/products/italic-shree-bangali-1557-1167244
[2026-06-11T10:53:22Z] #86 attempt=1/2 status=200 0.578s url=https://www.myfonts.com/collections/shree-bangali-1557-font-modularinfotech/
[2026-06-11T10:53:23Z] #87 attempt=1/2 status=200 0.495s url=https://www.myfonts.com/collections/shree-bangali-1557-font-modularinfotech/
[2026-06-11T10:53:24Z] #88 attempt=1/2 status=200 0.298s url=https://www.myfonts.com/products/regular-shree-bangali-5110-1167307
[2026-06-11T10:53:24Z] #89 attempt=1/2 status=200 0.264s url=https://www.myfonts.com/collections/shree-bangali-5110-font-modularinfotech/
[2026-06-11T10:53:25Z] #90 attempt=1/2 status=200 0.183s url=https://www.myfonts.com/collections/shree-bangali-5110-font-modularinfotech/
[2026-06-11T10:53:25Z] #91 attempt=1/2 status=429 0.029s url=https://www.myfonts.com/products/italic-shree-bangali-5108-1167270
[2026-06-11T10:53:28Z] #92 attempt=2/2 status=200 0.569s url=https://www.myfonts.com/products/italic-shree-bangali-5108-1167270
[2026-06-11T10:53:28Z] #93 attempt=1/2 status=200 0.291s url=https://www.myfonts.com/collections/shree-bangali-5108-font-modularinfotech/
[2026-06-11T10:53:29Z] #94 attempt=1/2 status=200 0.432s url=https://www.myfonts.com/collections/shree-bangali-5108-font-modularinfotech/
[2026-06-11T10:53:30Z] #95 attempt=1/2 status=200 0.411s url=https://www.myfonts.com/products/regular-launch-crack-1167485
[2026-06-11T10:53:30Z] #96 attempt=1/2 status=200 0.565s url=https://www.myfonts.com/collections/launch-crack-font-nh-typestudio/
[2026-06-11T10:53:31Z] #97 attempt=1/2 status=200 0.371s url=https://www.myfonts.com/collections/launch-crack-font-nh-typestudio/
[2026-06-11T10:53:31Z] #98 attempt=1/2 status=429 0.034s url=https://www.myfonts.com/collections/regular-launch-crack-1167485-font-nh-typestudio
[2026-06-11T10:53:34Z] #99 attempt=2/2 status=404 0.258s url=https://www.myfonts.com/collections/regular-launch-crack-1167485-font-nh-typestudio
[2026-06-11T10:53:34Z] #100 attempt=1/2 status=200 0.433s url=https://www.myfonts.com/products/italic-shree-bangali-5119-1167194
[2026-06-11T10:53:35Z] #101 attempt=1/2 status=200 0.326s url=https://www.myfonts.com/collections/shree-bangali-5119-font-modularinfotech/
[2026-06-11T10:53:36Z] #102 attempt=1/2 status=200 0.434s url=https://www.myfonts.com/collections/shree-bangali-5119-font-modularinfotech/
[2026-06-11T10:53:36Z] #103 attempt=1/2 status=200 0.413s url=https://www.myfonts.com/products/italic-shree-bangali-1504-1167259
[2026-06-11T10:53:37Z] #104 attempt=1/2 status=200 0.642s url=https://www.myfonts.com/collections/shree-bangali-1504-font-modularinfotech/
[2026-06-11T10:53:38Z] #105 attempt=1/2 status=200 0.185s url=https://www.myfonts.com/collections/shree-bangali-1504-font-modularinfotech/
[2026-06-11T10:53:38Z] #106 attempt=1/2 status=429 0.028s url=https://www.myfonts.com/products/regular-pebbly-happy-1167484
[2026-06-11T10:53:41Z] #107 attempt=2/2 status=200 0.446s url=https://www.myfonts.com/products/regular-pebbly-happy-1167484
[2026-06-11T10:53:41Z] #108 attempt=1/2 status=200 0.256s url=https://www.myfonts.com/collections/pebbly-happy-font-nh-typestudio/
[2026-06-11T10:53:42Z] #109 attempt=1/2 status=200 0.178s url=https://www.myfonts.com/collections/pebbly-happy-font-nh-typestudio/
[2026-06-11T10:53:42Z] #110 attempt=1/2 status=404 0.246s url=https://www.myfonts.com/collections/regular-pebbly-happy-1167484-font-nh-typestudio
[2026-06-11T10:53:42Z] #111 attempt=1/2 status=429 0.031s url=https://www.myfonts.com/products/italic-shree-bangali-1502-1167311
[2026-06-11T10:53:45Z] #112 attempt=2/2 status=200 0.419s url=https://www.myfonts.com/products/italic-shree-bangali-1502-1167311
[2026-06-11T10:53:46Z] #113 attempt=1/2 status=200 0.570s url=https://www.myfonts.com/collections/shree-bangali-1502-font-modularinfotech/
[2026-06-11T10:53:46Z] #114 attempt=1/2 status=200 0.150s url=https://www.myfonts.com/collections/shree-bangali-1502-font-modularinfotech/
[2026-06-11T10:53:47Z] #115 attempt=1/2 status=200 0.300s url=https://www.myfonts.com/products/regular-shree-bangali-1561-1167208
[2026-06-11T10:53:48Z] #116 attempt=1/2 status=200 0.541s url=https://www.myfonts.com/collections/shree-bangali-1561-font-modularinfotech/
[2026-06-11T10:53:48Z] #117 attempt=1/2 status=200 0.191s url=https://www.myfonts.com/collections/shree-bangali-1561-font-modularinfotech/
[2026-06-11T10:53:48Z] #118 attempt=1/2 status=429 0.029s url=https://www.myfonts.com/products/regular-edlahk-1167535
[2026-06-11T10:53:51Z] #119 attempt=2/2 status=200 0.395s url=https://www.myfonts.com/products/regular-edlahk-1167535
[2026-06-11T10:53:51Z] #120 attempt=1/2 status=200 0.257s url=https://www.myfonts.com/collections/edlahk-font-hasnat-studio/
[2026-06-11T10:53:52Z] #121 attempt=1/2 status=200 0.148s url=https://www.myfonts.com/collections/edlahk-font-hasnat-studio/
[2026-06-11T10:53:52Z] #122 attempt=1/2 status=404 0.233s url=https://www.myfonts.com/collections/regular-edlahk-1167535-font-hasnat-studio
[2026-06-11T10:53:53Z] #123 attempt=1/2 status=200 0.610s url=https://www.myfonts.com/products/italic-shree-bangali-0566-1167224
[2026-06-11T10:53:53Z] #124 attempt=1/2 status=429 0.037s url=https://www.myfonts.com/collections/shree-bangali-0566-font-modularinfotech/
[2026-06-11T10:53:56Z] #125 attempt=2/2 status=200 0.517s url=https://www.myfonts.com/collections/shree-bangali-0566-font-modularinfotech/
[2026-06-11T10:53:57Z] #126 attempt=1/2 status=200 0.403s url=https://www.myfonts.com/collections/shree-bangali-0566-font-modularinfotech/
[2026-06-11T10:53:58Z] #127 attempt=1/2 status=200 0.431s url=https://www.myfonts.com/products/regular-shree-bangali-5126-1167202
[2026-06-11T10:53:58Z] #128 attempt=1/2 status=200 0.313s url=https://www.myfonts.com/collections/shree-bangali-5126-font-modularinfotech/
[2026-06-11T10:53:59Z] #129 attempt=1/2 status=200 0.293s url=https://www.myfonts.com/collections/shree-bangali-5126-font-modularinfotech/
[2026-06-11T10:53:59Z] #130 attempt=1/2 status=200 0.372s url=https://www.myfonts.com/products/regular-shree-bangali-1567-1167266
[2026-06-11T10:54:00Z] #131 attempt=1/2 status=200 0.410s url=https://www.myfonts.com/collections/shree-bangali-1567-font-modularinfotech/
[2026-06-11T10:54:00Z] #132 attempt=1/2 status=429 0.030s url=https://www.myfonts.com/collections/shree-bangali-1567-font-modularinfotech/
[2026-06-11T10:54:03Z] #133 attempt=2/2 status=200 0.711s url=https://www.myfonts.com/collections/shree-bangali-1567-font-modularinfotech/
[2026-06-11T10:54:04Z] #134 attempt=1/2 status=200 0.423s url=https://www.myfonts.com/products/italic-shree-bangali-1528-1167247
[2026-06-11T10:54:05Z] #135 attempt=1/2 status=200 0.441s url=https://www.myfonts.com/collections/shree-bangali-1528-font-modularinfotech/
[2026-06-11T10:54:05Z] #136 attempt=1/2 status=200 0.407s url=https://www.myfonts.com/collections/shree-bangali-1528-font-modularinfotech/
[2026-06-11T10:54:06Z] #137 attempt=1/2 status=200 0.420s url=https://www.myfonts.com/products/italic-shree-bangali-1579-1167197
[2026-06-11T10:54:07Z] #138 attempt=1/2 status=200 0.389s url=https://www.myfonts.com/collections/shree-bangali-1579-font-modularinfotech/
[2026-06-11T10:54:07Z] #139 attempt=1/2 status=200 0.158s url=https://www.myfonts.com/collections/shree-bangali-1579-font-modularinfotech/
[2026-06-11T10:54:08Z] #140 attempt=1/2 status=200 0.377s url=https://www.myfonts.com/products/regular-shree-bangali-1562-1167211
[2026-06-11T10:54:08Z] #141 attempt=1/2 status=429 0.034s url=https://www.myfonts.com/collections/shree-bangali-1562-font-modularinfotech/
[2026-06-11T10:54:11Z] #142 attempt=2/2 status=200 0.429s url=https://www.myfonts.com/collections/shree-bangali-1562-font-modularinfotech/
[2026-06-11T10:54:11Z] #143 attempt=1/2 status=200 0.134s url=https://www.myfonts.com/collections/shree-bangali-1562-font-modularinfotech/
[2026-06-11T10:54:12Z] #144 attempt=1/2 status=200 0.390s url=https://www.myfonts.com/products/italic-shree-bangali-5138-1167292
[2026-06-11T10:54:13Z] #145 attempt=1/2 status=200 0.591s url=https://www.myfonts.com/collections/shree-bangali-5138-font-modularinfotech/
[2026-06-11T10:54:14Z] #146 attempt=1/2 status=200 0.387s url=https://www.myfonts.com/products/regular-shree-bangali-5107-1167297
[2026-06-11T10:54:14Z] #147 attempt=1/2 status=200 0.545s url=https://www.myfonts.com/collections/shree-bangali-5107-font-modularinfotech/
[2026-06-11T10:54:15Z] #148 attempt=1/2 status=200 0.411s url=https://www.myfonts.com/collections/shree-bangali-5107-font-modularinfotech/
[2026-06-11T10:54:15Z] #149 attempt=1/2 status=429 0.025s url=https://www.myfonts.com/products/davina-flower-regular-davina-flower-monogram-1167538
[2026-06-11T10:54:18Z] #150 attempt=2/2 status=200 0.342s url=https://www.myfonts.com/products/davina-flower-regular-davina-flower-monogram-1167538
[2026-06-11T10:54:19Z] #151 attempt=1/2 status=200 0.359s url=https://www.myfonts.com/collections/davina-flower-monogram-font-yoga-letter/
[2026-06-11T10:54:19Z] #152 attempt=1/2 status=200 0.242s url=https://www.myfonts.com/collections/davina-flower-monogram-font-yoga-letter/
[2026-06-11T10:54:19Z] #153 attempt=1/2 status=404 0.153s url=https://www.myfonts.com/collections/davina-flower-regular-davina-flower-monogram-1167538-font-yoga-letter
[2026-06-11T10:54:21Z] #154 attempt=1/6 status=200 0.726s url=https://www.myfonts.com/products.json?limit=100&page=3
[2026-06-11T10:54:22Z] #155 attempt=1/6 status=200 0.640s url=https://www.myfonts.com/products.json?limit=100&page=4
[2026-06-11T10:54:24Z] #156 attempt=1/2 status=200 1.421s url=https://www.myfonts.com/products/hattrick-serif-package-1167186
[2026-06-11T10:54:27Z] #157 attempt=1/2 status=200 2.612s url=https://www.myfonts.com/collections/hattrick-font-without-foundry/
[2026-06-11T10:54:28Z] #158 attempt=1/2 status=200 0.296s url=https://www.myfonts.com/products/nevis-ridge-complete-family-package-1163511
[2026-06-11T10:54:29Z] #159 attempt=1/2 status=200 0.500s url=https://www.myfonts.com/collections/nevis-ridge-font-braw-type/
[2026-06-11T10:54:30Z] #160 attempt=1/2 status=200 0.813s url=https://www.myfonts.com/products/max-package-1167372
[2026-06-11T10:54:32Z] #161 attempt=1/2 status=200 1.323s url=https://www.myfonts.com/collections/beround-drift-font-nicolass-fonts/
[2026-06-11T10:54:33Z] #162 attempt=1/2 status=200 0.395s url=https://www.myfonts.com/products/kangxi-dictionary-imperial-heritage-collection-package-1167436
[2026-06-11T10:54:33Z] #163 attempt=1/2 status=404 0.185s url=https://www.myfonts.com/collections/kangxi-dictionary-imperial-heritage-collection-font-kangxizidian
[2026-06-11T10:54:34Z] #164 attempt=1/2 status=200 0.557s url=https://www.myfonts.com/products/herand-complete-family-package-1167392
[2026-06-11T10:54:34Z] #165 attempt=1/2 status=200 0.399s url=https://www.myfonts.com/collections/herand-font-letterhend/
[2026-06-11T10:54:35Z] #166 attempt=1/2 status=200 0.315s url=https://www.myfonts.com/products/sunny-scoops-complete-family-package-1167406
[2026-06-11T10:54:36Z] #167 attempt=1/2 status=200 0.520s url=https://www.myfonts.com/collections/sunny-scoops-font-aen-creative-studio/
[2026-06-11T10:54:36Z] #168 attempt=1/2 status=200 0.432s url=https://www.myfonts.com/products/broken-wasabi-complete-family-package-1167388
[2026-06-11T10:54:37Z] #169 attempt=1/2 status=200 0.542s url=https://www.myfonts.com/collections/broken-wasabi-font-stylishtype-studio/
[2026-06-11T10:54:38Z] #170 attempt=1/2 status=200 0.610s url=https://www.myfonts.com/products/wackers-complete-family-package-1167400
[2026-06-11T10:54:39Z] #171 attempt=1/2 status=200 0.634s url=https://www.myfonts.com/collections/wackers-font-font-liner/
[2026-06-11T10:54:40Z] #172 attempt=1/2 status=200 0.728s url=https://www.myfonts.com/products/gelsenkirchen-complete-family-package-1167409
[2026-06-11T10:54:41Z] #173 attempt=1/2 status=200 0.801s url=https://www.myfonts.com/collections/gelsenkirchen-font-trequartista-studio/
[2026-06-11T10:54:42Z] #174 attempt=1/2 status=200 0.340s url=https://www.myfonts.com/products/rougher-complete-family-package-1167385
[2026-06-11T10:54:42Z] #175 attempt=1/2 status=200 0.478s url=https://www.myfonts.com/collections/rougher-font-lemonthe/
[2026-06-11T10:54:43Z] #176 attempt=1/2 status=200 0.621s url=https://www.myfonts.com/products/landhuis-complete-family-package-1167376
[2026-06-11T10:54:44Z] #177 attempt=1/2 status=200 0.527s url=https://www.myfonts.com/collections/landhuis-font-nasir-udin/
[2026-06-11T10:54:46Z] #178 attempt=1/6 status=200 0.764s url=https://www.myfonts.com/products.json?limit=100&page=5
[2026-06-11T10:54:46Z] #179 attempt=1/2 status=200 0.406s url=https://www.myfonts.com/products/reqaela-complete-family-package-1167315
[2026-06-11T10:54:47Z] #180 attempt=1/2 status=200 0.583s url=https://www.myfonts.com/collections/reqaela-font-tini-fitriani/
[2026-06-11T10:54:48Z] #181 attempt=1/2 status=200 0.493s url=https://www.myfonts.com/products/super-funky-complete-family-package-1167397
[2026-06-11T10:54:49Z] #182 attempt=1/2 status=200 0.493s url=https://www.myfonts.com/collections/super-funky-font-tini-fitriani/
[2026-06-11T10:54:49Z] #183 attempt=1/2 status=200 0.468s url=https://www.myfonts.com/products/wingo-complete-family-package-1167373
[2026-06-11T10:54:50Z] #184 attempt=1/2 status=200 0.528s url=https://www.myfonts.com/collections/wingo-font-shanaf/
[2026-06-11T10:54:51Z] #185 attempt=1/2 status=200 0.954s url=https://www.myfonts.com/products/thin-italic-spanik-1166134
[2026-06-11T10:54:54Z] #186 attempt=1/2 status=200 2.121s url=https://www.myfonts.com/collections/spanik-font-typeberry/
[2026-06-11T10:54:56Z] #187 attempt=1/6 status=200 0.839s url=https://www.myfonts.com/products.json?limit=100&page=6
[2026-06-11T10:54:56Z] #188 attempt=1/2 status=200 0.338s url=https://www.myfonts.com/products/kangxizdt-regular-kangxi-dictionary-1167318
[2026-06-11T10:54:57Z] #189 attempt=1/2 status=200 0.314s url=https://www.myfonts.com/collections/kangxi-dictionary-font-kangxizidian/
[2026-06-11T10:54:57Z] #190 attempt=1/2 status=200 0.278s url=https://www.myfonts.com/products/regular-blare-1166030
[2026-06-11T10:54:58Z] #191 attempt=1/2 status=200 0.392s url=https://www.myfonts.com/collections/blare-font-jaruka-creative/
[2026-06-11T10:54:59Z] #192 attempt=1/2 status=200 0.299s url=https://www.myfonts.com/products/tharwatemara-regular-te-seravera0-1167313
[2026-06-11T10:54:59Z] #193 attempt=1/2 status=200 0.268s url=https://www.myfonts.com/collections/te-seravera0-font-tharwat-emara/
[2026-06-11T10:54:59Z] #194 attempt=1/2 status=429 0.075s url=https://www.myfonts.com/products/regular-sastoria-1166198
[2026-06-11T10:55:02Z] #195 attempt=2/2 status=200 0.343s url=https://www.myfonts.com/products/regular-sastoria-1166198
[2026-06-11T10:55:02Z] #196 attempt=1/2 status=200 0.363s url=https://www.myfonts.com/collections/sastoria-font-typoraith-co/
[2026-06-11T10:55:03Z] #197 attempt=1/2 status=200 0.298s url=https://www.myfonts.com/products/regular-blorivelle-1165983
[2026-06-11T10:55:04Z] #198 attempt=1/2 status=200 0.341s url=https://www.myfonts.com/collections/blorivelle-font-typoraith-co/
[2026-06-11T10:55:04Z] #199 attempt=1/2 status=200 0.391s url=https://www.myfonts.com/products/regular-comic-beacon-1167391
[2026-06-11T10:55:05Z] #200 attempt=1/2 status=200 0.343s url=https://www.myfonts.com/collections/comic-beacon-font-pekotype/
[2026-06-11T10:55:05Z] #201 attempt=1/2 status=429 0.036s url=https://www.myfonts.com/products/regular-live-this-everyday-1167412
[2026-06-11T10:55:08Z] #202 attempt=2/2 status=200 0.389s url=https://www.myfonts.com/products/regular-live-this-everyday-1167412
[2026-06-11T10:55:08Z] #203 attempt=1/2 status=200 0.422s url=https://www.myfonts.com/collections/live-this-everyday-font-bonjourtype/
[2026-06-11T10:55:09Z] #204 attempt=1/2 status=200 0.303s url=https://www.myfonts.com/products/regular-cammon-1167324
[2026-06-11T10:55:10Z] #205 attempt=1/2 status=200 0.298s url=https://www.myfonts.com/collections/cammon-font-epiclinez/
[2026-06-11T10:55:10Z] #206 attempt=1/2 status=200 0.408s url=https://www.myfonts.com/products/regular-mango-driver-brush-1167405
[2026-06-11T10:55:11Z] #207 attempt=1/2 status=200 0.283s url=https://www.myfonts.com/collections/mango-driver-brush-font-tebaltipis-studio/
[2026-06-11T10:55:11Z] #208 attempt=1/2 status=429 0.043s url=https://www.myfonts.com/products/regular-armour-horse-1167396
[2026-06-11T10:55:14Z] #209 attempt=2/2 status=200 0.325s url=https://www.myfonts.com/products/regular-armour-horse-1167396
[2026-06-11T10:55:15Z] #210 attempt=1/2 status=200 0.671s url=https://www.myfonts.com/collections/armour-horse-font-arterfak-project/
[2026-06-11T10:55:16Z] #211 attempt=1/6 status=200 1.151s url=https://www.myfonts.com/products.json?limit=100&page=7
[2026-06-11T10:55:17Z] #212 attempt=1/2 status=200 0.395s url=https://www.myfonts.com/products/regular-shinery-loud-1167319
[2026-06-11T10:55:17Z] #213 attempt=1/2 status=200 0.423s url=https://www.myfonts.com/collections/shinery-loud-font-alit-design/
[2026-06-11T10:55:18Z] #214 attempt=1/2 status=200 0.415s url=https://www.myfonts.com/products/regular-hisstaz-1167395
[2026-06-11T10:55:19Z] #215 attempt=1/2 status=200 0.356s url=https://www.myfonts.com/collections/hisstaz-font-hasnat-studio/
[2026-06-11T10:55:20Z] #216 attempt=1/2 status=200 0.466s url=https://www.myfonts.com/products/regular-riot-audio-1167314
[2026-06-11T10:55:20Z] #217 attempt=1/2 status=200 0.379s url=https://www.myfonts.com/collections/riot-audio-font-olivetype/
[2026-06-11T10:55:22Z] #218 attempt=1/2 status=200 1.279s url=https://www.myfonts.com/products/the-best-font-bundle-package-678903
[2026-06-11T10:55:22Z] #219 attempt=1/2 status=404 0.166s url=https://www.myfonts.com/collections/the-best-font-bundle-font-bosstypestudio
[2026-06-11T10:55:23Z] #220 attempt=1/2 status=200 0.524s url=https://www.myfonts.com/products/shree-kannada-5307-complete-family-package-1165186
[2026-06-11T10:55:23Z] #221 attempt=1/2 status=429 0.034s url=https://www.myfonts.com/collections/shree-kannada-5307-font-modularinfotech/
[2026-06-11T10:55:27Z] #222 attempt=2/2 status=200 0.957s url=https://www.myfonts.com/collections/shree-kannada-5307-font-modularinfotech/
[2026-06-11T10:55:28Z] #223 attempt=1/2 status=200 0.776s url=https://www.myfonts.com/collections/shree-kannada-5307-font-modularinfotech/
[2026-06-11T10:55:28Z] #224 attempt=1/2 status=200 0.601s url=https://www.myfonts.com/products/shree-kannada-4286-complete-family-package-1165025
[2026-06-11T10:55:29Z] #225 attempt=1/2 status=200 0.638s url=https://www.myfonts.com/collections/shree-kannada-4286-font-modularinfotech/
[2026-06-11T10:55:30Z] #226 attempt=1/2 status=200 0.151s url=https://www.myfonts.com/collections/shree-kannada-4286-font-modularinfotech/
[2026-06-11T10:55:31Z] #227 attempt=1/2 status=200 1.229s url=https://www.myfonts.com/products/nexon-complete-family-package-1164868
[2026-06-11T10:55:34Z] #228 attempt=1/2 status=200 2.203s url=https://www.myfonts.com/collections/nexon-font-slex-studio/
[2026-06-11T10:55:35Z] #229 attempt=1/2 status=200 0.677s url=https://www.myfonts.com/products/shree-kannada-4292-complete-family-package-1165265
[2026-06-11T10:55:36Z] #230 attempt=1/2 status=200 0.952s url=https://www.myfonts.com/collections/shree-kannada-4292-font-modularinfotech/
[2026-06-11T10:55:37Z] #231 attempt=1/2 status=200 0.177s url=https://www.myfonts.com/collections/shree-kannada-4292-font-modularinfotech/
[2026-06-11T10:55:38Z] #232 attempt=1/2 status=200 0.908s url=https://www.myfonts.com/products/shree-kannada-3433-complete-family-package-1165232
[2026-06-11T10:55:39Z] #233 attempt=1/2 status=200 0.741s url=https://www.myfonts.com/collections/shree-kannada-3433-font-modularinfotech/
[2026-06-11T10:55:40Z] #234 attempt=1/2 status=200 0.754s url=https://www.myfonts.com/collections/shree-kannada-3433-font-modularinfotech/
[2026-06-11T10:55:41Z] #235 attempt=1/2 status=200 0.630s url=https://www.myfonts.com/products/shree-kannada-4249-complete-family-package-1165215
[2026-06-11T10:55:42Z] #236 attempt=1/2 status=200 0.960s url=https://www.myfonts.com/collections/shree-kannada-4249-font-modularinfotech/
[2026-06-11T10:55:43Z] #237 attempt=1/2 status=200 0.724s url=https://www.myfonts.com/collections/shree-kannada-4249-font-modularinfotech/
[2026-06-11T10:55:44Z] #238 attempt=1/2 status=200 0.584s url=https://www.myfonts.com/products/yoka-complete-family-package-1165869
[2026-06-11T10:55:45Z] #239 attempt=1/2 status=200 0.711s url=https://www.myfonts.com/collections/yoka-font-bam-foundry/
[2026-06-11T10:55:45Z] #240 attempt=1/2 status=200 0.415s url=https://www.myfonts.com/products/sillyon-sans-complete-family-package-1165514
[2026-06-11T10:55:46Z] #241 attempt=1/2 status=200 0.477s url=https://www.myfonts.com/collections/sillyon-sans-font-unaki/
[2026-06-11T10:55:47Z] #242 attempt=1/2 status=200 0.518s url=https://www.myfonts.com/products/poly-office-package-1143359
[2026-06-11T10:55:48Z] #243 attempt=1/2 status=200 0.718s url=https://www.myfonts.com/collections/poly-font-schriftlabor/
[2026-06-11T10:55:49Z] #244 attempt=1/2 status=200 0.411s url=https://www.myfonts.com/products/shree-kannada-3486-complete-family-package-1165244
[2026-06-11T10:55:49Z] #245 attempt=1/2 status=200 0.626s url=https://www.myfonts.com/collections/shree-kannada-3486-font-modularinfotech/
[2026-06-11T10:55:50Z] #246 attempt=1/2 status=200 0.132s url=https://www.myfonts.com/collections/shree-kannada-3486-font-modularinfotech/
[2026-06-11T10:55:51Z] #247 attempt=1/2 status=200 0.804s url=https://www.myfonts.com/products/futura-futuris-extracond-set-package-1167159
[2026-06-11T10:55:52Z] #248 attempt=1/2 status=200 1.240s url=https://www.myfonts.com/collections/futura-futuris-font-paratype/
[2026-06-11T10:55:53Z] #249 attempt=1/2 status=200 0.501s url=https://www.myfonts.com/products/shree-kannada-3492-complete-family-package-1165132
[2026-06-11T10:55:54Z] #250 attempt=1/2 status=200 0.518s url=https://www.myfonts.com/collections/shree-kannada-3492-font-modularinfotech/
[2026-06-11T10:55:55Z] #251 attempt=1/2 status=200 0.754s url=https://www.myfonts.com/collections/shree-kannada-3492-font-modularinfotech/
[2026-06-11T10:55:56Z] #252 attempt=1/2 status=200 0.350s url=https://www.myfonts.com/products/anore-of-moonila-complete-family-package-1166644
[2026-06-11T10:55:56Z] #253 attempt=1/2 status=200 0.429s url=https://www.myfonts.com/collections/anore-of-moonila-font-super-dust/
[2026-06-11T10:55:57Z] #254 attempt=1/2 status=200 0.434s url=https://www.myfonts.com/products/shree-kannada-4202-complete-family-package-1165268
[2026-06-11T10:55:58Z] #255 attempt=1/2 status=200 0.644s url=https://www.myfonts.com/collections/shree-kannada-4202-font-modularinfotech/
[2026-06-11T10:55:59Z] #256 attempt=1/2 status=200 0.621s url=https://www.myfonts.com/collections/shree-kannada-4202-font-modularinfotech/
[2026-06-11T10:56:00Z] #257 attempt=1/2 status=200 0.418s url=https://www.myfonts.com/products/shree-kannada-4200-complete-family-package-1165189
[2026-06-11T10:56:00Z] #258 attempt=1/2 status=200 0.541s url=https://www.myfonts.com/collections/shree-kannada-4200-font-modularinfotech/
[2026-06-11T10:56:01Z] #259 attempt=1/2 status=200 0.722s url=https://www.myfonts.com/collections/shree-kannada-4200-font-modularinfotech/
[2026-06-11T10:56:02Z] #260 attempt=1/2 status=200 0.579s url=https://www.myfonts.com/products/the-simple-editorial-complete-family-package-1166744
[2026-06-11T10:56:03Z] #261 attempt=1/2 status=429 0.033s url=https://www.myfonts.com/collections/the-simple-editorial-font-logic-type/
[2026-06-11T10:56:05Z] #262 attempt=2/2 status=200 0.722s url=https://www.myfonts.com/collections/the-simple-editorial-font-logic-type/
[2026-06-11T10:56:06Z] #263 attempt=1/2 status=200 0.385s url=https://www.myfonts.com/products/shree-kannada-4207-complete-family-package-1165235
[2026-06-11T10:56:07Z] #264 attempt=1/2 status=200 0.688s url=https://www.myfonts.com/collections/shree-kannada-4207-font-modularinfotech/
[2026-06-11T10:56:08Z] #265 attempt=1/2 status=200 0.701s url=https://www.myfonts.com/collections/shree-kannada-4207-font-modularinfotech/
[2026-06-11T10:56:09Z] #266 attempt=1/2 status=200 0.367s url=https://www.myfonts.com/products/shree-kannada-4259-complete-family-package-1165171
[2026-06-11T10:56:10Z] #267 attempt=1/2 status=200 0.713s url=https://www.myfonts.com/collections/shree-kannada-4259-font-modularinfotech/
[2026-06-11T10:56:11Z] #268 attempt=1/2 status=200 0.576s url=https://www.myfonts.com/collections/shree-kannada-4259-font-modularinfotech/
[2026-06-11T10:56:12Z] #269 attempt=1/2 status=200 0.925s url=https://www.myfonts.com/products/voux-alternate-cut-package-1166734
[2026-06-11T10:56:14Z] #270 attempt=1/2 status=200 1.801s url=https://www.myfonts.com/collections/voux-font-miller-type/
[2026-06-11T10:56:15Z] #271 attempt=1/2 status=200 0.384s url=https://www.myfonts.com/products/shree-kannada-3461-complete-family-package-1165154
[2026-06-11T10:56:16Z] #272 attempt=1/2 status=200 0.912s url=https://www.myfonts.com/collections/shree-kannada-3461-font-modularinfotech/
[2026-06-11T10:56:17Z] #273 attempt=1/2 status=200 0.146s url=https://www.myfonts.com/collections/shree-kannada-3461-font-modularinfotech/
[2026-06-11T10:56:17Z] #274 attempt=1/2 status=200 0.389s url=https://www.myfonts.com/products/shree-kannada-4293-complete-family-package-1165079
[2026-06-11T10:56:18Z] #275 attempt=1/2 status=200 0.547s url=https://www.myfonts.com/collections/shree-kannada-4293-font-modularinfotech/
[2026-06-11T10:56:19Z] #276 attempt=1/2 status=200 0.554s url=https://www.myfonts.com/collections/shree-kannada-4293-font-modularinfotech/
[2026-06-11T10:56:19Z] #277 attempt=1/2 status=200 0.358s url=https://www.myfonts.com/products/trainex-complete-family-package-1165817
[2026-06-11T10:56:20Z] #278 attempt=1/2 status=200 0.484s url=https://www.myfonts.com/collections/trainex-font-artisan-themes/
[2026-06-11T10:56:21Z] #279 attempt=1/2 status=200 0.350s url=https://www.myfonts.com/products/shree-kannada-5340-complete-family-package-1165121
[2026-06-11T10:56:22Z] #280 attempt=1/2 status=200 0.525s url=https://www.myfonts.com/collections/shree-kannada-5340-font-modularinfotech/
[2026-06-11T10:56:22Z] #281 attempt=1/2 status=429 0.027s url=https://www.myfonts.com/products/shree-kannada-5303-complete-family-package-1165091
[2026-06-11T10:56:25Z] #282 attempt=2/2 status=200 0.554s url=https://www.myfonts.com/products/shree-kannada-5303-complete-family-package-1165091
[2026-06-11T10:56:25Z] #283 attempt=1/2 status=200 0.574s url=https://www.myfonts.com/collections/shree-kannada-5303-font-modularinfotech/
[2026-06-11T10:56:26Z] #284 attempt=1/2 status=200 0.176s url=https://www.myfonts.com/collections/shree-kannada-5303-font-modularinfotech/
[2026-06-11T10:56:27Z] #285 attempt=1/2 status=200 0.398s url=https://www.myfonts.com/products/shree-kannada-3445-complete-family-package-1165100
[2026-06-11T10:56:27Z] #286 attempt=1/2 status=200 0.534s url=https://www.myfonts.com/collections/shree-kannada-3445-font-modularinfotech/
[2026-06-11T10:56:28Z] #287 attempt=1/2 status=200 0.148s url=https://www.myfonts.com/collections/shree-kannada-3445-font-modularinfotech/
[2026-06-11T10:56:28Z] #288 attempt=1/2 status=200 0.355s url=https://www.myfonts.com/products/shree-kannada-4265-complete-family-package-1165061
[2026-06-11T10:56:29Z] #289 attempt=1/2 status=429 0.036s url=https://www.myfonts.com/collections/shree-kannada-4265-font-modularinfotech/
[2026-06-11T10:56:32Z] #290 attempt=2/2 status=200 0.654s url=https://www.myfonts.com/collections/shree-kannada-4265-font-modularinfotech/
[2026-06-11T10:56:32Z] #291 attempt=1/2 status=200 0.219s url=https://www.myfonts.com/collections/shree-kannada-4265-font-modularinfotech/
[2026-06-11T10:56:33Z] #292 attempt=1/2 status=200 0.403s url=https://www.myfonts.com/products/shree-kannada-4264-complete-family-package-1165040
[2026-06-11T10:56:33Z] #293 attempt=1/2 status=200 0.497s url=https://www.myfonts.com/collections/shree-kannada-4264-font-modularinfotech/
[2026-06-11T10:56:34Z] #294 attempt=1/2 status=200 0.631s url=https://www.myfonts.com/collections/shree-kannada-4264-font-modularinfotech/
[2026-06-11T10:56:35Z] #295 attempt=1/2 status=200 0.487s url=https://www.myfonts.com/products/shree-kannada-3426-complete-family-package-1165070
[2026-06-11T10:56:36Z] #296 attempt=1/2 status=200 0.570s url=https://www.myfonts.com/collections/shree-kannada-3426-font-modularinfotech/
[2026-06-11T10:56:37Z] #297 attempt=1/2 status=200 0.632s url=https://www.myfonts.com/collections/shree-kannada-3426-font-modularinfotech/
[2026-06-11T10:56:38Z] #298 attempt=1/2 status=200 0.445s url=https://www.myfonts.com/products/shree-kannada-4209-complete-family-package-1165103
[2026-06-11T10:56:38Z] #299 attempt=1/2 status=429 0.037s url=https://www.myfonts.com/collections/shree-kannada-4209-font-modularinfotech/
[2026-06-11T10:56:41Z] #300 attempt=2/2 status=200 0.835s url=https://www.myfonts.com/collections/shree-kannada-4209-font-modularinfotech/
[2026-06-11T10:56:42Z] #301 attempt=1/2 status=200 0.624s url=https://www.myfonts.com/collections/shree-kannada-4209-font-modularinfotech/
[2026-06-11T10:56:43Z] #302 attempt=1/2 status=200 0.481s url=https://www.myfonts.com/products/shree-kannada-4216-complete-family-package-1165209
[2026-06-11T10:56:43Z] #303 attempt=1/2 status=200 0.651s url=https://www.myfonts.com/collections/shree-kannada-4216-font-modularinfotech/
[2026-06-11T10:56:44Z] #304 attempt=1/2 status=200 0.138s url=https://www.myfonts.com/collections/shree-kannada-4216-font-modularinfotech/
[2026-06-11T10:56:45Z] #305 attempt=1/2 status=200 0.741s url=https://www.myfonts.com/products/condensed-package-1166378
[2026-06-11T10:56:46Z] #306 attempt=1/2 status=200 1.238s url=https://www.myfonts.com/collections/nurell-font-jorsetype/
[2026-06-11T10:56:47Z] #307 attempt=1/2 status=200 0.402s url=https://www.myfonts.com/products/shree-kannada-4221-complete-family-package-1165022
[2026-06-11T10:56:48Z] #308 attempt=1/2 status=200 0.542s url=https://www.myfonts.com/collections/shree-kannada-4221-font-modularinfotech/
[2026-06-11T10:56:49Z] #309 attempt=1/2 status=200 0.455s url=https://www.myfonts.com/collections/shree-kannada-4221-font-modularinfotech/
[2026-06-11T10:56:49Z] #310 attempt=1/2 status=200 0.310s url=https://www.myfonts.com/products/shree-kannada-4263-complete-family-package-1165043
[2026-06-11T10:56:50Z] #311 attempt=1/2 status=200 0.559s url=https://www.myfonts.com/collections/shree-kannada-4263-font-modularinfotech/
[2026-06-11T10:56:51Z] #312 attempt=1/2 status=200 0.526s url=https://www.myfonts.com/collections/shree-kannada-4263-font-modularinfotech/
[2026-06-11T10:56:51Z] #313 attempt=1/2 status=429 0.038s url=https://www.myfonts.com/products/shree-kannada-4235-complete-family-package-1165195
[2026-06-11T10:56:54Z] #314 attempt=2/2 status=200 0.411s url=https://www.myfonts.com/products/shree-kannada-4235-complete-family-package-1165195
[2026-06-11T10:56:55Z] #315 attempt=1/2 status=200 0.630s url=https://www.myfonts.com/collections/shree-kannada-4235-font-modularinfotech/
[2026-06-11T10:56:56Z] #316 attempt=1/2 status=200 0.692s url=https://www.myfonts.com/collections/shree-kannada-4235-font-modularinfotech/
[2026-06-11T10:56:56Z] #317 attempt=1/2 status=200 0.365s url=https://www.myfonts.com/products/shree-kannada-5300-complete-family-package-1165238
[2026-06-11T10:56:57Z] #318 attempt=1/2 status=200 0.578s url=https://www.myfonts.com/collections/shree-kannada-5300-font-modularinfotech/
[2026-06-11T10:56:58Z] #319 attempt=1/2 status=200 0.552s url=https://www.myfonts.com/collections/shree-kannada-5300-font-modularinfotech/
[2026-06-11T10:56:59Z] #320 attempt=1/2 status=200 0.335s url=https://www.myfonts.com/products/shree-kannada-4203-complete-family-package-1164968
[2026-06-11T10:56:59Z] #321 attempt=1/2 status=200 0.420s url=https://www.myfonts.com/collections/shree-kannada-4203-font-modularinfotech/
[2026-06-11T10:57:00Z] #322 attempt=1/2 status=200 0.186s url=https://www.myfonts.com/collections/shree-kannada-4203-font-modularinfotech/
[2026-06-11T10:57:00Z] #323 attempt=1/2 status=429 0.041s url=https://www.myfonts.com/products/shree-kannada-4245-complete-family-package-1164971
[2026-06-11T10:57:03Z] #324 attempt=2/2 status=200 0.436s url=https://www.myfonts.com/products/shree-kannada-4245-complete-family-package-1164971
[2026-06-11T10:57:03Z] #325 attempt=1/2 status=200 0.385s url=https://www.myfonts.com/collections/shree-kannada-4245-font-modularinfotech/
[2026-06-11T10:57:04Z] #326 attempt=1/2 status=200 0.167s url=https://www.myfonts.com/collections/shree-kannada-4245-font-modularinfotech/
[2026-06-11T10:57:05Z] #327 attempt=1/2 status=200 0.476s url=https://www.myfonts.com/products/shree-kannada-5304-complete-family-package-1165109
[2026-06-11T10:57:05Z] #328 attempt=1/2 status=200 0.595s url=https://www.myfonts.com/collections/shree-kannada-5304-font-modularinfotech/
[2026-06-11T10:57:06Z] #329 attempt=1/2 status=200 0.171s url=https://www.myfonts.com/collections/shree-kannada-5304-font-modularinfotech/
[2026-06-11T10:57:06Z] #330 attempt=1/2 status=429 0.048s url=https://www.myfonts.com/products/shree-kannada-5368-complete-family-package-1164996
[2026-06-11T10:57:09Z] #331 attempt=2/2 status=200 0.436s url=https://www.myfonts.com/products/shree-kannada-5368-complete-family-package-1164996
[2026-06-11T10:57:10Z] #332 attempt=1/2 status=200 0.686s url=https://www.myfonts.com/collections/shree-kannada-5368-font-modularinfotech/
[2026-06-11T10:57:10Z] #333 attempt=1/2 status=200 0.424s url=https://www.myfonts.com/products/shree-kannada-4206-complete-family-package-1165034
[2026-06-11T10:57:11Z] #334 attempt=1/2 status=200 0.477s url=https://www.myfonts.com/collections/shree-kannada-4206-font-modularinfotech/
[2026-06-11T10:57:12Z] #335 attempt=1/2 status=200 0.137s url=https://www.myfonts.com/collections/shree-kannada-4206-font-modularinfotech/
[2026-06-11T10:57:12Z] #336 attempt=1/2 status=200 0.414s url=https://www.myfonts.com/products/shree-kannada-3402-complete-family-package-1164950
[2026-06-11T10:57:13Z] #337 attempt=1/2 status=200 0.423s url=https://www.myfonts.com/collections/shree-kannada-3402-font-modularinfotech/
[2026-06-11T10:57:13Z] #338 attempt=1/2 status=429 0.043s url=https://www.myfonts.com/collections/shree-kannada-3402-font-modularinfotech/
[2026-06-11T10:57:16Z] #339 attempt=2/2 status=200 0.326s url=https://www.myfonts.com/collections/shree-kannada-3402-font-modularinfotech/
[2026-06-11T10:57:16Z] #340 attempt=1/2 status=200 0.388s url=https://www.myfonts.com/products/shree-kannada-3431-complete-family-package-1165223
[2026-06-11T10:57:17Z] #341 attempt=1/2 status=200 0.707s url=https://www.myfonts.com/collections/shree-kannada-3431-font-modularinfotech/
[2026-06-11T10:57:18Z] #342 attempt=1/2 status=200 0.515s url=https://www.myfonts.com/collections/shree-kannada-3431-font-modularinfotech/
[2026-06-11T10:57:19Z] #343 attempt=1/2 status=200 0.470s url=https://www.myfonts.com/products/designer-stuff-package-1164840
[2026-06-11T10:57:20Z] #344 attempt=1/2 status=200 0.713s url=https://www.myfonts.com/collections/gc-robuto-mono-font-onyx-studio/
[2026-06-11T10:57:21Z] #345 attempt=1/2 status=200 0.327s url=https://www.myfonts.com/products/shree-kannada-1402-complete-family-package-1165052
[2026-06-11T10:57:21Z] #346 attempt=1/2 status=200 0.597s url=https://www.myfonts.com/collections/shree-kannada-1402-font-modularinfotech/
[2026-06-11T10:57:22Z] #347 attempt=1/2 status=200 0.177s url=https://www.myfonts.com/collections/shree-kannada-1402-font-modularinfotech/
[2026-06-11T10:57:22Z] #348 attempt=1/2 status=429 0.032s url=https://www.myfonts.com/products/at-pointo-complete-family-package-1164848
[2026-06-11T10:57:25Z] #349 attempt=2/2 status=200 0.680s url=https://www.myfonts.com/products/at-pointo-complete-family-package-1164848
[2026-06-11T10:57:26Z] #350 attempt=1/2 status=200 0.793s url=https://www.myfonts.com/collections/at-pointo-font-ardyanatypes/
[2026-06-11T10:57:27Z] #351 attempt=1/2 status=200 0.480s url=https://www.myfonts.com/products/shree-kannada-1477-complete-family-package-1164991
[2026-06-11T10:57:28Z] #352 attempt=1/2 status=200 0.537s url=https://www.myfonts.com/collections/shree-kannada-1477-font-modularinfotech/
[2026-06-11T10:57:29Z] #353 attempt=1/2 status=200 0.690s url=https://www.myfonts.com/collections/shree-kannada-1477-font-modularinfotech/
[2026-06-11T10:57:29Z] #354 attempt=1/2 status=200 0.353s url=https://www.myfonts.com/products/shree-kannada-1405-complete-family-package-1165010
[2026-06-11T10:57:30Z] #355 attempt=1/2 status=200 0.719s url=https://www.myfonts.com/collections/shree-kannada-1405-font-modularinfotech/
[2026-06-11T10:57:31Z] #356 attempt=1/2 status=200 0.197s url=https://www.myfonts.com/collections/shree-kannada-1405-font-modularinfotech/
[2026-06-11T10:57:32Z] #357 attempt=1/2 status=200 0.594s url=https://www.myfonts.com/products/fauden-complete-family-package-1165503
[2026-06-11T10:57:33Z] #358 attempt=1/2 status=200 0.459s url=https://www.myfonts.com/collections/fauden-font-tini-fitriani/
[2026-06-11T10:57:33Z] #359 attempt=1/2 status=200 0.486s url=https://www.myfonts.com/products/expant-complete-family-package-1165451
[2026-06-11T10:57:34Z] #360 attempt=1/2 status=200 0.441s url=https://www.myfonts.com/collections/expant-font-jorsetype/
[2026-06-11T10:57:34Z] #361 attempt=1/2 status=429 0.033s url=https://www.myfonts.com/products/shree-kannada-3499-complete-family-package-1165016
[2026-06-11T10:57:37Z] #362 attempt=2/2 status=200 0.450s url=https://www.myfonts.com/products/shree-kannada-3499-complete-family-package-1165016
[2026-06-11T10:57:38Z] #363 attempt=1/2 status=200 0.551s url=https://www.myfonts.com/collections/shree-kannada-3499-font-modularinfotech/
[2026-06-11T10:57:38Z] #364 attempt=1/2 status=200 0.156s url=https://www.myfonts.com/collections/shree-kannada-3499-font-modularinfotech/
[2026-06-11T10:57:39Z] #365 attempt=1/2 status=200 0.343s url=https://www.myfonts.com/products/rostan-complete-family-package-1165877
[2026-06-11T10:57:40Z] #366 attempt=1/2 status=200 0.581s url=https://www.myfonts.com/collections/rostan-font-sensatype-studio/
[2026-06-11T10:57:40Z] #367 attempt=1/2 status=200 0.352s url=https://www.myfonts.com/products/shree-kannada-4204-complete-family-package-1164979
[2026-06-11T10:57:41Z] #368 attempt=1/2 status=200 0.397s url=https://www.myfonts.com/collections/shree-kannada-4204-font-modularinfotech/
[2026-06-11T10:57:41Z] #369 attempt=1/2 status=429 0.031s url=https://www.myfonts.com/collections/shree-kannada-4204-font-modularinfotech/
[2026-06-11T10:57:44Z] #370 attempt=2/2 status=200 0.206s url=https://www.myfonts.com/collections/shree-kannada-4204-font-modularinfotech/
[2026-06-11T10:57:44Z] #371 attempt=1/2 status=200 0.334s url=https://www.myfonts.com/products/yanus-complete-family-package-1167156
[2026-06-11T10:57:45Z] #372 attempt=1/2 status=200 0.526s url=https://www.myfonts.com/collections/yanus-font-paratype/
[2026-06-11T10:57:46Z] #373 attempt=1/2 status=200 0.514s url=https://www.myfonts.com/products/shree-kannada-3462-complete-family-package-1165174
[2026-06-11T10:57:46Z] #374 attempt=1/2 status=200 0.437s url=https://www.myfonts.com/collections/shree-kannada-3462-font-modularinfotech/
[2026-06-11T10:57:47Z] #375 attempt=1/2 status=200 0.167s url=https://www.myfonts.com/collections/shree-kannada-3462-font-modularinfotech/
[2026-06-11T10:57:47Z] #376 attempt=1/2 status=429 0.036s url=https://www.myfonts.com/products/shree-kannada-1419-complete-family-package-1164959
[2026-06-11T10:57:50Z] #377 attempt=2/2 status=200 0.453s url=https://www.myfonts.com/products/shree-kannada-1419-complete-family-package-1164959
[2026-06-11T10:57:51Z] #378 attempt=1/2 status=200 0.415s url=https://www.myfonts.com/collections/shree-kannada-1419-font-modularinfotech/
[2026-06-11T10:57:51Z] #379 attempt=1/2 status=200 0.356s url=https://www.myfonts.com/collections/shree-kannada-1419-font-modularinfotech/
[2026-06-11T10:57:52Z] #380 attempt=1/2 status=200 0.316s url=https://www.myfonts.com/products/shree-kannada-4274-complete-family-package-1164976
[2026-06-11T10:57:53Z] #381 attempt=1/2 status=200 0.465s url=https://www.myfonts.com/collections/shree-kannada-4274-font-modularinfotech/
[2026-06-11T10:57:53Z] #382 attempt=1/2 status=200 0.372s url=https://www.myfonts.com/collections/shree-kannada-4274-font-modularinfotech/
[2026-06-11T10:57:53Z] #383 attempt=1/2 status=429 0.032s url=https://www.myfonts.com/products/shree-kannada-4277-complete-family-package-1165277
[2026-06-11T10:57:56Z] #384 attempt=2/2 status=200 0.452s url=https://www.myfonts.com/products/shree-kannada-4277-complete-family-package-1165277
[2026-06-11T10:57:57Z] #385 attempt=1/2 status=200 0.815s url=https://www.myfonts.com/collections/shree-kannada-4277-font-modularinfotech/
[2026-06-11T10:57:58Z] #386 attempt=1/2 status=200 0.646s url=https://www.myfonts.com/collections/shree-kannada-4277-font-modularinfotech/
[2026-06-11T10:57:59Z] #387 attempt=1/2 status=200 0.555s url=https://www.myfonts.com/products/vexorium-complete-family-package-1164828
[2026-06-11T10:58:00Z] #388 attempt=1/2 status=200 0.498s url=https://www.myfonts.com/collections/vexorium-font-shanaf/
[2026-06-11T10:58:01Z] #389 attempt=1/2 status=200 1.356s url=https://www.myfonts.com/products/mitzu-complete-family-package-1166199
[2026-06-11T10:58:03Z] #390 attempt=1/2 status=200 1.454s url=https://www.myfonts.com/collections/mitzu-font-kaidosan/
[2026-06-11T10:58:04Z] #391 attempt=1/2 status=200 0.353s url=https://www.myfonts.com/products/shree-kannada-5306-complete-family-package-1165259
[2026-06-11T10:58:05Z] #392 attempt=1/2 status=200 0.541s url=https://www.myfonts.com/collections/shree-kannada-5306-font-modularinfotech/
[2026-06-11T10:58:05Z] #393 attempt=1/2 status=200 0.183s url=https://www.myfonts.com/collections/shree-kannada-5306-font-modularinfotech/
[2026-06-11T10:58:06Z] #394 attempt=1/2 status=200 0.399s url=https://www.myfonts.com/products/shree-kannada-3472-complete-family-package-1165137
[2026-06-11T10:58:07Z] #395 attempt=1/2 status=200 0.512s url=https://www.myfonts.com/collections/shree-kannada-3472-font-modularinfotech/
[2026-06-11T10:58:07Z] #396 attempt=1/2 status=200 0.143s url=https://www.myfonts.com/collections/shree-kannada-3472-font-modularinfotech/
[2026-06-11T10:58:08Z] #397 attempt=1/2 status=200 0.386s url=https://www.myfonts.com/products/shree-kannada-1420-complete-family-package-1164945
[2026-06-11T10:58:09Z] #398 attempt=1/2 status=200 0.458s url=https://www.myfonts.com/collections/shree-kannada-1420-font-modularinfotech/
[2026-06-11T10:58:10Z] #399 attempt=1/2 status=200 0.576s url=https://www.myfonts.com/collections/shree-kannada-1420-font-modularinfotech/
[2026-06-11T10:58:10Z] #400 attempt=1/2 status=429 0.035s url=https://www.myfonts.com/products/shree-kannada-5356-complete-family-package-1164985
[2026-06-11T10:58:12Z] #401 attempt=2/2 status=200 0.493s url=https://www.myfonts.com/products/shree-kannada-5356-complete-family-package-1164985
[2026-06-11T10:58:13Z] #402 attempt=1/2 status=200 0.568s url=https://www.myfonts.com/collections/shree-kannada-5356-font-modularinfotech/
[2026-06-11T10:58:14Z] #403 attempt=1/2 status=200 0.352s url=https://www.myfonts.com/products/shree-kannada-0874-complete-family-package-1165124
[2026-06-11T10:58:15Z] #404 attempt=1/2 status=200 0.437s url=https://www.myfonts.com/collections/shree-kannada-0874-font-modularinfotech/
[2026-06-11T10:58:16Z] #405 attempt=1/2 status=200 0.664s url=https://www.myfonts.com/collections/shree-kannada-0874-font-modularinfotech/
[2026-06-11T10:58:16Z] #406 attempt=1/2 status=200 0.362s url=https://www.myfonts.com/products/shree-kannada-1434-complete-family-package-1165241
[2026-06-11T10:58:17Z] #407 attempt=1/2 status=200 0.541s url=https://www.myfonts.com/collections/shree-kannada-1434-font-modularinfotech/
[2026-06-11T10:58:18Z] #408 attempt=1/2 status=200 0.505s url=https://www.myfonts.com/collections/shree-kannada-1434-font-modularinfotech/
[2026-06-11T10:58:18Z] #409 attempt=1/2 status=429 0.034s url=https://www.myfonts.com/products/futura-pt-mono-set-package-1166919
[2026-06-11T10:58:21Z] #410 attempt=2/2 status=200 0.770s url=https://www.myfonts.com/products/futura-pt-mono-set-package-1166919
[2026-06-11T10:58:22Z] #411 attempt=1/2 status=200 0.615s url=https://www.myfonts.com/collections/futura-book-font-paratype/
[2026-06-11T10:58:23Z] #412 attempt=1/2 status=200 0.354s url=https://www.myfonts.com/products/quiet-garden-complete-family-package-1165507
[2026-06-11T10:58:23Z] #413 attempt=1/2 status=200 0.416s url=https://www.myfonts.com/collections/quiet-garden-font-sixtype-foundry/
[2026-06-11T10:58:24Z] #414 attempt=1/2 status=200 0.388s url=https://www.myfonts.com/products/shree-kannada-4291-complete-family-package-1165262
[2026-06-11T10:58:25Z] #415 attempt=1/2 status=200 0.518s url=https://www.myfonts.com/collections/shree-kannada-4291-font-modularinfotech/
[2026-06-11T10:58:26Z] #416 attempt=1/2 status=200 0.595s url=https://www.myfonts.com/collections/shree-kannada-4291-font-modularinfotech/
[2026-06-11T10:58:26Z] #417 attempt=1/2 status=200 0.517s url=https://www.myfonts.com/products/shree-kannada-4282-complete-family-package-1165088
[2026-06-11T10:58:27Z] #418 attempt=1/2 status=200 0.516s url=https://www.myfonts.com/collections/shree-kannada-4282-font-modularinfotech/
[2026-06-11T10:58:28Z] #419 attempt=1/2 status=200 0.507s url=https://www.myfonts.com/collections/shree-kannada-4282-font-modularinfotech/
[2026-06-11T10:58:28Z] #420 attempt=1/2 status=429 0.031s url=https://www.myfonts.com/products/shree-kannada-4239-complete-family-package-1165206
[2026-06-11T10:58:31Z] #421 attempt=2/2 status=200 0.475s url=https://www.myfonts.com/products/shree-kannada-4239-complete-family-package-1165206
[2026-06-11T10:58:32Z] #422 attempt=1/2 status=200 0.430s url=https://www.myfonts.com/collections/shree-kannada-4239-font-modularinfotech/
[2026-06-11T10:58:32Z] #423 attempt=1/2 status=200 0.637s url=https://www.myfonts.com/collections/shree-kannada-4239-font-modularinfotech/
[2026-06-11T10:58:33Z] #424 attempt=1/2 status=200 0.500s url=https://www.myfonts.com/products/shree-kan4212-complete-family-package-1165106
[2026-06-11T10:58:34Z] #425 attempt=1/2 status=200 0.466s url=https://www.myfonts.com/collections/shree-kan4212-font-modularinfotech/
[2026-06-11T10:58:35Z] #426 attempt=1/2 status=200 0.314s url=https://www.myfonts.com/products/playback-complete-family-package-1165545
[2026-06-11T10:58:35Z] #427 attempt=1/2 status=200 0.399s url=https://www.myfonts.com/collections/playback-font-stylishtype-studio/
[2026-06-11T10:58:36Z] #428 attempt=1/2 status=429 0.035s url=https://www.myfonts.com/products/shree-kannada-4210-complete-family-package-1165073
[2026-06-11T10:58:38Z] #429 attempt=2/2 status=200 0.483s url=https://www.myfonts.com/products/shree-kannada-4210-complete-family-package-1165073
[2026-06-11T10:58:39Z] #430 attempt=1/2 status=200 0.513s url=https://www.myfonts.com/collections/shree-kannada-4210-font-modularinfotech/
[2026-06-11T10:58:40Z] #431 attempt=1/2 status=200 0.653s url=https://www.myfonts.com/collections/shree-kannada-4210-font-modularinfotech/
[2026-06-11T10:58:40Z] #432 attempt=1/2 status=200 0.337s url=https://www.myfonts.com/products/lorafe-complete-family-package-1165985
[2026-06-11T10:58:41Z] #433 attempt=1/2 status=200 0.372s url=https://www.myfonts.com/collections/lorafe-font-solutype/
[2026-06-11T10:58:42Z] #434 attempt=1/2 status=200 0.705s url=https://www.myfonts.com/products/glifox-distort-package-1165800
[2026-06-11T10:58:43Z] #435 attempt=1/2 status=200 0.761s url=https://www.myfonts.com/collections/glifox-font-mystical-type/
[2026-06-11T10:58:44Z] #436 attempt=1/2 status=200 0.453s url=https://www.myfonts.com/products/chillyot-softenk-complete-family-package-1165459
[2026-06-11T10:58:45Z] #437 attempt=1/2 status=200 0.451s url=https://www.myfonts.com/collections/chillyot-softenk-font-stylishtype-studio/
[2026-06-11T10:58:45Z] #438 attempt=1/2 status=429 0.049s url=https://www.myfonts.com/products/shree-kannada-4211-complete-family-package-1165055
[2026-06-11T10:58:48Z] #439 attempt=2/2 status=200 0.471s url=https://www.myfonts.com/products/shree-kannada-4211-complete-family-package-1165055
[2026-06-11T10:58:48Z] #440 attempt=1/2 status=200 0.564s url=https://www.myfonts.com/collections/shree-kannada-4211-font-modularinfotech/
[2026-06-11T10:58:49Z] #441 attempt=1/2 status=200 0.208s url=https://www.myfonts.com/collections/shree-kannada-4211-font-modularinfotech/
[2026-06-11T10:58:50Z] #442 attempt=1/2 status=200 0.318s url=https://www.myfonts.com/products/funny-tomato-complete-family-package-1166385
[2026-06-11T10:58:50Z] #443 attempt=1/2 status=200 0.360s url=https://www.myfonts.com/collections/funny-tomato-font-tini-fitriani/
[2026-06-11T10:58:51Z] #444 attempt=1/2 status=200 0.418s url=https://www.myfonts.com/products/shree-kannada-5301-complete-family-package-1165253
[2026-06-11T10:58:51Z] #445 attempt=1/2 status=429 0.040s url=https://www.myfonts.com/collections/shree-kannada-5301-font-modularinfotech/
[2026-06-11T10:58:54Z] #446 attempt=2/2 status=200 0.535s url=https://www.myfonts.com/collections/shree-kannada-5301-font-modularinfotech/
[2026-06-11T10:58:55Z] #447 attempt=1/2 status=200 0.623s url=https://www.myfonts.com/collections/shree-kannada-5301-font-modularinfotech/
[2026-06-11T10:58:56Z] #448 attempt=1/6 status=200 0.694s url=https://www.myfonts.com/products.json?limit=100&page=8
[2026-06-11T10:58:57Z] #449 attempt=1/2 status=200 0.315s url=https://www.myfonts.com/products/shree-kannada-4275-complete-family-package-1164956
[2026-06-11T10:58:57Z] #450 attempt=1/2 status=200 0.431s url=https://www.myfonts.com/collections/shree-kannada-4275-font-modularinfotech/
[2026-06-11T10:58:58Z] #451 attempt=1/2 status=200 0.377s url=https://www.myfonts.com/collections/shree-kannada-4275-font-modularinfotech/
[2026-06-11T10:58:58Z] #452 attempt=1/2 status=200 0.318s url=https://www.myfonts.com/products/mundial-lobby-complete-family-package-1166388
[2026-06-11T10:58:59Z] #453 attempt=1/2 status=200 0.570s url=https://www.myfonts.com/collections/mundial-lobby-font-woodcutter/
[2026-06-11T10:59:00Z] #454 attempt=1/2 status=200 0.384s url=https://www.myfonts.com/products/private-sans-complete-family-package-1167158
[2026-06-11T10:59:00Z] #455 attempt=1/2 status=429 0.065s url=https://www.myfonts.com/collections/private-sans-font-paratype/
[2026-06-11T10:59:03Z] #456 attempt=2/2 status=200 0.662s url=https://www.myfonts.com/collections/private-sans-font-paratype/
[2026-06-11T10:59:04Z] #457 attempt=1/2 status=200 0.368s url=https://www.myfonts.com/products/shree-kannada-4230-complete-family-package-1165151
[2026-06-11T10:59:05Z] #458 attempt=1/2 status=200 0.579s url=https://www.myfonts.com/collections/shree-kannada-4230-font-modularinfotech/
[2026-06-11T10:59:06Z] #459 attempt=1/2 status=200 0.827s url=https://www.myfonts.com/collections/shree-kannada-4230-font-modularinfotech/
[2026-06-11T10:59:07Z] #460 attempt=1/2 status=200 0.589s url=https://www.myfonts.com/products/shree-kannada-4201-complete-family-package-1165037
[2026-06-11T10:59:07Z] #461 attempt=1/2 status=200 0.691s url=https://www.myfonts.com/collections/shree-kannada-4201-font-modularinfotech/
[2026-06-11T10:59:08Z] #462 attempt=1/2 status=200 0.540s url=https://www.myfonts.com/collections/shree-kannada-4201-font-modularinfotech/
[2026-06-11T10:59:09Z] #463 attempt=1/2 status=200 0.442s url=https://www.myfonts.com/products/shree-kannada-1441-complete-family-package-1165160
[2026-06-11T10:59:10Z] #464 attempt=1/2 status=200 0.572s url=https://www.myfonts.com/collections/shree-kannada-1441-font-modularinfotech/
[2026-06-11T10:59:11Z] #465 attempt=1/2 status=200 0.666s url=https://www.myfonts.com/collections/shree-kannada-1441-font-modularinfotech/
[2026-06-11T10:59:11Z] #466 attempt=1/2 status=200 0.399s url=https://www.myfonts.com/products/shree-kannada-4226-complete-family-package-1165256
[2026-06-11T10:59:12Z] #467 attempt=1/2 status=200 0.721s url=https://www.myfonts.com/collections/shree-kannada-4226-font-modularinfotech/
[2026-06-11T10:59:13Z] #468 attempt=1/2 status=200 0.129s url=https://www.myfonts.com/collections/shree-kannada-4226-font-modularinfotech/
[2026-06-11T10:59:13Z] #469 attempt=1/2 status=429 0.030s url=https://www.myfonts.com/products/werkstoff-complete-family-package-1165483
[2026-06-11T10:59:16Z] #470 attempt=2/2 status=200 0.493s url=https://www.myfonts.com/products/werkstoff-complete-family-package-1165483
[2026-06-11T10:59:17Z] #471 attempt=1/2 status=200 0.680s url=https://www.myfonts.com/collections/werkstoff-font-ghozai-studio/
[2026-06-11T10:59:17Z] #472 attempt=1/2 status=200 0.376s url=https://www.myfonts.com/products/sovera-romeri-complete-family-package-1165978
[2026-06-11T10:59:18Z] #473 attempt=1/2 status=200 0.698s url=https://www.myfonts.com/collections/sovera-romeri-font-black-junst/
[2026-06-11T10:59:19Z] #474 attempt=1/2 status=200 0.630s url=https://www.myfonts.com/products/boxal-complete-family-package-1165740
[2026-06-11T10:59:20Z] #475 attempt=1/2 status=200 0.594s url=https://www.myfonts.com/collections/boxal-font-the-northern-block/
[2026-06-11T10:59:21Z] #476 attempt=1/2 status=200 0.460s url=https://www.myfonts.com/products/shree-kannada-4220-complete-family-package-1165094
[2026-06-11T10:59:22Z] #477 attempt=1/2 status=200 0.665s url=https://www.myfonts.com/collections/shree-kannada-4220-font-modularinfotech/
[2026-06-11T10:59:23Z] #478 attempt=1/2 status=200 0.486s url=https://www.myfonts.com/collections/shree-kannada-4220-font-modularinfotech/
[2026-06-11T10:59:23Z] #479 attempt=1/2 status=200 0.446s url=https://www.myfonts.com/products/shree-kannada-3418-complete-family-package-1165229
[2026-06-11T10:59:24Z] #480 attempt=1/2 status=200 0.546s url=https://www.myfonts.com/collections/shree-kannada-3418-font-modularinfotech/
[2026-06-11T10:59:24Z] #481 attempt=1/2 status=429 0.033s url=https://www.myfonts.com/collections/shree-kannada-3418-font-modularinfotech/
[2026-06-11T10:59:27Z] #482 attempt=2/2 status=200 0.196s url=https://www.myfonts.com/collections/shree-kannada-3418-font-modularinfotech/
[2026-06-11T10:59:28Z] #483 attempt=1/2 status=200 0.502s url=https://www.myfonts.com/products/shree-kannada-0884-complete-family-package-1164988
[2026-06-11T10:59:29Z] #484 attempt=1/2 status=200 0.741s url=https://www.myfonts.com/collections/shree-kannada-0884-font-modularinfotech/
[2026-06-11T10:59:30Z] #485 attempt=1/2 status=200 0.497s url=https://www.myfonts.com/collections/shree-kannada-0884-font-modularinfotech/
[2026-06-11T10:59:30Z] #486 attempt=1/2 status=200 0.360s url=https://www.myfonts.com/products/shree-kannada-4213-complete-family-package-1165157
[2026-06-11T10:59:31Z] #487 attempt=1/2 status=200 0.404s url=https://www.myfonts.com/collections/shree-kannada-4213-font-modularinfotech/
[2026-06-11T10:59:32Z] #488 attempt=1/2 status=200 0.532s url=https://www.myfonts.com/collections/shree-kannada-4213-font-modularinfotech/
[2026-06-11T10:59:32Z] #489 attempt=1/2 status=200 0.400s url=https://www.myfonts.com/products/shree-kannada-1486-complete-family-package-1165097
[2026-06-11T10:59:34Z] #490 attempt=1/2 status=200 1.030s url=https://www.myfonts.com/collections/shree-kannada-1486-font-modularinfotech/
[2026-06-11T10:59:34Z] #491 attempt=1/2 status=200 0.560s url=https://www.myfonts.com/collections/shree-kannada-1486-font-modularinfotech/
[2026-06-11T10:59:35Z] #492 attempt=1/2 status=200 0.380s url=https://www.myfonts.com/products/shree-kannada-3437-complete-family-package-1165247
[2026-06-11T10:59:35Z] #493 attempt=1/2 status=429 0.034s url=https://www.myfonts.com/collections/shree-kannada-3437-font-modularinfotech/
[2026-06-11T10:59:38Z] #494 attempt=2/2 status=200 0.804s url=https://www.myfonts.com/collections/shree-kannada-3437-font-modularinfotech/
[2026-06-11T10:59:39Z] #495 attempt=1/2 status=200 0.645s url=https://www.myfonts.com/collections/shree-kannada-3437-font-modularinfotech/
[2026-06-11T10:59:40Z] #496 attempt=1/2 status=200 0.524s url=https://www.myfonts.com/products/shree-kannada-4217-complete-family-package-1165058
[2026-06-11T10:59:41Z] #497 attempt=1/2 status=200 0.622s url=https://www.myfonts.com/collections/shree-kannada-4217-font-modularinfotech/
[2026-06-11T10:59:42Z] #498 attempt=1/2 status=200 0.580s url=https://www.myfonts.com/collections/shree-kannada-4217-font-modularinfotech/
[2026-06-11T10:59:43Z] #499 attempt=1/2 status=200 0.899s url=https://www.myfonts.com/products/moonling-variable-complete-family-package-1166036
[2026-06-11T10:59:44Z] #500 attempt=1/2 status=200 0.951s url=https://www.myfonts.com/collections/moonling-variable-font-zaki-creative/
[2026-06-11T10:59:45Z] #501 attempt=1/2 status=200 0.325s url=https://www.myfonts.com/products/shree-kannada-1494-complete-family-package-1164953
[2026-06-11T10:59:46Z] #502 attempt=1/2 status=200 0.598s url=https://www.myfonts.com/collections/shree-kannada-1494-font-modularinfotech/
[2026-06-11T10:59:46Z] #503 attempt=1/2 status=200 0.367s url=https://www.myfonts.com/collections/shree-kannada-1494-font-modularinfotech/
[2026-06-11T10:59:47Z] #504 attempt=1/2 status=200 0.456s url=https://www.myfonts.com/products/shree-kannada-3435-complete-family-package-1165140
[2026-06-11T10:59:48Z] #505 attempt=1/2 status=200 0.729s url=https://www.myfonts.com/collections/shree-kannada-3435-font-modularinfotech/
[2026-06-11T10:59:49Z] #506 attempt=1/2 status=200 0.644s url=https://www.myfonts.com/collections/shree-kannada-3435-font-modularinfotech/
[2026-06-11T10:59:50Z] #507 attempt=1/2 status=200 0.374s url=https://www.myfonts.com/products/shree-kannada-4298-complete-family-package-1165046
[2026-06-11T10:59:51Z] #508 attempt=1/2 status=200 0.576s url=https://www.myfonts.com/collections/shree-kannada-4298-font-modularinfotech/
[2026-06-11T10:59:51Z] #509 attempt=1/2 status=200 0.524s url=https://www.myfonts.com/collections/shree-kannada-4298-font-modularinfotech/
[2026-06-11T10:59:52Z] #510 attempt=1/2 status=200 0.299s url=https://www.myfonts.com/products/feelosing-brave-complete-family-package-1165500
[2026-06-11T10:59:52Z] #511 attempt=1/2 status=429 0.030s url=https://www.myfonts.com/collections/feelosing-brave-font-stylishtype-studio/
[2026-06-11T10:59:55Z] #512 attempt=2/2 status=200 0.421s url=https://www.myfonts.com/collections/feelosing-brave-font-stylishtype-studio/
[2026-06-11T10:59:55Z] #513 attempt=1/2 status=200 0.380s url=https://www.myfonts.com/products/shree-kannada-3498-complete-family-package-1165064
[2026-06-11T10:59:56Z] #514 attempt=1/2 status=200 0.478s url=https://www.myfonts.com/collections/shree-kannada-3498-font-modularinfotech/
[2026-06-11T10:59:57Z] #515 attempt=1/2 status=200 0.593s url=https://www.myfonts.com/collections/shree-kannada-3498-font-modularinfotech/
[2026-06-11T10:59:58Z] #516 attempt=1/2 status=200 0.670s url=https://www.myfonts.com/products/traction-office-package-1143372
[2026-06-11T10:59:59Z] #517 attempt=1/2 status=200 1.022s url=https://www.myfonts.com/collections/traction-font-schriftlabor/
[2026-06-11T11:00:00Z] #518 attempt=1/2 status=200 0.403s url=https://www.myfonts.com/products/shree-kannada-1498-complete-family-package-1164999
[2026-06-11T11:00:01Z] #519 attempt=1/2 status=200 0.721s url=https://www.myfonts.com/collections/shree-kannada-1498-font-modularinfotech/
[2026-06-11T11:00:02Z] #520 attempt=1/2 status=200 0.724s url=https://www.myfonts.com/collections/shree-kannada-1498-font-modularinfotech/
[2026-06-11T11:00:03Z] #521 attempt=1/2 status=200 0.517s url=https://www.myfonts.com/products/shree-kannada-4280-complete-family-package-1165049
[2026-06-11T11:00:04Z] #522 attempt=1/2 status=200 0.530s url=https://www.myfonts.com/collections/shree-kannada-4280-font-modularinfotech/
[2026-06-11T11:00:05Z] #523 attempt=1/2 status=200 0.750s url=https://www.myfonts.com/collections/shree-kannada-4280-font-modularinfotech/
[2026-06-11T11:00:05Z] #524 attempt=1/2 status=200 0.324s url=https://www.myfonts.com/products/hangtuah-complete-family-package-1166022
[2026-06-11T11:00:05Z] #525 attempt=1/2 status=429 0.033s url=https://www.myfonts.com/collections/hangtuah-font-tini-fitriani/
[2026-06-11T11:00:08Z] #526 attempt=2/2 status=200 0.475s url=https://www.myfonts.com/collections/hangtuah-font-tini-fitriani/
[2026-06-11T11:00:09Z] #527 attempt=1/2 status=200 0.447s url=https://www.myfonts.com/products/shree-kannada-4218-complete-family-package-1165007
[2026-06-11T11:00:10Z] #528 attempt=1/2 status=200 0.623s url=https://www.myfonts.com/collections/shree-kannada-4218-font-modularinfotech/
[2026-06-11T11:00:11Z] #529 attempt=1/2 status=200 0.502s url=https://www.myfonts.com/collections/shree-kannada-4218-font-modularinfotech/
[2026-06-11T11:00:11Z] #530 attempt=1/2 status=200 0.596s url=https://www.myfonts.com/products/variable-package-1166783
[2026-06-11T11:00:13Z] #531 attempt=1/2 status=200 1.021s url=https://www.myfonts.com/collections/binetra-font-ridtype/
[2026-06-11T11:00:13Z] #532 attempt=1/2 status=200 0.377s url=https://www.myfonts.com/products/shree-kannada-3417-complete-family-package-1164982
[2026-06-11T11:00:14Z] #533 attempt=1/2 status=200 0.586s url=https://www.myfonts.com/collections/shree-kannada-3417-font-modularinfotech/
[2026-06-11T11:00:15Z] #534 attempt=1/2 status=200 0.585s url=https://www.myfonts.com/collections/shree-kannada-3417-font-modularinfotech/
[2026-06-11T11:00:16Z] #535 attempt=1/2 status=200 0.518s url=https://www.myfonts.com/products/harfiola-complete-family-package-1166019
[2026-06-11T11:00:16Z] #536 attempt=1/2 status=200 0.383s url=https://www.myfonts.com/collections/harfiola-font-tini-fitriani/
[2026-06-11T11:00:17Z] #537 attempt=1/2 status=429 0.036s url=https://www.myfonts.com/products/shree-kannada-0869-complete-family-package-1165274
[2026-06-11T11:00:19Z] #538 attempt=2/2 status=200 0.411s url=https://www.myfonts.com/products/shree-kannada-0869-complete-family-package-1165274
[2026-06-11T11:00:20Z] #539 attempt=1/2 status=200 0.619s url=https://www.myfonts.com/collections/shree-kannada-0869-font-modularinfotech/
[2026-06-11T11:00:21Z] #540 attempt=1/2 status=200 0.131s url=https://www.myfonts.com/collections/shree-kannada-0869-font-modularinfotech/
[2026-06-11T11:00:21Z] #541 attempt=1/2 status=200 0.503s url=https://www.myfonts.com/products/shree-kannada-4283-complete-family-package-1165013
[2026-06-11T11:00:22Z] #542 attempt=1/2 status=200 0.636s url=https://www.myfonts.com/collections/shree-kannada-4283-font-modularinfotech/
[2026-06-11T11:00:23Z] #543 attempt=1/2 status=200 0.132s url=https://www.myfonts.com/collections/shree-kannada-4283-font-modularinfotech/
[2026-06-11T11:00:23Z] #544 attempt=1/2 status=200 0.386s url=https://www.myfonts.com/products/shree-kannada-3488-complete-family-package-1165004
[2026-06-11T11:00:24Z] #545 attempt=1/2 status=429 0.040s url=https://www.myfonts.com/collections/shree-kannada-3488-font-modularinfotech/
[2026-06-11T11:00:26Z] #546 attempt=2/2 status=200 0.623s url=https://www.myfonts.com/collections/shree-kannada-3488-font-modularinfotech/
[2026-06-11T11:00:27Z] #547 attempt=1/2 status=200 0.201s url=https://www.myfonts.com/collections/shree-kannada-3488-font-modularinfotech/
[2026-06-11T11:00:28Z] #548 attempt=1/2 status=200 0.487s url=https://www.myfonts.com/products/shree-kannada-3423-complete-family-package-1164965
[2026-06-11T11:00:29Z] #549 attempt=1/2 status=200 0.419s url=https://www.myfonts.com/collections/shree-kannada-3423-font-modularinfotech/
[2026-06-11T11:00:29Z] #550 attempt=1/2 status=200 0.193s url=https://www.myfonts.com/collections/shree-kannada-3423-font-modularinfotech/
[2026-06-11T11:00:30Z] #551 attempt=1/2 status=200 0.319s url=https://www.myfonts.com/products/shree-kannada-4205-complete-family-package-1164962
[2026-06-11T11:00:30Z] #552 attempt=1/2 status=429 0.058s url=https://www.myfonts.com/collections/shree-kannada-4205-font-modularinfotech/
[2026-06-11T11:00:33Z] #553 attempt=2/2 status=200 0.529s url=https://www.myfonts.com/collections/shree-kannada-4205-font-modularinfotech/
[2026-06-11T11:00:33Z] #554 attempt=1/2 status=200 0.150s url=https://www.myfonts.com/collections/shree-kannada-4205-font-modularinfotech/
[2026-06-11T11:00:34Z] #555 attempt=1/2 status=200 0.490s url=https://www.myfonts.com/products/shree-kannada-1469-complete-family-package-1165212
[2026-06-11T11:00:35Z] #556 attempt=1/2 status=200 0.735s url=https://www.myfonts.com/collections/shree-kannada-1469-font-modularinfotech/
[2026-06-11T11:00:35Z] #557 attempt=1/2 status=200 0.138s url=https://www.myfonts.com/collections/shree-kannada-1469-font-modularinfotech/
[2026-06-11T11:00:36Z] #558 attempt=1/2 status=200 0.642s url=https://www.myfonts.com/products/division-grotesk-complete-family-package-1165423
[2026-06-11T11:00:37Z] #559 attempt=1/2 status=200 0.538s url=https://www.myfonts.com/collections/division-grotesk-font-asenbayu/
[2026-06-11T11:00:38Z] #560 attempt=1/2 status=200 0.566s url=https://www.myfonts.com/products/403-astona-complete-family-package-1165989
[2026-06-11T11:00:38Z] #561 attempt=1/2 status=429 0.036s url=https://www.myfonts.com/collections/403-astona-font-403tf/
[2026-06-11T11:00:41Z] #562 attempt=2/2 status=200 0.759s url=https://www.myfonts.com/collections/403-astona-font-403tf/
[2026-06-11T11:00:42Z] #563 attempt=1/2 status=200 0.635s url=https://www.myfonts.com/products/mount-sagilite-complete-family-package-1165462
[2026-06-11T11:00:43Z] #564 attempt=1/2 status=200 1.156s url=https://www.myfonts.com/collections/mount-sagilite-font-afkari-studio/
[2026-06-11T11:00:44Z] #565 attempt=1/2 status=200 0.318s url=https://www.myfonts.com/products/wobble-ink-complete-family-package-1165510
[2026-06-11T11:00:45Z] #566 attempt=1/2 status=200 0.408s url=https://www.myfonts.com/collections/wobble-ink-font-littlehand/
[2026-06-11T11:00:45Z] #567 attempt=1/2 status=200 0.372s url=https://www.myfonts.com/products/mafesta-complete-family-package-1165756
[2026-06-11T11:00:46Z] #568 attempt=1/2 status=200 0.566s url=https://www.myfonts.com/collections/mafesta-font-vermilione/
[2026-06-11T11:00:47Z] #569 attempt=1/2 status=200 0.397s url=https://www.myfonts.com/products/shree-kannada-4215-complete-family-package-1165203
[2026-06-11T11:00:48Z] #570 attempt=1/2 status=200 0.445s url=https://www.myfonts.com/collections/shree-kannada-4215-font-modularinfotech/
[2026-06-11T11:00:48Z] #571 attempt=1/2 status=200 0.236s url=https://www.myfonts.com/collections/shree-kannada-4215-font-modularinfotech/
[2026-06-11T11:00:49Z] #572 attempt=1/2 status=200 0.405s url=https://www.myfonts.com/products/shree-kannada-4296-complete-family-package-1165271
[2026-06-11T11:00:49Z] #573 attempt=1/2 status=429 0.037s url=https://www.myfonts.com/collections/shree-kannada-4296-font-modularinfotech/
[2026-06-11T11:00:52Z] #574 attempt=2/2 status=200 0.718s url=https://www.myfonts.com/collections/shree-kannada-4296-font-modularinfotech/
[2026-06-11T11:00:53Z] #575 attempt=1/2 status=200 0.630s url=https://www.myfonts.com/collections/shree-kannada-4296-font-modularinfotech/
[2026-06-11T11:00:54Z] #576 attempt=1/2 status=200 0.385s url=https://www.myfonts.com/products/roster-funy-complete-family-package-1165873
[2026-06-11T11:00:54Z] #577 attempt=1/2 status=200 0.539s url=https://www.myfonts.com/collections/roster-funy-font-timelesstype-studio/
[2026-06-11T11:00:55Z] #578 attempt=1/2 status=200 0.577s url=https://www.myfonts.com/products/shree-kannada-0857-complete-family-package-1165144
[2026-06-11T11:00:56Z] #579 attempt=1/2 status=200 0.851s url=https://www.myfonts.com/collections/shree-kannada-0857-font-modularinfotech/
[2026-06-11T11:00:57Z] #580 attempt=1/2 status=200 0.218s url=https://www.myfonts.com/collections/shree-kannada-0857-font-modularinfotech/
[2026-06-11T11:00:57Z] #581 attempt=1/2 status=200 0.367s url=https://www.myfonts.com/products/premierre-marsiella-complete-family-package-1165420
[2026-06-11T11:00:58Z] #582 attempt=1/2 status=200 0.354s url=https://www.myfonts.com/collections/premierre-marsiella-font-jolicia-type/
[2026-06-11T11:00:58Z] #583 attempt=1/2 status=429 0.045s url=https://www.myfonts.com/products/elisto-remilio-complete-family-package-1165814
[2026-06-11T11:01:01Z] #584 attempt=2/2 status=200 0.392s url=https://www.myfonts.com/products/elisto-remilio-complete-family-package-1165814
[2026-06-11T11:01:02Z] #585 attempt=1/2 status=200 0.601s url=https://www.myfonts.com/collections/elisto-remilio-font-nh-typestudio/
[2026-06-11T11:01:02Z] #586 attempt=1/2 status=200 0.309s url=https://www.myfonts.com/products/arogel-complete-family-package-1165969
[2026-06-11T11:01:03Z] #587 attempt=1/2 status=200 0.554s url=https://www.myfonts.com/collections/arogel-font-vermilione/
[2026-06-11T11:01:04Z] #588 attempt=1/2 status=200 0.524s url=https://www.myfonts.com/products/shree-kannada-4208-complete-family-package-1165076
[2026-06-11T11:01:05Z] #589 attempt=1/2 status=200 0.519s url=https://www.myfonts.com/collections/shree-kannada-4208-font-modularinfotech/
[2026-06-11T11:01:05Z] #590 attempt=1/2 status=200 0.207s url=https://www.myfonts.com/collections/shree-kannada-4208-font-modularinfotech/
[2026-06-11T11:01:07Z] #591 attempt=1/6 status=200 0.903s url=https://www.myfonts.com/products.json?limit=100&page=9
[2026-06-11T11:01:07Z] #592 attempt=1/2 status=200 0.344s url=https://www.myfonts.com/products/shree-kannada-4227-complete-family-package-1165180
[2026-06-11T11:01:08Z] #593 attempt=1/2 status=429 0.033s url=https://www.myfonts.com/collections/shree-kannada-4227-font-modularinfotech/
[2026-06-11T11:01:10Z] #594 attempt=2/2 status=200 0.667s url=https://www.myfonts.com/collections/shree-kannada-4227-font-modularinfotech/
[2026-06-11T11:01:11Z] #595 attempt=1/2 status=200 0.501s url=https://www.myfonts.com/collections/shree-kannada-4227-font-modularinfotech/
[2026-06-11T11:01:12Z] #596 attempt=1/2 status=200 0.484s url=https://www.myfonts.com/products/omica-complete-family-package-1165540
[2026-06-11T11:01:13Z] #597 attempt=1/2 status=200 0.637s url=https://www.myfonts.com/collections/omica-font-sensatype-studio/
[2026-06-11T11:01:14Z] #598 attempt=1/2 status=200 0.477s url=https://www.myfonts.com/products/wak-complete-family-package-1167155
[2026-06-11T11:01:14Z] #599 attempt=1/2 status=200 0.572s url=https://www.myfonts.com/collections/wak-font-paratype/
[2026-06-11T11:01:15Z] #600 attempt=1/2 status=200 0.406s url=https://www.myfonts.com/products/shree-kannada-4222-complete-family-package-1165067
[2026-06-11T11:01:16Z] #601 attempt=1/2 status=200 0.550s url=https://www.myfonts.com/collections/shree-kannada-4222-font-modularinfotech/
[2026-06-11T11:01:16Z] #602 attempt=1/2 status=200 0.177s url=https://www.myfonts.com/collections/shree-kannada-4222-font-modularinfotech/
[2026-06-11T11:01:17Z] #603 attempt=1/2 status=429 0.036s url=https://www.myfonts.com/products/thing-soft-complete-family-package-1165321
[2026-06-11T11:01:20Z] #604 attempt=2/2 status=200 0.812s url=https://www.myfonts.com/products/thing-soft-complete-family-package-1165321
[2026-06-11T11:01:21Z] #605 attempt=1/2 status=200 1.143s url=https://www.myfonts.com/collections/thing-soft-font-alpercakici/
[2026-06-11T11:01:22Z] #606 attempt=1/2 status=200 0.349s url=https://www.myfonts.com/products/shree-kannada-4214-complete-family-package-1165163
[2026-06-11T11:01:23Z] #607 attempt=1/2 status=200 0.507s url=https://www.myfonts.com/collections/shree-kannada-4214-font-modularinfotech/
[2026-06-11T11:01:24Z] #608 attempt=1/2 status=200 0.671s url=https://www.myfonts.com/collections/shree-kannada-4214-font-modularinfotech/
[2026-06-11T11:01:24Z] #609 attempt=1/2 status=200 0.384s url=https://www.myfonts.com/products/shree-kannada-4219-complete-family-package-1165226
[2026-06-11T11:01:25Z] #610 attempt=1/2 status=200 0.411s url=https://www.myfonts.com/collections/shree-kannada-4219-font-modularinfotech/
[2026-06-11T11:01:25Z] #611 attempt=1/2 status=200 0.162s url=https://www.myfonts.com/collections/shree-kannada-4219-font-modularinfotech/
[2026-06-11T11:01:26Z] #612 attempt=1/2 status=200 0.443s url=https://www.myfonts.com/products/shree-kannada-4299-complete-family-package-1165129
[2026-06-11T11:01:27Z] #613 attempt=1/2 status=200 0.801s url=https://www.myfonts.com/collections/shree-kannada-4299-font-modularinfotech/
[2026-06-11T11:01:28Z] #614 attempt=1/2 status=200 0.138s url=https://www.myfonts.com/collections/shree-kannada-4299-font-modularinfotech/
[2026-06-11T11:01:28Z] #615 attempt=1/2 status=429 0.027s url=https://www.myfonts.com/products/hawara-complete-family-package-1165783
[2026-06-11T11:01:31Z] #616 attempt=2/2 status=200 0.479s url=https://www.myfonts.com/products/hawara-complete-family-package-1165783
[2026-06-11T11:01:32Z] #617 attempt=1/2 status=200 0.795s url=https://www.myfonts.com/collections/hawara-font-ekke-wolf/
[2026-06-11T11:01:32Z] #618 attempt=1/2 status=200 0.482s url=https://www.myfonts.com/products/shree-kannada-5305-complete-family-package-1165192
[2026-06-11T11:01:33Z] #619 attempt=1/2 status=200 0.656s url=https://www.myfonts.com/collections/shree-kannada-5305-font-modularinfotech/
[2026-06-11T11:01:34Z] #620 attempt=1/2 status=200 0.145s url=https://www.myfonts.com/collections/shree-kannada-5305-font-modularinfotech/
[2026-06-11T11:01:35Z] #621 attempt=1/2 status=200 0.992s url=https://www.myfonts.com/products/plantago-office-package-1143358
[2026-06-11T11:01:37Z] #622 attempt=1/2 status=200 1.621s url=https://www.myfonts.com/collections/plantago-font-schriftlabor/
[2026-06-11T11:01:38Z] #623 attempt=1/2 status=200 0.333s url=https://www.myfonts.com/products/skyppe-blastingo-complete-family-package-1165737
[2026-06-11T11:01:38Z] #624 attempt=1/2 status=200 0.393s url=https://www.myfonts.com/collections/skyppe-blastingo-font-stylishtype-studio/
[2026-06-11T11:01:39Z] #625 attempt=1/2 status=200 0.359s url=https://www.myfonts.com/products/shree-kannada-0854-complete-family-package-1165112
[2026-06-11T11:01:40Z] #626 attempt=1/2 status=200 0.483s url=https://www.myfonts.com/collections/shree-kannada-0854-font-modularinfotech/
[2026-06-11T11:01:40Z] #627 attempt=1/2 status=200 0.175s url=https://www.myfonts.com/collections/shree-kannada-0854-font-modularinfotech/
[2026-06-11T11:01:41Z] #628 attempt=1/2 status=200 0.357s url=https://www.myfonts.com/products/shree-kannada-0868-complete-family-package-1165082
[2026-06-11T11:01:41Z] #629 attempt=1/2 status=429 0.044s url=https://www.myfonts.com/collections/shree-kannada-0868-font-modularinfotech/
[2026-06-11T11:01:44Z] #630 attempt=2/2 status=200 0.862s url=https://www.myfonts.com/collections/shree-kannada-0868-font-modularinfotech/
[2026-06-11T11:01:45Z] #631 attempt=1/2 status=200 0.575s url=https://www.myfonts.com/collections/shree-kannada-0868-font-modularinfotech/
[2026-06-11T11:01:46Z] #632 attempt=1/2 status=200 0.598s url=https://www.myfonts.com/products/shree-kannada-4276-complete-family-package-1165031
[2026-06-11T11:01:47Z] #633 attempt=1/2 status=200 0.565s url=https://www.myfonts.com/collections/shree-kannada-4276-font-modularinfotech/
[2026-06-11T11:01:48Z] #634 attempt=1/2 status=200 0.874s url=https://www.myfonts.com/collections/shree-kannada-4276-font-modularinfotech/
[2026-06-11T11:01:48Z] #635 attempt=1/2 status=200 0.351s url=https://www.myfonts.com/products/shree-kannada-1427-complete-family-package-1165019
[2026-06-11T11:01:49Z] #636 attempt=1/2 status=200 0.515s url=https://www.myfonts.com/collections/shree-kannada-1427-font-modularinfotech/
[2026-06-11T11:01:50Z] #637 attempt=1/2 status=200 0.183s url=https://www.myfonts.com/collections/shree-kannada-1427-font-modularinfotech/
[2026-06-11T11:01:50Z] #638 attempt=1/2 status=200 0.417s url=https://www.myfonts.com/products/shree-kan5334-complete-family-package-1165183
[2026-06-11T11:01:51Z] #639 attempt=1/2 status=200 0.586s url=https://www.myfonts.com/collections/shree-kan5334-font-modularinfotech/
[2026-06-11T11:01:51Z] #640 attempt=1/2 status=429 0.026s url=https://www.myfonts.com/products/shree-kannada-3460-complete-family-package-1165220
[2026-06-11T11:01:54Z] #641 attempt=2/2 status=200 0.360s url=https://www.myfonts.com/products/shree-kannada-3460-complete-family-package-1165220
[2026-06-11T11:01:55Z] #642 attempt=1/2 status=200 0.593s url=https://www.myfonts.com/collections/shree-kannada-3460-font-modularinfotech/
[2026-06-11T11:01:55Z] #643 attempt=1/2 status=200 0.141s url=https://www.myfonts.com/collections/shree-kannada-3460-font-modularinfotech/
[2026-06-11T11:01:56Z] #644 attempt=1/2 status=200 0.338s url=https://www.myfonts.com/products/shree-kannada-3400-complete-family-package-1165085
[2026-06-11T11:01:57Z] #645 attempt=1/2 status=200 0.574s url=https://www.myfonts.com/collections/shree-kannada-3400-font-modularinfotech/
[2026-06-11T11:01:57Z] #646 attempt=1/2 status=200 0.145s url=https://www.myfonts.com/collections/shree-kannada-3400-font-modularinfotech/
[2026-06-11T11:01:57Z] #647 attempt=1/2 status=429 0.053s url=https://www.myfonts.com/products/shree-kannada-5302-complete-family-package-1165177
[2026-06-11T11:02:00Z] #648 attempt=2/2 status=200 0.402s url=https://www.myfonts.com/products/shree-kannada-5302-complete-family-package-1165177
[2026-06-11T11:02:01Z] #649 attempt=1/2 status=200 0.498s url=https://www.myfonts.com/collections/shree-kannada-5302-font-modularinfotech/
[2026-06-11T11:02:02Z] #650 attempt=1/2 status=200 0.582s url=https://www.myfonts.com/collections/shree-kannada-5302-font-modularinfotech/
[2026-06-11T11:02:02Z] #651 attempt=1/2 status=200 0.380s url=https://www.myfonts.com/products/shree-kannada-0865-complete-family-package-1165200
[2026-06-11T11:02:03Z] #652 attempt=1/2 status=200 0.529s url=https://www.myfonts.com/collections/shree-kannada-0865-font-modularinfotech/
[2026-06-11T11:02:04Z] #653 attempt=1/2 status=200 0.599s url=https://www.myfonts.com/collections/shree-kannada-0865-font-modularinfotech/
[2026-06-11T11:02:05Z] #654 attempt=1/2 status=200 0.335s url=https://www.myfonts.com/products/shree-kannada-3439-complete-family-package-1165028
[2026-06-11T11:02:05Z] #655 attempt=1/2 status=200 0.529s url=https://www.myfonts.com/collections/shree-kannada-3439-font-modularinfotech/
[2026-06-11T11:02:06Z] #656 attempt=1/2 status=429 0.051s url=https://www.myfonts.com/collections/shree-kannada-3439-font-modularinfotech/
[2026-06-11T11:02:08Z] #657 attempt=2/2 status=200 0.562s url=https://www.myfonts.com/collections/shree-kannada-3439-font-modularinfotech/
[2026-06-11T11:02:09Z] #658 attempt=1/2 status=200 0.340s url=https://www.myfonts.com/products/shree-kannada-1430-complete-family-package-1165250
[2026-06-11T11:02:10Z] #659 attempt=1/2 status=200 0.555s url=https://www.myfonts.com/collections/shree-kannada-1430-font-modularinfotech/
[2026-06-11T11:02:10Z] #660 attempt=1/2 status=200 0.175s url=https://www.myfonts.com/collections/shree-kannada-1430-font-modularinfotech/
[2026-06-11T11:02:11Z] #661 attempt=1/2 status=200 0.442s url=https://www.myfonts.com/products/arvelis-complete-family-package-1165438
[2026-06-11T11:02:12Z] #662 attempt=1/2 status=200 0.556s url=https://www.myfonts.com/collections/arvelis-font-artisan-studio/
[2026-06-11T11:02:14Z] #663 attempt=1/2 status=200 1.488s url=https://www.myfonts.com/products/smooth-black-semicondensed-axerifa-1166606
[2026-06-11T11:02:17Z] #664 attempt=1/2 status=200 2.899s url=https://www.myfonts.com/collections/axerifa-font-slex-studio/
[2026-06-11T11:02:19Z] #665 attempt=1/2 status=200 1.289s url=https://www.myfonts.com/products/thin-slant-extra-expanded-vestica-neue-1165729
[2026-06-11T11:02:21Z] #666 attempt=1/2 status=200 1.784s url=https://www.myfonts.com/collections/vestica-neue-font-slex-studio/
[2026-06-11T11:02:22Z] #667 attempt=1/2 status=200 0.346s url=https://www.myfonts.com/products/regular-voluma-1164844
[2026-06-11T11:02:22Z] #668 attempt=1/2 status=200 0.330s url=https://www.myfonts.com/collections/voluma-font-pekotype/
[2026-06-11T11:02:24Z] #669 attempt=1/2 status=200 0.893s url=https://www.myfonts.com/products/smooth-black-serapha-serif-1165296
[2026-06-11T11:02:25Z] #670 attempt=1/2 status=200 1.368s url=https://www.myfonts.com/collections/serapha-serif-font-slex-studio/
[2026-06-11T11:02:26Z] #671 attempt=1/2 status=200 0.444s url=https://www.myfonts.com/products/regular-veronila-1165506
[2026-06-11T11:02:27Z] #672 attempt=1/2 status=200 0.298s url=https://www.myfonts.com/collections/veronila-font-rahagita-type/
[2026-06-11T11:02:28Z] #673 attempt=1/2 status=200 0.697s url=https://www.myfonts.com/products/medium-extracondensed-the-aveloria-twice-1165850
[2026-06-11T11:02:29Z] #674 attempt=1/2 status=200 0.643s url=https://www.myfonts.com/collections/the-aveloria-twice-font-slex-studio/
[2026-06-11T11:02:30Z] #675 attempt=1/6 status=200 0.840s url=https://www.myfonts.com/products.json?limit=100&page=10
[2026-06-11T11:02:31Z] #676 attempt=1/2 status=200 0.405s url=https://www.myfonts.com/products/regular-sukhara-1164843
[2026-06-11T11:02:31Z] #677 attempt=1/2 status=200 0.420s url=https://www.myfonts.com/collections/sukhara-font-shanaf/
[2026-06-11T11:02:32Z] #678 attempt=1/2 status=200 0.328s url=https://www.myfonts.com/products/regular-noodle-factory-1164842
[2026-06-11T11:02:33Z] #679 attempt=1/2 status=200 0.373s url=https://www.myfonts.com/collections/noodle-factory-font-shanaf/
[2026-06-11T11:02:33Z] #680 attempt=1/2 status=200 0.425s url=https://www.myfonts.com/products/italic-shree-kannada-1464-1165168
[2026-06-11T11:02:34Z] #681 attempt=1/2 status=200 0.547s url=https://www.myfonts.com/collections/shree-kannada-1464-font-modularinfotech/
[2026-06-11T11:02:35Z] #682 attempt=1/2 status=200 0.798s url=https://www.myfonts.com/collections/shree-kannada-1464-font-modularinfotech/
[2026-06-11T11:02:37Z] #683 attempt=1/6 status=200 0.779s url=https://www.myfonts.com/products.json?limit=100&page=11
[2026-06-11T11:02:37Z] #684 attempt=1/2 status=200 0.332s url=https://www.myfonts.com/products/regular-burnside-1166647
[2026-06-11T11:02:38Z] #685 attempt=1/2 status=200 0.270s url=https://www.myfonts.com/collections/burnside-font-sloulyfe-studio/
[2026-06-11T11:02:38Z] #686 attempt=1/2 status=200 0.274s url=https://www.myfonts.com/products/regular-doughzy-1165482
[2026-06-11T11:02:39Z] #687 attempt=1/2 status=200 0.278s url=https://www.myfonts.com/collections/doughzy-font-rahagita-type/
[2026-06-11T11:02:40Z] #688 attempt=1/6 status=200 0.735s url=https://www.myfonts.com/products.json?limit=100&page=12
[2026-06-11T11:02:41Z] #689 attempt=1/2 status=200 0.314s url=https://www.myfonts.com/products/regular-pludox-1166737
[2026-06-11T11:02:41Z] #690 attempt=1/2 status=200 0.294s url=https://www.myfonts.com/collections/pludox-font-hasnat-studio/
[2026-06-11T11:02:42Z] #691 attempt=1/2 status=200 0.315s url=https://www.myfonts.com/products/regular-rt-mango-letters-1166743
[2026-06-11T11:02:42Z] #692 attempt=1/2 status=200 0.397s url=https://www.myfonts.com/collections/rt-mango-letters-font-rillatype/
[2026-06-11T11:02:44Z] #693 attempt=1/6 status=200 0.759s url=https://www.myfonts.com/products.json?limit=100&page=13
[2026-06-11T11:02:44Z] #694 attempt=1/2 status=429 0.041s url=https://www.myfonts.com/products/bendios-rembine-regular-mc-bendios-rembine-1164846
[2026-06-11T11:02:47Z] #695 attempt=2/2 status=200 0.407s url=https://www.myfonts.com/products/bendios-rembine-regular-mc-bendios-rembine-1164846
[2026-06-11T11:02:47Z] #696 attempt=1/2 status=200 0.413s url=https://www.myfonts.com/collections/mc-bendios-rembine-font-maulana-creative/
[2026-06-11T11:02:48Z] #697 attempt=1/2 status=200 0.398s url=https://www.myfonts.com/products/regular-sigum-1164867
[2026-06-11T11:02:48Z] #698 attempt=1/2 status=200 0.267s url=https://www.myfonts.com/collections/sigum-font-pekotype/
[2026-06-11T11:02:49Z] #699 attempt=1/2 status=200 0.327s url=https://www.myfonts.com/products/regular-western-hornet-1164841
[2026-06-11T11:02:50Z] #700 attempt=1/2 status=200 0.316s url=https://www.myfonts.com/collections/western-hornet-font-pekotype/
[2026-06-11T11:02:51Z] #701 attempt=1/6 status=200 0.751s url=https://www.myfonts.com/products.json?limit=100&page=14
[2026-06-11T11:02:51Z] #702 attempt=1/2 status=429 0.043s url=https://www.myfonts.com/products/regular-pottery-1165624
[2026-06-11T11:02:54Z] #703 attempt=2/2 status=200 0.340s url=https://www.myfonts.com/products/regular-pottery-1165624
[2026-06-11T11:02:54Z] #704 attempt=1/2 status=200 0.303s url=https://www.myfonts.com/collections/pottery-font-nurf-designs/
[2026-06-11T11:02:55Z] #705 attempt=1/6 status=200 0.651s url=https://www.myfonts.com/products.json?limit=100&page=15
[2026-06-11T11:02:56Z] #706 attempt=1/2 status=200 0.271s url=https://www.myfonts.com/products/regular-wellfon-1164832
[2026-06-11T11:02:56Z] #707 attempt=1/2 status=200 0.283s url=https://www.myfonts.com/collections/wellfon-font-pekotype/
[2026-06-11T11:02:58Z] #708 attempt=1/6 status=200 0.762s url=https://www.myfonts.com/products.json?limit=100&page=16
[2026-06-11T11:02:58Z] #709 attempt=1/2 status=200 0.269s url=https://www.myfonts.com/products/regular-grimthorn-1164812
[2026-06-11T11:02:59Z] #710 attempt=1/2 status=200 0.344s url=https://www.myfonts.com/collections/grimthorn-font-shanaf/
[2026-06-11T11:02:59Z] #711 attempt=1/2 status=429 0.028s url=https://www.myfonts.com/products/regular-wicked-night-1164827
[2026-06-11T11:03:02Z] #712 attempt=2/2 status=200 0.474s url=https://www.myfonts.com/products/regular-wicked-night-1164827
[2026-06-11T11:03:03Z] #713 attempt=1/2 status=200 0.432s url=https://www.myfonts.com/collections/wicked-night-font-pekotype/
[2026-06-11T11:03:04Z] #714 attempt=1/6 status=200 0.728s url=https://www.myfonts.com/products.json?limit=100&page=17
[2026-06-11T11:03:04Z] #715 attempt=1/2 status=200 0.275s url=https://www.myfonts.com/products/regular-viltrum-1164845
[2026-06-11T11:03:05Z] #716 attempt=1/2 status=200 0.305s url=https://www.myfonts.com/collections/viltrum-font-pekotype/
[2026-06-11T11:03:06Z] #717 attempt=1/6 status=200 0.810s url=https://www.myfonts.com/products.json?limit=100&page=18
[2026-06-11T11:03:07Z] #718 attempt=1/2 status=200 0.411s url=https://www.myfonts.com/products/regular-starust-1165543
[2026-06-11T11:03:08Z] #719 attempt=1/2 status=200 0.421s url=https://www.myfonts.com/collections/starust-font-alit-design/
[2026-06-11T11:03:09Z] #720 attempt=1/6 status=200 0.960s url=https://www.myfonts.com/products.json?limit=100&page=19
[2026-06-11T11:03:10Z] #721 attempt=1/2 status=200 0.275s url=https://www.myfonts.com/products/regular-floral-ritual-1164811
[2026-06-11T11:03:10Z] #722 attempt=1/2 status=200 0.380s url=https://www.myfonts.com/collections/floral-ritual-font-shanaf/
[2026-06-11T11:03:12Z] #723 attempt=1/6 status=200 0.856s url=https://www.myfonts.com/products.json?limit=100&page=20
[2026-06-11T11:03:12Z] #724 attempt=1/2 status=200 0.412s url=https://www.myfonts.com/products/extra-bold-condensed-bethora-1165383
[2026-06-11T11:03:13Z] #725 attempt=1/2 status=200 0.344s url=https://www.myfonts.com/collections/bethora-font-lettersams/
[2026-06-11T11:03:13Z] #726 attempt=1/2 status=429 0.039s url=https://www.myfonts.com/products/samfont-regular-sam-1165539
[2026-06-11T11:03:16Z] #727 attempt=2/2 status=200 0.326s url=https://www.myfonts.com/products/samfont-regular-sam-1165539
[2026-06-11T11:03:16Z] #728 attempt=1/2 status=200 0.298s url=https://www.myfonts.com/collections/sam-font-eryn-rose-design/
[2026-06-11T11:03:17Z] #729 attempt=1/2 status=200 0.296s url=https://www.myfonts.com/products/regular-cubis-1165458
[2026-06-11T11:03:18Z] #730 attempt=1/2 status=200 0.347s url=https://www.myfonts.com/collections/cubis-font-jaruka-creative/
[2026-06-11T11:03:18Z] #731 attempt=1/2 status=200 0.280s url=https://www.myfonts.com/products/regular-erica-1165517
[2026-06-11T11:03:18Z] #732 attempt=1/2 status=429 0.038s url=https://www.myfonts.com/collections/erica-font-jaruka-creative/
[2026-06-11T11:03:21Z] #733 attempt=2/2 status=200 0.429s url=https://www.myfonts.com/collections/erica-font-jaruka-creative/
[2026-06-11T11:03:23Z] #734 attempt=1/6 status=200 1.101s url=https://www.myfonts.com/products.json?limit=100&page=21
[2026-06-11T11:03:23Z] #735 attempt=1/2 status=200 0.291s url=https://www.myfonts.com/products/regular-kroovella-1165544
[2026-06-11T11:03:24Z] #736 attempt=1/2 status=200 0.279s url=https://www.myfonts.com/collections/kroovella-font-shanaf/
[2026-06-11T11:03:24Z] #737 attempt=1/2 status=200 0.373s url=https://www.myfonts.com/products/regular-sure-thing-signature-1165521
[2026-06-11T11:03:25Z] #738 attempt=1/2 status=200 0.290s url=https://www.myfonts.com/collections/sure-thing-signature-font-tebaltipis-studio/
[2026-06-11T11:03:26Z] #739 attempt=1/2 status=200 0.660s url=https://www.myfonts.com/products/smooth-bold-semicondensed-noveris-forma-1164775
[2026-06-11T11:03:27Z] #740 attempt=1/2 status=200 1.100s url=https://www.myfonts.com/collections/noveris-forma-font-slex-studio/
[2026-06-11T11:03:28Z] #741 attempt=1/2 status=200 0.480s url=https://www.myfonts.com/products/fuqua-complete-family-package-1163719
[2026-06-11T11:03:29Z] #742 attempt=1/2 status=200 0.531s url=https://www.myfonts.com/collections/fuqua-font-garagefonts/
[2026-06-11T11:03:29Z] #743 attempt=1/2 status=200 0.308s url=https://www.myfonts.com/products/fuqua-variable-complete-family-package-1163716
[2026-06-11T11:03:30Z] #744 attempt=1/2 status=200 0.344s url=https://www.myfonts.com/collections/fuqua-variable-font-garagefonts/
[2026-06-11T11:03:30Z] #745 attempt=1/2 status=429 0.026s url=https://www.myfonts.com/products/cajueira-family-package-1163715
[2026-06-11T11:03:33Z] #746 attempt=2/2 status=200 0.647s url=https://www.myfonts.com/products/cajueira-family-package-1163715
[2026-06-11T11:03:34Z] #747 attempt=1/2 status=200 0.822s url=https://www.myfonts.com/collections/cajueira-font-sofiamohr/
[2026-06-11T11:03:35Z] #748 attempt=1/2 status=200 0.492s url=https://www.myfonts.com/products/gradine-complete-family-package-1161584
[2026-06-11T11:03:36Z] #749 attempt=1/2 status=200 0.742s url=https://www.myfonts.com/collections/gradine-font-dstype/
[2026-06-11T11:03:38Z] #750 attempt=1/6 status=200 0.833s url=https://www.myfonts.com/products.json?limit=100&page=22
[2026-06-11T11:03:39Z] #751 attempt=1/2 status=200 0.479s url=https://www.myfonts.com/products/black-semi-condensed-santhor-1162602
[2026-06-11T11:03:39Z] #752 attempt=1/2 status=200 0.391s url=https://www.myfonts.com/collections/santhor-font-propertype/
[2026-06-11T11:03:41Z] #753 attempt=1/2 status=200 1.231s url=https://www.myfonts.com/products/50-font-bundle-package-1046439
[2026-06-11T11:03:41Z] #754 attempt=1/2 status=404 0.147s url=https://www.myfonts.com/collections/50-font-bundle-font-dream-font
[2026-06-11T11:03:42Z] #755 attempt=1/2 status=200 1.118s url=https://www.myfonts.com/products/signature-bundle-package-1046440
[2026-06-11T11:03:43Z] #756 attempt=1/2 status=404 0.202s url=https://www.myfonts.com/collections/signature-bundle-font-dream-font
[2026-06-11T11:03:44Z] #757 attempt=1/2 status=200 0.551s url=https://www.myfonts.com/products/infinity-font-bundle-package-1004854
[2026-06-11T11:03:44Z] #758 attempt=1/2 status=404 0.239s url=https://www.myfonts.com/collections/infinity-font-bundle-font-dream-font
[2026-06-11T11:03:45Z] #759 attempt=1/2 status=200 0.402s url=https://www.myfonts.com/products/challenger-font-bundle-package-1004855
[2026-06-11T11:03:45Z] #760 attempt=1/2 status=404 0.187s url=https://www.myfonts.com/collections/challenger-font-bundle-font-dream-font
[2026-06-11T11:03:45Z] #761 attempt=1/2 status=429 0.041s url=https://www.myfonts.com/products/bekor-extra-bundle-package-1004853
[2026-06-11T11:03:48Z] #762 attempt=2/2 status=200 0.514s url=https://www.myfonts.com/products/bekor-extra-bundle-package-1004853
[2026-06-11T11:03:48Z] #763 attempt=1/2 status=404 0.167s url=https://www.myfonts.com/collections/bekor-extra-bundle-font-dream-font
[2026-06-11T11:03:49Z] #764 attempt=1/2 status=200 0.418s url=https://www.myfonts.com/products/tipo-movin-cdmx-complete-family-package-1164680
[2026-06-11T11:03:50Z] #765 attempt=1/2 status=200 0.462s url=https://www.myfonts.com/collections/tipo-movin-cdmx-font-ixipcalli/
[2026-06-11T11:03:50Z] #766 attempt=1/2 status=200 0.347s url=https://www.myfonts.com/products/tipo-metro-cdmx-complete-family-package-1164673
[2026-06-11T11:03:51Z] #767 attempt=1/2 status=200 0.648s url=https://www.myfonts.com/collections/tipo-metro-cdmx-font-ixipcalli/
[2026-06-11T11:03:52Z] #768 attempt=1/2 status=200 0.319s url=https://www.myfonts.com/products/limit-micro-variable-concept-complete-family-package-1164652
[2026-06-11T11:03:52Z] #769 attempt=1/2 status=429 0.035s url=https://www.myfonts.com/collections/limit-micro-variable-concept-font-bold-guys/
[2026-06-11T11:03:55Z] #770 attempt=2/2 status=200 0.533s url=https://www.myfonts.com/collections/limit-micro-variable-concept-font-bold-guys/
[2026-06-11T11:03:56Z] #771 attempt=1/2 status=200 0.616s url=https://www.myfonts.com/products/blumir-complete-family-package-1164569
[2026-06-11T11:03:57Z] #772 attempt=1/2 status=200 0.693s url=https://www.myfonts.com/collections/blumir-font-ridtype/
[2026-06-11T11:03:58Z] #773 attempt=1/2 status=200 0.543s url=https://www.myfonts.com/products/limit-text-variable-concept-complete-family-package-1164656
[2026-06-11T11:03:58Z] #774 attempt=1/2 status=200 0.545s url=https://www.myfonts.com/collections/limit-text-variable-concept-font-bold-guys/
[2026-06-11T11:03:59Z] #775 attempt=1/2 status=200 0.559s url=https://www.myfonts.com/products/gutriger-complete-family-package-1164597
[2026-06-11T11:04:01Z] #776 attempt=1/2 status=200 1.349s url=https://www.myfonts.com/collections/gutriger-font-ridtype/
[2026-06-11T11:04:02Z] #777 attempt=1/2 status=200 0.356s url=https://www.myfonts.com/products/limit-variable-concept-full-complete-family-package-1164664
[2026-06-11T11:04:02Z] #778 attempt=1/2 status=200 0.424s url=https://www.myfonts.com/collections/limit-variable-concept-full-font-bold-guys/
[2026-06-11T11:04:03Z] #779 attempt=1/2 status=200 0.588s url=https://www.myfonts.com/products/ghivenic-complete-family-package-1164571
[2026-06-11T11:04:04Z] #780 attempt=1/2 status=200 0.963s url=https://www.myfonts.com/collections/ghivenic-font-ridtype/
[2026-06-11T11:04:05Z] #781 attempt=1/2 status=200 0.407s url=https://www.myfonts.com/products/limit-display-variable-concept-complete-family-package-1164660
[2026-06-11T11:04:06Z] #782 attempt=1/2 status=200 0.687s url=https://www.myfonts.com/collections/limit-display-variable-concept-font-bold-guys/
[2026-06-11T11:04:07Z] #783 attempt=1/2 status=200 0.580s url=https://www.myfonts.com/products/sansceina-complete-family-package-1164574
[2026-06-11T11:04:08Z] #784 attempt=1/2 status=200 0.701s url=https://www.myfonts.com/collections/sansceina-font-ridtype/
[2026-06-11T11:04:09Z] #785 attempt=1/2 status=200 0.455s url=https://www.myfonts.com/products/basis-grotesque-arabic-complete-family-package-1164634
[2026-06-11T11:04:09Z] #786 attempt=1/2 status=200 0.544s url=https://www.myfonts.com/collections/basis-grotesque-arabic-font-colophon-foundry/
[2026-06-11T11:04:10Z] #787 attempt=1/2 status=429 0.035s url=https://www.myfonts.com/products/regular-loving-de-rome-1164596
[2026-06-11T11:04:12Z] #788 attempt=2/2 status=200 0.358s url=https://www.myfonts.com/products/regular-loving-de-rome-1164596
[2026-06-11T11:04:13Z] #789 attempt=1/2 status=200 0.272s url=https://www.myfonts.com/collections/loving-de-rome-font-tanon-design/
[2026-06-11T11:04:13Z] #790 attempt=1/2 status=200 0.271s url=https://www.myfonts.com/products/regular-aigos-1164599
[2026-06-11T11:04:14Z] #791 attempt=1/2 status=200 0.268s url=https://www.myfonts.com/collections/aigos-font-pekotype/
[2026-06-11T11:04:14Z] #792 attempt=1/2 status=200 0.297s url=https://www.myfonts.com/products/regular-the-grateful-party-1164573
[2026-06-11T11:04:15Z] #793 attempt=1/2 status=429 0.032s url=https://www.myfonts.com/collections/the-grateful-party-font-sloulyfe-studio/
[2026-06-11T11:04:17Z] #794 attempt=2/2 status=200 0.328s url=https://www.myfonts.com/collections/the-grateful-party-font-sloulyfe-studio/
[2026-06-11T11:04:18Z] #795 attempt=1/2 status=200 0.338s url=https://www.myfonts.com/products/regular-koralline-1164605
[2026-06-11T11:04:18Z] #796 attempt=1/2 status=200 0.326s url=https://www.myfonts.com/collections/koralline-font-vadova-std/
[2026-06-11T11:04:19Z] #797 attempt=1/2 status=200 0.428s url=https://www.myfonts.com/products/regular-suerda-1164602
[2026-06-11T11:04:20Z] #798 attempt=1/2 status=200 0.411s url=https://www.myfonts.com/collections/suerda-font-olivetype/
[2026-06-11T11:04:20Z] #799 attempt=1/2 status=200 0.307s url=https://www.myfonts.com/products/regular-monside-1164600
[2026-06-11T11:04:20Z] #800 attempt=1/2 status=429 0.063s url=https://www.myfonts.com/collections/monside-font-jaruka-creative/
[2026-06-11T11:04:23Z] #801 attempt=2/2 status=200 0.353s url=https://www.myfonts.com/collections/monside-font-jaruka-creative/
[2026-06-11T11:04:24Z] #802 attempt=1/2 status=200 0.425s url=https://www.myfonts.com/products/regular-tzuyuha-1164606
[2026-06-11T11:04:24Z] #803 attempt=1/2 status=200 0.310s url=https://www.myfonts.com/collections/tzuyuha-font-vadova-std/
[2026-06-11T11:04:25Z] #804 attempt=1/2 status=200 0.268s url=https://www.myfonts.com/products/regular-xeonic-1164601
[2026-06-11T11:04:25Z] #805 attempt=1/2 status=200 0.263s url=https://www.myfonts.com/collections/xeonic-font-pekotype/
[2026-06-11T11:04:26Z] #806 attempt=1/2 status=429 0.033s url=https://www.myfonts.com/products/regular-manhaj-1164603
[2026-06-11T11:04:28Z] #807 attempt=2/2 status=200 0.369s url=https://www.myfonts.com/products/regular-manhaj-1164603
[2026-06-11T11:04:29Z] #808 attempt=1/2 status=200 0.295s url=https://www.myfonts.com/collections/manhaj-font-jaruka-creative/
[2026-06-11T11:04:29Z] #809 attempt=1/2 status=200 0.337s url=https://www.myfonts.com/products/regular-deadbone-1164612
[2026-06-11T11:04:30Z] #810 attempt=1/2 status=200 0.262s url=https://www.myfonts.com/collections/deadbone-font-vadova-std/
[2026-06-11T11:04:31Z] #811 attempt=1/2 status=200 0.369s url=https://www.myfonts.com/products/regular-rosemeu-1164604
[2026-06-11T11:04:31Z] #812 attempt=1/2 status=429 0.029s url=https://www.myfonts.com/collections/rosemeu-font-vadova-std/
[2026-06-11T11:04:33Z] #813 attempt=2/2 status=200 0.354s url=https://www.myfonts.com/collections/rosemeu-font-vadova-std/
[2026-06-11T11:04:34Z] #814 attempt=1/2 status=200 0.353s url=https://www.myfonts.com/products/regular-cybernex-1164611
[2026-06-11T11:04:34Z] #815 attempt=1/2 status=200 0.228s url=https://www.myfonts.com/collections/cybernex-font-vadova-std/
[2026-06-11T11:04:35Z] #816 attempt=1/2 status=200 0.388s url=https://www.myfonts.com/products/regular-arcade-byte-1164614
[2026-06-11T11:04:36Z] #817 attempt=1/2 status=200 0.296s url=https://www.myfonts.com/collections/arcade-byte-font-shanaf/
[2026-06-11T11:04:37Z] #818 attempt=1/6 status=200 0.894s url=https://www.myfonts.com/products.json?limit=100&page=23
[2026-06-11T11:04:38Z] #819 attempt=1/2 status=200 0.367s url=https://www.myfonts.com/products/variable-easy-flex-1104925
[2026-06-11T11:04:38Z] #820 attempt=1/2 status=429 0.027s url=https://www.myfonts.com/collections/easy-flex-font-lhs-yg/
[2026-06-11T11:04:41Z] #821 attempt=2/2 status=200 0.376s url=https://www.myfonts.com/collections/easy-flex-font-lhs-yg/
[2026-06-11T11:04:41Z] #822 attempt=1/2 status=200 0.367s url=https://www.myfonts.com/products/regular-belorient-1164609
[2026-06-11T11:04:42Z] #823 attempt=1/2 status=200 0.275s url=https://www.myfonts.com/collections/belorient-font-vadova-std/
[2026-06-11T11:04:42Z] #824 attempt=1/2 status=200 0.272s url=https://www.myfonts.com/products/regular-broken-rivet-1164615
[2026-06-11T11:04:43Z] #825 attempt=1/2 status=200 0.291s url=https://www.myfonts.com/collections/broken-rivet-font-shanaf/
[2026-06-11T11:04:43Z] #826 attempt=1/2 status=429 0.030s url=https://www.myfonts.com/products/regular-hanggara-1164608
[2026-06-11T11:04:46Z] #827 attempt=2/2 status=200 0.361s url=https://www.myfonts.com/products/regular-hanggara-1164608
[2026-06-11T11:04:46Z] #828 attempt=1/2 status=200 0.262s url=https://www.myfonts.com/collections/hanggara-font-vadova-std/
[2026-06-11T11:04:47Z] #829 attempt=1/2 status=200 0.339s url=https://www.myfonts.com/products/regular-azlamirza-1164613
[2026-06-11T11:04:47Z] #830 attempt=1/2 status=200 0.301s url=https://www.myfonts.com/collections/azlamirza-font-flawlessandco/
[2026-06-11T11:04:48Z] #831 attempt=1/2 status=200 0.293s url=https://www.myfonts.com/products/regular-dahaga-1164607
[2026-06-11T11:04:48Z] #832 attempt=1/2 status=429 0.051s url=https://www.myfonts.com/collections/dahaga-font-vadova-std/
[2026-06-11T11:04:51Z] #833 attempt=2/2 status=200 0.352s url=https://www.myfonts.com/collections/dahaga-font-vadova-std/
[2026-06-11T11:04:51Z] #834 attempt=1/2 status=200 0.310s url=https://www.myfonts.com/products/regular-fugazi-1164595
[2026-06-11T11:04:52Z] #835 attempt=1/2 status=200 0.351s url=https://www.myfonts.com/collections/fugazi-font-karajan-type-foundry/
[2026-06-11T11:04:52Z] #836 attempt=1/2 status=200 0.338s url=https://www.myfonts.com/products/regular-danyelle-1164610
[2026-06-11T11:04:53Z] #837 attempt=1/2 status=200 0.357s url=https://www.myfonts.com/collections/danyelle-font-vadova-std/
[2026-06-11T11:04:53Z] #838 attempt=1/2 status=429 0.039s url=https://www.myfonts.com/products/personal-vogue-complete-family-package-1164482
[2026-06-11T11:04:56Z] #839 attempt=2/2 status=200 0.356s url=https://www.myfonts.com/products/personal-vogue-complete-family-package-1164482
[2026-06-11T11:04:57Z] #840 attempt=1/2 status=200 0.389s url=https://www.myfonts.com/collections/personal-vogue-font-auliart-studio/
[2026-06-11T11:04:57Z] #841 attempt=1/2 status=200 0.330s url=https://www.myfonts.com/products/crote-complete-family-package-1164507
[2026-06-11T11:04:58Z] #842 attempt=1/2 status=200 0.410s url=https://www.myfonts.com/collections/crote-font-ragamkata/
[2026-06-11T11:04:59Z] #843 attempt=1/2 status=200 0.404s url=https://www.myfonts.com/products/regular-and-bold-package-1164025
[2026-06-11T11:04:59Z] #844 attempt=1/2 status=200 0.584s url=https://www.myfonts.com/collections/textaus-font-anfound-type/
[2026-06-11T11:05:00Z] #845 attempt=1/2 status=200 0.383s url=https://www.myfonts.com/products/hajikah-complete-family-package-1164496
[2026-06-11T11:05:00Z] #846 attempt=1/2 status=429 0.028s url=https://www.myfonts.com/collections/hajikah-font-margi-studio/
[2026-06-11T11:05:03Z] #847 attempt=2/2 status=200 0.537s url=https://www.myfonts.com/collections/hajikah-font-margi-studio/
[2026-06-11T11:05:04Z] #848 attempt=1/2 status=200 0.388s url=https://www.myfonts.com/products/monar-complete-family-package-1164225
[2026-06-11T11:05:05Z] #849 attempt=1/2 status=200 0.630s url=https://www.myfonts.com/collections/monar-font-afkari-studio/
[2026-06-11T11:05:05Z] #850 attempt=1/2 status=200 0.437s url=https://www.myfonts.com/products/dargon-complete-family-package-1164050
[2026-06-11T11:05:06Z] #851 attempt=1/2 status=200 0.609s url=https://www.myfonts.com/collections/dargon-font-type-together/
[2026-06-11T11:05:07Z] #852 attempt=1/2 status=200 0.354s url=https://www.myfonts.com/products/amaia-complete-family-package-1164479
[2026-06-11T11:05:07Z] #853 attempt=1/2 status=200 0.383s url=https://www.myfonts.com/collections/amaia-font-divora-type/
[2026-06-11T11:05:08Z] #854 attempt=1/2 status=200 0.587s url=https://www.myfonts.com/products/the-velmira-serif-simple-complete-family-package-1164448
[2026-06-11T11:05:09Z] #855 attempt=1/2 status=200 0.725s url=https://www.myfonts.com/collections/the-velmira-serif-simple-font-slex-studio/
[2026-06-11T11:05:10Z] #856 attempt=1/2 status=200 0.338s url=https://www.myfonts.com/products/ragonte-complete-family-package-1164239
[2026-06-11T11:05:10Z] #857 attempt=1/2 status=429 0.049s url=https://www.myfonts.com/collections/ragonte-font-vermilione/
[2026-06-11T11:05:13Z] #858 attempt=2/2 status=200 0.668s url=https://www.myfonts.com/collections/ragonte-font-vermilione/
[2026-06-11T11:05:14Z] #859 attempt=1/2 status=200 0.689s url=https://www.myfonts.com/products/cornella-complete-family-package-1164196
[2026-06-11T11:05:15Z] #860 attempt=1/2 status=200 1.124s url=https://www.myfonts.com/collections/cornella-font-slex-studio/
[2026-06-11T11:05:16Z] #861 attempt=1/2 status=200 0.307s url=https://www.myfonts.com/products/whip-crema-complete-family-package-1164266
[2026-06-11T11:05:17Z] #862 attempt=1/2 status=200 0.489s url=https://www.myfonts.com/collections/whip-crema-font-letterytz/
[2026-06-11T11:05:18Z] #863 attempt=1/2 status=200 0.842s url=https://www.myfonts.com/products/runzoe-complete-family-package-1164489
[2026-06-11T11:05:19Z] #864 attempt=1/2 status=200 0.564s url=https://www.myfonts.com/collections/runzoe-font-afkari-studio/
[2026-06-11T11:05:19Z] #865 attempt=1/2 status=200 0.338s url=https://www.myfonts.com/products/cheeser-complete-family-package-1164492
[2026-06-11T11:05:20Z] #866 attempt=1/2 status=200 0.816s url=https://www.myfonts.com/collections/cheeser-font-casloop-studio/
[2026-06-11T11:05:21Z] #867 attempt=1/2 status=200 0.341s url=https://www.myfonts.com/products/regular-bold-and-black-package-1164551
[2026-06-11T11:05:22Z] #868 attempt=1/2 status=200 1.011s url=https://www.myfonts.com/collections/glique-font-fitrah-type/
[2026-06-11T11:05:23Z] #869 attempt=1/2 status=200 0.726s url=https://www.myfonts.com/products/athelya-complete-family-package-1164511
[2026-06-11T11:05:24Z] #870 attempt=1/2 status=200 0.589s url=https://www.myfonts.com/collections/athelya-font-ragamkata/
[2026-06-11T11:05:25Z] #871 attempt=1/2 status=200 0.406s url=https://www.myfonts.com/products/void-stamp-complete-family-package-1164261
[2026-06-11T11:05:26Z] #872 attempt=1/2 status=200 0.497s url=https://www.myfonts.com/collections/void-stamp-font-atom/
[2026-06-11T11:05:26Z] #873 attempt=1/2 status=200 0.437s url=https://www.myfonts.com/products/netizen-complete-family-package-1164485
[2026-06-11T11:05:27Z] #874 attempt=1/2 status=200 0.686s url=https://www.myfonts.com/collections/netizen-font-cocodesign/
[2026-06-11T11:05:28Z] #875 attempt=1/2 status=200 0.391s url=https://www.myfonts.com/products/velmora-sketch-complete-family-package-1164476
[2026-06-11T11:05:28Z] #876 attempt=1/2 status=429 0.043s url=https://www.myfonts.com/collections/velmora-sketch-font-mei-suseno/
[2026-06-11T11:05:31Z] #877 attempt=2/2 status=200 0.501s url=https://www.myfonts.com/collections/velmora-sketch-font-mei-suseno/
[2026-06-11T11:05:33Z] #878 attempt=1/2 status=200 2.341s url=https://www.myfonts.com/products/soft-package-1163936
[2026-06-11T11:05:37Z] #879 attempt=1/2 status=500 3.265s url=https://www.myfonts.com/collections/obigart-font-rastype-studio/
[2026-06-11T11:05:37Z] #880 attempt=1/2 status=404 0.201s url=https://www.myfonts.com/collections/soft-font-rastype-studio
[2026-06-11T11:05:38Z] #881 attempt=1/2 status=200 0.701s url=https://www.myfonts.com/products/brahma-complete-family-package-1164515
[2026-06-11T11:05:40Z] #882 attempt=1/2 status=200 1.260s url=https://www.myfonts.com/collections/brahma-font-tall-chai/
[2026-06-11T11:05:41Z] #883 attempt=1/2 status=200 0.477s url=https://www.myfonts.com/products/chunky-chaos-complete-family-package-1164233
[2026-06-11T11:05:41Z] #884 attempt=1/2 status=200 0.470s url=https://www.myfonts.com/collections/chunky-chaos-font-cocodesign/
[2026-06-11T11:05:43Z] #885 attempt=1/2 status=200 1.112s url=https://www.myfonts.com/products/essential-script-font-bundle-package-1163690
[2026-06-11T11:05:43Z] #886 attempt=1/2 status=404 0.221s url=https://www.myfonts.com/collections/essential-script-font-bundle-font-gilar-studio
[2026-06-11T11:05:44Z] #887 attempt=1/2 status=200 0.639s url=https://www.myfonts.com/products/evoritha-complete-family-package-1164269
[2026-06-11T11:05:46Z] #888 attempt=1/2 status=200 1.411s url=https://www.myfonts.com/collections/evoritha-font-propertype/
[2026-06-11T11:05:47Z] #889 attempt=1/2 status=200 0.379s url=https://www.myfonts.com/products/mn-caviere-complete-family-package-1164228
[2026-06-11T11:05:48Z] #890 attempt=1/2 status=200 0.543s url=https://www.myfonts.com/collections/mn-caviere-font-mantra-naga-studio/
[2026-06-11T11:05:48Z] #891 attempt=1/2 status=200 0.294s url=https://www.myfonts.com/products/lakhu-complete-family-package-1164501
[2026-06-11T11:05:49Z] #892 attempt=1/2 status=200 0.375s url=https://www.myfonts.com/collections/lakhu-font-fernande/
[2026-06-11T11:05:50Z] #893 attempt=1/2 status=200 0.375s url=https://www.myfonts.com/products/yordola-complete-family-package-1164249
[2026-06-11T11:05:50Z] #894 attempt=1/2 status=200 0.468s url=https://www.myfonts.com/collections/yordola-font-outerend/
[2026-06-11T11:05:51Z] #895 attempt=1/2 status=200 0.365s url=https://www.myfonts.com/products/funker-complete-family-package-1164242
[2026-06-11T11:05:52Z] #896 attempt=1/2 status=200 0.440s url=https://www.myfonts.com/collections/funker-font-goodwheel-studio/
[2026-06-11T11:05:52Z] #897 attempt=1/2 status=200 0.330s url=https://www.myfonts.com/products/regular-belfrage-1164500
[2026-06-11T11:05:53Z] #898 attempt=1/2 status=200 0.299s url=https://www.myfonts.com/collections/belfrage-font-limitype/
[2026-06-11T11:05:53Z] #899 attempt=1/2 status=200 0.296s url=https://www.myfonts.com/products/regular-navilon-1164475
[2026-06-11T11:05:54Z] #900 attempt=1/2 status=200 0.366s url=https://www.myfonts.com/collections/navilon-font-rahagita-type/
[2026-06-11T11:05:54Z] #901 attempt=1/2 status=200 0.304s url=https://www.myfonts.com/products/tharwatemara-regular-te-seravera2-1164224
[2026-06-11T11:05:55Z] #902 attempt=1/2 status=200 0.363s url=https://www.myfonts.com/collections/te-seravera2-font-tharwat-emara/
[2026-06-11T11:05:57Z] #903 attempt=1/6 status=200 0.861s url=https://www.myfonts.com/products.json?limit=100&page=24
[2026-06-11T11:05:57Z] #904 attempt=1/2 status=200 0.299s url=https://www.myfonts.com/products/regular-summer-dreamer-1164446
[2026-06-11T11:05:58Z] #905 attempt=1/2 status=200 0.237s url=https://www.myfonts.com/collections/summer-dreamer-font-seemly-fonts/
[2026-06-11T11:05:58Z] #906 attempt=1/2 status=200 0.323s url=https://www.myfonts.com/products/sizek-pro-stencil-variable-sizek-pro-stencil-variable-1164049
[2026-06-11T11:05:58Z] #907 attempt=1/2 status=429 0.046s url=https://www.myfonts.com/collections/sizek-pro-stencil-variable-font-blaze-type/
[2026-06-11T11:06:01Z] #908 attempt=2/2 status=200 0.480s url=https://www.myfonts.com/collections/sizek-pro-stencil-variable-font-blaze-type/
[2026-06-11T11:06:02Z] #909 attempt=1/2 status=200 0.426s url=https://www.myfonts.com/products/regular-medieval-1164017
[2026-06-11T11:06:02Z] #910 attempt=1/2 status=200 0.347s url=https://www.myfonts.com/collections/medieval-font-blaze-type/
[2026-06-11T11:06:03Z] #911 attempt=1/2 status=200 0.383s url=https://www.myfonts.com/products/regular-gablues-1164505
[2026-06-11T11:06:04Z] #912 attempt=1/2 status=200 0.297s url=https://www.myfonts.com/collections/gablues-font-hasnat-studio/
[2026-06-11T11:06:04Z] #913 attempt=1/2 status=200 0.552s url=https://www.myfonts.com/products/regular-dreince-1164232
[2026-06-11T11:06:05Z] #914 attempt=1/2 status=200 0.277s url=https://www.myfonts.com/collections/dreince-font-bentype/
[2026-06-11T11:06:06Z] #915 attempt=1/6 status=429 0.041s url=https://www.myfonts.com/products.json?limit=100&page=25
[2026-06-11T11:06:09Z] #916 attempt=2/6 status=200 0.820s url=https://www.myfonts.com/products.json?limit=100&page=25
[2026-06-11T11:06:09Z] #917 attempt=1/2 status=200 0.266s url=https://www.myfonts.com/products/lemert-morlet-regular-mc-lemert-morlet-1164223
[2026-06-11T11:06:10Z] #918 attempt=1/2 status=200 0.294s url=https://www.myfonts.com/collections/mc-lemert-morlet-font-maulana-creative/
[2026-06-11T11:06:10Z] #919 attempt=1/2 status=200 0.330s url=https://www.myfonts.com/products/regular-kabdop-1164510
[2026-06-11T11:06:11Z] #920 attempt=1/2 status=200 0.344s url=https://www.myfonts.com/collections/kabdop-font-hasnat-studio/
[2026-06-11T11:06:12Z] #921 attempt=1/2 status=200 0.268s url=https://www.myfonts.com/products/regular-almuerzo-1164248
[2026-06-11T11:06:12Z] #922 attempt=1/2 status=200 0.290s url=https://www.myfonts.com/collections/almuerzo-font-dirty-bandits/
[2026-06-11T11:06:12Z] #923 attempt=1/2 status=429 0.037s url=https://www.myfonts.com/products/bisked-regular-bisked-1164238
[2026-06-11T11:06:15Z] #924 attempt=2/2 status=200 0.377s url=https://www.myfonts.com/products/bisked-regular-bisked-1164238
[2026-06-11T11:06:16Z] #925 attempt=1/2 status=200 0.303s url=https://www.myfonts.com/collections/bisked-font-marvadesign/
[2026-06-11T11:06:16Z] #926 attempt=1/2 status=200 0.293s url=https://www.myfonts.com/products/regular-bagle-1164265
[2026-06-11T11:06:17Z] #927 attempt=1/2 status=200 0.281s url=https://www.myfonts.com/collections/bagle-font-goodwheel-studio/
[2026-06-11T11:06:17Z] #928 attempt=1/2 status=200 0.301s url=https://www.myfonts.com/products/regular-gyatho-1164237
[2026-06-11T11:06:18Z] #929 attempt=1/2 status=429 0.038s url=https://www.myfonts.com/collections/gyatho-font-bentype/
[2026-06-11T11:06:20Z] #930 attempt=2/2 status=200 0.385s url=https://www.myfonts.com/collections/gyatho-font-bentype/
[2026-06-11T11:06:20Z] summary releases=600 first_429=(61, 'https://www.myfonts.com/collections/shree-bangali-5104-font-modularinfotech/?tab=techSpecs', 0.03958320617675781) log_file=state/myfonts_run_20260611_105210.log
[2026-06-11T11:06:20Z] === MyFonts crawl end ===
