[2026-04-08T07:48:05Z] checkpoint fresh next_page=1 path=state/myfonts_crawl_checkpoint.json
[2026-04-08T07:48:05Z] === MyFonts crawl start source=myfonts ===
[2026-04-08T07:48:05Z] config max_pages=25 page_size=100 start_date=2026-04-07 end_date=2026-04-08 api_delay=0.5s detail_delay=0.2s max_debut_checks=400 max_tech_specs_checks=200 reuse_success_profile=False always_enrich_packages=True language_script_signal_mode=strong force_fresh_run=False start_page=1 browser_mode=False browser_headless=True browser_storage_state_path=state/myfonts_storage_state.json
[2026-04-08T07:48:06Z] #1 attempt=1/6 status=200 0.783s url=https://www.myfonts.com/products.json?limit=100&page=1
[2026-04-08T07:48:07Z] #2 attempt=1/2 status=200 1.031s url=https://www.myfonts.com/products/the-crafter-bundle-modern-script-font-collection-package-1131245
[2026-04-08T07:48:08Z] #3 attempt=1/2 status=404 0.221s url=https://www.myfonts.com/collections/the-crafter-bundle-modern-script-font-collection-font-amarlettering
[2026-04-08T07:48:09Z] #4 attempt=1/2 status=200 1.365s url=https://www.myfonts.com/products/antre-compressed-family-package-1130683
[2026-04-08T07:48:11Z] #5 attempt=1/2 status=200 1.374s url=https://www.myfonts.com/collections/antre-font-hurufatfont-type-foundry/
[2026-04-08T07:48:12Z] #6 attempt=1/2 status=200 0.191s url=https://www.myfonts.com/collections/antre-font-hurufatfont-type-foundry/?tab=techSpecs
[2026-04-08T07:48:14Z] #7 attempt=1/2 status=200 0.357s url=https://www.myfonts.com/products/dopsy-complete-family-package-1130413
[2026-04-08T07:48:14Z] #8 attempt=1/2 status=200 0.305s url=https://www.myfonts.com/collections/dopsy-font-shanaf/
[2026-04-08T07:48:15Z] #9 attempt=1/2 status=200 0.158s url=https://www.myfonts.com/collections/dopsy-font-shanaf/?tab=techSpecs
[2026-04-08T07:48:16Z] #10 attempt=1/2 status=200 0.318s url=https://www.myfonts.com/products/ikn-anzo-complete-family-package-1130424
[2026-04-08T07:48:17Z] #11 attempt=1/2 status=200 0.425s url=https://www.myfonts.com/collections/ikn-anzo-font-ikosa-nona/
[2026-04-08T07:48:17Z] #12 attempt=1/2 status=200 0.208s url=https://www.myfonts.com/collections/ikn-anzo-font-ikosa-nona/?tab=techSpecs
[2026-04-08T07:48:19Z] #13 attempt=1/2 status=200 0.777s url=https://www.myfonts.com/products/casimo-complete-family-package-1130435
[2026-04-08T07:48:20Z] #14 attempt=1/2 status=200 0.980s url=https://www.myfonts.com/collections/casimo-font-mordex-studio/
[2026-04-08T07:48:21Z] #15 attempt=1/2 status=200 0.172s url=https://www.myfonts.com/collections/casimo-font-mordex-studio/?tab=techSpecs
[2026-04-08T07:48:23Z] #16 attempt=1/2 status=200 0.318s url=https://www.myfonts.com/products/horn-pop-complete-family-package-1130417
[2026-04-08T07:48:23Z] #17 attempt=1/2 status=200 0.287s url=https://www.myfonts.com/collections/horn-pop-font-shanaf/
[2026-04-08T07:48:24Z] #18 attempt=1/2 status=200 0.141s url=https://www.myfonts.com/collections/horn-pop-font-shanaf/?tab=techSpecs
[2026-04-08T07:48:26Z] #19 attempt=1/2 status=200 0.310s url=https://www.myfonts.com/products/thunder-bloom-complete-family-package-1130421
[2026-04-08T07:48:26Z] #20 attempt=1/2 status=200 0.286s url=https://www.myfonts.com/collections/thunder-bloom-font-rastype-studio/
[2026-04-08T07:48:26Z] #21 attempt=1/2 status=200 0.154s url=https://www.myfonts.com/collections/thunder-bloom-font-rastype-studio/?tab=techSpecs
[2026-04-08T07:48:29Z] #22 attempt=1/2 status=200 0.316s url=https://www.myfonts.com/products/amorty-bosworth-complete-family-package-1130432
[2026-04-08T07:48:29Z] #23 attempt=1/2 status=200 0.341s url=https://www.myfonts.com/collections/amorty-bosworth-font-heinzel-std/
[2026-04-08T07:48:30Z] #24 attempt=1/2 status=200 0.145s url=https://www.myfonts.com/collections/amorty-bosworth-font-heinzel-std/?tab=techSpecs
[2026-04-08T07:48:31Z] #25 attempt=1/2 status=200 0.288s url=https://www.myfonts.com/products/regular-barton-miles-1130703
[2026-04-08T07:48:32Z] #26 attempt=1/2 status=200 0.271s url=https://www.myfonts.com/collections/barton-miles-font-timurtype/
[2026-04-08T07:48:32Z] #27 attempt=1/2 status=200 0.144s url=https://www.myfonts.com/collections/barton-miles-font-timurtype/?tab=techSpecs
[2026-04-08T07:48:34Z] #28 attempt=1/2 status=200 0.291s url=https://www.myfonts.com/products/regular-lecaria-1130412
[2026-04-08T07:48:34Z] #29 attempt=1/2 status=200 0.239s url=https://www.myfonts.com/collections/lecaria-font-rasio-studio/
[2026-04-08T07:48:35Z] #30 attempt=1/2 status=200 0.161s url=https://www.myfonts.com/collections/lecaria-font-rasio-studio/?tab=techSpecs
[2026-04-08T07:48:38Z] #31 attempt=1/2 status=200 0.297s url=https://www.myfonts.com/products/regular-elviro-1130416
[2026-04-08T07:48:39Z] #32 attempt=1/2 status=200 0.383s url=https://www.myfonts.com/collections/elviro-font-shanaf/
[2026-04-08T07:48:39Z] #33 attempt=1/2 status=200 0.142s url=https://www.myfonts.com/collections/elviro-font-shanaf/?tab=techSpecs
[2026-04-08T07:48:41Z] #34 attempt=1/6 status=200 0.490s url=https://www.myfonts.com/products.json?limit=100&page=2
[2026-04-08T07:48:42Z] #35 attempt=1/2 status=200 0.285s url=https://www.myfonts.com/products/anteri-thewnox-regular-mc-anteri-thewnox-1130690
[2026-04-08T07:48:42Z] #36 attempt=1/2 status=200 0.294s url=https://www.myfonts.com/collections/mc-anteri-thewnox-font-maulana-creative/
[2026-04-08T07:48:43Z] #37 attempt=1/2 status=200 0.141s url=https://www.myfonts.com/collections/mc-anteri-thewnox-font-maulana-creative/?tab=techSpecs
[2026-04-08T07:48:44Z] #38 attempt=1/2 status=200 0.285s url=https://www.myfonts.com/products/regular-oxtreon-1130745
[2026-04-08T07:48:44Z] #39 attempt=1/2 status=200 0.256s url=https://www.myfonts.com/collections/oxtreon-font-oxt-type-house/
[2026-04-08T07:48:44Z] #40 attempt=1/2 status=200 0.164s url=https://www.myfonts.com/collections/oxtreon-font-oxt-type-house/?tab=techSpecs
[2026-04-08T07:48:45Z] #41 attempt=1/2 status=200 0.297s url=https://www.myfonts.com/products/regular-mother-craft-1130886
[2026-04-08T07:48:46Z] #42 attempt=1/2 status=200 0.266s url=https://www.myfonts.com/collections/mother-craft-font-yoga-letter/
[2026-04-08T07:48:46Z] #43 attempt=1/2 status=200 0.156s url=https://www.myfonts.com/collections/mother-craft-font-yoga-letter/?tab=techSpecs
[2026-04-08T07:48:47Z] #44 attempt=1/2 status=200 0.262s url=https://www.myfonts.com/products/regular-belvona-1130882
[2026-04-08T07:48:48Z] #45 attempt=1/2 status=200 0.254s url=https://www.myfonts.com/collections/belvona-font-letterhend/
[2026-04-08T07:48:48Z] #46 attempt=1/2 status=200 0.140s url=https://www.myfonts.com/collections/belvona-font-letterhend/?tab=techSpecs
[2026-04-08T07:48:50Z] #47 attempt=1/2 status=200 0.308s url=https://www.myfonts.com/products/regular-raillouise-1130431
[2026-04-08T07:48:50Z] #48 attempt=1/2 status=200 0.315s url=https://www.myfonts.com/collections/raillouise-font-heinzel-std/
[2026-04-08T07:48:51Z] #49 attempt=1/2 status=200 0.143s url=https://www.myfonts.com/collections/raillouise-font-heinzel-std/?tab=techSpecs
[2026-04-08T07:48:52Z] #50 attempt=1/2 status=200 0.294s url=https://www.myfonts.com/products/regular-moochy-pops-1130420
[2026-04-08T07:48:52Z] #51 attempt=1/2 status=200 0.242s url=https://www.myfonts.com/collections/moochy-pops-font-shanaf/
[2026-04-08T07:48:53Z] #52 attempt=1/2 status=200 0.143s url=https://www.myfonts.com/collections/moochy-pops-font-shanaf/?tab=techSpecs
[2026-04-08T07:48:54Z] #53 attempt=1/2 status=200 0.336s url=https://www.myfonts.com/products/regular-avonia-1130411
[2026-04-08T07:48:54Z] #54 attempt=1/2 status=200 0.320s url=https://www.myfonts.com/collections/avonia-font-rasio-studio/
[2026-04-08T07:48:55Z] #55 attempt=1/2 status=200 0.169s url=https://www.myfonts.com/collections/avonia-font-rasio-studio/?tab=techSpecs
[2026-04-08T07:48:56Z] #56 attempt=1/2 status=200 0.326s url=https://www.myfonts.com/products/regular-graceful-easter-1130887
[2026-04-08T07:48:56Z] #57 attempt=1/2 status=200 0.264s url=https://www.myfonts.com/collections/graceful-easter-font-yoga-letter/
[2026-04-08T07:48:57Z] #58 attempt=1/2 status=200 0.132s url=https://www.myfonts.com/collections/graceful-easter-font-yoga-letter/?tab=techSpecs
[2026-04-08T07:48:58Z] #59 attempt=1/6 status=200 0.661s url=https://www.myfonts.com/products.json?limit=100&page=3
[2026-04-08T07:49:00Z] #60 attempt=1/2 status=200 1.033s url=https://www.myfonts.com/products/condensed-package-1130332
[2026-04-08T07:49:01Z] #61 attempt=1/2 status=200 1.293s url=https://www.myfonts.com/collections/aurestia-font-mj-studio/
[2026-04-08T07:49:02Z] #62 attempt=1/2 status=200 0.175s url=https://www.myfonts.com/collections/aurestia-font-mj-studio/?tab=techSpecs
[2026-04-08T07:49:03Z] #63 attempt=1/2 status=200 0.333s url=https://www.myfonts.com/products/simsalty-barthilon-complete-family-package-1129898
[2026-04-08T07:49:04Z] #64 attempt=1/2 status=200 0.372s url=https://www.myfonts.com/collections/simsalty-barthilon-font-denustudio/
[2026-04-08T07:49:05Z] #65 attempt=1/2 status=200 0.152s url=https://www.myfonts.com/collections/simsalty-barthilon-font-denustudio/?tab=techSpecs
[2026-04-08T07:49:06Z] #66 attempt=1/2 status=200 0.475s url=https://www.myfonts.com/products/omvros-pro-complete-family-package-1129718
[2026-04-08T07:49:07Z] #67 attempt=1/2 status=200 0.492s url=https://www.myfonts.com/collections/omvros-pro-font-dbsv-moulding-ideas/
[2026-04-08T07:49:07Z] #68 attempt=1/2 status=200 0.154s url=https://www.myfonts.com/collections/omvros-pro-font-dbsv-moulding-ideas/?tab=techSpecs
[2026-04-08T07:49:09Z] #69 attempt=1/2 status=200 0.363s url=https://www.myfonts.com/products/zp-fraternities-floral-complete-family-package-1130359
[2026-04-08T07:49:09Z] #70 attempt=1/2 status=200 0.455s url=https://www.myfonts.com/collections/zp-fraternities-floral-font-lettering-delights/
[2026-04-08T07:49:10Z] #71 attempt=1/2 status=200 0.147s url=https://www.myfonts.com/collections/zp-fraternities-floral-font-lettering-delights/?tab=techSpecs
[2026-04-08T07:49:12Z] #72 attempt=1/2 status=200 0.523s url=https://www.myfonts.com/products/helix-sans-complete-family-package-1129653
[2026-04-08T07:49:13Z] #73 attempt=1/2 status=200 0.437s url=https://www.myfonts.com/collections/helix-sans-font-webhance/
[2026-04-08T07:49:14Z] #74 attempt=1/2 status=200 0.146s url=https://www.myfonts.com/collections/helix-sans-font-webhance/?tab=techSpecs
[2026-04-08T07:49:15Z] #75 attempt=1/2 status=200 0.316s url=https://www.myfonts.com/products/broken-system-complete-family-package-1129824
[2026-04-08T07:49:15Z] #76 attempt=1/2 status=200 0.297s url=https://www.myfonts.com/collections/broken-system-font-letterena-studios/
[2026-04-08T07:49:16Z] #77 attempt=1/2 status=200 0.151s url=https://www.myfonts.com/collections/broken-system-font-letterena-studios/?tab=techSpecs
[2026-04-08T07:49:17Z] #78 attempt=1/2 status=200 0.471s url=https://www.myfonts.com/products/mapion-sans-complete-family-package-1129636
[2026-04-08T07:49:18Z] #79 attempt=1/2 status=200 0.471s url=https://www.myfonts.com/collections/mapion-sans-font-ghozai-studio/
[2026-04-08T07:49:19Z] #80 attempt=1/2 status=200 0.150s url=https://www.myfonts.com/collections/mapion-sans-font-ghozai-studio/?tab=techSpecs
[2026-04-08T07:49:20Z] #81 attempt=1/2 status=200 0.334s url=https://www.myfonts.com/products/brisound-complete-family-package-1129815
[2026-04-08T07:49:21Z] #82 attempt=1/2 status=200 0.460s url=https://www.myfonts.com/collections/brisound-font-burntilldead/
[2026-04-08T07:49:21Z] #83 attempt=1/2 status=200 0.154s url=https://www.myfonts.com/collections/brisound-font-burntilldead/?tab=techSpecs
[2026-04-08T07:49:22Z] #84 attempt=1/2 status=200 0.365s url=https://www.myfonts.com/products/apex-curve-complete-family-package-1129687
[2026-04-08T07:49:23Z] #85 attempt=1/2 status=200 0.269s url=https://www.myfonts.com/collections/apex-curve-font-mevstory-studio/
[2026-04-08T07:49:23Z] #86 attempt=1/2 status=200 0.164s url=https://www.myfonts.com/collections/apex-curve-font-mevstory-studio/?tab=techSpecs
[2026-04-08T07:49:25Z] #87 attempt=1/2 status=200 0.359s url=https://www.myfonts.com/products/reicha-variable-complete-family-package-1129839
[2026-04-08T07:49:26Z] #88 attempt=1/2 status=200 0.302s url=https://www.myfonts.com/collections/reicha-variable-font-akbartype/
[2026-04-08T07:49:26Z] #89 attempt=1/2 status=200 0.147s url=https://www.myfonts.com/collections/reicha-variable-font-akbartype/?tab=techSpecs
[2026-04-08T07:49:29Z] #90 attempt=1/2 status=200 0.425s url=https://www.myfonts.com/products/fox-orbit-complete-family-package-1129624
[2026-04-08T07:49:29Z] #91 attempt=1/2 status=200 0.322s url=https://www.myfonts.com/collections/fox-orbit-font-fox7/
[2026-04-08T07:49:30Z] #92 attempt=1/2 status=200 0.162s url=https://www.myfonts.com/collections/fox-orbit-font-fox7/?tab=techSpecs
[2026-04-08T07:49:31Z] #93 attempt=1/2 status=200 0.417s url=https://www.myfonts.com/products/arko-poster-small-caps-complete-family-package-1129603
[2026-04-08T07:49:32Z] #94 attempt=1/2 status=200 0.706s url=https://www.myfonts.com/collections/arko-poster-small-caps-font-numidiatype/
[2026-04-08T07:49:33Z] #95 attempt=1/2 status=200 0.149s url=https://www.myfonts.com/collections/arko-poster-small-caps-font-numidiatype/?tab=techSpecs
[2026-04-08T07:49:35Z] #96 attempt=1/2 status=200 0.577s url=https://www.myfonts.com/products/novel-sans-complete-family-package-1130408
[2026-04-08T07:49:36Z] #97 attempt=1/2 status=200 0.967s url=https://www.myfonts.com/collections/novel-sans-pro-font-atlasfontfoundry/
[2026-04-08T07:49:37Z] #98 attempt=1/2 status=200 0.173s url=https://www.myfonts.com/collections/novel-sans-pro-font-atlasfontfoundry/?tab=techSpecs
[2026-04-08T07:49:39Z] #99 attempt=1/2 status=200 0.515s url=https://www.myfonts.com/products/oblique-package-1129716
[2026-04-08T07:49:40Z] #100 attempt=1/2 status=200 0.558s url=https://www.myfonts.com/collections/skyrise-crt-font-multiformis/
[2026-04-08T07:49:40Z] #101 attempt=1/2 status=200 0.144s url=https://www.myfonts.com/collections/skyrise-crt-font-multiformis/?tab=techSpecs
[2026-04-08T07:49:42Z] #102 attempt=1/2 status=200 0.387s url=https://www.myfonts.com/products/sltf-curo-complete-family-package-1130141
[2026-04-08T07:49:42Z] #103 attempt=1/2 status=200 0.401s url=https://www.myfonts.com/collections/sltf-curo-font-silver-stag/
[2026-04-08T07:49:43Z] #104 attempt=1/2 status=200 0.194s url=https://www.myfonts.com/collections/sltf-curo-font-silver-stag/?tab=techSpecs
[2026-04-08T07:49:44Z] #105 attempt=1/2 status=200 0.469s url=https://www.myfonts.com/products/ginovra-rounded-complete-family-package-1129586
[2026-04-08T07:49:45Z] #106 attempt=1/2 status=200 0.509s url=https://www.myfonts.com/collections/ginovra-rounded-font-ghozai-studio/
[2026-04-08T07:49:45Z] #107 attempt=1/2 status=200 0.140s url=https://www.myfonts.com/collections/ginovra-rounded-font-ghozai-studio/?tab=techSpecs
[2026-04-08T07:49:47Z] #108 attempt=1/2 status=200 0.322s url=https://www.myfonts.com/products/garised-complete-family-package-1130137
[2026-04-08T07:49:47Z] #109 attempt=1/2 status=200 0.355s url=https://www.myfonts.com/collections/garised-font-fernande/
[2026-04-08T07:49:48Z] #110 attempt=1/2 status=200 0.177s url=https://www.myfonts.com/collections/garised-font-fernande/?tab=techSpecs
[2026-04-08T07:49:49Z] #111 attempt=1/2 status=200 0.330s url=https://www.myfonts.com/products/glevia-complete-family-package-1129630
[2026-04-08T07:49:50Z] #112 attempt=1/2 status=200 0.282s url=https://www.myfonts.com/collections/glevia-font-pictranoosa/
[2026-04-08T07:49:50Z] #113 attempt=1/2 status=200 0.153s url=https://www.myfonts.com/collections/glevia-font-pictranoosa/?tab=techSpecs
[2026-04-08T07:49:52Z] #114 attempt=1/2 status=200 0.360s url=https://www.myfonts.com/products/rustic-astera-complete-family-package-1130167
[2026-04-08T07:49:53Z] #115 attempt=1/2 status=200 0.301s url=https://www.myfonts.com/collections/rustic-astera-font-letterena-studios/
[2026-04-08T07:49:53Z] #116 attempt=1/2 status=200 0.141s url=https://www.myfonts.com/collections/rustic-astera-font-letterena-studios/?tab=techSpecs
[2026-04-08T07:49:55Z] #117 attempt=1/2 status=200 0.480s url=https://www.myfonts.com/products/grimveil-complete-family-package-1130174
[2026-04-08T07:49:55Z] #118 attempt=1/2 status=200 0.334s url=https://www.myfonts.com/collections/grimveil-font-snapedsgn/
[2026-04-08T07:49:56Z] #119 attempt=1/2 status=200 0.153s url=https://www.myfonts.com/collections/grimveil-font-snapedsgn/?tab=techSpecs
[2026-04-08T07:49:58Z] #120 attempt=1/6 status=200 0.716s url=https://www.myfonts.com/products.json?limit=100&page=4
[2026-04-08T07:49:59Z] #121 attempt=1/2 status=200 0.424s url=https://www.myfonts.com/products/zp-flowering-complete-family-package-1130352
[2026-04-08T07:50:00Z] #122 attempt=1/2 status=200 0.441s url=https://www.myfonts.com/collections/zp-flowering-font-lettering-delights/
[2026-04-08T07:50:00Z] #123 attempt=1/2 status=200 0.179s url=https://www.myfonts.com/collections/zp-flowering-font-lettering-delights/?tab=techSpecs
[2026-04-08T07:50:02Z] #124 attempt=1/2 status=200 0.355s url=https://www.myfonts.com/products/tiny-words-complete-family-package-1129580
[2026-04-08T07:50:03Z] #125 attempt=1/2 status=200 0.438s url=https://www.myfonts.com/collections/tiny-words-font-pizzadudedk/
[2026-04-08T07:50:03Z] #126 attempt=1/2 status=200 0.141s url=https://www.myfonts.com/collections/tiny-words-font-pizzadudedk/?tab=techSpecs
[2026-04-08T07:50:05Z] #127 attempt=1/2 status=200 0.421s url=https://www.myfonts.com/products/luma-prime-complete-family-package-1129879
[2026-04-08T07:50:06Z] #128 attempt=1/2 status=200 0.666s url=https://www.myfonts.com/collections/luma-prime-font-vp-creative-shop/
[2026-04-08T07:50:06Z] #129 attempt=1/2 status=200 0.187s url=https://www.myfonts.com/collections/luma-prime-font-vp-creative-shop/?tab=techSpecs
[2026-04-08T07:50:08Z] #130 attempt=1/2 status=200 0.478s url=https://www.myfonts.com/products/zp-mister-garden-complete-family-package-1130391
[2026-04-08T07:50:08Z] #131 attempt=1/2 status=200 0.502s url=https://www.myfonts.com/collections/zp-mister-garden-font-lettering-delights/
[2026-04-08T07:50:09Z] #132 attempt=1/2 status=200 0.159s url=https://www.myfonts.com/collections/zp-mister-garden-font-lettering-delights/?tab=techSpecs
[2026-04-08T07:50:10Z] #133 attempt=1/2 status=200 0.364s url=https://www.myfonts.com/products/ragito-complete-family-package-1129745
[2026-04-08T07:50:11Z] #134 attempt=1/2 status=200 0.519s url=https://www.myfonts.com/collections/ragito-font-fitrah-type/
[2026-04-08T07:50:11Z] #135 attempt=1/2 status=200 0.143s url=https://www.myfonts.com/collections/ragito-font-fitrah-type/?tab=techSpecs
[2026-04-08T07:50:13Z] #136 attempt=1/2 status=200 0.365s url=https://www.myfonts.com/products/mighty-monte-complete-family-package-1130186
[2026-04-08T07:50:14Z] #137 attempt=1/2 status=200 0.287s url=https://www.myfonts.com/collections/mighty-monte-font-saemoon-creative/
[2026-04-08T07:50:14Z] #138 attempt=1/2 status=200 0.194s url=https://www.myfonts.com/collections/mighty-monte-font-saemoon-creative/?tab=techSpecs
[2026-04-08T07:50:16Z] #139 attempt=1/2 status=200 0.455s url=https://www.myfonts.com/products/neuversa-complete-family-package-1130120
[2026-04-08T07:50:17Z] #140 attempt=1/2 status=200 0.668s url=https://www.myfonts.com/collections/neuversa-font-snapedsgn/
[2026-04-08T07:50:17Z] #141 attempt=1/2 status=200 0.177s url=https://www.myfonts.com/collections/neuversa-font-snapedsgn/?tab=techSpecs
[2026-04-08T07:50:19Z] #142 attempt=1/2 status=200 0.542s url=https://www.myfonts.com/products/flamingo-sunset-complete-family-package-1129770
[2026-04-08T07:50:20Z] #143 attempt=1/2 status=200 0.633s url=https://www.myfonts.com/collections/flamingo-sunset-font-ottertype/
[2026-04-08T07:50:20Z] #144 attempt=1/2 status=200 0.152s url=https://www.myfonts.com/collections/flamingo-sunset-font-ottertype/?tab=techSpecs
[2026-04-08T07:50:21Z] #145 attempt=1/2 status=200 0.374s url=https://www.myfonts.com/products/zp-gidbergarden-complete-family-package-1130373
[2026-04-08T07:50:22Z] #146 attempt=1/2 status=200 0.634s url=https://www.myfonts.com/collections/zp-gidbergarden-font-lettering-delights/
[2026-04-08T07:50:23Z] #147 attempt=1/2 status=200 0.149s url=https://www.myfonts.com/collections/zp-gidbergarden-font-lettering-delights/?tab=techSpecs
[2026-04-08T07:50:24Z] #148 attempt=1/2 status=200 0.438s url=https://www.myfonts.com/products/konsumed-complete-family-package-1129916
[2026-04-08T07:50:25Z] #149 attempt=1/2 status=200 0.606s url=https://www.myfonts.com/collections/konsumed-font-the-native-saint-club/
[2026-04-08T07:50:25Z] #150 attempt=1/2 status=200 0.140s url=https://www.myfonts.com/collections/konsumed-font-the-native-saint-club/?tab=techSpecs
[2026-04-08T07:50:28Z] #151 attempt=1/2 status=200 0.297s url=https://www.myfonts.com/products/qilargo-complete-family-package-1129755
[2026-04-08T07:50:28Z] #152 attempt=1/2 status=200 0.408s url=https://www.myfonts.com/collections/qilargo-font-tini-fitriani/
[2026-04-08T07:50:29Z] #153 attempt=1/2 status=200 0.134s url=https://www.myfonts.com/collections/qilargo-font-tini-fitriani/?tab=techSpecs
[2026-04-08T07:50:30Z] #154 attempt=1/2 status=200 0.351s url=https://www.myfonts.com/products/serphina-lawliam-complete-family-package-1130025
[2026-04-08T07:50:30Z] #155 attempt=1/2 status=200 0.285s url=https://www.myfonts.com/collections/serphina-lawliam-font-tini-fitriani/
[2026-04-08T07:50:31Z] #156 attempt=1/2 status=200 0.139s url=https://www.myfonts.com/collections/serphina-lawliam-font-tini-fitriani/?tab=techSpecs
[2026-04-08T07:50:32Z] #157 attempt=1/2 status=200 0.381s url=https://www.myfonts.com/products/claris-fleur-complete-family-package-1130131
[2026-04-08T07:50:33Z] #158 attempt=1/2 status=200 0.331s url=https://www.myfonts.com/collections/claris-fleur-font-tini-fitriani/
[2026-04-08T07:50:33Z] #159 attempt=1/2 status=200 0.140s url=https://www.myfonts.com/collections/claris-fleur-font-tini-fitriani/?tab=techSpecs
[2026-04-08T07:50:35Z] #160 attempt=1/2 status=200 0.358s url=https://www.myfonts.com/products/buntic-regal-complete-family-package-1129906
[2026-04-08T07:50:35Z] #161 attempt=1/2 status=200 0.317s url=https://www.myfonts.com/collections/buntic-regal-font-letterena-studios/
[2026-04-08T07:50:36Z] #162 attempt=1/2 status=200 0.142s url=https://www.myfonts.com/collections/buntic-regal-font-letterena-studios/?tab=techSpecs
[2026-04-08T07:50:38Z] #163 attempt=1/2 status=200 0.309s url=https://www.myfonts.com/products/super-gesture-complete-family-package-1129902
[2026-04-08T07:50:38Z] #164 attempt=1/2 status=200 0.430s url=https://www.myfonts.com/collections/super-gesture-font-ergibi-studio/
[2026-04-08T07:50:39Z] #165 attempt=1/2 status=200 0.139s url=https://www.myfonts.com/collections/super-gesture-font-ergibi-studio/?tab=techSpecs
[2026-04-08T07:50:40Z] #166 attempt=1/2 status=200 0.416s url=https://www.myfonts.com/products/torota-complete-family-package-1130029
[2026-04-08T07:50:41Z] #167 attempt=1/2 status=200 0.342s url=https://www.myfonts.com/collections/torota-font-artiveko/
[2026-04-08T07:50:41Z] #168 attempt=1/2 status=200 0.157s url=https://www.myfonts.com/collections/torota-font-artiveko/?tab=techSpecs
[2026-04-08T07:50:43Z] #169 attempt=1/2 status=200 0.368s url=https://www.myfonts.com/products/gamlowfei-complete-family-package-1129876
[2026-04-08T07:50:44Z] #170 attempt=1/2 status=200 0.316s url=https://www.myfonts.com/collections/gamlowfei-font-denustudio/
[2026-04-08T07:50:44Z] #171 attempt=1/2 status=200 0.182s url=https://www.myfonts.com/collections/gamlowfei-font-denustudio/?tab=techSpecs
[2026-04-08T07:50:48Z] #172 attempt=1/2 status=200 0.355s url=https://www.myfonts.com/products/kelantis-complete-family-package-1129758
[2026-04-08T07:50:48Z] #173 attempt=1/2 status=200 0.305s url=https://www.myfonts.com/collections/kelantis-font-vermilione/
[2026-04-08T07:50:49Z] #174 attempt=1/2 status=200 0.162s url=https://www.myfonts.com/collections/kelantis-font-vermilione/?tab=techSpecs
[2026-04-08T07:50:50Z] #175 attempt=1/2 status=200 0.317s url=https://www.myfonts.com/products/arcex-complete-family-package-1129827
[2026-04-08T07:50:50Z] #176 attempt=1/2 status=200 0.303s url=https://www.myfonts.com/collections/arcex-font-burntilldead/
[2026-04-08T07:50:51Z] #177 attempt=1/2 status=200 0.183s url=https://www.myfonts.com/collections/arcex-font-burntilldead/?tab=techSpecs
[2026-04-08T07:50:53Z] #178 attempt=1/2 status=200 0.284s url=https://www.myfonts.com/products/matchengis-complete-family-package-1130160
[2026-04-08T07:50:53Z] #179 attempt=1/2 status=200 0.318s url=https://www.myfonts.com/collections/matchengis-font-stylishtype-studio/
[2026-04-08T07:50:54Z] #180 attempt=1/2 status=200 0.152s url=https://www.myfonts.com/collections/matchengis-font-stylishtype-studio/?tab=techSpecs
[2026-04-08T07:50:55Z] #181 attempt=1/2 status=200 0.331s url=https://www.myfonts.com/products/black-velmora-complete-family-package-1129831
[2026-04-08T07:50:56Z] #182 attempt=1/2 status=200 0.341s url=https://www.myfonts.com/collections/black-velmora-font-yoga-letter/
[2026-04-08T07:50:56Z] #183 attempt=1/2 status=200 0.129s url=https://www.myfonts.com/collections/black-velmora-font-yoga-letter/?tab=techSpecs
[2026-04-08T07:50:58Z] #184 attempt=1/2 status=200 0.392s url=https://www.myfonts.com/products/gamebyte-complete-family-package-1130154
[2026-04-08T07:50:58Z] #185 attempt=1/2 status=200 0.276s url=https://www.myfonts.com/collections/gamebyte-font-din-studio/
[2026-04-08T07:50:59Z] #186 attempt=1/2 status=200 0.153s url=https://www.myfonts.com/collections/gamebyte-font-din-studio/?tab=techSpecs
[2026-04-08T07:51:01Z] #187 attempt=1/2 status=200 0.377s url=https://www.myfonts.com/products/mandyta-oliver-complete-family-package-1129821
[2026-04-08T07:51:02Z] #188 attempt=1/2 status=200 0.402s url=https://www.myfonts.com/collections/mandyta-oliver-font-letterena-studios/
[2026-04-08T07:51:02Z] #189 attempt=1/2 status=200 0.177s url=https://www.myfonts.com/collections/mandyta-oliver-font-letterena-studios/?tab=techSpecs
[2026-04-08T07:51:04Z] #190 attempt=1/2 status=200 0.417s url=https://www.myfonts.com/products/snapshot-dreams-complete-family-package-1129812
[2026-04-08T07:51:05Z] #191 attempt=1/2 status=200 0.373s url=https://www.myfonts.com/collections/snapshot-dreams-font-letterena-studios/
[2026-04-08T07:51:05Z] #192 attempt=1/2 status=200 0.187s url=https://www.myfonts.com/collections/snapshot-dreams-font-letterena-studios/?tab=techSpecs
[2026-04-08T07:51:07Z] #193 attempt=1/2 status=200 0.518s url=https://www.myfonts.com/products/bulgeto-eastern-complete-family-package-1129767
[2026-04-08T07:51:08Z] #194 attempt=1/2 status=200 0.368s url=https://www.myfonts.com/collections/bulgeto-eastern-font-stylishtype-studio/
[2026-04-08T07:51:08Z] #195 attempt=1/2 status=200 0.150s url=https://www.myfonts.com/collections/bulgeto-eastern-font-stylishtype-studio/?tab=techSpecs
[2026-04-08T07:51:10Z] #196 attempt=1/2 status=200 0.450s url=https://www.myfonts.com/products/it-kroxen-complete-family-package-1130210
[2026-04-08T07:51:10Z] #197 attempt=1/2 status=200 0.628s url=https://www.myfonts.com/collections/it-kroxen-font-creatifont-studio/
[2026-04-08T07:51:11Z] #198 attempt=1/2 status=200 0.154s url=https://www.myfonts.com/collections/it-kroxen-font-creatifont-studio/?tab=techSpecs
[2026-04-08T07:51:12Z] #199 attempt=1/2 status=200 0.327s url=https://www.myfonts.com/products/moonveil-playful-complete-family-package-1130170
[2026-04-08T07:51:13Z] #200 attempt=1/2 status=200 0.294s url=https://www.myfonts.com/collections/moonveil-playful-font-letterafandi-studio/
[2026-04-08T07:51:13Z] #201 attempt=1/2 status=200 0.177s url=https://www.myfonts.com/collections/moonveil-playful-font-letterafandi-studio/?tab=techSpecs
[2026-04-08T07:51:15Z] #202 attempt=1/2 status=200 0.450s url=https://www.myfonts.com/products/claudia-martin-complete-family-package-1129818
[2026-04-08T07:51:16Z] #203 attempt=1/2 status=200 0.413s url=https://www.myfonts.com/collections/claudia-martin-font-letterena-studios/
[2026-04-08T07:51:16Z] #204 attempt=1/2 status=200 0.159s url=https://www.myfonts.com/collections/claudia-martin-font-letterena-studios/?tab=techSpecs
[2026-04-08T07:51:18Z] #205 attempt=1/2 status=200 0.378s url=https://www.myfonts.com/products/seragil-complete-family-package-1129761
[2026-04-08T07:51:18Z] #206 attempt=1/2 status=200 0.452s url=https://www.myfonts.com/collections/seragil-font-vermilione/
[2026-04-08T07:51:19Z] #207 attempt=1/2 status=200 0.219s url=https://www.myfonts.com/collections/seragil-font-vermilione/?tab=techSpecs
[2026-04-08T07:51:21Z] #208 attempt=1/2 status=200 0.337s url=https://www.myfonts.com/products/rahext-complete-family-package-1129690
[2026-04-08T07:51:22Z] #209 attempt=1/2 status=200 0.401s url=https://www.myfonts.com/collections/rahext-font-mooneseye-studio/
[2026-04-08T07:51:22Z] #210 attempt=1/2 status=200 0.155s url=https://www.myfonts.com/collections/rahext-font-mooneseye-studio/?tab=techSpecs
[2026-04-08T07:51:24Z] #211 attempt=1/2 status=200 0.517s url=https://www.myfonts.com/products/dom-ballpoint-serif-complete-family-package-1129841
[2026-04-08T07:51:24Z] #212 attempt=1/2 status=200 0.518s url=https://www.myfonts.com/collections/dom-ballpoint-serif-font-designomatt/
[2026-04-08T07:51:25Z] #213 attempt=1/2 status=200 0.139s url=https://www.myfonts.com/collections/dom-ballpoint-serif-font-designomatt/?tab=techSpecs
[2026-04-08T07:51:28Z] #214 attempt=1/2 status=200 0.428s url=https://www.myfonts.com/products/modestia-complete-family-package-1129672
[2026-04-08T07:51:28Z] #215 attempt=1/2 status=200 0.569s url=https://www.myfonts.com/collections/modestia-font-pedroglifos/
[2026-04-08T07:51:29Z] #216 attempt=1/2 status=200 0.162s url=https://www.myfonts.com/collections/modestia-font-pedroglifos/?tab=techSpecs
[2026-04-08T07:51:31Z] #217 attempt=1/2 status=200 0.413s url=https://www.myfonts.com/products/anajem-serif-complete-family-package-1130148
[2026-04-08T07:51:31Z] #218 attempt=1/2 status=200 0.311s url=https://www.myfonts.com/collections/anajem-serif-font-zaain-type/
[2026-04-08T07:51:32Z] #219 attempt=1/2 status=200 0.137s url=https://www.myfonts.com/collections/anajem-serif-font-zaain-type/?tab=techSpecs
[2026-04-08T07:51:33Z] #220 attempt=1/2 status=200 0.383s url=https://www.myfonts.com/products/pn-pollyposies-complete-family-package-1130398
[2026-04-08T07:51:34Z] #221 attempt=1/2 status=200 0.441s url=https://www.myfonts.com/collections/pn-pollyposies-font-lettering-delights/
[2026-04-08T07:51:34Z] #222 attempt=1/2 status=200 0.180s url=https://www.myfonts.com/collections/pn-pollyposies-font-lettering-delights/?tab=techSpecs
[2026-04-08T07:51:35Z] #223 attempt=1/2 status=200 0.312s url=https://www.myfonts.com/products/tessera-complete-family-package-1129575
[2026-04-08T07:51:36Z] #224 attempt=1/2 status=200 0.424s url=https://www.myfonts.com/collections/tessera-font-thomas-ramey-design/
[2026-04-08T07:51:37Z] #225 attempt=1/2 status=200 0.139s url=https://www.myfonts.com/collections/tessera-font-thomas-ramey-design/?tab=techSpecs
[2026-04-08T07:51:38Z] #226 attempt=1/2 status=200 0.319s url=https://www.myfonts.com/products/runing-squad-complete-family-package-1130405
[2026-04-08T07:51:38Z] #227 attempt=1/2 status=200 0.281s url=https://www.myfonts.com/collections/runing-squad-font-letterena-studios/
[2026-04-08T07:51:39Z] #228 attempt=1/2 status=200 0.131s url=https://www.myfonts.com/collections/runing-squad-font-letterena-studios/?tab=techSpecs
[2026-04-08T07:51:41Z] #229 attempt=1/2 status=200 0.403s url=https://www.myfonts.com/products/basic-triad-package-1129574
[2026-04-08T07:51:42Z] #230 attempt=1/2 status=200 0.473s url=https://www.myfonts.com/collections/ana-diego-font-tipastype/
[2026-04-08T07:51:42Z] #231 attempt=1/2 status=200 0.149s url=https://www.myfonts.com/collections/ana-diego-font-tipastype/?tab=techSpecs
[2026-04-08T07:51:45Z] #232 attempt=1/2 status=200 0.356s url=https://www.myfonts.com/products/attelier-complete-family-package-1130163
[2026-04-08T07:51:45Z] #233 attempt=1/2 status=200 0.334s url=https://www.myfonts.com/collections/attelier-font-nathatype/
[2026-04-08T07:51:46Z] #234 attempt=1/2 status=200 0.150s url=https://www.myfonts.com/collections/attelier-font-nathatype/?tab=techSpecs
[2026-04-08T07:51:48Z] #235 attempt=1/2 status=200 0.529s url=https://www.myfonts.com/products/gamebrick-complete-family-package-1130151
[2026-04-08T07:51:48Z] #236 attempt=1/2 status=200 0.341s url=https://www.myfonts.com/collections/gamebrick-font-din-studio/
[2026-04-08T07:51:49Z] #237 attempt=1/2 status=200 0.148s url=https://www.myfonts.com/collections/gamebrick-font-din-studio/?tab=techSpecs
[2026-04-08T07:51:50Z] #238 attempt=1/2 status=200 0.343s url=https://www.myfonts.com/products/boldmark-complete-family-package-1129693
[2026-04-08T07:51:51Z] #239 attempt=1/2 status=200 0.383s url=https://www.myfonts.com/collections/boldmark-font-snapedsgn/
[2026-04-08T07:51:51Z] #240 attempt=1/2 status=200 0.146s url=https://www.myfonts.com/collections/boldmark-font-snapedsgn/?tab=techSpecs
[2026-04-08T07:51:53Z] #241 attempt=1/2 status=200 0.481s url=https://www.myfonts.com/products/pn-longmire-lace-complete-family-package-1130380
[2026-04-08T07:51:53Z] #242 attempt=1/2 status=200 0.378s url=https://www.myfonts.com/collections/pn-longmire-lace-font-lettering-delights/
[2026-04-08T07:51:54Z] #243 attempt=1/2 status=200 0.191s url=https://www.myfonts.com/collections/pn-longmire-lace-font-lettering-delights/?tab=techSpecs
[2026-04-08T07:51:55Z] #244 attempt=1/2 status=200 0.355s url=https://www.myfonts.com/products/pn-flower-market-complete-family-package-1130345
[2026-04-08T07:51:56Z] #245 attempt=1/2 status=200 0.470s url=https://www.myfonts.com/collections/pn-flower-market-font-lettering-delights/
[2026-04-08T07:51:56Z] #246 attempt=1/2 status=200 0.166s url=https://www.myfonts.com/collections/pn-flower-market-font-lettering-delights/?tab=techSpecs
[2026-04-08T07:51:58Z] #247 attempt=1/2 status=200 0.276s url=https://www.myfonts.com/products/stalfolk-complete-family-package-1130134
[2026-04-08T07:51:58Z] #248 attempt=1/2 status=200 0.343s url=https://www.myfonts.com/collections/stalfolk-font-tini-fitriani/
[2026-04-08T07:51:59Z] #249 attempt=1/2 status=200 0.174s url=https://www.myfonts.com/collections/stalfolk-font-tini-fitriani/?tab=techSpecs
[2026-04-08T07:52:01Z] #250 attempt=1/2 status=200 0.511s url=https://www.myfonts.com/products/zp-fanceeflowers-complete-family-package-1130337
[2026-04-08T07:52:01Z] #251 attempt=1/2 status=200 0.345s url=https://www.myfonts.com/collections/zp-fanceeflowers-font-lettering-delights/
[2026-04-08T07:52:02Z] #252 attempt=1/2 status=200 0.182s url=https://www.myfonts.com/collections/zp-fanceeflowers-font-lettering-delights/?tab=techSpecs
[2026-04-08T07:52:03Z] #253 attempt=1/2 status=200 0.345s url=https://www.myfonts.com/products/inklio-complete-family-package-1129553
[2026-04-08T07:52:04Z] #254 attempt=1/2 status=200 0.468s url=https://www.myfonts.com/collections/inklio-font-vp-creative-shop/
[2026-04-08T07:52:04Z] #255 attempt=1/2 status=200 0.149s url=https://www.myfonts.com/collections/inklio-font-vp-creative-shop/?tab=techSpecs
[2026-04-08T07:52:06Z] #256 attempt=1/2 status=200 0.305s url=https://www.myfonts.com/products/toonify-complete-family-package-1129911
[2026-04-08T07:52:06Z] #257 attempt=1/2 status=200 0.326s url=https://www.myfonts.com/collections/toonify-font-shanaf/
[2026-04-08T07:52:07Z] #258 attempt=1/2 status=200 0.153s url=https://www.myfonts.com/collections/toonify-font-shanaf/?tab=techSpecs
[2026-04-08T07:52:08Z] #259 attempt=1/2 status=200 0.407s url=https://www.myfonts.com/products/mountain-lake-complete-family-package-1129860
[2026-04-08T07:52:09Z] #260 attempt=1/2 status=200 0.659s url=https://www.myfonts.com/collections/mountain-lake-font-larin-type-co/
[2026-04-08T07:52:09Z] #261 attempt=1/2 status=200 0.139s url=https://www.myfonts.com/collections/mountain-lake-font-larin-type-co/?tab=techSpecs
[2026-04-08T07:52:11Z] #262 attempt=1/2 status=200 0.317s url=https://www.myfonts.com/products/wigly-love-complete-family-package-1129873
[2026-04-08T07:52:11Z] #263 attempt=1/2 status=200 0.322s url=https://www.myfonts.com/collections/wigly-love-font-cocodesign/
[2026-04-08T07:52:12Z] #264 attempt=1/2 status=200 0.154s url=https://www.myfonts.com/collections/wigly-love-font-cocodesign/?tab=techSpecs
[2026-04-08T07:52:13Z] #265 attempt=1/2 status=200 0.510s url=https://www.myfonts.com/products/astigmatic-complete-family-package-1129738
[2026-04-08T07:52:14Z] #266 attempt=1/2 status=200 0.301s url=https://www.myfonts.com/collections/astigmatic-font-borutta/
[2026-04-08T07:52:14Z] #267 attempt=1/2 status=200 0.169s url=https://www.myfonts.com/collections/astigmatic-font-borutta/?tab=techSpecs
[2026-04-08T07:52:15Z] #268 attempt=1/2 status=200 0.304s url=https://www.myfonts.com/products/pn-french-florals-complete-family-package-1130366
[2026-04-08T07:52:16Z] #269 attempt=1/2 status=200 0.345s url=https://www.myfonts.com/collections/pn-french-florals-font-lettering-delights/
[2026-04-08T07:52:17Z] #270 attempt=1/2 status=200 0.188s url=https://www.myfonts.com/collections/pn-french-florals-font-lettering-delights/?tab=techSpecs
[2026-04-08T07:52:18Z] #271 attempt=1/2 status=200 0.771s url=https://www.myfonts.com/products/brillane-serif-complete-family-package-1129931
[2026-04-08T07:52:20Z] #272 attempt=1/2 status=200 1.082s url=https://www.myfonts.com/collections/brillane-serif-font-lucky-type/
[2026-04-08T07:52:20Z] #273 attempt=1/2 status=200 0.173s url=https://www.myfonts.com/collections/brillane-serif-font-lucky-type/?tab=techSpecs
[2026-04-08T07:52:22Z] #274 attempt=1/2 status=200 0.385s url=https://www.myfonts.com/products/regular-bigola-display-1130410
[2026-04-08T07:52:22Z] #275 attempt=1/2 status=200 0.262s url=https://www.myfonts.com/collections/bigola-display-font-great-studio/
[2026-04-08T07:52:24Z] #276 attempt=1/6 status=200 0.751s url=https://www.myfonts.com/products.json?limit=100&page=5
[2026-04-08T07:52:25Z] #277 attempt=1/2 status=200 0.838s url=https://www.myfonts.com/products/wide-news-italic-greater-neue-1130086
[2026-04-08T07:52:26Z] #278 attempt=1/2 status=200 1.192s url=https://www.myfonts.com/collections/greater-neue-font-nicolass-fonts/
[2026-04-08T07:52:27Z] #279 attempt=1/2 status=200 0.171s url=https://www.myfonts.com/collections/greater-neue-font-nicolass-fonts/?tab=techSpecs
[2026-04-08T07:52:30Z] #280 attempt=1/2 status=200 0.382s url=https://www.myfonts.com/products/regular-chunk-house-1130157
[2026-04-08T07:52:30Z] #281 attempt=1/2 status=200 0.236s url=https://www.myfonts.com/collections/chunk-house-font-nathatype/
[2026-04-08T07:52:31Z] #282 attempt=1/2 status=200 0.158s url=https://www.myfonts.com/collections/chunk-house-font-nathatype/?tab=techSpecs
[2026-04-08T07:52:31Z] #283 attempt=1/2 status=200 0.311s url=https://www.myfonts.com/products/regular-stiffy-bubble-1129872
[2026-04-08T07:52:32Z] #284 attempt=1/2 status=200 0.266s url=https://www.myfonts.com/collections/stiffy-bubble-font-ergibi-studio/
[2026-04-08T07:52:32Z] #285 attempt=1/2 status=200 0.237s url=https://www.myfonts.com/collections/stiffy-bubble-font-ergibi-studio/?tab=techSpecs
[2026-04-08T07:52:33Z] #286 attempt=1/2 status=200 0.251s url=https://www.myfonts.com/products/regular-amoral-1129870
[2026-04-08T07:52:34Z] #287 attempt=1/2 status=200 0.140s url=https://www.myfonts.com/collections/amoral-font-monovo/
[2026-04-08T07:52:34Z] #288 attempt=1/2 status=200 0.219s url=https://www.myfonts.com/collections/amoral-font-monovo/?tab=techSpecs
[2026-04-08T07:52:35Z] #289 attempt=1/2 status=200 0.407s url=https://www.myfonts.com/products/regular-kroasline-graffiti-1130185
[2026-04-08T07:52:36Z] #290 attempt=1/2 status=200 0.447s url=https://www.myfonts.com/collections/kroasline-graffiti-font-tebaltipis-studio/
[2026-04-08T07:52:36Z] #291 attempt=1/2 status=200 0.175s url=https://www.myfonts.com/collections/kroasline-graffiti-font-tebaltipis-studio/?tab=techSpecs
[2026-04-08T07:52:38Z] #292 attempt=1/6 status=200 0.607s url=https://www.myfonts.com/products.json?limit=100&page=6
[2026-04-08T07:52:39Z] #293 attempt=1/2 status=200 0.318s url=https://www.myfonts.com/products/regular-souren-berry-signature-1130178
[2026-04-08T07:52:39Z] #294 attempt=1/2 status=200 0.238s url=https://www.myfonts.com/collections/souren-berry-signature-font-tebaltipis-studio/
[2026-04-08T07:52:40Z] #295 attempt=1/2 status=200 0.142s url=https://www.myfonts.com/collections/souren-berry-signature-font-tebaltipis-studio/?tab=techSpecs
[2026-04-08T07:52:41Z] #296 attempt=1/2 status=200 0.294s url=https://www.myfonts.com/products/blackbit-regular-blackbit-pixelated-1130183
[2026-04-08T07:52:41Z] #297 attempt=1/2 status=200 0.267s url=https://www.myfonts.com/collections/blackbit-pixelated-font-angin-studio/
[2026-04-08T07:52:42Z] #298 attempt=1/2 status=200 0.150s url=https://www.myfonts.com/collections/blackbit-pixelated-font-angin-studio/?tab=techSpecs
[2026-04-08T07:52:43Z] #299 attempt=1/2 status=200 0.301s url=https://www.myfonts.com/products/regular-candy-pieces-1130181
[2026-04-08T07:52:43Z] #300 attempt=1/2 status=200 0.243s url=https://www.myfonts.com/collections/candy-pieces-font-tebaltipis-studio/
[2026-04-08T07:52:44Z] #301 attempt=1/2 status=200 0.172s url=https://www.myfonts.com/collections/candy-pieces-font-tebaltipis-studio/?tab=techSpecs
[2026-04-08T07:52:45Z] #302 attempt=1/2 status=200 0.335s url=https://www.myfonts.com/products/regular-ottacs-1129697
[2026-04-08T07:52:46Z] #303 attempt=1/2 status=200 0.329s url=https://www.myfonts.com/collections/ottacs-font-zealab-fonts-division/
[2026-04-08T07:52:46Z] #304 attempt=1/2 status=200 0.147s url=https://www.myfonts.com/collections/ottacs-font-zealab-fonts-division/?tab=techSpecs
[2026-04-08T07:52:47Z] #305 attempt=1/2 status=200 0.268s url=https://www.myfonts.com/products/regular-penlinea-1129915
[2026-04-08T07:52:47Z] #306 attempt=1/2 status=200 0.267s url=https://www.myfonts.com/collections/penlinea-font-shanaf/
[2026-04-08T07:52:48Z] #307 attempt=1/2 status=200 0.138s url=https://www.myfonts.com/collections/penlinea-font-shanaf/?tab=techSpecs
[2026-04-08T07:52:49Z] #308 attempt=1/2 status=200 0.452s url=https://www.myfonts.com/products/regular-sheryna-1129914
[2026-04-08T07:52:49Z] #309 attempt=1/2 status=200 0.252s url=https://www.myfonts.com/collections/sheryna-font-shanaf/
[2026-04-08T07:52:50Z] #310 attempt=1/2 status=200 0.145s url=https://www.myfonts.com/collections/sheryna-font-shanaf/?tab=techSpecs
[2026-04-08T07:52:52Z] #311 attempt=1/2 status=200 0.371s url=https://www.myfonts.com/products/regular-primavele-1130159
[2026-04-08T07:52:52Z] #312 attempt=1/2 status=200 0.288s url=https://www.myfonts.com/collections/primavele-font-vadova-std/
[2026-04-08T07:52:53Z] #313 attempt=1/2 status=200 0.139s url=https://www.myfonts.com/collections/primavele-font-vadova-std/?tab=techSpecs
[2026-04-08T07:52:54Z] #314 attempt=1/6 status=200 0.628s url=https://www.myfonts.com/products.json?limit=100&page=7
[2026-04-08T07:52:55Z] #315 attempt=1/2 status=200 0.431s url=https://www.myfonts.com/products/carsito-tember-regular-mc-carsito-tember-1129719
[2026-04-08T07:52:55Z] #316 attempt=1/2 status=200 0.316s url=https://www.myfonts.com/collections/mc-carsito-tember-font-maulana-creative/
[2026-04-08T07:52:56Z] #317 attempt=1/2 status=200 0.151s url=https://www.myfonts.com/collections/mc-carsito-tember-font-maulana-creative/?tab=techSpecs
[2026-04-08T07:52:57Z] #318 attempt=1/2 status=200 0.341s url=https://www.myfonts.com/products/regular-yummy-chunk-1129909
[2026-04-08T07:52:57Z] #319 attempt=1/2 status=200 0.314s url=https://www.myfonts.com/collections/yummy-chunk-font-shanaf/
[2026-04-08T07:52:58Z] #320 attempt=1/2 status=200 0.150s url=https://www.myfonts.com/collections/yummy-chunk-font-shanaf/?tab=techSpecs
[2026-04-08T07:52:59Z] #321 attempt=1/2 status=200 0.404s url=https://www.myfonts.com/products/regular-bellagot-1130147
[2026-04-08T07:52:59Z] #322 attempt=1/2 status=200 0.299s url=https://www.myfonts.com/collections/bellagot-font-realtype/
[2026-04-08T07:53:00Z] #323 attempt=1/2 status=200 0.173s url=https://www.myfonts.com/collections/bellagot-font-realtype/?tab=techSpecs
[2026-04-08T07:53:01Z] #324 attempt=1/2 status=200 0.345s url=https://www.myfonts.com/products/regular-bubblies-coba-1130026
[2026-04-08T07:53:02Z] #325 attempt=1/2 status=200 0.384s url=https://www.myfonts.com/collections/bubblies-coba-font-abda-bil-qalam/
[2026-04-08T07:53:02Z] #326 attempt=1/2 status=200 0.140s url=https://www.myfonts.com/collections/bubblies-coba-font-abda-bil-qalam/?tab=techSpecs
[2026-04-08T07:53:03Z] #327 attempt=1/2 status=200 0.415s url=https://www.myfonts.com/products/regular-good-cause-1130140
[2026-04-08T07:53:04Z] #328 attempt=1/2 status=200 0.285s url=https://www.myfonts.com/collections/good-cause-font-seemly-fonts/
[2026-04-08T07:53:04Z] #329 attempt=1/2 status=200 0.132s url=https://www.myfonts.com/collections/good-cause-font-seemly-fonts/?tab=techSpecs
[2026-04-08T07:53:05Z] #330 attempt=1/2 status=200 0.461s url=https://www.myfonts.com/products/regular-marker-sans-o-1130173
[2026-04-08T07:53:06Z] #331 attempt=1/2 status=200 0.334s url=https://www.myfonts.com/collections/marker-sans-o-font-o-type-foundry/
[2026-04-08T07:53:06Z] #332 attempt=1/2 status=200 0.149s url=https://www.myfonts.com/collections/marker-sans-o-font-o-type-foundry/?tab=techSpecs
[2026-04-08T07:53:08Z] #333 attempt=1/2 status=200 0.266s url=https://www.myfonts.com/products/regular-playbowl-1130158
[2026-04-08T07:53:08Z] #334 attempt=1/2 status=200 0.401s url=https://www.myfonts.com/collections/playbowl-font-nathatype/
[2026-04-08T07:53:09Z] #335 attempt=1/2 status=200 0.136s url=https://www.myfonts.com/collections/playbowl-font-nathatype/?tab=techSpecs
[2026-04-08T07:53:10Z] #336 attempt=1/2 status=200 0.316s url=https://www.myfonts.com/products/regular-slanko-jack-1129901
[2026-04-08T07:53:11Z] #337 attempt=1/2 status=200 0.262s url=https://www.myfonts.com/collections/slanko-jack-font-black-junst/
[2026-04-08T07:53:11Z] #338 attempt=1/2 status=200 0.148s url=https://www.myfonts.com/collections/slanko-jack-font-black-junst/?tab=techSpecs
[2026-04-08T07:53:12Z] #339 attempt=1/2 status=200 0.290s url=https://www.myfonts.com/products/regular-herilego-sites-1130189
[2026-04-08T07:53:13Z] #340 attempt=1/2 status=200 0.397s url=https://www.myfonts.com/collections/herilego-sites-font-alit-design/
[2026-04-08T07:53:13Z] #341 attempt=1/2 status=200 0.138s url=https://www.myfonts.com/collections/herilego-sites-font-alit-design/?tab=techSpecs
[2026-04-08T07:53:15Z] #342 attempt=1/6 status=200 0.955s url=https://www.myfonts.com/products.json?limit=100&page=8
[2026-04-08T07:53:16Z] #343 attempt=1/2 status=200 0.313s url=https://www.myfonts.com/products/regular-twisly-1129910
[2026-04-08T07:53:16Z] #344 attempt=1/2 status=200 0.285s url=https://www.myfonts.com/collections/twisly-font-shanaf/
[2026-04-08T07:53:17Z] #345 attempt=1/2 status=200 0.140s url=https://www.myfonts.com/collections/twisly-font-shanaf/?tab=techSpecs
[2026-04-08T07:53:18Z] #346 attempt=1/2 status=200 0.379s url=https://www.myfonts.com/products/regular-roder-1129635
[2026-04-08T07:53:19Z] #347 attempt=1/2 status=200 0.255s url=https://www.myfonts.com/collections/roder-font-creative9/
[2026-04-08T07:53:19Z] #348 attempt=1/2 status=200 0.167s url=https://www.myfonts.com/collections/roder-font-creative9/?tab=techSpecs
[2026-04-08T07:53:20Z] #349 attempt=1/2 status=200 0.322s url=https://www.myfonts.com/products/regular-secy-break-1129585
[2026-04-08T07:53:21Z] #350 attempt=1/2 status=200 0.267s url=https://www.myfonts.com/collections/secy-break-font-black-junst/
[2026-04-08T07:53:21Z] #351 attempt=1/2 status=200 0.149s url=https://www.myfonts.com/collections/secy-break-font-black-junst/?tab=techSpecs
[2026-04-08T07:53:23Z] #352 attempt=1/6 status=200 0.774s url=https://www.myfonts.com/products.json?limit=100&page=9
[2026-04-08T07:53:23Z] #353 attempt=1/2 status=200 0.350s url=https://www.myfonts.com/products/regular-basquint-1129622
[2026-04-08T07:53:24Z] #354 attempt=1/2 status=200 0.285s url=https://www.myfonts.com/collections/basquint-font-ikiikowrk/
[2026-04-08T07:53:24Z] #355 attempt=1/2 status=200 0.167s url=https://www.myfonts.com/collections/basquint-font-ikiikowrk/?tab=techSpecs
[2026-04-08T07:53:25Z] #356 attempt=1/2 status=200 0.290s url=https://www.myfonts.com/products/pixelated-larasati-pixelated-1129766
[2026-04-08T07:53:26Z] #357 attempt=1/2 status=200 0.324s url=https://www.myfonts.com/collections/larasati-pixelated-font-angin-studio/
[2026-04-08T07:53:26Z] #358 attempt=1/2 status=200 0.162s url=https://www.myfonts.com/collections/larasati-pixelated-font-angin-studio/?tab=techSpecs
[2026-04-08T07:53:28Z] #359 attempt=1/6 status=200 0.728s url=https://www.myfonts.com/products.json?limit=100&page=10
[2026-04-08T07:53:28Z] #360 attempt=1/2 status=200 0.424s url=https://www.myfonts.com/products/regular-morane-1129811
[2026-04-08T07:53:29Z] #361 attempt=1/2 status=200 0.259s url=https://www.myfonts.com/collections/morane-font-elevra/
[2026-04-08T07:53:29Z] #362 attempt=1/2 status=200 0.134s url=https://www.myfonts.com/collections/morane-font-elevra/?tab=techSpecs
[2026-04-08T07:53:31Z] #363 attempt=1/2 status=200 0.474s url=https://www.myfonts.com/products/regular-retro-vibrant-1129717
[2026-04-08T07:53:31Z] #364 attempt=1/2 status=200 0.365s url=https://www.myfonts.com/collections/retro-vibrant-font-mvmet/
[2026-04-08T07:53:32Z] #365 attempt=1/2 status=200 0.139s url=https://www.myfonts.com/collections/retro-vibrant-font-mvmet/?tab=techSpecs
[2026-04-08T07:53:33Z] #366 attempt=1/2 status=200 0.484s url=https://www.myfonts.com/products/regular-roffelia-1130336
[2026-04-08T07:53:33Z] #367 attempt=1/2 status=200 0.284s url=https://www.myfonts.com/collections/roffelia-font-ergibi-studio/
[2026-04-08T07:53:34Z] #368 attempt=1/2 status=200 0.188s url=https://www.myfonts.com/collections/roffelia-font-ergibi-studio/?tab=techSpecs
[2026-04-08T07:53:35Z] #369 attempt=1/2 status=200 0.268s url=https://www.myfonts.com/products/regular-fairy-letters-1130335
[2026-04-08T07:53:35Z] #370 attempt=1/2 status=200 0.260s url=https://www.myfonts.com/collections/fairy-letters-font-nathatype/
[2026-04-08T07:53:36Z] #371 attempt=1/2 status=200 0.179s url=https://www.myfonts.com/collections/fairy-letters-font-nathatype/?tab=techSpecs
[2026-04-08T07:53:37Z] #372 attempt=1/2 status=200 0.345s url=https://www.myfonts.com/products/regular-boiled-peanuts-signature-1130180
[2026-04-08T07:53:38Z] #373 attempt=1/2 status=200 0.444s url=https://www.myfonts.com/collections/boiled-peanuts-signature-font-tebaltipis-studio/
[2026-04-08T07:53:38Z] #374 attempt=1/2 status=200 0.140s url=https://www.myfonts.com/collections/boiled-peanuts-signature-font-tebaltipis-studio/?tab=techSpecs
[2026-04-08T07:53:39Z] #375 attempt=1/2 status=200 0.279s url=https://www.myfonts.com/products/regular-vivid-grateful-1129623
[2026-04-08T07:53:40Z] #376 attempt=1/2 status=200 0.261s url=https://www.myfonts.com/collections/vivid-grateful-font-mvmet/
[2026-04-08T07:53:40Z] #377 attempt=1/2 status=200 0.161s url=https://www.myfonts.com/collections/vivid-grateful-font-mvmet/?tab=techSpecs
[2026-04-08T07:53:42Z] #378 attempt=1/6 status=200 0.740s url=https://www.myfonts.com/products.json?limit=100&page=11
[2026-04-08T07:53:42Z] #379 attempt=1/2 status=200 0.338s url=https://www.myfonts.com/products/regular-tambora-1129566
[2026-04-08T07:53:43Z] #380 attempt=1/2 status=200 0.318s url=https://www.myfonts.com/collections/tambora-font-medialabco/
[2026-04-08T07:53:43Z] #381 attempt=1/2 status=200 0.167s url=https://www.myfonts.com/collections/tambora-font-medialabco/?tab=techSpecs
[2026-04-08T07:53:44Z] #382 attempt=1/2 status=200 0.367s url=https://www.myfonts.com/products/regular-gelishianta-signature-brush-1130179
[2026-04-08T07:53:45Z] #383 attempt=1/2 status=200 0.253s url=https://www.myfonts.com/collections/gelishianta-signature-brush-font-tebaltipis-studio/
[2026-04-08T07:53:45Z] #384 attempt=1/2 status=200 0.173s url=https://www.myfonts.com/collections/gelishianta-signature-brush-font-tebaltipis-studio/?tab=techSpecs
[2026-04-08T07:53:46Z] #385 attempt=1/2 status=200 0.301s url=https://www.myfonts.com/products/regular-dolce-mieleana-signature-1130177
[2026-04-08T07:53:46Z] #386 attempt=1/2 status=200 0.251s url=https://www.myfonts.com/collections/dolce-mieleana-signature-font-tebaltipis-studio/
[2026-04-08T07:53:47Z] #387 attempt=1/2 status=200 0.155s url=https://www.myfonts.com/collections/dolce-mieleana-signature-font-tebaltipis-studio/?tab=techSpecs
[2026-04-08T07:53:48Z] #388 attempt=1/2 status=200 0.373s url=https://www.myfonts.com/products/regular-school-childern-1129871
[2026-04-08T07:53:49Z] #389 attempt=1/2 status=200 0.264s url=https://www.myfonts.com/collections/school-childern-font-struggle-studio/
[2026-04-08T07:53:49Z] #390 attempt=1/2 status=200 0.134s url=https://www.myfonts.com/collections/school-childern-font-struggle-studio/?tab=techSpecs
[2026-04-08T07:53:50Z] #391 attempt=1/2 status=200 0.511s url=https://www.myfonts.com/products/bold-bramo-1129830
[2026-04-08T07:53:51Z] #392 attempt=1/2 status=200 0.281s url=https://www.myfonts.com/collections/bramo-font-elevra/
[2026-04-08T07:53:51Z] #393 attempt=1/2 status=200 0.139s url=https://www.myfonts.com/collections/bramo-font-elevra/?tab=techSpecs
[2026-04-08T07:53:52Z] #394 attempt=1/2 status=200 0.317s url=https://www.myfonts.com/products/regular-bitfolio-1130166
[2026-04-08T07:53:53Z] #395 attempt=1/2 status=200 0.270s url=https://www.myfonts.com/collections/bitfolio-font-vadova-std/
[2026-04-08T07:53:53Z] #396 attempt=1/2 status=200 0.162s url=https://www.myfonts.com/collections/bitfolio-font-vadova-std/?tab=techSpecs
[2026-04-08T07:53:54Z] #397 attempt=1/2 status=200 0.268s url=https://www.myfonts.com/products/gotham-office-complete-family-pack-package-448967
[2026-04-08T07:53:55Z] #398 attempt=1/2 status=200 0.410s url=https://www.myfonts.com/collections/gotham-office-font-hoefler-and-co/
[2026-04-08T07:53:55Z] #399 attempt=1/2 status=200 0.202s url=https://www.myfonts.com/collections/gotham-office-font-hoefler-and-co/?tab=techSpecs
[2026-04-08T07:53:57Z] #400 attempt=1/6 status=200 0.831s url=https://www.myfonts.com/products.json?limit=100&page=12
[2026-04-08T07:53:58Z] #401 attempt=1/2 status=200 0.349s url=https://www.myfonts.com/products/gotham-extra-narrow-pack-package-1129113
[2026-04-08T07:53:59Z] #402 attempt=1/2 status=200 0.571s url=https://www.myfonts.com/collections/gotham-font-hoefler-and-co/
[2026-04-08T07:54:00Z] #403 attempt=1/2 status=200 0.172s url=https://www.myfonts.com/collections/gotham-font-hoefler-and-co/?tab=techSpecs
[2026-04-08T07:54:01Z] #404 attempt=1/2 status=200 0.470s url=https://www.myfonts.com/products/gotham-variable-complete-family-package-1128984
[2026-04-08T07:54:02Z] #405 attempt=1/2 status=200 0.427s url=https://www.myfonts.com/collections/gotham-variable-font-hoefler-and-co/
[2026-04-08T07:54:02Z] #406 attempt=1/2 status=200 0.205s url=https://www.myfonts.com/collections/gotham-variable-font-hoefler-and-co/?tab=techSpecs
[2026-04-08T07:54:04Z] #407 attempt=1/2 status=200 0.426s url=https://www.myfonts.com/products/thin-italic-onry-display-1129394
[2026-04-08T07:54:05Z] #408 attempt=1/2 status=200 0.682s url=https://www.myfonts.com/collections/onry-display-font-nicolass-fonts/
[2026-04-08T07:54:05Z] #409 attempt=1/2 status=200 0.180s url=https://www.myfonts.com/collections/onry-display-font-nicolass-fonts/?tab=techSpecs
[2026-04-08T07:54:09Z] #410 attempt=1/2 status=200 0.880s url=https://www.myfonts.com/products/circular-aged-italic-hematite-1129203
[2026-04-08T07:54:10Z] #411 attempt=1/2 status=200 0.979s url=https://www.myfonts.com/collections/hematite-font-alpercakici/
[2026-04-08T07:54:11Z] #412 attempt=1/2 status=200 0.239s url=https://www.myfonts.com/collections/hematite-font-alpercakici/?tab=techSpecs
[2026-04-08T07:54:13Z] #413 attempt=1/2 status=200 0.385s url=https://www.myfonts.com/products/black-italic-beround-pro-1129389
[2026-04-08T07:54:13Z] #414 attempt=1/2 status=200 0.501s url=https://www.myfonts.com/collections/beround-pro-font-nicolass-fonts/
[2026-04-08T07:54:14Z] #415 attempt=1/2 status=200 0.148s url=https://www.myfonts.com/collections/beround-pro-font-nicolass-fonts/?tab=techSpecs
[2026-04-08T07:54:16Z] #416 attempt=1/2 status=200 0.581s url=https://www.myfonts.com/products/black-sltf-arcilla-1128982
[2026-04-08T07:54:17Z] #417 attempt=1/2 status=200 0.680s url=https://www.myfonts.com/collections/sltf-arcilla-font-silver-stag/
[2026-04-08T07:54:18Z] #418 attempt=1/2 status=200 0.173s url=https://www.myfonts.com/collections/sltf-arcilla-font-silver-stag/?tab=techSpecs
[2026-04-08T07:54:20Z] #419 attempt=1/2 status=200 0.432s url=https://www.myfonts.com/products/regular-starby-1128963
[2026-04-08T07:54:20Z] #420 attempt=1/2 status=200 0.318s url=https://www.myfonts.com/collections/starby-font-ahweproject/
[2026-04-08T07:54:21Z] #421 attempt=1/2 status=200 0.174s url=https://www.myfonts.com/collections/starby-font-ahweproject/?tab=techSpecs
[2026-04-08T07:54:23Z] #422 attempt=1/2 status=200 0.436s url=https://www.myfonts.com/products/bold-the-main-1129540
[2026-04-08T07:54:23Z] #423 attempt=1/2 status=200 0.579s url=https://www.myfonts.com/collections/the-main-font-nicolass-fonts/
[2026-04-08T07:54:24Z] #424 attempt=1/2 status=200 0.134s url=https://www.myfonts.com/collections/the-main-font-nicolass-fonts/?tab=techSpecs
[2026-04-08T07:54:26Z] #425 attempt=1/2 status=200 0.447s url=https://www.myfonts.com/products/ground-moro-1129548
[2026-04-08T07:54:27Z] #426 attempt=1/2 status=200 0.329s url=https://www.myfonts.com/collections/moro-font-ask-foundry/
[2026-04-08T07:54:27Z] #427 attempt=1/2 status=200 0.160s url=https://www.myfonts.com/collections/moro-font-ask-foundry/?tab=techSpecs
[2026-04-08T07:54:29Z] #428 attempt=1/6 status=200 0.882s url=https://www.myfonts.com/products.json?limit=100&page=13
[2026-04-08T07:54:30Z] #429 attempt=1/2 status=200 0.327s url=https://www.myfonts.com/products/wildrose-complete-family-package-1129306
[2026-04-08T07:54:30Z] #430 attempt=1/2 status=200 0.329s url=https://www.myfonts.com/collections/wildrose-font-graphicfresh/
[2026-04-08T07:54:31Z] #431 attempt=1/2 status=200 0.151s url=https://www.myfonts.com/collections/wildrose-font-graphicfresh/?tab=techSpecs
[2026-04-08T07:54:32Z] #432 attempt=1/2 status=200 0.435s url=https://www.myfonts.com/products/nowstalgic-alt-family-package-1128854
[2026-04-08T07:54:33Z] #433 attempt=1/2 status=200 0.447s url=https://www.myfonts.com/collections/nowstalgic-font-font-catalogue/
[2026-04-08T07:54:33Z] #434 attempt=1/2 status=200 0.153s url=https://www.myfonts.com/collections/nowstalgic-font-font-catalogue/?tab=techSpecs
[2026-04-08T07:54:35Z] #435 attempt=1/2 status=200 0.309s url=https://www.myfonts.com/products/pinky-honey-monoline-complete-family-package-1129298
[2026-04-08T07:54:35Z] #436 attempt=1/2 status=200 0.319s url=https://www.myfonts.com/collections/pinky-honey-monoline-font-soft-creative/
[2026-04-08T07:54:36Z] #437 attempt=1/2 status=200 0.155s url=https://www.myfonts.com/collections/pinky-honey-monoline-font-soft-creative/?tab=techSpecs
[2026-04-08T07:54:37Z] #438 attempt=1/2 status=200 0.336s url=https://www.myfonts.com/products/lunevia-orliene-complete-family-package-1129311
[2026-04-08T07:54:38Z] #439 attempt=1/2 status=200 0.297s url=https://www.myfonts.com/collections/lunevia-orliene-font-muksal-creatives/
[2026-04-08T07:54:38Z] #440 attempt=1/2 status=200 0.145s url=https://www.myfonts.com/collections/lunevia-orliene-font-muksal-creatives/?tab=techSpecs
[2026-04-08T07:54:40Z] #441 attempt=1/2 status=200 0.319s url=https://www.myfonts.com/products/the-pixel-editorial-complete-family-package-1129301
[2026-04-08T07:54:40Z] #442 attempt=1/2 status=200 0.362s url=https://www.myfonts.com/collections/the-pixel-editorial-font-lettertype-studio/
[2026-04-08T07:54:41Z] #443 attempt=1/2 status=200 0.159s url=https://www.myfonts.com/collections/the-pixel-editorial-font-lettertype-studio/?tab=techSpecs
[2026-04-08T07:54:42Z] #444 attempt=1/2 status=200 0.392s url=https://www.myfonts.com/products/oblique-neglia-1129322
[2026-04-08T07:54:43Z] #445 attempt=1/2 status=200 0.338s url=https://www.myfonts.com/collections/neglia-font-enfeeltype/
[2026-04-08T07:54:44Z] #446 attempt=1/2 status=200 0.144s url=https://www.myfonts.com/collections/neglia-font-enfeeltype/?tab=techSpecs
[2026-04-08T07:54:45Z] #447 attempt=1/2 status=200 0.411s url=https://www.myfonts.com/products/semi-bold-gc-neue-rumble-1129293
[2026-04-08T07:54:46Z] #448 attempt=1/2 status=200 0.426s url=https://www.myfonts.com/collections/gc-neue-rumble-font-onyx-studio/
[2026-04-08T07:54:46Z] #449 attempt=1/2 status=200 0.142s url=https://www.myfonts.com/collections/gc-neue-rumble-font-onyx-studio/?tab=techSpecs
[2026-04-08T07:54:48Z] #450 attempt=1/2 status=200 0.300s url=https://www.myfonts.com/products/thin-sadetta-1129328
[2026-04-08T07:54:48Z] #451 attempt=1/2 status=200 0.329s url=https://www.myfonts.com/collections/sadetta-font-mika-melvas/
[2026-04-08T07:54:49Z] #452 attempt=1/2 status=200 0.177s url=https://www.myfonts.com/collections/sadetta-font-mika-melvas/?tab=techSpecs
[2026-04-08T07:54:51Z] #453 attempt=1/2 status=200 0.558s url=https://www.myfonts.com/products/display-bold-italic-business-didone-1129283
[2026-04-08T07:54:52Z] #454 attempt=1/2 status=200 0.841s url=https://www.myfonts.com/collections/business-didone-font-pizzatypefaces/
[2026-04-08T07:54:53Z] #455 attempt=1/2 status=200 0.154s url=https://www.myfonts.com/collections/business-didone-font-pizzatypefaces/?tab=techSpecs
[2026-04-08T07:54:55Z] #456 attempt=1/6 status=200 0.755s url=https://www.myfonts.com/products.json?limit=100&page=14
[2026-04-08T07:54:56Z] #457 attempt=1/2 status=200 0.371s url=https://www.myfonts.com/products/regular-milky-brown-1129251
[2026-04-08T07:54:56Z] #458 attempt=1/2 status=200 0.258s url=https://www.myfonts.com/collections/milky-brown-font-unicode-studio/
[2026-04-08T07:54:57Z] #459 attempt=1/2 status=200 0.217s url=https://www.myfonts.com/collections/milky-brown-font-unicode-studio/?tab=techSpecs
[2026-04-08T07:54:57Z] #460 attempt=1/2 status=200 0.304s url=https://www.myfonts.com/products/regular-munky-strike-1129305
[2026-04-08T07:54:58Z] #461 attempt=1/2 status=200 0.267s url=https://www.myfonts.com/collections/munky-strike-font-bayuktx/
[2026-04-08T07:54:58Z] #462 attempt=1/2 status=200 0.134s url=https://www.myfonts.com/collections/munky-strike-font-bayuktx/?tab=techSpecs
[2026-04-08T07:54:59Z] #463 attempt=1/2 status=200 0.373s url=https://www.myfonts.com/products/regular-magnazen-1129297
[2026-04-08T07:55:00Z] #464 attempt=1/2 status=200 0.296s url=https://www.myfonts.com/collections/magnazen-font-bondangail/
[2026-04-08T07:55:00Z] #465 attempt=1/2 status=200 0.137s url=https://www.myfonts.com/collections/magnazen-font-bondangail/?tab=techSpecs
[2026-04-08T07:55:01Z] #466 attempt=1/2 status=200 0.370s url=https://www.myfonts.com/products/regular-fusterkey-1129304
[2026-04-08T07:55:02Z] #467 attempt=1/2 status=200 0.337s url=https://www.myfonts.com/collections/fusterkey-font-chatype-studio/
[2026-04-08T07:55:02Z] #468 attempt=1/2 status=200 0.148s url=https://www.myfonts.com/collections/fusterkey-font-chatype-studio/?tab=techSpecs
[2026-04-08T07:55:03Z] #469 attempt=1/2 status=200 0.359s url=https://www.myfonts.com/products/regular-novametrica-1129335
[2026-04-08T07:55:04Z] #470 attempt=1/2 status=200 0.285s url=https://www.myfonts.com/collections/novametrica-font-contaformas/
[2026-04-08T07:55:04Z] #471 attempt=1/2 status=200 0.135s url=https://www.myfonts.com/collections/novametrica-font-contaformas/?tab=techSpecs
[2026-04-08T07:55:05Z] #472 attempt=1/2 status=200 0.317s url=https://www.myfonts.com/products/limit-display-variable-concept-complete-family-package-1129418
[2026-04-08T07:55:06Z] #473 attempt=1/2 status=200 0.309s url=https://www.myfonts.com/collections/limit-display-variable-concept-font-bold-guystm/
[2026-04-08T07:55:06Z] #474 attempt=1/2 status=200 0.141s url=https://www.myfonts.com/collections/limit-display-variable-concept-font-bold-guystm/?tab=techSpecs
[2026-04-08T07:55:08Z] #475 attempt=1/2 status=200 0.311s url=https://www.myfonts.com/products/limit-text-variable-concept-complete-family-package-1129414
[2026-04-08T07:55:08Z] #476 attempt=1/2 status=200 0.346s url=https://www.myfonts.com/collections/limit-text-variable-concept-font-bold-guystm/
[2026-04-08T07:55:09Z] #477 attempt=1/2 status=200 0.145s url=https://www.myfonts.com/collections/limit-text-variable-concept-font-bold-guystm/?tab=techSpecs
[2026-04-08T07:55:11Z] #478 attempt=1/2 status=200 0.766s url=https://www.myfonts.com/products/rogue-complete-family-package-1129428
[2026-04-08T07:55:12Z] #479 attempt=1/2 status=200 0.926s url=https://www.myfonts.com/collections/rogue-font-alpercakici/
[2026-04-08T07:55:12Z] #480 attempt=1/2 status=200 0.159s url=https://www.myfonts.com/collections/rogue-font-alpercakici/?tab=techSpecs
[2026-04-08T07:55:14Z] #481 attempt=1/2 status=200 0.290s url=https://www.myfonts.com/products/clarity-aoe-complete-family-package-1129425
[2026-04-08T07:55:14Z] #482 attempt=1/2 status=200 0.333s url=https://www.myfonts.com/collections/clarity-aoe-font-astigmatic/
[2026-04-08T07:55:15Z] #483 attempt=1/2 status=200 0.147s url=https://www.myfonts.com/collections/clarity-aoe-font-astigmatic/?tab=techSpecs
[2026-04-08T07:55:16Z] #484 attempt=1/2 status=200 0.357s url=https://www.myfonts.com/products/bold-red-pigtails-aoe-1129424
[2026-04-08T07:55:17Z] #485 attempt=1/2 status=200 0.294s url=https://www.myfonts.com/collections/red-pigtails-aoe-font-astigmatic/
[2026-04-08T07:55:17Z] #486 attempt=1/2 status=200 0.154s url=https://www.myfonts.com/collections/red-pigtails-aoe-font-astigmatic/?tab=techSpecs
[2026-04-08T07:55:19Z] #487 attempt=1/6 status=200 0.696s url=https://www.myfonts.com/products.json?limit=100&page=15
[2026-04-08T07:55:20Z] #488 attempt=1/2 status=200 0.325s url=https://www.myfonts.com/products/limit-display-xcompressed-package-1114326
[2026-04-08T07:55:21Z] #489 attempt=1/2 status=200 0.541s url=https://www.myfonts.com/collections/limit-display-font-bold-guystm/
[2026-04-08T07:55:21Z] #490 attempt=1/2 status=200 0.179s url=https://www.myfonts.com/collections/limit-display-font-bold-guystm/?tab=techSpecs
[2026-04-08T07:55:23Z] #491 attempt=1/2 status=200 0.301s url=https://www.myfonts.com/products/limit-text-condensed-package-1114233
[2026-04-08T07:55:23Z] #492 attempt=1/2 status=200 0.402s url=https://www.myfonts.com/collections/limit-text-font-bold-guystm/
[2026-04-08T07:55:24Z] #493 attempt=1/2 status=200 0.140s url=https://www.myfonts.com/collections/limit-text-font-bold-guystm/?tab=techSpecs
[2026-04-08T07:55:26Z] #494 attempt=1/2 status=200 0.926s url=https://www.myfonts.com/products/nostalgia-font-sale-package-937437
[2026-04-08T07:55:27Z] #495 attempt=1/2 status=404 0.162s url=https://www.myfonts.com/collections/nostalgia-font-sale-font-adita-fonts
[2026-04-08T07:55:27Z] #496 attempt=1/2 status=200 0.732s url=https://www.myfonts.com/products/premium-classic-collection-package-1047393
[2026-04-08T07:55:28Z] #497 attempt=1/2 status=404 0.178s url=https://www.myfonts.com/collections/premium-classic-collection-font-adita-fonts
[2026-04-08T07:55:29Z] #498 attempt=1/2 status=200 0.410s url=https://www.myfonts.com/products/blooming-greenery-package-998415
[2026-04-08T07:55:29Z] #499 attempt=1/2 status=200 0.297s url=https://www.myfonts.com/collections/blooming-greenery-font-adita-fonts
[2026-04-08T07:55:30Z] #500 attempt=1/2 status=200 0.129s url=https://www.myfonts.com/collections/blooming-greenery-font-adita-fonts?tab=techSpecs
[2026-04-08T07:55:32Z] #501 attempt=1/2 status=200 0.740s url=https://www.myfonts.com/products/infinity-font-bundle-package-1000884
[2026-04-08T07:55:32Z] #502 attempt=1/2 status=404 0.160s url=https://www.myfonts.com/collections/infinity-font-bundle-font-adita-fonts
[2026-04-08T07:55:33Z] #503 attempt=1/2 status=200 0.705s url=https://www.myfonts.com/products/summer-sale-package-922402
[2026-04-08T07:55:33Z] #504 attempt=1/2 status=404 0.174s url=https://www.myfonts.com/collections/summer-sale-font-adita-fonts
[2026-04-08T07:55:35Z] #505 attempt=1/2 status=200 0.912s url=https://www.myfonts.com/products/summer-font-bundle-package-931119
[2026-04-08T07:55:35Z] #506 attempt=1/2 status=404 0.208s url=https://www.myfonts.com/collections/summer-font-bundle-font-adita-fonts
[2026-04-08T07:55:36Z] #507 attempt=1/2 status=200 0.414s url=https://www.myfonts.com/products/minimalist-package-999558
[2026-04-08T07:55:36Z] #508 attempt=1/2 status=404 0.166s url=https://www.myfonts.com/collections/minimalist-font-adita-fonts
[2026-04-08T07:55:37Z] #509 attempt=1/2 status=200 0.312s url=https://www.myfonts.com/products/minimalist-font-bundle-package-999430
[2026-04-08T07:55:37Z] #510 attempt=1/2 status=404 0.182s url=https://www.myfonts.com/collections/minimalist-font-bundle-font-adita-fonts
[2026-04-08T07:55:37Z] #511 attempt=1/2 status=200 0.269s url=https://www.myfonts.com/products/regular-inkmora-1120278
[2026-04-08T07:55:38Z] #512 attempt=1/2 status=200 0.270s url=https://www.myfonts.com/collections/inkmora-font-oxt-type-house/
[2026-04-08T07:55:38Z] #513 attempt=1/2 status=200 0.140s url=https://www.myfonts.com/collections/inkmora-font-oxt-type-house/?tab=techSpecs
[2026-04-08T07:55:41Z] #514 attempt=1/2 status=200 0.314s url=https://www.myfonts.com/products/regular-orvantra-1120279
[2026-04-08T07:55:41Z] #515 attempt=1/2 status=200 0.250s url=https://www.myfonts.com/collections/orvantra-font-oxt-type-house/
[2026-04-08T07:55:42Z] #516 attempt=1/2 status=200 0.157s url=https://www.myfonts.com/collections/orvantra-font-oxt-type-house/?tab=techSpecs
[2026-04-08T07:55:43Z] #517 attempt=1/2 status=200 0.955s url=https://www.myfonts.com/products/golden-tales-serif-collection-package-1129250
[2026-04-08T07:55:44Z] #518 attempt=1/2 status=404 0.165s url=https://www.myfonts.com/collections/golden-tales-serif-collection-font-vp-creative-shop
[2026-04-08T07:55:45Z] #519 attempt=1/2 status=200 0.901s url=https://www.myfonts.com/products/italic-package-1128949
[2026-04-08T07:55:47Z] #520 attempt=1/2 status=200 1.364s url=https://www.myfonts.com/collections/amnesist-font-skinny-type/
[2026-04-08T07:55:47Z] #521 attempt=1/2 status=200 0.171s url=https://www.myfonts.com/collections/amnesist-font-skinny-type/?tab=techSpecs
[2026-04-08T07:55:50Z] #522 attempt=1/2 status=200 0.325s url=https://www.myfonts.com/products/frosting-sans-complete-family-package-1128956
[2026-04-08T07:55:50Z] #523 attempt=1/2 status=200 0.305s url=https://www.myfonts.com/collections/frosting-sans-font-jonathanball/
[2026-04-08T07:55:51Z] #524 attempt=1/2 status=200 0.141s url=https://www.myfonts.com/collections/frosting-sans-font-jonathanball/?tab=techSpecs
[2026-04-08T07:55:52Z] #525 attempt=1/2 status=200 0.349s url=https://www.myfonts.com/products/fox-vincent-complete-family-package-1128816
[2026-04-08T07:55:53Z] #526 attempt=1/2 status=200 0.338s url=https://www.myfonts.com/collections/fox-vincent-outline-font-fox7/
[2026-04-08T07:55:53Z] #527 attempt=1/2 status=200 0.141s url=https://www.myfonts.com/collections/fox-vincent-outline-font-fox7/?tab=techSpecs
[2026-04-08T07:55:55Z] #528 attempt=1/2 status=200 0.404s url=https://www.myfonts.com/products/ordine-complete-family-package-1128821
[2026-04-08T07:55:55Z] #529 attempt=1/2 status=200 0.421s url=https://www.myfonts.com/collections/ordine-font-resistenza/
[2026-04-08T07:55:56Z] #530 attempt=1/2 status=200 0.168s url=https://www.myfonts.com/collections/ordine-font-resistenza/?tab=techSpecs
[2026-04-08T07:55:57Z] #531 attempt=1/2 status=200 0.337s url=https://www.myfonts.com/products/frosting-script-complete-family-package-1128950
[2026-04-08T07:55:58Z] #532 attempt=1/2 status=200 0.374s url=https://www.myfonts.com/collections/frosting-script-font-jonathanball/
[2026-04-08T07:55:58Z] #533 attempt=1/2 status=200 0.170s url=https://www.myfonts.com/collections/frosting-script-font-jonathanball/?tab=techSpecs
[2026-04-08T07:56:00Z] #534 attempt=1/6 status=200 0.619s url=https://www.myfonts.com/products.json?limit=100&page=16
[2026-04-08T07:56:01Z] #535 attempt=1/6 status=200 0.672s url=https://www.myfonts.com/products.json?limit=100&page=17
[2026-04-08T07:56:02Z] #536 attempt=1/2 status=200 0.683s url=https://www.myfonts.com/products/garage-legends-font-bundle-package-1129248
[2026-04-08T07:56:03Z] #537 attempt=1/2 status=404 0.167s url=https://www.myfonts.com/collections/garage-legends-font-bundle-font-edignwn-type
[2026-04-08T07:56:03Z] #538 attempt=1/2 status=200 0.378s url=https://www.myfonts.com/products/finalist-round-slab-complete-family-package-1122415
[2026-04-08T07:56:04Z] #539 attempt=1/2 status=200 0.350s url=https://www.myfonts.com/collections/finalist-round-slab-font-bulent-yuksel/
[2026-04-08T07:56:04Z] #540 attempt=1/2 status=200 0.166s url=https://www.myfonts.com/collections/finalist-round-slab-font-bulent-yuksel/?tab=techSpecs
[2026-04-08T07:56:06Z] #541 attempt=1/2 status=200 0.313s url=https://www.myfonts.com/products/aboro-complete-family-package-1128252
[2026-04-08T07:56:06Z] #542 attempt=1/2 status=200 0.298s url=https://www.myfonts.com/collections/aboro-font-artiveko/
[2026-04-08T07:56:07Z] #543 attempt=1/2 status=200 0.159s url=https://www.myfonts.com/collections/aboro-font-artiveko/?tab=techSpecs
[2026-04-08T07:56:08Z] #544 attempt=1/2 status=200 0.306s url=https://www.myfonts.com/products/pufilo-tropic-complete-family-package-1128043
[2026-04-08T07:56:09Z] #545 attempt=1/2 status=200 0.280s url=https://www.myfonts.com/collections/pufilo-tropic-font-tini-fitriani/
[2026-04-08T07:56:09Z] #546 attempt=1/2 status=200 0.144s url=https://www.myfonts.com/collections/pufilo-tropic-font-tini-fitriani/?tab=techSpecs
[2026-04-08T07:56:10Z] #547 attempt=1/2 status=200 0.412s url=https://www.myfonts.com/products/narrowtone-complete-family-package-1128021
[2026-04-08T07:56:11Z] #548 attempt=1/2 status=200 0.509s url=https://www.myfonts.com/collections/narrowtone-font-typoraith-co/
[2026-04-08T07:56:12Z] #549 attempt=1/2 status=200 0.151s url=https://www.myfonts.com/collections/narrowtone-font-typoraith-co/?tab=techSpecs
[2026-04-08T07:56:14Z] #550 attempt=1/2 status=200 0.377s url=https://www.myfonts.com/products/lonely-street-complete-family-package-1128198
[2026-04-08T07:56:15Z] #551 attempt=1/2 status=200 0.476s url=https://www.myfonts.com/collections/lonely-street-font-pizzadudedk/
[2026-04-08T07:56:15Z] #552 attempt=1/2 status=200 0.150s url=https://www.myfonts.com/collections/lonely-street-font-pizzadudedk/?tab=techSpecs
[2026-04-08T07:56:17Z] #553 attempt=1/2 status=200 0.313s url=https://www.myfonts.com/products/foermality-serif-variable-complete-family-package-1128263
[2026-04-08T07:56:17Z] #554 attempt=1/2 status=200 0.303s url=https://www.myfonts.com/collections/foermality-serif-variable-font-laroyba-type/
[2026-04-08T07:56:18Z] #555 attempt=1/2 status=200 0.135s url=https://www.myfonts.com/collections/foermality-serif-variable-font-laroyba-type/?tab=techSpecs
[2026-04-08T07:56:19Z] #556 attempt=1/2 status=200 0.295s url=https://www.myfonts.com/products/desqire-complete-family-package-1128203
[2026-04-08T07:56:20Z] #557 attempt=1/2 status=200 0.280s url=https://www.myfonts.com/collections/desqire-font-nexaline-type/
[2026-04-08T07:56:20Z] #558 attempt=1/2 status=200 0.167s url=https://www.myfonts.com/collections/desqire-font-nexaline-type/?tab=techSpecs
[2026-04-08T07:56:22Z] #559 attempt=1/2 status=200 0.291s url=https://www.myfonts.com/products/buttery-delight-complete-family-package-1128209
[2026-04-08T07:56:22Z] #560 attempt=1/2 status=200 0.304s url=https://www.myfonts.com/collections/buttery-delight-font-stylishtype-studio/
[2026-04-08T07:56:23Z] #561 attempt=1/2 status=200 0.140s url=https://www.myfonts.com/collections/buttery-delight-font-stylishtype-studio/?tab=techSpecs
[2026-04-08T07:56:25Z] #562 attempt=1/2 status=200 0.303s url=https://www.myfonts.com/products/fleur-porta-complete-family-package-1128093
[2026-04-08T07:56:26Z] #563 attempt=1/2 status=200 0.384s url=https://www.myfonts.com/collections/fleur-porta-font-jolicia-type/
[2026-04-08T07:56:26Z] #564 attempt=1/2 status=200 0.155s url=https://www.myfonts.com/collections/fleur-porta-font-jolicia-type/?tab=techSpecs
[2026-04-08T07:56:28Z] #565 attempt=1/2 status=200 0.357s url=https://www.myfonts.com/products/watsadu-complete-family-package-1128050
[2026-04-08T07:56:28Z] #566 attempt=1/2 status=200 0.476s url=https://www.myfonts.com/collections/watsadu-font-jipatype/
[2026-04-08T07:56:29Z] #567 attempt=1/2 status=200 0.213s url=https://www.myfonts.com/collections/watsadu-font-jipatype/?tab=techSpecs
[2026-04-08T07:56:30Z] #568 attempt=1/2 status=200 0.403s url=https://www.myfonts.com/products/bunko-complete-family-package-1128017
[2026-04-08T07:56:31Z] #569 attempt=1/2 status=200 0.309s url=https://www.myfonts.com/collections/bunko-font-snapedsgn/
[2026-04-08T07:56:31Z] #570 attempt=1/2 status=200 0.141s url=https://www.myfonts.com/collections/bunko-font-snapedsgn/?tab=techSpecs
[2026-04-08T07:56:34Z] #571 attempt=1/2 status=200 0.353s url=https://www.myfonts.com/products/petar04-complete-family-package-1128246
[2026-04-08T07:56:34Z] #572 attempt=1/2 status=200 0.343s url=https://www.myfonts.com/collections/petar04-font-borutta/
[2026-04-08T07:56:35Z] #573 attempt=1/2 status=200 0.173s url=https://www.myfonts.com/collections/petar04-font-borutta/?tab=techSpecs
[2026-04-08T07:56:37Z] #574 attempt=1/2 status=200 0.404s url=https://www.myfonts.com/products/povin-m-package-1128229
[2026-04-08T07:56:38Z] #575 attempt=1/2 status=200 0.434s url=https://www.myfonts.com/collections/povin-font-vlad-b/
[2026-04-08T07:56:38Z] #576 attempt=1/2 status=200 0.156s url=https://www.myfonts.com/collections/povin-font-vlad-b/?tab=techSpecs
[2026-04-08T07:56:39Z] #577 attempt=1/2 status=200 0.317s url=https://www.myfonts.com/products/regani-complete-family-package-1128165
[2026-04-08T07:56:40Z] #578 attempt=1/2 status=200 0.315s url=https://www.myfonts.com/collections/regani-font-nexaline-type/
[2026-04-08T07:56:41Z] #579 attempt=1/2 status=200 0.198s url=https://www.myfonts.com/collections/regani-font-nexaline-type/?tab=techSpecs
[2026-04-08T07:56:42Z] #580 attempt=1/2 status=200 0.662s url=https://www.myfonts.com/products/nawal-complete-family-package-1128391
[2026-04-08T07:56:43Z] #581 attempt=1/2 status=200 1.054s url=https://www.myfonts.com/collections/nawal-font-alpercakici/
[2026-04-08T07:56:44Z] #582 attempt=1/2 status=200 0.172s url=https://www.myfonts.com/collections/nawal-font-alpercakici/?tab=techSpecs
[2026-04-08T07:56:46Z] #583 attempt=1/2 status=200 0.343s url=https://www.myfonts.com/products/shaprone-complete-family-package-1128258
[2026-04-08T07:56:46Z] #584 attempt=1/2 status=200 0.347s url=https://www.myfonts.com/collections/shaprone-font-burntilldead/
[2026-04-08T07:56:47Z] #585 attempt=1/2 status=200 0.135s url=https://www.myfonts.com/collections/shaprone-font-burntilldead/?tab=techSpecs
[2026-04-08T07:56:48Z] #586 attempt=1/2 status=200 0.359s url=https://www.myfonts.com/products/rcl-arviel-complete-family-package-1128282
[2026-04-08T07:56:49Z] #587 attempt=1/2 status=200 0.430s url=https://www.myfonts.com/collections/rcl-arviel-font-jafar07/
[2026-04-08T07:56:50Z] #588 attempt=1/2 status=200 0.149s url=https://www.myfonts.com/collections/rcl-arviel-font-jafar07/?tab=techSpecs
[2026-04-08T07:56:51Z] #589 attempt=1/2 status=200 0.357s url=https://www.myfonts.com/products/ginovra-complete-family-package-1128070
[2026-04-08T07:56:52Z] #590 attempt=1/2 status=200 0.539s url=https://www.myfonts.com/collections/ginovra-font-ghozai-studio/
[2026-04-08T07:56:52Z] #591 attempt=1/2 status=200 0.153s url=https://www.myfonts.com/collections/ginovra-font-ghozai-studio/?tab=techSpecs
[2026-04-08T07:56:54Z] #592 attempt=1/2 status=200 0.303s url=https://www.myfonts.com/products/vasprix-complete-family-package-1128241
[2026-04-08T07:56:54Z] #593 attempt=1/2 status=200 0.358s url=https://www.myfonts.com/collections/vasprix-font-enfeeltype/
[2026-04-08T07:56:55Z] #594 attempt=1/2 status=200 0.138s url=https://www.myfonts.com/collections/vasprix-font-enfeeltype/?tab=techSpecs
[2026-04-08T07:56:57Z] #595 attempt=1/2 status=200 0.334s url=https://www.myfonts.com/products/lochta-decorative-complete-family-package-1128046
[2026-04-08T07:56:57Z] #596 attempt=1/2 status=200 0.288s url=https://www.myfonts.com/collections/lochta-decorative-font-denustudio/
[2026-04-08T07:56:58Z] #597 attempt=1/2 status=200 0.146s url=https://www.myfonts.com/collections/lochta-decorative-font-denustudio/?tab=techSpecs
[2026-04-08T07:57:00Z] #598 attempt=1/2 status=200 0.312s url=https://www.myfonts.com/products/locked-whisper-complete-family-package-1128087
[2026-04-08T07:57:00Z] #599 attempt=1/2 status=200 0.320s url=https://www.myfonts.com/collections/locked-whisper-font-letterhend/
[2026-04-08T07:57:01Z] #600 attempt=1/2 status=200 0.149s url=https://www.myfonts.com/collections/locked-whisper-font-letterhend/?tab=techSpecs
[2026-04-08T07:57:03Z] #601 attempt=1/2 status=200 0.323s url=https://www.myfonts.com/products/megiar-complete-family-package-1125660
[2026-04-08T07:57:03Z] #602 attempt=1/2 status=200 0.547s url=https://www.myfonts.com/collections/megiar-font-letterena-studios/
[2026-04-08T07:57:04Z] #603 attempt=1/2 status=200 0.131s url=https://www.myfonts.com/collections/megiar-font-letterena-studios/?tab=techSpecs
[2026-04-08T07:57:06Z] #604 attempt=1/2 status=200 0.683s url=https://www.myfonts.com/products/quinget-variable-complete-family-package-1128092
[2026-04-08T07:57:07Z] #605 attempt=1/2 status=200 0.819s url=https://www.myfonts.com/collections/quinget-variable-font-aqeela-studio/
[2026-04-08T07:57:08Z] #606 attempt=1/2 status=200 0.189s url=https://www.myfonts.com/collections/quinget-variable-font-aqeela-studio/?tab=techSpecs
[2026-04-08T07:57:09Z] #607 attempt=1/2 status=200 0.394s url=https://www.myfonts.com/products/it-xytrion-complete-family-package-1125657
[2026-04-08T07:57:10Z] #608 attempt=1/2 status=200 0.308s url=https://www.myfonts.com/collections/it-xytrion-font-creatifont-studio/
[2026-04-08T07:57:10Z] #609 attempt=1/2 status=200 0.340s url=https://www.myfonts.com/products/gc-magnu-complete-family-package-1128274
[2026-04-08T07:57:11Z] #610 attempt=1/2 status=200 0.542s url=https://www.myfonts.com/collections/gc-magnu-font-onyx-studio/
[2026-04-08T07:57:12Z] #611 attempt=1/2 status=200 0.284s url=https://www.myfonts.com/products/lotrance-complete-family-package-1128255
[2026-04-08T07:57:12Z] #612 attempt=1/2 status=200 0.247s url=https://www.myfonts.com/collections/lotrance-font-burntilldead/
[2026-04-08T07:57:13Z] #613 attempt=1/2 status=200 0.358s url=https://www.myfonts.com/products/fox-josie-complete-family-package-1128213
[2026-04-08T07:57:13Z] #614 attempt=1/2 status=200 0.318s url=https://www.myfonts.com/collections/fox-josie-font-fox7/
[2026-04-08T07:57:14Z] #615 attempt=1/2 status=200 0.315s url=https://www.myfonts.com/products/jengah-complete-family-package-1128040
[2026-04-08T07:57:15Z] #616 attempt=1/2 status=200 0.320s url=https://www.myfonts.com/collections/jengah-font-tini-fitriani/
[2026-04-08T07:57:15Z] #617 attempt=1/2 status=200 0.310s url=https://www.myfonts.com/products/mattel-complete-family-package-1128266
[2026-04-08T07:57:16Z] #618 attempt=1/2 status=200 0.329s url=https://www.myfonts.com/collections/mattel-font-hrdr/
[2026-04-08T07:57:16Z] #619 attempt=1/2 status=200 0.337s url=https://www.myfonts.com/products/imax-light-complete-family-package-1128190
[2026-04-08T07:57:17Z] #620 attempt=1/2 status=200 0.346s url=https://www.myfonts.com/collections/imax-light-font-hrdr/
[2026-04-08T07:57:18Z] #621 attempt=1/2 status=200 0.349s url=https://www.myfonts.com/products/musty-relax-complete-family-package-1128217
[2026-04-08T07:57:18Z] #622 attempt=1/2 status=200 0.295s url=https://www.myfonts.com/collections/musty-relax-font-timelesstype-studio/
[2026-04-08T07:57:19Z] #623 attempt=1/2 status=200 0.296s url=https://www.myfonts.com/products/it-zorak-complete-family-package-1128237
[2026-04-08T07:57:19Z] #624 attempt=1/2 status=200 0.397s url=https://www.myfonts.com/collections/it-zorak-font-creatifont-studio/
[2026-04-08T07:57:20Z] #625 attempt=1/2 status=200 0.312s url=https://www.myfonts.com/products/regular-andella-1125663
[2026-04-08T07:57:20Z] #626 attempt=1/2 status=200 0.271s url=https://www.myfonts.com/collections/andella-font-masinong-studio/
[2026-04-08T07:57:22Z] #627 attempt=1/2 status=200 0.807s url=https://www.myfonts.com/products/54-medium-italic-bosphorus-1124735
[2026-04-08T07:57:23Z] #628 attempt=1/2 status=200 1.073s url=https://www.myfonts.com/collections/bosphorus-font-bulent-yuksel/
[2026-04-08T07:57:24Z] #629 attempt=1/2 status=200 0.285s url=https://www.myfonts.com/products/regular-alienasi-o-1128197
[2026-04-08T07:57:24Z] #630 attempt=1/2 status=200 0.146s url=https://www.myfonts.com/collections/alienasi-o-font-o-type-foundry/
[2026-04-08T07:57:25Z] #631 attempt=1/6 status=200 0.621s url=https://www.myfonts.com/products.json?limit=100&page=18
[2026-04-08T07:57:26Z] #632 attempt=1/2 status=200 0.287s url=https://www.myfonts.com/products/regular-rigter-1128283
[2026-04-08T07:57:26Z] #633 attempt=1/2 status=200 0.259s url=https://www.myfonts.com/collections/rigter-font-hrdr/
[2026-04-08T07:57:27Z] #634 attempt=1/2 status=200 0.277s url=https://www.myfonts.com/products/regular-metroforge-1127918
[2026-04-08T07:57:27Z] #635 attempt=1/2 status=200 0.239s url=https://www.myfonts.com/collections/metroforge-font-zyphoria/
[2026-04-08T07:57:28Z] #636 attempt=1/2 status=200 0.306s url=https://www.myfonts.com/products/regular-brythor-1125664
[2026-04-08T07:57:28Z] #637 attempt=1/2 status=200 0.239s url=https://www.myfonts.com/collections/brythor-font-denustudio/
[2026-04-08T07:57:29Z] #638 attempt=1/2 status=200 0.265s url=https://www.myfonts.com/products/regular-bullvone-1128231
[2026-04-08T07:57:29Z] #639 attempt=1/2 status=200 0.271s url=https://www.myfonts.com/collections/bullvone-font-zealab-fonts-division/
[2026-04-08T07:57:30Z] #640 attempt=1/2 status=200 0.277s url=https://www.myfonts.com/products/regular-qeland-saigh-1128235
[2026-04-08T07:57:30Z] #641 attempt=1/2 status=200 0.251s url=https://www.myfonts.com/collections/qeland-saigh-font-trabas-kriya/
[2026-04-08T07:57:31Z] #642 attempt=1/2 status=200 0.595s url=https://www.myfonts.com/products/italic-s1-bold-italian-vp-1127774
[2026-04-08T07:57:32Z] #643 attempt=1/2 status=200 0.762s url=https://www.myfonts.com/collections/italian-vp-font-vp-creative-shop/
[2026-04-08T07:57:33Z] #644 attempt=1/2 status=200 0.281s url=https://www.myfonts.com/products/bold-sancremo-1128196
[2026-04-08T07:57:33Z] #645 attempt=1/2 status=200 0.255s url=https://www.myfonts.com/collections/sancremo-font-milan-pleva/
[2026-04-08T07:57:34Z] #646 attempt=1/2 status=200 0.389s url=https://www.myfonts.com/products/regular-te-hafs-pro-tharwat-emara-1127852
[2026-04-08T07:57:35Z] #647 attempt=1/2 status=200 0.290s url=https://www.myfonts.com/collections/te-hafs-pro-tharwat-emara-font-tharwat-emara/
[2026-04-08T07:57:35Z] #648 attempt=1/2 status=200 0.274s url=https://www.myfonts.com/products/regular-langkawi-1128261
[2026-04-08T07:57:36Z] #649 attempt=1/2 status=200 0.291s url=https://www.myfonts.com/collections/langkawi-font-mevstory-studio/
[2026-04-08T07:57:37Z] #650 attempt=1/6 status=200 0.689s url=https://www.myfonts.com/products.json?limit=100&page=19
[2026-04-08T07:57:37Z] #651 attempt=1/2 status=200 0.295s url=https://www.myfonts.com/products/regular-pasttany-1128236
[2026-04-08T07:57:38Z] #652 attempt=1/2 status=200 0.236s url=https://www.myfonts.com/collections/pasttany-font-khoir/
[2026-04-08T07:57:39Z] #653 attempt=1/2 status=200 0.342s url=https://www.myfonts.com/products/regular-gorynych-1128208
[2026-04-08T07:57:39Z] #654 attempt=1/2 status=200 0.247s url=https://www.myfonts.com/collections/gorynych-font-sarcastic-raven-workshop/
[2026-04-08T07:57:40Z] #655 attempt=1/2 status=200 0.254s url=https://www.myfonts.com/products/qumblr-capuca-regular-mc-qumblr-capuca-1128232
[2026-04-08T07:57:40Z] #656 attempt=1/2 status=200 0.251s url=https://www.myfonts.com/collections/mc-qumblr-capuca-font-maulana-creative/
[2026-04-08T07:57:41Z] #657 attempt=1/2 status=200 0.286s url=https://www.myfonts.com/products/regular-morbithrone-1128262
[2026-04-08T07:57:41Z] #658 attempt=1/2 status=200 0.300s url=https://www.myfonts.com/collections/morbithrone-font-mevstory-studio/
[2026-04-08T07:57:42Z] #659 attempt=1/6 status=200 0.625s url=https://www.myfonts.com/products.json?limit=100&page=20
[2026-04-08T07:57:43Z] #660 attempt=1/2 status=200 0.252s url=https://www.myfonts.com/products/regular-royalist-1128206
[2026-04-08T07:57:43Z] #661 attempt=1/2 status=200 0.135s url=https://www.myfonts.com/collections/royalist-font-sensatype-studio/
[2026-04-08T07:57:44Z] #662 attempt=1/2 status=200 0.301s url=https://www.myfonts.com/products/regular-revob-1128212
[2026-04-08T07:57:44Z] #663 attempt=1/2 status=200 0.249s url=https://www.myfonts.com/collections/revob-font-drizy-font/
[2026-04-08T07:57:45Z] #664 attempt=1/2 status=200 0.298s url=https://www.myfonts.com/products/regular-enjoy-easter-1128016
[2026-04-08T07:57:45Z] #665 attempt=1/2 status=200 0.251s url=https://www.myfonts.com/collections/enjoy-easter-font-yoga-letter/
[2026-04-08T07:57:46Z] #666 attempt=1/2 status=200 0.296s url=https://www.myfonts.com/products/regular-savage-1128207
[2026-04-08T07:57:46Z] #667 attempt=1/2 status=200 0.286s url=https://www.myfonts.com/collections/savage-font-sensatype-studio/
[2026-04-08T07:57:47Z] #668 attempt=1/2 status=200 0.212s url=https://www.myfonts.com/products/regular-easter-sprinkle-1128240
[2026-04-08T07:57:47Z] #669 attempt=1/2 status=200 0.251s url=https://www.myfonts.com/collections/easter-sprinkle-font-yoga-letter/
[2026-04-08T07:57:48Z] #670 attempt=1/2 status=200 0.259s url=https://www.myfonts.com/products/regular-satori-brush-1128202
[2026-04-08T07:57:48Z] #671 attempt=1/2 status=200 0.253s url=https://www.myfonts.com/collections/satori-brush-font-illusletra/
[2026-04-08T07:57:49Z] #672 attempt=1/2 status=200 0.365s url=https://www.myfonts.com/products/regular-charbit-1128216
[2026-04-08T07:57:49Z] #673 attempt=1/2 status=200 0.249s url=https://www.myfonts.com/collections/charbit-font-drizy-font/
[2026-04-08T07:57:50Z] #674 attempt=1/2 status=200 0.233s url=https://www.myfonts.com/products/medium-novel-sans-hebrew-xxxcondensed-1120127
[2026-04-08T07:57:50Z] #675 attempt=1/2 status=404 0.208s url=https://www.myfonts.com/collections/medium-novel-sans-hebrew-xxxcondensed-1120127-font-atlas-fonts
[2026-04-08T07:57:51Z] #676 attempt=1/2 status=200 0.348s url=https://www.myfonts.com/products/regular-corva-bold-inside-1128201
[2026-04-08T07:57:51Z] #677 attempt=1/2 status=200 0.252s url=https://www.myfonts.com/collections/corva-bold-inside-font-zeenesia-studio/
[2026-04-08T07:57:52Z] #678 attempt=1/2 status=200 0.339s url=https://www.myfonts.com/products/regular-gravedigger-1128069
[2026-04-08T07:57:53Z] #679 attempt=1/2 status=200 0.271s url=https://www.myfonts.com/collections/gravedigger-font-price-foundry/
[2026-04-08T07:57:54Z] #680 attempt=1/2 status=200 0.774s url=https://www.myfonts.com/products/15-triangle-line-italic-sympathetic-1123353
[2026-04-08T07:57:55Z] #681 attempt=1/2 status=200 0.715s url=https://www.myfonts.com/collections/sympathetic-font-bulent-yuksel/
[2026-04-08T07:57:55Z] #682 attempt=1/2 status=200 0.353s url=https://www.myfonts.com/products/regular-kavero-hand-1128302
[2026-04-08T07:57:56Z] #683 attempt=1/2 status=200 0.321s url=https://www.myfonts.com/collections/kavero-hand-font-rhd-creative/
[2026-04-08T07:57:57Z] #684 attempt=1/2 status=200 0.462s url=https://www.myfonts.com/products/11-emo-round-full-tools-1123352
[2026-04-08T07:57:57Z] #685 attempt=1/2 status=200 0.454s url=https://www.myfonts.com/collections/full-tools-font-bulent-yuksel/
[2026-04-08T07:57:58Z] #686 attempt=1/2 status=200 0.337s url=https://www.myfonts.com/products/regular-choko-theo-1128233
[2026-04-08T07:57:58Z] #687 attempt=1/2 status=200 0.242s url=https://www.myfonts.com/collections/choko-theo-font-twinletter/
[2026-04-08T07:58:00Z] #688 attempt=1/6 status=200 0.640s url=https://www.myfonts.com/products.json?limit=100&page=21
[2026-04-08T07:58:00Z] #689 attempt=1/2 status=200 0.257s url=https://www.myfonts.com/products/bold-novel-sans-hebrew-1120097
[2026-04-08T07:58:01Z] #690 attempt=1/2 status=404 0.173s url=https://www.myfonts.com/collections/bold-novel-sans-hebrew-1120097-font-atlas-fonts
[2026-04-08T07:58:01Z] #691 attempt=1/2 status=200 0.279s url=https://www.myfonts.com/products/regular-emasland-1128234
[2026-04-08T07:58:01Z] #692 attempt=1/2 status=200 0.239s url=https://www.myfonts.com/collections/emasland-font-twinletter/
[2026-04-08T07:58:02Z] #693 attempt=1/2 status=200 0.336s url=https://www.myfonts.com/products/regular-honey-daily-1128273
[2026-04-08T07:58:03Z] #694 attempt=1/2 status=200 0.259s url=https://www.myfonts.com/collections/honey-daily-font-mvmet/
[2026-04-08T07:58:03Z] #695 attempt=1/2 status=200 0.549s url=https://www.myfonts.com/products/modern-branding-font-bundle-iii-package-987510
[2026-04-08T07:58:04Z] #696 attempt=1/2 status=404 0.172s url=https://www.myfonts.com/collections/modern-branding-font-bundle-iii-font-taboja-studio
[2026-04-08T07:58:05Z] #697 attempt=1/2 status=200 0.653s url=https://www.myfonts.com/products/retro-bundle-iii-package-987509
[2026-04-08T07:58:05Z] #698 attempt=1/2 status=404 0.176s url=https://www.myfonts.com/collections/retro-bundle-iii-font-taboja-studio
[2026-04-08T07:58:06Z] #699 attempt=1/2 status=200 0.428s url=https://www.myfonts.com/products/rounded-italic-graund-1127901
[2026-04-08T07:58:07Z] #700 attempt=1/2 status=200 0.683s url=https://www.myfonts.com/collections/graund-font-alpercakici/
[2026-04-08T07:58:07Z] #701 attempt=1/2 status=200 0.307s url=https://www.myfonts.com/products/italic-pinkie-wonderly-1115818
[2026-04-08T07:58:08Z] #702 attempt=1/2 status=200 0.303s url=https://www.myfonts.com/collections/pinkie-wonderly-font-letterena-studios/
[2026-04-08T07:58:09Z] #703 attempt=1/6 status=200 0.757s url=https://www.myfonts.com/products.json?limit=100&page=22
[2026-04-08T07:58:10Z] #704 attempt=1/2 status=200 0.352s url=https://www.myfonts.com/products/kostaciya-complete-family-package-1127928
[2026-04-08T07:58:10Z] #705 attempt=1/2 status=200 0.382s url=https://www.myfonts.com/collections/kostaciya-font-denustudio/
[2026-04-08T07:58:11Z] #706 attempt=1/2 status=200 0.342s url=https://www.myfonts.com/products/don-rancho-complete-family-package-1127919
[2026-04-08T07:58:12Z] #707 attempt=1/2 status=200 0.331s url=https://www.myfonts.com/collections/don-rancho-font-agny-hasya-studio/
[2026-04-08T07:58:13Z] #708 attempt=1/2 status=200 0.706s url=https://www.myfonts.com/products/verbo-xl-package-1127849
[2026-04-08T07:58:14Z] #709 attempt=1/2 status=200 1.320s url=https://www.myfonts.com/collections/verbo-font-dstype/
[2026-04-08T07:58:15Z] #710 attempt=1/2 status=200 0.353s url=https://www.myfonts.com/products/floral-wish-complete-family-package-1127922
[2026-04-08T07:58:16Z] #711 attempt=1/2 status=200 0.313s url=https://www.myfonts.com/collections/floral-wish-font-stylishtype-studio/
[2026-04-08T07:58:16Z] #712 attempt=1/2 status=200 0.279s url=https://www.myfonts.com/products/pn-carpet-roses-complete-family-package-1127736
[2026-04-08T07:58:17Z] #713 attempt=1/2 status=200 0.386s url=https://www.myfonts.com/collections/pn-carpet-roses-font-lettering-delights/
[2026-04-08T07:58:17Z] #714 attempt=1/2 status=200 0.360s url=https://www.myfonts.com/products/zp-zaster-complete-family-package-1127750
[2026-04-08T07:58:18Z] #715 attempt=1/2 status=200 0.559s url=https://www.myfonts.com/collections/zp-zaster-font-lettering-delights/
[2026-04-08T07:58:19Z] #716 attempt=1/2 status=200 0.331s url=https://www.myfonts.com/products/pn-ready-for-easter-complete-family-package-1127760
[2026-04-08T07:58:19Z] #717 attempt=1/2 status=200 0.380s url=https://www.myfonts.com/collections/pn-ready-for-easter-font-lettering-delights/
[2026-04-08T07:58:20Z] #718 attempt=1/2 status=200 0.369s url=https://www.myfonts.com/products/zp-beacoup-bloom-complete-family-package-1127767
[2026-04-08T07:58:21Z] #719 attempt=1/2 status=200 0.386s url=https://www.myfonts.com/collections/zp-beacoup-bloom-font-lettering-delights/
[2026-04-08T07:58:22Z] #720 attempt=1/2 status=200 0.527s url=https://www.myfonts.com/products/playful-letters-complete-family-package-1128005
[2026-04-08T07:58:22Z] #721 attempt=1/2 status=200 0.329s url=https://www.myfonts.com/collections/playful-letters-font-aen-creative-studio/
[2026-04-08T07:58:23Z] #722 attempt=1/2 status=200 0.275s url=https://www.myfonts.com/products/westype-complete-family-package-1127990
[2026-04-08T07:58:23Z] #723 attempt=1/2 status=200 0.405s url=https://www.myfonts.com/collections/westype-font-pizzatypefaces/
[2026-04-08T07:58:24Z] #724 attempt=1/2 status=200 0.329s url=https://www.myfonts.com/products/regular-and-italic-package-1127716
[2026-04-08T07:58:25Z] #725 attempt=1/2 status=200 0.399s url=https://www.myfonts.com/collections/guhit-pluma-font-lurinzu-studios/
[2026-04-08T07:58:25Z] #726 attempt=1/2 status=200 0.426s url=https://www.myfonts.com/products/zp-bobotie-blooms-complete-family-package-1127743
[2026-04-08T07:58:26Z] #727 attempt=1/2 status=200 0.373s url=https://www.myfonts.com/collections/zp-bobotie-blooms-font-lettering-delights/
[2026-04-08T07:58:27Z] #728 attempt=1/2 status=200 0.307s url=https://www.myfonts.com/products/todaya-scriptua-complete-family-package-1127983
[2026-04-08T07:58:27Z] #729 attempt=1/2 status=200 0.392s url=https://www.myfonts.com/collections/todaya-scriptua-font-andfonts/
[2026-04-08T07:58:28Z] #730 attempt=1/2 status=200 0.313s url=https://www.myfonts.com/products/stylist-pro-bold-pack-package-1128011
[2026-04-08T07:58:29Z] #731 attempt=1/2 status=200 0.467s url=https://www.myfonts.com/collections/stylist-pro-font-fontforecast/
[2026-04-08T07:58:29Z] #732 attempt=1/2 status=200 0.367s url=https://www.myfonts.com/products/zp-copacetic-spring-complete-family-package-1127726
[2026-04-08T07:58:30Z] #733 attempt=1/2 status=200 0.382s url=https://www.myfonts.com/collections/zp-copacetic-spring-font-lettering-delights/
[2026-04-08T07:58:30Z] #734 attempt=1/2 status=200 0.346s url=https://www.myfonts.com/products/splasyi-complete-family-package-1127925
[2026-04-08T07:58:31Z] #735 attempt=1/2 status=200 0.385s url=https://www.myfonts.com/collections/splasyi-font-timelesstype-studio/
[2026-04-08T07:58:32Z] #736 attempt=1/2 status=200 0.317s url=https://www.myfonts.com/products/001-sans-serif-family-complete-family-package-1127912
[2026-04-08T07:58:32Z] #737 attempt=1/2 status=200 0.334s url=https://www.myfonts.com/collections/001-sans-serif-family-font-pedro-teixeira/
[2026-04-08T07:58:33Z] #738 attempt=1/2 status=200 0.401s url=https://www.myfonts.com/products/sedna-complete-family-package-1127959
[2026-04-08T07:58:34Z] #739 attempt=1/2 status=200 0.546s url=https://www.myfonts.com/collections/sedna-font-sudtipos/
[2026-04-08T07:58:34Z] #740 attempt=1/2 status=200 0.334s url=https://www.myfonts.com/products/conky-complete-family-package-1127987
[2026-04-08T07:58:35Z] #741 attempt=1/2 status=200 0.369s url=https://www.myfonts.com/collections/conky-font-artiveko/
[2026-04-08T07:58:36Z] #742 attempt=1/2 status=200 0.350s url=https://www.myfonts.com/products/zp-doctor-dahlia-complete-family-package-1127719
[2026-04-08T07:58:36Z] #743 attempt=1/2 status=200 0.409s url=https://www.myfonts.com/collections/zp-doctor-dahlia-font-lettering-delights/
[2026-04-08T07:58:37Z] #744 attempt=1/2 status=200 0.319s url=https://www.myfonts.com/products/murisa-erena-complete-family-package-1127931
[2026-04-08T07:58:37Z] #745 attempt=1/2 status=200 0.320s url=https://www.myfonts.com/collections/murisa-erena-font-murisa-studio/
[2026-04-08T07:58:38Z] #746 attempt=1/2 status=200 0.465s url=https://www.myfonts.com/products/erato-nova-complete-family-package-1127940
[2026-04-08T07:58:39Z] #747 attempt=1/2 status=200 0.494s url=https://www.myfonts.com/collections/erato-nova-font-hoftype/
[2026-04-08T07:58:40Z] #748 attempt=1/2 status=200 0.306s url=https://www.myfonts.com/products/regular-easter-danilo-1127957
[2026-04-08T07:58:40Z] #749 attempt=1/2 status=200 0.242s url=https://www.myfonts.com/collections/easter-danilo-font-yoga-letter/
[2026-04-08T07:58:41Z] #750 attempt=1/2 status=200 0.285s url=https://www.myfonts.com/products/regular-gryks-1128004
[2026-04-08T07:58:41Z] #751 attempt=1/2 status=200 0.276s url=https://www.myfonts.com/collections/gryks-font-modikstype/
[2026-04-08T07:58:42Z] #752 attempt=1/2 status=200 0.272s url=https://www.myfonts.com/products/regular-majestic-drive-1127935
[2026-04-08T07:58:42Z] #753 attempt=1/2 status=200 0.275s url=https://www.myfonts.com/collections/majestic-drive-font-hipfonts/
[2026-04-08T07:58:43Z] #754 attempt=1/2 status=200 0.392s url=https://www.myfonts.com/products/regular-birdie-bash-1127936
[2026-04-08T07:58:43Z] #755 attempt=1/2 status=200 0.424s url=https://www.myfonts.com/collections/birdie-bash-font-hipfonts/
[2026-04-08T07:58:45Z] #756 attempt=1/6 status=200 0.724s url=https://www.myfonts.com/products.json?limit=100&page=23
[2026-04-08T07:58:45Z] #757 attempt=1/2 status=200 0.285s url=https://www.myfonts.com/products/regular-spirtush-1127939
[2026-04-08T07:58:46Z] #758 attempt=1/2 status=200 0.270s url=https://www.myfonts.com/collections/spirtush-font-hanzel-space/
[2026-04-08T07:58:46Z] #759 attempt=1/2 status=200 0.284s url=https://www.myfonts.com/products/regular-wamolye-script-1127916
[2026-04-08T07:58:47Z] #760 attempt=1/2 status=200 0.239s url=https://www.myfonts.com/collections/wamolye-script-font-tebaltipis-studio/
[2026-04-08T07:58:47Z] #761 attempt=1/2 status=200 0.301s url=https://www.myfonts.com/products/candal-locked-regular-mc-candal-locked-1127937
[2026-04-08T07:58:48Z] #762 attempt=1/2 status=200 0.255s url=https://www.myfonts.com/collections/mc-candal-locked-font-maulana-creative/
[2026-04-08T07:58:48Z] #763 attempt=1/2 status=200 0.282s url=https://www.myfonts.com/products/regular-grudge-1127982
[2026-04-08T07:58:49Z] #764 attempt=1/2 status=200 0.254s url=https://www.myfonts.com/collections/grudge-font-almarkha-type/
[2026-04-08T07:58:50Z] #765 attempt=1/2 status=200 0.362s url=https://www.myfonts.com/products/regular-luxury-elegance-1127993
[2026-04-08T07:58:50Z] #766 attempt=1/2 status=200 0.225s url=https://www.myfonts.com/collections/luxury-elegance-font-brown-cupple-typeface/
[2026-04-08T07:58:51Z] #767 attempt=1/2 status=200 0.310s url=https://www.myfonts.com/products/regular-rodhetty-1127958
[2026-04-08T07:58:51Z] #768 attempt=1/2 status=200 0.249s url=https://www.myfonts.com/collections/rodhetty-font-propertype/
[2026-04-08T07:58:52Z] #769 attempt=1/2 status=200 0.299s url=https://www.myfonts.com/products/regular-rest-in-pizza-1127934
[2026-04-08T07:58:52Z] #770 attempt=1/2 status=200 0.325s url=https://www.myfonts.com/collections/rest-in-pizza-font-hipfonts/
[2026-04-08T07:58:53Z] #771 attempt=1/2 status=200 0.342s url=https://www.myfonts.com/products/opily-ruhofa-regular-mc-opily-ruhofa-1127915
[2026-04-08T07:58:53Z] #772 attempt=1/2 status=200 0.335s url=https://www.myfonts.com/collections/mc-opily-ruhofa-font-maulana-creative/
[2026-04-08T07:58:54Z] #773 attempt=1/2 status=200 0.323s url=https://www.myfonts.com/products/regular-hissy-fits-signature-1127917
[2026-04-08T07:58:55Z] #774 attempt=1/2 status=200 0.252s url=https://www.myfonts.com/collections/hissy-fits-signature-font-tebaltipis-studio/
[2026-04-08T07:58:56Z] #775 attempt=1/6 status=200 0.672s url=https://www.myfonts.com/products.json?limit=100&page=24
[2026-04-08T07:58:56Z] #776 attempt=1/2 status=200 0.493s url=https://www.myfonts.com/products/regular-grande-magical-1127938
[2026-04-08T07:58:57Z] #777 attempt=1/2 status=200 0.252s url=https://www.myfonts.com/collections/grande-magical-font-heinzel-std/
[2026-04-08T07:58:58Z] #778 attempt=1/2 status=200 0.289s url=https://www.myfonts.com/products/regular-wattever-1127981
[2026-04-08T07:58:58Z] #779 attempt=1/2 status=200 0.241s url=https://www.myfonts.com/collections/wattever-font-bonjourtype/
[2026-04-08T07:58:59Z] #780 attempt=1/2 status=200 0.464s url=https://www.myfonts.com/products/main-weights-package-1123341
[2026-04-08T07:58:59Z] #781 attempt=1/2 status=200 0.477s url=https://www.myfonts.com/collections/thrasos-unite-font-multiformis/
[2026-04-08T07:59:01Z] #782 attempt=1/2 status=200 0.769s url=https://www.myfonts.com/products/condensed-package-1127555
[2026-04-08T07:59:02Z] #783 attempt=1/2 status=200 1.148s url=https://www.myfonts.com/collections/silvera-text-font-soft-creative/
[2026-04-08T07:59:03Z] #784 attempt=1/2 status=200 0.322s url=https://www.myfonts.com/products/thrasos-complete-family-package-1123342
[2026-04-08T07:59:03Z] #785 attempt=1/2 status=200 0.386s url=https://www.myfonts.com/collections/thrasos-font-multiformis/
[2026-04-08T07:59:04Z] #786 attempt=1/2 status=200 0.525s url=https://www.myfonts.com/products/avantra-complete-family-package-1127495
[2026-04-08T07:59:05Z] #787 attempt=1/2 status=200 0.678s url=https://www.myfonts.com/collections/avantra-font-alpercakici/
[2026-04-08T07:59:07Z] #788 attempt=1/6 status=200 0.859s url=https://www.myfonts.com/products.json?limit=100&page=25
[2026-04-08T07:59:07Z] #789 attempt=1/2 status=200 0.320s url=https://www.myfonts.com/products/regular-wonder-magic-1127717
[2026-04-08T07:59:08Z] #790 attempt=1/2 status=200 0.344s url=https://www.myfonts.com/collections/wonder-magic-font-typefactory/
[2026-04-08T07:59:09Z] #791 attempt=1/2 status=200 0.574s url=https://www.myfonts.com/products/kakao-complete-family-package-1127258
[2026-04-08T07:59:10Z] #792 attempt=1/2 status=200 0.625s url=https://www.myfonts.com/collections/kakao-font-alpercakici/
[2026-04-08T07:59:11Z] #793 attempt=1/2 status=200 0.871s url=https://www.myfonts.com/products/extended-bold-dean-soft-slab-1127170
[2026-04-08T07:59:12Z] #794 attempt=1/2 status=200 0.891s url=https://www.myfonts.com/collections/dean-soft-slab-font-blaze-type/
[2026-04-08T07:59:12Z] summary releases=293 first_429=None log_file=state/myfonts_run_20260408_074805.log
[2026-04-08T07:59:12Z] saved_success_profile path=state/myfonts_success_profile.json
[2026-04-08T07:59:12Z] === MyFonts crawl end ===
