[2026-05-03T08:10:06Z] checkpoint fresh next_page=1 path=state/myfonts_crawl_checkpoint.json
[2026-05-03T08:10:06Z] === MyFonts crawl start source=myfonts ===
[2026-05-03T08:10:06Z] config max_pages=25 page_size=100 start_date=2026-05-02 end_date=2026-05-03 api_delay=0.5s detail_delay=0.2s max_debut_checks=400 max_tech_specs_checks=200 reuse_success_profile=False always_enrich_packages=True language_script_signal_mode=strong force_fresh_run=False start_page=1 browser_mode=False browser_headless=True browser_storage_state_path=state/myfonts_storage_state.json
[2026-05-03T08:10:07Z] #1 attempt=1/6 status=200 0.895s url=https://www.myfonts.com/products.json?limit=100&page=1
[2026-05-03T08:10:09Z] #2 attempt=1/2 status=200 1.653s url=https://www.myfonts.com/products/super-duper-comic-fonts-package-1013890
[2026-05-03T08:10:10Z] #3 attempt=1/2 status=404 0.205s url=https://www.myfonts.com/collections/super-duper-comic-fonts-font-pizzadudedk
[2026-05-03T08:10:10Z] #4 attempt=1/2 status=200 0.315s url=https://www.myfonts.com/products/pizzadude-revival-pack-1-package-534607
[2026-05-03T08:10:11Z] #5 attempt=1/2 status=404 0.211s url=https://www.myfonts.com/collections/pizzadude-revival-pack-1-font-pizzadudedk
[2026-05-03T08:10:11Z] #6 attempt=1/2 status=200 0.317s url=https://www.myfonts.com/products/ghost-boy-family-package-84656
[2026-05-03T08:10:12Z] #7 attempt=1/2 status=404 0.193s url=https://www.myfonts.com/collections/ghost-boy-font-pizzadudedk
[2026-05-03T08:10:12Z] #8 attempt=1/2 status=200 0.295s url=https://www.myfonts.com/products/fontlicker-pack-package-83750
[2026-05-03T08:10:13Z] #9 attempt=1/2 status=404 0.225s url=https://www.myfonts.com/collections/fontlicker-pack-font-pizzadudedk
[2026-05-03T08:10:13Z] #10 attempt=1/2 status=200 0.298s url=https://www.myfonts.com/products/pizzadude-revival-pack-2-package-534612
[2026-05-03T08:10:14Z] #11 attempt=1/2 status=404 0.200s url=https://www.myfonts.com/collections/pizzadude-revival-pack-2-font-pizzadudedk
[2026-05-03T08:10:15Z] #12 attempt=1/2 status=200 1.334s url=https://www.myfonts.com/products/sans-serif-bundle-package-772080
[2026-05-03T08:10:16Z] #13 attempt=1/2 status=404 0.186s url=https://www.myfonts.com/collections/sans-serif-bundle-font-larin-type-co
[2026-05-03T08:10:17Z] #14 attempt=1/2 status=200 0.810s url=https://www.myfonts.com/products/forley-display-complete-family-package-1144817
[2026-05-03T08:10:18Z] #15 attempt=1/2 status=200 1.088s url=https://www.myfonts.com/collections/forley-display-font-monotype-imaging/
[2026-05-03T08:10:20Z] #16 attempt=1/2 status=200 1.580s url=https://www.myfonts.com/collections/forley-display-font-monotype-imaging/?tab=techSpecs
[2026-05-03T08:10:22Z] #17 attempt=1/2 status=200 0.684s url=https://www.myfonts.com/products/perfect-roman-complete-family-package-1144767
[2026-05-03T08:10:23Z] #18 attempt=1/2 status=200 0.910s url=https://www.myfonts.com/collections/perfect-roman-font-flanker/
[2026-05-03T08:10:24Z] #19 attempt=1/2 status=200 0.947s url=https://www.myfonts.com/collections/perfect-roman-font-flanker/?tab=techSpecs
[2026-05-03T08:10:26Z] #20 attempt=1/2 status=200 0.427s url=https://www.myfonts.com/products/greater-neue-condensed-complete-family-package-1144781
[2026-05-03T08:10:27Z] #21 attempt=1/2 status=200 0.784s url=https://www.myfonts.com/collections/greater-neue-condensed-font-nicolass-fonts/
[2026-05-03T08:10:28Z] #22 attempt=1/2 status=200 0.711s url=https://www.myfonts.com/collections/greater-neue-condensed-font-nicolass-fonts/?tab=techSpecs
[2026-05-03T08:10:29Z] #23 attempt=1/2 status=200 0.436s url=https://www.myfonts.com/products/regular-and-italic-package-1144660
[2026-05-03T08:10:30Z] #24 attempt=1/2 status=200 0.840s url=https://www.myfonts.com/collections/sorginak-font-make-it-type/
[2026-05-03T08:10:31Z] #25 attempt=1/2 status=200 0.212s url=https://www.myfonts.com/collections/sorginak-font-make-it-type/?tab=techSpecs
[2026-05-03T08:10:32Z] #26 attempt=1/2 status=200 0.636s url=https://www.myfonts.com/products/ovink-complete-family-package-1144798
[2026-05-03T08:10:33Z] #27 attempt=1/2 status=200 0.734s url=https://www.myfonts.com/collections/ovink-font-kursivist/
[2026-05-03T08:10:34Z] #28 attempt=1/2 status=200 0.679s url=https://www.myfonts.com/collections/ovink-font-kursivist/?tab=techSpecs
[2026-05-03T08:10:37Z] #29 attempt=1/2 status=200 1.729s url=https://www.myfonts.com/products/hard-package-1144881
[2026-05-03T08:10:41Z] #30 attempt=1/2 status=500 3.334s url=https://www.myfonts.com/collections/akisan-font-akbartype/
[2026-05-03T08:10:41Z] #31 attempt=1/2 status=404 0.203s url=https://www.myfonts.com/collections/hard-font-akbartype
[2026-05-03T08:10:42Z] #32 attempt=1/2 status=200 0.425s url=https://www.myfonts.com/products/machia-complete-family-package-1139330
[2026-05-03T08:10:43Z] #33 attempt=1/2 status=200 0.514s url=https://www.myfonts.com/collections/machia-font-dharma-type/
[2026-05-03T08:10:43Z] #34 attempt=1/2 status=200 0.172s url=https://www.myfonts.com/collections/machia-font-dharma-type/?tab=techSpecs
[2026-05-03T08:10:44Z] #35 attempt=1/2 status=200 0.518s url=https://www.myfonts.com/products/regular-franken-witch-1102760
[2026-05-03T08:10:45Z] #36 attempt=1/2 status=200 0.565s url=https://www.myfonts.com/collections/franken-witch-font-pandeka-studio/
[2026-05-03T08:10:46Z] #37 attempt=1/2 status=200 0.182s url=https://www.myfonts.com/collections/franken-witch-font-pandeka-studio/?tab=techSpecs
[2026-05-03T08:10:47Z] #38 attempt=1/2 status=200 0.388s url=https://www.myfonts.com/products/script-ut-mynabali-1009864
[2026-05-03T08:10:48Z] #39 attempt=1/2 status=200 0.464s url=https://www.myfonts.com/collections/ut-mynabali-font-universitype/
[2026-05-03T08:10:48Z] #40 attempt=1/2 status=200 0.149s url=https://www.myfonts.com/collections/ut-mynabali-font-universitype/?tab=techSpecs
[2026-05-03T08:10:50Z] #41 attempt=1/2 status=200 0.568s url=https://www.myfonts.com/products/regular-gatte-1064888
[2026-05-03T08:10:50Z] #42 attempt=1/2 status=200 0.476s url=https://www.myfonts.com/collections/gatte-font-artiveko/
[2026-05-03T08:10:51Z] #43 attempt=1/2 status=200 0.142s url=https://www.myfonts.com/collections/gatte-font-artiveko/?tab=techSpecs
[2026-05-03T08:10:52Z] #44 attempt=1/2 status=200 0.310s url=https://www.myfonts.com/products/cs-maison-sezanne-regular-cs-maison-sezanne-1144778
[2026-05-03T08:10:52Z] #45 attempt=1/2 status=200 0.282s url=https://www.myfonts.com/collections/cs-maison-sezanne-font-calamar/
[2026-05-03T08:10:53Z] #46 attempt=1/2 status=200 0.353s url=https://www.myfonts.com/collections/cs-maison-sezanne-font-calamar/?tab=techSpecs
[2026-05-03T08:10:54Z] #47 attempt=1/2 status=200 0.409s url=https://www.myfonts.com/products/outline-raylin-1099096
[2026-05-03T08:10:55Z] #48 attempt=1/2 status=200 0.600s url=https://www.myfonts.com/collections/raylin-font-cocodesign/
[2026-05-03T08:10:55Z] #49 attempt=1/2 status=200 0.477s url=https://www.myfonts.com/collections/raylin-font-cocodesign/?tab=techSpecs
[2026-05-03T08:10:57Z] #50 attempt=1/2 status=200 0.365s url=https://www.myfonts.com/products/regular-morgai-retan-1102754
[2026-05-03T08:10:58Z] #51 attempt=1/2 status=200 0.667s url=https://www.myfonts.com/collections/morgai-retan-font-timelesstype-studio/
[2026-05-03T08:10:58Z] #52 attempt=1/2 status=200 0.516s url=https://www.myfonts.com/collections/morgai-retan-font-timelesstype-studio/?tab=techSpecs
[2026-05-03T08:11:00Z] #53 attempt=1/2 status=200 0.314s url=https://www.myfonts.com/products/buztery-regular-buztery-1056338
[2026-05-03T08:11:00Z] #54 attempt=1/2 status=200 0.363s url=https://www.myfonts.com/collections/buztery-font-stringlabs-creative-studio/
[2026-05-03T08:11:01Z] #55 attempt=1/2 status=200 0.211s url=https://www.myfonts.com/collections/buztery-font-stringlabs-creative-studio/?tab=techSpecs
[2026-05-03T08:11:02Z] #56 attempt=1/2 status=200 0.315s url=https://www.myfonts.com/products/regular-romane-1102762
[2026-05-03T08:11:02Z] #57 attempt=1/2 status=200 0.343s url=https://www.myfonts.com/collections/romane-font-ferry-ardana-putra/
[2026-05-03T08:11:03Z] #58 attempt=1/2 status=200 0.144s url=https://www.myfonts.com/collections/romane-font-ferry-ardana-putra/?tab=techSpecs
[2026-05-03T08:11:03Z] #59 attempt=1/2 status=200 0.298s url=https://www.myfonts.com/products/regular-other-cattie-1144766
[2026-05-03T08:11:04Z] #60 attempt=1/2 status=200 0.316s url=https://www.myfonts.com/collections/other-cattie-font-aisyah/
[2026-05-03T08:11:05Z] #61 attempt=1/2 status=200 0.434s url=https://www.myfonts.com/collections/other-cattie-font-aisyah/?tab=techSpecs
[2026-05-03T08:11:06Z] #62 attempt=1/6 status=200 0.745s url=https://www.myfonts.com/products.json?limit=100&page=2
[2026-05-03T08:11:07Z] #63 attempt=1/2 status=200 0.382s url=https://www.myfonts.com/products/akimila-plawud-regular-mc-akimila-plawud-1144777
[2026-05-03T08:11:07Z] #64 attempt=1/2 status=200 0.342s url=https://www.myfonts.com/collections/mc-akimila-plawud-font-maulana-creative/
[2026-05-03T08:11:08Z] #65 attempt=1/2 status=200 0.233s url=https://www.myfonts.com/collections/mc-akimila-plawud-font-maulana-creative/?tab=techSpecs
[2026-05-03T08:11:09Z] #66 attempt=1/2 status=200 0.394s url=https://www.myfonts.com/products/regular-anasteziya-1056340
[2026-05-03T08:11:09Z] #67 attempt=1/2 status=200 0.322s url=https://www.myfonts.com/collections/anasteziya-font-stringlabs-creative-studio/
[2026-05-03T08:11:10Z] #68 attempt=1/2 status=200 0.157s url=https://www.myfonts.com/collections/anasteziya-font-stringlabs-creative-studio/?tab=techSpecs
[2026-05-03T08:11:11Z] #69 attempt=1/2 status=200 0.595s url=https://www.myfonts.com/products/technical-forest-family-package-321226
[2026-05-03T08:11:12Z] #70 attempt=1/2 status=200 0.461s url=https://www.myfonts.com/collections/technical-forest-font-maciej-swierczek/
[2026-05-03T08:11:12Z] #71 attempt=1/2 status=200 0.163s url=https://www.myfonts.com/collections/technical-forest-font-maciej-swierczek/?tab=techSpecs
[2026-05-03T08:11:13Z] #72 attempt=1/2 status=200 0.312s url=https://www.myfonts.com/products/light-134804-technical-forest-321220
[2026-05-03T08:11:14Z] #73 attempt=1/2 status=200 0.520s url=https://www.myfonts.com/collections/technical-forest-font-maciej-swierczek/
[2026-05-03T08:11:16Z] #74 attempt=1/2 status=200 1.165s url=https://www.myfonts.com/collections/technical-forest-font-maciej-swierczek/?tab=techSpecs
[2026-05-03T08:11:17Z] #75 attempt=1/2 status=200 0.476s url=https://www.myfonts.com/products/bold-134804-technical-forest-321235
[2026-05-03T08:11:17Z] #76 attempt=1/2 status=200 0.182s url=https://www.myfonts.com/collections/technical-forest-font-maciej-swierczek/
[2026-05-03T08:11:18Z] #77 attempt=1/2 status=200 0.272s url=https://www.myfonts.com/collections/technical-forest-font-maciej-swierczek/?tab=techSpecs
[2026-05-03T08:11:19Z] #78 attempt=1/2 status=200 0.429s url=https://www.myfonts.com/products/display-teutura-324235
[2026-05-03T08:11:20Z] #79 attempt=1/2 status=200 0.421s url=https://www.myfonts.com/collections/teutura-font-maciej-swierczek/
[2026-05-03T08:11:21Z] #80 attempt=1/2 status=200 0.536s url=https://www.myfonts.com/collections/teutura-font-maciej-swierczek/?tab=techSpecs
[2026-05-03T08:11:22Z] #81 attempt=1/2 status=200 0.292s url=https://www.myfonts.com/products/regular-134804-technical-forest-321231
[2026-05-03T08:11:22Z] #82 attempt=1/2 status=200 0.195s url=https://www.myfonts.com/collections/technical-forest-font-maciej-swierczek/
[2026-05-03T08:11:22Z] #83 attempt=1/2 status=200 0.160s url=https://www.myfonts.com/collections/technical-forest-font-maciej-swierczek/?tab=techSpecs
[2026-05-03T08:11:24Z] #84 attempt=1/2 status=200 0.704s url=https://www.myfonts.com/products/bulldog-pro-roman-italic-static-complete-package-1144780
[2026-05-03T08:11:24Z] #85 attempt=1/2 status=404 0.213s url=https://www.myfonts.com/collections/bulldog-pro-roman-italic-static-font-club-type
[2026-05-03T08:11:26Z] #86 attempt=1/2 status=200 1.298s url=https://www.myfonts.com/products/mix-bundle-package-718721
[2026-05-03T08:11:26Z] #87 attempt=1/2 status=404 0.199s url=https://www.myfonts.com/collections/mix-bundle-font-aisyah
[2026-05-03T08:11:27Z] #88 attempt=1/2 status=200 0.699s url=https://www.myfonts.com/products/brightons-complete-family-package-1143669
[2026-05-03T08:11:28Z] #89 attempt=1/2 status=200 0.928s url=https://www.myfonts.com/collections/um-brightons-font-unitype-studio/
[2026-05-03T08:11:30Z] #90 attempt=1/2 status=200 1.113s url=https://www.myfonts.com/collections/um-brightons-font-unitype-studio/?tab=techSpecs
[2026-05-03T08:11:31Z] #91 attempt=1/2 status=200 0.563s url=https://www.myfonts.com/products/acel-gothic-complete-family-package-1131280
[2026-05-03T08:11:33Z] #92 attempt=1/2 status=200 1.207s url=https://www.myfonts.com/collections/acel-gothic-font-monovo/
[2026-05-03T08:11:34Z] #93 attempt=1/2 status=200 1.127s url=https://www.myfonts.com/collections/acel-gothic-font-monovo/?tab=techSpecs
[2026-05-03T08:11:36Z] #94 attempt=1/2 status=200 0.527s url=https://www.myfonts.com/products/a-fool-like-me-complete-family-package-1144267
[2026-05-03T08:11:37Z] #95 attempt=1/2 status=200 0.811s url=https://www.myfonts.com/collections/a-fool-like-me-font-pizzadudedk/
[2026-05-03T08:11:37Z] #96 attempt=1/2 status=200 0.178s url=https://www.myfonts.com/collections/a-fool-like-me-font-pizzadudedk/?tab=techSpecs
[2026-05-03T08:11:39Z] #97 attempt=1/2 status=200 0.539s url=https://www.myfonts.com/products/montreal-complete-family-package-1143606
[2026-05-03T08:11:40Z] #98 attempt=1/2 status=200 0.994s url=https://www.myfonts.com/collections/um-montreal-font-unitype-studio/
[2026-05-03T08:11:40Z] #99 attempt=1/2 status=200 0.175s url=https://www.myfonts.com/collections/um-montreal-font-unitype-studio/?tab=techSpecs
[2026-05-03T08:11:42Z] #100 attempt=1/2 status=200 0.371s url=https://www.myfonts.com/products/bulldog-pro-italic-complete-family-package-1136644
[2026-05-03T08:11:43Z] #101 attempt=1/2 status=200 0.997s url=https://www.myfonts.com/collections/bulldog-pro-italic-font-club-type/
[2026-05-03T08:11:44Z] #102 attempt=1/2 status=200 0.722s url=https://www.myfonts.com/collections/bulldog-pro-italic-font-club-type/?tab=techSpecs
[2026-05-03T08:11:45Z] #103 attempt=1/2 status=200 0.531s url=https://www.myfonts.com/products/gotham-complete-family-package-1144278
[2026-05-03T08:11:46Z] #104 attempt=1/2 status=200 0.452s url=https://www.myfonts.com/collections/gotham-font-hoefler-and-co/
[2026-05-03T08:11:47Z] #105 attempt=1/2 status=200 0.509s url=https://www.myfonts.com/collections/gotham-font-hoefler-and-co/?tab=techSpecs
[2026-05-03T08:11:49Z] #106 attempt=1/2 status=200 0.448s url=https://www.myfonts.com/products/bulldog-pro-variable-complete-package-1142551
[2026-05-03T08:11:49Z] #107 attempt=1/2 status=200 0.342s url=https://www.myfonts.com/collections/bulldog-pro-variable-font-club-type
[2026-05-03T08:11:50Z] #108 attempt=1/2 status=200 0.343s url=https://www.myfonts.com/collections/bulldog-pro-variable-font-club-type?tab=techSpecs
[2026-05-03T08:11:51Z] #109 attempt=1/2 status=200 0.409s url=https://www.myfonts.com/products/brutalist-complete-family-package-1144744
[2026-05-03T08:11:52Z] #110 attempt=1/2 status=200 0.912s url=https://www.myfonts.com/collections/brutalist-font-vozzy/
[2026-05-03T08:11:53Z] #111 attempt=1/2 status=200 0.680s url=https://www.myfonts.com/collections/brutalist-font-vozzy/?tab=techSpecs
[2026-05-03T08:11:54Z] #112 attempt=1/2 status=200 0.664s url=https://www.myfonts.com/products/barend-slanted-package-1144743
[2026-05-03T08:11:56Z] #113 attempt=1/2 status=200 0.844s url=https://www.myfonts.com/collections/barend-font-sekyra-lab/
[2026-05-03T08:11:56Z] #114 attempt=1/2 status=200 0.155s url=https://www.myfonts.com/collections/barend-font-sekyra-lab/?tab=techSpecs
[2026-05-03T08:11:57Z] #115 attempt=1/2 status=200 0.362s url=https://www.myfonts.com/products/statos-complete-family-package-1144749
[2026-05-03T08:11:58Z] #116 attempt=1/2 status=200 0.499s url=https://www.myfonts.com/collections/statos-font-defharo/
[2026-05-03T08:11:58Z] #117 attempt=1/2 status=200 0.215s url=https://www.myfonts.com/collections/statos-font-defharo/?tab=techSpecs
[2026-05-03T08:12:00Z] #118 attempt=1/2 status=200 0.408s url=https://www.myfonts.com/products/regalic-complete-family-package-1142881
[2026-05-03T08:12:01Z] #119 attempt=1/2 status=200 0.814s url=https://www.myfonts.com/collections/regalic-font-digitype-studio/
[2026-05-03T08:12:02Z] #120 attempt=1/2 status=200 0.610s url=https://www.myfonts.com/collections/regalic-font-digitype-studio/?tab=techSpecs
[2026-05-03T08:12:03Z] #121 attempt=1/2 status=200 0.418s url=https://www.myfonts.com/products/insta-avant-complete-family-package-1144761
[2026-05-03T08:12:04Z] #122 attempt=1/2 status=200 0.484s url=https://www.myfonts.com/collections/insta-avant-font-clevus/
[2026-05-03T08:12:05Z] #123 attempt=1/2 status=200 0.908s url=https://www.myfonts.com/collections/insta-avant-font-clevus/?tab=techSpecs
[2026-05-03T08:12:07Z] #124 attempt=1/2 status=200 0.935s url=https://www.myfonts.com/products/alternates-package-1144523
[2026-05-03T08:12:10Z] #125 attempt=1/2 status=500 3.202s url=https://www.myfonts.com/collections/reicha-font-akbartype/
[2026-05-03T08:12:11Z] #126 attempt=1/2 status=404 0.337s url=https://www.myfonts.com/collections/alternates-font-akbartype
[2026-05-03T08:12:11Z] #127 attempt=1/2 status=200 0.386s url=https://www.myfonts.com/products/makola-belvare-font-duo-complete-family-package-1144757
[2026-05-03T08:12:12Z] #128 attempt=1/2 status=200 0.440s url=https://www.myfonts.com/collections/makola-belvare-font-duo-font-clevus/
[2026-05-03T08:12:13Z] #129 attempt=1/2 status=200 0.739s url=https://www.myfonts.com/collections/makola-belvare-font-duo-font-clevus/?tab=techSpecs
[2026-05-03T08:12:14Z] #130 attempt=1/2 status=200 0.458s url=https://www.myfonts.com/products/annabelle-duo-complete-family-package-1144530
[2026-05-03T08:12:15Z] #131 attempt=1/2 status=200 0.742s url=https://www.myfonts.com/collections/annabelle-duo-font-naturalink/
[2026-05-03T08:12:16Z] #132 attempt=1/2 status=200 0.533s url=https://www.myfonts.com/collections/annabelle-duo-font-naturalink/?tab=techSpecs
[2026-05-03T08:12:17Z] #133 attempt=1/2 status=200 0.482s url=https://www.myfonts.com/products/andenes-complete-family-package-1140047
[2026-05-03T08:12:18Z] #134 attempt=1/2 status=200 0.772s url=https://www.myfonts.com/collections/andenes-font-piscotype/
[2026-05-03T08:12:19Z] #135 attempt=1/2 status=200 0.530s url=https://www.myfonts.com/collections/andenes-font-piscotype/?tab=techSpecs
[2026-05-03T08:12:21Z] #136 attempt=1/2 status=200 0.575s url=https://www.myfonts.com/products/bulldog-pro-complete-family-package-1141325
[2026-05-03T08:12:22Z] #137 attempt=1/2 status=200 0.622s url=https://www.myfonts.com/collections/bulldog-pro-font-club-type/
[2026-05-03T08:12:22Z] #138 attempt=1/2 status=200 0.537s url=https://www.myfonts.com/collections/bulldog-pro-font-club-type/?tab=techSpecs
[2026-05-03T08:12:24Z] #139 attempt=1/2 status=200 0.349s url=https://www.myfonts.com/products/it-aurelyanne-complete-family-package-1120215
[2026-05-03T08:12:25Z] #140 attempt=1/2 status=200 1.122s url=https://www.myfonts.com/collections/it-aurelyanne-font-creatifont-studio/
[2026-05-03T08:12:26Z] #141 attempt=1/2 status=200 0.536s url=https://www.myfonts.com/collections/it-aurelyanne-font-creatifont-studio/?tab=techSpecs
[2026-05-03T08:12:27Z] #142 attempt=1/2 status=200 0.389s url=https://www.myfonts.com/products/rockets-complete-family-package-1143661
[2026-05-03T08:12:28Z] #143 attempt=1/2 status=200 0.829s url=https://www.myfonts.com/collections/um-rockets-font-unitype-studio/
[2026-05-03T08:12:29Z] #144 attempt=1/2 status=200 0.480s url=https://www.myfonts.com/collections/um-rockets-font-unitype-studio/?tab=techSpecs
[2026-05-03T08:12:30Z] #145 attempt=1/2 status=200 0.382s url=https://www.myfonts.com/products/jotable-complete-family-package-1138403
[2026-05-03T08:12:31Z] #146 attempt=1/2 status=200 0.754s url=https://www.myfonts.com/collections/jotable-font-varifont/
[2026-05-03T08:12:32Z] #147 attempt=1/2 status=200 0.172s url=https://www.myfonts.com/collections/jotable-font-varifont/?tab=techSpecs
[2026-05-03T08:12:33Z] #148 attempt=1/2 status=200 0.338s url=https://www.myfonts.com/products/absolute-subject-film-complete-family-package-1144527
[2026-05-03T08:12:33Z] #149 attempt=1/2 status=200 0.462s url=https://www.myfonts.com/collections/absolute-subject-film-font-metasena-typefoundry/
[2026-05-03T08:12:34Z] #150 attempt=1/2 status=200 0.152s url=https://www.myfonts.com/collections/absolute-subject-film-font-metasena-typefoundry/?tab=techSpecs
[2026-05-03T08:12:35Z] #151 attempt=1/2 status=200 0.351s url=https://www.myfonts.com/products/degon-stuz-complete-family-package-1144524
[2026-05-03T08:12:36Z] #152 attempt=1/2 status=200 0.447s url=https://www.myfonts.com/collections/degon-stuz-font-mooneseye-studio/
[2026-05-03T08:12:36Z] #153 attempt=1/2 status=200 0.171s url=https://www.myfonts.com/collections/degon-stuz-font-mooneseye-studio/?tab=techSpecs
[2026-05-03T08:12:38Z] #154 attempt=1/2 status=200 0.485s url=https://www.myfonts.com/products/hey-chuck-complete-family-package-1144399
[2026-05-03T08:12:38Z] #155 attempt=1/2 status=200 0.382s url=https://www.myfonts.com/collections/hey-chuck-font-matthew-carl/
[2026-05-03T08:12:39Z] #156 attempt=1/2 status=200 0.467s url=https://www.myfonts.com/collections/hey-chuck-font-matthew-carl/?tab=techSpecs
[2026-05-03T08:12:40Z] #157 attempt=1/2 status=200 0.371s url=https://www.myfonts.com/products/existo-complete-family-package-1144535
[2026-05-03T08:12:41Z] #158 attempt=1/2 status=200 0.548s url=https://www.myfonts.com/collections/existo-font-asenbayu/
[2026-05-03T08:12:42Z] #159 attempt=1/2 status=200 0.576s url=https://www.myfonts.com/collections/existo-font-asenbayu/?tab=techSpecs
[2026-05-03T08:12:43Z] #160 attempt=1/2 status=200 0.349s url=https://www.myfonts.com/products/regular-kaiby-1102757
[2026-05-03T08:12:44Z] #161 attempt=1/2 status=200 0.567s url=https://www.myfonts.com/collections/kaiby-font-nirmana-visual/
[2026-05-03T08:12:45Z] #162 attempt=1/2 status=200 0.502s url=https://www.myfonts.com/collections/kaiby-font-nirmana-visual/?tab=techSpecs
[2026-05-03T08:12:47Z] #163 attempt=1/6 status=200 1.312s url=https://www.myfonts.com/products.json?limit=100&page=3
[2026-05-03T08:12:48Z] #164 attempt=1/2 status=200 0.416s url=https://www.myfonts.com/products/light-ebisu-1144404
[2026-05-03T08:12:49Z] #165 attempt=1/2 status=200 1.254s url=https://www.myfonts.com/collections/ebisu-font-thinkdust/
[2026-05-03T08:12:50Z] #166 attempt=1/2 status=200 0.184s url=https://www.myfonts.com/collections/ebisu-font-thinkdust/?tab=techSpecs
[2026-05-03T08:12:51Z] #167 attempt=1/2 status=200 0.330s url=https://www.myfonts.com/products/regular-aestica-1144541
[2026-05-03T08:12:52Z] #168 attempt=1/2 status=200 0.336s url=https://www.myfonts.com/collections/aestica-font-kangfont-studio/
[2026-05-03T08:12:52Z] #169 attempt=1/2 status=503 0.085s url=https://www.myfonts.com/collections/aestica-font-kangfont-studio/?tab=techSpecs
[2026-05-03T08:12:52Z] retryable_503 attempt=1/2 waiting=2s
[2026-05-03T08:12:54Z] #170 attempt=2/2 status=200 0.332s url=https://www.myfonts.com/collections/aestica-font-kangfont-studio/?tab=techSpecs
[2026-05-03T08:12:55Z] #171 attempt=1/2 status=200 0.345s url=https://www.myfonts.com/products/risatry-regular-risatry-1056337
[2026-05-03T08:12:56Z] #172 attempt=1/2 status=200 0.288s url=https://www.myfonts.com/collections/risatry-font-stringlabs-creative-studio/
[2026-05-03T08:12:57Z] #173 attempt=1/2 status=200 0.934s url=https://www.myfonts.com/collections/risatry-font-stringlabs-creative-studio/?tab=techSpecs
[2026-05-03T08:12:58Z] #174 attempt=1/2 status=200 0.331s url=https://www.myfonts.com/products/pangestu-regular-pangestu-1056339
[2026-05-03T08:12:59Z] #175 attempt=1/2 status=200 0.426s url=https://www.myfonts.com/collections/pangestu-font-stringlabs-creative-studio/
[2026-05-03T08:12:59Z] #176 attempt=1/2 status=200 0.156s url=https://www.myfonts.com/collections/pangestu-font-stringlabs-creative-studio/?tab=techSpecs
[2026-05-03T08:13:00Z] #177 attempt=1/2 status=200 0.318s url=https://www.myfonts.com/products/regular-back-honey-1102752
[2026-05-03T08:13:00Z] #178 attempt=1/2 status=200 0.303s url=https://www.myfonts.com/collections/back-honey-font-alit-design/
[2026-05-03T08:13:01Z] #179 attempt=1/2 status=200 0.173s url=https://www.myfonts.com/collections/back-honey-font-alit-design/?tab=techSpecs
[2026-05-03T08:13:02Z] #180 attempt=1/2 status=200 0.319s url=https://www.myfonts.com/products/regular-bulldog-pro-italic-variable-1142327
[2026-05-03T08:13:02Z] #181 attempt=1/2 status=200 0.387s url=https://www.myfonts.com/collections/bulldog-pro-italic-variable-font-club-type/
[2026-05-03T08:13:03Z] #182 attempt=1/2 status=200 0.302s url=https://www.myfonts.com/collections/bulldog-pro-italic-variable-font-club-type/?tab=techSpecs
[2026-05-03T08:13:04Z] #183 attempt=1/2 status=200 0.885s url=https://www.myfonts.com/products/regular-bulldog-pro-variable-1136627
[2026-05-03T08:13:05Z] #184 attempt=1/2 status=200 0.137s url=https://www.myfonts.com/collections/bulldog-pro-variable-font-club-type/
[2026-05-03T08:13:05Z] #185 attempt=1/2 status=200 0.171s url=https://www.myfonts.com/collections/bulldog-pro-variable-font-club-type/?tab=techSpecs
[2026-05-03T08:13:06Z] #186 attempt=1/2 status=503 0.063s url=https://www.myfonts.com/products/regular-rogue-legends-1144748
[2026-05-03T08:13:06Z] retryable_503 attempt=1/2 waiting=2s
[2026-05-03T08:13:08Z] #187 attempt=2/2 status=200 0.341s url=https://www.myfonts.com/products/regular-rogue-legends-1144748
[2026-05-03T08:13:09Z] #188 attempt=1/2 status=200 0.415s url=https://www.myfonts.com/collections/rogue-legends-font-andrey-sharonov/
[2026-05-03T08:13:09Z] #189 attempt=1/2 status=200 0.155s url=https://www.myfonts.com/collections/rogue-legends-font-andrey-sharonov/?tab=techSpecs
[2026-05-03T08:13:10Z] #190 attempt=1/2 status=200 0.396s url=https://www.myfonts.com/products/losera-regular-losera-1144764
[2026-05-03T08:13:11Z] #191 attempt=1/2 status=200 0.349s url=https://www.myfonts.com/collections/losera-font-marvadesign/
[2026-05-03T08:13:12Z] #192 attempt=1/2 status=200 0.326s url=https://www.myfonts.com/collections/losera-font-marvadesign/?tab=techSpecs
[2026-05-03T08:13:12Z] #193 attempt=1/2 status=200 0.323s url=https://www.myfonts.com/products/regular-belathine-signature-1144560
[2026-05-03T08:13:13Z] #194 attempt=1/2 status=200 0.750s url=https://www.myfonts.com/collections/belathine-signature-font-mjb-letters/
[2026-05-03T08:13:14Z] #195 attempt=1/2 status=200 0.404s url=https://www.myfonts.com/collections/belathine-signature-font-mjb-letters/?tab=techSpecs
[2026-05-03T08:13:16Z] #196 attempt=1/6 status=200 1.338s url=https://www.myfonts.com/products.json?limit=100&page=4
[2026-05-03T08:13:17Z] #197 attempt=1/2 status=200 0.420s url=https://www.myfonts.com/products/regular-bad-recipe-1144747
[2026-05-03T08:13:17Z] #198 attempt=1/2 status=200 0.364s url=https://www.myfonts.com/collections/bad-recipe-font-aisyah/
[2026-05-03T08:13:18Z] #199 attempt=1/2 status=200 0.157s url=https://www.myfonts.com/collections/bad-recipe-font-aisyah/?tab=techSpecs
[2026-05-03T08:13:19Z] #200 attempt=1/2 status=200 0.380s url=https://www.myfonts.com/products/regular-anicha-script-1090359
[2026-05-03T08:13:19Z] #201 attempt=1/2 status=200 0.356s url=https://www.myfonts.com/collections/anicha-script-font-maikohatta/
[2026-05-03T08:13:20Z] #202 attempt=1/2 status=200 0.337s url=https://www.myfonts.com/collections/anicha-script-font-maikohatta/?tab=techSpecs
[2026-05-03T08:13:21Z] #203 attempt=1/2 status=200 0.302s url=https://www.myfonts.com/products/regular-um-christmas-1143622
[2026-05-03T08:13:21Z] #204 attempt=1/2 status=200 0.299s url=https://www.myfonts.com/collections/um-christmas-font-unitype-studio/
[2026-05-03T08:13:23Z] #205 attempt=1/2 status=200 1.061s url=https://www.myfonts.com/collections/um-christmas-font-unitype-studio/?tab=techSpecs
[2026-05-03T08:13:24Z] #206 attempt=1/2 status=200 0.339s url=https://www.myfonts.com/products/regular-ronta-1056332
[2026-05-03T08:13:24Z] #207 attempt=1/2 status=200 0.576s url=https://www.myfonts.com/collections/ronta-font-artiveko/
[2026-05-03T08:13:25Z] #208 attempt=1/2 status=200 0.419s url=https://www.myfonts.com/collections/ronta-font-artiveko/?tab=techSpecs
[2026-05-03T08:13:26Z] #209 attempt=1/2 status=200 0.332s url=https://www.myfonts.com/products/regular-casual-simone-1144760
[2026-05-03T08:13:27Z] #210 attempt=1/2 status=200 0.323s url=https://www.myfonts.com/collections/casual-simone-font-timurtype/
[2026-05-03T08:13:27Z] #211 attempt=1/2 status=503 0.058s url=https://www.myfonts.com/collections/casual-simone-font-timurtype/?tab=techSpecs
[2026-05-03T08:13:27Z] retryable_503 attempt=1/2 waiting=2s
[2026-05-03T08:13:30Z] #212 attempt=2/2 status=200 0.148s url=https://www.myfonts.com/collections/casual-simone-font-timurtype/?tab=techSpecs
[2026-05-03T08:13:31Z] #213 attempt=1/2 status=200 0.329s url=https://www.myfonts.com/products/regular-sinar-rahayu-o-1141267
[2026-05-03T08:13:31Z] #214 attempt=1/2 status=200 0.335s url=https://www.myfonts.com/collections/sinar-rahayu-o-font-o-type-foundry/
[2026-05-03T08:13:32Z] #215 attempt=1/2 status=200 0.304s url=https://www.myfonts.com/collections/sinar-rahayu-o-font-o-type-foundry/?tab=techSpecs
[2026-05-03T08:13:33Z] #216 attempt=1/6 status=200 0.746s url=https://www.myfonts.com/products.json?limit=100&page=5
[2026-05-03T08:13:34Z] #217 attempt=1/2 status=200 0.319s url=https://www.myfonts.com/products/regular-benefits-days-1144534
[2026-05-03T08:13:35Z] #218 attempt=1/2 status=200 0.465s url=https://www.myfonts.com/collections/benefits-days-font-naturalink/
[2026-05-03T08:13:35Z] #219 attempt=1/2 status=200 0.330s url=https://www.myfonts.com/collections/benefits-days-font-naturalink/?tab=techSpecs
[2026-05-03T08:13:36Z] #220 attempt=1/2 status=200 0.370s url=https://www.myfonts.com/products/script-regular-lonthe-1144533
[2026-05-03T08:13:37Z] #221 attempt=1/2 status=200 0.273s url=https://www.myfonts.com/collections/lonthe-font-qiubare-studio/
[2026-05-03T08:13:37Z] #222 attempt=1/2 status=200 0.409s url=https://www.myfonts.com/collections/lonthe-font-qiubare-studio/?tab=techSpecs
[2026-05-03T08:13:39Z] #223 attempt=1/6 status=200 0.867s url=https://www.myfonts.com/products.json?limit=100&page=6
[2026-05-03T08:13:40Z] #224 attempt=1/2 status=200 0.544s url=https://www.myfonts.com/products/sofia-pro-complete-family-package-1144765
[2026-05-03T08:13:41Z] #225 attempt=1/2 status=200 0.945s url=https://www.myfonts.com/collections/sofia-pro-font-mostardesign/
[2026-05-03T08:13:42Z] #226 attempt=1/2 status=200 1.169s url=https://www.myfonts.com/collections/sofia-pro-font-mostardesign/?tab=techSpecs
[2026-05-03T08:13:45Z] #227 attempt=1/2 status=200 1.411s url=https://www.myfonts.com/products/stencil-e-condensed-mixera-1143968
[2026-05-03T08:13:47Z] #228 attempt=1/2 status=200 2.409s url=https://www.myfonts.com/collections/mixera-font-seniors-studio/
[2026-05-03T08:13:51Z] #229 attempt=1/2 status=500 3.125s url=https://www.myfonts.com/collections/mixera-font-seniors-studio/?tab=techSpecs
[2026-05-03T08:13:52Z] #230 attempt=1/2 status=200 0.479s url=https://www.myfonts.com/products/regular-simple-notes-1144116
[2026-05-03T08:13:53Z] #231 attempt=1/2 status=200 0.618s url=https://www.myfonts.com/collections/simple-notes-font-vp-creative-shop/
[2026-05-03T08:13:54Z] #232 attempt=1/2 status=200 0.653s url=https://www.myfonts.com/collections/simple-notes-font-vp-creative-shop/?tab=techSpecs
[2026-05-03T08:13:55Z] #233 attempt=1/2 status=200 0.671s url=https://www.myfonts.com/products/medium-italic-superantia-1144076
[2026-05-03T08:13:56Z] #234 attempt=1/2 status=200 0.540s url=https://www.myfonts.com/collections/superantia-font-artisticandunique/
[2026-05-03T08:13:58Z] #235 attempt=1/2 status=200 0.959s url=https://www.myfonts.com/collections/superantia-font-artisticandunique/?tab=techSpecs
[2026-05-03T08:13:59Z] #236 attempt=1/2 status=200 0.374s url=https://www.myfonts.com/products/style-07-scribe-tales-1144091
[2026-05-03T08:14:00Z] #237 attempt=1/2 status=200 1.117s url=https://www.myfonts.com/collections/scribe-tales-font-vp-creative-shop/
[2026-05-03T08:14:01Z] #238 attempt=1/2 status=200 0.737s url=https://www.myfonts.com/collections/scribe-tales-font-vp-creative-shop/?tab=techSpecs
[2026-05-03T08:14:03Z] #239 attempt=1/2 status=200 0.400s url=https://www.myfonts.com/products/serif-autumn-in-philadelphia-1144033
[2026-05-03T08:14:03Z] #240 attempt=1/2 status=200 0.758s url=https://www.myfonts.com/collections/autumn-in-philadelphia-font-agny-hasya-studio/
[2026-05-03T08:14:04Z] #241 attempt=1/2 status=200 0.245s url=https://www.myfonts.com/collections/autumn-in-philadelphia-font-agny-hasya-studio/?tab=techSpecs
[2026-05-03T08:14:06Z] #242 attempt=1/2 status=200 1.195s url=https://www.myfonts.com/products/condensed-slant-regante-1144137
[2026-05-03T08:14:08Z] #243 attempt=1/2 status=200 1.863s url=https://www.myfonts.com/collections/regante-font-lettersams/
[2026-05-03T08:14:09Z] #244 attempt=1/2 status=200 0.205s url=https://www.myfonts.com/collections/regante-font-lettersams/?tab=techSpecs
[2026-05-03T08:14:11Z] #245 attempt=1/2 status=200 0.522s url=https://www.myfonts.com/products/regular-floxy-1144067
[2026-05-03T08:14:11Z] #246 attempt=1/2 status=200 0.307s url=https://www.myfonts.com/collections/floxy-font-imoodev/
[2026-05-03T08:14:12Z] #247 attempt=1/2 status=200 0.298s url=https://www.myfonts.com/collections/floxy-font-imoodev/?tab=techSpecs
[2026-05-03T08:14:13Z] #248 attempt=1/2 status=200 0.335s url=https://www.myfonts.com/products/light-seibi-takanawa-1144221
[2026-05-03T08:14:13Z] #249 attempt=1/2 status=200 0.451s url=https://www.myfonts.com/collections/seibi-takanawa-font-nihon-literal/
[2026-05-03T08:14:14Z] #250 attempt=1/2 status=200 0.461s url=https://www.myfonts.com/collections/seibi-takanawa-font-nihon-literal/?tab=techSpecs
[2026-05-03T08:14:18Z] #251 attempt=1/2 status=200 0.619s url=https://www.myfonts.com/products/bold-seibi-isarago-1144213
[2026-05-03T08:14:18Z] #252 attempt=1/2 status=200 0.526s url=https://www.myfonts.com/collections/seibi-isarago-font-nihon-literal/
[2026-05-03T08:14:19Z] #253 attempt=1/2 status=200 0.414s url=https://www.myfonts.com/collections/seibi-isarago-font-nihon-literal/?tab=techSpecs
[2026-05-03T08:14:22Z] #254 attempt=1/2 status=200 0.350s url=https://www.myfonts.com/products/regular-scarvox-1144042
[2026-05-03T08:14:23Z] #255 attempt=1/2 status=200 0.298s url=https://www.myfonts.com/collections/scarvox-font-epiclinez/
[2026-05-03T08:14:23Z] #256 attempt=1/2 status=200 0.170s url=https://www.myfonts.com/collections/scarvox-font-epiclinez/?tab=techSpecs
[2026-05-03T08:14:24Z] #257 attempt=1/2 status=200 0.485s url=https://www.myfonts.com/products/regular-larfioda-1144123
[2026-05-03T08:14:25Z] #258 attempt=1/2 status=200 0.453s url=https://www.myfonts.com/collections/larfioda-font-tini-fitriani/
[2026-05-03T08:14:26Z] #259 attempt=1/2 status=200 0.838s url=https://www.myfonts.com/collections/larfioda-font-tini-fitriani/?tab=techSpecs
[2026-05-03T08:14:27Z] #260 attempt=1/2 status=200 0.289s url=https://www.myfonts.com/products/regular-pixelatura-1144063
[2026-05-03T08:14:28Z] #261 attempt=1/2 status=200 0.319s url=https://www.myfonts.com/collections/pixelatura-font-angin-studio/
[2026-05-03T08:14:28Z] #262 attempt=1/2 status=200 0.594s url=https://www.myfonts.com/collections/pixelatura-font-angin-studio/?tab=techSpecs
[2026-05-03T08:14:29Z] #263 attempt=1/2 status=200 0.345s url=https://www.myfonts.com/products/regular-quervia-1144061
[2026-05-03T08:14:31Z] #264 attempt=1/2 status=200 0.937s url=https://www.myfonts.com/collections/quervia-font-shanaf/
[2026-05-03T08:14:31Z] #265 attempt=1/2 status=200 0.462s url=https://www.myfonts.com/collections/quervia-font-shanaf/?tab=techSpecs
[2026-05-03T08:14:33Z] #266 attempt=1/2 status=200 0.418s url=https://www.myfonts.com/products/medium-seibi-ai-1144207
[2026-05-03T08:14:34Z] #267 attempt=1/2 status=200 0.849s url=https://www.myfonts.com/collections/seibi-ai-font-nihon-literal/
[2026-05-03T08:14:35Z] #268 attempt=1/2 status=200 0.484s url=https://www.myfonts.com/collections/seibi-ai-font-nihon-literal/?tab=techSpecs
[2026-05-03T08:14:38Z] #269 attempt=1/2 status=200 0.404s url=https://www.myfonts.com/products/regular-varhen-karisha-1144029
[2026-05-03T08:14:39Z] #270 attempt=1/2 status=200 0.510s url=https://www.myfonts.com/collections/varhen-karisha-font-letterena-studios/
[2026-05-03T08:14:40Z] #271 attempt=1/2 status=200 0.935s url=https://www.myfonts.com/collections/varhen-karisha-font-letterena-studios/?tab=techSpecs
[2026-05-03T08:14:41Z] #272 attempt=1/2 status=200 0.399s url=https://www.myfonts.com/products/regular-blooming-pages-1144052
[2026-05-03T08:14:42Z] #273 attempt=1/2 status=200 0.791s url=https://www.myfonts.com/collections/blooming-pages-font-shanaf/
[2026-05-03T08:14:43Z] #274 attempt=1/2 status=200 0.152s url=https://www.myfonts.com/collections/blooming-pages-font-shanaf/?tab=techSpecs
[2026-05-03T08:14:44Z] #275 attempt=1/2 status=200 0.385s url=https://www.myfonts.com/products/ultrabold-seibi-kakupop-sbd-extrabold-1144231
[2026-05-03T08:14:45Z] #276 attempt=1/2 status=200 0.739s url=https://www.myfonts.com/collections/seibi-kakupop-sbd-extrabold-font-nihon-literal/
[2026-05-03T08:14:45Z] #277 attempt=1/2 status=200 0.159s url=https://www.myfonts.com/collections/seibi-kakupop-sbd-extrabold-font-nihon-literal/?tab=techSpecs
[2026-05-03T08:14:48Z] #278 attempt=1/2 status=200 0.288s url=https://www.myfonts.com/collections/seibi-kakupop-sbd-extrabold-font-nihon-literal/
[2026-05-03T08:14:49Z] #279 attempt=1/2 status=200 0.480s url=https://www.myfonts.com/products/black-italic-fusiform-1144265
[2026-05-03T08:14:50Z] #280 attempt=1/2 status=200 0.663s url=https://www.myfonts.com/collections/fusiform-font-hanken-design-co/
[2026-05-03T08:14:51Z] #281 attempt=1/2 status=200 0.773s url=https://www.myfonts.com/collections/fusiform-font-hanken-design-co/?tab=techSpecs
[2026-05-03T08:14:52Z] #282 attempt=1/2 status=200 0.326s url=https://www.myfonts.com/products/script-strikies-sports-1143886
[2026-05-03T08:14:53Z] #283 attempt=1/2 status=200 0.490s url=https://www.myfonts.com/collections/strikies-sports-font-nirmana-visual/
[2026-05-03T08:14:53Z] #284 attempt=1/2 status=200 0.166s url=https://www.myfonts.com/collections/strikies-sports-font-nirmana-visual/?tab=techSpecs
[2026-05-03T08:14:55Z] #285 attempt=1/2 status=200 0.493s url=https://www.myfonts.com/products/regular-mocha-muffin-1144027
[2026-05-03T08:14:55Z] #286 attempt=1/2 status=200 0.369s url=https://www.myfonts.com/collections/mocha-muffin-font-rasio-studio/
[2026-05-03T08:14:56Z] #287 attempt=1/2 status=200 0.142s url=https://www.myfonts.com/collections/mocha-muffin-font-rasio-studio/?tab=techSpecs
[2026-05-03T08:14:57Z] #288 attempt=1/2 status=200 0.376s url=https://www.myfonts.com/products/regular-kurojin-1144058
[2026-05-03T08:14:57Z] #289 attempt=1/2 status=200 0.386s url=https://www.myfonts.com/collections/kurojin-font-shanaf/
[2026-05-03T08:14:58Z] #290 attempt=1/2 status=200 0.350s url=https://www.myfonts.com/collections/kurojin-font-shanaf/?tab=techSpecs
[2026-05-03T08:14:59Z] #291 attempt=1/2 status=200 0.289s url=https://www.myfonts.com/products/regular-melkova-1143935
[2026-05-03T08:14:59Z] #292 attempt=1/2 status=200 0.315s url=https://www.myfonts.com/collections/melkova-font-vadova-std/
[2026-05-03T08:15:00Z] #293 attempt=1/2 status=200 0.204s url=https://www.myfonts.com/collections/melkova-font-vadova-std/?tab=techSpecs
[2026-05-03T08:15:01Z] #294 attempt=1/2 status=200 0.295s url=https://www.myfonts.com/products/regular-orinella-scribble-1144051
[2026-05-03T08:15:01Z] #295 attempt=1/2 status=200 0.316s url=https://www.myfonts.com/collections/orinella-scribble-font-letterhanna-studio/
[2026-05-03T08:15:02Z] #296 attempt=1/2 status=200 0.193s url=https://www.myfonts.com/collections/orinella-scribble-font-letterhanna-studio/?tab=techSpecs
[2026-05-03T08:15:03Z] #297 attempt=1/2 status=200 0.574s url=https://www.myfonts.com/products/italic-patugo-1143649
[2026-05-03T08:15:03Z] #298 attempt=1/2 status=200 0.533s url=https://www.myfonts.com/collections/patugo-font-vermilione/
[2026-05-03T08:15:04Z] #299 attempt=1/2 status=200 0.148s url=https://www.myfonts.com/collections/patugo-font-vermilione/?tab=techSpecs
[2026-05-03T08:15:05Z] #300 attempt=1/2 status=200 0.371s url=https://www.myfonts.com/products/shdw-rumble-block-1144071
[2026-05-03T08:15:06Z] #301 attempt=1/2 status=200 0.506s url=https://www.myfonts.com/collections/rumble-block-font-authentype/
[2026-05-03T08:15:07Z] #302 attempt=1/2 status=200 0.480s url=https://www.myfonts.com/collections/rumble-block-font-authentype/?tab=techSpecs
[2026-05-03T08:15:08Z] #303 attempt=1/2 status=200 0.372s url=https://www.myfonts.com/products/regular-mogace-1144044
[2026-05-03T08:15:09Z] #304 attempt=1/2 status=200 0.542s url=https://www.myfonts.com/collections/mogace-font-jafar07/
[2026-05-03T08:15:10Z] #305 attempt=1/2 status=200 0.459s url=https://www.myfonts.com/collections/mogace-font-jafar07/?tab=techSpecs
[2026-05-03T08:15:12Z] #306 attempt=1/6 status=200 0.788s url=https://www.myfonts.com/products.json?limit=100&page=7
[2026-05-03T08:15:12Z] #307 attempt=1/2 status=200 0.408s url=https://www.myfonts.com/products/regular-distyan-stovilky-1144047
[2026-05-03T08:15:13Z] #308 attempt=1/2 status=200 0.446s url=https://www.myfonts.com/collections/distyan-stovilky-font-stylishtype-studio/
[2026-05-03T08:15:14Z] #309 attempt=1/2 status=200 0.419s url=https://www.myfonts.com/collections/distyan-stovilky-font-stylishtype-studio/?tab=techSpecs
[2026-05-03T08:15:15Z] #310 attempt=1/2 status=200 0.405s url=https://www.myfonts.com/products/regular-lahuddin-1144038
[2026-05-03T08:15:16Z] #311 attempt=1/2 status=200 0.518s url=https://www.myfonts.com/collections/lahuddin-font-ahweproject/
[2026-05-03T08:15:16Z] #312 attempt=1/2 status=200 0.163s url=https://www.myfonts.com/collections/lahuddin-font-ahweproject/?tab=techSpecs
[2026-05-03T08:15:17Z] #313 attempt=1/2 status=200 0.344s url=https://www.myfonts.com/products/drip-melto-gofer-1144130
[2026-05-03T08:15:18Z] #314 attempt=1/2 status=200 0.523s url=https://www.myfonts.com/collections/melto-gofer-font-sipanji21/
[2026-05-03T08:15:19Z] #315 attempt=1/2 status=200 0.557s url=https://www.myfonts.com/collections/melto-gofer-font-sipanji21/?tab=techSpecs
[2026-05-03T08:15:20Z] #316 attempt=1/2 status=200 0.375s url=https://www.myfonts.com/products/regular-palmetas-1143876
[2026-05-03T08:15:21Z] #317 attempt=1/2 status=200 0.298s url=https://www.myfonts.com/collections/palmetas-font-gatype/
[2026-05-03T08:15:21Z] #318 attempt=1/2 status=200 0.293s url=https://www.myfonts.com/collections/palmetas-font-gatype/?tab=techSpecs
[2026-05-03T08:15:22Z] #319 attempt=1/2 status=200 0.386s url=https://www.myfonts.com/products/regular-vandal-broken-1143883
[2026-05-03T08:15:23Z] #320 attempt=1/2 status=200 0.351s url=https://www.myfonts.com/collections/vandal-broken-font-yoga-letter/
[2026-05-03T08:15:23Z] #321 attempt=1/2 status=200 0.144s url=https://www.myfonts.com/collections/vandal-broken-font-yoga-letter/?tab=techSpecs
[2026-05-03T08:15:24Z] #322 attempt=1/2 status=200 0.349s url=https://www.myfonts.com/products/regular-forgate-1143892
[2026-05-03T08:15:25Z] #323 attempt=1/2 status=200 0.332s url=https://www.myfonts.com/collections/forgate-font-vadova-std/
[2026-05-03T08:15:25Z] #324 attempt=1/2 status=200 0.468s url=https://www.myfonts.com/collections/forgate-font-vadova-std/?tab=techSpecs
[2026-05-03T08:15:26Z] #325 attempt=1/2 status=200 0.392s url=https://www.myfonts.com/products/medium-seibi-socho-1144235
[2026-05-03T08:15:27Z] #326 attempt=1/2 status=200 0.322s url=https://www.myfonts.com/collections/seibi-socho-font-nihon-literal/
[2026-05-03T08:15:27Z] #327 attempt=1/2 status=200 0.296s url=https://www.myfonts.com/collections/seibi-socho-font-nihon-literal/?tab=techSpecs
[2026-05-03T08:15:30Z] #328 attempt=1/2 status=200 0.331s url=https://www.myfonts.com/products/medium-seibi-seireisho-1144210
[2026-05-03T08:15:30Z] #329 attempt=1/2 status=200 0.434s url=https://www.myfonts.com/collections/seibi-seireisho-font-nihon-literal/
[2026-05-03T08:15:31Z] #330 attempt=1/2 status=200 0.188s url=https://www.myfonts.com/collections/seibi-seireisho-font-nihon-literal/?tab=techSpecs
[2026-05-03T08:15:34Z] #331 attempt=1/2 status=200 0.342s url=https://www.myfonts.com/products/wintress-wintress-1144064
[2026-05-03T08:15:35Z] #332 attempt=1/2 status=200 0.386s url=https://www.myfonts.com/collections/wintress-font-angin-studio/
[2026-05-03T08:15:35Z] #333 attempt=1/2 status=200 0.299s url=https://www.myfonts.com/collections/wintress-font-angin-studio/?tab=techSpecs
[2026-05-03T08:15:36Z] #334 attempt=1/2 status=200 0.312s url=https://www.myfonts.com/products/regular-dino-savara-1143880
[2026-05-03T08:15:37Z] #335 attempt=1/2 status=200 0.309s url=https://www.myfonts.com/collections/dino-savara-font-yoga-letter/
[2026-05-03T08:15:37Z] #336 attempt=1/2 status=200 0.140s url=https://www.myfonts.com/collections/dino-savara-font-yoga-letter/?tab=techSpecs
[2026-05-03T08:15:38Z] #337 attempt=1/2 status=200 0.336s url=https://www.myfonts.com/products/medium-seibi-shiba-1144244
[2026-05-03T08:15:39Z] #338 attempt=1/2 status=200 0.439s url=https://www.myfonts.com/collections/seibi-shiba-font-nihon-literal/
[2026-05-03T08:15:39Z] #339 attempt=1/2 status=200 0.380s url=https://www.myfonts.com/collections/seibi-shiba-font-nihon-literal/?tab=techSpecs
[2026-05-03T08:15:42Z] #340 attempt=1/2 status=200 0.332s url=https://www.myfonts.com/products/demi-bold-seibi-minato-1144239
[2026-05-03T08:15:43Z] #341 attempt=1/2 status=200 0.385s url=https://www.myfonts.com/collections/seibi-minato-font-nihon-literal/
[2026-05-03T08:15:44Z] #342 attempt=1/2 status=200 0.445s url=https://www.myfonts.com/collections/seibi-minato-font-nihon-literal/?tab=techSpecs
[2026-05-03T08:15:47Z] #343 attempt=1/2 status=200 0.344s url=https://www.myfonts.com/products/regular-moreira-1143654
[2026-05-03T08:15:48Z] #344 attempt=1/2 status=200 0.368s url=https://www.myfonts.com/collections/moreira-font-agung-sudirman/
[2026-05-03T08:15:49Z] #345 attempt=1/2 status=200 0.803s url=https://www.myfonts.com/collections/moreira-font-agung-sudirman/?tab=techSpecs
[2026-05-03T08:15:50Z] #346 attempt=1/2 status=200 0.387s url=https://www.myfonts.com/products/light-seibi-shirogane-1144236
[2026-05-03T08:15:51Z] #347 attempt=1/2 status=200 0.385s url=https://www.myfonts.com/collections/seibi-shirogane-font-nihon-literal/
[2026-05-03T08:15:51Z] #348 attempt=1/2 status=200 0.300s url=https://www.myfonts.com/collections/seibi-shirogane-font-nihon-literal/?tab=techSpecs
[2026-05-03T08:15:53Z] #349 attempt=1/2 status=200 0.353s url=https://www.myfonts.com/products/regular-serenive-1144065
[2026-05-03T08:15:54Z] #350 attempt=1/2 status=200 0.467s url=https://www.myfonts.com/collections/serenive-font-shanaf/
[2026-05-03T08:15:54Z] #351 attempt=1/2 status=200 0.161s url=https://www.myfonts.com/collections/serenive-font-shanaf/?tab=techSpecs
[2026-05-03T08:15:55Z] #352 attempt=1/2 status=200 0.294s url=https://www.myfonts.com/products/regular-wavecore-1143891
[2026-05-03T08:15:56Z] #353 attempt=1/2 status=200 0.480s url=https://www.myfonts.com/collections/wavecore-font-vadova-std/
[2026-05-03T08:15:56Z] #354 attempt=1/2 status=200 0.322s url=https://www.myfonts.com/collections/wavecore-font-vadova-std/?tab=techSpecs
[2026-05-03T08:15:57Z] #355 attempt=1/2 status=200 0.326s url=https://www.myfonts.com/products/regular-mommy-vanesa-1143882
[2026-05-03T08:15:58Z] #356 attempt=1/2 status=200 0.311s url=https://www.myfonts.com/collections/mommy-vanesa-font-yoga-letter/
[2026-05-03T08:15:58Z] #357 attempt=1/2 status=200 0.385s url=https://www.myfonts.com/collections/mommy-vanesa-font-yoga-letter/?tab=techSpecs
[2026-05-03T08:15:59Z] #358 attempt=1/2 status=200 0.329s url=https://www.myfonts.com/products/ultra-bold-seibi-ohkido-1144225
[2026-05-03T08:16:00Z] #359 attempt=1/2 status=200 0.307s url=https://www.myfonts.com/collections/seibi-ohkido-font-nihon-literal/
[2026-05-03T08:16:00Z] #360 attempt=1/2 status=200 0.348s url=https://www.myfonts.com/collections/seibi-ohkido-font-nihon-literal/?tab=techSpecs
[2026-05-03T08:16:03Z] #361 attempt=1/2 status=200 0.316s url=https://www.myfonts.com/products/regular-whisperella-signature-1144031
[2026-05-03T08:16:03Z] #362 attempt=1/2 status=200 0.421s url=https://www.myfonts.com/collections/whisperella-signature-font-tebaltipis-studio/
[2026-05-03T08:16:04Z] #363 attempt=1/2 status=200 0.450s url=https://www.myfonts.com/collections/whisperella-signature-font-tebaltipis-studio/?tab=techSpecs
[2026-05-03T08:16:05Z] #364 attempt=1/2 status=200 0.372s url=https://www.myfonts.com/products/italic-qosta-1144128
[2026-05-03T08:16:06Z] #365 attempt=1/2 status=200 0.435s url=https://www.myfonts.com/collections/qosta-font-artiveko/
[2026-05-03T08:16:07Z] #366 attempt=1/2 status=200 0.761s url=https://www.myfonts.com/collections/qosta-font-artiveko/?tab=techSpecs
[2026-05-03T08:16:08Z] #367 attempt=1/2 status=200 0.357s url=https://www.myfonts.com/products/bold-seibi-kanasugi-sbd-1144234
[2026-05-03T08:16:09Z] #368 attempt=1/2 status=200 0.297s url=https://www.myfonts.com/collections/seibi-kanasugi-sbd-font-nihon-literal/
[2026-05-03T08:16:09Z] #369 attempt=1/2 status=200 0.322s url=https://www.myfonts.com/collections/seibi-kanasugi-sbd-font-nihon-literal/?tab=techSpecs
[2026-05-03T08:16:11Z] #370 attempt=1/2 status=200 0.138s url=https://www.myfonts.com/collections/seibi-kanasugi-sbd-font-nihon-literal/
[2026-05-03T08:16:12Z] #371 attempt=1/6 status=200 1.099s url=https://www.myfonts.com/products.json?limit=100&page=8
[2026-05-03T08:16:13Z] #372 attempt=1/2 status=200 0.360s url=https://www.myfonts.com/products/regular-tierra-bonito-1144066
[2026-05-03T08:16:14Z] #373 attempt=1/2 status=200 0.403s url=https://www.myfonts.com/collections/tierra-bonito-font-shanaf/
[2026-05-03T08:16:14Z] #374 attempt=1/2 status=200 0.285s url=https://www.myfonts.com/collections/tierra-bonito-font-shanaf/?tab=techSpecs
[2026-05-03T08:16:15Z] #375 attempt=1/2 status=200 0.364s url=https://www.myfonts.com/products/regular-nebies-retro-1143889
[2026-05-03T08:16:16Z] #376 attempt=1/2 status=200 0.523s url=https://www.myfonts.com/collections/nebies-retro-font-nirmana-visual/
[2026-05-03T08:16:17Z] #377 attempt=1/2 status=200 0.418s url=https://www.myfonts.com/collections/nebies-retro-font-nirmana-visual/?tab=techSpecs
[2026-05-03T08:16:18Z] #378 attempt=1/2 status=200 0.345s url=https://www.myfonts.com/products/regular-luroha-1144121
[2026-05-03T08:16:18Z] #379 attempt=1/2 status=200 0.339s url=https://www.myfonts.com/collections/luroha-font-tini-fitriani/
[2026-05-03T08:16:19Z] #380 attempt=1/2 status=200 0.451s url=https://www.myfonts.com/collections/luroha-font-tini-fitriani/?tab=techSpecs
[2026-05-03T08:16:20Z] #381 attempt=1/2 status=200 0.595s url=https://www.myfonts.com/products/regular-pirhitipr-1144036
[2026-05-03T08:16:21Z] #382 attempt=1/2 status=200 0.426s url=https://www.myfonts.com/collections/pirhitipr-font-imoodev/
[2026-05-03T08:16:22Z] #383 attempt=1/2 status=200 0.512s url=https://www.myfonts.com/collections/pirhitipr-font-imoodev/?tab=techSpecs
[2026-05-03T08:16:23Z] #384 attempt=1/2 status=200 0.377s url=https://www.myfonts.com/products/regular-honest-mistake-1144120
[2026-05-03T08:16:23Z] #385 attempt=1/2 status=200 0.319s url=https://www.myfonts.com/collections/honest-mistake-font-inviline/
[2026-05-03T08:16:24Z] #386 attempt=1/2 status=200 0.401s url=https://www.myfonts.com/collections/honest-mistake-font-inviline/?tab=techSpecs
[2026-05-03T08:16:25Z] #387 attempt=1/2 status=200 0.275s url=https://www.myfonts.com/products/regular-bruksy-1144053
[2026-05-03T08:16:25Z] #388 attempt=1/2 status=200 0.289s url=https://www.myfonts.com/collections/bruksy-font-shanaf/
[2026-05-03T08:16:26Z] #389 attempt=1/2 status=200 0.387s url=https://www.myfonts.com/collections/bruksy-font-shanaf/?tab=techSpecs
[2026-05-03T08:16:27Z] #390 attempt=1/2 status=200 0.437s url=https://www.myfonts.com/products/regular-gravebound-1144057
[2026-05-03T08:16:28Z] #391 attempt=1/2 status=200 0.329s url=https://www.myfonts.com/collections/gravebound-font-shanaf/
[2026-05-03T08:16:28Z] #392 attempt=1/2 status=200 0.172s url=https://www.myfonts.com/collections/gravebound-font-shanaf/?tab=techSpecs
[2026-05-03T08:16:29Z] #393 attempt=1/2 status=200 0.527s url=https://www.myfonts.com/products/regular-nighters-club-1144049
[2026-05-03T08:16:30Z] #394 attempt=1/2 status=200 0.377s url=https://www.myfonts.com/collections/nighters-club-font-bale-type/
[2026-05-03T08:16:30Z] #395 attempt=1/2 status=200 0.331s url=https://www.myfonts.com/collections/nighters-club-font-bale-type/?tab=techSpecs
[2026-05-03T08:16:31Z] #396 attempt=1/2 status=200 0.284s url=https://www.myfonts.com/products/regular-barckman-1143587
[2026-05-03T08:16:32Z] #397 attempt=1/2 status=200 0.379s url=https://www.myfonts.com/collections/barckman-font-typerasa/
[2026-05-03T08:16:32Z] #398 attempt=1/2 status=200 0.142s url=https://www.myfonts.com/collections/barckman-font-typerasa/?tab=techSpecs
[2026-05-03T08:16:33Z] #399 attempt=1/2 status=200 0.363s url=https://www.myfonts.com/products/regular-human-form-1144059
[2026-05-03T08:16:34Z] #400 attempt=1/2 status=200 0.502s url=https://www.myfonts.com/collections/human-form-font-shanaf/
[2026-05-03T08:16:34Z] #401 attempt=1/2 status=200 0.323s url=https://www.myfonts.com/collections/human-form-font-shanaf/?tab=techSpecs
[2026-05-03T08:16:35Z] #402 attempt=1/2 status=200 0.596s url=https://www.myfonts.com/products/regular-kaiyote-1144035
[2026-05-03T08:16:36Z] #403 attempt=1/2 status=200 0.434s url=https://www.myfonts.com/collections/kaiyote-font-sixtype-foundry/
[2026-05-03T08:16:37Z] #404 attempt=1/2 status=200 0.368s url=https://www.myfonts.com/collections/kaiyote-font-sixtype-foundry/?tab=techSpecs
[2026-05-03T08:16:38Z] #405 attempt=1/2 status=200 0.336s url=https://www.myfonts.com/products/regular-adorably-lovely-1143732
[2026-05-03T08:16:38Z] #406 attempt=1/2 status=200 0.306s url=https://www.myfonts.com/collections/adorably-lovely-font-epiclinez/
[2026-05-03T08:16:39Z] #407 attempt=1/2 status=200 0.343s url=https://www.myfonts.com/collections/adorably-lovely-font-epiclinez/?tab=techSpecs
[2026-05-03T08:16:40Z] #408 attempt=1/2 status=200 0.351s url=https://www.myfonts.com/products/slant-crust-cream-1144056
[2026-05-03T08:16:40Z] #409 attempt=1/2 status=200 0.490s url=https://www.myfonts.com/collections/crust-cream-font-shanaf/
[2026-05-03T08:16:41Z] #410 attempt=1/2 status=200 0.516s url=https://www.myfonts.com/collections/crust-cream-font-shanaf/?tab=techSpecs
[2026-05-03T08:16:43Z] #411 attempt=1/2 status=200 0.370s url=https://www.myfonts.com/products/regular-mother-sahila-1143881
[2026-05-03T08:16:43Z] #412 attempt=1/2 status=200 0.436s url=https://www.myfonts.com/collections/mother-sahila-font-yoga-letter/
[2026-05-03T08:16:44Z] #413 attempt=1/2 status=200 0.342s url=https://www.myfonts.com/collections/mother-sahila-font-yoga-letter/?tab=techSpecs
[2026-05-03T08:16:45Z] #414 attempt=1/2 status=200 0.305s url=https://www.myfonts.com/products/regular-vane-dream-1144050
[2026-05-03T08:16:45Z] #415 attempt=1/2 status=200 0.323s url=https://www.myfonts.com/collections/vane-dream-font-alit-design/
[2026-05-03T08:16:46Z] #416 attempt=1/2 status=200 0.356s url=https://www.myfonts.com/collections/vane-dream-font-alit-design/?tab=techSpecs
[2026-05-03T08:16:47Z] #417 attempt=1/2 status=200 0.401s url=https://www.myfonts.com/products/regular-annagia-1143878
[2026-05-03T08:16:48Z] #418 attempt=1/2 status=200 0.510s url=https://www.myfonts.com/collections/annagia-font-qweera-studio/
[2026-05-03T08:16:48Z] #419 attempt=1/2 status=200 0.198s url=https://www.myfonts.com/collections/annagia-font-qweera-studio/?tab=techSpecs
[2026-05-03T08:16:50Z] #420 attempt=1/2 status=200 0.581s url=https://www.myfonts.com/products/regular-intrade-1143657
[2026-05-03T08:16:50Z] #421 attempt=1/2 status=200 0.473s url=https://www.myfonts.com/collections/intrade-font-ragamkata/
[2026-05-03T08:16:51Z] #422 attempt=1/2 status=200 0.155s url=https://www.myfonts.com/collections/intrade-font-ragamkata/?tab=techSpecs
[2026-05-03T08:16:52Z] #423 attempt=1/2 status=200 0.324s url=https://www.myfonts.com/products/demibold-seibi-akabane-sbd-bold-1144218
[2026-05-03T08:16:52Z] #424 attempt=1/2 status=200 0.360s url=https://www.myfonts.com/collections/seibi-akabane-sbd-bold-font-nihon-literal/
[2026-05-03T08:16:53Z] #425 attempt=1/2 status=200 0.338s url=https://www.myfonts.com/collections/seibi-akabane-sbd-bold-font-nihon-literal/?tab=techSpecs
[2026-05-03T08:16:57Z] #426 attempt=1/2 status=200 0.147s url=https://www.myfonts.com/collections/seibi-akabane-sbd-bold-font-nihon-literal/
[2026-05-03T08:16:58Z] #427 attempt=1/2 status=200 0.366s url=https://www.myfonts.com/products/regular-aesthelina-1144068
[2026-05-03T08:16:58Z] #428 attempt=1/2 status=200 0.267s url=https://www.myfonts.com/collections/aesthelina-font-uncurve/
[2026-05-03T08:16:59Z] #429 attempt=1/2 status=200 0.486s url=https://www.myfonts.com/collections/aesthelina-font-uncurve/?tab=techSpecs
[2026-05-03T08:17:00Z] #430 attempt=1/2 status=200 0.332s url=https://www.myfonts.com/products/bold-seibi-shiomi-sbd-bold-1144241
[2026-05-03T08:17:01Z] #431 attempt=1/2 status=200 0.479s url=https://www.myfonts.com/collections/seibi-shiomi-sbd-bold-font-nihon-literal/
[2026-05-03T08:17:02Z] #432 attempt=1/2 status=200 0.178s url=https://www.myfonts.com/collections/seibi-shiomi-sbd-bold-font-nihon-literal/?tab=techSpecs
[2026-05-03T08:17:05Z] #433 attempt=1/2 status=200 0.147s url=https://www.myfonts.com/collections/seibi-shiomi-sbd-bold-font-nihon-literal/
[2026-05-03T08:17:05Z] #434 attempt=1/2 status=200 0.274s url=https://www.myfonts.com/products/demibold-seibi-atago-sbd-1144233
[2026-05-03T08:17:06Z] #435 attempt=1/2 status=200 0.275s url=https://www.myfonts.com/collections/seibi-atago-sbd-font-nihon-literal/
[2026-05-03T08:17:06Z] #436 attempt=1/2 status=200 0.298s url=https://www.myfonts.com/collections/seibi-atago-sbd-font-nihon-literal/?tab=techSpecs
[2026-05-03T08:17:08Z] #437 attempt=1/2 status=200 0.297s url=https://www.myfonts.com/collections/seibi-atago-sbd-font-nihon-literal/
[2026-05-03T08:17:09Z] #438 attempt=1/2 status=200 0.345s url=https://www.myfonts.com/products/medium-seibi-mita-1144219
[2026-05-03T08:17:09Z] #439 attempt=1/2 status=200 0.435s url=https://www.myfonts.com/collections/seibi-mita-font-nihon-literal/
[2026-05-03T08:17:10Z] #440 attempt=1/2 status=200 0.358s url=https://www.myfonts.com/collections/seibi-mita-font-nihon-literal/?tab=techSpecs
[2026-05-03T08:17:13Z] #441 attempt=1/6 status=200 0.791s url=https://www.myfonts.com/products.json?limit=100&page=9
[2026-05-03T08:17:13Z] #442 attempt=1/2 status=200 0.385s url=https://www.myfonts.com/products/regular-aurelia-sunlight-1143706
[2026-05-03T08:17:14Z] #443 attempt=1/2 status=200 0.314s url=https://www.myfonts.com/collections/aurelia-sunlight-font-letterhanna-studio/
[2026-05-03T08:17:14Z] #444 attempt=1/2 status=200 0.293s url=https://www.myfonts.com/collections/aurelia-sunlight-font-letterhanna-studio/?tab=techSpecs
[2026-05-03T08:17:15Z] #445 attempt=1/2 status=200 0.311s url=https://www.myfonts.com/products/regular-maxuire-1144004
[2026-05-03T08:17:16Z] #446 attempt=1/2 status=200 0.264s url=https://www.myfonts.com/collections/maxuire-font-vadova-std/
[2026-05-03T08:17:16Z] #447 attempt=1/2 status=200 0.532s url=https://www.myfonts.com/collections/maxuire-font-vadova-std/?tab=techSpecs
[2026-05-03T08:17:17Z] #448 attempt=1/2 status=200 0.441s url=https://www.myfonts.com/products/regular-zenic-1143651
[2026-05-03T08:17:18Z] #449 attempt=1/2 status=200 0.549s url=https://www.myfonts.com/collections/zenic-font-font-liner/
[2026-05-03T08:17:19Z] #450 attempt=1/2 status=200 0.388s url=https://www.myfonts.com/collections/zenic-font-font-liner/?tab=techSpecs
[2026-05-03T08:17:20Z] #451 attempt=1/2 status=200 0.313s url=https://www.myfonts.com/products/regular-valoris-1144125
[2026-05-03T08:17:21Z] #452 attempt=1/2 status=200 0.350s url=https://www.myfonts.com/collections/valoris-font-imiftype-studio/
[2026-05-03T08:17:21Z] #453 attempt=1/2 status=200 0.340s url=https://www.myfonts.com/collections/valoris-font-imiftype-studio/?tab=techSpecs
[2026-05-03T08:17:22Z] #454 attempt=1/2 status=200 0.276s url=https://www.myfonts.com/products/ultra-bold-seibi-jindai-1144232
[2026-05-03T08:17:23Z] #455 attempt=1/2 status=200 0.308s url=https://www.myfonts.com/collections/seibi-jindai-font-nihon-literal/
[2026-05-03T08:17:23Z] #456 attempt=1/2 status=200 0.344s url=https://www.myfonts.com/collections/seibi-jindai-font-nihon-literal/?tab=techSpecs
[2026-05-03T08:17:26Z] #457 attempt=1/2 status=200 0.382s url=https://www.myfonts.com/products/bold-italic-qonora-1126470
[2026-05-03T08:17:26Z] #458 attempt=1/2 status=200 0.515s url=https://www.myfonts.com/collections/qonora-font-charles-casmiro-design/
[2026-05-03T08:17:27Z] #459 attempt=1/2 status=200 0.153s url=https://www.myfonts.com/collections/qonora-font-charles-casmiro-design/?tab=techSpecs
[2026-05-03T08:17:28Z] #460 attempt=1/2 status=200 0.353s url=https://www.myfonts.com/products/textured-armistice-1143717
[2026-05-03T08:17:29Z] #461 attempt=1/2 status=200 0.581s url=https://www.myfonts.com/collections/armistice-font-angin-studio/
[2026-05-03T08:17:29Z] #462 attempt=1/2 status=200 0.429s url=https://www.myfonts.com/collections/armistice-font-angin-studio/?tab=techSpecs
[2026-05-03T08:17:31Z] #463 attempt=1/2 status=200 0.408s url=https://www.myfonts.com/products/italic-soft-mn-virelis-1143621
[2026-05-03T08:17:32Z] #464 attempt=1/2 status=200 0.517s url=https://www.myfonts.com/collections/mn-virelis-font-mantra-naga-studio/
[2026-05-03T08:17:32Z] #465 attempt=1/2 status=200 0.527s url=https://www.myfonts.com/collections/mn-virelis-font-mantra-naga-studio/?tab=techSpecs
[2026-05-03T08:17:34Z] #466 attempt=1/2 status=200 0.642s url=https://www.myfonts.com/products/light-italic-mello-sans-1143593
[2026-05-03T08:17:35Z] #467 attempt=1/2 status=200 0.646s url=https://www.myfonts.com/collections/mello-sans-font-laroyba-type/
[2026-05-03T08:17:36Z] #468 attempt=1/2 status=200 0.658s url=https://www.myfonts.com/collections/mello-sans-font-laroyba-type/?tab=techSpecs
[2026-05-03T08:17:37Z] #469 attempt=1/2 status=200 0.524s url=https://www.myfonts.com/products/bold-mello-serif-1143577
[2026-05-03T08:17:38Z] #470 attempt=1/2 status=200 0.659s url=https://www.myfonts.com/collections/mello-serif-font-laroyba-type/
[2026-05-03T08:17:39Z] #471 attempt=1/2 status=200 0.625s url=https://www.myfonts.com/collections/mello-serif-font-laroyba-type/?tab=techSpecs
[2026-05-03T08:17:40Z] #472 attempt=1/2 status=200 0.464s url=https://www.myfonts.com/products/cameo-retro-martini-at-joes-1143563
[2026-05-03T08:17:41Z] #473 attempt=1/2 status=200 0.495s url=https://www.myfonts.com/collections/martini-at-joes-font-steve-mehallo/
[2026-05-03T08:17:42Z] #474 attempt=1/2 status=200 0.431s url=https://www.myfonts.com/collections/martini-at-joes-font-steve-mehallo/?tab=techSpecs
[2026-05-03T08:17:43Z] #475 attempt=1/2 status=200 0.498s url=https://www.myfonts.com/products/extra-light-italic-panpan-and-dondot-1143855
[2026-05-03T08:17:44Z] #476 attempt=1/2 status=200 0.563s url=https://www.myfonts.com/collections/panpan-and-dondot-font-mystical-type/
[2026-05-03T08:17:45Z] #477 attempt=1/2 status=200 0.153s url=https://www.myfonts.com/collections/panpan-and-dondot-font-mystical-type/?tab=techSpecs
[2026-05-03T08:17:46Z] #478 attempt=1/2 status=200 0.392s url=https://www.myfonts.com/products/thin-krasar-1131548
[2026-05-03T08:17:47Z] #479 attempt=1/2 status=200 0.865s url=https://www.myfonts.com/collections/krasar-font-anagata-type/
[2026-05-03T08:17:48Z] #480 attempt=1/2 status=200 0.861s url=https://www.myfonts.com/collections/krasar-font-anagata-type/?tab=techSpecs
[2026-05-03T08:17:49Z] #481 attempt=1/2 status=200 0.590s url=https://www.myfonts.com/products/semi-bold-italic-clofie-1130202
[2026-05-03T08:17:50Z] #482 attempt=1/2 status=200 0.623s url=https://www.myfonts.com/collections/clofie-font-dealita-studio/
[2026-05-03T08:17:51Z] #483 attempt=1/2 status=200 0.717s url=https://www.myfonts.com/collections/clofie-font-dealita-studio/?tab=techSpecs
[2026-05-03T08:17:54Z] #484 attempt=1/2 status=200 1.212s url=https://www.myfonts.com/products/extra-bold-expanded-smilant-1143839
[2026-05-03T08:17:56Z] #485 attempt=1/2 status=200 1.868s url=https://www.myfonts.com/collections/smilant-font-rastype-studio/
[2026-05-03T08:17:58Z] #486 attempt=1/2 status=200 1.626s url=https://www.myfonts.com/collections/smilant-font-rastype-studio/?tab=techSpecs
[2026-05-03T08:18:00Z] #487 attempt=1/2 status=200 0.371s url=https://www.myfonts.com/products/regular-crawley-1143708
[2026-05-03T08:18:00Z] #488 attempt=1/2 status=200 0.590s url=https://www.myfonts.com/collections/crawley-font-angin-studio/
[2026-05-03T08:18:01Z] #489 attempt=1/2 status=200 0.678s url=https://www.myfonts.com/collections/crawley-font-angin-studio/?tab=techSpecs
[2026-05-03T08:18:03Z] #490 attempt=1/2 status=200 0.427s url=https://www.myfonts.com/products/extra-bold-oblique-gutriger-1143642
[2026-05-03T08:18:04Z] #491 attempt=1/2 status=200 0.755s url=https://www.myfonts.com/collections/gutriger-font-ridtype/
[2026-05-03T08:18:04Z] #492 attempt=1/2 status=200 0.198s url=https://www.myfonts.com/collections/gutriger-font-ridtype/?tab=techSpecs
[2026-05-03T08:18:06Z] #493 attempt=1/2 status=200 0.453s url=https://www.myfonts.com/products/regular-almenty-carmine-1143737
[2026-05-03T08:18:06Z] #494 attempt=1/2 status=200 0.512s url=https://www.myfonts.com/collections/almenty-carmine-font-tini-fitriani/
[2026-05-03T08:18:07Z] #495 attempt=1/2 status=200 0.187s url=https://www.myfonts.com/collections/almenty-carmine-font-tini-fitriani/?tab=techSpecs
[2026-05-03T08:18:08Z] #496 attempt=1/2 status=200 0.401s url=https://www.myfonts.com/products/black-italic-konstructa-rounded-1143425
[2026-05-03T08:18:09Z] #497 attempt=1/2 status=200 0.509s url=https://www.myfonts.com/collections/konstructa-rounded-font-ghozai-studio/
[2026-05-03T08:18:09Z] #498 attempt=1/2 status=200 0.451s url=https://www.myfonts.com/collections/konstructa-rounded-font-ghozai-studio/?tab=techSpecs
[2026-05-03T08:18:11Z] #499 attempt=1/2 status=200 0.342s url=https://www.myfonts.com/products/italic-vesue-1143387
[2026-05-03T08:18:11Z] #500 attempt=1/2 status=200 0.324s url=https://www.myfonts.com/collections/vesue-font-artiveko/
[2026-05-03T08:18:12Z] #501 attempt=1/2 status=200 0.160s url=https://www.myfonts.com/collections/vesue-font-artiveko/?tab=techSpecs
[2026-05-03T08:18:13Z] #502 attempt=1/2 status=200 0.577s url=https://www.myfonts.com/products/scratch-outline-italic-poppy-otter-1143340
[2026-05-03T08:18:14Z] #503 attempt=1/2 status=200 0.735s url=https://www.myfonts.com/collections/poppy-otter-font-ottertype/
[2026-05-03T08:18:15Z] #504 attempt=1/2 status=200 0.828s url=https://www.myfonts.com/collections/poppy-otter-font-ottertype/?tab=techSpecs
[2026-05-03T08:18:17Z] #505 attempt=1/2 status=200 0.383s url=https://www.myfonts.com/products/whither-display-regular-whither-display-slant-1143393
[2026-05-03T08:18:17Z] #506 attempt=1/2 status=200 0.368s url=https://www.myfonts.com/collections/whither-display-slant-font-ijemrockart/
[2026-05-03T08:18:18Z] #507 attempt=1/2 status=200 0.382s url=https://www.myfonts.com/collections/whither-display-slant-font-ijemrockart/?tab=techSpecs
[2026-05-03T08:18:19Z] #508 attempt=1/2 status=200 0.473s url=https://www.myfonts.com/products/italic-quwela-1139869
[2026-05-03T08:18:20Z] #509 attempt=1/2 status=200 0.510s url=https://www.myfonts.com/collections/quwela-font-ragamkata/
[2026-05-03T08:18:21Z] #510 attempt=1/2 status=200 0.484s url=https://www.myfonts.com/collections/quwela-font-ragamkata/?tab=techSpecs
[2026-05-03T08:18:22Z] #511 attempt=1/2 status=200 0.386s url=https://www.myfonts.com/products/bold-ana-diego-rounded-1143380
[2026-05-03T08:18:22Z] #512 attempt=1/2 status=200 0.412s url=https://www.myfonts.com/collections/ana-diego-rounded-font-tipastype/
[2026-05-03T08:18:23Z] #513 attempt=1/2 status=200 0.431s url=https://www.myfonts.com/collections/ana-diego-rounded-font-tipastype/?tab=techSpecs
[2026-05-03T08:18:25Z] #514 attempt=1/2 status=200 0.500s url=https://www.myfonts.com/products/branson-script-bransona-hellings-1143297
[2026-05-03T08:18:25Z] #515 attempt=1/2 status=200 0.538s url=https://www.myfonts.com/collections/bransona-hellings-font-bayuktx/
[2026-05-03T08:18:26Z] #516 attempt=1/2 status=200 0.511s url=https://www.myfonts.com/collections/bransona-hellings-font-bayuktx/?tab=techSpecs
[2026-05-03T08:18:27Z] #517 attempt=1/2 status=200 0.405s url=https://www.myfonts.com/products/bertha-regular-bertha-serif-1143455
[2026-05-03T08:18:28Z] #518 attempt=1/2 status=200 0.321s url=https://www.myfonts.com/collections/bertha-serif-font-alphaleonis-std/
[2026-05-03T08:18:29Z] #519 attempt=1/2 status=200 0.342s url=https://www.myfonts.com/collections/bertha-serif-font-alphaleonis-std/?tab=techSpecs
[2026-05-03T08:18:30Z] #520 attempt=1/6 status=200 0.682s url=https://www.myfonts.com/products.json?limit=100&page=10
[2026-05-03T08:18:31Z] #521 attempt=1/2 status=200 0.330s url=https://www.myfonts.com/products/regular-sabiren-1143286
[2026-05-03T08:18:31Z] #522 attempt=1/2 status=200 0.384s url=https://www.myfonts.com/collections/sabiren-font-sealoung/
[2026-05-03T08:18:32Z] #523 attempt=1/2 status=200 0.288s url=https://www.myfonts.com/collections/sabiren-font-sealoung/?tab=techSpecs
[2026-05-03T08:18:33Z] #524 attempt=1/2 status=200 0.337s url=https://www.myfonts.com/products/serif-slant-untold-chapter-1143468
[2026-05-03T08:18:33Z] #525 attempt=1/2 status=200 0.424s url=https://www.myfonts.com/collections/untold-chapter-font-letterhend/
[2026-05-03T08:18:34Z] #526 attempt=1/2 status=200 0.527s url=https://www.myfonts.com/collections/untold-chapter-font-letterhend/?tab=techSpecs
[2026-05-03T08:18:35Z] #527 attempt=1/2 status=200 0.361s url=https://www.myfonts.com/products/outline-meat-smith-1143692
[2026-05-03T08:18:36Z] #528 attempt=1/2 status=200 0.478s url=https://www.myfonts.com/collections/meat-smith-font-vozzy/
[2026-05-03T08:18:37Z] #529 attempt=1/2 status=200 0.437s url=https://www.myfonts.com/collections/meat-smith-font-vozzy/?tab=techSpecs
[2026-05-03T08:18:38Z] #530 attempt=1/2 status=200 0.361s url=https://www.myfonts.com/products/regular-reclett-1143793
[2026-05-03T08:18:39Z] #531 attempt=1/2 status=200 0.564s url=https://www.myfonts.com/collections/reclett-font-calderon-estudio-typeffoundry/
[2026-05-03T08:18:40Z] #532 attempt=1/2 status=200 0.608s url=https://www.myfonts.com/collections/reclett-font-calderon-estudio-typeffoundry/?tab=techSpecs
[2026-05-03T08:18:41Z] #533 attempt=1/2 status=200 0.286s url=https://www.myfonts.com/products/regular-fedley-1143693
[2026-05-03T08:18:42Z] #534 attempt=1/2 status=200 0.327s url=https://www.myfonts.com/collections/fedley-font-maikohatta/
[2026-05-03T08:18:42Z] #535 attempt=1/2 status=200 0.410s url=https://www.myfonts.com/collections/fedley-font-maikohatta/?tab=techSpecs
[2026-05-03T08:18:43Z] #536 attempt=1/2 status=200 0.335s url=https://www.myfonts.com/products/script-gogo-mumbo-1143585
[2026-05-03T08:18:44Z] #537 attempt=1/2 status=200 0.410s url=https://www.myfonts.com/collections/gogo-mumbo-font-marvadesign/
[2026-05-03T08:18:45Z] #538 attempt=1/2 status=200 0.427s url=https://www.myfonts.com/collections/gogo-mumbo-font-marvadesign/?tab=techSpecs
[2026-05-03T08:18:46Z] #539 attempt=1/2 status=200 0.384s url=https://www.myfonts.com/products/black-bubblio-glaze-1143727
[2026-05-03T08:18:47Z] #540 attempt=1/2 status=200 0.614s url=https://www.myfonts.com/collections/bubblio-glaze-font-rashdrawn/
[2026-05-03T08:18:47Z] #541 attempt=1/2 status=200 0.419s url=https://www.myfonts.com/collections/bubblio-glaze-font-rashdrawn/?tab=techSpecs
[2026-05-03T08:18:49Z] #542 attempt=1/2 status=200 0.399s url=https://www.myfonts.com/products/regular-jelink-1143288
[2026-05-03T08:18:49Z] #543 attempt=1/2 status=200 0.481s url=https://www.myfonts.com/collections/jelink-font-afkari-studio/
[2026-05-03T08:18:50Z] #544 attempt=1/2 status=200 0.477s url=https://www.myfonts.com/collections/jelink-font-afkari-studio/?tab=techSpecs
[2026-05-03T08:18:51Z] #545 attempt=1/2 status=200 0.321s url=https://www.myfonts.com/products/medium-italic-neubricks-1143430
[2026-05-03T08:18:52Z] #546 attempt=1/2 status=200 0.334s url=https://www.myfonts.com/collections/neubricks-font-snapedsgn/
[2026-05-03T08:18:52Z] #547 attempt=1/2 status=200 0.143s url=https://www.myfonts.com/collections/neubricks-font-snapedsgn/?tab=techSpecs
[2026-05-03T08:18:53Z] #548 attempt=1/2 status=200 0.372s url=https://www.myfonts.com/products/regular-bellsshake-1143734
[2026-05-03T08:18:54Z] #549 attempt=1/2 status=200 0.443s url=https://www.myfonts.com/collections/bellsshake-font-stylishtype-studio/
[2026-05-03T08:18:55Z] #550 attempt=1/2 status=200 0.463s url=https://www.myfonts.com/collections/bellsshake-font-stylishtype-studio/?tab=techSpecs
[2026-05-03T08:18:56Z] #551 attempt=1/2 status=200 0.321s url=https://www.myfonts.com/products/extrude-hoptune-1143306
[2026-05-03T08:18:57Z] #552 attempt=1/2 status=200 0.478s url=https://www.myfonts.com/collections/hoptune-font-ahweproject/
[2026-05-03T08:18:57Z] #553 attempt=1/2 status=200 0.148s url=https://www.myfonts.com/collections/hoptune-font-ahweproject/?tab=techSpecs
[2026-05-03T08:18:58Z] #554 attempt=1/2 status=200 0.400s url=https://www.myfonts.com/products/regular-bravibe-1139871
[2026-05-03T08:18:59Z] #555 attempt=1/2 status=200 0.487s url=https://www.myfonts.com/collections/bravibe-font-burntilldead/
[2026-05-03T08:19:00Z] #556 attempt=1/2 status=200 0.165s url=https://www.myfonts.com/collections/bravibe-font-burntilldead/?tab=techSpecs
[2026-05-03T08:19:01Z] #557 attempt=1/2 status=200 0.421s url=https://www.myfonts.com/products/gorkesq-regular-gorkesq-1143730
[2026-05-03T08:19:02Z] #558 attempt=1/2 status=200 0.484s url=https://www.myfonts.com/collections/gorkesq-font-mooneseye-studio/
[2026-05-03T08:19:02Z] #559 attempt=1/2 status=200 0.166s url=https://www.myfonts.com/collections/gorkesq-font-mooneseye-studio/?tab=techSpecs
[2026-05-03T08:19:03Z] #560 attempt=1/2 status=200 0.483s url=https://www.myfonts.com/products/serif-bold-italic-neo-forma-1143400
[2026-05-03T08:19:04Z] #561 attempt=1/2 status=200 0.458s url=https://www.myfonts.com/collections/neo-forma-font-set-sail-studios/
[2026-05-03T08:19:05Z] #562 attempt=1/2 status=200 0.158s url=https://www.myfonts.com/collections/neo-forma-font-set-sail-studios/?tab=techSpecs
[2026-05-03T08:19:06Z] #563 attempt=1/2 status=200 0.351s url=https://www.myfonts.com/products/regular-eutoria-1143435
[2026-05-03T08:19:06Z] #564 attempt=1/2 status=200 0.334s url=https://www.myfonts.com/collections/eutoria-font-ikiikowrk/
[2026-05-03T08:19:07Z] #565 attempt=1/2 status=200 0.181s url=https://www.myfonts.com/collections/eutoria-font-ikiikowrk/?tab=techSpecs
[2026-05-03T08:19:08Z] #566 attempt=1/2 status=200 0.344s url=https://www.myfonts.com/products/regular-capriola-1143434
[2026-05-03T08:19:08Z] #567 attempt=1/2 status=200 0.325s url=https://www.myfonts.com/collections/capriola-font-hipfonts/
[2026-05-03T08:19:09Z] #568 attempt=1/2 status=200 0.325s url=https://www.myfonts.com/collections/capriola-font-hipfonts/?tab=techSpecs
[2026-05-03T08:19:10Z] #569 attempt=1/2 status=200 0.301s url=https://www.myfonts.com/products/femic-regular-femic-1143506
[2026-05-03T08:19:10Z] #570 attempt=1/2 status=200 0.419s url=https://www.myfonts.com/collections/femic-font-syntype/
[2026-05-03T08:19:11Z] #571 attempt=1/2 status=200 0.335s url=https://www.myfonts.com/collections/femic-font-syntype/?tab=techSpecs
[2026-05-03T08:19:12Z] #572 attempt=1/2 status=200 0.429s url=https://www.myfonts.com/products/full-iron-ape-1143696
[2026-05-03T08:19:13Z] #573 attempt=1/2 status=200 0.476s url=https://www.myfonts.com/collections/iron-ape-font-vozzy/
[2026-05-03T08:19:13Z] #574 attempt=1/2 status=200 0.163s url=https://www.myfonts.com/collections/iron-ape-font-vozzy/?tab=techSpecs
[2026-05-03T08:19:14Z] #575 attempt=1/2 status=200 0.362s url=https://www.myfonts.com/products/italic-blackveilo-1143315
[2026-05-03T08:19:15Z] #576 attempt=1/2 status=200 0.422s url=https://www.myfonts.com/collections/blackveilo-font-faristaputra/
[2026-05-03T08:19:16Z] #577 attempt=1/2 status=200 0.518s url=https://www.myfonts.com/collections/blackveilo-font-faristaputra/?tab=techSpecs
[2026-05-03T08:19:17Z] #578 attempt=1/2 status=200 0.529s url=https://www.myfonts.com/products/oblique-lovine-1143362
[2026-05-03T08:19:18Z] #579 attempt=1/2 status=200 0.330s url=https://www.myfonts.com/collections/lovine-font-zeenesia-studio/
[2026-05-03T08:19:18Z] #580 attempt=1/2 status=200 0.384s url=https://www.myfonts.com/collections/lovine-font-zeenesia-studio/?tab=techSpecs
[2026-05-03T08:19:20Z] #581 attempt=1/2 status=200 0.343s url=https://www.myfonts.com/products/italic-holany-calira-1143384
[2026-05-03T08:19:20Z] #582 attempt=1/2 status=200 0.357s url=https://www.myfonts.com/collections/holany-calira-font-tini-fitriani/
[2026-05-03T08:19:21Z] #583 attempt=1/2 status=200 0.190s url=https://www.myfonts.com/collections/holany-calira-font-tini-fitriani/?tab=techSpecs
[2026-05-03T08:19:22Z] #584 attempt=1/2 status=200 0.336s url=https://www.myfonts.com/products/regular-delighton-script-1143722
[2026-05-03T08:19:23Z] #585 attempt=1/2 status=200 0.329s url=https://www.myfonts.com/collections/delighton-script-font-hrz-studio/
[2026-05-03T08:19:23Z] #586 attempt=1/2 status=200 0.148s url=https://www.myfonts.com/collections/delighton-script-font-hrz-studio/?tab=techSpecs
[2026-05-03T08:19:24Z] #587 attempt=1/2 status=200 0.342s url=https://www.myfonts.com/products/script-regular-atelier-blossom-1138144
[2026-05-03T08:19:25Z] #588 attempt=1/2 status=200 0.569s url=https://www.myfonts.com/collections/atelier-blossom-font-get-studio/
[2026-05-03T08:19:25Z] #589 attempt=1/2 status=200 0.148s url=https://www.myfonts.com/collections/atelier-blossom-font-get-studio/?tab=techSpecs
[2026-05-03T08:19:27Z] #590 attempt=1/2 status=200 0.308s url=https://www.myfonts.com/products/regular-always-classy-1143280
[2026-05-03T08:19:27Z] #591 attempt=1/2 status=200 0.479s url=https://www.myfonts.com/collections/always-classy-font-blankids/
[2026-05-03T08:19:28Z] #592 attempt=1/2 status=200 0.149s url=https://www.myfonts.com/collections/always-classy-font-blankids/?tab=techSpecs
[2026-05-03T08:19:29Z] #593 attempt=1/2 status=200 0.491s url=https://www.myfonts.com/products/offset-asteron-1143671
[2026-05-03T08:19:30Z] #594 attempt=1/2 status=200 0.409s url=https://www.myfonts.com/collections/asteron-font-vozzy/
[2026-05-03T08:19:31Z] #595 attempt=1/2 status=200 0.575s url=https://www.myfonts.com/collections/asteron-font-vozzy/?tab=techSpecs
[2026-05-03T08:19:32Z] #596 attempt=1/2 status=200 0.293s url=https://www.myfonts.com/products/regular-precille-1138431
[2026-05-03T08:19:32Z] #597 attempt=1/2 status=200 0.353s url=https://www.myfonts.com/collections/precille-font-sixtype-foundry/
[2026-05-03T08:19:33Z] #598 attempt=1/2 status=200 0.364s url=https://www.myfonts.com/collections/precille-font-sixtype-foundry/?tab=techSpecs
[2026-05-03T08:19:34Z] #599 attempt=1/2 status=200 0.359s url=https://www.myfonts.com/products/cleju-bibsha-regular-mc-cleju-bibsha-1143283
[2026-05-03T08:19:34Z] #600 attempt=1/2 status=200 0.309s url=https://www.myfonts.com/collections/mc-cleju-bibsha-font-maulana-creative/
[2026-05-03T08:19:35Z] #601 attempt=1/2 status=200 0.320s url=https://www.myfonts.com/collections/mc-cleju-bibsha-font-maulana-creative/?tab=techSpecs
[2026-05-03T08:19:36Z] #602 attempt=1/2 status=200 0.310s url=https://www.myfonts.com/products/regular-arqine-1143847
[2026-05-03T08:19:36Z] #603 attempt=1/2 status=200 0.352s url=https://www.myfonts.com/collections/arqine-font-only-fonts/
[2026-05-03T08:19:37Z] #604 attempt=1/2 status=200 0.331s url=https://www.myfonts.com/collections/arqine-font-only-fonts/?tab=techSpecs
[2026-05-03T08:19:38Z] #605 attempt=1/2 status=200 0.303s url=https://www.myfonts.com/products/regular-ongunkan-rosetta-stone-greek-1143312
[2026-05-03T08:19:38Z] #606 attempt=1/2 status=200 0.300s url=https://www.myfonts.com/collections/ongunkan-rosetta-stone-greek-font-runic-world-tamgaci/
[2026-05-03T08:19:39Z] #607 attempt=1/2 status=200 0.279s url=https://www.myfonts.com/collections/ongunkan-rosetta-stone-greek-font-runic-world-tamgaci/?tab=techSpecs
[2026-05-03T08:19:41Z] #608 attempt=1/6 status=200 0.783s url=https://www.myfonts.com/products.json?limit=100&page=11
[2026-05-03T08:19:41Z] #609 attempt=1/2 status=200 0.327s url=https://www.myfonts.com/products/regular-avena-1143310
[2026-05-03T08:19:42Z] #610 attempt=1/2 status=200 0.288s url=https://www.myfonts.com/collections/avena-font-owpictures/
[2026-05-03T08:19:42Z] #611 attempt=1/2 status=200 0.281s url=https://www.myfonts.com/collections/avena-font-owpictures/?tab=techSpecs
[2026-05-03T08:19:43Z] #612 attempt=1/2 status=200 0.345s url=https://www.myfonts.com/products/script-mistkin-1143625
[2026-05-03T08:19:44Z] #613 attempt=1/2 status=200 0.707s url=https://www.myfonts.com/collections/mistkin-font-lemonthe/
[2026-05-03T08:19:45Z] #614 attempt=1/2 status=200 0.315s url=https://www.myfonts.com/products/regular-school-notes-1143373
[2026-05-03T08:19:45Z] #615 attempt=1/2 status=200 0.313s url=https://www.myfonts.com/collections/school-notes-font-mvmet/
[2026-05-03T08:19:46Z] #616 attempt=1/2 status=200 0.545s url=https://www.myfonts.com/products/regular-sume-1143846
[2026-05-03T08:19:47Z] #617 attempt=1/2 status=200 0.508s url=https://www.myfonts.com/collections/sume-font-lb-studio/
[2026-05-03T08:19:47Z] #618 attempt=1/2 status=200 0.306s url=https://www.myfonts.com/products/helenna-regular-helenna-serif-1143456
[2026-05-03T08:19:48Z] #619 attempt=1/2 status=200 0.330s url=https://www.myfonts.com/collections/helenna-serif-font-alphaleonis-std/
[2026-05-03T08:19:49Z] #620 attempt=1/2 status=200 0.435s url=https://www.myfonts.com/products/regular-juegas-1143712
[2026-05-03T08:19:49Z] #621 attempt=1/2 status=200 0.452s url=https://www.myfonts.com/collections/juegas-font-tini-fitriani/
[2026-05-03T08:19:50Z] #622 attempt=1/2 status=200 0.271s url=https://www.myfonts.com/products/regular-pizzaroo-1143471
[2026-05-03T08:19:50Z] #623 attempt=1/2 status=200 0.292s url=https://www.myfonts.com/collections/pizzaroo-font-rasio-studio/
[2026-05-03T08:19:51Z] #624 attempt=1/2 status=200 0.384s url=https://www.myfonts.com/products/italic-flowy-psyche-1143465
[2026-05-03T08:19:52Z] #625 attempt=1/2 status=200 0.653s url=https://www.myfonts.com/collections/flowy-psyche-font-wildan-carfont/
[2026-05-03T08:19:53Z] #626 attempt=1/2 status=200 0.321s url=https://www.myfonts.com/products/regular-night-shades-brush-1130182
[2026-05-03T08:19:53Z] #627 attempt=1/2 status=200 0.266s url=https://www.myfonts.com/collections/night-shades-brush-font-tebaltipis-studio/
[2026-05-03T08:19:54Z] #628 attempt=1/2 status=200 0.324s url=https://www.myfonts.com/products/regular-sketchin-1143516
[2026-05-03T08:19:54Z] #629 attempt=1/2 status=200 0.424s url=https://www.myfonts.com/collections/sketchin-font-design-vault-studio/
[2026-05-03T08:19:55Z] #630 attempt=1/2 status=200 0.320s url=https://www.myfonts.com/products/regular-cardinel-display-1143718
[2026-05-03T08:19:56Z] #631 attempt=1/2 status=200 0.340s url=https://www.myfonts.com/collections/cardinel-display-font-limitype/
[2026-05-03T08:19:56Z] #632 attempt=1/2 status=200 0.321s url=https://www.myfonts.com/products/regular-elisabetha-1143514
[2026-05-03T08:19:57Z] #633 attempt=1/2 status=200 0.283s url=https://www.myfonts.com/collections/elisabetha-font-unitype-studio/
[2026-05-03T08:19:57Z] #634 attempt=1/2 status=200 0.347s url=https://www.myfonts.com/products/italic-kinetica-scribble-1143745
[2026-05-03T08:19:58Z] #635 attempt=1/2 status=200 0.560s url=https://www.myfonts.com/collections/kinetica-scribble-font-stylishtype-studio/
[2026-05-03T08:19:59Z] #636 attempt=1/2 status=200 0.442s url=https://www.myfonts.com/products/regular-fordaline-signature-1130184
[2026-05-03T08:19:59Z] #637 attempt=1/2 status=200 0.323s url=https://www.myfonts.com/collections/fordaline-signature-font-tebaltipis-studio/
[2026-05-03T08:20:00Z] #638 attempt=1/2 status=200 0.380s url=https://www.myfonts.com/products/regular-bad-rabbit-1143668
[2026-05-03T08:20:01Z] #639 attempt=1/2 status=200 0.464s url=https://www.myfonts.com/collections/bad-rabbit-font-vozzy/
[2026-05-03T08:20:01Z] #640 attempt=1/2 status=200 0.363s url=https://www.myfonts.com/products/bold-some-notes-1143303
[2026-05-03T08:20:02Z] #641 attempt=1/2 status=200 0.647s url=https://www.myfonts.com/collections/some-notes-font-afkari-studio/
[2026-05-03T08:20:03Z] #642 attempt=1/2 status=200 0.398s url=https://www.myfonts.com/products/regular-serafiona-maleri-1143720
[2026-05-03T08:20:04Z] #643 attempt=1/2 status=200 0.579s url=https://www.myfonts.com/collections/serafiona-maleri-font-letterena-studios/
[2026-05-03T08:20:04Z] #644 attempt=1/2 status=200 0.335s url=https://www.myfonts.com/products/texture-harvest-time-1143702
[2026-05-03T08:20:05Z] #645 attempt=1/2 status=200 0.469s url=https://www.myfonts.com/collections/harvest-time-font-vozzy/
[2026-05-03T08:20:06Z] #646 attempt=1/2 status=200 0.280s url=https://www.myfonts.com/products/east-bound-regular-east-bound-1137804
[2026-05-03T08:20:06Z] #647 attempt=1/2 status=200 0.308s url=https://www.myfonts.com/collections/east-bound-font-modikstype/
[2026-05-03T08:20:07Z] #648 attempt=1/2 status=200 0.295s url=https://www.myfonts.com/products/quin-forte-regular-mc-quin-forte-1143367
[2026-05-03T08:20:07Z] #649 attempt=1/2 status=200 0.336s url=https://www.myfonts.com/collections/mc-quin-forte-font-maulana-creative/
[2026-05-03T08:20:08Z] #650 attempt=1/2 status=200 0.299s url=https://www.myfonts.com/products/regular-yodia-mangesti-1143282
[2026-05-03T08:20:09Z] #651 attempt=1/2 status=200 0.399s url=https://www.myfonts.com/collections/yodia-mangesti-font-letterhanna-studio/
[2026-05-03T08:20:09Z] #652 attempt=1/2 status=200 0.562s url=https://www.myfonts.com/products/regular-brushed-1143740
[2026-05-03T08:20:10Z] #653 attempt=1/2 status=200 0.485s url=https://www.myfonts.com/collections/brushed-font-sensatype-studio/
[2026-05-03T08:20:11Z] #654 attempt=1/2 status=200 0.364s url=https://www.myfonts.com/products/regular-bungkus-1131305
[2026-05-03T08:20:11Z] #655 attempt=1/2 status=200 0.513s url=https://www.myfonts.com/collections/bungkus-font-letternesia-studio/
[2026-05-03T08:20:12Z] #656 attempt=1/2 status=200 0.345s url=https://www.myfonts.com/products/regular-calvigan-1143390
[2026-05-03T08:20:13Z] #657 attempt=1/2 status=200 0.340s url=https://www.myfonts.com/collections/calvigan-font-qweera-studio/
[2026-05-03T08:20:14Z] #658 attempt=1/6 status=200 0.700s url=https://www.myfonts.com/products.json?limit=100&page=12
[2026-05-03T08:20:15Z] #659 attempt=1/2 status=200 0.289s url=https://www.myfonts.com/products/regular-biketank-1142963
[2026-05-03T08:20:15Z] #660 attempt=1/2 status=200 0.277s url=https://www.myfonts.com/collections/biketank-font-gatype/
[2026-05-03T08:20:16Z] #661 attempt=1/2 status=200 0.312s url=https://www.myfonts.com/products/regular-betgal-1143460
[2026-05-03T08:20:16Z] #662 attempt=1/2 status=200 0.632s url=https://www.myfonts.com/collections/betgal-font-pandeka-studio/
[2026-05-03T08:20:17Z] #663 attempt=1/2 status=200 0.438s url=https://www.myfonts.com/products/cs-danse-liberte-regular-cs-danse-liberte-1143433
[2026-05-03T08:20:18Z] #664 attempt=1/2 status=200 0.376s url=https://www.myfonts.com/collections/cs-danse-liberte-font-calamar/
[2026-05-03T08:20:18Z] #665 attempt=1/2 status=200 0.328s url=https://www.myfonts.com/products/regular-glimolle-1143870
[2026-05-03T08:20:19Z] #666 attempt=1/2 status=200 0.289s url=https://www.myfonts.com/collections/glimolle-font-qiubare-studio/
[2026-05-03T08:20:20Z] #667 attempt=1/2 status=200 0.486s url=https://www.myfonts.com/products/variable-khaos-1143285
[2026-05-03T08:20:21Z] #668 attempt=1/2 status=200 1.161s url=https://www.myfonts.com/collections/khaos-font-fontbilisi/
[2026-05-03T08:20:22Z] #669 attempt=1/2 status=200 0.330s url=https://www.myfonts.com/products/regular-orlan-1143408
[2026-05-03T08:20:22Z] #670 attempt=1/2 status=200 0.314s url=https://www.myfonts.com/collections/orlan-font-vadova-std/
[2026-05-03T08:20:23Z] #671 attempt=1/2 status=200 0.299s url=https://www.myfonts.com/products/bestam-pren-regular-mc-bestam-pren-1143368
[2026-05-03T08:20:23Z] #672 attempt=1/2 status=200 0.339s url=https://www.myfonts.com/collections/mc-bestam-pren-font-maulana-creative/
[2026-05-03T08:20:24Z] #673 attempt=1/2 status=200 0.278s url=https://www.myfonts.com/products/nerolinia-regular-nerolinia-1143848
[2026-05-03T08:20:25Z] #674 attempt=1/2 status=200 0.290s url=https://www.myfonts.com/collections/nerolinia-font-thinkdust/
[2026-05-03T08:20:25Z] #675 attempt=1/2 status=200 0.500s url=https://www.myfonts.com/products/regular-ogalio-1143462
[2026-05-03T08:20:26Z] #676 attempt=1/2 status=200 0.352s url=https://www.myfonts.com/collections/ogalio-font-pandeka-studio/
[2026-05-03T08:20:27Z] #677 attempt=1/6 status=200 0.768s url=https://www.myfonts.com/products.json?limit=100&page=13
[2026-05-03T08:20:28Z] #678 attempt=1/2 status=200 0.419s url=https://www.myfonts.com/products/bold-woris-1143371
[2026-05-03T08:20:28Z] #679 attempt=1/2 status=200 0.386s url=https://www.myfonts.com/collections/woris-font-afkari-studio/
[2026-05-03T08:20:29Z] #680 attempt=1/2 status=200 0.332s url=https://www.myfonts.com/products/regular-raphity-1143458
[2026-05-03T08:20:30Z] #681 attempt=1/2 status=200 0.297s url=https://www.myfonts.com/collections/raphity-font-chatype-studio/
[2026-05-03T08:20:30Z] #682 attempt=1/2 status=200 0.361s url=https://www.myfonts.com/products/regular-tepinar-1143388
[2026-05-03T08:20:31Z] #683 attempt=1/2 status=200 0.348s url=https://www.myfonts.com/collections/tepinar-font-bilahstudio/
[2026-05-03T08:20:31Z] #684 attempt=1/2 status=200 0.340s url=https://www.myfonts.com/products/regular-heavy-palm-1143850
[2026-05-03T08:20:32Z] #685 attempt=1/2 status=200 0.304s url=https://www.myfonts.com/collections/heavy-palm-font-ethylene/
[2026-05-03T08:20:33Z] #686 attempt=1/2 status=200 0.285s url=https://www.myfonts.com/products/regular-willmora-1143728
[2026-05-03T08:20:33Z] #687 attempt=1/2 status=200 0.296s url=https://www.myfonts.com/collections/willmora-font-ikiikowrk/
[2026-05-03T08:20:34Z] #688 attempt=1/2 status=200 0.563s url=https://www.myfonts.com/products/regular-bageba-1143742
[2026-05-03T08:20:34Z] #689 attempt=1/2 status=200 0.261s url=https://www.myfonts.com/collections/bageba-font-pandeka-studio/
[2026-05-03T08:20:35Z] #690 attempt=1/2 status=200 0.297s url=https://www.myfonts.com/products/regular-splash-chrome-1143470
[2026-05-03T08:20:36Z] #691 attempt=1/2 status=200 0.306s url=https://www.myfonts.com/collections/splash-chrome-font-alit-design/
[2026-05-03T08:20:36Z] #692 attempt=1/2 status=200 0.303s url=https://www.myfonts.com/products/haqutian-regular-mc-haqutian-1140124
[2026-05-03T08:20:37Z] #693 attempt=1/2 status=200 0.271s url=https://www.myfonts.com/collections/mc-haqutian-font-maulana-creative/
[2026-05-03T08:20:37Z] #694 attempt=1/2 status=200 0.534s url=https://www.myfonts.com/products/medium-italic-sintesi-semi-510943
[2026-05-03T08:20:39Z] #695 attempt=1/2 status=200 1.625s url=https://www.myfonts.com/collections/sintesi-semi-font-fsdesign-salmina/
[2026-05-03T08:20:40Z] #696 attempt=1/2 status=200 0.438s url=https://www.myfonts.com/products/italic-sintesi-semi-510941
[2026-05-03T08:20:41Z] #697 attempt=1/2 status=200 0.967s url=https://www.myfonts.com/collections/sintesi-semi-font-fsdesign-salmina/
[2026-05-03T08:20:42Z] #698 attempt=1/2 status=200 0.347s url=https://www.myfonts.com/products/light-charminette-130182
[2026-05-03T08:20:43Z] #699 attempt=1/2 status=200 0.318s url=https://www.myfonts.com/collections/charminette-font-vanderfont/
[2026-05-03T08:20:43Z] #700 attempt=1/2 status=200 0.409s url=https://www.myfonts.com/products/snapshock-complete-family-package-974553
[2026-05-03T08:20:44Z] #701 attempt=1/2 status=200 0.549s url=https://www.myfonts.com/collections/snapshock-font-putracetol/
[2026-05-03T08:20:45Z] #702 attempt=1/2 status=200 0.385s url=https://www.myfonts.com/products/carole-sans-variable-complete-family-package-1143290
[2026-05-03T08:20:45Z] #703 attempt=1/2 status=200 0.501s url=https://www.myfonts.com/collections/carole-sans-variable-font-schriftlabor/
[2026-05-03T08:20:47Z] #704 attempt=1/6 status=200 0.785s url=https://www.myfonts.com/products.json?limit=100&page=14
[2026-05-03T08:20:47Z] #705 attempt=1/2 status=200 0.402s url=https://www.myfonts.com/products/carole-serif-variable-complete-family-package-1143294
[2026-05-03T08:20:48Z] #706 attempt=1/2 status=200 0.595s url=https://www.myfonts.com/collections/carole-serif-variable-font-schriftlabor/
[2026-05-03T08:20:49Z] #707 attempt=1/2 status=200 0.751s url=https://www.myfonts.com/products/salom-sans-office-package-1143366
[2026-05-03T08:20:51Z] #708 attempt=1/2 status=200 1.102s url=https://www.myfonts.com/collections/salom-font-schriftlabor/
[2026-05-03T08:20:52Z] #709 attempt=1/2 status=200 0.629s url=https://www.myfonts.com/products/june-pro-office-package-1143300
[2026-05-03T08:20:53Z] #710 attempt=1/2 status=200 1.026s url=https://www.myfonts.com/collections/june-pro-font-schriftlabor/
[2026-05-03T08:20:54Z] #711 attempt=1/2 status=200 0.555s url=https://www.myfonts.com/products/modal-office-package-1143311
[2026-05-03T08:20:55Z] #712 attempt=1/2 status=200 0.995s url=https://www.myfonts.com/collections/modal-font-schriftlabor/
[2026-05-03T08:20:56Z] #713 attempt=1/2 status=200 0.485s url=https://www.myfonts.com/products/margit-office-package-1143309
[2026-05-03T08:20:57Z] #714 attempt=1/2 status=200 0.744s url=https://www.myfonts.com/collections/margit-font-schriftlabor/
[2026-05-03T08:20:58Z] #715 attempt=1/2 status=200 0.619s url=https://www.myfonts.com/products/gallensis-office-package-1143298
[2026-05-03T08:20:59Z] #716 attempt=1/2 status=200 1.481s url=https://www.myfonts.com/collections/gallensis-font-schriftlabor/
[2026-05-03T08:21:00Z] #717 attempt=1/2 status=200 0.381s url=https://www.myfonts.com/products/grimmig-office-package-1143299
[2026-05-03T08:21:02Z] #718 attempt=1/2 status=200 1.263s url=https://www.myfonts.com/collections/grimmig-font-schriftlabor/
[2026-05-03T08:21:02Z] #719 attempt=1/2 status=200 0.340s url=https://www.myfonts.com/products/barata-display-complete-family-package-319922
[2026-05-03T08:21:03Z] #720 attempt=1/2 status=200 0.566s url=https://www.myfonts.com/collections/barata-display-font-estudio-arellano-type-foundry/
[2026-05-03T08:21:04Z] #721 attempt=1/2 status=200 0.275s url=https://www.myfonts.com/products/shadow-barata-display-319927
[2026-05-03T08:21:04Z] #722 attempt=1/2 status=200 0.430s url=https://www.myfonts.com/collections/barata-display-font-estudio-arellano-type-foundry/
[2026-05-03T08:21:05Z] #723 attempt=1/2 status=200 0.286s url=https://www.myfonts.com/products/regular-barata-display-319917
[2026-05-03T08:21:05Z] #724 attempt=1/2 status=200 0.149s url=https://www.myfonts.com/collections/barata-display-font-estudio-arellano-type-foundry/
[2026-05-03T08:21:06Z] #725 attempt=1/2 status=200 0.286s url=https://www.myfonts.com/products/sans-barata-display-319911
[2026-05-03T08:21:07Z] #726 attempt=1/2 status=200 0.460s url=https://www.myfonts.com/collections/barata-display-font-estudio-arellano-type-foundry/
[2026-05-03T08:21:07Z] #727 attempt=1/2 status=200 0.390s url=https://www.myfonts.com/products/mistur-sleuth-complete-family-package-976891
[2026-05-03T08:21:08Z] #728 attempt=1/2 status=200 0.512s url=https://www.myfonts.com/collections/mistur-sleuth-font-timelesstype-studio/
[2026-05-03T08:21:09Z] #729 attempt=1/2 status=200 0.447s url=https://www.myfonts.com/products/palatino-linotype-complete-family-package-1143547
[2026-05-03T08:21:10Z] #730 attempt=1/2 status=200 0.667s url=https://www.myfonts.com/collections/palatino-linotype-font-zapf-alphabets/
[2026-05-03T08:21:10Z] #731 attempt=1/2 status=200 0.359s url=https://www.myfonts.com/products/gramatika-complete-family-package-1143529
[2026-05-03T08:21:11Z] #732 attempt=1/2 status=200 0.170s url=https://www.myfonts.com/collections/gramatika-font-tokotype/
[2026-05-03T08:21:12Z] #733 attempt=1/6 status=200 0.884s url=https://www.myfonts.com/products.json?limit=100&page=15
[2026-05-03T08:21:13Z] #734 attempt=1/2 status=200 1.041s url=https://www.myfonts.com/products/treasure-font-bundle-package-999247
[2026-05-03T08:21:14Z] #735 attempt=1/2 status=404 0.323s url=https://www.myfonts.com/collections/treasure-font-bundle-font-viaction-typeco
[2026-05-03T08:21:15Z] #736 attempt=1/2 status=200 1.241s url=https://www.myfonts.com/products/modern-calligraphy-font-bundle-package-727245
[2026-05-03T08:21:16Z] #737 attempt=1/2 status=404 0.218s url=https://www.myfonts.com/collections/modern-calligraphy-font-bundle-font-slex-studio
[2026-05-03T08:21:17Z] #738 attempt=1/2 status=200 0.392s url=https://www.myfonts.com/products/delsya-script-complete-family-package-1143245
[2026-05-03T08:21:17Z] #739 attempt=1/2 status=200 0.445s url=https://www.myfonts.com/collections/delsya-script-font-tini-fitriani/
[2026-05-03T08:21:18Z] #740 attempt=1/2 status=200 0.378s url=https://www.myfonts.com/products/desire-press-complete-family-package-1142808
[2026-05-03T08:21:19Z] #741 attempt=1/2 status=200 0.555s url=https://www.myfonts.com/collections/desire-press-font-sloulyfe-studio/
[2026-05-03T08:21:19Z] #742 attempt=1/2 status=200 0.412s url=https://www.myfonts.com/products/sparon-complete-family-package-1142878
[2026-05-03T08:21:20Z] #743 attempt=1/2 status=200 0.516s url=https://www.myfonts.com/collections/sparon-font-artisan-themes/
[2026-05-03T08:21:21Z] #744 attempt=1/2 status=200 0.432s url=https://www.myfonts.com/products/neogrid-complete-family-package-1143269
[2026-05-03T08:21:22Z] #745 attempt=1/2 status=200 0.558s url=https://www.myfonts.com/collections/neogrid-font-din-studio/
[2026-05-03T08:21:22Z] #746 attempt=1/2 status=200 0.430s url=https://www.myfonts.com/products/nateen-display-complete-family-package-1142863
[2026-05-03T08:21:23Z] #747 attempt=1/2 status=200 0.530s url=https://www.myfonts.com/collections/nateen-display-font-ijemrockart/
[2026-05-03T08:21:24Z] #748 attempt=1/2 status=200 0.573s url=https://www.myfonts.com/products/ratch-complete-family-package-1142945
[2026-05-03T08:21:25Z] #749 attempt=1/2 status=200 0.691s url=https://www.myfonts.com/collections/ratch-font-roman-melikhov/
[2026-05-03T08:21:26Z] #750 attempt=1/2 status=200 0.344s url=https://www.myfonts.com/products/delorian-display-complete-family-package-1143254
[2026-05-03T08:21:26Z] #751 attempt=1/2 status=200 0.624s url=https://www.myfonts.com/collections/delorian-display-font-tebaltipis-studio/
[2026-05-03T08:21:27Z] #752 attempt=1/2 status=200 0.287s url=https://www.myfonts.com/products/bulldach-lettra-complete-family-package-1142866
[2026-05-03T08:21:28Z] #753 attempt=1/2 status=200 0.505s url=https://www.myfonts.com/collections/bulldach-lettra-font-jolicia-type/
[2026-05-03T08:21:30Z] #754 attempt=1/2 status=200 1.790s url=https://www.myfonts.com/products/galnery-complete-family-package-1142983
[2026-05-03T08:21:32Z] #755 attempt=1/2 status=200 2.176s url=https://www.myfonts.com/collections/galnery-font-suza-studio/
[2026-05-03T08:21:33Z] #756 attempt=1/2 status=200 0.381s url=https://www.myfonts.com/products/funky-culture-complete-family-package-1143239
[2026-05-03T08:21:34Z] #757 attempt=1/2 status=200 0.725s url=https://www.myfonts.com/collections/funky-culture-font-sipanji21/
[2026-05-03T08:21:35Z] #758 attempt=1/2 status=200 0.360s url=https://www.myfonts.com/products/monino-pro-complete-family-package-1142975
[2026-05-03T08:21:36Z] #759 attempt=1/2 status=200 0.603s url=https://www.myfonts.com/collections/monino-pro-font-thinkdust/
[2026-05-03T08:21:36Z] #760 attempt=1/2 status=200 0.390s url=https://www.myfonts.com/products/blonkra-complete-family-package-1142903
[2026-05-03T08:21:37Z] #761 attempt=1/2 status=200 0.488s url=https://www.myfonts.com/collections/blonkra-font-muksal-creatives/
[2026-05-03T08:21:38Z] #762 attempt=1/2 status=200 0.387s url=https://www.myfonts.com/products/highmade-esportas-complete-family-package-1142708
[2026-05-03T08:21:39Z] #763 attempt=1/2 status=200 0.588s url=https://www.myfonts.com/collections/highmade-esportas-font-multype-studio/
[2026-05-03T08:21:39Z] #764 attempt=1/2 status=200 0.338s url=https://www.myfonts.com/products/maileya-vintage-complete-family-package-1143242
[2026-05-03T08:21:40Z] #765 attempt=1/2 status=200 0.421s url=https://www.myfonts.com/collections/maileya-vintage-font-tini-fitriani/
[2026-05-03T08:21:41Z] #766 attempt=1/2 status=200 0.562s url=https://www.myfonts.com/products/rifton-staycation-complete-family-package-1142955
[2026-05-03T08:21:42Z] #767 attempt=1/2 status=200 0.443s url=https://www.myfonts.com/collections/rifton-staycation-font-haksen/
[2026-05-03T08:21:42Z] #768 attempt=1/2 status=200 0.487s url=https://www.myfonts.com/products/agta-complete-family-package-1142811
[2026-05-03T08:21:43Z] #769 attempt=1/2 status=200 0.386s url=https://www.myfonts.com/collections/agta-font-artiveko/
[2026-05-03T08:21:44Z] #770 attempt=1/2 status=200 0.345s url=https://www.myfonts.com/products/granix-complete-family-package-1143261
[2026-05-03T08:21:44Z] #771 attempt=1/2 status=200 0.475s url=https://www.myfonts.com/collections/granix-font-artisan-themes/
[2026-05-03T08:21:45Z] #772 attempt=1/2 status=200 0.363s url=https://www.myfonts.com/products/sweet-daisy-complete-family-package-1142898
[2026-05-03T08:21:46Z] #773 attempt=1/2 status=200 0.588s url=https://www.myfonts.com/collections/sweet-daisy-font-cocodesign/
[2026-05-03T08:21:47Z] #774 attempt=1/2 status=200 0.708s url=https://www.myfonts.com/products/regular-style-package-1142796
[2026-05-03T08:21:48Z] #775 attempt=1/2 status=200 1.120s url=https://www.myfonts.com/collections/galdertine-charetam-semi-serif-font-logic-type/
[2026-05-03T08:21:49Z] #776 attempt=1/2 status=200 0.447s url=https://www.myfonts.com/products/cranch-complete-family-package-1142847
[2026-05-03T08:21:50Z] #777 attempt=1/2 status=200 0.648s url=https://www.myfonts.com/collections/cranch-font-roman-melikhov/
[2026-05-03T08:21:51Z] #778 attempt=1/2 status=200 0.393s url=https://www.myfonts.com/products/lev-type-repyakh-complete-family-package-1142916
[2026-05-03T08:21:51Z] #779 attempt=1/2 status=200 0.560s url=https://www.myfonts.com/collections/lev-type-repyakh-font-lev-type/
[2026-05-03T08:21:52Z] #780 attempt=1/2 status=200 0.676s url=https://www.myfonts.com/products/expanded-family-package-1142703
[2026-05-03T08:21:54Z] #781 attempt=1/2 status=200 1.765s url=https://www.myfonts.com/collections/sinar-grotesk-font-tokotype/
[2026-05-03T08:21:55Z] #782 attempt=1/2 status=200 0.398s url=https://www.myfonts.com/products/andale-mono-complete-family-pack-package-548330
[2026-05-03T08:21:56Z] #783 attempt=1/2 status=200 0.397s url=https://www.myfonts.com/collections/andale-mono-font-monotype-imaging/
[2026-05-03T08:21:56Z] #784 attempt=1/2 status=200 0.162s url=https://www.myfonts.com/collections/andale-mono-font-monotype-imaging/
[2026-05-03T08:21:57Z] #785 attempt=1/2 status=200 0.458s url=https://www.myfonts.com/products/coastaline-balibo-complete-family-package-1142980
[2026-05-03T08:21:58Z] #786 attempt=1/2 status=200 0.456s url=https://www.myfonts.com/collections/coastaline-balibo-font-monolimes/
[2026-05-03T08:21:58Z] #787 attempt=1/2 status=200 0.423s url=https://www.myfonts.com/products/the-heistha-editorial-font-duo-complete-family-package-1142912
[2026-05-03T08:21:59Z] #788 attempt=1/2 status=200 0.498s url=https://www.myfonts.com/collections/the-heistha-editorial-font-duo-font-sigit-nurcholis/
[2026-05-03T08:22:00Z] #789 attempt=1/2 status=200 0.964s url=https://www.myfonts.com/products/expanded-package-1142890
[2026-05-03T08:22:03Z] #790 attempt=1/2 status=200 2.043s url=https://www.myfonts.com/collections/natharie-font-nia-typework/
[2026-05-03T08:22:04Z] #791 attempt=1/2 status=200 0.414s url=https://www.myfonts.com/products/zenfix-complete-family-package-1143264
[2026-05-03T08:22:04Z] #792 attempt=1/2 status=200 0.467s url=https://www.myfonts.com/collections/zenfix-font-artisan-themes/
[2026-05-03T08:22:05Z] #793 attempt=1/2 status=200 0.414s url=https://www.myfonts.com/products/avathor-type-complete-family-package-1142964
[2026-05-03T08:22:06Z] #794 attempt=1/2 status=200 1.061s url=https://www.myfonts.com/collections/avathor-type-font-canden-meutuah/
[2026-05-03T08:22:07Z] #795 attempt=1/2 status=200 0.341s url=https://www.myfonts.com/products/goldray-club-complete-family-package-1142875
[2026-05-03T08:22:08Z] #796 attempt=1/2 status=200 0.628s url=https://www.myfonts.com/collections/goldray-club-font-letterhend/
[2026-05-03T08:22:08Z] #797 attempt=1/2 status=200 0.397s url=https://www.myfonts.com/products/brendast-grande-complete-family-package-1142698
[2026-05-03T08:22:09Z] #798 attempt=1/2 status=200 0.442s url=https://www.myfonts.com/collections/brendast-grande-font-suza-studio/
[2026-05-03T08:22:10Z] #799 attempt=1/2 status=200 0.718s url=https://www.myfonts.com/products/bajazzo-complete-family-package-1142911
[2026-05-03T08:22:12Z] #800 attempt=1/2 status=200 1.934s url=https://www.myfonts.com/collections/bajazzo-font-schriftlabor/
[2026-05-03T08:22:13Z] #801 attempt=1/2 status=200 0.377s url=https://www.myfonts.com/products/klopfzeichen-complete-family-package-1142914
[2026-05-03T08:22:14Z] #802 attempt=1/2 status=200 0.522s url=https://www.myfonts.com/collections/klopfzeichen-font-mysterian/
[2026-05-03T08:22:15Z] #803 attempt=1/2 status=200 0.483s url=https://www.myfonts.com/products/tallmark-complete-family-package-1143248
[2026-05-03T08:22:15Z] #804 attempt=1/2 status=200 0.546s url=https://www.myfonts.com/collections/tallmark-font-nathatype/
[2026-05-03T08:22:16Z] #805 attempt=1/2 status=200 0.338s url=https://www.myfonts.com/products/ahkara-complete-family-package-1142800
[2026-05-03T08:22:17Z] #806 attempt=1/2 status=200 0.538s url=https://www.myfonts.com/collections/ahkara-font-agung-sudirman/
[2026-05-03T08:22:18Z] #807 attempt=1/2 status=200 0.451s url=https://www.myfonts.com/products/play-sticz-complete-family-package-1142893
[2026-05-03T08:22:18Z] #808 attempt=1/2 status=200 0.566s url=https://www.myfonts.com/collections/play-sticz-font-pandeka-studio/
[2026-05-03T08:22:20Z] #809 attempt=1/2 status=200 1.120s url=https://www.myfonts.com/products/stagger-complete-family-package-1142997
[2026-05-03T08:22:21Z] #810 attempt=1/2 status=200 1.197s url=https://www.myfonts.com/collections/stagger-font-nia-typework/
[2026-05-03T08:22:23Z] #811 attempt=1/2 status=200 1.250s url=https://www.myfonts.com/products/eckhart-complete-family-package-1142695
[2026-05-03T08:22:25Z] #812 attempt=1/2 status=200 1.644s url=https://www.myfonts.com/collections/eckhart-font-rohh/
[2026-05-03T08:22:26Z] #813 attempt=1/2 status=200 0.404s url=https://www.myfonts.com/products/s-thin-goorkit-1140055
[2026-05-03T08:22:27Z] #814 attempt=1/2 status=200 1.051s url=https://www.myfonts.com/collections/goorkit-font-vlad-b/
[2026-05-03T08:22:28Z] #815 attempt=1/2 status=200 0.378s url=https://www.myfonts.com/products/semi-bold-furonto-1141187
[2026-05-03T08:22:29Z] #816 attempt=1/2 status=200 0.760s url=https://www.myfonts.com/collections/furonto-font-simpletype-studios/
[2026-05-03T08:22:29Z] #817 attempt=1/2 status=200 0.298s url=https://www.myfonts.com/products/regular-cleamylo-1142897
[2026-05-03T08:22:30Z] #818 attempt=1/2 status=200 0.386s url=https://www.myfonts.com/collections/cleamylo-font-brandearth/
[2026-05-03T08:22:31Z] #819 attempt=1/2 status=200 0.301s url=https://www.myfonts.com/products/regular-better-gold-brush-1142874
[2026-05-03T08:22:31Z] #820 attempt=1/2 status=200 0.307s url=https://www.myfonts.com/collections/better-gold-brush-font-tebaltipis-studio/
[2026-05-03T08:22:32Z] #821 attempt=1/2 status=200 0.328s url=https://www.myfonts.com/products/regular-boos-spod-1142858
[2026-05-03T08:22:32Z] #822 attempt=1/2 status=200 0.288s url=https://www.myfonts.com/collections/boos-spod-font-bayuktx/
[2026-05-03T08:22:34Z] #823 attempt=1/6 status=200 0.656s url=https://www.myfonts.com/products.json?limit=100&page=16
[2026-05-03T08:22:34Z] #824 attempt=1/2 status=200 0.412s url=https://www.myfonts.com/products/regular-collen-1142959
[2026-05-03T08:22:35Z] #825 attempt=1/2 status=200 0.383s url=https://www.myfonts.com/collections/collen-font-only-fonts/
[2026-05-03T08:22:35Z] #826 attempt=1/2 status=200 0.296s url=https://www.myfonts.com/products/regular-3x5-1142706
[2026-05-03T08:22:36Z] #827 attempt=1/2 status=200 0.411s url=https://www.myfonts.com/collections/3x5-font-k-type/
[2026-05-03T08:22:37Z] #828 attempt=1/2 status=200 0.319s url=https://www.myfonts.com/products/regular-cregmils-1142961
[2026-05-03T08:22:37Z] #829 attempt=1/2 status=200 0.512s url=https://www.myfonts.com/collections/cregmils-font-only-fonts/
[2026-05-03T08:22:38Z] #830 attempt=1/2 status=200 0.311s url=https://www.myfonts.com/products/regular-ronamuda-1143251
[2026-05-03T08:22:38Z] #831 attempt=1/2 status=200 0.307s url=https://www.myfonts.com/collections/ronamuda-font-jetsmax-studio/
[2026-05-03T08:22:39Z] #832 attempt=1/2 status=200 0.392s url=https://www.myfonts.com/products/ludane-regular-ludane-condensed-1141212
[2026-05-03T08:22:40Z] #833 attempt=1/2 status=200 0.433s url=https://www.myfonts.com/collections/ludane-condensed-font-fernande/
[2026-05-03T08:22:40Z] #834 attempt=1/2 status=200 0.273s url=https://www.myfonts.com/products/regular-glistare-brush-1142873
[2026-05-03T08:22:41Z] #835 attempt=1/2 status=200 0.504s url=https://www.myfonts.com/collections/glistare-brush-font-tebaltipis-studio/
[2026-05-03T08:22:42Z] #836 attempt=1/2 status=200 0.461s url=https://www.myfonts.com/products/regular-horsy-moon-1142859
[2026-05-03T08:22:42Z] #837 attempt=1/2 status=200 0.353s url=https://www.myfonts.com/collections/horsy-moon-font-bayuktx/
[2026-05-03T08:22:43Z] #838 attempt=1/2 status=200 0.309s url=https://www.myfonts.com/products/regular-rivella-1142960
[2026-05-03T08:22:44Z] #839 attempt=1/2 status=200 0.416s url=https://www.myfonts.com/collections/rivella-font-only-fonts/
[2026-05-03T08:22:44Z] #840 attempt=1/2 status=200 0.310s url=https://www.myfonts.com/products/regular-hetalhya-scriptly-1142860
[2026-05-03T08:22:45Z] #841 attempt=1/2 status=200 0.368s url=https://www.myfonts.com/collections/hetalhya-scriptly-font-bayuktx/
[2026-05-03T08:22:45Z] #842 attempt=1/2 status=200 0.297s url=https://www.myfonts.com/products/regular-black-graffiti-1142803
[2026-05-03T08:22:46Z] #843 attempt=1/2 status=200 0.396s url=https://www.myfonts.com/collections/black-graffiti-font-yoga-letter/
[2026-05-03T08:22:47Z] #844 attempt=1/2 status=200 0.332s url=https://www.myfonts.com/products/regular-sevenity-1142892
[2026-05-03T08:22:47Z] #845 attempt=1/2 status=200 0.307s url=https://www.myfonts.com/collections/sevenity-font-din-studio/
[2026-05-03T08:22:49Z] #846 attempt=1/6 status=200 1.303s url=https://www.myfonts.com/products.json?limit=100&page=17
[2026-05-03T08:22:50Z] #847 attempt=1/2 status=200 0.366s url=https://www.myfonts.com/products/regular-dextive-display-1142862
[2026-05-03T08:22:50Z] #848 attempt=1/2 status=200 0.417s url=https://www.myfonts.com/collections/dextive-display-font-ijemrockart/
[2026-05-03T08:22:51Z] #849 attempt=1/2 status=200 0.265s url=https://www.myfonts.com/products/thrilas-morsil-regular-mc-thrilas-morsil-1142871
[2026-05-03T08:22:51Z] #850 attempt=1/2 status=200 0.329s url=https://www.myfonts.com/collections/mc-thrilas-morsil-font-maulana-creative/
[2026-05-03T08:22:52Z] #851 attempt=1/2 status=200 0.396s url=https://www.myfonts.com/products/regular-chimo-kids-1142806
[2026-05-03T08:22:53Z] #852 attempt=1/2 status=200 0.445s url=https://www.myfonts.com/collections/chimo-kids-font-sipanji21/
[2026-05-03T08:22:53Z] #853 attempt=1/2 status=200 0.420s url=https://www.myfonts.com/products/regular-gastovali-signature-brush-1143258
[2026-05-03T08:22:54Z] #854 attempt=1/2 status=200 0.332s url=https://www.myfonts.com/collections/gastovali-signature-brush-font-tebaltipis-studio/
[2026-05-03T08:22:55Z] #855 attempt=1/2 status=200 0.374s url=https://www.myfonts.com/products/italic-ludane-1141225
[2026-05-03T08:22:55Z] #856 attempt=1/2 status=200 0.520s url=https://www.myfonts.com/collections/ludane-font-fernande/
[2026-05-03T08:22:56Z] #857 attempt=1/2 status=200 0.348s url=https://www.myfonts.com/products/regular-rembara-1142910
[2026-05-03T08:22:57Z] #858 attempt=1/2 status=200 0.412s url=https://www.myfonts.com/collections/rembara-font-vadova-std/
[2026-05-03T08:22:57Z] #859 attempt=1/2 status=200 0.310s url=https://www.myfonts.com/products/regular-thorne-1142861
[2026-05-03T08:22:58Z] #860 attempt=1/2 status=200 0.414s url=https://www.myfonts.com/collections/thorne-font-imoodev/
[2026-05-03T08:22:59Z] #861 attempt=1/6 status=200 0.710s url=https://www.myfonts.com/products.json?limit=100&page=18
[2026-05-03T08:23:00Z] #862 attempt=1/2 status=200 0.347s url=https://www.myfonts.com/products/regular-summer-rovera-1142816
[2026-05-03T08:23:00Z] #863 attempt=1/2 status=200 0.253s url=https://www.myfonts.com/collections/summer-rovera-font-yoga-letter/
[2026-05-03T08:23:01Z] #864 attempt=1/2 status=200 0.350s url=https://www.myfonts.com/products/regular-canefo-1143274
[2026-05-03T08:23:02Z] #865 attempt=1/2 status=200 0.402s url=https://www.myfonts.com/collections/canefo-font-brandearth/
[2026-05-03T08:23:02Z] #866 attempt=1/2 status=200 0.294s url=https://www.myfonts.com/products/regular-rilletone-brush-1143257
[2026-05-03T08:23:03Z] #867 attempt=1/2 status=200 0.554s url=https://www.myfonts.com/collections/rilletone-brush-font-tebaltipis-studio/
[2026-05-03T08:23:04Z] #868 attempt=1/2 status=200 0.398s url=https://www.myfonts.com/products/regular-jubela-1143275
[2026-05-03T08:23:04Z] #869 attempt=1/2 status=200 0.499s url=https://www.myfonts.com/collections/jubela-font-brandearth/
[2026-05-03T08:23:05Z] #870 attempt=1/2 status=200 0.423s url=https://www.myfonts.com/products/rayed-regular-rayed-1142962
[2026-05-03T08:23:06Z] #871 attempt=1/2 status=200 0.364s url=https://www.myfonts.com/collections/rayed-font-marvadesign/
[2026-05-03T08:23:06Z] #872 attempt=1/2 status=200 0.425s url=https://www.myfonts.com/products/regular-glojean-1142908
[2026-05-03T08:23:07Z] #873 attempt=1/2 status=200 0.358s url=https://www.myfonts.com/collections/glojean-font-vadova-std/
[2026-05-03T08:23:08Z] #874 attempt=1/2 status=200 0.373s url=https://www.myfonts.com/products/regular-biteyums-1142896
[2026-05-03T08:23:08Z] #875 attempt=1/2 status=200 0.367s url=https://www.myfonts.com/collections/biteyums-font-brandearth/
[2026-05-03T08:23:09Z] #876 attempt=1/2 status=200 0.318s url=https://www.myfonts.com/products/regular-mommy-emylina-1142954
[2026-05-03T08:23:09Z] #877 attempt=1/2 status=200 0.309s url=https://www.myfonts.com/collections/mommy-emylina-font-yoga-letter/
[2026-05-03T08:23:10Z] #878 attempt=1/2 status=200 0.330s url=https://www.myfonts.com/products/brothenz-regular-brothenz-1142798
[2026-05-03T08:23:10Z] #879 attempt=1/2 status=200 0.349s url=https://www.myfonts.com/collections/brothenz-font-eza-studio/
[2026-05-03T08:23:12Z] #880 attempt=1/6 status=200 0.708s url=https://www.myfonts.com/products.json?limit=100&page=19
[2026-05-03T08:23:12Z] #881 attempt=1/2 status=200 0.334s url=https://www.myfonts.com/products/negen-regular-negen-1142815
[2026-05-03T08:23:13Z] #882 attempt=1/2 status=200 0.276s url=https://www.myfonts.com/collections/negen-font-marvadesign/
[2026-05-03T08:23:13Z] #883 attempt=1/2 status=200 0.307s url=https://www.myfonts.com/products/regular-devanra-1142906
[2026-05-03T08:23:14Z] #884 attempt=1/2 status=200 0.342s url=https://www.myfonts.com/collections/devanra-font-vadova-std/
[2026-05-03T08:23:15Z] #885 attempt=1/2 status=200 0.364s url=https://www.myfonts.com/products/regular-griskay-1142869
[2026-05-03T08:23:15Z] #886 attempt=1/2 status=200 0.373s url=https://www.myfonts.com/collections/griskay-font-imoodev/
[2026-05-03T08:23:16Z] #887 attempt=1/2 status=200 0.352s url=https://www.myfonts.com/products/regular-brooch-1142814
[2026-05-03T08:23:16Z] #888 attempt=1/2 status=200 0.375s url=https://www.myfonts.com/collections/brooch-font-marvadesign/
[2026-05-03T08:23:17Z] #889 attempt=1/2 status=200 0.363s url=https://www.myfonts.com/products/regular-orlynia-1142846
[2026-05-03T08:23:18Z] #890 attempt=1/2 status=200 0.279s url=https://www.myfonts.com/collections/orlynia-font-only-fonts/
[2026-05-03T08:23:18Z] #891 attempt=1/2 status=200 0.348s url=https://www.myfonts.com/products/regular-sakoira-1142837
[2026-05-03T08:23:19Z] #892 attempt=1/2 status=200 0.257s url=https://www.myfonts.com/collections/sakoira-font-only-fonts/
[2026-05-03T08:23:19Z] #893 attempt=1/2 status=200 0.458s url=https://www.myfonts.com/products/regular-ethdown-1142804
[2026-05-03T08:23:20Z] #894 attempt=1/2 status=200 0.329s url=https://www.myfonts.com/collections/ethdown-font-imoodev/
[2026-05-03T08:23:21Z] #895 attempt=1/2 status=200 0.329s url=https://www.myfonts.com/products/regular-norvane-1142907
[2026-05-03T08:23:21Z] #896 attempt=1/2 status=200 0.342s url=https://www.myfonts.com/collections/norvane-font-vadova-std/
[2026-05-03T08:23:22Z] #897 attempt=1/2 status=200 0.317s url=https://www.myfonts.com/products/regular-edomisse-signature-1143260
[2026-05-03T08:23:22Z] #898 attempt=1/2 status=200 0.356s url=https://www.myfonts.com/collections/edomisse-signature-font-tebaltipis-studio/
[2026-05-03T08:23:23Z] #899 attempt=1/2 status=200 0.316s url=https://www.myfonts.com/products/regular-light-brown-display-1143252
[2026-05-03T08:23:24Z] #900 attempt=1/2 status=200 0.355s url=https://www.myfonts.com/collections/light-brown-display-font-tebaltipis-studio/
[2026-05-03T08:23:25Z] #901 attempt=1/6 status=200 0.820s url=https://www.myfonts.com/products.json?limit=100&page=20
[2026-05-03T08:23:25Z] #902 attempt=1/2 status=200 0.326s url=https://www.myfonts.com/products/regular-bartersay-signature-1143253
[2026-05-03T08:23:26Z] #903 attempt=1/2 status=200 0.417s url=https://www.myfonts.com/collections/bartersay-signature-font-tebaltipis-studio/
[2026-05-03T08:23:27Z] #904 attempt=1/2 status=200 0.321s url=https://www.myfonts.com/products/regular-torquon-1142909
[2026-05-03T08:23:27Z] #905 attempt=1/2 status=200 0.303s url=https://www.myfonts.com/collections/torquon-font-vadova-std/
[2026-05-03T08:23:28Z] #906 attempt=1/2 status=200 0.354s url=https://www.myfonts.com/products/regular-amistarline-signature-1143259
[2026-05-03T08:23:28Z] #907 attempt=1/2 status=200 0.333s url=https://www.myfonts.com/collections/amistarline-signature-font-tebaltipis-studio/
[2026-05-03T08:23:29Z] #908 attempt=1/2 status=200 0.373s url=https://www.myfonts.com/products/regular-summer-delano-1142891
[2026-05-03T08:23:30Z] #909 attempt=1/2 status=200 0.255s url=https://www.myfonts.com/collections/summer-delano-font-yoga-letter/
[2026-05-03T08:23:30Z] #910 attempt=1/2 status=200 0.347s url=https://www.myfonts.com/products/regular-little-dino-1142870
[2026-05-03T08:23:31Z] #911 attempt=1/2 status=200 0.304s url=https://www.myfonts.com/collections/little-dino-font-imoodev/
[2026-05-03T08:23:31Z] #912 attempt=1/2 status=200 0.335s url=https://www.myfonts.com/products/glitcher-regular-glitcher-1142805
[2026-05-03T08:23:32Z] #913 attempt=1/2 status=200 0.316s url=https://www.myfonts.com/collections/glitcher-font-imoodev/
[2026-05-03T08:23:33Z] #914 attempt=1/2 status=200 0.331s url=https://www.myfonts.com/products/regular-gofannon-1142872
[2026-05-03T08:23:33Z] #915 attempt=1/2 status=200 0.252s url=https://www.myfonts.com/collections/gofannon-font-imoodev/
[2026-05-03T08:23:34Z] #916 attempt=1/2 status=200 0.422s url=https://www.myfonts.com/products/regular-park-the-bus-1142799
[2026-05-03T08:23:34Z] #917 attempt=1/2 status=200 0.264s url=https://www.myfonts.com/collections/park-the-bus-font-olivetype/
[2026-05-03T08:23:35Z] #918 attempt=1/2 status=200 0.313s url=https://www.myfonts.com/products/regular-slyvarox-1142836
[2026-05-03T08:23:35Z] #919 attempt=1/2 status=200 0.308s url=https://www.myfonts.com/collections/slyvarox-font-valorix-studio/
[2026-05-03T08:23:36Z] #920 attempt=1/2 status=200 0.345s url=https://www.myfonts.com/products/wasteland-efquake-complete-family-package-1143276
[2026-05-03T08:23:37Z] #921 attempt=1/2 status=200 0.456s url=https://www.myfonts.com/collections/wasteland-bold-font-hellroglyphs/
[2026-05-03T08:23:37Z] #922 attempt=1/2 status=200 0.353s url=https://www.myfonts.com/products/regular-shree-bangali-1558-1047700
[2026-05-03T08:23:38Z] #923 attempt=1/2 status=200 0.310s url=https://www.myfonts.com/collections/shree-bangali-1558-font-modularinfotech/
[2026-05-03T08:23:39Z] #924 attempt=1/2 status=200 0.426s url=https://www.myfonts.com/collections/shree-bangali-1558-font-modularinfotech/
[2026-05-03T08:23:41Z] #925 attempt=1/2 status=200 1.749s url=https://www.myfonts.com/products/circular-sketchy-italic-caviara-1142675
[2026-05-03T08:23:43Z] #926 attempt=1/2 status=200 2.208s url=https://www.myfonts.com/collections/caviara-font-alpercakici/
[2026-05-03T08:23:46Z] #927 attempt=1/2 status=200 2.318s url=https://www.myfonts.com/products/serif-extra-condensed-gentano-athiroen-1141854
[2026-05-03T08:23:48Z] #928 attempt=1/2 status=200 1.502s url=https://www.myfonts.com/collections/gentano-athiroen-font-logic-type/
[2026-05-03T08:23:50Z] #929 attempt=1/6 status=200 0.908s url=https://www.myfonts.com/products.json?limit=100&page=21
[2026-05-03T08:23:51Z] #930 attempt=1/2 status=200 1.230s url=https://www.myfonts.com/products/circular-old-squario-1142234
[2026-05-03T08:23:53Z] #931 attempt=1/2 status=200 1.924s url=https://www.myfonts.com/collections/squario-font-alpercakici/
[2026-05-03T08:23:56Z] #932 attempt=1/2 status=200 1.788s url=https://www.myfonts.com/products/light-expanded-slant-magerist-1141529
[2026-05-03T08:23:59Z] #933 attempt=1/2 status=200 3.121s url=https://www.myfonts.com/collections/magerist-font-rcky-studio/
[2026-05-03T08:24:00Z] #934 attempt=1/2 status=200 0.439s url=https://www.myfonts.com/products/heavy-hackensack-1142549
[2026-05-03T08:24:02Z] #935 attempt=1/2 status=200 1.235s url=https://www.myfonts.com/collections/hackensack-font-typodermic/
[2026-05-03T08:24:03Z] #936 attempt=1/2 status=200 0.335s url=https://www.myfonts.com/products/renito-regular-renito-1141752
[2026-05-03T08:24:03Z] #937 attempt=1/2 status=200 0.681s url=https://www.myfonts.com/collections/renito-font-taznix-creative/
[2026-05-03T08:24:05Z] #938 attempt=1/2 status=200 1.448s url=https://www.myfonts.com/products/extra-light-expanded-l-t-bleshil-1140341
[2026-05-03T08:24:09Z] #939 attempt=1/2 status=500 3.089s url=https://www.myfonts.com/collections/bleshil-font-rotterlab-studio/
[2026-05-03T08:24:09Z] #940 attempt=1/2 status=404 0.193s url=https://www.myfonts.com/collections/extra-light-expanded-l-t-bleshil-1140341-font-rotterlab-studio
[2026-05-03T08:24:10Z] #941 attempt=1/2 status=200 0.789s url=https://www.myfonts.com/products/eroded-outline-ot-strada-1142136
[2026-05-03T08:24:11Z] #942 attempt=1/2 status=200 1.062s url=https://www.myfonts.com/collections/ot-strada-font-ottertype/
[2026-05-03T08:24:12Z] #943 attempt=1/2 status=200 0.543s url=https://www.myfonts.com/products/outline-italic-snova-nova-1142502
[2026-05-03T08:24:13Z] #944 attempt=1/2 status=200 0.725s url=https://www.myfonts.com/collections/snova-nova-font-ottertype/
[2026-05-03T08:24:14Z] #945 attempt=1/2 status=200 0.383s url=https://www.myfonts.com/products/regular-boleuga-1141745
[2026-05-03T08:24:15Z] #946 attempt=1/2 status=200 0.528s url=https://www.myfonts.com/collections/boleuga-font-razetype/
[2026-05-03T08:24:15Z] #947 attempt=1/2 status=200 0.384s url=https://www.myfonts.com/products/semi-bold-gc-blanca-1141402
[2026-05-03T08:24:16Z] #948 attempt=1/2 status=200 0.652s url=https://www.myfonts.com/collections/gc-blanca-font-onyx-studio/
[2026-05-03T08:24:17Z] #949 attempt=1/2 status=200 0.447s url=https://www.myfonts.com/products/regular-doggy-smile-demo-1142117
[2026-05-03T08:24:18Z] #950 attempt=1/2 status=200 0.327s url=https://www.myfonts.com/collections/doggy-smile-demo-font-yoga-letter/
[2026-05-03T08:24:18Z] #951 attempt=1/2 status=200 0.437s url=https://www.myfonts.com/products/extra-bold-haugen-sans-1142311
[2026-05-03T08:24:19Z] #952 attempt=1/2 status=200 0.804s url=https://www.myfonts.com/collections/haugen-sans-font-ghozai-studio/
[2026-05-03T08:24:20Z] #953 attempt=1/2 status=200 0.404s url=https://www.myfonts.com/products/italic-texture-carpenter-1141739
[2026-05-03T08:24:21Z] #954 attempt=1/2 status=200 0.705s url=https://www.myfonts.com/collections/carpenter-font-vozzy/
[2026-05-03T08:24:22Z] #955 attempt=1/2 status=200 0.402s url=https://www.myfonts.com/products/medium-gc-dooze-1139336
[2026-05-03T08:24:23Z] #956 attempt=1/2 status=200 0.762s url=https://www.myfonts.com/collections/gc-dooze-font-onyx-studio/
[2026-05-03T08:24:23Z] #957 attempt=1/2 status=200 0.439s url=https://www.myfonts.com/products/regular-almantra-signature-1141713
[2026-05-03T08:24:24Z] #958 attempt=1/2 status=200 0.258s url=https://www.myfonts.com/collections/almantra-signature-font-tebaltipis-studio/
[2026-05-03T08:24:25Z] #959 attempt=1/2 status=200 0.323s url=https://www.myfonts.com/products/rangled-regular-rangled-1142501
[2026-05-03T08:24:25Z] #960 attempt=1/2 status=200 0.305s url=https://www.myfonts.com/collections/rangled-font-moontiontype/
[2026-05-03T08:24:26Z] #961 attempt=1/2 status=200 0.401s url=https://www.myfonts.com/products/black-deco-notes-1141751
[2026-05-03T08:24:27Z] #962 attempt=1/2 status=200 0.498s url=https://www.myfonts.com/collections/deco-notes-font-heypentype/
[2026-05-03T08:24:27Z] #963 attempt=1/2 status=200 0.433s url=https://www.myfonts.com/products/regular-hanseply-brush-1141711
[2026-05-03T08:24:28Z] #964 attempt=1/2 status=200 0.354s url=https://www.myfonts.com/collections/hanseply-brush-font-tebaltipis-studio/
[2026-05-03T08:24:29Z] #965 attempt=1/2 status=200 0.627s url=https://www.myfonts.com/products/outline-italic-amazing-pearl-1142459
[2026-05-03T08:24:30Z] #966 attempt=1/2 status=200 1.415s url=https://www.myfonts.com/collections/amazing-pearl-font-ottertype/
[2026-05-03T08:24:31Z] #967 attempt=1/2 status=200 0.562s url=https://www.myfonts.com/products/outline-hambo-1141208
[2026-05-03T08:24:32Z] #968 attempt=1/2 status=200 0.453s url=https://www.myfonts.com/collections/hambo-font-kaidosan/
[2026-05-03T08:24:33Z] #969 attempt=1/2 status=200 0.465s url=https://www.myfonts.com/products/medium-beround-1142522
[2026-05-03T08:24:34Z] #970 attempt=1/2 status=200 0.783s url=https://www.myfonts.com/collections/beround-font-nicolass-fonts/
[2026-05-03T08:24:35Z] #971 attempt=1/6 status=200 0.635s url=https://www.myfonts.com/products.json?limit=100&page=22
[2026-05-03T08:24:36Z] #972 attempt=1/2 status=200 1.097s url=https://www.myfonts.com/products/bold-semi-expanded-oblique-thalore-1142402
[2026-05-03T08:24:38Z] #973 attempt=1/2 status=200 1.379s url=https://www.myfonts.com/collections/thalore-font-slex-studio/
[2026-05-03T08:24:39Z] #974 attempt=1/2 status=200 0.624s url=https://www.myfonts.com/products/extra-bold-bunke-1141602
[2026-05-03T08:24:41Z] #975 attempt=1/2 status=200 1.244s url=https://www.myfonts.com/collections/bunke-font-nexaline-type/
[2026-05-03T08:24:42Z] #976 attempt=1/2 status=200 0.434s url=https://www.myfonts.com/products/bold-draco-1141614
[2026-05-03T08:24:42Z] #977 attempt=1/2 status=200 0.620s url=https://www.myfonts.com/collections/draco-font-cocijotype/
[2026-05-03T08:24:43Z] #978 attempt=1/2 status=200 0.375s url=https://www.myfonts.com/products/regular-kitty-meow-1142323
[2026-05-03T08:24:44Z] #979 attempt=1/2 status=200 0.301s url=https://www.myfonts.com/collections/kitty-meow-font-yoga-letter/
[2026-05-03T08:24:44Z] #980 attempt=1/2 status=200 0.331s url=https://www.myfonts.com/products/italic-silkigfined-1141550
[2026-05-03T08:24:45Z] #981 attempt=1/2 status=200 0.566s url=https://www.myfonts.com/collections/silkigfined-font-timelesstype-studio/
[2026-05-03T08:24:46Z] #982 attempt=1/2 status=200 0.400s url=https://www.myfonts.com/products/texture-disintegrator-1141741
[2026-05-03T08:24:46Z] #983 attempt=1/2 status=200 0.439s url=https://www.myfonts.com/collections/disintegrator-font-vozzy/
[2026-05-03T08:24:47Z] #984 attempt=1/2 status=200 0.424s url=https://www.myfonts.com/products/thin-astravictus-1141355
[2026-05-03T08:24:48Z] #985 attempt=1/2 status=200 0.583s url=https://www.myfonts.com/collections/astravictus-font-ghozai-studio/
[2026-05-03T08:24:49Z] #986 attempt=1/2 status=200 0.401s url=https://www.myfonts.com/products/italic-vekota-realies-1141367
[2026-05-03T08:24:49Z] #987 attempt=1/2 status=200 0.445s url=https://www.myfonts.com/collections/vekota-realies-font-nexaline-type/
[2026-05-03T08:24:51Z] #988 attempt=1/6 status=200 0.708s url=https://www.myfonts.com/products.json?limit=100&page=23
[2026-05-03T08:24:51Z] #989 attempt=1/2 status=200 0.423s url=https://www.myfonts.com/products/two-texture-battle-royale-1141730
[2026-05-03T08:24:52Z] #990 attempt=1/2 status=200 0.525s url=https://www.myfonts.com/collections/battle-royale-font-vozzy/
[2026-05-03T08:24:53Z] #991 attempt=1/2 status=200 0.432s url=https://www.myfonts.com/products/regular-montora-1141585
[2026-05-03T08:24:53Z] #992 attempt=1/2 status=200 0.484s url=https://www.myfonts.com/collections/montora-font-artiveko/
[2026-05-03T08:24:54Z] #993 attempt=1/2 status=200 0.346s url=https://www.myfonts.com/products/outline-bitsand-1141583
[2026-05-03T08:24:55Z] #994 attempt=1/2 status=200 0.574s url=https://www.myfonts.com/collections/bitsand-font-jafar07/
[2026-05-03T08:24:56Z] #995 attempt=1/2 status=200 0.391s url=https://www.myfonts.com/products/medium-xtriox-1141721
[2026-05-03T08:24:56Z] #996 attempt=1/2 status=200 0.555s url=https://www.myfonts.com/collections/xtriox-font-outerend/
[2026-05-03T08:24:57Z] #997 attempt=1/2 status=200 0.466s url=https://www.myfonts.com/products/medium-tbj-ultra-centric-1141570
[2026-05-03T08:24:58Z] #998 attempt=1/2 status=200 0.601s url=https://www.myfonts.com/collections/tbj-ultra-centric-font-taboja-studio/
[2026-05-03T08:24:59Z] #999 attempt=1/2 status=200 0.611s url=https://www.myfonts.com/products/black-popper-sparkle-1141626
[2026-05-03T08:25:00Z] #1000 attempt=1/2 status=200 0.567s url=https://www.myfonts.com/collections/popper-sparkle-font-rashdrawn/
[2026-05-03T08:25:01Z] #1001 attempt=1/2 status=200 0.551s url=https://www.myfonts.com/products/90-s-italic-regular-tuesday-display-classic-italic-1141710
[2026-05-03T08:25:01Z] #1002 attempt=1/2 status=200 0.362s url=https://www.myfonts.com/collections/tuesday-display-classic-italic-font-eryn-rose-design/
[2026-05-03T08:25:02Z] #1003 attempt=1/2 status=200 0.335s url=https://www.myfonts.com/products/regular-bragona-1141579
[2026-05-03T08:25:02Z] #1004 attempt=1/2 status=200 0.359s url=https://www.myfonts.com/collections/bragona-font-sensatype-studio/
[2026-05-03T08:25:04Z] #1005 attempt=1/6 status=200 0.661s url=https://www.myfonts.com/products.json?limit=100&page=24
[2026-05-03T08:25:04Z] #1006 attempt=1/2 status=200 0.344s url=https://www.myfonts.com/products/regular-bigger-chuby-1141580
[2026-05-03T08:25:05Z] #1007 attempt=1/2 status=200 0.377s url=https://www.myfonts.com/collections/bigger-chuby-font-sensatype-studio/
[2026-05-03T08:25:05Z] #1008 attempt=1/2 status=200 0.419s url=https://www.myfonts.com/products/cafelia-doppio-ouline2-oblique-cafelia-doppio-font-duo-1141565
[2026-05-03T08:25:06Z] #1009 attempt=1/2 status=200 0.670s url=https://www.myfonts.com/collections/cafelia-doppio-font-duo-font-tanon-design/
[2026-05-03T08:25:07Z] #1010 attempt=1/2 status=200 0.380s url=https://www.myfonts.com/products/bold-oblique-sketch-tags-1142516
[2026-05-03T08:25:08Z] #1011 attempt=1/2 status=200 0.553s url=https://www.myfonts.com/collections/sketch-tags-font-ghozai-studio/
[2026-05-03T08:25:09Z] #1012 attempt=1/2 status=200 0.444s url=https://www.myfonts.com/products/rough-funzo-1142468
[2026-05-03T08:25:09Z] #1013 attempt=1/2 status=200 0.472s url=https://www.myfonts.com/collections/funzo-font-sekyra-lab/
[2026-05-03T08:25:11Z] #1014 attempt=1/6 status=200 0.842s url=https://www.myfonts.com/products.json?limit=100&page=25
[2026-05-03T08:25:11Z] #1015 attempt=1/2 status=200 0.417s url=https://www.myfonts.com/products/regular-cherish-moment-1142116
[2026-05-03T08:25:12Z] #1016 attempt=1/2 status=200 0.316s url=https://www.myfonts.com/collections/cherish-moment-font-orenari/
[2026-05-03T08:25:13Z] #1017 attempt=1/2 status=200 0.485s url=https://www.myfonts.com/products/regular-reglia-1142328
[2026-05-03T08:25:13Z] #1018 attempt=1/2 status=200 0.435s url=https://www.myfonts.com/collections/reglia-font-suhadidesign/
[2026-05-03T08:25:14Z] #1019 attempt=1/2 status=200 0.400s url=https://www.myfonts.com/products/heavy-italic-new-deco-1141707
[2026-05-03T08:25:15Z] #1020 attempt=1/2 status=200 0.982s url=https://www.myfonts.com/collections/new-deco-font-k-type/
[2026-05-03T08:25:16Z] #1021 attempt=1/2 status=200 0.353s url=https://www.myfonts.com/products/ride-the-wave-ride-the-wave-1141700
[2026-05-03T08:25:16Z] #1022 attempt=1/2 status=200 0.372s url=https://www.myfonts.com/collections/ride-the-wave-font-eryn-rose-design/
[2026-05-03T08:25:17Z] #1023 attempt=1/2 status=200 0.654s url=https://www.myfonts.com/products/italic-kloe-1142332
[2026-05-03T08:25:18Z] #1024 attempt=1/2 status=200 0.757s url=https://www.myfonts.com/collections/kloe-font-artiveko/
[2026-05-03T08:25:19Z] #1025 attempt=1/2 status=200 0.419s url=https://www.myfonts.com/products/regular-summer-brown-1142325
[2026-05-03T08:25:20Z] #1026 attempt=1/2 status=200 0.393s url=https://www.myfonts.com/collections/summer-brown-font-yoga-letter/
[2026-05-03T08:25:20Z] #1027 attempt=1/2 status=200 0.367s url=https://www.myfonts.com/products/regular-boldybear-1142329
[2026-05-03T08:25:21Z] #1028 attempt=1/2 status=200 0.371s url=https://www.myfonts.com/collections/boldybear-font-sesa-grafika/
[2026-05-03T08:25:21Z] summary releases=8 first_429=None log_file=state/myfonts_run_20260503_081006.log
[2026-05-03T08:25:21Z] saved_success_profile path=state/myfonts_success_profile.json
[2026-05-03T08:25:21Z] === MyFonts crawl end ===
