[2026-09-20T11:08:22Z] checkpoint fresh next_page=1 path=state/myfonts_crawl_checkpoint.json
[2026-09-20T11:08:22Z] === MyFonts crawl start source=myfonts ===
[2026-09-20T11:08:22Z] config max_pages=25 page_size=100 start_date=2026-09-19 end_date=2026-09-20 api_delay=0.5s detail_delay=0.2s max_debut_checks=400 max_tech_specs_checks=200 reuse_success_profile=False always_enrich_packages=True language_script_signal_mode=strong force_fresh_run=False start_page=1 browser_mode=False browser_headless=True browser_storage_state_path=state/myfonts_storage_state.json
[2026-09-20T11:08:24Z] #1 attempt=1/6 status=200 1.176s url=https://www.myfonts.com/products.json?limit=100&page=1
[2026-09-20T11:08:25Z] #2 attempt=1/2 status=200 0.973s url=https://www.myfonts.com/products/text-heavy-grange-269054
[2026-09-20T11:08:26Z] #3 attempt=1/2 status=200 0.897s url=https://www.myfonts.com/collections/grange-font-device/
[2026-09-20T11:08:27Z] #4 attempt=1/2 status=200 1.130s url=https://www.myfonts.com/collections/grange-font-device/?tab=techSpecs
[2026-09-20T11:08:30Z] #5 attempt=1/2 status=200 1.419s url=https://www.myfonts.com/products/azelith-complete-family-package-1226637
[2026-09-20T11:08:32Z] #6 attempt=1/2 status=200 1.977s url=https://www.myfonts.com/collections/azelith-font-nia-typework/
[2026-09-20T11:08:35Z] #7 attempt=1/2 status=200 2.188s url=https://www.myfonts.com/collections/azelith-font-nia-typework/?tab=techSpecs
[2026-09-20T11:08:37Z] #8 attempt=1/2 status=200 0.380s url=https://www.myfonts.com/products/dgsa-package-1226835
[2026-09-20T11:08:37Z] #9 attempt=1/2 status=404 0.307s url=https://www.myfonts.com/collections/dgsa-font-dgsa-type-foundry
[2026-09-20T11:08:38Z] #10 attempt=1/2 status=200 0.312s url=https://www.myfonts.com/products/register-complete-family-package-1226610
[2026-09-20T11:08:38Z] #11 attempt=1/2 status=404 0.356s url=https://www.myfonts.com/collections/register-font-blaze-type
[2026-09-20T11:08:39Z] #12 attempt=1/2 status=200 0.523s url=https://www.myfonts.com/products/the-sisters-bundle-package-1070166
[2026-09-20T11:08:39Z] #13 attempt=1/2 status=404 0.325s url=https://www.myfonts.com/collections/the-sisters-bundle-font-context
[2026-09-20T11:08:41Z] #14 attempt=1/2 status=200 0.364s url=https://www.myfonts.com/products/limit-frwy-variable-concept-complete-family-package-1226831
[2026-09-20T11:08:42Z] #15 attempt=1/2 status=200 0.392s url=https://www.myfonts.com/collections/limit-frwy-variable-concept-font-bold-guys/
[2026-09-20T11:08:43Z] #16 attempt=1/2 status=200 0.370s url=https://www.myfonts.com/collections/limit-frwy-variable-concept-font-bold-guys/?tab=techSpecs
[2026-09-20T11:08:45Z] #17 attempt=1/2 status=200 1.222s url=https://www.myfonts.com/products/limit-frwy-complete-family-package-1226797
[2026-09-20T11:08:47Z] #18 attempt=1/2 status=200 1.696s url=https://www.myfonts.com/collections/limit-frwy-font-bold-guys/
[2026-09-20T11:08:48Z] #19 attempt=1/2 status=200 1.308s url=https://www.myfonts.com/collections/limit-frwy-font-bold-guys/?tab=techSpecs
[2026-09-20T11:08:50Z] #20 attempt=1/2 status=200 0.438s url=https://www.myfonts.com/products/qubix-complete-family-package-1226790
[2026-09-20T11:08:50Z] #21 attempt=1/2 status=200 0.439s url=https://www.myfonts.com/collections/qubix-font-xdcreative/
[2026-09-20T11:08:51Z] #22 attempt=1/2 status=200 0.480s url=https://www.myfonts.com/collections/qubix-font-xdcreative/?tab=techSpecs
[2026-09-20T11:08:52Z] #23 attempt=1/2 status=200 0.457s url=https://www.myfonts.com/products/regular-dreamboat-532649
[2026-09-20T11:08:53Z] #24 attempt=1/2 status=200 0.440s url=https://www.myfonts.com/collections/dreamboat-font-mark-simonson/
[2026-09-20T11:08:54Z] #25 attempt=1/2 status=200 0.487s url=https://www.myfonts.com/collections/dreamboat-font-mark-simonson/?tab=techSpecs
[2026-09-20T11:08:55Z] #26 attempt=1/2 status=200 0.676s url=https://www.myfonts.com/products/condensed-letterpress-cocogoose-narrows-567440
[2026-09-20T11:08:56Z] #27 attempt=1/2 status=200 0.639s url=https://www.myfonts.com/collections/cocogoose-narrows-font-zetafonts/
[2026-09-20T11:08:57Z] #28 attempt=1/2 status=200 0.710s url=https://www.myfonts.com/collections/cocogoose-narrows-font-zetafonts/?tab=techSpecs
[2026-09-20T11:08:59Z] #29 attempt=1/2 status=200 0.684s url=https://www.myfonts.com/collections/cocogoose-narrows-font-zetafonts/
[2026-09-20T11:09:00Z] #30 attempt=1/2 status=200 0.660s url=https://www.myfonts.com/products/extralight-italic-tt-quaris-1089118
[2026-09-20T11:09:01Z] #31 attempt=1/2 status=200 0.837s url=https://www.myfonts.com/collections/tt-quaris-font-typetype/
[2026-09-20T11:09:02Z] #32 attempt=1/2 status=200 0.892s url=https://www.myfonts.com/collections/tt-quaris-font-typetype/?tab=techSpecs
[2026-09-20T11:09:03Z] #33 attempt=1/2 status=200 0.379s url=https://www.myfonts.com/products/light-quad-560984
[2026-09-20T11:09:04Z] #34 attempt=1/2 status=200 0.366s url=https://www.myfonts.com/collections/quad-font-fontfabric/
[2026-09-20T11:09:04Z] #35 attempt=1/2 status=200 0.389s url=https://www.myfonts.com/collections/quad-font-fontfabric/?tab=techSpecs
[2026-09-20T11:09:06Z] #36 attempt=1/2 status=200 0.433s url=https://www.myfonts.com/collections/quad-font-fontfabric/
[2026-09-20T11:09:07Z] #37 attempt=1/2 status=200 0.717s url=https://www.myfonts.com/products/wide-thin-heading-pro-extended-567611
[2026-09-20T11:09:08Z] #38 attempt=1/2 status=200 0.763s url=https://www.myfonts.com/collections/heading-pro-extended-font-zetafonts/
[2026-09-20T11:09:08Z] #39 attempt=1/2 status=200 0.535s url=https://www.myfonts.com/collections/heading-pro-extended-font-zetafonts/?tab=techSpecs
[2026-09-20T11:09:10Z] #40 attempt=1/2 status=200 0.267s url=https://www.myfonts.com/collections/heading-pro-extended-font-zetafonts/
[2026-09-20T11:09:11Z] #41 attempt=1/2 status=200 0.777s url=https://www.myfonts.com/products/heavy-italic-codec-567559
[2026-09-20T11:09:12Z] #42 attempt=1/2 status=200 0.944s url=https://www.myfonts.com/collections/codec-font-zetafonts/
[2026-09-20T11:09:13Z] #43 attempt=1/2 status=200 0.882s url=https://www.myfonts.com/collections/codec-font-zetafonts/?tab=techSpecs
[2026-09-20T11:09:15Z] #44 attempt=1/2 status=200 0.874s url=https://www.myfonts.com/collections/codec-font-zetafonts/
[2026-09-20T11:09:15Z] #45 attempt=1/2 status=200 0.326s url=https://www.myfonts.com/products/italic-northumbria-563488
[2026-09-20T11:09:16Z] #46 attempt=1/2 status=200 0.330s url=https://www.myfonts.com/collections/northumbria-font-hanoded/
[2026-09-20T11:09:17Z] #47 attempt=1/2 status=200 0.387s url=https://www.myfonts.com/collections/northumbria-font-hanoded/?tab=techSpecs
[2026-09-20T11:09:18Z] #48 attempt=1/2 status=200 0.365s url=https://www.myfonts.com/collections/northumbria-font-hanoded/
[2026-09-20T11:09:18Z] #49 attempt=1/2 status=200 0.436s url=https://www.myfonts.com/products/medium-shapiro-oh-yes-bv-776275
[2026-09-20T11:09:19Z] #50 attempt=1/2 status=200 0.451s url=https://www.myfonts.com/collections/shapiro-oh-yes-bv-font-custom/
[2026-09-20T11:09:20Z] #51 attempt=1/2 status=200 0.437s url=https://www.myfonts.com/collections/shapiro-oh-yes-bv-font-custom/?tab=techSpecs
[2026-09-20T11:09:21Z] #52 attempt=1/2 status=200 0.421s url=https://www.myfonts.com/collections/shapiro-oh-yes-bv-font-custom/
[2026-09-20T11:09:22Z] #53 attempt=1/2 status=404 0.307s url=https://www.myfonts.com/collections/medium-shapiro-oh-yes-bv-776275-font-custom
[2026-09-20T11:09:22Z] #54 attempt=1/2 status=200 0.525s url=https://www.myfonts.com/products/display-medium-blacker-567252
[2026-09-20T11:09:23Z] #55 attempt=1/2 status=200 0.584s url=https://www.myfonts.com/collections/blacker-font-zetafonts/
[2026-09-20T11:09:24Z] #56 attempt=1/2 status=200 0.628s url=https://www.myfonts.com/collections/blacker-font-zetafonts/?tab=techSpecs
[2026-09-20T11:09:25Z] #57 attempt=1/2 status=200 0.646s url=https://www.myfonts.com/collections/blacker-font-zetafonts/
[2026-09-20T11:09:26Z] #58 attempt=1/2 status=200 0.335s url=https://www.myfonts.com/products/regular-whynot-564345
[2026-09-20T11:09:27Z] #59 attempt=1/2 status=200 0.345s url=https://www.myfonts.com/collections/whynot-font-hanoded/
[2026-09-20T11:09:27Z] #60 attempt=1/2 status=200 0.347s url=https://www.myfonts.com/collections/whynot-font-hanoded/?tab=techSpecs
[2026-09-20T11:09:28Z] #61 attempt=1/2 status=200 0.330s url=https://www.myfonts.com/collections/whynot-font-hanoded/
[2026-09-20T11:09:29Z] #62 attempt=1/2 status=200 0.374s url=https://www.myfonts.com/products/regular-nexa-custom-776117
[2026-09-20T11:09:30Z] #63 attempt=1/2 status=200 0.350s url=https://www.myfonts.com/collections/nexa-custom-font-custom/
[2026-09-20T11:09:30Z] #64 attempt=1/2 status=200 0.341s url=https://www.myfonts.com/collections/nexa-custom-font-custom/?tab=techSpecs
[2026-09-20T11:09:31Z] #65 attempt=1/2 status=200 0.222s url=https://www.myfonts.com/collections/nexa-custom-font-custom/
[2026-09-20T11:09:31Z] #66 attempt=1/2 status=404 0.238s url=https://www.myfonts.com/collections/regular-nexa-custom-776117-font-custom
[2026-09-20T11:09:33Z] #67 attempt=1/2 status=200 0.377s url=https://www.myfonts.com/products/regular-roy-lichtenstein-560062
[2026-09-20T11:09:33Z] #68 attempt=1/2 status=200 0.369s url=https://www.myfonts.com/collections/roy-lichtenstein-font-k-type/
[2026-09-20T11:09:34Z] #69 attempt=1/2 status=200 0.339s url=https://www.myfonts.com/collections/roy-lichtenstein-font-k-type/?tab=techSpecs
[2026-09-20T11:09:35Z] #70 attempt=1/2 status=200 0.255s url=https://www.myfonts.com/collections/roy-lichtenstein-font-k-type/
[2026-09-20T11:09:35Z] #71 attempt=1/2 status=200 0.346s url=https://www.myfonts.com/products/black-facet-553005
[2026-09-20T11:09:36Z] #72 attempt=1/2 status=200 0.415s url=https://www.myfonts.com/collections/facet-font-fontfabric/
[2026-09-20T11:09:37Z] #73 attempt=1/2 status=200 0.367s url=https://www.myfonts.com/collections/facet-font-fontfabric/?tab=techSpecs
[2026-09-20T11:09:38Z] #74 attempt=1/2 status=200 0.384s url=https://www.myfonts.com/collections/facet-font-fontfabric/
[2026-09-20T11:09:38Z] #75 attempt=1/2 status=200 0.357s url=https://www.myfonts.com/products/expanded-bold-tt-supermolot-neue-for-espn-776446
[2026-09-20T11:09:39Z] #76 attempt=1/2 status=200 0.402s url=https://www.myfonts.com/collections/tt-supermolot-neue-for-espn-font-custom/
[2026-09-20T11:09:40Z] #77 attempt=1/2 status=200 0.339s url=https://www.myfonts.com/collections/tt-supermolot-neue-for-espn-font-custom/?tab=techSpecs
[2026-09-20T11:09:41Z] #78 attempt=1/2 status=200 0.349s url=https://www.myfonts.com/collections/tt-supermolot-neue-for-espn-font-custom/
[2026-09-20T11:09:41Z] #79 attempt=1/2 status=404 0.314s url=https://www.myfonts.com/collections/expanded-bold-tt-supermolot-neue-for-espn-776446-font-custom
[2026-09-20T11:09:42Z] #80 attempt=1/2 status=200 0.327s url=https://www.myfonts.com/products/bold-file-560982
[2026-09-20T11:09:42Z] #81 attempt=1/2 status=200 0.334s url=https://www.myfonts.com/collections/file-font-fontfabric/
[2026-09-20T11:09:43Z] #82 attempt=1/2 status=200 0.352s url=https://www.myfonts.com/collections/file-font-fontfabric/?tab=techSpecs
[2026-09-20T11:09:44Z] #83 attempt=1/2 status=200 0.292s url=https://www.myfonts.com/collections/file-font-fontfabric/
[2026-09-20T11:09:45Z] #84 attempt=1/6 status=200 0.900s url=https://www.myfonts.com/products.json?limit=100&page=2
[2026-09-20T11:09:46Z] #85 attempt=1/2 status=200 0.340s url=https://www.myfonts.com/products/regular-crayonista-579817
[2026-09-20T11:09:46Z] #86 attempt=1/2 status=200 0.346s url=https://www.myfonts.com/collections/crayonista-font-hanoded/
[2026-09-20T11:09:47Z] #87 attempt=1/2 status=200 0.348s url=https://www.myfonts.com/collections/crayonista-font-hanoded/?tab=techSpecs
[2026-09-20T11:09:48Z] #88 attempt=1/2 status=200 0.350s url=https://www.myfonts.com/collections/crayonista-font-hanoded/
[2026-09-20T11:09:49Z] #89 attempt=1/2 status=200 0.782s url=https://www.myfonts.com/products/extra-light-condessia-1089125
[2026-09-20T11:09:51Z] #90 attempt=1/2 status=200 1.260s url=https://www.myfonts.com/collections/condessia-font-stefan-stoychev/
[2026-09-20T11:09:52Z] #91 attempt=1/2 status=200 0.872s url=https://www.myfonts.com/collections/condessia-font-stefan-stoychev/?tab=techSpecs
[2026-09-20T11:09:53Z] #92 attempt=1/2 status=200 0.308s url=https://www.myfonts.com/products/300-museo-slab-pour-u-500492
[2026-09-20T11:09:54Z] #93 attempt=1/2 status=200 0.359s url=https://www.myfonts.com/collections/museo-slab-pour-u-font-exljbris/
[2026-09-20T11:09:55Z] #94 attempt=1/2 status=200 0.367s url=https://www.myfonts.com/collections/museo-slab-pour-u-font-exljbris/?tab=techSpecs
[2026-09-20T11:09:56Z] #95 attempt=1/2 status=200 0.344s url=https://www.myfonts.com/collections/museo-slab-pour-u-font-exljbris/
[2026-09-20T11:09:57Z] #96 attempt=1/6 status=200 1.088s url=https://www.myfonts.com/products.json?limit=100&page=3
[2026-09-20T11:09:58Z] #97 attempt=1/2 status=200 0.326s url=https://www.myfonts.com/products/bold-val-560986
[2026-09-20T11:09:58Z] #98 attempt=1/2 status=200 0.380s url=https://www.myfonts.com/collections/val-font-fontfabric/
[2026-09-20T11:09:59Z] #99 attempt=1/2 status=200 0.344s url=https://www.myfonts.com/collections/val-font-fontfabric/?tab=techSpecs
[2026-09-20T11:10:00Z] #100 attempt=1/2 status=200 0.404s url=https://www.myfonts.com/collections/val-font-fontfabric/
[2026-09-20T11:10:01Z] #101 attempt=1/2 status=200 0.466s url=https://www.myfonts.com/products/black-dreamboat-532653
[2026-09-20T11:10:01Z] #102 attempt=1/2 status=200 0.437s url=https://www.myfonts.com/collections/dreamboat-font-mark-simonson/
[2026-09-20T11:10:02Z] #103 attempt=1/2 status=200 0.465s url=https://www.myfonts.com/collections/dreamboat-font-mark-simonson/?tab=techSpecs
[2026-09-20T11:10:03Z] #104 attempt=1/2 status=200 0.414s url=https://www.myfonts.com/products/extrabold-dreamboat-532652
[2026-09-20T11:10:04Z] #105 attempt=1/2 status=200 0.390s url=https://www.myfonts.com/collections/dreamboat-font-mark-simonson/
[2026-09-20T11:10:04Z] #106 attempt=1/2 status=200 0.243s url=https://www.myfonts.com/collections/dreamboat-font-mark-simonson/?tab=techSpecs
[2026-09-20T11:10:05Z] #107 attempt=1/2 status=200 0.439s url=https://www.myfonts.com/products/thin-stolzl-duplicate-620561
[2026-09-20T11:10:06Z] #108 attempt=1/2 status=200 0.450s url=https://www.myfonts.com/collections/stolzl-duplicate-font-inhouse-type/
[2026-09-20T11:10:07Z] #109 attempt=1/2 status=200 0.453s url=https://www.myfonts.com/collections/stolzl-duplicate-font-inhouse-type/?tab=techSpecs
[2026-09-20T11:10:08Z] #110 attempt=1/2 status=200 0.361s url=https://www.myfonts.com/products/light-dreamboat-532648
[2026-09-20T11:10:08Z] #111 attempt=1/2 status=200 0.242s url=https://www.myfonts.com/collections/dreamboat-font-mark-simonson/
[2026-09-20T11:10:09Z] #112 attempt=1/2 status=200 0.374s url=https://www.myfonts.com/collections/dreamboat-font-mark-simonson/?tab=techSpecs
[2026-09-20T11:10:10Z] #113 attempt=1/2 status=200 0.419s url=https://www.myfonts.com/products/black-aesthet-nova-duplicate-616846
[2026-09-20T11:10:11Z] #114 attempt=1/2 status=200 0.487s url=https://www.myfonts.com/collections/aesthet-nova-duplicate-font-inhouse-type/
[2026-09-20T11:10:12Z] #115 attempt=1/2 status=200 0.393s url=https://www.myfonts.com/collections/aesthet-nova-duplicate-font-inhouse-type/?tab=techSpecs
[2026-09-20T11:10:13Z] #116 attempt=1/2 status=200 0.585s url=https://www.myfonts.com/products/semibold-dreamboat-532650
[2026-09-20T11:10:14Z] #117 attempt=1/2 status=200 0.414s url=https://www.myfonts.com/collections/dreamboat-font-mark-simonson/
[2026-09-20T11:10:14Z] #118 attempt=1/2 status=200 0.233s url=https://www.myfonts.com/collections/dreamboat-font-mark-simonson/?tab=techSpecs
[2026-09-20T11:10:15Z] #119 attempt=1/2 status=200 0.447s url=https://www.myfonts.com/products/narrow-tt-arlen-438121
[2026-09-20T11:10:16Z] #120 attempt=1/2 status=200 0.501s url=https://www.myfonts.com/collections/tt-arlen-font-typetype/
[2026-09-20T11:10:17Z] #121 attempt=1/2 status=200 0.403s url=https://www.myfonts.com/collections/tt-arlen-font-typetype/?tab=techSpecs
[2026-09-20T11:10:19Z] #122 attempt=1/2 status=200 1.554s url=https://www.myfonts.com/products/display-medium-italic-sequel-geo-457172
[2026-09-20T11:10:21Z] #123 attempt=1/2 status=200 1.844s url=https://www.myfonts.com/collections/sequel-geo-font-ogj-type-design/
[2026-09-20T11:10:23Z] #124 attempt=1/2 status=200 1.456s url=https://www.myfonts.com/collections/sequel-geo-font-ogj-type-design/?tab=techSpecs
[2026-09-20T11:10:25Z] #125 attempt=1/2 status=200 0.363s url=https://www.myfonts.com/products/bold-dreamboat-532651
[2026-09-20T11:10:25Z] #126 attempt=1/2 status=200 0.219s url=https://www.myfonts.com/collections/dreamboat-font-mark-simonson/
[2026-09-20T11:10:26Z] #127 attempt=1/2 status=200 0.414s url=https://www.myfonts.com/collections/dreamboat-font-mark-simonson/?tab=techSpecs
[2026-09-20T11:10:28Z] #128 attempt=1/6 status=200 1.215s url=https://www.myfonts.com/products.json?limit=100&page=4
[2026-09-20T11:10:29Z] #129 attempt=1/2 status=200 0.415s url=https://www.myfonts.com/products/expanded-tt-arlen-438124
[2026-09-20T11:10:29Z] #130 attempt=1/2 status=200 0.470s url=https://www.myfonts.com/collections/tt-arlen-font-typetype/
[2026-09-20T11:10:30Z] #131 attempt=1/2 status=200 0.489s url=https://www.myfonts.com/collections/tt-arlen-font-typetype/?tab=techSpecs
[2026-09-20T11:10:31Z] #132 attempt=1/2 status=200 0.445s url=https://www.myfonts.com/products/chunky-tt-arlen-438123
[2026-09-20T11:10:32Z] #133 attempt=1/2 status=200 0.300s url=https://www.myfonts.com/collections/tt-arlen-font-typetype/
[2026-09-20T11:10:33Z] #134 attempt=1/2 status=200 0.457s url=https://www.myfonts.com/collections/tt-arlen-font-typetype/?tab=techSpecs
[2026-09-20T11:10:34Z] #135 attempt=1/2 status=200 0.607s url=https://www.myfonts.com/products/variable-tt-arlen-438126
[2026-09-20T11:10:34Z] #136 attempt=1/2 status=200 0.351s url=https://www.myfonts.com/collections/tt-arlen-font-typetype/
[2026-09-20T11:10:35Z] #137 attempt=1/2 status=200 0.221s url=https://www.myfonts.com/collections/tt-arlen-font-typetype/?tab=techSpecs
[2026-09-20T11:10:36Z] #138 attempt=1/2 status=200 0.427s url=https://www.myfonts.com/products/extra-tt-arlen-438125
[2026-09-20T11:10:37Z] #139 attempt=1/2 status=200 0.410s url=https://www.myfonts.com/collections/tt-arlen-font-typetype/
[2026-09-20T11:10:37Z] #140 attempt=1/2 status=200 0.254s url=https://www.myfonts.com/collections/tt-arlen-font-typetype/?tab=techSpecs
[2026-09-20T11:10:38Z] #141 attempt=1/2 status=200 0.347s url=https://www.myfonts.com/products/standard-tt-arlen-438122
[2026-09-20T11:10:39Z] #142 attempt=1/2 status=200 0.482s url=https://www.myfonts.com/collections/tt-arlen-font-typetype/
[2026-09-20T11:10:40Z] #143 attempt=1/2 status=200 0.251s url=https://www.myfonts.com/collections/tt-arlen-font-typetype/?tab=techSpecs
[2026-09-20T11:10:41Z] #144 attempt=1/2 status=200 0.367s url=https://www.myfonts.com/products/mini-tt-arlen-438120
[2026-09-20T11:10:41Z] #145 attempt=1/2 status=200 0.261s url=https://www.myfonts.com/collections/tt-arlen-font-typetype/
[2026-09-20T11:10:42Z] #146 attempt=1/2 status=200 0.255s url=https://www.myfonts.com/collections/tt-arlen-font-typetype/?tab=techSpecs
[2026-09-20T11:10:43Z] #147 attempt=1/2 status=200 0.474s url=https://www.myfonts.com/products/bold-italic-freitag-479732
[2026-09-20T11:10:44Z] #148 attempt=1/2 status=200 0.576s url=https://www.myfonts.com/collections/freitag-font-zetafonts/
[2026-09-20T11:10:44Z] #149 attempt=1/2 status=200 0.511s url=https://www.myfonts.com/collections/freitag-font-zetafonts/?tab=techSpecs
[2026-09-20T11:10:47Z] #150 attempt=1/6 status=200 1.108s url=https://www.myfonts.com/products.json?limit=100&page=5
[2026-09-20T11:10:47Z] #151 attempt=1/2 status=200 0.458s url=https://www.myfonts.com/products/book-freitag-479727
[2026-09-20T11:10:48Z] #152 attempt=1/2 status=200 0.423s url=https://www.myfonts.com/collections/freitag-font-zetafonts/
[2026-09-20T11:10:49Z] #153 attempt=1/2 status=200 0.455s url=https://www.myfonts.com/collections/freitag-font-zetafonts/?tab=techSpecs
[2026-09-20T11:10:50Z] #154 attempt=1/2 status=200 0.539s url=https://www.myfonts.com/products/regular-proxima-sera-458940
[2026-09-20T11:10:51Z] #155 attempt=1/2 status=200 0.545s url=https://www.myfonts.com/collections/proxima-sera-font-mark-simonson/
[2026-09-20T11:10:52Z] #156 attempt=1/2 status=200 0.633s url=https://www.myfonts.com/collections/proxima-sera-font-mark-simonson/?tab=techSpecs
[2026-09-20T11:10:53Z] #157 attempt=1/2 status=200 0.534s url=https://www.myfonts.com/products/extrabold-proxima-sera-458948
[2026-09-20T11:10:54Z] #158 attempt=1/2 status=200 0.466s url=https://www.myfonts.com/collections/proxima-sera-font-mark-simonson/
[2026-09-20T11:10:55Z] #159 attempt=1/2 status=200 0.612s url=https://www.myfonts.com/collections/proxima-sera-font-mark-simonson/?tab=techSpecs
[2026-09-20T11:10:56Z] #160 attempt=1/2 status=200 0.542s url=https://www.myfonts.com/products/semibold-italic-proxima-sera-458945
[2026-09-20T11:10:56Z] #161 attempt=1/2 status=200 0.260s url=https://www.myfonts.com/collections/proxima-sera-font-mark-simonson/
[2026-09-20T11:10:57Z] #162 attempt=1/2 status=200 0.243s url=https://www.myfonts.com/collections/proxima-sera-font-mark-simonson/?tab=techSpecs
[2026-09-20T11:10:58Z] #163 attempt=1/2 status=200 0.448s url=https://www.myfonts.com/products/black-proxima-sera-458950
[2026-09-20T11:10:59Z] #164 attempt=1/2 status=200 0.400s url=https://www.myfonts.com/collections/proxima-sera-font-mark-simonson/
[2026-09-20T11:11:00Z] #165 attempt=1/2 status=200 0.448s url=https://www.myfonts.com/collections/proxima-sera-font-mark-simonson/?tab=techSpecs
[2026-09-20T11:11:01Z] #166 attempt=1/2 status=200 0.465s url=https://www.myfonts.com/products/black-italic-proxima-sera-458951
[2026-09-20T11:11:01Z] #167 attempt=1/2 status=200 0.245s url=https://www.myfonts.com/collections/proxima-sera-font-mark-simonson/
[2026-09-20T11:11:02Z] #168 attempt=1/2 status=200 0.598s url=https://www.myfonts.com/collections/proxima-sera-font-mark-simonson/?tab=techSpecs
[2026-09-20T11:11:03Z] #169 attempt=1/2 status=200 0.540s url=https://www.myfonts.com/products/medium-italic-proxima-sera-458943
[2026-09-20T11:11:04Z] #170 attempt=1/2 status=200 0.663s url=https://www.myfonts.com/collections/proxima-sera-font-mark-simonson/
[2026-09-20T11:11:05Z] #171 attempt=1/2 status=200 0.559s url=https://www.myfonts.com/collections/proxima-sera-font-mark-simonson/?tab=techSpecs
[2026-09-20T11:11:06Z] #172 attempt=1/2 status=200 0.535s url=https://www.myfonts.com/products/medium-proxima-sera-458942
[2026-09-20T11:11:07Z] #173 attempt=1/2 status=200 0.229s url=https://www.myfonts.com/collections/proxima-sera-font-mark-simonson/
[2026-09-20T11:11:07Z] #174 attempt=1/2 status=200 0.243s url=https://www.myfonts.com/collections/proxima-sera-font-mark-simonson/?tab=techSpecs
[2026-09-20T11:11:09Z] #175 attempt=1/2 status=200 0.423s url=https://www.myfonts.com/products/extralight-proxima-sera-458936
[2026-09-20T11:11:09Z] #176 attempt=1/2 status=200 0.236s url=https://www.myfonts.com/collections/proxima-sera-font-mark-simonson/
[2026-09-20T11:11:10Z] #177 attempt=1/2 status=200 0.239s url=https://www.myfonts.com/collections/proxima-sera-font-mark-simonson/?tab=techSpecs
[2026-09-20T11:11:11Z] #178 attempt=1/2 status=200 0.539s url=https://www.myfonts.com/products/heavy-italic-freitag-479734
[2026-09-20T11:11:12Z] #179 attempt=1/2 status=200 0.458s url=https://www.myfonts.com/collections/freitag-font-zetafonts/
[2026-09-20T11:11:12Z] #180 attempt=1/2 status=200 0.220s url=https://www.myfonts.com/collections/freitag-font-zetafonts/?tab=techSpecs
[2026-09-20T11:11:13Z] #181 attempt=1/2 status=200 0.390s url=https://www.myfonts.com/products/light-italic-freitag-479726
[2026-09-20T11:11:14Z] #182 attempt=1/2 status=200 0.426s url=https://www.myfonts.com/collections/freitag-font-zetafonts/
[2026-09-20T11:11:14Z] #183 attempt=1/2 status=200 0.245s url=https://www.myfonts.com/collections/freitag-font-zetafonts/?tab=techSpecs
[2026-09-20T11:11:16Z] #184 attempt=1/2 status=200 0.448s url=https://www.myfonts.com/products/extralight-italic-proxima-sera-458937
[2026-09-20T11:11:16Z] #185 attempt=1/2 status=200 0.239s url=https://www.myfonts.com/collections/proxima-sera-font-mark-simonson/
[2026-09-20T11:11:17Z] #186 attempt=1/2 status=200 0.616s url=https://www.myfonts.com/collections/proxima-sera-font-mark-simonson/?tab=techSpecs
[2026-09-20T11:11:18Z] #187 attempt=1/2 status=200 0.431s url=https://www.myfonts.com/products/thin-italic-proxima-sera-458935
[2026-09-20T11:11:19Z] #188 attempt=1/2 status=200 0.230s url=https://www.myfonts.com/collections/proxima-sera-font-mark-simonson/
[2026-09-20T11:11:19Z] #189 attempt=1/2 status=200 0.252s url=https://www.myfonts.com/collections/proxima-sera-font-mark-simonson/?tab=techSpecs
[2026-09-20T11:11:20Z] #190 attempt=1/2 status=200 0.369s url=https://www.myfonts.com/products/light-freitag-479725
[2026-09-20T11:11:21Z] #191 attempt=1/2 status=200 0.233s url=https://www.myfonts.com/collections/freitag-font-zetafonts/
[2026-09-20T11:11:22Z] #192 attempt=1/2 status=200 0.455s url=https://www.myfonts.com/collections/freitag-font-zetafonts/?tab=techSpecs
[2026-09-20T11:11:23Z] #193 attempt=1/2 status=200 0.406s url=https://www.myfonts.com/products/light-proxima-sera-458938
[2026-09-20T11:11:23Z] #194 attempt=1/2 status=200 0.251s url=https://www.myfonts.com/collections/proxima-sera-font-mark-simonson/
[2026-09-20T11:11:24Z] #195 attempt=1/2 status=200 0.230s url=https://www.myfonts.com/collections/proxima-sera-font-mark-simonson/?tab=techSpecs
[2026-09-20T11:11:25Z] #196 attempt=1/2 status=200 0.370s url=https://www.myfonts.com/products/variable-freitag-479735
[2026-09-20T11:11:25Z] #197 attempt=1/2 status=200 0.238s url=https://www.myfonts.com/collections/freitag-font-zetafonts/
[2026-09-20T11:11:26Z] #198 attempt=1/2 status=200 0.242s url=https://www.myfonts.com/collections/freitag-font-zetafonts/?tab=techSpecs
[2026-09-20T11:11:27Z] #199 attempt=1/2 status=200 0.453s url=https://www.myfonts.com/products/extrabold-italic-proxima-sera-458949
[2026-09-20T11:11:27Z] #200 attempt=1/2 status=200 0.247s url=https://www.myfonts.com/collections/proxima-sera-font-mark-simonson/
[2026-09-20T11:11:28Z] #201 attempt=1/2 status=200 0.249s url=https://www.myfonts.com/collections/proxima-sera-font-mark-simonson/?tab=techSpecs
[2026-09-20T11:11:29Z] #202 attempt=1/2 status=200 0.391s url=https://www.myfonts.com/products/book-italic-freitag-479728
[2026-09-20T11:11:30Z] #203 attempt=1/2 status=200 0.476s url=https://www.myfonts.com/collections/freitag-font-zetafonts/
[2026-09-20T11:11:31Z] #204 attempt=1/2 status=200 0.456s url=https://www.myfonts.com/collections/freitag-font-zetafonts/?tab=techSpecs
[2026-09-20T11:11:32Z] #205 attempt=1/2 status=200 0.622s url=https://www.myfonts.com/products/semibold-proxima-sera-458944
[2026-09-20T11:11:33Z] #206 attempt=1/2 status=200 0.551s url=https://www.myfonts.com/collections/proxima-sera-font-mark-simonson/
[2026-09-20T11:11:33Z] #207 attempt=1/2 status=200 0.250s url=https://www.myfonts.com/collections/proxima-sera-font-mark-simonson/?tab=techSpecs
[2026-09-20T11:11:34Z] #208 attempt=1/2 status=200 0.395s url=https://www.myfonts.com/products/medium-freitag-479729
[2026-09-20T11:11:35Z] #209 attempt=1/2 status=200 0.525s url=https://www.myfonts.com/collections/freitag-font-zetafonts/
[2026-09-20T11:11:36Z] #210 attempt=1/2 status=200 0.491s url=https://www.myfonts.com/collections/freitag-font-zetafonts/?tab=techSpecs
[2026-09-20T11:11:37Z] #211 attempt=1/2 status=200 0.369s url=https://www.myfonts.com/products/medium-italic-freitag-479730
[2026-09-20T11:11:38Z] #212 attempt=1/2 status=200 0.249s url=https://www.myfonts.com/collections/freitag-font-zetafonts/
[2026-09-20T11:11:38Z] #213 attempt=1/2 status=200 0.257s url=https://www.myfonts.com/collections/freitag-font-zetafonts/?tab=techSpecs
[2026-09-20T11:11:39Z] #214 attempt=1/2 status=200 0.487s url=https://www.myfonts.com/products/heavy-freitag-479733
[2026-09-20T11:11:40Z] #215 attempt=1/2 status=200 0.494s url=https://www.myfonts.com/collections/freitag-font-zetafonts/
[2026-09-20T11:11:41Z] #216 attempt=1/2 status=200 0.276s url=https://www.myfonts.com/collections/freitag-font-zetafonts/?tab=techSpecs
[2026-09-20T11:11:42Z] #217 attempt=1/2 status=200 0.508s url=https://www.myfonts.com/products/thin-proxima-sera-458934
[2026-09-20T11:11:42Z] #218 attempt=1/2 status=200 0.256s url=https://www.myfonts.com/collections/proxima-sera-font-mark-simonson/
[2026-09-20T11:11:43Z] #219 attempt=1/2 status=200 0.550s url=https://www.myfonts.com/collections/proxima-sera-font-mark-simonson/?tab=techSpecs
[2026-09-20T11:11:44Z] #220 attempt=1/2 status=200 0.382s url=https://www.myfonts.com/products/bold-freitag-479731
[2026-09-20T11:11:45Z] #221 attempt=1/2 status=200 0.249s url=https://www.myfonts.com/collections/freitag-font-zetafonts/
[2026-09-20T11:11:45Z] #222 attempt=1/2 status=200 0.247s url=https://www.myfonts.com/collections/freitag-font-zetafonts/?tab=techSpecs
[2026-09-20T11:11:47Z] #223 attempt=1/2 status=200 0.386s url=https://www.myfonts.com/products/variable-italic-freitag-479736
[2026-09-20T11:11:47Z] #224 attempt=1/2 status=200 0.252s url=https://www.myfonts.com/collections/freitag-font-zetafonts/
[2026-09-20T11:11:48Z] #225 attempt=1/2 status=200 0.253s url=https://www.myfonts.com/collections/freitag-font-zetafonts/?tab=techSpecs
[2026-09-20T11:11:49Z] #226 attempt=1/2 status=200 0.475s url=https://www.myfonts.com/products/italic-proxima-sera-458941
[2026-09-20T11:11:50Z] #227 attempt=1/2 status=200 0.571s url=https://www.myfonts.com/collections/proxima-sera-font-mark-simonson/
[2026-09-20T11:11:50Z] #228 attempt=1/2 status=200 0.230s url=https://www.myfonts.com/collections/proxima-sera-font-mark-simonson/?tab=techSpecs
[2026-09-20T11:11:52Z] #229 attempt=1/2 status=200 0.457s url=https://www.myfonts.com/products/bold-italic-proxima-sera-458947
[2026-09-20T11:11:52Z] #230 attempt=1/2 status=200 0.250s url=https://www.myfonts.com/collections/proxima-sera-font-mark-simonson/
[2026-09-20T11:11:53Z] #231 attempt=1/2 status=200 0.244s url=https://www.myfonts.com/collections/proxima-sera-font-mark-simonson/?tab=techSpecs
[2026-09-20T11:11:54Z] #232 attempt=1/2 status=200 0.542s url=https://www.myfonts.com/products/bold-proxima-sera-458946
[2026-09-20T11:11:54Z] #233 attempt=1/2 status=200 0.239s url=https://www.myfonts.com/collections/proxima-sera-font-mark-simonson/
[2026-09-20T11:11:55Z] #234 attempt=1/2 status=200 0.225s url=https://www.myfonts.com/collections/proxima-sera-font-mark-simonson/?tab=techSpecs
[2026-09-20T11:11:56Z] #235 attempt=1/2 status=200 0.422s url=https://www.myfonts.com/products/light-italic-proxima-sera-458939
[2026-09-20T11:11:57Z] #236 attempt=1/2 status=200 0.246s url=https://www.myfonts.com/collections/proxima-sera-font-mark-simonson/
[2026-09-20T11:11:57Z] #237 attempt=1/2 status=200 0.236s url=https://www.myfonts.com/collections/proxima-sera-font-mark-simonson/?tab=techSpecs
[2026-09-20T11:11:59Z] #238 attempt=1/2 status=200 1.338s url=https://www.myfonts.com/products/monterchi-serif-pack-package-436778
[2026-09-20T11:12:01Z] #239 attempt=1/2 status=200 1.349s url=https://www.myfonts.com/collections/monterchi-font-zetafonts/
[2026-09-20T11:12:02Z] #240 attempt=1/2 status=200 0.671s url=https://www.myfonts.com/collections/monterchi-font-zetafonts/?tab=techSpecs
[2026-09-20T11:12:03Z] #241 attempt=1/2 status=200 0.445s url=https://www.myfonts.com/products/moments-complete-family-package-1226630
[2026-09-20T11:12:04Z] #242 attempt=1/2 status=200 0.519s url=https://www.myfonts.com/collections/moments-font-deartype/
[2026-09-20T11:12:05Z] #243 attempt=1/2 status=200 0.465s url=https://www.myfonts.com/collections/moments-font-deartype/?tab=techSpecs
[2026-09-20T11:12:06Z] #244 attempt=1/2 status=200 0.647s url=https://www.myfonts.com/products/photowall-complete-family-package-1226629
[2026-09-20T11:12:07Z] #245 attempt=1/2 status=200 0.882s url=https://www.myfonts.com/collections/photowall-font-deartype/
[2026-09-20T11:12:08Z] #246 attempt=1/2 status=200 0.853s url=https://www.myfonts.com/collections/photowall-font-deartype/?tab=techSpecs
[2026-09-20T11:12:10Z] #247 attempt=1/2 status=200 0.557s url=https://www.myfonts.com/products/galiano-complete-family-package-1226609
[2026-09-20T11:12:10Z] #248 attempt=1/2 status=200 0.609s url=https://www.myfonts.com/collections/galiano-font-deartype/
[2026-09-20T11:12:11Z] #249 attempt=1/2 status=200 0.702s url=https://www.myfonts.com/collections/galiano-font-deartype/?tab=techSpecs
[2026-09-20T11:12:13Z] #250 attempt=1/2 status=200 0.380s url=https://www.myfonts.com/products/straight-line-complete-family-package-584042
[2026-09-20T11:12:13Z] #251 attempt=1/2 status=200 0.420s url=https://www.myfonts.com/collections/straight-line-font-k-type/
[2026-09-20T11:12:14Z] #252 attempt=1/2 status=200 0.386s url=https://www.myfonts.com/collections/straight-line-font-k-type/?tab=techSpecs
[2026-09-20T11:12:15Z] #253 attempt=1/2 status=200 0.661s url=https://www.myfonts.com/products/book-italic-singel-202062
[2026-09-20T11:12:16Z] #254 attempt=1/2 status=200 0.636s url=https://www.myfonts.com/collections/singel-font-fontfabric/
[2026-09-20T11:12:17Z] #255 attempt=1/2 status=200 0.687s url=https://www.myfonts.com/collections/singel-font-fontfabric/?tab=techSpecs
[2026-09-20T11:12:18Z] #256 attempt=1/2 status=200 0.498s url=https://www.myfonts.com/products/55-temper-wide-308497
[2026-09-20T11:12:19Z] #257 attempt=1/2 status=200 0.591s url=https://www.myfonts.com/collections/temper-wide-font-ogj-type-design/
[2026-09-20T11:12:20Z] #258 attempt=1/2 status=200 0.505s url=https://www.myfonts.com/collections/temper-wide-font-ogj-type-design/?tab=techSpecs
[2026-09-20T11:12:21Z] #259 attempt=1/2 status=200 0.547s url=https://www.myfonts.com/products/75-black-caviar-darbee-legend-245130
[2026-09-20T11:12:22Z] #260 attempt=1/2 status=200 0.486s url=https://www.myfonts.com/collections/darbee-legend-font-ogj-type-design/
[2026-09-20T11:12:23Z] #261 attempt=1/2 status=200 0.618s url=https://www.myfonts.com/collections/darbee-legend-font-ogj-type-design/?tab=techSpecs
[2026-09-20T11:12:24Z] #262 attempt=1/2 status=200 0.752s url=https://www.myfonts.com/products/extrawide-semibold-acme-gothic-199462
[2026-09-20T11:12:25Z] #263 attempt=1/2 status=200 0.784s url=https://www.myfonts.com/collections/acme-gothic-font-mark-simonson/
[2026-09-20T11:12:26Z] #264 attempt=1/2 status=200 0.578s url=https://www.myfonts.com/collections/acme-gothic-font-mark-simonson/?tab=techSpecs
[2026-09-20T11:12:28Z] #265 attempt=1/2 status=200 0.794s url=https://www.myfonts.com/products/compressed-black-acme-gothic-199359
[2026-09-20T11:12:29Z] #266 attempt=1/2 status=200 0.522s url=https://www.myfonts.com/collections/acme-gothic-font-mark-simonson/
[2026-09-20T11:12:30Z] #267 attempt=1/2 status=200 0.834s url=https://www.myfonts.com/collections/acme-gothic-font-mark-simonson/?tab=techSpecs
[2026-09-20T11:12:31Z] #268 attempt=1/2 status=200 0.697s url=https://www.myfonts.com/products/classic-thin-sugo-pro-197786
[2026-09-20T11:12:32Z] #269 attempt=1/2 status=200 0.839s url=https://www.myfonts.com/collections/sugo-pro-font-zetafonts/
[2026-09-20T11:12:34Z] #270 attempt=1/2 status=200 0.947s url=https://www.myfonts.com/collections/sugo-pro-font-zetafonts/?tab=techSpecs
[2026-09-20T11:12:35Z] #271 attempt=1/2 status=200 0.744s url=https://www.myfonts.com/products/display-light-italic-sugo-pro-197699
[2026-09-20T11:12:36Z] #272 attempt=1/2 status=200 0.854s url=https://www.myfonts.com/collections/sugo-pro-font-zetafonts/
[2026-09-20T11:12:37Z] #273 attempt=1/2 status=200 0.727s url=https://www.myfonts.com/collections/sugo-pro-font-zetafonts/?tab=techSpecs
[2026-09-20T11:12:39Z] #274 attempt=1/2 status=200 0.755s url=https://www.myfonts.com/products/alt-extra-light-italic-galeria-207454
[2026-09-20T11:12:40Z] #275 attempt=1/2 status=200 0.777s url=https://www.myfonts.com/collections/galeria-font-latinotype/
[2026-09-20T11:12:41Z] #276 attempt=1/2 status=200 0.846s url=https://www.myfonts.com/collections/galeria-font-latinotype/?tab=techSpecs
[2026-09-20T11:12:43Z] #277 attempt=1/2 status=200 0.707s url=https://www.myfonts.com/products/extra-light-italic-galeria-207286
[2026-09-20T11:12:44Z] #278 attempt=1/2 status=200 0.829s url=https://www.myfonts.com/collections/galeria-font-latinotype/
[2026-09-20T11:12:45Z] #279 attempt=1/2 status=200 0.574s url=https://www.myfonts.com/collections/galeria-font-latinotype/?tab=techSpecs
[2026-09-20T11:12:46Z] #280 attempt=1/2 status=200 0.984s url=https://www.myfonts.com/products/extrabold-etna-255821
[2026-09-20T11:12:47Z] #281 attempt=1/2 status=200 0.903s url=https://www.myfonts.com/collections/etna-font-mark-simonson/
[2026-09-20T11:12:49Z] #282 attempt=1/2 status=200 1.240s url=https://www.myfonts.com/collections/etna-font-mark-simonson/?tab=techSpecs
[2026-09-20T11:12:50Z] #283 attempt=1/2 status=200 0.512s url=https://www.myfonts.com/products/76-italic-sequel-100-wide-264386
[2026-09-20T11:12:51Z] #284 attempt=1/2 status=200 0.488s url=https://www.myfonts.com/collections/sequel-100-wide-font-ogj-type-design/
[2026-09-20T11:12:52Z] #285 attempt=1/2 status=200 0.573s url=https://www.myfonts.com/collections/sequel-100-wide-font-ogj-type-design/?tab=techSpecs
[2026-09-20T11:12:54Z] #286 attempt=1/2 status=200 0.825s url=https://www.myfonts.com/products/italic-etna-255772
[2026-09-20T11:12:55Z] #287 attempt=1/2 status=200 0.886s url=https://www.myfonts.com/collections/etna-font-mark-simonson/
[2026-09-20T11:12:56Z] #288 attempt=1/2 status=200 0.881s url=https://www.myfonts.com/collections/etna-font-mark-simonson/?tab=techSpecs
[2026-09-20T11:12:58Z] #289 attempt=1/2 status=200 0.722s url=https://www.myfonts.com/products/light-italic-etna-255749
[2026-09-20T11:12:58Z] #290 attempt=1/2 status=200 0.287s url=https://www.myfonts.com/collections/etna-font-mark-simonson/
[2026-09-20T11:12:59Z] #291 attempt=1/2 status=200 0.781s url=https://www.myfonts.com/collections/etna-font-mark-simonson/?tab=techSpecs
[2026-09-20T11:13:01Z] #292 attempt=1/2 status=200 0.543s url=https://www.myfonts.com/products/bold-parkside-204538
[2026-09-20T11:13:01Z] #293 attempt=1/2 status=200 0.452s url=https://www.myfonts.com/collections/parkside-font-mark-simonson/
[2026-09-20T11:13:02Z] #294 attempt=1/2 status=200 0.505s url=https://www.myfonts.com/collections/parkside-font-mark-simonson/?tab=techSpecs
[2026-09-20T11:13:03Z] #295 attempt=1/2 status=200 0.585s url=https://www.myfonts.com/products/86-sequel-100-black-233622
[2026-09-20T11:13:04Z] #296 attempt=1/2 status=200 0.568s url=https://www.myfonts.com/collections/sequel-100-black-font-ogj-type-design/
[2026-09-20T11:13:05Z] #297 attempt=1/2 status=200 0.420s url=https://www.myfonts.com/collections/sequel-100-black-font-ogj-type-design/?tab=techSpecs
[2026-09-20T11:13:06Z] #298 attempt=1/2 status=200 0.423s url=https://www.myfonts.com/products/black-parkside-204530
[2026-09-20T11:13:07Z] #299 attempt=1/2 status=200 0.500s url=https://www.myfonts.com/collections/parkside-font-mark-simonson/
[2026-09-20T11:13:07Z] #300 attempt=1/2 status=200 0.370s url=https://www.myfonts.com/collections/parkside-font-mark-simonson/?tab=techSpecs
[2026-09-20T11:13:09Z] #301 attempt=1/2 status=200 0.870s url=https://www.myfonts.com/products/super-heavy-shapiro-584113
[2026-09-20T11:13:10Z] #302 attempt=1/2 status=200 1.092s url=https://www.myfonts.com/collections/shapiro-font-ogj-type-design/
[2026-09-20T11:13:12Z] #303 attempt=1/2 status=200 1.033s url=https://www.myfonts.com/collections/shapiro-font-ogj-type-design/?tab=techSpecs
[2026-09-20T11:13:13Z] #304 attempt=1/2 status=200 0.626s url=https://www.myfonts.com/products/light-mancunium-583897
[2026-09-20T11:13:14Z] #305 attempt=1/2 status=200 0.559s url=https://www.myfonts.com/collections/mancunium-font-k-type/
[2026-09-20T11:13:15Z] #306 attempt=1/2 status=200 0.537s url=https://www.myfonts.com/collections/mancunium-font-k-type/?tab=techSpecs
[2026-09-20T11:13:16Z] #307 attempt=1/2 status=200 0.382s url=https://www.myfonts.com/products/light-italic-grange-text-571248
[2026-09-20T11:13:17Z] #308 attempt=1/2 status=200 0.491s url=https://www.myfonts.com/collections/grange-text-font-device/
[2026-09-20T11:13:18Z] #309 attempt=1/2 status=200 0.427s url=https://www.myfonts.com/collections/grange-text-font-device/?tab=techSpecs
[2026-09-20T11:13:19Z] #310 attempt=1/2 status=200 0.580s url=https://www.myfonts.com/products/medium-italic-urbane-adscript-568675
[2026-09-20T11:13:20Z] #311 attempt=1/2 status=200 0.489s url=https://www.myfonts.com/collections/urbane-adscript-font-device/
[2026-09-20T11:13:21Z] #312 attempt=1/2 status=200 0.606s url=https://www.myfonts.com/collections/urbane-adscript-font-device/?tab=techSpecs
[2026-09-20T11:13:22Z] #313 attempt=1/2 status=200 0.805s url=https://www.myfonts.com/products/bold-italic-tt-autonomous-570348
[2026-09-20T11:13:24Z] #314 attempt=1/2 status=200 1.280s url=https://www.myfonts.com/collections/tt-autonomous-font-typetype/
[2026-09-20T11:13:26Z] #315 attempt=1/2 status=200 1.356s url=https://www.myfonts.com/collections/tt-autonomous-font-typetype/?tab=techSpecs
[2026-09-20T11:13:27Z] #316 attempt=1/2 status=200 0.691s url=https://www.myfonts.com/products/light-italic-etna-587251
[2026-09-20T11:13:28Z] #317 attempt=1/2 status=200 0.993s url=https://www.myfonts.com/collections/etna-font-mark-simonson/
[2026-09-20T11:13:30Z] #318 attempt=1/2 status=200 1.089s url=https://www.myfonts.com/collections/etna-font-mark-simonson/?tab=techSpecs
[2026-09-20T11:13:31Z] #319 attempt=1/2 status=200 0.732s url=https://www.myfonts.com/products/medium-extended-grange-rough-568543
[2026-09-20T11:13:33Z] #320 attempt=1/2 status=200 1.073s url=https://www.myfonts.com/collections/grange-rough-font-device/
[2026-09-20T11:13:34Z] #321 attempt=1/2 status=200 1.287s url=https://www.myfonts.com/collections/grange-rough-font-device/?tab=techSpecs
[2026-09-20T11:13:36Z] #322 attempt=1/2 status=200 1.159s url=https://www.myfonts.com/products/text-condensed-heavy-italic-blacker-pro-215994
[2026-09-20T11:13:38Z] #323 attempt=1/2 status=200 1.653s url=https://www.myfonts.com/collections/blacker-pro-font-zetafonts/
[2026-09-20T11:13:40Z] #324 attempt=1/2 status=200 1.122s url=https://www.myfonts.com/collections/blacker-pro-font-zetafonts/?tab=techSpecs
[2026-09-20T11:13:41Z] #325 attempt=1/2 status=200 0.573s url=https://www.myfonts.com/products/heavy-italic-squad-593245
[2026-09-20T11:13:42Z] #326 attempt=1/2 status=200 0.679s url=https://www.myfonts.com/collections/squad-font-fontfabric/
[2026-09-20T11:13:43Z] #327 attempt=1/2 status=200 0.807s url=https://www.myfonts.com/collections/squad-font-fontfabric/?tab=techSpecs
[2026-09-20T11:13:45Z] #328 attempt=1/2 status=200 0.840s url=https://www.myfonts.com/products/narrow-bold-italic-argot-584342
[2026-09-20T11:13:46Z] #329 attempt=1/2 status=200 1.184s url=https://www.myfonts.com/collections/argot-font-k-type/
[2026-09-20T11:13:48Z] #330 attempt=1/2 status=200 0.937s url=https://www.myfonts.com/collections/argot-font-k-type/?tab=techSpecs
[2026-09-20T11:13:49Z] #331 attempt=1/2 status=200 0.693s url=https://www.myfonts.com/products/black-italic-tt-ramillas-570921
[2026-09-20T11:13:50Z] #332 attempt=1/2 status=200 0.755s url=https://www.myfonts.com/collections/tt-ramillas-font-typetype/
[2026-09-20T11:13:51Z] #333 attempt=1/2 status=200 0.827s url=https://www.myfonts.com/collections/tt-ramillas-font-typetype/?tab=techSpecs
[2026-09-20T11:13:53Z] #334 attempt=1/2 status=200 0.762s url=https://www.myfonts.com/products/regular-moderna-sans-568129
[2026-09-20T11:13:54Z] #335 attempt=1/2 status=200 0.849s url=https://www.myfonts.com/collections/moderna-sans-font-latinotype/
[2026-09-20T11:13:55Z] #336 attempt=1/2 status=200 0.871s url=https://www.myfonts.com/collections/moderna-sans-font-latinotype/?tab=techSpecs
[2026-09-20T11:13:57Z] #337 attempt=1/6 status=200 0.928s url=https://www.myfonts.com/products.json?limit=100&page=6
[2026-09-20T11:13:58Z] #338 attempt=1/2 status=200 0.705s url=https://www.myfonts.com/products/bold-alkes-587812
[2026-09-20T11:13:59Z] #339 attempt=1/2 status=200 0.608s url=https://www.myfonts.com/collections/alkes-font-fontfabric/
[2026-09-20T11:14:00Z] #340 attempt=1/2 status=200 0.510s url=https://www.myfonts.com/collections/alkes-font-fontfabric/?tab=techSpecs
[2026-09-20T11:14:01Z] #341 attempt=1/2 status=200 0.421s url=https://www.myfonts.com/products/no-77-placard-jt-energy-584258
[2026-09-20T11:14:02Z] #342 attempt=1/2 status=200 0.468s url=https://www.myfonts.com/collections/jt-energy-font-ogj-type-design/
[2026-09-20T11:14:02Z] #343 attempt=1/2 status=200 0.438s url=https://www.myfonts.com/collections/jt-energy-font-ogj-type-design/?tab=techSpecs
[2026-09-20T11:14:03Z] #344 attempt=1/2 status=200 0.357s url=https://www.myfonts.com/products/italic-argot-machine-904740
[2026-09-20T11:14:04Z] #345 attempt=1/2 status=200 0.442s url=https://www.myfonts.com/collections/argot-machine-font-k-type/
[2026-09-20T11:14:05Z] #346 attempt=1/2 status=200 0.340s url=https://www.myfonts.com/collections/argot-machine-font-k-type/?tab=techSpecs
[2026-09-20T11:14:06Z] #347 attempt=1/2 status=200 0.361s url=https://www.myfonts.com/products/italic-downhill-dive-568176
[2026-09-20T11:14:06Z] #348 attempt=1/2 status=200 0.423s url=https://www.myfonts.com/collections/downhill-dive-font-hanoded/
[2026-09-20T11:14:07Z] #349 attempt=1/2 status=200 0.328s url=https://www.myfonts.com/collections/downhill-dive-font-hanoded/?tab=techSpecs
[2026-09-20T11:14:09Z] #350 attempt=1/6 status=200 0.929s url=https://www.myfonts.com/products.json?limit=100&page=7
[2026-09-20T11:14:10Z] #351 attempt=1/2 status=200 0.422s url=https://www.myfonts.com/products/regular-nouveau-crayon-584480
[2026-09-20T11:14:10Z] #352 attempt=1/2 status=200 0.455s url=https://www.myfonts.com/collections/nouveau-crayon-font-hanoded/
[2026-09-20T11:14:11Z] #353 attempt=1/2 status=200 0.447s url=https://www.myfonts.com/collections/nouveau-crayon-font-hanoded/?tab=techSpecs
[2026-09-20T11:14:13Z] #354 attempt=1/6 status=200 1.002s url=https://www.myfonts.com/products.json?limit=100&page=8
[2026-09-20T11:14:14Z] #355 attempt=1/2 status=200 0.598s url=https://www.myfonts.com/products/icon-tt-trailers-583410
[2026-09-20T11:14:15Z] #356 attempt=1/2 status=200 0.631s url=https://www.myfonts.com/collections/tt-trailers-font-typetype/
[2026-09-20T11:14:16Z] #357 attempt=1/2 status=200 0.774s url=https://www.myfonts.com/collections/tt-trailers-font-typetype/?tab=techSpecs
[2026-09-20T11:14:17Z] #358 attempt=1/2 status=200 0.432s url=https://www.myfonts.com/products/light-parkside-204568
[2026-09-20T11:14:18Z] #359 attempt=1/2 status=200 0.428s url=https://www.myfonts.com/collections/parkside-font-mark-simonson/
[2026-09-20T11:14:18Z] #360 attempt=1/2 status=200 0.223s url=https://www.myfonts.com/collections/parkside-font-mark-simonson/?tab=techSpecs
[2026-09-20T11:14:20Z] #361 attempt=1/2 status=200 0.532s url=https://www.myfonts.com/products/black-recoleta-202980
[2026-09-20T11:14:21Z] #362 attempt=1/2 status=200 0.658s url=https://www.myfonts.com/collections/recoleta-font-latinotype/
[2026-09-20T11:14:21Z] #363 attempt=1/2 status=200 0.598s url=https://www.myfonts.com/collections/recoleta-font-latinotype/?tab=techSpecs
[2026-09-20T11:14:24Z] #364 attempt=1/6 status=200 1.098s url=https://www.myfonts.com/products.json?limit=100&page=9
[2026-09-20T11:14:24Z] #365 attempt=1/2 status=200 0.527s url=https://www.myfonts.com/products/regular-singel-202104
[2026-09-20T11:14:25Z] #366 attempt=1/2 status=200 0.624s url=https://www.myfonts.com/collections/singel-font-fontfabric/
[2026-09-20T11:14:26Z] #367 attempt=1/2 status=200 0.569s url=https://www.myfonts.com/collections/singel-font-fontfabric/?tab=techSpecs
[2026-09-20T11:14:27Z] #368 attempt=1/2 status=200 0.479s url=https://www.myfonts.com/products/alt-bold-italic-galeria-207552
[2026-09-20T11:14:28Z] #369 attempt=1/2 status=200 0.630s url=https://www.myfonts.com/collections/galeria-font-latinotype/
[2026-09-20T11:14:29Z] #370 attempt=1/2 status=200 0.271s url=https://www.myfonts.com/collections/galeria-font-latinotype/?tab=techSpecs
[2026-09-20T11:14:30Z] #371 attempt=1/2 status=200 0.491s url=https://www.myfonts.com/products/alt-light-italic-galeria-207474
[2026-09-20T11:14:31Z] #372 attempt=1/2 status=200 0.931s url=https://www.myfonts.com/collections/galeria-font-latinotype/
[2026-09-20T11:14:32Z] #373 attempt=1/2 status=200 0.612s url=https://www.myfonts.com/collections/galeria-font-latinotype/?tab=techSpecs
[2026-09-20T11:14:33Z] #374 attempt=1/2 status=200 0.399s url=https://www.myfonts.com/products/black-galeria-207407
[2026-09-20T11:14:34Z] #375 attempt=1/2 status=200 0.290s url=https://www.myfonts.com/collections/galeria-font-latinotype/
[2026-09-20T11:14:34Z] #376 attempt=1/2 status=200 0.274s url=https://www.myfonts.com/collections/galeria-font-latinotype/?tab=techSpecs
[2026-09-20T11:14:36Z] #377 attempt=1/2 status=200 0.757s url=https://www.myfonts.com/products/wide-regular-acme-gothic-199566
[2026-09-20T11:14:37Z] #378 attempt=1/2 status=200 0.614s url=https://www.myfonts.com/collections/acme-gothic-font-mark-simonson/
[2026-09-20T11:14:38Z] #379 attempt=1/2 status=200 0.629s url=https://www.myfonts.com/collections/acme-gothic-font-mark-simonson/?tab=techSpecs
[2026-09-20T11:14:39Z] #380 attempt=1/2 status=200 0.552s url=https://www.myfonts.com/products/extrawide-bold-acme-gothic-199444
[2026-09-20T11:14:40Z] #381 attempt=1/2 status=200 0.606s url=https://www.myfonts.com/collections/acme-gothic-font-mark-simonson/
[2026-09-20T11:14:41Z] #382 attempt=1/2 status=200 0.272s url=https://www.myfonts.com/collections/acme-gothic-font-mark-simonson/?tab=techSpecs
[2026-09-20T11:14:42Z] #383 attempt=1/2 status=200 0.498s url=https://www.myfonts.com/products/compressed-semibold-acme-gothic-199379
[2026-09-20T11:14:42Z] #384 attempt=1/2 status=200 0.253s url=https://www.myfonts.com/collections/acme-gothic-font-mark-simonson/
[2026-09-20T11:14:43Z] #385 attempt=1/2 status=200 0.289s url=https://www.myfonts.com/collections/acme-gothic-font-mark-simonson/?tab=techSpecs
[2026-09-20T11:14:44Z] #386 attempt=1/2 status=200 0.551s url=https://www.myfonts.com/products/display-thin-italic-sugo-pro-197615
[2026-09-20T11:14:45Z] #387 attempt=1/2 status=200 0.727s url=https://www.myfonts.com/collections/sugo-pro-font-zetafonts/
[2026-09-20T11:14:46Z] #388 attempt=1/2 status=200 0.845s url=https://www.myfonts.com/collections/sugo-pro-font-zetafonts/?tab=techSpecs
[2026-09-20T11:14:48Z] #389 attempt=1/2 status=200 0.581s url=https://www.myfonts.com/products/condensed-regular-acme-gothic-199415
[2026-09-20T11:14:48Z] #390 attempt=1/2 status=200 0.248s url=https://www.myfonts.com/collections/acme-gothic-font-mark-simonson/
[2026-09-20T11:14:49Z] #391 attempt=1/2 status=200 0.246s url=https://www.myfonts.com/collections/acme-gothic-font-mark-simonson/?tab=techSpecs
[2026-09-20T11:14:50Z] #392 attempt=1/2 status=200 0.488s url=https://www.myfonts.com/products/condensed-bold-acme-gothic-199406
[2026-09-20T11:14:50Z] #393 attempt=1/2 status=200 0.243s url=https://www.myfonts.com/collections/acme-gothic-font-mark-simonson/
[2026-09-20T11:14:51Z] #394 attempt=1/2 status=200 0.249s url=https://www.myfonts.com/collections/acme-gothic-font-mark-simonson/?tab=techSpecs
[2026-09-20T11:14:52Z] #395 attempt=1/2 status=200 0.430s url=https://www.myfonts.com/products/classic-extra-light-italic-sugo-pro-197755
[2026-09-20T11:14:53Z] #396 attempt=1/2 status=200 0.248s url=https://www.myfonts.com/collections/sugo-pro-font-zetafonts/
[2026-09-20T11:14:53Z] #397 attempt=1/2 status=200 0.254s url=https://www.myfonts.com/collections/sugo-pro-font-zetafonts/?tab=techSpecs
[2026-09-20T11:14:55Z] #398 attempt=1/2 status=200 0.392s url=https://www.myfonts.com/products/classic-light-italic-sugo-pro-197745
[2026-09-20T11:14:55Z] #399 attempt=1/2 status=200 0.288s url=https://www.myfonts.com/collections/sugo-pro-font-zetafonts/
[2026-09-20T11:14:56Z] #400 attempt=1/2 status=200 0.902s url=https://www.myfonts.com/collections/sugo-pro-font-zetafonts/?tab=techSpecs
[2026-09-20T11:14:58Z] #401 attempt=1/2 status=200 0.565s url=https://www.myfonts.com/products/bold-italic-galeria-207398
[2026-09-20T11:14:58Z] #402 attempt=1/2 status=200 0.237s url=https://www.myfonts.com/collections/galeria-font-latinotype/
[2026-09-20T11:14:59Z] #403 attempt=1/2 status=200 0.272s url=https://www.myfonts.com/collections/galeria-font-latinotype/?tab=techSpecs
[2026-09-20T11:15:01Z] #404 attempt=1/2 status=200 1.365s url=https://www.myfonts.com/products/light-galeria-207296
[2026-09-20T11:15:01Z] #405 attempt=1/2 status=200 0.279s url=https://www.myfonts.com/collections/galeria-font-latinotype/
[2026-09-20T11:15:02Z] #406 attempt=1/2 status=200 0.281s url=https://www.myfonts.com/collections/galeria-font-latinotype/?tab=techSpecs
[2026-09-20T11:15:03Z] #407 attempt=1/2 status=200 0.418s url=https://www.myfonts.com/products/italic-radcliffe-hand-205485
[2026-09-20T11:15:04Z] #408 attempt=1/2 status=200 0.462s url=https://www.myfonts.com/collections/radcliffe-hand-font-zetafonts/
[2026-09-20T11:15:05Z] #409 attempt=1/2 status=200 0.401s url=https://www.myfonts.com/collections/radcliffe-hand-font-zetafonts/?tab=techSpecs
[2026-09-20T11:15:06Z] #410 attempt=1/2 status=200 0.536s url=https://www.myfonts.com/products/72-heavy-shapiro-pro-211833
[2026-09-20T11:15:07Z] #411 attempt=1/2 status=200 0.572s url=https://www.myfonts.com/collections/shapiro-pro-font-ogj-type-design/
[2026-09-20T11:15:08Z] #412 attempt=1/2 status=200 0.593s url=https://www.myfonts.com/collections/shapiro-pro-font-ogj-type-design/?tab=techSpecs
[2026-09-20T11:15:09Z] #413 attempt=1/2 status=200 0.532s url=https://www.myfonts.com/products/alt-regular-galeria-207484
[2026-09-20T11:15:10Z] #414 attempt=1/2 status=200 0.698s url=https://www.myfonts.com/collections/galeria-font-latinotype/
[2026-09-20T11:15:11Z] #415 attempt=1/2 status=200 0.623s url=https://www.myfonts.com/collections/galeria-font-latinotype/?tab=techSpecs
[2026-09-20T11:15:12Z] #416 attempt=1/2 status=200 0.497s url=https://www.myfonts.com/products/alt-thin-italic-galeria-207439
[2026-09-20T11:15:12Z] #417 attempt=1/2 status=200 0.283s url=https://www.myfonts.com/collections/galeria-font-latinotype/
[2026-09-20T11:15:14Z] #418 attempt=1/2 status=200 0.665s url=https://www.myfonts.com/collections/galeria-font-latinotype/?tab=techSpecs
[2026-09-20T11:15:15Z] #419 attempt=1/2 status=200 0.544s url=https://www.myfonts.com/products/black-acme-gothic-199577
[2026-09-20T11:15:16Z] #420 attempt=1/2 status=200 0.598s url=https://www.myfonts.com/collections/acme-gothic-font-mark-simonson/
[2026-09-20T11:15:17Z] #421 attempt=1/2 status=200 0.550s url=https://www.myfonts.com/collections/acme-gothic-font-mark-simonson/?tab=techSpecs
[2026-09-20T11:15:18Z] #422 attempt=1/2 status=200 0.535s url=https://www.myfonts.com/products/wide-light-acme-gothic-199536
[2026-09-20T11:15:18Z] #423 attempt=1/2 status=200 0.251s url=https://www.myfonts.com/collections/acme-gothic-font-mark-simonson/
[2026-09-20T11:15:19Z] #424 attempt=1/2 status=200 0.282s url=https://www.myfonts.com/collections/acme-gothic-font-mark-simonson/?tab=techSpecs
[2026-09-20T11:15:20Z] #425 attempt=1/2 status=200 0.564s url=https://www.myfonts.com/products/compressed-light-acme-gothic-199339
[2026-09-20T11:15:21Z] #426 attempt=1/2 status=200 0.263s url=https://www.myfonts.com/collections/acme-gothic-font-mark-simonson/
[2026-09-20T11:15:21Z] #427 attempt=1/2 status=200 0.237s url=https://www.myfonts.com/collections/acme-gothic-font-mark-simonson/?tab=techSpecs
[2026-09-20T11:15:23Z] #428 attempt=1/2 status=200 0.481s url=https://www.myfonts.com/products/condensed-semibold-acme-gothic-199425
[2026-09-20T11:15:23Z] #429 attempt=1/2 status=200 0.264s url=https://www.myfonts.com/collections/acme-gothic-font-mark-simonson/
[2026-09-20T11:15:24Z] #430 attempt=1/2 status=200 0.252s url=https://www.myfonts.com/collections/acme-gothic-font-mark-simonson/?tab=techSpecs
[2026-09-20T11:15:27Z] #431 attempt=1/2 status=200 2.389s url=https://www.myfonts.com/products/semi-bold-demo-singel-202131
[2026-09-20T11:15:28Z] #432 attempt=1/2 status=200 0.626s url=https://www.myfonts.com/collections/singel-font-fontfabric/
[2026-09-20T11:15:29Z] #433 attempt=1/2 status=200 0.529s url=https://www.myfonts.com/collections/singel-font-fontfabric/?tab=techSpecs
[2026-09-20T11:15:30Z] #434 attempt=1/2 status=200 0.366s url=https://www.myfonts.com/products/thin-parkside-204578
[2026-09-20T11:15:30Z] #435 attempt=1/2 status=200 0.447s url=https://www.myfonts.com/collections/parkside-font-mark-simonson/
[2026-09-20T11:15:31Z] #436 attempt=1/2 status=200 0.264s url=https://www.myfonts.com/collections/parkside-font-mark-simonson/?tab=techSpecs
[2026-09-20T11:15:32Z] #437 attempt=1/2 status=200 0.530s url=https://www.myfonts.com/products/classic-extra-light-sugo-pro-197728
[2026-09-20T11:15:33Z] #438 attempt=1/2 status=200 0.896s url=https://www.myfonts.com/collections/sugo-pro-font-zetafonts/
[2026-09-20T11:15:34Z] #439 attempt=1/2 status=200 0.707s url=https://www.myfonts.com/collections/sugo-pro-font-zetafonts/?tab=techSpecs
[2026-09-20T11:15:36Z] #440 attempt=1/2 status=200 0.547s url=https://www.myfonts.com/products/regular-italic-galeria-207336
[2026-09-20T11:15:37Z] #441 attempt=1/2 status=200 0.687s url=https://www.myfonts.com/collections/galeria-font-latinotype/
[2026-09-20T11:15:37Z] #442 attempt=1/2 status=200 0.297s url=https://www.myfonts.com/collections/galeria-font-latinotype/?tab=techSpecs
[2026-09-20T11:15:39Z] #443 attempt=1/2 status=200 0.570s url=https://www.myfonts.com/products/thin-galeria-207255
[2026-09-20T11:15:39Z] #444 attempt=1/2 status=200 0.577s url=https://www.myfonts.com/collections/galeria-font-latinotype/
[2026-09-20T11:15:40Z] #445 attempt=1/2 status=200 0.277s url=https://www.myfonts.com/collections/galeria-font-latinotype/?tab=techSpecs
[2026-09-20T11:15:41Z] #446 attempt=1/2 status=200 0.543s url=https://www.myfonts.com/products/display-bold-sugo-pro-197658
[2026-09-20T11:15:42Z] #447 attempt=1/2 status=200 0.765s url=https://www.myfonts.com/collections/sugo-pro-font-zetafonts/
[2026-09-20T11:15:43Z] #448 attempt=1/2 status=200 0.729s url=https://www.myfonts.com/collections/sugo-pro-font-zetafonts/?tab=techSpecs
[2026-09-20T11:15:45Z] #449 attempt=1/2 status=200 0.502s url=https://www.myfonts.com/products/wide-black-acme-gothic-199515
[2026-09-20T11:15:45Z] #450 attempt=1/2 status=200 0.602s url=https://www.myfonts.com/collections/acme-gothic-font-mark-simonson/
[2026-09-20T11:15:46Z] #451 attempt=1/2 status=200 0.632s url=https://www.myfonts.com/collections/acme-gothic-font-mark-simonson/?tab=techSpecs
[2026-09-20T11:15:48Z] #452 attempt=1/2 status=200 0.425s url=https://www.myfonts.com/products/alt-bold-galeria-207541
[2026-09-20T11:15:49Z] #453 attempt=1/2 status=200 0.730s url=https://www.myfonts.com/collections/galeria-font-latinotype/
[2026-09-20T11:15:49Z] #454 attempt=1/2 status=200 0.257s url=https://www.myfonts.com/collections/galeria-font-latinotype/?tab=techSpecs
[2026-09-20T11:15:50Z] #455 attempt=1/2 status=200 0.475s url=https://www.myfonts.com/products/alt-regular-italic-galeria-207494
[2026-09-20T11:15:51Z] #456 attempt=1/2 status=200 0.267s url=https://www.myfonts.com/collections/galeria-font-latinotype/
[2026-09-20T11:15:52Z] #457 attempt=1/2 status=200 0.284s url=https://www.myfonts.com/collections/galeria-font-latinotype/?tab=techSpecs
[2026-09-20T11:15:53Z] #458 attempt=1/2 status=200 0.524s url=https://www.myfonts.com/products/semi-bold-italic-singel-202139
[2026-09-20T11:15:54Z] #459 attempt=1/2 status=200 0.728s url=https://www.myfonts.com/collections/singel-font-fontfabric/
[2026-09-20T11:15:54Z] #460 attempt=1/2 status=200 0.243s url=https://www.myfonts.com/collections/singel-font-fontfabric/?tab=techSpecs
[2026-09-20T11:15:56Z] #461 attempt=1/2 status=200 0.464s url=https://www.myfonts.com/products/classic-bold-sugo-pro-197804
[2026-09-20T11:15:56Z] #462 attempt=1/2 status=200 0.263s url=https://www.myfonts.com/collections/sugo-pro-font-zetafonts/
[2026-09-20T11:15:57Z] #463 attempt=1/2 status=200 0.779s url=https://www.myfonts.com/collections/sugo-pro-font-zetafonts/?tab=techSpecs
[2026-09-20T11:15:58Z] #464 attempt=1/2 status=200 0.472s url=https://www.myfonts.com/products/medium-italic-galeria-207356
[2026-09-20T11:15:59Z] #465 attempt=1/2 status=200 0.286s url=https://www.myfonts.com/collections/galeria-font-latinotype/
[2026-09-20T11:16:00Z] #466 attempt=1/2 status=200 0.716s url=https://www.myfonts.com/collections/galeria-font-latinotype/?tab=techSpecs
[2026-09-20T11:16:02Z] #467 attempt=1/2 status=200 0.667s url=https://www.myfonts.com/products/sem-ibold-recoleta-203103
[2026-09-20T11:16:02Z] #468 attempt=1/2 status=200 0.716s url=https://www.myfonts.com/collections/recoleta-font-latinotype/
[2026-09-20T11:16:03Z] #469 attempt=1/2 status=200 0.468s url=https://www.myfonts.com/collections/recoleta-font-latinotype/?tab=techSpecs
[2026-09-20T11:16:04Z] #470 attempt=1/2 status=200 0.455s url=https://www.myfonts.com/products/bold-singel-202053
[2026-09-20T11:16:05Z] #471 attempt=1/2 status=200 0.557s url=https://www.myfonts.com/collections/singel-font-fontfabric/
[2026-09-20T11:16:06Z] #472 attempt=1/2 status=200 0.629s url=https://www.myfonts.com/collections/singel-font-fontfabric/?tab=techSpecs
[2026-09-20T11:16:07Z] #473 attempt=1/2 status=200 0.572s url=https://www.myfonts.com/products/light-acme-gothic-199482
[2026-09-20T11:16:08Z] #474 attempt=1/2 status=200 0.272s url=https://www.myfonts.com/collections/acme-gothic-font-mark-simonson/
[2026-09-20T11:16:09Z] #475 attempt=1/2 status=200 0.265s url=https://www.myfonts.com/collections/acme-gothic-font-mark-simonson/?tab=techSpecs
[2026-09-20T11:16:10Z] #476 attempt=1/2 status=200 0.455s url=https://www.myfonts.com/products/bold-acme-gothic-199348
[2026-09-20T11:16:10Z] #477 attempt=1/2 status=200 0.259s url=https://www.myfonts.com/collections/acme-gothic-font-mark-simonson/
[2026-09-20T11:16:11Z] #478 attempt=1/2 status=200 0.276s url=https://www.myfonts.com/collections/acme-gothic-font-mark-simonson/?tab=techSpecs
[2026-09-20T11:16:12Z] #479 attempt=1/2 status=200 0.595s url=https://www.myfonts.com/products/bold-text-jt-collect-258964
[2026-09-20T11:16:13Z] #480 attempt=1/2 status=200 0.657s url=https://www.myfonts.com/collections/jt-collect-font-ogj-type-design/
[2026-09-20T11:16:14Z] #481 attempt=1/2 status=200 0.652s url=https://www.myfonts.com/collections/jt-collect-font-ogj-type-design/?tab=techSpecs
[2026-09-20T11:16:16Z] #482 attempt=1/2 status=200 0.845s url=https://www.myfonts.com/products/condensed-bold-etna-255886
[2026-09-20T11:16:17Z] #483 attempt=1/2 status=200 0.940s url=https://www.myfonts.com/collections/etna-font-mark-simonson/
[2026-09-20T11:16:18Z] #484 attempt=1/2 status=200 0.912s url=https://www.myfonts.com/collections/etna-font-mark-simonson/?tab=techSpecs
[2026-09-20T11:16:20Z] #485 attempt=1/2 status=200 0.739s url=https://www.myfonts.com/products/bold-etna-255803
[2026-09-20T11:16:20Z] #486 attempt=1/2 status=200 0.287s url=https://www.myfonts.com/collections/etna-font-mark-simonson/
[2026-09-20T11:16:21Z] #487 attempt=1/2 status=200 0.263s url=https://www.myfonts.com/collections/etna-font-mark-simonson/?tab=techSpecs
[2026-09-20T11:16:22Z] #488 attempt=1/2 status=200 0.623s url=https://www.myfonts.com/products/light-etna-255740
[2026-09-20T11:16:23Z] #489 attempt=1/2 status=200 0.280s url=https://www.myfonts.com/collections/etna-font-mark-simonson/
[2026-09-20T11:16:24Z] #490 attempt=1/2 status=200 0.302s url=https://www.myfonts.com/collections/etna-font-mark-simonson/?tab=techSpecs
[2026-09-20T11:16:25Z] #491 attempt=1/2 status=200 0.404s url=https://www.myfonts.com/products/ex-text-sequel-rounded-245052
[2026-09-20T11:16:25Z] #492 attempt=1/2 status=200 0.452s url=https://www.myfonts.com/collections/sequel-rounded-font-ogj-type-design/
[2026-09-20T11:16:26Z] #493 attempt=1/2 status=200 0.307s url=https://www.myfonts.com/collections/sequel-rounded-font-ogj-type-design/?tab=techSpecs
[2026-09-20T11:16:27Z] #494 attempt=1/2 status=200 0.489s url=https://www.myfonts.com/products/condensed-light-acme-gothic-199398
[2026-09-20T11:16:28Z] #495 attempt=1/2 status=200 0.591s url=https://www.myfonts.com/collections/acme-gothic-font-mark-simonson/
[2026-09-20T11:16:29Z] #496 attempt=1/2 status=200 0.266s url=https://www.myfonts.com/collections/acme-gothic-font-mark-simonson/?tab=techSpecs
[2026-09-20T11:16:30Z] #497 attempt=1/2 status=200 0.439s url=https://www.myfonts.com/products/plus-shapiro-base-254378
[2026-09-20T11:16:30Z] #498 attempt=1/2 status=200 0.398s url=https://www.myfonts.com/collections/shapiro-base-font-ogj-type-design/
[2026-09-20T11:16:31Z] #499 attempt=1/2 status=200 0.437s url=https://www.myfonts.com/collections/shapiro-base-font-ogj-type-design/?tab=techSpecs
[2026-09-20T11:16:33Z] #500 attempt=1/2 status=200 0.778s url=https://www.myfonts.com/products/x-condensed-bold-etna-255953
[2026-09-20T11:16:34Z] #501 attempt=1/2 status=200 0.878s url=https://www.myfonts.com/collections/etna-font-mark-simonson/
[2026-09-20T11:16:35Z] #502 attempt=1/2 status=200 0.339s url=https://www.myfonts.com/collections/etna-font-mark-simonson/?tab=techSpecs
[2026-09-20T11:16:36Z] #503 attempt=1/2 status=200 0.588s url=https://www.myfonts.com/products/regular-galeria-207324
[2026-09-20T11:16:37Z] #504 attempt=1/2 status=200 0.681s url=https://www.myfonts.com/collections/galeria-font-latinotype/
[2026-09-20T11:16:38Z] #505 attempt=1/2 status=200 0.624s url=https://www.myfonts.com/collections/galeria-font-latinotype/?tab=techSpecs
[2026-09-20T11:16:39Z] #506 attempt=1/2 status=200 0.550s url=https://www.myfonts.com/products/wide-semibold-acme-gothic-199544
[2026-09-20T11:16:40Z] #507 attempt=1/2 status=200 0.554s url=https://www.myfonts.com/collections/acme-gothic-font-mark-simonson/
[2026-09-20T11:16:41Z] #508 attempt=1/2 status=200 0.558s url=https://www.myfonts.com/collections/acme-gothic-font-mark-simonson/?tab=techSpecs
[2026-09-20T11:16:42Z] #509 attempt=1/2 status=200 0.435s url=https://www.myfonts.com/products/alt-regular-recoleta-203097
[2026-09-20T11:16:43Z] #510 attempt=1/2 status=200 0.496s url=https://www.myfonts.com/collections/recoleta-font-latinotype/
[2026-09-20T11:16:44Z] #511 attempt=1/2 status=200 0.586s url=https://www.myfonts.com/collections/recoleta-font-latinotype/?tab=techSpecs
[2026-09-20T11:16:45Z] #512 attempt=1/2 status=200 0.554s url=https://www.myfonts.com/products/semibold-acme-gothic-199504
[2026-09-20T11:16:50Z] #513 attempt=1/2 status=200 4.438s url=https://www.myfonts.com/collections/acme-gothic-font-mark-simonson/
[2026-09-20T11:16:50Z] #514 attempt=1/2 status=200 0.251s url=https://www.myfonts.com/collections/acme-gothic-font-mark-simonson/?tab=techSpecs
[2026-09-20T11:16:51Z] #515 attempt=1/2 status=200 0.453s url=https://www.myfonts.com/products/alt-medium-italic-galeria-207514
[2026-09-20T11:16:52Z] #516 attempt=1/2 status=200 0.257s url=https://www.myfonts.com/collections/galeria-font-latinotype/
[2026-09-20T11:16:53Z] #517 attempt=1/2 status=200 0.277s url=https://www.myfonts.com/collections/galeria-font-latinotype/?tab=techSpecs
[2026-09-20T11:16:54Z] #518 attempt=1/2 status=200 0.752s url=https://www.myfonts.com/products/alt-medium-galeria-207504
[2026-09-20T11:16:55Z] #519 attempt=1/2 status=200 0.599s url=https://www.myfonts.com/collections/galeria-font-latinotype/
[2026-09-20T11:16:55Z] #520 attempt=1/2 status=200 0.253s url=https://www.myfonts.com/collections/galeria-font-latinotype/?tab=techSpecs
[2026-09-20T11:16:58Z] #521 attempt=1/6 status=200 1.144s url=https://www.myfonts.com/products.json?limit=100&page=10
[2026-09-20T11:16:58Z] #522 attempt=1/2 status=200 0.550s url=https://www.myfonts.com/products/classic-bold-italic-sugo-pro-197764
[2026-09-20T11:16:59Z] #523 attempt=1/2 status=200 0.773s url=https://www.myfonts.com/collections/sugo-pro-font-zetafonts/
[2026-09-20T11:17:01Z] #524 attempt=1/2 status=200 0.822s url=https://www.myfonts.com/collections/sugo-pro-font-zetafonts/?tab=techSpecs
[2026-09-20T11:17:02Z] #525 attempt=1/2 status=200 0.525s url=https://www.myfonts.com/products/extrawide-black-acme-gothic-199433
[2026-09-20T11:17:03Z] #526 attempt=1/2 status=200 0.552s url=https://www.myfonts.com/collections/acme-gothic-font-mark-simonson/
[2026-09-20T11:17:04Z] #527 attempt=1/2 status=200 0.664s url=https://www.myfonts.com/collections/acme-gothic-font-mark-simonson/?tab=techSpecs
[2026-09-20T11:17:05Z] #528 attempt=1/2 status=200 0.716s url=https://www.myfonts.com/products/xx-condensed-regular-etna-255996
[2026-09-20T11:17:06Z] #529 attempt=1/2 status=200 0.911s url=https://www.myfonts.com/collections/etna-font-mark-simonson/
[2026-09-20T11:17:08Z] #530 attempt=1/2 status=200 1.013s url=https://www.myfonts.com/collections/etna-font-mark-simonson/?tab=techSpecs
[2026-09-20T11:17:09Z] #531 attempt=1/2 status=200 0.514s url=https://www.myfonts.com/products/alt-semi-bold-italic-galeria-207533
[2026-09-20T11:17:10Z] #532 attempt=1/2 status=200 0.638s url=https://www.myfonts.com/collections/galeria-font-latinotype/
[2026-09-20T11:17:11Z] #533 attempt=1/2 status=200 0.292s url=https://www.myfonts.com/collections/galeria-font-latinotype/?tab=techSpecs
[2026-09-20T11:17:12Z] #534 attempt=1/2 status=200 0.502s url=https://www.myfonts.com/products/semi-bold-italic-galeria-207376
[2026-09-20T11:17:12Z] #535 attempt=1/2 status=200 0.276s url=https://www.myfonts.com/collections/galeria-font-latinotype/
[2026-09-20T11:17:13Z] #536 attempt=1/2 status=200 0.690s url=https://www.myfonts.com/collections/galeria-font-latinotype/?tab=techSpecs
[2026-09-20T11:17:15Z] #537 attempt=1/2 status=200 0.483s url=https://www.myfonts.com/products/semi-bold-galeria-207368
[2026-09-20T11:17:15Z] #538 attempt=1/2 status=200 0.251s url=https://www.myfonts.com/collections/galeria-font-latinotype/
[2026-09-20T11:17:16Z] #539 attempt=1/2 status=200 0.259s url=https://www.myfonts.com/collections/galeria-font-latinotype/?tab=techSpecs
[2026-09-20T11:17:17Z] #540 attempt=1/2 status=200 0.609s url=https://www.myfonts.com/products/xx-condensed-extrabold-etna-256026
[2026-09-20T11:17:18Z] #541 attempt=1/2 status=200 0.299s url=https://www.myfonts.com/collections/etna-font-mark-simonson/
[2026-09-20T11:17:19Z] #542 attempt=1/2 status=200 0.919s url=https://www.myfonts.com/collections/etna-font-mark-simonson/?tab=techSpecs
[2026-09-20T11:17:20Z] #543 attempt=1/2 status=200 0.542s url=https://www.myfonts.com/products/semi-bold-singel-202121
[2026-09-20T11:17:21Z] #544 attempt=1/2 status=200 0.622s url=https://www.myfonts.com/collections/singel-font-fontfabric/
[2026-09-20T11:17:22Z] #545 attempt=1/2 status=200 0.568s url=https://www.myfonts.com/collections/singel-font-fontfabric/?tab=techSpecs
[2026-09-20T11:17:24Z] #546 attempt=1/2 status=200 0.788s url=https://www.myfonts.com/products/xx-condensed-bold-etna-256019
[2026-09-20T11:17:24Z] #547 attempt=1/2 status=200 0.312s url=https://www.myfonts.com/collections/etna-font-mark-simonson/
[2026-09-20T11:17:25Z] #548 attempt=1/2 status=200 0.276s url=https://www.myfonts.com/collections/etna-font-mark-simonson/?tab=techSpecs
[2026-09-20T11:17:26Z] #549 attempt=1/2 status=200 0.525s url=https://www.myfonts.com/products/book-singel-202087
[2026-09-20T11:17:27Z] #550 attempt=1/2 status=200 0.572s url=https://www.myfonts.com/collections/singel-font-fontfabric/
[2026-09-20T11:17:28Z] #551 attempt=1/2 status=200 0.278s url=https://www.myfonts.com/collections/singel-font-fontfabric/?tab=techSpecs
[2026-09-20T11:17:29Z] #552 attempt=1/2 status=200 0.762s url=https://www.myfonts.com/products/x-condensed-light-etna-255922
[2026-09-20T11:17:30Z] #553 attempt=1/2 status=200 0.289s url=https://www.myfonts.com/collections/etna-font-mark-simonson/
[2026-09-20T11:17:31Z] #554 attempt=1/2 status=200 0.926s url=https://www.myfonts.com/collections/etna-font-mark-simonson/?tab=techSpecs
[2026-09-20T11:17:33Z] #555 attempt=1/2 status=200 0.506s url=https://www.myfonts.com/products/hairline-parkside-204548
[2026-09-20T11:17:33Z] #556 attempt=1/2 status=200 0.416s url=https://www.myfonts.com/collections/parkside-font-mark-simonson/
[2026-09-20T11:17:34Z] #557 attempt=1/2 status=200 0.406s url=https://www.myfonts.com/collections/parkside-font-mark-simonson/?tab=techSpecs
[2026-09-20T11:17:35Z] #558 attempt=1/2 status=200 0.730s url=https://www.myfonts.com/products/condensed-black-etna-255907
[2026-09-20T11:17:36Z] #559 attempt=1/2 status=200 0.990s url=https://www.myfonts.com/collections/etna-font-mark-simonson/
[2026-09-20T11:17:38Z] #560 attempt=1/2 status=200 0.989s url=https://www.myfonts.com/collections/etna-font-mark-simonson/?tab=techSpecs
[2026-09-20T11:17:39Z] #561 attempt=1/2 status=200 0.479s url=https://www.myfonts.com/products/classic-regular-sugo-pro-197794
[2026-09-20T11:17:40Z] #562 attempt=1/2 status=200 0.756s url=https://www.myfonts.com/collections/sugo-pro-font-zetafonts/
[2026-09-20T11:17:49Z] #563 attempt=1/2 status=200 8.354s url=https://www.myfonts.com/collections/sugo-pro-font-zetafonts/?tab=techSpecs
[2026-09-20T11:17:50Z] #564 attempt=1/2 status=200 0.411s url=https://www.myfonts.com/products/display-regular-sugo-pro-197626
[2026-09-20T11:17:51Z] #565 attempt=1/2 status=200 0.730s url=https://www.myfonts.com/collections/sugo-pro-font-zetafonts/
[2026-09-20T11:17:52Z] #566 attempt=1/2 status=200 0.883s url=https://www.myfonts.com/collections/sugo-pro-font-zetafonts/?tab=techSpecs
[2026-09-20T11:17:54Z] #567 attempt=1/2 status=200 0.445s url=https://www.myfonts.com/products/display-light-sugo-pro-197719
[2026-09-20T11:17:54Z] #568 attempt=1/2 status=200 0.266s url=https://www.myfonts.com/collections/sugo-pro-font-zetafonts/
[2026-09-20T11:17:55Z] #569 attempt=1/2 status=200 0.265s url=https://www.myfonts.com/collections/sugo-pro-font-zetafonts/?tab=techSpecs
[2026-09-20T11:17:56Z] #570 attempt=1/2 status=200 0.497s url=https://www.myfonts.com/products/extrawide-regular-acme-gothic-199472
[2026-09-20T11:17:57Z] #571 attempt=1/2 status=200 0.546s url=https://www.myfonts.com/collections/acme-gothic-font-mark-simonson/
[2026-09-20T11:17:58Z] #572 attempt=1/2 status=200 0.568s url=https://www.myfonts.com/collections/acme-gothic-font-mark-simonson/?tab=techSpecs
[2026-09-20T11:17:59Z] #573 attempt=1/2 status=200 0.459s url=https://www.myfonts.com/products/display-italic-sugo-pro-197709
[2026-09-20T11:17:59Z] #574 attempt=1/2 status=200 0.252s url=https://www.myfonts.com/collections/sugo-pro-font-zetafonts/
[2026-09-20T11:18:00Z] #575 attempt=1/2 status=200 0.263s url=https://www.myfonts.com/collections/sugo-pro-font-zetafonts/?tab=techSpecs
[2026-09-20T11:18:01Z] #576 attempt=1/2 status=200 0.545s url=https://www.myfonts.com/products/extrawide-light-acme-gothic-199454
[2026-09-20T11:18:02Z] #577 attempt=1/2 status=200 0.242s url=https://www.myfonts.com/collections/acme-gothic-font-mark-simonson/
[2026-09-20T11:18:02Z] #578 attempt=1/2 status=200 0.251s url=https://www.myfonts.com/collections/acme-gothic-font-mark-simonson/?tab=techSpecs
[2026-09-20T11:18:04Z] #579 attempt=1/2 status=200 0.647s url=https://www.myfonts.com/products/light-italic-singel-202097
[2026-09-20T11:18:04Z] #580 attempt=1/2 status=200 0.504s url=https://www.myfonts.com/collections/singel-font-fontfabric/
[2026-09-20T11:18:05Z] #581 attempt=1/2 status=200 0.288s url=https://www.myfonts.com/collections/singel-font-fontfabric/?tab=techSpecs
[2026-09-20T11:18:06Z] #582 attempt=1/2 status=200 0.455s url=https://www.myfonts.com/products/classic-italic-sugo-pro-197777
[2026-09-20T11:18:07Z] #583 attempt=1/2 status=200 0.297s url=https://www.myfonts.com/collections/sugo-pro-font-zetafonts/
[2026-09-20T11:18:07Z] #584 attempt=1/2 status=200 0.280s url=https://www.myfonts.com/collections/sugo-pro-font-zetafonts/?tab=techSpecs
[2026-09-20T11:18:09Z] #585 attempt=1/2 status=200 0.393s url=https://www.myfonts.com/products/display-extra-light-sugo-pro-197679
[2026-09-20T11:18:09Z] #586 attempt=1/2 status=200 0.320s url=https://www.myfonts.com/collections/sugo-pro-font-zetafonts/
[2026-09-20T11:18:10Z] #587 attempt=1/2 status=200 0.815s url=https://www.myfonts.com/collections/sugo-pro-font-zetafonts/?tab=techSpecs
[2026-09-20T11:18:12Z] #588 attempt=1/2 status=200 0.575s url=https://www.myfonts.com/products/bold-italic-singel-202070
[2026-09-20T11:18:12Z] #589 attempt=1/2 status=200 0.587s url=https://www.myfonts.com/collections/singel-font-fontfabric/
[2026-09-20T11:18:13Z] #590 attempt=1/2 status=200 0.249s url=https://www.myfonts.com/collections/singel-font-fontfabric/?tab=techSpecs
[2026-09-20T11:18:14Z] #591 attempt=1/2 status=200 0.558s url=https://www.myfonts.com/products/display-thin-sugo-pro-197637
[2026-09-20T11:18:15Z] #592 attempt=1/2 status=200 0.745s url=https://www.myfonts.com/collections/sugo-pro-font-zetafonts/
[2026-09-20T11:18:16Z] #593 attempt=1/2 status=200 0.291s url=https://www.myfonts.com/collections/sugo-pro-font-zetafonts/?tab=techSpecs
[2026-09-20T11:18:17Z] #594 attempt=1/2 status=200 0.553s url=https://www.myfonts.com/products/regular-acme-gothic-199492
[2026-09-20T11:18:18Z] #595 attempt=1/2 status=200 0.559s url=https://www.myfonts.com/collections/acme-gothic-font-mark-simonson/
[2026-09-20T11:18:19Z] #596 attempt=1/2 status=200 0.601s url=https://www.myfonts.com/collections/acme-gothic-font-mark-simonson/?tab=techSpecs
[2026-09-20T11:18:20Z] #597 attempt=1/2 status=200 0.492s url=https://www.myfonts.com/products/alt-black-galeria-207562
[2026-09-20T11:18:21Z] #598 attempt=1/2 status=200 0.635s url=https://www.myfonts.com/collections/galeria-font-latinotype/
[2026-09-20T11:18:22Z] #599 attempt=1/2 status=200 0.583s url=https://www.myfonts.com/collections/galeria-font-latinotype/?tab=techSpecs
[2026-09-20T11:18:23Z] #600 attempt=1/2 status=200 0.394s url=https://www.myfonts.com/products/regular-italic-singel-202115
[2026-09-20T11:18:24Z] #601 attempt=1/2 status=200 0.599s url=https://www.myfonts.com/collections/singel-font-fontfabric/
[2026-09-20T11:18:25Z] #602 attempt=1/2 status=200 0.680s url=https://www.myfonts.com/collections/singel-font-fontfabric/?tab=techSpecs
[2026-09-20T11:18:26Z] #603 attempt=1/2 status=200 0.514s url=https://www.myfonts.com/products/light-singel-202076
[2026-09-20T11:18:27Z] #604 attempt=1/2 status=200 0.272s url=https://www.myfonts.com/collections/singel-font-fontfabric/
[2026-09-20T11:18:27Z] #605 attempt=1/2 status=200 0.249s url=https://www.myfonts.com/collections/singel-font-fontfabric/?tab=techSpecs
[2026-09-20T11:18:29Z] #606 attempt=1/2 status=200 0.402s url=https://www.myfonts.com/products/regular-parkside-204559
[2026-09-20T11:18:29Z] #607 attempt=1/2 status=200 0.394s url=https://www.myfonts.com/collections/parkside-font-mark-simonson/
[2026-09-20T11:18:30Z] #608 attempt=1/2 status=200 0.465s url=https://www.myfonts.com/collections/parkside-font-mark-simonson/?tab=techSpecs
[2026-09-20T11:18:31Z] #609 attempt=1/2 status=200 0.627s url=https://www.myfonts.com/products/black-italic-galeria-207417
[2026-09-20T11:18:32Z] #610 attempt=1/2 status=200 0.640s url=https://www.myfonts.com/collections/galeria-font-latinotype/
[2026-09-20T11:18:33Z] #611 attempt=1/2 status=200 0.260s url=https://www.myfonts.com/collections/galeria-font-latinotype/?tab=techSpecs
[2026-09-20T11:18:34Z] #612 attempt=1/2 status=200 0.411s url=https://www.myfonts.com/products/bold-radcliffe-hand-205476
[2026-09-20T11:18:34Z] #613 attempt=1/2 status=200 0.385s url=https://www.myfonts.com/collections/radcliffe-hand-font-zetafonts/
[2026-09-20T11:18:35Z] #614 attempt=1/2 status=200 0.235s url=https://www.myfonts.com/collections/radcliffe-hand-font-zetafonts/?tab=techSpecs
[2026-09-20T11:18:36Z] #615 attempt=1/2 status=200 0.537s url=https://www.myfonts.com/products/medium-galeria-207347
[2026-09-20T11:18:37Z] #616 attempt=1/2 status=200 0.822s url=https://www.myfonts.com/collections/galeria-font-latinotype/
[2026-09-20T11:18:38Z] #617 attempt=1/2 status=200 0.277s url=https://www.myfonts.com/collections/galeria-font-latinotype/?tab=techSpecs
[2026-09-20T11:18:39Z] #618 attempt=1/2 status=200 0.544s url=https://www.myfonts.com/products/wide-bold-acme-gothic-199528
[2026-09-20T11:18:40Z] #619 attempt=1/2 status=200 0.573s url=https://www.myfonts.com/collections/acme-gothic-font-mark-simonson/
[2026-09-20T11:18:41Z] #620 attempt=1/2 status=200 0.300s url=https://www.myfonts.com/collections/acme-gothic-font-mark-simonson/?tab=techSpecs
[2026-09-20T11:18:42Z] #621 attempt=1/2 status=200 0.482s url=https://www.myfonts.com/products/extra-light-galeria-207275
[2026-09-20T11:18:43Z] #622 attempt=1/2 status=200 0.630s url=https://www.myfonts.com/collections/galeria-font-latinotype/
[2026-09-20T11:18:44Z] #623 attempt=1/2 status=200 0.252s url=https://www.myfonts.com/collections/galeria-font-latinotype/?tab=techSpecs
[2026-09-20T11:18:45Z] #624 attempt=1/2 status=200 0.466s url=https://www.myfonts.com/products/condensed-black-acme-gothic-199388
[2026-09-20T11:18:45Z] #625 attempt=1/2 status=200 0.257s url=https://www.myfonts.com/collections/acme-gothic-font-mark-simonson/
[2026-09-20T11:18:46Z] #626 attempt=1/2 status=200 0.745s url=https://www.myfonts.com/collections/acme-gothic-font-mark-simonson/?tab=techSpecs
[2026-09-20T11:18:47Z] #627 attempt=1/2 status=200 0.358s url=https://www.myfonts.com/products/regular-radcliffe-hand-205541
[2026-09-20T11:18:48Z] #628 attempt=1/2 status=200 0.220s url=https://www.myfonts.com/collections/radcliffe-hand-font-zetafonts/
[2026-09-20T11:18:49Z] #629 attempt=1/2 status=200 0.409s url=https://www.myfonts.com/products/bold-italic-radcliffe-hand-205521
[2026-09-20T11:18:49Z] #630 attempt=1/2 status=200 0.397s url=https://www.myfonts.com/collections/radcliffe-hand-font-zetafonts/
[2026-09-20T11:18:50Z] #631 attempt=1/2 status=200 0.477s url=https://www.myfonts.com/products/display-extra-light-italic-sugo-pro-197689
[2026-09-20T11:18:51Z] #632 attempt=1/2 status=200 0.826s url=https://www.myfonts.com/collections/sugo-pro-font-zetafonts/
[2026-09-20T11:18:52Z] #633 attempt=1/2 status=200 0.387s url=https://www.myfonts.com/products/script-regular-radcliffe-hand-205494
[2026-09-20T11:18:52Z] #634 attempt=1/2 status=200 0.433s url=https://www.myfonts.com/collections/radcliffe-hand-font-zetafonts/
[2026-09-20T11:18:53Z] #635 attempt=1/2 status=200 0.497s url=https://www.myfonts.com/products/compressed-regular-acme-gothic-199368
[2026-09-20T11:18:54Z] #636 attempt=1/2 status=200 0.621s url=https://www.myfonts.com/collections/acme-gothic-font-mark-simonson/
[2026-09-20T11:18:55Z] #637 attempt=1/2 status=200 0.491s url=https://www.myfonts.com/products/display-bold-italic-sugo-pro-197667
[2026-09-20T11:18:56Z] #638 attempt=1/2 status=200 0.781s url=https://www.myfonts.com/collections/sugo-pro-font-zetafonts/
[2026-09-20T11:18:57Z] #639 attempt=1/2 status=200 0.587s url=https://www.myfonts.com/products/compressed-bold-acme-gothic-199329
[2026-09-20T11:18:57Z] #640 attempt=1/2 status=200 0.247s url=https://www.myfonts.com/collections/acme-gothic-font-mark-simonson/
[2026-09-20T11:18:58Z] #641 attempt=1/2 status=200 0.548s url=https://www.myfonts.com/products/light-italic-galeria-207314
[2026-09-20T11:18:59Z] #642 attempt=1/2 status=200 0.266s url=https://www.myfonts.com/collections/galeria-font-latinotype/
[2026-09-20T11:19:00Z] #643 attempt=1/2 status=200 0.456s url=https://www.myfonts.com/products/classic-light-sugo-pro-197735
[2026-09-20T11:19:01Z] #644 attempt=1/2 status=200 0.762s url=https://www.myfonts.com/collections/sugo-pro-font-zetafonts/
[2026-09-20T11:19:01Z] #645 attempt=1/2 status=200 0.513s url=https://www.myfonts.com/products/classic-thin-italic-sugo-pro-197647
[2026-09-20T11:19:02Z] #646 attempt=1/2 status=200 0.307s url=https://www.myfonts.com/collections/sugo-pro-font-zetafonts/
[2026-09-20T11:19:03Z] #647 attempt=1/2 status=200 0.586s url=https://www.myfonts.com/products/alt-light-galeria-207465
[2026-09-20T11:19:04Z] #648 attempt=1/2 status=200 0.651s url=https://www.myfonts.com/collections/galeria-font-latinotype/
[2026-09-20T11:19:05Z] #649 attempt=1/2 status=200 0.503s url=https://www.myfonts.com/products/alt-extra-light-galeria-207446
[2026-09-20T11:19:05Z] #650 attempt=1/2 status=200 0.286s url=https://www.myfonts.com/collections/galeria-font-latinotype/
[2026-09-20T11:19:06Z] #651 attempt=1/2 status=200 0.841s url=https://www.myfonts.com/products/xx-condensed-black-etna-256039
[2026-09-20T11:19:08Z] #652 attempt=1/2 status=200 0.948s url=https://www.myfonts.com/collections/etna-font-mark-simonson/
[2026-09-20T11:19:09Z] #653 attempt=1/2 status=200 0.570s url=https://www.myfonts.com/products/alt-thin-galeria-207430
[2026-09-20T11:19:09Z] #654 attempt=1/2 status=200 0.590s url=https://www.myfonts.com/collections/galeria-font-latinotype/
[2026-09-20T11:19:10Z] #655 attempt=1/2 status=200 0.623s url=https://www.myfonts.com/products/x-condensed-extrabold-etna-255963
[2026-09-20T11:19:11Z] #656 attempt=1/2 status=200 0.322s url=https://www.myfonts.com/collections/etna-font-mark-simonson/
[2026-09-20T11:19:12Z] #657 attempt=1/2 status=200 0.502s url=https://www.myfonts.com/products/bold-galeria-207389
[2026-09-20T11:19:13Z] #658 attempt=1/2 status=200 0.631s url=https://www.myfonts.com/collections/galeria-font-latinotype/
[2026-09-20T11:19:14Z] #659 attempt=1/2 status=200 0.727s url=https://www.myfonts.com/products/x-condensed-semibold-etna-255942
[2026-09-20T11:19:15Z] #660 attempt=1/2 status=200 0.960s url=https://www.myfonts.com/collections/etna-font-mark-simonson/
[2026-09-20T11:19:16Z] #661 attempt=1/2 status=200 0.529s url=https://www.myfonts.com/products/thin-italic-galeria-207266
[2026-09-20T11:19:17Z] #662 attempt=1/2 status=200 0.246s url=https://www.myfonts.com/collections/galeria-font-latinotype/
[2026-09-20T11:19:17Z] #663 attempt=1/2 status=200 0.443s url=https://www.myfonts.com/products/alt-black-italic-galeria-207572
[2026-09-20T11:19:18Z] #664 attempt=1/2 status=200 0.251s url=https://www.myfonts.com/collections/galeria-font-latinotype/
[2026-09-20T11:19:19Z] #665 attempt=1/2 status=200 0.459s url=https://www.myfonts.com/products/alt-semi-bold-galeria-207524
[2026-09-20T11:19:20Z] #666 attempt=1/2 status=200 0.771s url=https://www.myfonts.com/collections/galeria-font-latinotype/
[2026-09-20T11:19:21Z] #667 attempt=1/2 status=200 0.846s url=https://www.myfonts.com/products/black-etna-255837
[2026-09-20T11:19:22Z] #668 attempt=1/2 status=200 0.960s url=https://www.myfonts.com/collections/etna-font-mark-simonson/
[2026-09-20T11:19:23Z] #669 attempt=1/2 status=200 0.702s url=https://www.myfonts.com/products/regular-etna-255760
[2026-09-20T11:19:24Z] #670 attempt=1/2 status=200 0.890s url=https://www.myfonts.com/collections/etna-font-mark-simonson/
[2026-09-20T11:19:26Z] #671 attempt=1/2 status=200 1.455s url=https://www.myfonts.com/products/black-outline-tt-lakes-neue-265166
[2026-09-20T11:19:28Z] #672 attempt=1/2 status=200 1.739s url=https://www.myfonts.com/collections/tt-lakes-neue-font-typetype/
[2026-09-20T11:19:29Z] #673 attempt=1/2 status=200 0.682s url=https://www.myfonts.com/products/condensed-semibold-etna-255876
[2026-09-20T11:19:30Z] #674 attempt=1/2 status=200 0.342s url=https://www.myfonts.com/collections/etna-font-mark-simonson/
[2026-09-20T11:19:31Z] #675 attempt=1/2 status=200 0.647s url=https://www.myfonts.com/products/regular-tt-trailers-256041
[2026-09-20T11:19:32Z] #676 attempt=1/2 status=200 0.632s url=https://www.myfonts.com/collections/tt-trailers-font-typetype/
[2026-09-20T11:19:33Z] #677 attempt=1/2 status=200 0.714s url=https://www.myfonts.com/products/condensed-regular-etna-255866
[2026-09-20T11:19:33Z] #678 attempt=1/2 status=200 0.279s url=https://www.myfonts.com/collections/etna-font-mark-simonson/
[2026-09-20T11:19:34Z] #679 attempt=1/2 status=200 0.610s url=https://www.myfonts.com/products/xx-condensed-light-etna-255985
[2026-09-20T11:19:36Z] #680 attempt=1/2 status=200 1.037s url=https://www.myfonts.com/collections/etna-font-mark-simonson/
[2026-09-20T11:19:37Z] #681 attempt=1/2 status=200 0.586s url=https://www.myfonts.com/products/thin-tt-smalls-430791
[2026-09-20T11:19:38Z] #682 attempt=1/2 status=200 0.765s url=https://www.myfonts.com/collections/tt-smalls-font-typetype/
[2026-09-20T11:19:39Z] #683 attempt=1/2 status=200 0.851s url=https://www.myfonts.com/products/xx-condensed-semibold-etna-256007
[2026-09-20T11:19:40Z] #684 attempt=1/2 status=200 0.345s url=https://www.myfonts.com/collections/etna-font-mark-simonson/
[2026-09-20T11:19:41Z] #685 attempt=1/2 status=200 0.628s url=https://www.myfonts.com/products/extrabold-italic-etna-255829
[2026-09-20T11:19:42Z] #686 attempt=1/2 status=200 0.955s url=https://www.myfonts.com/collections/etna-font-mark-simonson/
[2026-09-20T11:19:43Z] #687 attempt=1/2 status=200 0.818s url=https://www.myfonts.com/products/x-condensed-regular-etna-255930
[2026-09-20T11:19:44Z] #688 attempt=1/2 status=200 0.984s url=https://www.myfonts.com/collections/etna-font-mark-simonson/
[2026-09-20T11:19:45Z] #689 attempt=1/2 status=200 0.754s url=https://www.myfonts.com/products/semibold-italic-etna-255793
[2026-09-20T11:19:46Z] #690 attempt=1/2 status=200 0.305s url=https://www.myfonts.com/collections/etna-font-mark-simonson/
[2026-09-20T11:19:47Z] #691 attempt=1/2 status=200 0.641s url=https://www.myfonts.com/products/italic-demo-cocogoose-classic-437922
[2026-09-20T11:19:48Z] #692 attempt=1/2 status=200 0.818s url=https://www.myfonts.com/collections/cocogoose-classic-font-zetafonts/
[2026-09-20T11:19:49Z] #693 attempt=1/2 status=200 0.640s url=https://www.myfonts.com/products/condensed-extrabold-etna-255895
[2026-09-20T11:19:50Z] #694 attempt=1/2 status=200 0.298s url=https://www.myfonts.com/collections/etna-font-mark-simonson/
[2026-09-20T11:19:52Z] #695 attempt=1/2 status=200 1.458s url=https://www.myfonts.com/products/black-outline-italic-tt-lakes-neue-265156
[2026-09-20T11:19:53Z] #696 attempt=1/2 status=200 1.321s url=https://www.myfonts.com/collections/tt-lakes-neue-font-typetype/
[2026-09-20T11:19:54Z] #697 attempt=1/2 status=200 0.763s url=https://www.myfonts.com/products/semibold-etna-255781
[2026-09-20T11:19:55Z] #698 attempt=1/2 status=200 0.308s url=https://www.myfonts.com/collections/etna-font-mark-simonson/
[2026-09-20T11:19:56Z] #699 attempt=1/2 status=200 0.625s url=https://www.myfonts.com/products/black-italic-etna-255845
[2026-09-20T11:19:57Z] #700 attempt=1/2 status=200 0.328s url=https://www.myfonts.com/collections/etna-font-mark-simonson/
[2026-09-20T11:19:58Z] #701 attempt=1/2 status=200 0.666s url=https://www.myfonts.com/products/x-condensed-black-etna-255974
[2026-09-20T11:19:58Z] #702 attempt=1/2 status=200 0.281s url=https://www.myfonts.com/collections/etna-font-mark-simonson/
[2026-09-20T11:20:00Z] #703 attempt=1/6 status=200 1.208s url=https://www.myfonts.com/products.json?limit=100&page=11
[2026-09-20T11:20:01Z] #704 attempt=1/2 status=200 0.621s url=https://www.myfonts.com/products/icon-tt-trailers-256096
[2026-09-20T11:20:02Z] #705 attempt=1/2 status=200 0.682s url=https://www.myfonts.com/collections/tt-trailers-font-typetype/
[2026-09-20T11:20:03Z] #706 attempt=1/2 status=200 0.823s url=https://www.myfonts.com/products/bold-italic-etna-255812
[2026-09-20T11:20:04Z] #707 attempt=1/2 status=200 0.853s url=https://www.myfonts.com/collections/etna-font-mark-simonson/
[2026-09-20T11:20:05Z] #708 attempt=1/2 status=200 0.697s url=https://www.myfonts.com/products/condensed-light-etna-255857
[2026-09-20T11:20:06Z] #709 attempt=1/2 status=200 0.288s url=https://www.myfonts.com/collections/etna-font-mark-simonson/
[2026-09-20T11:20:07Z] #710 attempt=1/2 status=200 0.332s url=https://www.myfonts.com/products/roman-proxima-vara-251448
[2026-09-20T11:20:07Z] #711 attempt=1/2 status=200 0.428s url=https://www.myfonts.com/collections/proxima-vara-font-mark-simonson/
[2026-09-20T11:20:08Z] #712 attempt=1/2 status=200 0.457s url=https://www.myfonts.com/products/battle-cry-complete-family-package-930788
[2026-09-20T11:20:09Z] #713 attempt=1/2 status=200 0.399s url=https://www.myfonts.com/collections/battle-cry-font-comicraft/
[2026-09-20T11:20:11Z] #714 attempt=1/2 status=200 1.653s url=https://www.myfonts.com/products/proxima-nova-std-black-italic-package-571512
[2026-09-20T11:20:13Z] #715 attempt=1/2 status=200 2.428s url=https://www.myfonts.com/collections/proxima-nova-font-mark-simonson/
[2026-09-20T11:20:15Z] #716 attempt=1/2 status=200 0.643s url=https://www.myfonts.com/products/enamela-condensed-package-556530
[2026-09-20T11:20:16Z] #717 attempt=1/2 status=200 0.695s url=https://www.myfonts.com/collections/enamela-font-k-type/
[2026-09-20T11:20:16Z] #718 attempt=1/2 status=200 0.516s url=https://www.myfonts.com/products/pop-cubism-color-kit-package-928912
[2026-09-20T11:20:17Z] #719 attempt=1/2 status=200 0.490s url=https://www.myfonts.com/collections/pop-cubism-font-k-type/
[2026-09-20T11:20:20Z] #720 attempt=1/2 status=200 2.767s url=https://www.myfonts.com/products/intro-goodies-package-157887
[2026-09-20T11:20:22Z] #721 attempt=1/2 status=200 1.819s url=https://www.myfonts.com/collections/intro-rust-font-fontfabric/
[2026-09-20T11:20:24Z] #722 attempt=1/2 status=200 0.438s url=https://www.myfonts.com/products/rolka-family-package-96008
[2026-09-20T11:20:24Z] #723 attempt=1/2 status=200 0.484s url=https://www.myfonts.com/collections/rolka-font-fontfabric/
[2026-09-20T11:20:25Z] #724 attempt=1/2 status=200 0.466s url=https://www.myfonts.com/products/near-myth-complete-family-package-929700
[2026-09-20T11:20:26Z] #725 attempt=1/2 status=200 0.463s url=https://www.myfonts.com/collections/near-myth-font-comicraft/
[2026-09-20T11:20:27Z] #726 attempt=1/2 status=200 0.500s url=https://www.myfonts.com/products/kare-package-102030
[2026-09-20T11:20:27Z] #727 attempt=1/2 status=200 0.571s url=https://www.myfonts.com/collections/kare-font-fontfabric/
[2026-09-20T11:20:28Z] #728 attempt=1/2 status=200 0.397s url=https://www.myfonts.com/products/fang-adamantium-938456
[2026-09-20T11:20:29Z] #729 attempt=1/2 status=200 0.415s url=https://www.myfonts.com/collections/adamantium-font-comicraft/
[2026-09-20T11:20:30Z] #730 attempt=1/2 status=200 0.539s url=https://www.myfonts.com/products/great-heavy-elephantmen-great-and-tall-946433
[2026-09-20T11:20:30Z] #731 attempt=1/2 status=200 0.517s url=https://www.myfonts.com/collections/elephantmen-great-and-tall-font-comicraft/
[2026-09-20T11:20:31Z] #732 attempt=1/2 status=200 0.529s url=https://www.myfonts.com/products/ultralight-italic-116869-116869-regan-slab-561407
[2026-09-20T11:20:32Z] #733 attempt=1/2 status=200 0.698s url=https://www.myfonts.com/collections/regan-slab-font-the-northern-block/
[2026-09-20T11:20:33Z] #734 attempt=1/2 status=200 0.450s url=https://www.myfonts.com/products/regular-duplicate-2-wiccan-sans-934600
[2026-09-20T11:20:34Z] #735 attempt=1/2 status=200 0.519s url=https://www.myfonts.com/collections/wiccan-sans-font-comicraft/
[2026-09-20T11:20:35Z] #736 attempt=1/2 status=200 0.526s url=https://www.myfonts.com/products/book-italic-strato-pro-1004088
[2026-09-20T11:20:35Z] #737 attempt=1/2 status=200 0.663s url=https://www.myfonts.com/collections/strato-pro-font-mostardesign/
[2026-09-20T11:20:36Z] #738 attempt=1/2 status=200 0.382s url=https://www.myfonts.com/products/open-splashdown-939938
[2026-09-20T11:20:37Z] #739 attempt=1/2 status=200 0.386s url=https://www.myfonts.com/collections/splashdown-font-comicraft/
[2026-09-20T11:20:38Z] #740 attempt=1/2 status=200 0.447s url=https://www.myfonts.com/products/bold-italic-richard-starkings-935781
[2026-09-20T11:20:38Z] #741 attempt=1/2 status=200 0.503s url=https://www.myfonts.com/collections/richard-starkings-font-comicraft/
[2026-09-20T11:20:39Z] #742 attempt=1/2 status=200 0.325s url=https://www.myfonts.com/products/swash-spaghetti-western-935161
[2026-09-20T11:20:39Z] #743 attempt=1/2 status=200 0.382s url=https://www.myfonts.com/collections/spaghetti-western-font-comicraft/
[2026-09-20T11:20:40Z] #744 attempt=1/2 status=200 0.380s url=https://www.myfonts.com/products/bold-italic-victory-speech-934335
[2026-09-20T11:20:41Z] #745 attempt=1/2 status=200 0.496s url=https://www.myfonts.com/collections/victory-speech-font-comicraft/
[2026-09-20T11:20:42Z] #746 attempt=1/2 status=200 0.572s url=https://www.myfonts.com/products/mammoth-gardner-sans-569446
[2026-09-20T11:20:43Z] #747 attempt=1/2 status=200 0.702s url=https://www.myfonts.com/collections/gardner-sans-font-lewis-mcguffie-type/
[2026-09-20T11:20:43Z] #748 attempt=1/2 status=200 0.343s url=https://www.myfonts.com/products/outline-belly-laugh-939603
[2026-09-20T11:20:44Z] #749 attempt=1/2 status=200 0.415s url=https://www.myfonts.com/collections/belly-laugh-font-comicraft/
[2026-09-20T11:20:45Z] #750 attempt=1/2 status=200 0.433s url=https://www.myfonts.com/products/bold-italic-cheese-and-crackers-939501
[2026-09-20T11:20:46Z] #751 attempt=1/2 status=200 0.629s url=https://www.myfonts.com/collections/cheese-and-crackers-font-comicraft/
[2026-09-20T11:20:47Z] #752 attempt=1/2 status=200 1.358s url=https://www.myfonts.com/products/extra-2-dsert-561510
[2026-09-20T11:20:50Z] #753 attempt=1/2 status=200 2.436s url=https://www.myfonts.com/collections/dsert-font-latinotype/
[2026-09-20T11:20:51Z] #754 attempt=1/2 status=200 0.373s url=https://www.myfonts.com/products/second-stage-regular-rocket-man-941540
[2026-09-20T11:20:52Z] #755 attempt=1/2 status=200 0.489s url=https://www.myfonts.com/collections/rocket-man-font-comicraft/
[2026-09-20T11:20:54Z] #756 attempt=1/6 status=200 1.310s url=https://www.myfonts.com/products.json?limit=100&page=12
[2026-09-20T11:20:54Z] #757 attempt=1/2 status=200 0.349s url=https://www.myfonts.com/products/outline-rugged-rock-942010
[2026-09-20T11:20:55Z] #758 attempt=1/2 status=200 0.478s url=https://www.myfonts.com/collections/rugged-rock-font-comicraft/
[2026-09-20T11:20:56Z] #759 attempt=1/2 status=200 0.613s url=https://www.myfonts.com/products/demibold-italic-urbane-568626
[2026-09-20T11:20:57Z] #760 attempt=1/2 status=200 0.897s url=https://www.myfonts.com/collections/urbane-font-device/
[2026-09-20T11:20:58Z] #761 attempt=1/2 status=200 0.444s url=https://www.myfonts.com/products/regular-ccdreamland-946685
[2026-09-20T11:20:59Z] #762 attempt=1/2 status=200 0.749s url=https://www.myfonts.com/collections/ccdreamland-font-comicraft/
[2026-09-20T11:20:59Z] #763 attempt=1/2 status=200 0.364s url=https://www.myfonts.com/products/alien-ancient-astronaut-945467
[2026-09-20T11:21:00Z] #764 attempt=1/2 status=200 0.435s url=https://www.myfonts.com/collections/ancient-astronaut-font-comicraft/
[2026-09-20T11:21:01Z] #765 attempt=1/2 status=200 0.470s url=https://www.myfonts.com/products/near-outline-italic-the-story-so-far-946492
[2026-09-20T11:21:02Z] #766 attempt=1/2 status=200 0.679s url=https://www.myfonts.com/collections/the-story-so-far-font-comicraft/
[2026-09-20T11:21:03Z] #767 attempt=1/2 status=200 0.519s url=https://www.myfonts.com/products/bold-italic-tt-chocolates-condensed-567086
[2026-09-20T11:21:03Z] #768 attempt=1/2 status=200 0.532s url=https://www.myfonts.com/collections/tt-chocolates-condensed-font-typetype/
[2026-09-20T11:21:04Z] #769 attempt=1/2 status=200 0.450s url=https://www.myfonts.com/products/brush-regular-tim-sale-brush-941530
[2026-09-20T11:21:05Z] #770 attempt=1/2 status=200 0.427s url=https://www.myfonts.com/collections/tim-sale-brush-font-comicraft/
[2026-09-20T11:21:05Z] #771 attempt=1/2 status=200 0.378s url=https://www.myfonts.com/products/regular-crayon-en-folie-170295
[2026-09-20T11:21:06Z] #772 attempt=1/2 status=200 0.452s url=https://www.myfonts.com/collections/crayon-en-folie-font-hanoded/
[2026-09-20T11:21:07Z] #773 attempt=1/2 status=200 0.419s url=https://www.myfonts.com/products/regular-cheeky-monkey-942904
[2026-09-20T11:21:07Z] #774 attempt=1/2 status=200 0.406s url=https://www.myfonts.com/collections/cheeky-monkey-font-comicraft/
[2026-09-20T11:21:08Z] #775 attempt=1/2 status=200 0.554s url=https://www.myfonts.com/products/500-museo-576057
[2026-09-20T11:21:09Z] #776 attempt=1/2 status=200 0.770s url=https://www.myfonts.com/collections/museo-font-exljbris/
[2026-09-20T11:21:10Z] #777 attempt=1/2 status=200 0.415s url=https://www.myfonts.com/products/open-rumble-939685
[2026-09-20T11:21:11Z] #778 attempt=1/2 status=200 0.431s url=https://www.myfonts.com/collections/rumble-font-comicraft/
[2026-09-20T11:21:12Z] #779 attempt=1/2 status=200 0.714s url=https://www.myfonts.com/products/black-italic-arquitecta-162684
[2026-09-20T11:21:13Z] #780 attempt=1/2 status=200 0.816s url=https://www.myfonts.com/collections/arquitecta-font-latinotype/
[2026-09-20T11:21:14Z] #781 attempt=1/2 status=200 0.545s url=https://www.myfonts.com/products/twenty-four-cond-bold-raster-gothic-174000
[2026-09-20T11:21:14Z] #782 attempt=1/2 status=200 0.576s url=https://www.myfonts.com/collections/raster-gothic-font-mark-simonson/
[2026-09-20T11:21:15Z] #783 attempt=1/2 status=200 0.526s url=https://www.myfonts.com/collections/raster-gothic-font-mark-simonson/
[2026-09-20T11:21:16Z] #784 attempt=1/2 status=200 0.458s url=https://www.myfonts.com/products/twelve-cond-raster-gothic-173961
[2026-09-20T11:21:17Z] #785 attempt=1/2 status=200 0.333s url=https://www.myfonts.com/collections/raster-gothic-font-mark-simonson/
[2026-09-20T11:21:17Z] #786 attempt=1/2 status=200 0.247s url=https://www.myfonts.com/collections/raster-gothic-font-mark-simonson/
[2026-09-20T11:21:18Z] #787 attempt=1/2 status=200 0.401s url=https://www.myfonts.com/products/eighteen-cond-bold-raster-gothic-173981
[2026-09-20T11:21:18Z] #788 attempt=1/2 status=200 0.378s url=https://www.myfonts.com/collections/raster-gothic-font-mark-simonson/
[2026-09-20T11:21:19Z] #789 attempt=1/2 status=200 0.249s url=https://www.myfonts.com/collections/raster-gothic-font-mark-simonson/
[2026-09-20T11:21:20Z] #790 attempt=1/2 status=200 0.388s url=https://www.myfonts.com/products/regular-qiber-175260
[2026-09-20T11:21:20Z] #791 attempt=1/2 status=200 0.351s url=https://www.myfonts.com/collections/qiber-font-inhouse-type/
[2026-09-20T11:21:21Z] #792 attempt=1/2 status=200 0.594s url=https://www.myfonts.com/products/regular-nexa-slab-179230
[2026-09-20T11:21:22Z] #793 attempt=1/2 status=200 0.802s url=https://www.myfonts.com/collections/nexa-slab-font-fontfabric/
[2026-09-20T11:21:23Z] #794 attempt=1/2 status=200 0.778s url=https://www.myfonts.com/products/regular-texta-narrow-158611
[2026-09-20T11:21:24Z] #795 attempt=1/2 status=200 0.840s url=https://www.myfonts.com/collections/texta-narrow-font-latinotype/
[2026-09-20T11:21:25Z] #796 attempt=1/2 status=200 0.678s url=https://www.myfonts.com/products/thin-italic-texta-narrow-158599
[2026-09-20T11:21:26Z] #797 attempt=1/2 status=200 0.516s url=https://www.myfonts.com/collections/texta-narrow-font-latinotype/
[2026-09-20T11:21:27Z] #798 attempt=1/2 status=200 0.542s url=https://www.myfonts.com/products/regular-cinematografica-190367
[2026-09-20T11:21:28Z] #799 attempt=1/2 status=200 0.459s url=https://www.myfonts.com/collections/cinematografica-font-zetafonts/
[2026-09-20T11:21:29Z] #800 attempt=1/2 status=200 0.773s url=https://www.myfonts.com/products/medium-super-bill-display-162931
[2026-09-20T11:21:30Z] #801 attempt=1/2 status=200 0.645s url=https://www.myfonts.com/collections/bill-display-font-ogj-type-design/
[2026-09-20T11:21:30Z] #802 attempt=1/2 status=200 0.421s url=https://www.myfonts.com/products/fourteen-cond-raster-gothic-173953
[2026-09-20T11:21:31Z] #803 attempt=1/2 status=200 0.236s url=https://www.myfonts.com/collections/raster-gothic-font-mark-simonson/
[2026-09-20T11:21:32Z] #804 attempt=1/2 status=200 0.505s url=https://www.myfonts.com/collections/raster-gothic-font-mark-simonson/
[2026-09-20T11:21:32Z] #805 attempt=1/2 status=200 0.363s url=https://www.myfonts.com/products/extralight-cinematografica-190337
[2026-09-20T11:21:33Z] #806 attempt=1/2 status=200 0.700s url=https://www.myfonts.com/collections/cinematografica-font-zetafonts/
[2026-09-20T11:21:34Z] #807 attempt=1/2 status=200 0.576s url=https://www.myfonts.com/products/thin-bill-display-lowercase-168952
[2026-09-20T11:21:35Z] #808 attempt=1/2 status=200 0.524s url=https://www.myfonts.com/collections/bill-display-lowercase-font-ogj-type-design/
[2026-09-20T11:21:36Z] #809 attempt=1/2 status=200 0.455s url=https://www.myfonts.com/products/twenty-eight-cond-raster-gothic-174036
[2026-09-20T11:21:36Z] #810 attempt=1/2 status=200 0.404s url=https://www.myfonts.com/collections/raster-gothic-font-mark-simonson/
[2026-09-20T11:21:37Z] #811 attempt=1/2 status=200 0.268s url=https://www.myfonts.com/collections/raster-gothic-font-mark-simonson/
[2026-09-20T11:21:38Z] #812 attempt=1/2 status=200 0.348s url=https://www.myfonts.com/products/nine-cond-raster-gothic-173943
[2026-09-20T11:21:38Z] #813 attempt=1/2 status=200 0.242s url=https://www.myfonts.com/collections/raster-gothic-font-mark-simonson/
[2026-09-20T11:21:39Z] #814 attempt=1/2 status=200 0.269s url=https://www.myfonts.com/collections/raster-gothic-font-mark-simonson/
[2026-09-20T11:21:39Z] #815 attempt=1/2 status=200 0.464s url=https://www.myfonts.com/products/twenty-four-cond-raster-gothic-173990
[2026-09-20T11:21:40Z] #816 attempt=1/2 status=200 0.543s url=https://www.myfonts.com/collections/raster-gothic-font-mark-simonson/
[2026-09-20T11:21:41Z] #817 attempt=1/2 status=200 0.216s url=https://www.myfonts.com/collections/raster-gothic-font-mark-simonson/
[2026-09-20T11:21:41Z] #818 attempt=1/2 status=200 0.418s url=https://www.myfonts.com/products/bold-cinematografica-190345
[2026-09-20T11:21:42Z] #819 attempt=1/2 status=200 0.553s url=https://www.myfonts.com/collections/cinematografica-font-zetafonts/
[2026-09-20T11:21:43Z] #820 attempt=1/2 status=200 0.464s url=https://www.myfonts.com/products/heavy-cinematografica-190355
[2026-09-20T11:21:44Z] #821 attempt=1/2 status=200 0.479s url=https://www.myfonts.com/collections/cinematografica-font-zetafonts/
[2026-09-20T11:21:44Z] #822 attempt=1/2 status=200 0.379s url=https://www.myfonts.com/products/twenty-eight-cond-bold-raster-gothic-174015
[2026-09-20T11:21:45Z] #823 attempt=1/2 status=200 0.237s url=https://www.myfonts.com/collections/raster-gothic-font-mark-simonson/
[2026-09-20T11:21:45Z] #824 attempt=1/2 status=200 0.267s url=https://www.myfonts.com/collections/raster-gothic-font-mark-simonson/
[2026-09-20T11:21:46Z] #825 attempt=1/2 status=200 0.435s url=https://www.myfonts.com/products/extrabold-cinematografica-190326
[2026-09-20T11:21:47Z] #826 attempt=1/2 status=200 0.406s url=https://www.myfonts.com/collections/cinematografica-font-zetafonts/
[2026-09-20T11:21:47Z] #827 attempt=1/2 status=200 0.464s url=https://www.myfonts.com/products/alt-medium-texta-narrow-158722
[2026-09-20T11:21:48Z] #828 attempt=1/2 status=200 0.593s url=https://www.myfonts.com/collections/texta-narrow-font-latinotype/
[2026-09-20T11:21:49Z] #829 attempt=1/2 status=200 0.345s url=https://www.myfonts.com/products/nine-cond-bold-raster-gothic-173921
[2026-09-20T11:21:49Z] #830 attempt=1/2 status=200 0.214s url=https://www.myfonts.com/collections/raster-gothic-font-mark-simonson/
[2026-09-20T11:21:50Z] #831 attempt=1/2 status=200 0.265s url=https://www.myfonts.com/collections/raster-gothic-font-mark-simonson/
[2026-09-20T11:21:51Z] #832 attempt=1/2 status=200 0.379s url=https://www.myfonts.com/products/light-cinematografica-190315
[2026-09-20T11:21:51Z] #833 attempt=1/2 status=200 0.246s url=https://www.myfonts.com/collections/cinematografica-font-zetafonts/
[2026-09-20T11:21:52Z] #834 attempt=1/2 status=200 0.375s url=https://www.myfonts.com/products/eighteen-cond-raster-gothic-173970
[2026-09-20T11:21:52Z] #835 attempt=1/2 status=200 0.241s url=https://www.myfonts.com/collections/raster-gothic-font-mark-simonson/
[2026-09-20T11:21:53Z] #836 attempt=1/2 status=200 0.230s url=https://www.myfonts.com/collections/raster-gothic-font-mark-simonson/
[2026-09-20T11:21:53Z] #837 attempt=1/2 status=200 0.376s url=https://www.myfonts.com/products/twelve-cond-bold-raster-gothic-173929
[2026-09-20T11:21:54Z] #838 attempt=1/2 status=200 0.242s url=https://www.myfonts.com/collections/raster-gothic-font-mark-simonson/
[2026-09-20T11:21:54Z] #839 attempt=1/2 status=200 0.240s url=https://www.myfonts.com/collections/raster-gothic-font-mark-simonson/
[2026-09-20T11:21:55Z] #840 attempt=1/2 status=200 0.553s url=https://www.myfonts.com/products/alt-bold-texta-narrow-158660
[2026-09-20T11:21:56Z] #841 attempt=1/2 status=200 0.905s url=https://www.myfonts.com/collections/texta-narrow-font-latinotype/
[2026-09-20T11:21:57Z] #842 attempt=1/2 status=200 0.389s url=https://www.myfonts.com/products/italic-arquitecta-office-152769
[2026-09-20T11:21:58Z] #843 attempt=1/2 status=200 0.530s url=https://www.myfonts.com/collections/arquitecta-office-font-latinotype/
[2026-09-20T11:21:59Z] #844 attempt=1/2 status=200 0.965s url=https://www.myfonts.com/products/cond-proxima-soft-204982
[2026-09-20T11:22:01Z] #845 attempt=1/2 status=200 1.396s url=https://www.myfonts.com/collections/proxima-soft-font-mark-simonson/
[2026-09-20T11:22:02Z] #846 attempt=1/2 status=200 0.449s url=https://www.myfonts.com/products/alt-light-italic-texta-narrow-158741
[2026-09-20T11:22:03Z] #847 attempt=1/2 status=200 0.764s url=https://www.myfonts.com/collections/texta-narrow-font-latinotype/
[2026-09-20T11:22:04Z] #848 attempt=1/2 status=200 0.405s url=https://www.myfonts.com/products/fourteen-cond-bold-raster-gothic-173935
[2026-09-20T11:22:04Z] #849 attempt=1/2 status=200 0.254s url=https://www.myfonts.com/collections/raster-gothic-font-mark-simonson/
[2026-09-20T11:22:05Z] #850 attempt=1/2 status=200 0.260s url=https://www.myfonts.com/collections/raster-gothic-font-mark-simonson/
[2026-09-20T11:22:06Z] #851 attempt=1/2 status=200 0.729s url=https://www.myfonts.com/products/bold-italic-arquitecta-standard-152603
[2026-09-20T11:22:07Z] #852 attempt=1/2 status=200 0.892s url=https://www.myfonts.com/collections/arquitecta-standard-font-latinotype/
[2026-09-20T11:22:08Z] #853 attempt=1/2 status=200 0.723s url=https://www.myfonts.com/products/cond-thin-italic-proxima-soft-210358
[2026-09-20T11:22:09Z] #854 attempt=1/2 status=200 0.821s url=https://www.myfonts.com/collections/proxima-soft-font-mark-simonson/
[2026-09-20T11:22:10Z] #855 attempt=1/2 status=200 0.387s url=https://www.myfonts.com/products/dreaded-deadline-153300
[2026-09-20T11:22:10Z] #856 attempt=1/2 status=200 0.412s url=https://www.myfonts.com/collections/deadline-font-comicraft/
[2026-09-20T11:22:11Z] #857 attempt=1/2 status=200 0.481s url=https://www.myfonts.com/products/bold-grad-237520
[2026-09-20T11:22:12Z] #858 attempt=1/2 status=200 0.597s url=https://www.myfonts.com/collections/grad-font-mark-simonson/
[2026-09-20T11:22:13Z] #859 attempt=1/2 status=200 0.687s url=https://www.myfonts.com/products/bold-italic-proxima-soft-204630
[2026-09-20T11:22:14Z] #860 attempt=1/2 status=200 1.245s url=https://www.myfonts.com/collections/proxima-soft-font-mark-simonson/
[2026-09-20T11:22:15Z] #861 attempt=1/2 status=200 0.525s url=https://www.myfonts.com/products/italic-proxima-soft-204772
[2026-09-20T11:22:16Z] #862 attempt=1/2 status=200 0.634s url=https://www.myfonts.com/collections/proxima-soft-font-mark-simonson/
[2026-09-20T11:22:17Z] #863 attempt=1/2 status=200 0.409s url=https://www.myfonts.com/products/semibold-proxima-nova-soft-131479
[2026-09-20T11:22:18Z] #864 attempt=1/2 status=200 0.405s url=https://www.myfonts.com/collections/proxima-nova-soft-font-mark-simonson/
[2026-09-20T11:22:18Z] #865 attempt=1/2 status=200 0.563s url=https://www.myfonts.com/products/alt-bold-italic-texta-narrow-158619
[2026-09-20T11:22:19Z] #866 attempt=1/2 status=200 0.590s url=https://www.myfonts.com/collections/texta-narrow-font-latinotype/
[2026-09-20T11:22:20Z] #867 attempt=1/2 status=200 0.440s url=https://www.myfonts.com/products/regular-arquitecta-office-152792
[2026-09-20T11:22:21Z] #868 attempt=1/2 status=200 0.538s url=https://www.myfonts.com/collections/arquitecta-office-font-latinotype/
[2026-09-20T11:22:22Z] #869 attempt=1/2 status=200 0.367s url=https://www.myfonts.com/products/bold-sharktooth-152372
[2026-09-20T11:22:22Z] #870 attempt=1/2 status=200 0.413s url=https://www.myfonts.com/collections/sharktooth-font-mark-simonson/
[2026-09-20T11:22:23Z] #871 attempt=1/2 status=200 0.489s url=https://www.myfonts.com/products/book-italic-kandal-152056
[2026-09-20T11:22:24Z] #872 attempt=1/2 status=200 0.450s url=https://www.myfonts.com/collections/kandal-font-mark-simonson/
[2026-09-20T11:22:25Z] #873 attempt=1/2 status=200 0.568s url=https://www.myfonts.com/products/black-italic-tt-rounds-225178
[2026-09-20T11:22:25Z] #874 attempt=1/2 status=200 0.584s url=https://www.myfonts.com/collections/tt-rounds-font-typetype/
[2026-09-20T11:22:26Z] #875 attempt=1/2 status=200 0.656s url=https://www.myfonts.com/products/six-bill-corporate-mx-245940
[2026-09-20T11:22:27Z] #876 attempt=1/2 status=200 0.580s url=https://www.myfonts.com/collections/bill-corporate-mx-font-ogj-type-design/
[2026-09-20T11:22:28Z] #877 attempt=1/2 status=200 0.444s url=https://www.myfonts.com/products/italic-grad-237506
[2026-09-20T11:22:29Z] #878 attempt=1/2 status=200 0.514s url=https://www.myfonts.com/collections/grad-font-mark-simonson/
[2026-09-20T11:22:29Z] #879 attempt=1/2 status=200 0.309s url=https://www.myfonts.com/products/regular-proxima-nova-soft-131494
[2026-09-20T11:22:30Z] #880 attempt=1/2 status=200 0.334s url=https://www.myfonts.com/collections/proxima-nova-soft-font-mark-simonson/
[2026-09-20T11:22:32Z] #881 attempt=1/6 status=200 1.384s url=https://www.myfonts.com/products.json?limit=100&page=13
[2026-09-20T11:22:33Z] #882 attempt=1/2 status=200 1.170s url=https://www.myfonts.com/products/compressed-medium-italic-tt-lakes-213710
[2026-09-20T11:22:35Z] #883 attempt=1/2 status=200 1.206s url=https://www.myfonts.com/collections/tt-lakes-font-typetype/
[2026-09-20T11:22:36Z] #884 attempt=1/2 status=200 0.444s url=https://www.myfonts.com/products/bold-italic-arquitecta-office-152760
[2026-09-20T11:22:36Z] #885 attempt=1/2 status=200 0.490s url=https://www.myfonts.com/collections/arquitecta-office-font-latinotype/
[2026-09-20T11:22:38Z] #886 attempt=1/2 status=200 1.122s url=https://www.myfonts.com/products/extracond-bold-italic-proxima-soft-210396
[2026-09-20T11:22:39Z] #887 attempt=1/2 status=200 0.872s url=https://www.myfonts.com/collections/proxima-soft-font-mark-simonson/
[2026-09-20T11:22:40Z] #888 attempt=1/2 status=200 0.791s url=https://www.myfonts.com/products/black-italic-proxima-soft-204609
[2026-09-20T11:22:41Z] #889 attempt=1/2 status=200 0.713s url=https://www.myfonts.com/collections/proxima-soft-font-mark-simonson/
[2026-09-20T11:22:42Z] #890 attempt=1/2 status=200 0.545s url=https://www.myfonts.com/products/italic-texta-narrow-158531
[2026-09-20T11:22:43Z] #891 attempt=1/2 status=200 0.612s url=https://www.myfonts.com/collections/texta-narrow-font-latinotype/
[2026-09-20T11:22:44Z] #892 attempt=1/2 status=200 1.211s url=https://www.myfonts.com/products/compressed-light-italic-tt-lakes-213692
[2026-09-20T11:22:46Z] #893 attempt=1/2 status=200 1.211s url=https://www.myfonts.com/collections/tt-lakes-font-typetype/
[2026-09-20T11:22:47Z] #894 attempt=1/2 status=200 0.561s url=https://www.myfonts.com/products/bold-italic-tt-rounds-225158
[2026-09-20T11:22:48Z] #895 attempt=1/2 status=200 0.558s url=https://www.myfonts.com/collections/tt-rounds-font-typetype/
[2026-09-20T11:22:49Z] #896 attempt=1/2 status=200 0.742s url=https://www.myfonts.com/products/cond-semibold-italic-proxima-soft-210328
[2026-09-20T11:22:50Z] #897 attempt=1/2 status=200 1.137s url=https://www.myfonts.com/collections/proxima-soft-font-mark-simonson/
[2026-09-20T11:22:51Z] #898 attempt=1/2 status=200 0.598s url=https://www.myfonts.com/products/medium-bill-corporate-medium-245518
[2026-09-20T11:22:52Z] #899 attempt=1/2 status=200 0.589s url=https://www.myfonts.com/collections/bill-corporate-medium-font-ogj-type-design/
[2026-09-20T11:22:53Z] #900 attempt=1/2 status=200 0.673s url=https://www.myfonts.com/products/condensed-thin-italic-tt-lakes-213935
[2026-09-20T11:22:54Z] #901 attempt=1/2 status=200 1.026s url=https://www.myfonts.com/collections/tt-lakes-font-typetype/
[2026-09-20T11:22:56Z] #902 attempt=1/2 status=200 1.208s url=https://www.myfonts.com/products/condensed-bold-italic-tt-lakes-213845
[2026-09-20T11:22:56Z] #903 attempt=1/2 status=200 0.297s url=https://www.myfonts.com/collections/tt-lakes-font-typetype/
[2026-09-20T11:22:57Z] #904 attempt=1/2 status=200 0.703s url=https://www.myfonts.com/products/extra-light-italic-tt-lakes-214076
[2026-09-20T11:22:58Z] #905 attempt=1/2 status=200 0.863s url=https://www.myfonts.com/collections/tt-lakes-font-typetype/
[2026-09-20T11:23:00Z] #906 attempt=1/2 status=200 0.751s url=https://www.myfonts.com/products/light-italic-tt-lakes-214055
[2026-09-20T11:23:01Z] #907 attempt=1/2 status=200 1.037s url=https://www.myfonts.com/collections/tt-lakes-font-typetype/
[2026-09-20T11:23:02Z] #908 attempt=1/2 status=200 0.578s url=https://www.myfonts.com/products/italic-tt-rounds-225136
[2026-09-20T11:23:03Z] #909 attempt=1/2 status=200 0.534s url=https://www.myfonts.com/collections/tt-rounds-font-typetype/
[2026-09-20T11:23:04Z] #910 attempt=1/2 status=200 0.573s url=https://www.myfonts.com/products/semi-bold-italic-solomon-sans-213094
[2026-09-20T11:23:04Z] #911 attempt=1/2 status=200 0.709s url=https://www.myfonts.com/collections/solomon-sans-font-fontfabric/
[2026-09-20T11:23:05Z] #912 attempt=1/2 status=200 0.580s url=https://www.myfonts.com/products/light-texta-narrow-158562
[2026-09-20T11:23:06Z] #913 attempt=1/2 status=200 0.651s url=https://www.myfonts.com/collections/texta-narrow-font-latinotype/
[2026-09-20T11:23:07Z] #914 attempt=1/2 status=200 0.655s url=https://www.myfonts.com/products/extracond-extrabold-italic-proxima-soft-210447
[2026-09-20T11:23:08Z] #915 attempt=1/2 status=200 0.888s url=https://www.myfonts.com/collections/proxima-soft-font-mark-simonson/
[2026-09-20T11:23:09Z] #916 attempt=1/2 status=200 0.624s url=https://www.myfonts.com/products/semibold-italic-proxima-soft-204797
[2026-09-20T11:23:11Z] #917 attempt=1/2 status=200 0.847s url=https://www.myfonts.com/collections/proxima-soft-font-mark-simonson/
[2026-09-20T11:23:12Z] #918 attempt=1/2 status=200 0.740s url=https://www.myfonts.com/products/condensed-light-italic-tt-lakes-213905
[2026-09-20T11:23:12Z] #919 attempt=1/2 status=200 0.278s url=https://www.myfonts.com/collections/tt-lakes-font-typetype/
[2026-09-20T11:23:13Z] #920 attempt=1/2 status=200 0.597s url=https://www.myfonts.com/products/semibold-mostra-nuova-243369
[2026-09-20T11:23:14Z] #921 attempt=1/2 status=200 0.604s url=https://www.myfonts.com/collections/mostra-nuova-font-mark-simonson/
[2026-09-20T11:23:15Z] #922 attempt=1/2 status=200 0.761s url=https://www.myfonts.com/products/cond-semibold-proxima-soft-210320
[2026-09-20T11:23:16Z] #923 attempt=1/2 status=200 0.887s url=https://www.myfonts.com/collections/proxima-soft-font-mark-simonson/
[2026-09-20T11:23:17Z] #924 attempt=1/2 status=200 0.860s url=https://www.myfonts.com/products/compressed-demi-bold-italic-tt-lakes-213652
[2026-09-20T11:23:19Z] #925 attempt=1/2 status=200 0.879s url=https://www.myfonts.com/collections/tt-lakes-font-typetype/
[2026-09-20T11:23:20Z] #926 attempt=1/2 status=200 0.654s url=https://www.myfonts.com/products/extracond-proxima-soft-210529
[2026-09-20T11:23:21Z] #927 attempt=1/2 status=200 0.751s url=https://www.myfonts.com/collections/proxima-soft-font-mark-simonson/
[2026-09-20T11:23:22Z] #928 attempt=1/2 status=200 0.592s url=https://www.myfonts.com/products/light-italic-texta-narrow-158543
[2026-09-20T11:23:23Z] #929 attempt=1/2 status=200 0.646s url=https://www.myfonts.com/collections/texta-narrow-font-latinotype/
[2026-09-20T11:23:24Z] #930 attempt=1/2 status=200 0.627s url=https://www.myfonts.com/products/extra-bold-tt-lakes-214036
[2026-09-20T11:23:25Z] #931 attempt=1/2 status=200 0.956s url=https://www.myfonts.com/collections/tt-lakes-font-typetype/
[2026-09-20T11:23:26Z] #932 attempt=1/2 status=200 0.696s url=https://www.myfonts.com/products/cond-bold-italic-proxima-soft-204857
[2026-09-20T11:23:26Z] #933 attempt=1/2 status=200 0.279s url=https://www.myfonts.com/collections/proxima-soft-font-mark-simonson/
[2026-09-20T11:23:27Z] #934 attempt=1/2 status=200 0.484s url=https://www.myfonts.com/products/medium-italic-texta-narrow-158572
[2026-09-20T11:23:28Z] #935 attempt=1/2 status=200 0.647s url=https://www.myfonts.com/collections/texta-narrow-font-latinotype/
[2026-09-20T11:23:29Z] #936 attempt=1/2 status=200 0.393s url=https://www.myfonts.com/products/dreaded-open-deadline-153290
[2026-09-20T11:23:29Z] #937 attempt=1/2 status=200 0.394s url=https://www.myfonts.com/collections/deadline-font-comicraft/
[2026-09-20T11:23:30Z] #938 attempt=1/2 status=200 0.563s url=https://www.myfonts.com/products/cond-bold-proxima-soft-204874
[2026-09-20T11:23:31Z] #939 attempt=1/2 status=200 0.321s url=https://www.myfonts.com/collections/proxima-soft-font-mark-simonson/
[2026-09-20T11:23:32Z] #940 attempt=1/2 status=200 0.527s url=https://www.myfonts.com/products/black-tt-rounds-225168
[2026-09-20T11:23:33Z] #941 attempt=1/2 status=200 0.570s url=https://www.myfonts.com/collections/tt-rounds-font-typetype/
[2026-09-20T11:23:34Z] #942 attempt=1/2 status=200 0.593s url=https://www.myfonts.com/products/alt-black-texta-narrow-158628
[2026-09-20T11:23:34Z] #943 attempt=1/2 status=200 0.269s url=https://www.myfonts.com/collections/texta-narrow-font-latinotype/
[2026-09-20T11:23:35Z] #944 attempt=1/2 status=200 0.534s url=https://www.myfonts.com/products/bold-mostra-nuova-243375
[2026-09-20T11:23:36Z] #945 attempt=1/2 status=200 0.525s url=https://www.myfonts.com/collections/mostra-nuova-font-mark-simonson/
[2026-09-20T11:23:37Z] #946 attempt=1/2 status=200 0.442s url=https://www.myfonts.com/products/bold-changeling-neo-151790
[2026-09-20T11:23:37Z] #947 attempt=1/2 status=200 0.367s url=https://www.myfonts.com/collections/changeling-neo-font-mark-simonson/
[2026-09-20T11:23:38Z] #948 attempt=1/2 status=200 0.634s url=https://www.myfonts.com/products/alt-italic-texta-narrow-158688
[2026-09-20T11:23:39Z] #949 attempt=1/2 status=200 0.652s url=https://www.myfonts.com/collections/texta-narrow-font-latinotype/
[2026-09-20T11:23:40Z] #950 attempt=1/2 status=200 0.488s url=https://www.myfonts.com/products/heavy-goldenbook-242227
[2026-09-20T11:23:41Z] #951 attempt=1/2 status=200 0.541s url=https://www.myfonts.com/collections/goldenbook-font-mark-simonson/
[2026-09-20T11:23:41Z] #952 attempt=1/2 status=200 0.349s url=https://www.myfonts.com/products/bold-snicker-152296
[2026-09-20T11:23:42Z] #953 attempt=1/2 status=200 0.419s url=https://www.myfonts.com/collections/snicker-font-mark-simonson/
[2026-09-20T11:23:43Z] #954 attempt=1/2 status=200 0.351s url=https://www.myfonts.com/products/heavy-sharktooth-152381
[2026-09-20T11:23:43Z] #955 attempt=1/2 status=200 0.435s url=https://www.myfonts.com/collections/sharktooth-font-mark-simonson/
[2026-09-20T11:23:44Z] #956 attempt=1/2 status=200 0.501s url=https://www.myfonts.com/products/thin-italic-spectators-headline-245816
[2026-09-20T11:23:45Z] #957 attempt=1/2 status=200 0.485s url=https://www.myfonts.com/collections/spectators-headline-font-ogj-type-design/
[2026-09-20T11:23:45Z] #958 attempt=1/2 status=200 0.482s url=https://www.myfonts.com/products/thin-texta-narrow-158581
[2026-09-20T11:23:46Z] #959 attempt=1/2 status=200 0.288s url=https://www.myfonts.com/collections/texta-narrow-font-latinotype/
[2026-09-20T11:23:47Z] #960 attempt=1/2 status=200 0.430s url=https://www.myfonts.com/products/alt-thin-italic-texta-narrow-158749
[2026-09-20T11:23:47Z] #961 attempt=1/2 status=200 0.271s url=https://www.myfonts.com/collections/texta-narrow-font-latinotype/
[2026-09-20T11:23:48Z] #962 attempt=1/2 status=200 0.459s url=https://www.myfonts.com/products/extrabold-refrigerator-deluxe-206830
[2026-09-20T11:23:49Z] #963 attempt=1/2 status=200 0.439s url=https://www.myfonts.com/collections/refrigerator-deluxe-font-mark-simonson/
[2026-09-20T11:23:49Z] #964 attempt=1/2 status=200 0.394s url=https://www.myfonts.com/products/doom-deadline-153271
[2026-09-20T11:23:50Z] #965 attempt=1/2 status=200 0.418s url=https://www.myfonts.com/collections/deadline-font-comicraft/
[2026-09-20T11:23:51Z] #966 attempt=1/2 status=200 0.414s url=https://www.myfonts.com/products/bold-tt-rounds-225146
[2026-09-20T11:23:52Z] #967 attempt=1/2 status=200 0.544s url=https://www.myfonts.com/collections/tt-rounds-font-typetype/
[2026-09-20T11:23:52Z] #968 attempt=1/2 status=200 0.426s url=https://www.myfonts.com/products/light-goldenbook-242190
[2026-09-20T11:23:53Z] #969 attempt=1/2 status=200 0.494s url=https://www.myfonts.com/collections/goldenbook-font-mark-simonson/
[2026-09-20T11:23:54Z] #970 attempt=1/2 status=200 0.457s url=https://www.myfonts.com/products/heavy-refrigerator-deluxe-206808
[2026-09-20T11:23:55Z] #971 attempt=1/2 status=200 0.465s url=https://www.myfonts.com/collections/refrigerator-deluxe-font-mark-simonson/
[2026-09-20T11:23:56Z] #972 attempt=1/2 status=200 0.676s url=https://www.myfonts.com/products/extrabold-italic-proxima-soft-204670
[2026-09-20T11:23:56Z] #973 attempt=1/2 status=200 0.306s url=https://www.myfonts.com/collections/proxima-soft-font-mark-simonson/
[2026-09-20T11:23:57Z] #974 attempt=1/2 status=200 0.433s url=https://www.myfonts.com/products/light-changeling-neo-151780
[2026-09-20T11:23:58Z] #975 attempt=1/2 status=200 0.440s url=https://www.myfonts.com/collections/changeling-neo-font-mark-simonson/
[2026-09-20T11:23:58Z] #976 attempt=1/2 status=200 0.517s url=https://www.myfonts.com/products/alt-medium-italic-texta-narrow-158699
[2026-09-20T11:23:59Z] #977 attempt=1/2 status=200 0.248s url=https://www.myfonts.com/collections/texta-narrow-font-latinotype/
[2026-09-20T11:24:00Z] #978 attempt=1/2 status=200 0.637s url=https://www.myfonts.com/products/cond-medium-proxima-soft-204992
[2026-09-20T11:24:01Z] #979 attempt=1/2 status=200 0.956s url=https://www.myfonts.com/collections/proxima-soft-font-mark-simonson/
[2026-09-20T11:24:02Z] #980 attempt=1/2 status=200 0.503s url=https://www.myfonts.com/products/bold-solomon-sans-213030
[2026-09-20T11:24:03Z] #981 attempt=1/2 status=200 0.598s url=https://www.myfonts.com/collections/solomon-sans-font-fontfabric/
[2026-09-20T11:24:04Z] #982 attempt=1/2 status=200 0.573s url=https://www.myfonts.com/products/extracond-light-italic-proxima-soft-210511
[2026-09-20T11:24:04Z] #983 attempt=1/2 status=200 0.280s url=https://www.myfonts.com/collections/proxima-soft-font-mark-simonson/
[2026-09-20T11:24:05Z] #984 attempt=1/2 status=200 0.470s url=https://www.myfonts.com/products/black-kandal-152044
[2026-09-20T11:24:06Z] #985 attempt=1/2 status=200 0.442s url=https://www.myfonts.com/collections/kandal-font-mark-simonson/
[2026-09-20T11:24:07Z] #986 attempt=1/2 status=200 0.723s url=https://www.myfonts.com/products/condensed-black-tt-lakes-213817
[2026-09-20T11:24:07Z] #987 attempt=1/2 status=200 0.294s url=https://www.myfonts.com/collections/tt-lakes-font-typetype/
[2026-09-20T11:24:08Z] #988 attempt=1/2 status=200 0.659s url=https://www.myfonts.com/products/medium-italic-tt-lakes-214068
[2026-09-20T11:24:09Z] #989 attempt=1/2 status=200 0.300s url=https://www.myfonts.com/collections/tt-lakes-font-typetype/
[2026-09-20T11:24:10Z] #990 attempt=1/2 status=200 0.846s url=https://www.myfonts.com/products/compressed-italic-tt-lakes-213739
[2026-09-20T11:24:11Z] #991 attempt=1/2 status=200 0.852s url=https://www.myfonts.com/collections/tt-lakes-font-typetype/
[2026-09-20T11:24:12Z] #992 attempt=1/2 status=200 0.369s url=https://www.myfonts.com/products/regular-lakeside-204592
[2026-09-20T11:24:13Z] #993 attempt=1/2 status=200 0.378s url=https://www.myfonts.com/collections/lakeside-font-mark-simonson/
[2026-09-20T11:24:13Z] #994 attempt=1/2 status=200 0.441s url=https://www.myfonts.com/products/alt-thin-texta-narrow-158757
[2026-09-20T11:24:14Z] #995 attempt=1/2 status=200 0.285s url=https://www.myfonts.com/collections/texta-narrow-font-latinotype/
[2026-09-20T11:24:15Z] #996 attempt=1/2 status=200 0.583s url=https://www.myfonts.com/products/cond-extrabold-italic-proxima-soft-204918
[2026-09-20T11:24:15Z] #997 attempt=1/2 status=200 0.303s url=https://www.myfonts.com/collections/proxima-soft-font-mark-simonson/
[2026-09-20T11:24:16Z] #998 attempt=1/2 status=200 0.583s url=https://www.myfonts.com/products/condensed-demi-bold-italic-tt-lakes-213789
[2026-09-20T11:24:17Z] #999 attempt=1/2 status=200 0.778s url=https://www.myfonts.com/collections/tt-lakes-font-typetype/
[2026-09-20T11:24:18Z] #1000 attempt=1/2 status=200 0.392s url=https://www.myfonts.com/products/bold-kandal-152035
[2026-09-20T11:24:19Z] #1001 attempt=1/2 status=200 0.501s url=https://www.myfonts.com/collections/kandal-font-mark-simonson/
[2026-09-20T11:24:20Z] #1002 attempt=1/2 status=200 0.547s url=https://www.myfonts.com/products/regular-arquitecta-standard-152694
[2026-09-20T11:24:21Z] #1003 attempt=1/2 status=200 0.636s url=https://www.myfonts.com/collections/arquitecta-standard-font-latinotype/
[2026-09-20T11:24:21Z] #1004 attempt=1/2 status=200 0.378s url=https://www.myfonts.com/products/bold-felt-tip-roman-242280
[2026-09-20T11:24:22Z] #1005 attempt=1/2 status=200 0.426s url=https://www.myfonts.com/collections/felt-tip-roman-font-mark-simonson/
[2026-09-20T11:24:23Z] #1006 attempt=1/2 status=200 0.551s url=https://www.myfonts.com/products/light-proxima-soft-204654
[2026-09-20T11:24:23Z] #1007 attempt=1/2 status=200 0.287s url=https://www.myfonts.com/collections/proxima-soft-font-mark-simonson/
[2026-09-20T11:24:25Z] #1008 attempt=1/2 status=200 0.725s url=https://www.myfonts.com/products/condensed-extra-light-tt-lakes-213876
[2026-09-20T11:24:25Z] #1009 attempt=1/2 status=200 0.302s url=https://www.myfonts.com/collections/tt-lakes-font-typetype/
[2026-09-20T11:24:26Z] #1010 attempt=1/2 status=200 0.609s url=https://www.myfonts.com/products/compressed-extra-bold-italic-tt-lakes-213622
[2026-09-20T11:24:27Z] #1011 attempt=1/2 status=200 0.302s url=https://www.myfonts.com/collections/tt-lakes-font-typetype/
[2026-09-20T11:24:28Z] #1012 attempt=1/2 status=200 0.677s url=https://www.myfonts.com/products/extracond-light-proxima-soft-210437
[2026-09-20T11:24:28Z] #1013 attempt=1/2 status=200 0.285s url=https://www.myfonts.com/collections/proxima-soft-font-mark-simonson/
[2026-09-20T11:24:29Z] #1014 attempt=1/2 status=200 0.623s url=https://www.myfonts.com/products/bold-proxima-soft-204613
[2026-09-20T11:24:30Z] #1015 attempt=1/2 status=200 0.273s url=https://www.myfonts.com/collections/proxima-soft-font-mark-simonson/
[2026-09-20T11:24:31Z] #1016 attempt=1/2 status=200 0.651s url=https://www.myfonts.com/products/black-italic-arquitecta-standard-148990
[2026-09-20T11:24:32Z] #1017 attempt=1/2 status=200 0.648s url=https://www.myfonts.com/collections/arquitecta-standard-font-latinotype/
[2026-09-20T11:24:33Z] #1018 attempt=1/2 status=200 0.592s url=https://www.myfonts.com/products/black-proxima-soft-204618
[2026-09-20T11:24:34Z] #1019 attempt=1/2 status=200 0.822s url=https://www.myfonts.com/collections/proxima-soft-font-mark-simonson/
[2026-09-20T11:24:35Z] #1020 attempt=1/2 status=200 0.459s url=https://www.myfonts.com/products/heavy-texta-narrow-154995
[2026-09-20T11:24:35Z] #1021 attempt=1/2 status=200 0.270s url=https://www.myfonts.com/collections/texta-narrow-font-latinotype/
[2026-09-20T11:24:36Z] #1022 attempt=1/2 status=200 0.460s url=https://www.myfonts.com/products/alternate-bold-grad-571846
[2026-09-20T11:24:37Z] #1023 attempt=1/2 status=200 0.590s url=https://www.myfonts.com/collections/grad-font-mark-simonson/
[2026-09-20T11:24:38Z] #1024 attempt=1/2 status=200 0.455s url=https://www.myfonts.com/products/thin-italic-tt-rounds-582345
[2026-09-20T11:24:38Z] #1025 attempt=1/2 status=200 0.507s url=https://www.myfonts.com/collections/tt-rounds-font-typetype/
[2026-09-20T11:24:39Z] #1026 attempt=1/2 status=200 0.587s url=https://www.myfonts.com/products/closed-geta-robo-555099
[2026-09-20T11:24:40Z] #1027 attempt=1/2 status=200 0.690s url=https://www.myfonts.com/collections/geta-robo-font-the-northern-block/
[2026-09-20T11:24:41Z] #1028 attempt=1/2 status=200 0.523s url=https://www.myfonts.com/products/closed-outline-video-tech-538067
[2026-09-20T11:24:42Z] #1029 attempt=1/2 status=200 0.676s url=https://www.myfonts.com/collections/video-tech-font-the-northern-block/
[2026-09-20T11:24:44Z] #1030 attempt=1/6 status=200 1.031s url=https://www.myfonts.com/products.json?limit=100&page=14
[2026-09-20T11:24:44Z] #1031 attempt=1/2 status=200 0.589s url=https://www.myfonts.com/products/black-italic-tt-drugs-condensed-582158
[2026-09-20T11:24:45Z] #1032 attempt=1/2 status=200 0.622s url=https://www.myfonts.com/collections/tt-drugs-condensed-font-typetype/
[2026-09-20T11:24:46Z] #1033 attempt=1/2 status=200 0.437s url=https://www.myfonts.com/products/bold-coquette-545754
[2026-09-20T11:24:47Z] #1034 attempt=1/2 status=200 0.508s url=https://www.myfonts.com/collections/coquette-font-mark-simonson/
[2026-09-20T11:24:47Z] #1035 attempt=1/2 status=200 0.404s url=https://www.myfonts.com/products/coffee-and-donuts-too-much-535595
[2026-09-20T11:24:48Z] #1036 attempt=1/2 status=200 0.491s url=https://www.myfonts.com/collections/too-much-font-comicraft/
[2026-09-20T11:24:49Z] #1037 attempt=1/2 status=200 0.529s url=https://www.myfonts.com/products/regular-oric-neo-555090
[2026-09-20T11:24:50Z] #1038 attempt=1/2 status=200 0.656s url=https://www.myfonts.com/collections/oric-neo-font-the-northern-block/
[2026-09-20T11:24:51Z] #1039 attempt=1/2 status=200 0.460s url=https://www.myfonts.com/products/bold-italic-gobbledygook-535278
[2026-09-20T11:24:51Z] #1040 attempt=1/2 status=200 0.497s url=https://www.myfonts.com/collections/gobbledygook-font-comicraft/
[2026-09-20T11:24:52Z] #1041 attempt=1/2 status=200 0.737s url=https://www.myfonts.com/products/extra-bold-sylar-555033
[2026-09-20T11:24:54Z] #1042 attempt=1/2 status=200 1.078s url=https://www.myfonts.com/collections/sylar-font-the-northern-block/
[2026-09-20T11:24:58Z] #1043 attempt=1/6 status=200 0.854s url=https://www.myfonts.com/products.json?limit=100&page=15
[2026-09-20T11:25:02Z] #1044 attempt=1/6 status=200 0.914s url=https://www.myfonts.com/products.json?limit=100&page=16
[2026-09-20T11:25:07Z] #1045 attempt=1/6 status=200 1.023s url=https://www.myfonts.com/products.json?limit=100&page=17
[2026-09-20T11:25:12Z] #1046 attempt=1/6 status=200 0.987s url=https://www.myfonts.com/products.json?limit=100&page=18
[2026-09-20T11:25:15Z] #1047 attempt=1/6 status=200 0.994s url=https://www.myfonts.com/products.json?limit=100&page=19
[2026-09-20T11:25:21Z] #1048 attempt=1/6 status=200 1.041s url=https://www.myfonts.com/products.json?limit=100&page=20
[2026-09-20T11:25:26Z] #1049 attempt=1/6 status=200 1.133s url=https://www.myfonts.com/products.json?limit=100&page=21
[2026-09-20T11:25:34Z] #1050 attempt=1/6 status=200 1.375s url=https://www.myfonts.com/products.json?limit=100&page=22
[2026-09-20T11:25:43Z] #1051 attempt=1/6 status=200 1.429s url=https://www.myfonts.com/products.json?limit=100&page=23
[2026-09-20T11:25:52Z] #1052 attempt=1/6 status=200 1.071s url=https://www.myfonts.com/products.json?limit=100&page=24
[2026-09-20T11:25:55Z] #1053 attempt=1/2 status=200 0.777s url=https://www.myfonts.com/products/rounder-complete-family-package-1226729
[2026-09-20T11:25:56Z] #1054 attempt=1/2 status=200 1.144s url=https://www.myfonts.com/collections/rounder-font-alpercakici/
[2026-09-20T11:25:58Z] #1055 attempt=1/6 status=200 1.019s url=https://www.myfonts.com/products.json?limit=100&page=25
[2026-09-20T11:25:58Z] #1056 attempt=1/2 status=200 0.332s url=https://www.myfonts.com/products/soke-complete-family-package-1226634
[2026-09-20T11:25:59Z] #1057 attempt=1/2 status=200 0.372s url=https://www.myfonts.com/collections/soke-font-creative9/
[2026-09-20T11:26:00Z] #1058 attempt=1/2 status=200 0.693s url=https://www.myfonts.com/products/paradise-point-normal-pack-package-1226563
[2026-09-20T11:26:01Z] #1059 attempt=1/2 status=200 0.923s url=https://www.myfonts.com/collections/paradise-point-font-swell-type/
[2026-09-20T11:26:02Z] #1060 attempt=1/2 status=200 0.606s url=https://www.myfonts.com/products/limit-micro-complete-family-package-1226332
[2026-09-20T11:26:03Z] #1061 attempt=1/2 status=200 1.058s url=https://www.myfonts.com/collections/limit-micro-font-bold-guys/
[2026-09-20T11:26:04Z] #1062 attempt=1/2 status=200 0.494s url=https://www.myfonts.com/products/hyperspace-capsule-wide-family-package-1226596
[2026-09-20T11:26:05Z] #1063 attempt=1/2 status=200 0.746s url=https://www.myfonts.com/collections/hyperspace-race-capsule-font-swell-type/
[2026-09-20T11:26:06Z] #1064 attempt=1/2 status=200 0.382s url=https://www.myfonts.com/products/limit-file-variable-concept-complete-family-package-1226142
[2026-09-20T11:26:07Z] #1065 attempt=1/2 status=200 0.440s url=https://www.myfonts.com/collections/limit-file-variable-concept-font-bold-guys/
[2026-09-20T11:26:08Z] #1066 attempt=1/2 status=200 0.396s url=https://www.myfonts.com/products/raimundo-complete-family-package-1225860
[2026-09-20T11:26:08Z] #1067 attempt=1/2 status=200 0.555s url=https://www.myfonts.com/collections/raimundo-font-latinotype/
[2026-09-20T11:26:09Z] #1068 attempt=1/2 status=200 0.352s url=https://www.myfonts.com/products/limit-text-variable-concept-complete-family-package-1226164
[2026-09-20T11:26:10Z] #1069 attempt=1/2 status=200 0.407s url=https://www.myfonts.com/collections/limit-text-variable-concept-font-bold-guys/
[2026-09-20T11:26:10Z] #1070 attempt=1/2 status=200 0.417s url=https://www.myfonts.com/products/just-serif-complete-family-package-1226598
[2026-09-20T11:26:11Z] #1071 attempt=1/2 status=200 0.520s url=https://www.myfonts.com/collections/just-serif-font-just-creative/
[2026-09-20T11:26:12Z] #1072 attempt=1/2 status=200 0.398s url=https://www.myfonts.com/products/limit-variable-concept-full-complete-family-package-1226138
[2026-09-20T11:26:13Z] #1073 attempt=1/2 status=200 0.451s url=https://www.myfonts.com/collections/limit-variable-concept-full-font-bold-guys/
[2026-09-20T11:26:14Z] #1074 attempt=1/2 status=200 0.835s url=https://www.myfonts.com/products/limit-text-xcompressed-package-1226442
[2026-09-20T11:26:15Z] #1075 attempt=1/2 status=200 1.138s url=https://www.myfonts.com/collections/limit-text-font-bold-guys/
[2026-09-20T11:26:16Z] #1076 attempt=1/2 status=200 0.557s url=https://www.myfonts.com/products/ador-hairline-complete-family-package-1226079
[2026-09-20T11:26:17Z] #1077 attempt=1/2 status=200 0.722s url=https://www.myfonts.com/collections/ador-hairline-font-arne-freytag/
[2026-09-20T11:26:20Z] #1078 attempt=1/2 status=200 2.025s url=https://www.myfonts.com/products/vantori-complete-family-package-1226168
[2026-09-20T11:26:23Z] #1079 attempt=1/2 status=200 2.717s url=https://www.myfonts.com/collections/vantori-font-stripes-studio/
[2026-09-20T11:26:24Z] summary releases=803 first_429=None log_file=state/myfonts_run_20260920_110822.log
[2026-09-20T11:26:24Z] saved_success_profile path=state/myfonts_success_profile.json
[2026-09-20T11:26:24Z] === MyFonts crawl end ===
