[2026-10-03T11:31:05Z] checkpoint fresh next_page=1 path=state/myfonts_crawl_checkpoint.json
[2026-10-03T11:31:05Z] === MyFonts crawl start source=myfonts ===
[2026-10-03T11:31:05Z] config max_pages=25 page_size=100 start_date=2026-10-02 end_date=2026-10-03 api_delay=0.5s detail_delay=0.2s max_debut_checks=400 max_tech_specs_checks=200 reuse_success_profile=False always_enrich_packages=True language_script_signal_mode=strong force_fresh_run=False start_page=1 browser_mode=False browser_headless=True browser_storage_state_path=state/myfonts_storage_state.json
[2026-10-03T11:31:07Z] #1 attempt=1/6 status=200 0.796s url=https://www.myfonts.com/products.json?limit=100&page=1
[2026-10-03T11:31:07Z] #2 attempt=1/2 status=200 0.418s url=https://www.myfonts.com/products/monalisa-rastoner-complete-family-package-1236012
[2026-10-03T11:31:08Z] #3 attempt=1/2 status=200 0.605s url=https://www.myfonts.com/collections/monalisa-rastoner-font-gold-type/
[2026-10-03T11:31:09Z] #4 attempt=1/2 status=200 0.652s url=https://www.myfonts.com/collections/monalisa-rastoner-font-gold-type/?tab=techSpecs
[2026-10-03T11:31:11Z] #5 attempt=1/2 status=200 0.347s url=https://www.myfonts.com/products/trans-rapid-subpackage-basic-package-1236333
[2026-10-03T11:31:11Z] #6 attempt=1/2 status=200 0.450s url=https://www.myfonts.com/collections/trans-rapid-font-typographicdesign/
[2026-10-03T11:31:12Z] #7 attempt=1/2 status=200 0.484s url=https://www.myfonts.com/collections/trans-rapid-font-typographicdesign/?tab=techSpecs
[2026-10-03T11:31:13Z] #8 attempt=1/2 status=200 0.378s url=https://www.myfonts.com/products/mavero-complete-family-package-1236067
[2026-10-03T11:31:14Z] #9 attempt=1/2 status=200 0.433s url=https://www.myfonts.com/collections/mavero-font-rafis-type/
[2026-10-03T11:31:15Z] #10 attempt=1/2 status=200 0.612s url=https://www.myfonts.com/collections/mavero-font-rafis-type/?tab=techSpecs
[2026-10-03T11:31:16Z] #11 attempt=1/2 status=200 0.372s url=https://www.myfonts.com/products/everplay-complete-family-package-1236286
[2026-10-03T11:31:17Z] #12 attempt=1/2 status=200 0.420s url=https://www.myfonts.com/collections/everplay-font-vp-creative-shop/
[2026-10-03T11:31:17Z] #13 attempt=1/2 status=200 0.388s url=https://www.myfonts.com/collections/everplay-font-vp-creative-shop/?tab=techSpecs
[2026-10-03T11:31:19Z] #14 attempt=1/2 status=200 0.465s url=https://www.myfonts.com/products/crisbon-complete-family-package-1236338
[2026-10-03T11:31:20Z] #15 attempt=1/2 status=200 0.793s url=https://www.myfonts.com/collections/crisbon-font-great-studio/
[2026-10-03T11:31:21Z] #16 attempt=1/2 status=200 0.698s url=https://www.myfonts.com/collections/crisbon-font-great-studio/?tab=techSpecs
[2026-10-03T11:31:22Z] #17 attempt=1/2 status=200 0.461s url=https://www.myfonts.com/products/roughney-complete-family-package-1236311
[2026-10-03T11:31:23Z] #18 attempt=1/2 status=200 0.397s url=https://www.myfonts.com/collections/roughney-font-viaction-type/
[2026-10-03T11:31:23Z] #19 attempt=1/2 status=200 0.384s url=https://www.myfonts.com/collections/roughney-font-viaction-type/?tab=techSpecs
[2026-10-03T11:31:25Z] #20 attempt=1/2 status=200 0.380s url=https://www.myfonts.com/products/mildrain-complete-family-package-1235989
[2026-10-03T11:31:25Z] #21 attempt=1/2 status=200 0.402s url=https://www.myfonts.com/collections/mildrain-font-din-studio/
[2026-10-03T11:31:26Z] #22 attempt=1/2 status=200 0.440s url=https://www.myfonts.com/collections/mildrain-font-din-studio/?tab=techSpecs
[2026-10-03T11:31:27Z] #23 attempt=1/2 status=200 0.280s url=https://www.myfonts.com/products/yesternote-complete-family-package-1236296
[2026-10-03T11:31:28Z] #24 attempt=1/2 status=200 0.381s url=https://www.myfonts.com/collections/yesternote-font-vp-creative-shop/
[2026-10-03T11:31:28Z] #25 attempt=1/2 status=200 0.334s url=https://www.myfonts.com/collections/yesternote-font-vp-creative-shop/?tab=techSpecs
[2026-10-03T11:31:30Z] #26 attempt=1/2 status=200 0.342s url=https://www.myfonts.com/products/alpha-moon-complete-family-package-1236146
[2026-10-03T11:31:30Z] #27 attempt=1/2 status=200 0.328s url=https://www.myfonts.com/collections/alpha-moon-font-pleasure-fonts/
[2026-10-03T11:31:31Z] #28 attempt=1/2 status=200 0.302s url=https://www.myfonts.com/collections/alpha-moon-font-pleasure-fonts/?tab=techSpecs
[2026-10-03T11:31:32Z] #29 attempt=1/2 status=200 0.307s url=https://www.myfonts.com/products/bayari-complete-family-package-1236154
[2026-10-03T11:31:33Z] #30 attempt=1/2 status=200 0.351s url=https://www.myfonts.com/collections/bayari-font-zaain-type/
[2026-10-03T11:31:33Z] #31 attempt=1/2 status=200 0.319s url=https://www.myfonts.com/collections/bayari-font-zaain-type/?tab=techSpecs
[2026-10-03T11:31:35Z] #32 attempt=1/2 status=200 0.546s url=https://www.myfonts.com/products/macego-complete-family-package-1235909
[2026-10-03T11:31:36Z] #33 attempt=1/2 status=200 0.883s url=https://www.myfonts.com/collections/macego-font-alpercakici/
[2026-10-03T11:31:37Z] #34 attempt=1/2 status=200 0.762s url=https://www.myfonts.com/collections/macego-font-alpercakici/?tab=techSpecs
[2026-10-03T11:31:40Z] #35 attempt=1/2 status=200 0.925s url=https://www.myfonts.com/products/dribble-complete-family-package-1236157
[2026-10-03T11:31:42Z] #36 attempt=1/2 status=200 2.056s url=https://www.myfonts.com/collections/dribble-font-zeenesia-studio/
[2026-10-03T11:31:45Z] #37 attempt=1/2 status=200 1.509s url=https://www.myfonts.com/collections/dribble-font-zeenesia-studio/?tab=techSpecs
[2026-10-03T11:31:46Z] #38 attempt=1/2 status=200 0.402s url=https://www.myfonts.com/products/hemas-complete-family-package-1236059
[2026-10-03T11:31:47Z] #39 attempt=1/2 status=200 0.341s url=https://www.myfonts.com/collections/hemas-font-hishand-studio/
[2026-10-03T11:31:47Z] #40 attempt=1/2 status=200 0.380s url=https://www.myfonts.com/collections/hemas-font-hishand-studio/?tab=techSpecs
[2026-10-03T11:31:49Z] #41 attempt=1/2 status=200 0.490s url=https://www.myfonts.com/products/designer-stuff-package-1236140
[2026-10-03T11:31:49Z] #42 attempt=1/2 status=200 0.484s url=https://www.myfonts.com/collections/gc-numenor-font-onyx-studio/
[2026-10-03T11:31:50Z] #43 attempt=1/2 status=200 0.424s url=https://www.myfonts.com/collections/gc-numenor-font-onyx-studio/?tab=techSpecs
[2026-10-03T11:31:51Z] #44 attempt=1/2 status=200 0.325s url=https://www.myfonts.com/products/takugi-complete-family-package-1236070
[2026-10-03T11:31:52Z] #45 attempt=1/2 status=200 0.410s url=https://www.myfonts.com/collections/takugi-font-ragamkata/
[2026-10-03T11:31:53Z] #46 attempt=1/2 status=200 0.291s url=https://www.myfonts.com/collections/takugi-font-ragamkata/?tab=techSpecs
[2026-10-03T11:31:54Z] #47 attempt=1/2 status=200 0.295s url=https://www.myfonts.com/products/cs-decland-complete-family-package-1235975
[2026-10-03T11:31:54Z] #48 attempt=1/2 status=200 0.373s url=https://www.myfonts.com/collections/cs-decland-font-craft-supply-co/
[2026-10-03T11:31:55Z] #49 attempt=1/2 status=200 0.352s url=https://www.myfonts.com/collections/cs-decland-font-craft-supply-co/?tab=techSpecs
[2026-10-03T11:31:56Z] #50 attempt=1/2 status=200 0.335s url=https://www.myfonts.com/products/vitral-complete-family-package-1236049
[2026-10-03T11:31:57Z] #51 attempt=1/2 status=200 0.402s url=https://www.myfonts.com/collections/vitral-font-gordan-jast-type/
[2026-10-03T11:31:57Z] #52 attempt=1/2 status=200 0.367s url=https://www.myfonts.com/collections/vitral-font-gordan-jast-type/?tab=techSpecs
[2026-10-03T11:31:59Z] #53 attempt=1/2 status=200 0.339s url=https://www.myfonts.com/products/qago-complete-family-package-1236141
[2026-10-03T11:31:59Z] #54 attempt=1/2 status=200 0.335s url=https://www.myfonts.com/collections/qago-font-pandeka-studio/
[2026-10-03T11:32:00Z] #55 attempt=1/2 status=200 0.460s url=https://www.myfonts.com/collections/qago-font-pandeka-studio/?tab=techSpecs
[2026-10-03T11:32:01Z] #56 attempt=1/2 status=200 0.326s url=https://www.myfonts.com/products/bakly-cake-complete-family-package-1236125
[2026-10-03T11:32:02Z] #57 attempt=1/2 status=200 0.333s url=https://www.myfonts.com/collections/bakly-cake-font-mei-suseno/
[2026-10-03T11:32:02Z] #58 attempt=1/2 status=200 0.322s url=https://www.myfonts.com/collections/bakly-cake-font-mei-suseno/?tab=techSpecs
[2026-10-03T11:32:04Z] #59 attempt=1/2 status=200 0.354s url=https://www.myfonts.com/products/rumiond-complete-family-package-1235905
[2026-10-03T11:32:04Z] #60 attempt=1/2 status=200 0.396s url=https://www.myfonts.com/collections/rumiond-font-luminatype-studio/
[2026-10-03T11:32:05Z] #61 attempt=1/2 status=200 0.416s url=https://www.myfonts.com/collections/rumiond-font-luminatype-studio/?tab=techSpecs
[2026-10-03T11:32:06Z] #62 attempt=1/2 status=200 0.300s url=https://www.myfonts.com/products/frosty-dream-complete-family-package-1236282
[2026-10-03T11:32:07Z] #63 attempt=1/2 status=200 0.484s url=https://www.myfonts.com/collections/frosty-dream-font-yoga-letter/
[2026-10-03T11:32:07Z] #64 attempt=1/2 status=200 0.345s url=https://www.myfonts.com/collections/frosty-dream-font-yoga-letter/?tab=techSpecs
[2026-10-03T11:32:09Z] #65 attempt=1/2 status=200 0.324s url=https://www.myfonts.com/products/naica-complete-family-package-1236041
[2026-10-03T11:32:09Z] #66 attempt=1/2 status=200 0.395s url=https://www.myfonts.com/collections/naica-font-gordan-jast-type/
[2026-10-03T11:32:10Z] #67 attempt=1/2 status=200 0.424s url=https://www.myfonts.com/collections/naica-font-gordan-jast-type/?tab=techSpecs
[2026-10-03T11:32:12Z] #68 attempt=1/2 status=200 0.254s url=https://www.myfonts.com/products/bestira-complete-family-package-1236003
[2026-10-03T11:32:13Z] #69 attempt=1/2 status=200 0.568s url=https://www.myfonts.com/collections/bestira-font-flawlessandco/
[2026-10-03T11:32:14Z] #70 attempt=1/2 status=200 0.503s url=https://www.myfonts.com/collections/bestira-font-flawlessandco/?tab=techSpecs
[2026-10-03T11:32:15Z] #71 attempt=1/2 status=200 0.361s url=https://www.myfonts.com/products/friezy-complete-family-package-1236006
[2026-10-03T11:32:15Z] #72 attempt=1/2 status=200 0.346s url=https://www.myfonts.com/collections/friezy-font-font-liner/
[2026-10-03T11:32:16Z] #73 attempt=1/2 status=200 0.380s url=https://www.myfonts.com/collections/friezy-font-font-liner/?tab=techSpecs
[2026-10-03T11:32:17Z] #74 attempt=1/2 status=200 0.377s url=https://www.myfonts.com/products/maple-chunky-complete-family-package-1236319
[2026-10-03T11:32:18Z] #75 attempt=1/2 status=200 0.355s url=https://www.myfonts.com/collections/maple-chunky-font-vampstudio/
[2026-10-03T11:32:19Z] #76 attempt=1/2 status=200 0.369s url=https://www.myfonts.com/collections/maple-chunky-font-vampstudio/?tab=techSpecs
[2026-10-03T11:32:20Z] #77 attempt=1/2 status=200 0.372s url=https://www.myfonts.com/products/misspent-youth-complete-family-package-1236149
[2026-10-03T11:32:20Z] #78 attempt=1/2 status=200 0.481s url=https://www.myfonts.com/collections/misspent-youth-font-pizzadude-dk/
[2026-10-03T11:32:21Z] #79 attempt=1/2 status=200 0.365s url=https://www.myfonts.com/collections/misspent-youth-font-pizzadude-dk/?tab=techSpecs
[2026-10-03T11:32:22Z] #80 attempt=1/2 status=200 0.346s url=https://www.myfonts.com/products/lextron-complete-family-package-1236073
[2026-10-03T11:32:23Z] #81 attempt=1/2 status=200 0.450s url=https://www.myfonts.com/collections/lextron-font-hasbi-creative/
[2026-10-03T11:32:24Z] #82 attempt=1/2 status=200 0.361s url=https://www.myfonts.com/collections/lextron-font-hasbi-creative/?tab=techSpecs
[2026-10-03T11:32:25Z] #83 attempt=1/2 status=200 0.347s url=https://www.myfonts.com/products/din-next-slab-complete-family-package-1236335
[2026-10-03T11:32:26Z] #84 attempt=1/2 status=200 0.519s url=https://www.myfonts.com/collections/din-next-slab-font-monotype-imaging/
[2026-10-03T11:32:26Z] #85 attempt=1/2 status=200 0.402s url=https://www.myfonts.com/collections/din-next-slab-font-monotype-imaging/?tab=techSpecs
[2026-10-03T11:32:28Z] #86 attempt=1/2 status=200 0.283s url=https://www.myfonts.com/products/spect-complete-family-package-1236301
[2026-10-03T11:32:28Z] #87 attempt=1/2 status=200 0.374s url=https://www.myfonts.com/collections/spect-font-vitaliy-gotsanyuk/
[2026-10-03T11:32:29Z] #88 attempt=1/2 status=200 0.419s url=https://www.myfonts.com/collections/spect-font-vitaliy-gotsanyuk/?tab=techSpecs
[2026-10-03T11:32:30Z] #89 attempt=1/2 status=200 0.353s url=https://www.myfonts.com/products/agrifox-mestalube-complete-family-package-1236122
[2026-10-03T11:32:31Z] #90 attempt=1/2 status=200 0.355s url=https://www.myfonts.com/collections/agrifox-mestalube-font-maulana-creative/
[2026-10-03T11:32:31Z] #91 attempt=1/2 status=200 0.334s url=https://www.myfonts.com/collections/agrifox-mestalube-font-maulana-creative/?tab=techSpecs
[2026-10-03T11:32:33Z] #92 attempt=1/2 status=200 0.324s url=https://www.myfonts.com/products/stylish-harmony-complete-family-package-1236009
[2026-10-03T11:32:33Z] #93 attempt=1/2 status=200 0.327s url=https://www.myfonts.com/collections/stylish-harmony-font-font-liner/
[2026-10-03T11:32:34Z] #94 attempt=1/2 status=200 0.295s url=https://www.myfonts.com/collections/stylish-harmony-font-font-liner/?tab=techSpecs
[2026-10-03T11:32:35Z] #95 attempt=1/2 status=200 0.323s url=https://www.myfonts.com/products/rengo-complete-family-package-1235983
[2026-10-03T11:32:35Z] #96 attempt=1/2 status=200 0.402s url=https://www.myfonts.com/collections/rengo-font-dareco-studio/
[2026-10-03T11:32:36Z] #97 attempt=1/2 status=200 0.439s url=https://www.myfonts.com/collections/rengo-font-dareco-studio/?tab=techSpecs
[2026-10-03T11:32:38Z] #98 attempt=1/2 status=200 0.423s url=https://www.myfonts.com/products/crustica-complete-family-package-1236118
[2026-10-03T11:32:39Z] #99 attempt=1/2 status=200 0.415s url=https://www.myfonts.com/collections/crustica-font-maulana-creative/
[2026-10-03T11:32:39Z] #100 attempt=1/2 status=200 0.340s url=https://www.myfonts.com/collections/crustica-font-maulana-creative/?tab=techSpecs
[2026-10-03T11:32:42Z] #101 attempt=1/2 status=200 0.390s url=https://www.myfonts.com/products/cs-frank-complete-family-package-1235971
[2026-10-03T11:32:42Z] #102 attempt=1/2 status=200 0.621s url=https://www.myfonts.com/collections/cs-frank-font-craft-supply-co/
[2026-10-03T11:32:43Z] #103 attempt=1/2 status=200 0.368s url=https://www.myfonts.com/collections/cs-frank-font-craft-supply-co/?tab=techSpecs
[2026-10-03T11:32:44Z] #104 attempt=1/2 status=200 0.375s url=https://www.myfonts.com/products/regular-banxel-1236129
[2026-10-03T11:32:45Z] #105 attempt=1/2 status=200 0.312s url=https://www.myfonts.com/collections/banxel-font-drizy-font/
[2026-10-03T11:32:45Z] #106 attempt=1/2 status=200 0.329s url=https://www.myfonts.com/collections/banxel-font-drizy-font/?tab=techSpecs
[2026-10-03T11:32:47Z] #107 attempt=1/6 status=200 0.619s url=https://www.myfonts.com/products.json?limit=100&page=2
[2026-10-03T11:32:48Z] #108 attempt=1/6 status=200 0.781s url=https://www.myfonts.com/products.json?limit=100&page=3
[2026-10-03T11:32:49Z] #109 attempt=1/2 status=200 0.310s url=https://www.myfonts.com/products/regular-wormsandbranches-1236117
[2026-10-03T11:32:49Z] #110 attempt=1/2 status=200 0.301s url=https://www.myfonts.com/collections/wormsandbranches-font-jointype/
[2026-10-03T11:32:50Z] #111 attempt=1/2 status=200 0.279s url=https://www.myfonts.com/collections/wormsandbranches-font-jointype/?tab=techSpecs
[2026-10-03T11:32:51Z] #112 attempt=1/2 status=200 0.311s url=https://www.myfonts.com/products/regular-britain-party-1236128
[2026-10-03T11:32:51Z] #113 attempt=1/2 status=200 0.334s url=https://www.myfonts.com/collections/britain-party-font-metasena-typefoundry/
[2026-10-03T11:32:52Z] #114 attempt=1/2 status=200 0.324s url=https://www.myfonts.com/collections/britain-party-font-metasena-typefoundry/?tab=techSpecs
[2026-10-03T11:32:53Z] #115 attempt=1/2 status=200 0.302s url=https://www.myfonts.com/products/regular-drainz-1236130
[2026-10-03T11:32:53Z] #116 attempt=1/2 status=200 0.292s url=https://www.myfonts.com/collections/drainz-font-olivetype/
[2026-10-03T11:32:54Z] #117 attempt=1/2 status=200 0.301s url=https://www.myfonts.com/collections/drainz-font-olivetype/?tab=techSpecs
[2026-10-03T11:32:55Z] #118 attempt=1/6 status=200 0.631s url=https://www.myfonts.com/products.json?limit=100&page=4
[2026-10-03T11:32:56Z] #119 attempt=1/2 status=200 0.298s url=https://www.myfonts.com/products/regular-morame-yoabe-1236121
[2026-10-03T11:32:56Z] #120 attempt=1/2 status=200 0.361s url=https://www.myfonts.com/collections/morame-yoabe-font-maulana-creative/
[2026-10-03T11:32:57Z] #121 attempt=1/2 status=200 0.328s url=https://www.myfonts.com/collections/morame-yoabe-font-maulana-creative/?tab=techSpecs
[2026-10-03T11:32:58Z] #122 attempt=1/2 status=200 0.265s url=https://www.myfonts.com/products/regular-joyspark-1236144
[2026-10-03T11:32:59Z] #123 attempt=1/2 status=200 0.312s url=https://www.myfonts.com/collections/joyspark-font-pictranoosa/
[2026-10-03T11:32:59Z] #124 attempt=1/2 status=200 0.291s url=https://www.myfonts.com/collections/joyspark-font-pictranoosa/?tab=techSpecs
[2026-10-03T11:33:00Z] #125 attempt=1/2 status=200 0.329s url=https://www.myfonts.com/products/regular-spooky-halloween-day-1236326
[2026-10-03T11:33:01Z] #126 attempt=1/2 status=200 0.320s url=https://www.myfonts.com/collections/spooky-halloween-day-font-unitype-studio/
[2026-10-03T11:33:01Z] #127 attempt=1/2 status=200 0.286s url=https://www.myfonts.com/collections/spooky-halloween-day-font-unitype-studio/?tab=techSpecs
[2026-10-03T11:33:02Z] #128 attempt=1/2 status=200 0.320s url=https://www.myfonts.com/products/regular-elora-violet-1236325
[2026-10-03T11:33:02Z] #129 attempt=1/2 status=200 0.318s url=https://www.myfonts.com/collections/elora-violet-font-unitype-studio/
[2026-10-03T11:33:03Z] #130 attempt=1/2 status=200 0.386s url=https://www.myfonts.com/collections/elora-violet-font-unitype-studio/?tab=techSpecs
[2026-10-03T11:33:04Z] #131 attempt=1/2 status=200 0.307s url=https://www.myfonts.com/products/regular-spooky-monster-1236322
[2026-10-03T11:33:05Z] #132 attempt=1/2 status=200 0.336s url=https://www.myfonts.com/collections/spooky-monster-font-unitype-studio/
[2026-10-03T11:33:05Z] #133 attempt=1/2 status=200 0.273s url=https://www.myfonts.com/collections/spooky-monster-font-unitype-studio/?tab=techSpecs
[2026-10-03T11:33:07Z] #134 attempt=1/2 status=200 0.300s url=https://www.myfonts.com/products/regular-matrix-squadron-1236323
[2026-10-03T11:33:08Z] #135 attempt=1/2 status=200 0.441s url=https://www.myfonts.com/collections/matrix-squadron-font-unitype-studio/
[2026-10-03T11:33:08Z] #136 attempt=1/2 status=200 0.300s url=https://www.myfonts.com/collections/matrix-squadron-font-unitype-studio/?tab=techSpecs
[2026-10-03T11:33:09Z] #137 attempt=1/2 status=200 0.297s url=https://www.myfonts.com/products/regular-halloween-darkness-1236324
[2026-10-03T11:33:10Z] #138 attempt=1/2 status=200 0.478s url=https://www.myfonts.com/collections/halloween-darkness-font-unitype-studio/
[2026-10-03T11:33:11Z] #139 attempt=1/2 status=200 0.412s url=https://www.myfonts.com/collections/halloween-darkness-font-unitype-studio/?tab=techSpecs
[2026-10-03T11:33:12Z] #140 attempt=1/2 status=200 0.645s url=https://www.myfonts.com/products/regular-everplay-vf-1236285
[2026-10-03T11:33:12Z] #141 attempt=1/2 status=200 0.382s url=https://www.myfonts.com/collections/everplay-vf-font-vp-creative-shop/
[2026-10-03T11:33:13Z] #142 attempt=1/2 status=200 0.439s url=https://www.myfonts.com/collections/everplay-vf-font-vp-creative-shop/?tab=techSpecs
[2026-10-03T11:33:14Z] #143 attempt=1/2 status=200 0.487s url=https://www.myfonts.com/products/regular-coastal-lovebirds-1236318
[2026-10-03T11:33:15Z] #144 attempt=1/2 status=200 0.462s url=https://www.myfonts.com/collections/coastal-lovebirds-font-vampstudio/
[2026-10-03T11:33:15Z] #145 attempt=1/2 status=200 0.359s url=https://www.myfonts.com/collections/coastal-lovebirds-font-vampstudio/?tab=techSpecs
[2026-10-03T11:33:16Z] #146 attempt=1/2 status=200 0.414s url=https://www.myfonts.com/products/regular-wotten-blood-1236270
[2026-10-03T11:33:17Z] #147 attempt=1/2 status=200 0.293s url=https://www.myfonts.com/collections/wotten-blood-font-yumnacreative/
[2026-10-03T11:33:17Z] #148 attempt=1/2 status=200 0.282s url=https://www.myfonts.com/collections/wotten-blood-font-yumnacreative/?tab=techSpecs
[2026-10-03T11:33:18Z] #149 attempt=1/2 status=200 0.326s url=https://www.myfonts.com/products/variable-50kmh-trans-rapid-variable-1236334
[2026-10-03T11:33:19Z] #150 attempt=1/2 status=200 0.324s url=https://www.myfonts.com/collections/trans-rapid-variable-font-typographicdesign/
[2026-10-03T11:33:20Z] #151 attempt=1/2 status=200 0.389s url=https://www.myfonts.com/collections/trans-rapid-variable-font-typographicdesign/?tab=techSpecs
[2026-10-03T11:33:21Z] #152 attempt=1/2 status=200 0.341s url=https://www.myfonts.com/products/potele-regular-potele-1236153
[2026-10-03T11:33:21Z] #153 attempt=1/2 status=200 0.367s url=https://www.myfonts.com/collections/potele-font-pixelbuddha-studio/
[2026-10-03T11:33:22Z] #154 attempt=1/2 status=200 0.295s url=https://www.myfonts.com/collections/potele-font-pixelbuddha-studio/?tab=techSpecs
[2026-10-03T11:33:23Z] #155 attempt=1/2 status=200 0.300s url=https://www.myfonts.com/products/regular-prak-moroway-1236145
[2026-10-03T11:33:23Z] #156 attempt=1/2 status=200 0.309s url=https://www.myfonts.com/collections/prak-moroway-font-praktypes/
[2026-10-03T11:33:24Z] #157 attempt=1/2 status=200 0.290s url=https://www.myfonts.com/collections/prak-moroway-font-praktypes/?tab=techSpecs
[2026-10-03T11:33:25Z] #158 attempt=1/2 status=200 0.348s url=https://www.myfonts.com/products/chastel-reid-complete-family-package-1236090
[2026-10-03T11:33:25Z] #159 attempt=1/2 status=200 0.391s url=https://www.myfonts.com/collections/chastel-reid-font-letterena-studios/
[2026-10-03T11:33:26Z] #160 attempt=1/2 status=200 0.300s url=https://www.myfonts.com/collections/chastel-reid-font-letterena-studios/?tab=techSpecs
[2026-10-03T11:33:27Z] #161 attempt=1/2 status=200 0.313s url=https://www.myfonts.com/products/desigat-complete-family-package-1236087
[2026-10-03T11:33:28Z] #162 attempt=1/2 status=200 0.382s url=https://www.myfonts.com/collections/desigat-font-letterena-studios/
[2026-10-03T11:33:29Z] #163 attempt=1/2 status=200 0.352s url=https://www.myfonts.com/collections/desigat-font-letterena-studios/?tab=techSpecs
[2026-10-03T11:33:31Z] #164 attempt=1/2 status=200 0.412s url=https://www.myfonts.com/products/zecfulmatos-complete-family-package-1236093
[2026-10-03T11:33:32Z] #165 attempt=1/2 status=200 0.371s url=https://www.myfonts.com/collections/zecfulmatos-font-letterena-studios/
[2026-10-03T11:33:32Z] #166 attempt=1/2 status=200 0.374s url=https://www.myfonts.com/collections/zecfulmatos-font-letterena-studios/?tab=techSpecs
[2026-10-03T11:33:33Z] #167 attempt=1/2 status=200 0.324s url=https://www.myfonts.com/products/swite-brush-complete-family-package-1236083
[2026-10-03T11:33:34Z] #168 attempt=1/2 status=200 0.423s url=https://www.myfonts.com/collections/swite-brush-font-integritype/
[2026-10-03T11:33:35Z] #169 attempt=1/2 status=200 0.328s url=https://www.myfonts.com/collections/swite-brush-font-integritype/?tab=techSpecs
[2026-10-03T11:33:36Z] #170 attempt=1/2 status=200 0.506s url=https://www.myfonts.com/products/crovas-complete-family-package-1236098
[2026-10-03T11:33:37Z] #171 attempt=1/2 status=200 0.594s url=https://www.myfonts.com/collections/crovas-font-jafar07/
[2026-10-03T11:33:38Z] #172 attempt=1/2 status=200 0.519s url=https://www.myfonts.com/collections/crovas-font-jafar07/?tab=techSpecs
[2026-10-03T11:33:39Z] #173 attempt=1/2 status=200 0.324s url=https://www.myfonts.com/products/bold-avoin-1236097
[2026-10-03T11:33:40Z] #174 attempt=1/2 status=200 0.327s url=https://www.myfonts.com/collections/avoin-font-limitype/
[2026-10-03T11:33:40Z] #175 attempt=1/2 status=200 0.311s url=https://www.myfonts.com/collections/avoin-font-limitype/?tab=techSpecs
[2026-10-03T11:33:42Z] #176 attempt=1/6 status=200 0.858s url=https://www.myfonts.com/products.json?limit=100&page=5
[2026-10-03T11:33:42Z] #177 attempt=1/2 status=200 0.298s url=https://www.myfonts.com/products/regular-magimax-1236079
[2026-10-03T11:33:43Z] #178 attempt=1/2 status=200 0.480s url=https://www.myfonts.com/collections/magimax-font-hasnat-studio/
[2026-10-03T11:33:44Z] #179 attempt=1/2 status=200 0.356s url=https://www.myfonts.com/collections/magimax-font-hasnat-studio/?tab=techSpecs
[2026-10-03T11:33:45Z] #180 attempt=1/2 status=200 0.729s url=https://www.myfonts.com/products/regular-wavwaffel-1236086
[2026-10-03T11:33:46Z] #181 attempt=1/2 status=200 0.397s url=https://www.myfonts.com/collections/wavwaffel-font-jointype/
[2026-10-03T11:33:46Z] #182 attempt=1/2 status=200 0.301s url=https://www.myfonts.com/collections/wavwaffel-font-jointype/?tab=techSpecs
[2026-10-03T11:33:47Z] #183 attempt=1/2 status=200 0.325s url=https://www.myfonts.com/products/regular-zettosaid-1236066
[2026-10-03T11:33:48Z] #184 attempt=1/2 status=200 0.329s url=https://www.myfonts.com/collections/zettosaid-font-integritype/
[2026-10-03T11:33:48Z] #185 attempt=1/2 status=200 0.299s url=https://www.myfonts.com/collections/zettosaid-font-integritype/?tab=techSpecs
[2026-10-03T11:33:49Z] #186 attempt=1/2 status=200 0.311s url=https://www.myfonts.com/products/regular-chouz-1235970
[2026-10-03T11:33:50Z] #187 attempt=1/2 status=200 0.358s url=https://www.myfonts.com/collections/chouz-font-brainware-graphic/
[2026-10-03T11:33:50Z] #188 attempt=1/2 status=200 0.296s url=https://www.myfonts.com/collections/chouz-font-brainware-graphic/?tab=techSpecs
[2026-10-03T11:33:51Z] #189 attempt=1/2 status=200 0.347s url=https://www.myfonts.com/products/regular-camelate-1235988
[2026-10-03T11:33:52Z] #190 attempt=1/2 status=200 0.363s url=https://www.myfonts.com/collections/camelate-font-dgtype/
[2026-10-03T11:33:52Z] #191 attempt=1/2 status=200 0.328s url=https://www.myfonts.com/collections/camelate-font-dgtype/?tab=techSpecs
[2026-10-03T11:33:53Z] #192 attempt=1/2 status=200 0.354s url=https://www.myfonts.com/products/regular-muneban-1235908
[2026-10-03T11:33:54Z] #193 attempt=1/2 status=200 0.353s url=https://www.myfonts.com/collections/muneban-font-arif-novianto/
[2026-10-03T11:33:54Z] #194 attempt=1/2 status=200 0.343s url=https://www.myfonts.com/collections/muneban-font-arif-novianto/?tab=techSpecs
[2026-10-03T11:33:56Z] #195 attempt=1/2 status=200 0.317s url=https://www.myfonts.com/products/regular-gundaly-1236065
[2026-10-03T11:33:57Z] #196 attempt=1/2 status=200 0.331s url=https://www.myfonts.com/collections/gundaly-font-integritype/
[2026-10-03T11:33:58Z] #197 attempt=1/2 status=200 0.338s url=https://www.myfonts.com/collections/gundaly-font-integritype/?tab=techSpecs
[2026-10-03T11:33:58Z] #198 attempt=1/2 status=200 0.376s url=https://www.myfonts.com/products/regular-blozay-1236057
[2026-10-03T11:33:59Z] #199 attempt=1/2 status=200 0.334s url=https://www.myfonts.com/collections/blozay-font-ianmikraz-studio/
[2026-10-03T11:34:00Z] #200 attempt=1/2 status=200 0.308s url=https://www.myfonts.com/collections/blozay-font-ianmikraz-studio/?tab=techSpecs
[2026-10-03T11:34:01Z] #201 attempt=1/2 status=200 0.363s url=https://www.myfonts.com/products/hypebeast-regular-hypebeast-brush-1236000
[2026-10-03T11:34:01Z] #202 attempt=1/2 status=200 0.390s url=https://www.myfonts.com/collections/hypebeast-brush-font-ferry-ardana-putra/
[2026-10-03T11:34:02Z] #203 attempt=1/2 status=200 0.329s url=https://www.myfonts.com/collections/hypebeast-brush-font-ferry-ardana-putra/?tab=techSpecs
[2026-10-03T11:34:03Z] #204 attempt=1/2 status=200 0.390s url=https://www.myfonts.com/products/coralie-regular-coralie-1236002
[2026-10-03T11:34:03Z] #205 attempt=1/2 status=200 0.370s url=https://www.myfonts.com/collections/coralie-font-flawlessandco/
[2026-10-03T11:34:04Z] #206 attempt=1/2 status=200 0.311s url=https://www.myfonts.com/collections/coralie-font-flawlessandco/?tab=techSpecs
[2026-10-03T11:34:05Z] #207 attempt=1/2 status=200 0.307s url=https://www.myfonts.com/products/bold-starvo-1236096
[2026-10-03T11:34:05Z] #208 attempt=1/2 status=200 0.349s url=https://www.myfonts.com/collections/starvo-font-limitype/
[2026-10-03T11:34:06Z] #209 attempt=1/2 status=200 0.300s url=https://www.myfonts.com/collections/starvo-font-limitype/?tab=techSpecs
[2026-10-03T11:34:07Z] #210 attempt=1/2 status=200 0.301s url=https://www.myfonts.com/products/regular-crown-majestic-1236063
[2026-10-03T11:34:07Z] #211 attempt=1/2 status=200 0.351s url=https://www.myfonts.com/collections/crown-majestic-font-heinzel-std/
[2026-10-03T11:34:08Z] #212 attempt=1/2 status=200 0.291s url=https://www.myfonts.com/collections/crown-majestic-font-heinzel-std/?tab=techSpecs
[2026-10-03T11:34:09Z] #213 attempt=1/2 status=200 0.293s url=https://www.myfonts.com/products/regular-mackor-1235987
[2026-10-03T11:34:09Z] #214 attempt=1/2 status=200 0.338s url=https://www.myfonts.com/collections/mackor-font-dareco-studio/
[2026-10-03T11:34:10Z] #215 attempt=1/2 status=200 0.292s url=https://www.myfonts.com/collections/mackor-font-dareco-studio/?tab=techSpecs
[2026-10-03T11:34:11Z] #216 attempt=1/2 status=200 0.350s url=https://www.myfonts.com/products/regular-jambura-food-1236082
[2026-10-03T11:34:11Z] #217 attempt=1/2 status=200 0.361s url=https://www.myfonts.com/collections/jambura-food-font-illushvara/
[2026-10-03T11:34:12Z] #218 attempt=1/2 status=200 0.294s url=https://www.myfonts.com/collections/jambura-food-font-illushvara/?tab=techSpecs
[2026-10-03T11:34:13Z] #219 attempt=1/2 status=200 0.313s url=https://www.myfonts.com/products/regular-qronix-1236056
[2026-10-03T11:34:13Z] #220 attempt=1/2 status=200 0.486s url=https://www.myfonts.com/collections/qronix-font-griyotype/
[2026-10-03T11:34:14Z] #221 attempt=1/2 status=200 0.324s url=https://www.myfonts.com/collections/qronix-font-griyotype/?tab=techSpecs
[2026-10-03T11:34:15Z] #222 attempt=1/2 status=200 0.321s url=https://www.myfonts.com/products/regular-black-crush-1236001
[2026-10-03T11:34:16Z] #223 attempt=1/2 status=200 0.361s url=https://www.myfonts.com/collections/black-crush-font-figuree-studio/
[2026-10-03T11:34:16Z] #224 attempt=1/2 status=200 0.350s url=https://www.myfonts.com/collections/black-crush-font-figuree-studio/?tab=techSpecs
[2026-10-03T11:34:18Z] #225 attempt=1/2 status=200 0.375s url=https://www.myfonts.com/products/regular-blockojow-1236080
[2026-10-03T11:34:19Z] #226 attempt=1/2 status=200 0.357s url=https://www.myfonts.com/collections/blockojow-font-hatim-kharbouch/
[2026-10-03T11:34:19Z] #227 attempt=1/2 status=200 0.334s url=https://www.myfonts.com/collections/blockojow-font-hatim-kharbouch/?tab=techSpecs
[2026-10-03T11:34:20Z] #228 attempt=1/2 status=200 0.359s url=https://www.myfonts.com/products/regular-showtilla-1236058
[2026-10-03T11:34:21Z] #229 attempt=1/2 status=200 0.323s url=https://www.myfonts.com/collections/showtilla-font-ianmikraz-studio/
[2026-10-03T11:34:21Z] #230 attempt=1/2 status=200 0.304s url=https://www.myfonts.com/collections/showtilla-font-ianmikraz-studio/?tab=techSpecs
[2026-10-03T11:34:22Z] #231 attempt=1/2 status=200 0.296s url=https://www.myfonts.com/products/regular-psychofat-1235999
[2026-10-03T11:34:23Z] #232 attempt=1/2 status=200 0.314s url=https://www.myfonts.com/collections/psychofat-font-epiclinez/
[2026-10-03T11:34:23Z] #233 attempt=1/2 status=200 0.274s url=https://www.myfonts.com/collections/psychofat-font-epiclinez/?tab=techSpecs
[2026-10-03T11:34:24Z] #234 attempt=1/2 status=200 0.357s url=https://www.myfonts.com/products/regular-liberista-1236081
[2026-10-03T11:34:25Z] #235 attempt=1/2 status=200 0.290s url=https://www.myfonts.com/collections/liberista-font-ikiikotype/
[2026-10-03T11:34:25Z] #236 attempt=1/2 status=200 0.283s url=https://www.myfonts.com/collections/liberista-font-ikiikotype/?tab=techSpecs
[2026-10-03T11:34:26Z] #237 attempt=1/2 status=200 0.309s url=https://www.myfonts.com/products/regular-cherry-bounce-1236064
[2026-10-03T11:34:27Z] #238 attempt=1/2 status=200 0.334s url=https://www.myfonts.com/collections/cherry-bounce-font-heinzel-std/
[2026-10-03T11:34:27Z] #239 attempt=1/2 status=200 0.300s url=https://www.myfonts.com/collections/cherry-bounce-font-heinzel-std/?tab=techSpecs
[2026-10-03T11:34:29Z] #240 attempt=1/2 status=200 0.957s url=https://www.myfonts.com/products/tt-lakes-complete-family-package-1235785
[2026-10-03T11:34:30Z] #241 attempt=1/2 status=200 1.044s url=https://www.myfonts.com/collections/tt-lakes-font-typetype/
[2026-10-03T11:34:31Z] #242 attempt=1/2 status=200 0.760s url=https://www.myfonts.com/collections/tt-lakes-font-typetype/?tab=techSpecs
[2026-10-03T11:34:33Z] #243 attempt=1/2 status=200 0.398s url=https://www.myfonts.com/products/tt-polihaus-non-variable-package-package-1235792
[2026-10-03T11:34:33Z] #244 attempt=1/2 status=200 0.455s url=https://www.myfonts.com/collections/tt-polihaus-font-typetype/
[2026-10-03T11:34:34Z] #245 attempt=1/2 status=200 0.330s url=https://www.myfonts.com/collections/tt-polihaus-font-typetype/?tab=techSpecs
[2026-10-03T11:34:35Z] #246 attempt=1/2 status=200 0.452s url=https://www.myfonts.com/products/neu-t-complete-family-package-1235711
[2026-10-03T11:34:36Z] #247 attempt=1/2 status=200 0.458s url=https://www.myfonts.com/collections/neu-t-font-neuclique-design/
[2026-10-03T11:34:37Z] #248 attempt=1/2 status=200 0.491s url=https://www.myfonts.com/collections/neu-t-font-neuclique-design/?tab=techSpecs
[2026-10-03T11:34:38Z] #249 attempt=1/2 status=200 0.543s url=https://www.myfonts.com/products/bold-new-odyssey-1235784
[2026-10-03T11:34:39Z] #250 attempt=1/2 status=200 0.705s url=https://www.myfonts.com/collections/new-odyssey-font-par-dfaut/
[2026-10-03T11:34:40Z] #251 attempt=1/2 status=200 0.627s url=https://www.myfonts.com/collections/new-odyssey-font-par-dfaut/?tab=techSpecs
[2026-10-03T11:34:41Z] #252 attempt=1/2 status=200 0.391s url=https://www.myfonts.com/products/regular-clay-timber-1235807
[2026-10-03T11:34:42Z] #253 attempt=1/2 status=200 0.364s url=https://www.myfonts.com/collections/clay-timber-font-claymoon-lab-studio/
[2026-10-03T11:34:43Z] #254 attempt=1/2 status=200 0.274s url=https://www.myfonts.com/collections/clay-timber-font-claymoon-lab-studio/?tab=techSpecs
[2026-10-03T11:34:44Z] #255 attempt=1/2 status=200 0.387s url=https://www.myfonts.com/products/regular-wirana-1235803
[2026-10-03T11:34:45Z] #256 attempt=1/2 status=200 0.706s url=https://www.myfonts.com/collections/wirana-font-bentype/
[2026-10-03T11:34:45Z] #257 attempt=1/2 status=200 0.271s url=https://www.myfonts.com/collections/wirana-font-bentype/?tab=techSpecs
[2026-10-03T11:34:46Z] #258 attempt=1/2 status=200 0.300s url=https://www.myfonts.com/products/regular-mangut-1235805
[2026-10-03T11:34:47Z] #259 attempt=1/2 status=200 0.486s url=https://www.myfonts.com/collections/mangut-font-canden-meutuah/
[2026-10-03T11:34:47Z] #260 attempt=1/2 status=200 0.305s url=https://www.myfonts.com/collections/mangut-font-canden-meutuah/?tab=techSpecs
[2026-10-03T11:34:49Z] #261 attempt=1/2 status=200 0.955s url=https://www.myfonts.com/products/semi-condensed-package-1235900
[2026-10-03T11:34:50Z] #262 attempt=1/2 status=200 1.481s url=https://www.myfonts.com/collections/aganote-typeface-font-bosstypestudio/
[2026-10-03T11:34:52Z] #263 attempt=1/2 status=200 1.126s url=https://www.myfonts.com/collections/aganote-typeface-font-bosstypestudio/?tab=techSpecs
[2026-10-03T11:34:54Z] #264 attempt=1/2 status=200 0.451s url=https://www.myfonts.com/products/halloween-essentials-package-1235904
[2026-10-03T11:34:54Z] #265 attempt=1/2 status=404 0.282s url=https://www.myfonts.com/collections/halloween-essentials-font-the-ampersand-forest
[2026-10-03T11:34:55Z] #266 attempt=1/2 status=200 0.317s url=https://www.myfonts.com/products/periskop-complete-family-package-1235794
[2026-10-03T11:34:56Z] #267 attempt=1/2 status=200 0.368s url=https://www.myfonts.com/collections/periskop-font-artiveko/
[2026-10-03T11:34:56Z] #268 attempt=1/2 status=200 0.343s url=https://www.myfonts.com/collections/periskop-font-artiveko/?tab=techSpecs
[2026-10-03T11:34:57Z] #269 attempt=1/2 status=200 0.335s url=https://www.myfonts.com/products/gurl-bones-complete-family-package-1235797
[2026-10-03T11:34:58Z] #270 attempt=1/2 status=200 0.352s url=https://www.myfonts.com/collections/gurl-bones-font-artisan-themes/
[2026-10-03T11:34:59Z] #271 attempt=1/2 status=200 0.350s url=https://www.myfonts.com/collections/gurl-bones-font-artisan-themes/?tab=techSpecs
[2026-10-03T11:35:00Z] #272 attempt=1/2 status=200 0.335s url=https://www.myfonts.com/products/draventa-complete-family-package-1235800
[2026-10-03T11:35:00Z] #273 attempt=1/2 status=200 0.372s url=https://www.myfonts.com/collections/draventa-font-asbill-studio/
[2026-10-03T11:35:01Z] #274 attempt=1/2 status=200 0.381s url=https://www.myfonts.com/collections/draventa-font-asbill-studio/?tab=techSpecs
[2026-10-03T11:35:03Z] #275 attempt=1/6 status=200 0.623s url=https://www.myfonts.com/products.json?limit=100&page=6
[2026-10-03T11:35:03Z] #276 attempt=1/2 status=200 0.456s url=https://www.myfonts.com/products/elegant-and-creative-font-bundle-package-1235793
[2026-10-03T11:35:04Z] #277 attempt=1/2 status=404 0.285s url=https://www.myfonts.com/collections/elegant-and-creative-font-bundle-font-mei-suseno
[2026-10-03T11:35:05Z] #278 attempt=1/2 status=200 0.671s url=https://www.myfonts.com/products/rektor-compressed-package-1235756
[2026-10-03T11:35:06Z] #279 attempt=1/2 status=200 0.952s url=https://www.myfonts.com/collections/rektor-font-bold-guys/
[2026-10-03T11:35:07Z] #280 attempt=1/2 status=200 0.674s url=https://www.myfonts.com/collections/rektor-font-bold-guys/?tab=techSpecs
[2026-10-03T11:35:09Z] #281 attempt=1/2 status=200 0.421s url=https://www.myfonts.com/products/sektor-basic-package-1235779
[2026-10-03T11:35:09Z] #282 attempt=1/2 status=200 0.530s url=https://www.myfonts.com/collections/sektor-font-bold-guys/
[2026-10-03T11:35:10Z] #283 attempt=1/2 status=200 0.494s url=https://www.myfonts.com/collections/sektor-font-bold-guys/?tab=techSpecs
[2026-10-03T11:35:12Z] #284 attempt=1/2 status=200 0.382s url=https://www.myfonts.com/products/rektor-variable-concept-complete-family-package-1235760
[2026-10-03T11:35:12Z] #285 attempt=1/2 status=200 0.418s url=https://www.myfonts.com/collections/rektor-variable-concept-font-bold-guys/
[2026-10-03T11:35:13Z] #286 attempt=1/2 status=200 0.317s url=https://www.myfonts.com/collections/rektor-variable-concept-font-bold-guys/?tab=techSpecs
[2026-10-03T11:35:14Z] #287 attempt=1/2 status=200 0.366s url=https://www.myfonts.com/products/sektor-variable-concept-complete-family-package-1235780
[2026-10-03T11:35:15Z] #288 attempt=1/2 status=200 0.441s url=https://www.myfonts.com/collections/sektor-variable-concept-font-bold-guys/
[2026-10-03T11:35:15Z] #289 attempt=1/2 status=200 0.380s url=https://www.myfonts.com/collections/sektor-variable-concept-font-bold-guys/?tab=techSpecs
[2026-10-03T11:35:17Z] #290 attempt=1/6 status=200 0.663s url=https://www.myfonts.com/products.json?limit=100&page=7
[2026-10-03T11:35:18Z] #291 attempt=1/2 status=200 0.838s url=https://www.myfonts.com/products/ultimate-font-bundle-package-1003954
[2026-10-03T11:35:19Z] #292 attempt=1/2 status=404 0.218s url=https://www.myfonts.com/collections/ultimate-font-bundle-font-hyperfluro
[2026-10-03T11:35:20Z] #293 attempt=1/2 status=200 0.711s url=https://www.myfonts.com/products/workhorse-pro-bundle-package-1023031
[2026-10-03T11:35:20Z] #294 attempt=1/2 status=404 0.204s url=https://www.myfonts.com/collections/workhorse-pro-bundle-font-hyperfluro
[2026-10-03T11:35:21Z] #295 attempt=1/2 status=200 0.533s url=https://www.myfonts.com/products/1-week-wonder-font-bundle-package-1022814
[2026-10-03T11:35:21Z] #296 attempt=1/2 status=404 0.256s url=https://www.myfonts.com/collections/1-week-wonder-font-bundle-font-hyperfluro
[2026-10-03T11:35:22Z] #297 attempt=1/2 status=200 0.371s url=https://www.myfonts.com/products/fairy-diary-package-complete-family-package-1235583
[2026-10-03T11:35:22Z] #298 attempt=1/2 status=200 0.404s url=https://www.myfonts.com/collections/fairy-diary-package-font-typehand-studio/
[2026-10-03T11:35:23Z] #299 attempt=1/2 status=200 0.318s url=https://www.myfonts.com/collections/fairy-diary-package-font-typehand-studio/?tab=techSpecs
[2026-10-03T11:35:24Z] #300 attempt=1/2 status=200 0.397s url=https://www.myfonts.com/products/hanibal-complete-family-package-1235709
[2026-10-03T11:35:25Z] #301 attempt=1/2 status=200 0.458s url=https://www.myfonts.com/collections/hanibal-font-hazztype/
[2026-10-03T11:35:26Z] #302 attempt=1/2 status=200 0.376s url=https://www.myfonts.com/collections/hanibal-font-hazztype/?tab=techSpecs
[2026-10-03T11:35:27Z] #303 attempt=1/2 status=200 0.349s url=https://www.myfonts.com/products/reuhom-complete-family-package-1235492
[2026-10-03T11:35:28Z] #304 attempt=1/2 status=200 0.475s url=https://www.myfonts.com/collections/reuhom-font-kotatype/
[2026-10-03T11:35:28Z] #305 attempt=1/2 status=200 0.357s url=https://www.myfonts.com/collections/reuhom-font-kotatype/?tab=techSpecs
[2026-10-03T11:35:30Z] #306 attempt=1/2 status=200 0.481s url=https://www.myfonts.com/products/sichra-typeface-relaxed-slab-serif-complete-family-package-1235624
[2026-10-03T11:35:30Z] #307 attempt=1/2 status=200 0.413s url=https://www.myfonts.com/collections/sichra-typeface-relaxed-slab-serif-font-khoir/
[2026-10-03T11:35:31Z] #308 attempt=1/2 status=200 0.388s url=https://www.myfonts.com/collections/sichra-typeface-relaxed-slab-serif-font-khoir/?tab=techSpecs
[2026-10-03T11:35:32Z] #309 attempt=1/2 status=200 0.308s url=https://www.myfonts.com/products/cedar-knox-complete-family-package-1235635
[2026-10-03T11:35:33Z] #310 attempt=1/2 status=200 0.381s url=https://www.myfonts.com/collections/cedar-knox-font-mei-suseno/
[2026-10-03T11:35:34Z] #311 attempt=1/2 status=200 0.343s url=https://www.myfonts.com/collections/cedar-knox-font-mei-suseno/?tab=techSpecs
[2026-10-03T11:35:35Z] #312 attempt=1/2 status=200 0.385s url=https://www.myfonts.com/products/designer-stuff-package-1235652
[2026-10-03T11:35:35Z] #313 attempt=1/2 status=200 0.475s url=https://www.myfonts.com/collections/gc-quick-pro-font-onyx-studio/
[2026-10-03T11:35:36Z] #314 attempt=1/2 status=200 0.349s url=https://www.myfonts.com/collections/gc-quick-pro-font-onyx-studio/?tab=techSpecs
[2026-10-03T11:35:38Z] #315 attempt=1/2 status=200 1.037s url=https://www.myfonts.com/products/orchild-serif-complete-family-package-1235218
[2026-10-03T11:35:40Z] #316 attempt=1/2 status=200 1.543s url=https://www.myfonts.com/collections/orchild-serif-font-bosstypestudio/
[2026-10-03T11:35:42Z] #317 attempt=1/2 status=200 1.462s url=https://www.myfonts.com/collections/orchild-serif-font-bosstypestudio/?tab=techSpecs
[2026-10-03T11:35:44Z] #318 attempt=1/2 status=200 0.358s url=https://www.myfonts.com/products/mislarey-complete-family-package-1235702
[2026-10-03T11:35:44Z] #319 attempt=1/2 status=200 0.341s url=https://www.myfonts.com/collections/mislarey-font-maulana-creative/
[2026-10-03T11:35:45Z] #320 attempt=1/2 status=200 0.313s url=https://www.myfonts.com/collections/mislarey-font-maulana-creative/?tab=techSpecs
[2026-10-03T11:35:46Z] #321 attempt=1/2 status=200 0.340s url=https://www.myfonts.com/products/garfieh-comic-complete-family-package-1235639
[2026-10-03T11:35:47Z] #322 attempt=1/2 status=200 0.386s url=https://www.myfonts.com/collections/garfieh-comic-font-mvmet/
[2026-10-03T11:35:47Z] #323 attempt=1/2 status=200 0.361s url=https://www.myfonts.com/collections/garfieh-comic-font-mvmet/?tab=techSpecs
[2026-10-03T11:35:48Z] #324 attempt=1/2 status=200 0.431s url=https://www.myfonts.com/products/nochimoto-technica-m19-complete-family-package-1235664
[2026-10-03T11:35:49Z] #325 attempt=1/2 status=200 0.565s url=https://www.myfonts.com/collections/nochimoto-technica-m19-font-owl-king-project/
[2026-10-03T11:35:50Z] #326 attempt=1/2 status=200 0.475s url=https://www.myfonts.com/collections/nochimoto-technica-m19-font-owl-king-project/?tab=techSpecs
[2026-10-03T11:35:51Z] #327 attempt=1/2 status=200 0.371s url=https://www.myfonts.com/products/akhbar-complete-family-package-1235615
[2026-10-03T11:35:52Z] #328 attempt=1/2 status=200 0.417s url=https://www.myfonts.com/collections/akhbar-font-monotype-imaging/
[2026-10-03T11:35:53Z] #329 attempt=1/2 status=200 0.309s url=https://www.myfonts.com/collections/akhbar-font-monotype-imaging/?tab=techSpecs
[2026-10-03T11:35:54Z] #330 attempt=1/2 status=200 0.347s url=https://www.myfonts.com/products/cs-bougy-complete-family-package-1235607
[2026-10-03T11:35:54Z] #331 attempt=1/2 status=200 0.384s url=https://www.myfonts.com/collections/cs-bougy-font-craft-supply-co/
[2026-10-03T11:35:55Z] #332 attempt=1/2 status=200 0.287s url=https://www.myfonts.com/collections/cs-bougy-font-craft-supply-co/?tab=techSpecs
[2026-10-03T11:35:56Z] #333 attempt=1/2 status=200 0.341s url=https://www.myfonts.com/products/cs-daine-mono-complete-family-package-1235611
[2026-10-03T11:35:57Z] #334 attempt=1/2 status=200 0.348s url=https://www.myfonts.com/collections/cs-daine-mono-font-craft-supply-co/
[2026-10-03T11:35:57Z] #335 attempt=1/2 status=200 0.324s url=https://www.myfonts.com/collections/cs-daine-mono-font-craft-supply-co/?tab=techSpecs
[2026-10-03T11:35:59Z] #336 attempt=1/2 status=200 0.328s url=https://www.myfonts.com/products/natural-cottage-complete-family-package-1235213
[2026-10-03T11:35:59Z] #337 attempt=1/2 status=200 0.374s url=https://www.myfonts.com/collections/natural-cottage-font-bale-type/
[2026-10-03T11:36:00Z] #338 attempt=1/2 status=200 0.317s url=https://www.myfonts.com/collections/natural-cottage-font-bale-type/?tab=techSpecs
[2026-10-03T11:36:01Z] #339 attempt=1/2 status=200 0.402s url=https://www.myfonts.com/products/gc-adge-complete-family-package-1235653
[2026-10-03T11:36:02Z] #340 attempt=1/2 status=200 0.451s url=https://www.myfonts.com/collections/gc-adge-font-onyx-studio/
[2026-10-03T11:36:02Z] #341 attempt=1/2 status=200 0.413s url=https://www.myfonts.com/collections/gc-adge-font-onyx-studio/?tab=techSpecs
[2026-10-03T11:36:04Z] #342 attempt=1/2 status=200 0.297s url=https://www.myfonts.com/products/neo-sans-arabic-complete-family-package-1235476
[2026-10-03T11:36:04Z] #343 attempt=1/2 status=200 0.389s url=https://www.myfonts.com/collections/neo-sans-arabic-font-monotype-imaging/
[2026-10-03T11:36:05Z] #344 attempt=1/2 status=200 0.333s url=https://www.myfonts.com/collections/neo-sans-arabic-font-monotype-imaging/?tab=techSpecs
[2026-10-03T11:36:06Z] #345 attempt=1/2 status=200 0.353s url=https://www.myfonts.com/products/jogojiwo-complete-family-package-1235210
[2026-10-03T11:36:07Z] #346 attempt=1/2 status=200 0.330s url=https://www.myfonts.com/collections/jogojiwo-font-artiveko/
[2026-10-03T11:36:07Z] #347 attempt=1/2 status=200 0.333s url=https://www.myfonts.com/collections/jogojiwo-font-artiveko/?tab=techSpecs
[2026-10-03T11:36:09Z] #348 attempt=1/2 status=200 0.353s url=https://www.myfonts.com/products/crenville-fontage-complete-family-package-1235603
[2026-10-03T11:36:09Z] #349 attempt=1/2 status=200 0.391s url=https://www.myfonts.com/collections/crenville-fontage-font-tyasify/
[2026-10-03T11:36:10Z] #350 attempt=1/2 status=200 0.296s url=https://www.myfonts.com/collections/crenville-fontage-font-tyasify/?tab=techSpecs
[2026-10-03T11:36:11Z] #351 attempt=1/2 status=200 0.358s url=https://www.myfonts.com/products/spicyfit-complete-family-package-1170187
[2026-10-03T11:36:12Z] #352 attempt=1/2 status=200 0.433s url=https://www.myfonts.com/collections/spicyfit-font-brenners-template/
[2026-10-03T11:36:12Z] #353 attempt=1/2 status=200 0.364s url=https://www.myfonts.com/collections/spicyfit-font-brenners-template/?tab=techSpecs
[2026-10-03T11:36:14Z] #354 attempt=1/2 status=200 0.410s url=https://www.myfonts.com/products/tranquilly-complete-family-package-1235588
[2026-10-03T11:36:14Z] #355 attempt=1/2 status=200 0.513s url=https://www.myfonts.com/collections/tranquilly-font-type-peace/
[2026-10-03T11:36:15Z] #356 attempt=1/2 status=200 0.380s url=https://www.myfonts.com/products/fiethori-complete-family-package-1235705
[2026-10-03T11:36:16Z] #357 attempt=1/2 status=200 0.366s url=https://www.myfonts.com/collections/fiethori-font-maulana-creative/
[2026-10-03T11:36:16Z] #358 attempt=1/2 status=200 0.510s url=https://www.myfonts.com/collections/fiethori-font-maulana-creative/?tab=techSpecs
[2026-10-03T11:36:18Z] #359 attempt=1/2 status=200 0.325s url=https://www.myfonts.com/products/straussy-package-complete-family-package-1235579
[2026-10-03T11:36:18Z] #360 attempt=1/2 status=200 0.317s url=https://www.myfonts.com/collections/straussy-package-font-typehand-studio/
[2026-10-03T11:36:19Z] #361 attempt=1/2 status=200 0.304s url=https://www.myfonts.com/collections/straussy-package-font-typehand-studio/?tab=techSpecs
[2026-10-03T11:36:20Z] #362 attempt=1/2 status=200 0.538s url=https://www.myfonts.com/products/kenshinton-complete-family-package-1235596
[2026-10-03T11:36:21Z] #363 attempt=1/2 status=200 0.505s url=https://www.myfonts.com/collections/kenshinton-font-tyedge-studio/
[2026-10-03T11:36:22Z] #364 attempt=1/2 status=200 0.338s url=https://www.myfonts.com/collections/kenshinton-font-tyedge-studio/?tab=techSpecs
[2026-10-03T11:36:23Z] #365 attempt=1/2 status=200 0.379s url=https://www.myfonts.com/products/sunzine-complete-family-package-1235686
[2026-10-03T11:36:24Z] #366 attempt=1/2 status=200 0.623s url=https://www.myfonts.com/collections/sunzine-font-luminatype-studio/
[2026-10-03T11:36:24Z] #367 attempt=1/2 status=200 0.374s url=https://www.myfonts.com/collections/sunzine-font-luminatype-studio/?tab=techSpecs
[2026-10-03T11:36:26Z] #368 attempt=1/2 status=200 0.420s url=https://www.myfonts.com/products/habarac-pro-complete-family-package-1235570
[2026-10-03T11:36:26Z] #369 attempt=1/2 status=200 0.418s url=https://www.myfonts.com/collections/habarac-pro-font-typoraith-co/
[2026-10-03T11:36:27Z] #370 attempt=1/2 status=200 0.355s url=https://www.myfonts.com/collections/habarac-pro-font-typoraith-co/?tab=techSpecs
[2026-10-03T11:36:28Z] #371 attempt=1/2 status=200 0.302s url=https://www.myfonts.com/products/pelan-motion-complete-family-package-1235484
[2026-10-03T11:36:29Z] #372 attempt=1/2 status=200 0.401s url=https://www.myfonts.com/collections/pelan-motion-font-kalam/
[2026-10-03T11:36:29Z] #373 attempt=1/2 status=200 0.333s url=https://www.myfonts.com/collections/pelan-motion-font-kalam/?tab=techSpecs
[2026-10-03T11:36:30Z] #374 attempt=1/2 status=200 0.331s url=https://www.myfonts.com/products/the-font-vault-package-1203242
[2026-10-03T11:36:31Z] #375 attempt=1/2 status=404 0.207s url=https://www.myfonts.com/collections/the-font-vault-font-hyperfluro
[2026-10-03T11:36:32Z] #376 attempt=1/6 status=200 0.779s url=https://www.myfonts.com/products.json?limit=100&page=8
[2026-10-03T11:36:33Z] #377 attempt=1/2 status=200 0.295s url=https://www.myfonts.com/products/regular-crade-fuel-1235559
[2026-10-03T11:36:33Z] #378 attempt=1/2 status=200 0.323s url=https://www.myfonts.com/collections/crade-fuel-font-maulana-creative/
[2026-10-03T11:36:34Z] #379 attempt=1/2 status=200 0.269s url=https://www.myfonts.com/collections/crade-fuel-font-maulana-creative/?tab=techSpecs
[2026-10-03T11:36:35Z] #380 attempt=1/2 status=200 0.276s url=https://www.myfonts.com/products/regular-black-letterfly-1235203
[2026-10-03T11:36:35Z] #381 attempt=1/2 status=200 0.313s url=https://www.myfonts.com/collections/black-letterfly-font-alit-design/
[2026-10-03T11:36:36Z] #382 attempt=1/2 status=200 0.265s url=https://www.myfonts.com/collections/black-letterfly-font-alit-design/?tab=techSpecs
[2026-10-03T11:36:36Z] #383 attempt=1/2 status=200 0.307s url=https://www.myfonts.com/products/regular-brogen-1235578
[2026-10-03T11:36:37Z] #384 attempt=1/2 status=200 0.307s url=https://www.myfonts.com/collections/brogen-font-typoraith-co/
[2026-10-03T11:36:38Z] #385 attempt=1/2 status=200 0.317s url=https://www.myfonts.com/collections/brogen-font-typoraith-co/?tab=techSpecs
[2026-10-03T11:36:38Z] #386 attempt=1/2 status=200 0.290s url=https://www.myfonts.com/products/regular-rajuttia-1235208
[2026-10-03T11:36:39Z] #387 attempt=1/2 status=200 0.312s url=https://www.myfonts.com/collections/rajuttia-font-arif-novianto/
[2026-10-03T11:36:40Z] #388 attempt=1/2 status=200 0.298s url=https://www.myfonts.com/collections/rajuttia-font-arif-novianto/?tab=techSpecs
[2026-10-03T11:36:40Z] #389 attempt=1/2 status=200 0.309s url=https://www.myfonts.com/products/regular-reuton-1235216
[2026-10-03T11:36:41Z] #390 attempt=1/2 status=200 0.360s url=https://www.myfonts.com/collections/reuton-font-bimaksara/
[2026-10-03T11:36:42Z] #391 attempt=1/2 status=200 0.325s url=https://www.myfonts.com/collections/reuton-font-bimaksara/?tab=techSpecs
[2026-10-03T11:36:43Z] #392 attempt=1/2 status=200 0.294s url=https://www.myfonts.com/products/regular-noemia-dreams-1235577
[2026-10-03T11:36:43Z] #393 attempt=1/2 status=200 0.442s url=https://www.myfonts.com/collections/noemia-dreams-font-typoraith-co/
[2026-10-03T11:36:44Z] #394 attempt=1/2 status=200 0.295s url=https://www.myfonts.com/collections/noemia-dreams-font-typoraith-co/?tab=techSpecs
[2026-10-03T11:36:45Z] #395 attempt=1/2 status=200 0.335s url=https://www.myfonts.com/products/regular-spontanew-1235205
[2026-10-03T11:36:45Z] #396 attempt=1/2 status=200 0.318s url=https://www.myfonts.com/collections/spontanew-font-allmo-studio/
[2026-10-03T11:36:46Z] #397 attempt=1/2 status=200 0.338s url=https://www.myfonts.com/collections/spontanew-font-allmo-studio/?tab=techSpecs
[2026-10-03T11:36:47Z] #398 attempt=1/2 status=200 0.318s url=https://www.myfonts.com/products/regular-renovatio-deco-1235595
[2026-10-03T11:36:47Z] #399 attempt=1/2 status=200 0.314s url=https://www.myfonts.com/collections/renovatio-deco-font-type-innovations/
[2026-10-03T11:36:48Z] #400 attempt=1/2 status=200 0.294s url=https://www.myfonts.com/collections/renovatio-deco-font-type-innovations/?tab=techSpecs
[2026-10-03T11:36:50Z] #401 attempt=1/6 status=200 0.755s url=https://www.myfonts.com/products.json?limit=100&page=9
[2026-10-03T11:36:50Z] #402 attempt=1/2 status=200 0.300s url=https://www.myfonts.com/products/regular-flapiglo-sans-1235558
[2026-10-03T11:36:51Z] #403 attempt=1/2 status=200 0.341s url=https://www.myfonts.com/collections/flapiglo-sans-font-maulana-creative/
[2026-10-03T11:36:51Z] #404 attempt=1/2 status=200 0.303s url=https://www.myfonts.com/collections/flapiglo-sans-font-maulana-creative/?tab=techSpecs
[2026-10-03T11:36:52Z] #405 attempt=1/2 status=200 0.352s url=https://www.myfonts.com/products/alphaxen-jellynox-regular-alphaxen-jellyfish-jellynox-1235206
[2026-10-03T11:36:53Z] #406 attempt=1/2 status=200 0.292s url=https://www.myfonts.com/collections/alphaxen-font-lab-foundry/
[2026-10-03T11:36:53Z] #407 attempt=1/2 status=200 0.279s url=https://www.myfonts.com/collections/alphaxen-font-lab-foundry/?tab=techSpecs
[2026-10-03T11:36:54Z] #408 attempt=1/2 status=200 0.195s url=https://www.myfonts.com/collections/alphaxen-font-lab-foundry/
[2026-10-03T11:36:54Z] #409 attempt=1/2 status=200 0.297s url=https://www.myfonts.com/products/nocthane-regular-nocthane-1235409
[2026-10-03T11:36:55Z] #410 attempt=1/2 status=200 0.311s url=https://www.myfonts.com/collections/nocthane-font-flawlessandco/
[2026-10-03T11:36:55Z] #411 attempt=1/2 status=200 0.285s url=https://www.myfonts.com/collections/nocthane-font-flawlessandco/?tab=techSpecs
[2026-10-03T11:36:56Z] #412 attempt=1/2 status=200 0.267s url=https://www.myfonts.com/products/regular-boyanda-1235209
[2026-10-03T11:36:57Z] #413 attempt=1/2 status=200 0.308s url=https://www.myfonts.com/collections/boyanda-font-arif-novianto/
[2026-10-03T11:36:57Z] #414 attempt=1/2 status=200 0.297s url=https://www.myfonts.com/collections/boyanda-font-arif-novianto/?tab=techSpecs
[2026-10-03T11:36:58Z] #415 attempt=1/2 status=200 0.282s url=https://www.myfonts.com/products/regular-alphaxen-stone-moon-1235207
[2026-10-03T11:36:59Z] #416 attempt=1/2 status=200 0.210s url=https://www.myfonts.com/collections/alphaxen-font-lab-foundry/
[2026-10-03T11:36:59Z] #417 attempt=1/2 status=200 0.197s url=https://www.myfonts.com/collections/alphaxen-font-lab-foundry/?tab=techSpecs
[2026-10-03T11:36:59Z] #418 attempt=1/2 status=200 0.202s url=https://www.myfonts.com/collections/alphaxen-font-lab-foundry/
[2026-10-03T11:37:00Z] #419 attempt=1/2 status=200 0.320s url=https://www.myfonts.com/products/regular-rosella-mirakle-1235204
[2026-10-03T11:37:01Z] #420 attempt=1/2 status=200 0.320s url=https://www.myfonts.com/collections/rosella-mirakle-font-alit-design/
[2026-10-03T11:37:01Z] #421 attempt=1/2 status=200 0.299s url=https://www.myfonts.com/collections/rosella-mirakle-font-alit-design/?tab=techSpecs
[2026-10-03T11:37:02Z] #422 attempt=1/2 status=200 0.354s url=https://www.myfonts.com/products/regular-sepatik-script-1235217
[2026-10-03T11:37:03Z] #423 attempt=1/2 status=200 0.337s url=https://www.myfonts.com/collections/sepatik-script-font-bonjourtype/
[2026-10-03T11:37:03Z] #424 attempt=1/2 status=200 0.309s url=https://www.myfonts.com/collections/sepatik-script-font-bonjourtype/?tab=techSpecs
[2026-10-03T11:37:05Z] #425 attempt=1/6 status=200 0.720s url=https://www.myfonts.com/products.json?limit=100&page=10
[2026-10-03T11:37:05Z] #426 attempt=1/2 status=200 0.298s url=https://www.myfonts.com/products/regular-rotten-flesh-decayed-1235202
[2026-10-03T11:37:06Z] #427 attempt=1/2 status=200 0.343s url=https://www.myfonts.com/collections/rotten-flesh-decayed-font-alchemynoir/
[2026-10-03T11:37:06Z] #428 attempt=1/2 status=200 0.310s url=https://www.myfonts.com/collections/rotten-flesh-decayed-font-alchemynoir/?tab=techSpecs
[2026-10-03T11:37:07Z] #429 attempt=1/2 status=200 0.303s url=https://www.myfonts.com/products/regular-boldy-funk-1235643
[2026-10-03T11:37:08Z] #430 attempt=1/2 status=200 0.310s url=https://www.myfonts.com/collections/boldy-funk-font-nh-typestudio/
[2026-10-03T11:37:08Z] #431 attempt=1/2 status=200 0.290s url=https://www.myfonts.com/collections/boldy-funk-font-nh-typestudio/?tab=techSpecs
[2026-10-03T11:37:09Z] #432 attempt=1/2 status=200 0.308s url=https://www.myfonts.com/products/regular-elthar-1235663
[2026-10-03T11:37:10Z] #433 attempt=1/2 status=200 0.324s url=https://www.myfonts.com/collections/elthar-font-pandeka-studio/
[2026-10-03T11:37:10Z] #434 attempt=1/2 status=200 0.332s url=https://www.myfonts.com/collections/elthar-font-pandeka-studio/?tab=techSpecs
[2026-10-03T11:37:11Z] #435 attempt=1/2 status=200 0.262s url=https://www.myfonts.com/products/moope-regular-moope-1235701
[2026-10-03T11:37:12Z] #436 attempt=1/2 status=200 0.360s url=https://www.myfonts.com/collections/moope-font-marvadesign/
[2026-10-03T11:37:12Z] #437 attempt=1/2 status=200 0.301s url=https://www.myfonts.com/collections/moope-font-marvadesign/?tab=techSpecs
[2026-10-03T11:37:13Z] #438 attempt=1/2 status=200 0.296s url=https://www.myfonts.com/products/regular-piple-1235634
[2026-10-03T11:37:14Z] #439 attempt=1/2 status=200 0.321s url=https://www.myfonts.com/collections/piple-font-migomojo-type-house/
[2026-10-03T11:37:14Z] #440 attempt=1/2 status=200 0.327s url=https://www.myfonts.com/collections/piple-font-migomojo-type-house/?tab=techSpecs
[2026-10-03T11:37:15Z] #441 attempt=1/2 status=200 0.306s url=https://www.myfonts.com/products/regular-gurih-whimsy-1235642
[2026-10-03T11:37:16Z] #442 attempt=1/2 status=200 0.400s url=https://www.myfonts.com/collections/gurih-whimsy-font-mvmet/
[2026-10-03T11:37:16Z] #443 attempt=1/2 status=200 0.306s url=https://www.myfonts.com/collections/gurih-whimsy-font-mvmet/?tab=techSpecs
[2026-10-03T11:37:17Z] #444 attempt=1/2 status=200 0.282s url=https://www.myfonts.com/products/bold-morbig-1235685
[2026-10-03T11:37:18Z] #445 attempt=1/2 status=200 0.315s url=https://www.myfonts.com/collections/morbig-font-limitype/
[2026-10-03T11:37:18Z] #446 attempt=1/2 status=200 0.254s url=https://www.myfonts.com/collections/morbig-font-limitype/?tab=techSpecs
[2026-10-03T11:37:19Z] #447 attempt=1/2 status=200 0.300s url=https://www.myfonts.com/products/regular-syaikh-1235620
[2026-10-03T11:37:20Z] #448 attempt=1/2 status=200 0.327s url=https://www.myfonts.com/collections/syaikh-font-ikiikotype/
[2026-10-03T11:37:20Z] #449 attempt=1/2 status=200 0.286s url=https://www.myfonts.com/collections/syaikh-font-ikiikotype/?tab=techSpecs
[2026-10-03T11:37:21Z] #450 attempt=1/2 status=200 0.309s url=https://www.myfonts.com/products/regular-seeingdouble-1235623
[2026-10-03T11:37:22Z] #451 attempt=1/2 status=200 0.296s url=https://www.myfonts.com/collections/seeingdouble-font-jointype/
[2026-10-03T11:37:22Z] #452 attempt=1/2 status=200 0.261s url=https://www.myfonts.com/collections/seeingdouble-font-jointype/?tab=techSpecs
[2026-10-03T11:37:23Z] #453 attempt=1/2 status=200 0.309s url=https://www.myfonts.com/products/regular-godex-1235619
[2026-10-03T11:37:24Z] #454 attempt=1/2 status=200 0.311s url=https://www.myfonts.com/collections/godex-font-dareco-studio/
[2026-10-03T11:37:24Z] #455 attempt=1/2 status=200 0.276s url=https://www.myfonts.com/collections/godex-font-dareco-studio/?tab=techSpecs
[2026-10-03T11:37:25Z] #456 attempt=1/2 status=200 0.303s url=https://www.myfonts.com/products/regular-mingwei-1235622
[2026-10-03T11:37:26Z] #457 attempt=1/2 status=200 0.312s url=https://www.myfonts.com/collections/mingwei-font-ikiikotype/
[2026-10-03T11:37:26Z] #458 attempt=1/2 status=200 0.299s url=https://www.myfonts.com/collections/mingwei-font-ikiikotype/?tab=techSpecs
[2026-10-03T11:37:27Z] #459 attempt=1/2 status=200 0.362s url=https://www.myfonts.com/products/nomgrave-complete-family-package-1235530
[2026-10-03T11:37:28Z] #460 attempt=1/2 status=200 0.333s url=https://www.myfonts.com/collections/nomgrave-font-made-deduk/
[2026-10-03T11:37:28Z] #461 attempt=1/2 status=200 0.299s url=https://www.myfonts.com/collections/nomgrave-font-made-deduk/?tab=techSpecs
[2026-10-03T11:37:29Z] #462 attempt=1/2 status=200 0.411s url=https://www.myfonts.com/products/kashif-complete-family-package-1235495
[2026-10-03T11:37:30Z] #463 attempt=1/2 status=200 0.469s url=https://www.myfonts.com/collections/kashif-font-kutype/
[2026-10-03T11:37:31Z] #464 attempt=1/2 status=200 0.471s url=https://www.myfonts.com/collections/kashif-font-kutype/?tab=techSpecs
[2026-10-03T11:37:32Z] #465 attempt=1/2 status=200 0.313s url=https://www.myfonts.com/products/world-brush-complete-family-package-1235516
[2026-10-03T11:37:33Z] #466 attempt=1/2 status=200 0.327s url=https://www.myfonts.com/collections/world-brush-font-letterafandi-studio/
[2026-10-03T11:37:33Z] #467 attempt=1/2 status=200 0.287s url=https://www.myfonts.com/collections/world-brush-font-letterafandi-studio/?tab=techSpecs
[2026-10-03T11:37:35Z] #468 attempt=1/2 status=200 0.325s url=https://www.myfonts.com/products/aesthetic-shine-complete-family-package-1235526
[2026-10-03T11:37:35Z] #469 attempt=1/2 status=200 0.386s url=https://www.myfonts.com/collections/aesthetic-shine-font-littlehand/
[2026-10-03T11:37:36Z] #470 attempt=1/2 status=200 0.327s url=https://www.myfonts.com/collections/aesthetic-shine-font-littlehand/?tab=techSpecs
[2026-10-03T11:37:37Z] #471 attempt=1/2 status=200 0.377s url=https://www.myfonts.com/products/gravoxa-complete-family-package-1235519
[2026-10-03T11:37:38Z] #472 attempt=1/2 status=200 0.353s url=https://www.myfonts.com/collections/gravoxa-font-letterafandi-studio/
[2026-10-03T11:37:38Z] #473 attempt=1/2 status=200 0.318s url=https://www.myfonts.com/collections/gravoxa-font-letterafandi-studio/?tab=techSpecs
[2026-10-03T11:37:39Z] #474 attempt=1/2 status=200 0.320s url=https://www.myfonts.com/products/glorivane-complete-family-package-1235533
[2026-10-03T11:37:40Z] #475 attempt=1/2 status=200 0.377s url=https://www.myfonts.com/collections/glorivane-font-made-deduk/
[2026-10-03T11:37:41Z] #476 attempt=1/2 status=200 0.354s url=https://www.myfonts.com/collections/glorivane-font-made-deduk/?tab=techSpecs
[2026-10-03T11:37:42Z] #477 attempt=1/2 status=200 0.321s url=https://www.myfonts.com/products/brikhead-complete-family-package-1235523
[2026-10-03T11:37:42Z] #478 attempt=1/2 status=200 0.411s url=https://www.myfonts.com/collections/brikhead-font-linecreative/
[2026-10-03T11:37:43Z] #479 attempt=1/2 status=200 0.337s url=https://www.myfonts.com/collections/brikhead-font-linecreative/?tab=techSpecs
[2026-10-03T11:37:44Z] #480 attempt=1/2 status=200 0.366s url=https://www.myfonts.com/products/molimer-complete-family-package-1235539
[2026-10-03T11:37:45Z] #481 attempt=1/2 status=200 0.578s url=https://www.myfonts.com/collections/molimer-font-marvadesign/
[2026-10-03T11:37:46Z] #482 attempt=1/2 status=200 0.467s url=https://www.myfonts.com/collections/molimer-font-marvadesign/?tab=techSpecs
[2026-10-03T11:37:47Z] #483 attempt=1/2 status=200 0.360s url=https://www.myfonts.com/products/regular-legraf-1235483
[2026-10-03T11:37:48Z] #484 attempt=1/2 status=200 0.296s url=https://www.myfonts.com/collections/legraf-font-jointype/
[2026-10-03T11:37:48Z] #485 attempt=1/2 status=200 0.273s url=https://www.myfonts.com/collections/legraf-font-jointype/?tab=techSpecs
[2026-10-03T11:37:49Z] #486 attempt=1/2 status=200 0.304s url=https://www.myfonts.com/products/regular-roughmake-1235522
[2026-10-03T11:37:50Z] #487 attempt=1/2 status=200 0.320s url=https://www.myfonts.com/collections/roughmake-font-linecreative/
[2026-10-03T11:37:50Z] #488 attempt=1/2 status=200 0.319s url=https://www.myfonts.com/collections/roughmake-font-linecreative/?tab=techSpecs
[2026-10-03T11:37:51Z] #489 attempt=1/2 status=200 0.283s url=https://www.myfonts.com/products/monaro-regular-monaro-font-1235491
[2026-10-03T11:37:52Z] #490 attempt=1/2 status=200 0.323s url=https://www.myfonts.com/collections/monaro-font-font-khoir/
[2026-10-03T11:37:52Z] #491 attempt=1/2 status=200 0.286s url=https://www.myfonts.com/collections/monaro-font-font-khoir/?tab=techSpecs
[2026-10-03T11:37:53Z] #492 attempt=1/2 status=200 0.294s url=https://www.myfonts.com/products/regular-pearlyn-1235536
[2026-10-03T11:37:53Z] #493 attempt=1/2 status=200 0.283s url=https://www.myfonts.com/collections/pearlyn-font-maghrib-type/
[2026-10-03T11:37:54Z] #494 attempt=1/2 status=200 0.270s url=https://www.myfonts.com/collections/pearlyn-font-maghrib-type/?tab=techSpecs
[2026-10-03T11:37:55Z] #495 attempt=1/2 status=200 0.301s url=https://www.myfonts.com/products/crayens-regular-crayens-1235537
[2026-10-03T11:37:55Z] #496 attempt=1/2 status=200 0.314s url=https://www.myfonts.com/collections/crayens-font-maikohatta/
[2026-10-03T11:37:56Z] #497 attempt=1/2 status=200 0.288s url=https://www.myfonts.com/collections/crayens-font-maikohatta/?tab=techSpecs
[2026-10-03T11:37:57Z] #498 attempt=1/2 status=200 0.334s url=https://www.myfonts.com/products/regular-biegva-1235538
[2026-10-03T11:37:57Z] #499 attempt=1/2 status=200 0.317s url=https://www.myfonts.com/collections/biegva-font-maikohatta/
[2026-10-03T11:37:58Z] #500 attempt=1/2 status=200 0.290s url=https://www.myfonts.com/collections/biegva-font-maikohatta/?tab=techSpecs
[2026-10-03T11:37:59Z] #501 attempt=1/2 status=200 0.366s url=https://www.myfonts.com/products/wicked-mayhem-complete-family-package-1235451
[2026-10-03T11:37:59Z] #502 attempt=1/2 status=200 0.358s url=https://www.myfonts.com/collections/wicked-mayhem-font-jinan-studio/
[2026-10-03T11:38:00Z] #503 attempt=1/2 status=200 0.362s url=https://www.myfonts.com/collections/wicked-mayhem-font-jinan-studio/?tab=techSpecs
[2026-10-03T11:38:02Z] #504 attempt=1/2 status=200 0.520s url=https://www.myfonts.com/products/aviluero-rasnora-complete-family-package-1235410
[2026-10-03T11:38:02Z] #505 attempt=1/2 status=200 0.589s url=https://www.myfonts.com/collections/aviluero-rasnora-font-logic-type/
[2026-10-03T11:38:03Z] #506 attempt=1/2 status=200 0.453s url=https://www.myfonts.com/collections/aviluero-rasnora-font-logic-type/?tab=techSpecs
[2026-10-03T11:38:04Z] #507 attempt=1/2 status=200 0.398s url=https://www.myfonts.com/products/ja-nilsans-complete-family-package-1235441
[2026-10-03T11:38:05Z] #508 attempt=1/2 status=200 0.422s url=https://www.myfonts.com/collections/ja-nilsans-font-type-curitiba/
[2026-10-03T11:38:06Z] #509 attempt=1/2 status=200 0.373s url=https://www.myfonts.com/collections/ja-nilsans-font-type-curitiba/?tab=techSpecs
[2026-10-03T11:38:07Z] #510 attempt=1/2 status=200 0.301s url=https://www.myfonts.com/products/ja-textura-complete-family-package-1235427
[2026-10-03T11:38:08Z] #511 attempt=1/2 status=200 0.323s url=https://www.myfonts.com/collections/ja-textura-font-type-curitiba/
[2026-10-03T11:38:08Z] #512 attempt=1/2 status=200 0.305s url=https://www.myfonts.com/collections/ja-textura-font-type-curitiba/?tab=techSpecs
[2026-10-03T11:38:10Z] #513 attempt=1/2 status=200 0.422s url=https://www.myfonts.com/products/chadamyen-complete-family-package-1235456
[2026-10-03T11:38:10Z] #514 attempt=1/2 status=200 0.527s url=https://www.myfonts.com/collections/chadamyen-font-jipatype/
[2026-10-03T11:38:11Z] #515 attempt=1/2 status=200 0.463s url=https://www.myfonts.com/collections/chadamyen-font-jipatype/?tab=techSpecs
[2026-10-03T11:38:13Z] #516 attempt=1/6 status=200 0.548s url=https://www.myfonts.com/products.json?limit=100&page=11
[2026-10-03T11:38:14Z] #517 attempt=1/2 status=200 0.461s url=https://www.myfonts.com/products/regular-waffler-1235475
[2026-10-03T11:38:14Z] #518 attempt=1/2 status=200 0.428s url=https://www.myfonts.com/collections/waffler-font-jointype/
[2026-10-03T11:38:15Z] #519 attempt=1/2 status=200 0.355s url=https://www.myfonts.com/collections/waffler-font-jointype/?tab=techSpecs
[2026-10-03T11:38:16Z] #520 attempt=1/2 status=200 0.805s url=https://www.myfonts.com/products/sans-package-1234112
[2026-10-03T11:38:17Z] #521 attempt=1/2 status=200 0.738s url=https://www.myfonts.com/collections/tendernote-font-vp-creative-shop/
[2026-10-03T11:38:18Z] #522 attempt=1/2 status=200 0.575s url=https://www.myfonts.com/collections/tendernote-font-vp-creative-shop/?tab=techSpecs
[2026-10-03T11:38:19Z] #523 attempt=1/2 status=200 0.368s url=https://www.myfonts.com/products/cariles-complete-family-package-1234216
[2026-10-03T11:38:20Z] #524 attempt=1/2 status=200 0.372s url=https://www.myfonts.com/collections/cariles-font-ragamkata/
[2026-10-03T11:38:21Z] #525 attempt=1/2 status=200 0.303s url=https://www.myfonts.com/collections/cariles-font-ragamkata/?tab=techSpecs
[2026-10-03T11:38:22Z] #526 attempt=1/2 status=200 0.366s url=https://www.myfonts.com/products/cario-complete-family-package-1235188
[2026-10-03T11:38:22Z] #527 attempt=1/2 status=200 0.392s url=https://www.myfonts.com/collections/cario-font-habitype/
[2026-10-03T11:38:23Z] #528 attempt=1/2 status=200 0.369s url=https://www.myfonts.com/collections/cario-font-habitype/?tab=techSpecs
[2026-10-03T11:38:24Z] #529 attempt=1/2 status=200 0.331s url=https://www.myfonts.com/products/flamor-soft-vf-complete-family-package-1234113
[2026-10-03T11:38:25Z] #530 attempt=1/2 status=200 0.406s url=https://www.myfonts.com/collections/flamor-soft-vf-font-vp-creative-shop/
[2026-10-03T11:38:26Z] #531 attempt=1/2 status=200 0.332s url=https://www.myfonts.com/collections/flamor-soft-vf-font-vp-creative-shop/?tab=techSpecs
[2026-10-03T11:38:28Z] #532 attempt=1/2 status=200 1.876s url=https://www.myfonts.com/products/phiano-grade-complete-package-1234840
[2026-10-03T11:38:32Z] #533 attempt=1/2 status=200 3.122s url=https://www.myfonts.com/collections/phiano-font-akbartype/
[2026-10-03T11:38:36Z] #534 attempt=1/2 status=200 3.204s url=https://www.myfonts.com/collections/phiano-font-akbartype/?tab=techSpecs
[2026-10-03T11:38:39Z] #535 attempt=1/2 status=200 0.420s url=https://www.myfonts.com/products/anacute-complete-family-package-1235317
[2026-10-03T11:38:39Z] #536 attempt=1/2 status=200 0.429s url=https://www.myfonts.com/collections/anacute-font-casloop-studio/
[2026-10-03T11:38:40Z] #537 attempt=1/2 status=200 0.407s url=https://www.myfonts.com/collections/anacute-font-casloop-studio/?tab=techSpecs
[2026-10-03T11:38:41Z] #538 attempt=1/2 status=200 0.353s url=https://www.myfonts.com/products/romance-cubano-complete-family-package-1234963
[2026-10-03T11:38:42Z] #539 attempt=1/2 status=200 0.384s url=https://www.myfonts.com/collections/romance-cubano-font-timelesstype-studio/
[2026-10-03T11:38:42Z] #540 attempt=1/2 status=200 0.319s url=https://www.myfonts.com/collections/romance-cubano-font-timelesstype-studio/?tab=techSpecs
[2026-10-03T11:38:44Z] #541 attempt=1/2 status=200 0.401s url=https://www.myfonts.com/products/sfc-frizola-duo-complete-family-package-1234070
[2026-10-03T11:38:44Z] #542 attempt=1/2 status=200 0.363s url=https://www.myfonts.com/collections/sfc-frizola-duo-font-skilline-fonts-co/
[2026-10-03T11:38:45Z] #543 attempt=1/2 status=200 0.288s url=https://www.myfonts.com/collections/sfc-frizola-duo-font-skilline-fonts-co/?tab=techSpecs
[2026-10-03T11:38:46Z] #544 attempt=1/2 status=200 0.336s url=https://www.myfonts.com/products/bentaris-complete-family-package-1235008
[2026-10-03T11:38:46Z] #545 attempt=1/2 status=200 0.327s url=https://www.myfonts.com/collections/bentaris-font-letterena-studios/
[2026-10-03T11:38:47Z] #546 attempt=1/2 status=200 0.329s url=https://www.myfonts.com/collections/bentaris-font-letterena-studios/?tab=techSpecs
[2026-10-03T11:38:48Z] #547 attempt=1/2 status=200 0.408s url=https://www.myfonts.com/products/flamor-soft-complete-family-package-1234117
[2026-10-03T11:38:49Z] #548 attempt=1/2 status=200 0.570s url=https://www.myfonts.com/collections/flamor-soft-font-vp-creative-shop/
[2026-10-03T11:38:50Z] #549 attempt=1/2 status=200 0.418s url=https://www.myfonts.com/collections/flamor-soft-font-vp-creative-shop/?tab=techSpecs
[2026-10-03T11:38:51Z] #550 attempt=1/2 status=200 0.343s url=https://www.myfonts.com/products/isborglc-complete-family-package-1235181
[2026-10-03T11:38:52Z] #551 attempt=1/2 status=200 0.375s url=https://www.myfonts.com/products/sprucken-complete-family-package-1096306
[2026-10-03T11:38:52Z] #552 attempt=1/2 status=200 0.359s url=https://www.myfonts.com/collections/sprucken-font-mans-greback/
[2026-10-03T11:38:53Z] #553 attempt=1/2 status=200 0.315s url=https://www.myfonts.com/collections/sprucken-font-mans-greback/?tab=techSpecs
[2026-10-03T11:38:54Z] #554 attempt=1/2 status=200 0.483s url=https://www.myfonts.com/products/salient-essentials-pack-package-1234066
[2026-10-03T11:38:55Z] #555 attempt=1/2 status=200 0.616s url=https://www.myfonts.com/collections/salient-font-device/
[2026-10-03T11:38:56Z] #556 attempt=1/2 status=200 0.384s url=https://www.myfonts.com/collections/salient-font-device/?tab=techSpecs
[2026-10-03T11:38:57Z] #557 attempt=1/2 status=200 0.311s url=https://www.myfonts.com/products/madellin-cristales-complete-family-package-1234902
[2026-10-03T11:38:58Z] #558 attempt=1/2 status=200 0.333s url=https://www.myfonts.com/collections/madellin-cristales-font-suza-studio/
[2026-10-03T11:38:58Z] #559 attempt=1/2 status=200 0.326s url=https://www.myfonts.com/collections/madellin-cristales-font-suza-studio/?tab=techSpecs
[2026-10-03T11:38:59Z] #560 attempt=1/2 status=200 0.375s url=https://www.myfonts.com/products/autentica-rounded-complete-family-package-1234935
[2026-10-03T11:39:00Z] #561 attempt=1/2 status=200 0.512s url=https://www.myfonts.com/collections/autentica-rounded-font-sofiamohr/
[2026-10-03T11:39:01Z] #562 attempt=1/2 status=200 0.427s url=https://www.myfonts.com/collections/autentica-rounded-font-sofiamohr/?tab=techSpecs
[2026-10-03T11:39:02Z] #563 attempt=1/2 status=200 0.338s url=https://www.myfonts.com/products/wishdorm-complete-family-package-1235335
[2026-10-03T11:39:03Z] #564 attempt=1/2 status=200 0.445s url=https://www.myfonts.com/collections/wishdorm-font-dgtype/
[2026-10-03T11:39:03Z] #565 attempt=1/2 status=200 0.301s url=https://www.myfonts.com/collections/wishdorm-font-dgtype/?tab=techSpecs
[2026-10-03T11:39:05Z] #566 attempt=1/2 status=200 0.348s url=https://www.myfonts.com/products/naruko-complete-family-package-1235327
[2026-10-03T11:39:05Z] #567 attempt=1/2 status=200 0.387s url=https://www.myfonts.com/collections/naruko-font-cocodesign/
[2026-10-03T11:39:06Z] #568 attempt=1/2 status=200 0.292s url=https://www.myfonts.com/collections/naruko-font-cocodesign/?tab=techSpecs
[2026-10-03T11:39:07Z] #569 attempt=1/2 status=200 0.315s url=https://www.myfonts.com/products/martesny-complete-family-package-1234834
[2026-10-03T11:39:07Z] #570 attempt=1/2 status=200 0.320s url=https://www.myfonts.com/collections/martesny-font-maulana-creative/
[2026-10-03T11:39:08Z] #571 attempt=1/2 status=200 0.325s url=https://www.myfonts.com/collections/martesny-font-maulana-creative/?tab=techSpecs
[2026-10-03T11:39:09Z] #572 attempt=1/2 status=200 0.324s url=https://www.myfonts.com/products/ateroist-complete-family-package-1235174
[2026-10-03T11:39:10Z] #573 attempt=1/2 status=200 0.354s url=https://www.myfonts.com/collections/ateroist-font-typeltf/
[2026-10-03T11:39:10Z] #574 attempt=1/2 status=200 0.319s url=https://www.myfonts.com/collections/ateroist-font-typeltf/?tab=techSpecs
[2026-10-03T11:39:12Z] #575 attempt=1/2 status=200 0.323s url=https://www.myfonts.com/products/selantic-complete-family-package-1234969
[2026-10-03T11:39:12Z] #576 attempt=1/2 status=200 0.324s url=https://www.myfonts.com/collections/selantic-font-letterena-studios/
[2026-10-03T11:39:13Z] #577 attempt=1/2 status=200 0.308s url=https://www.myfonts.com/collections/selantic-font-letterena-studios/?tab=techSpecs
[2026-10-03T11:39:14Z] #578 attempt=1/2 status=200 0.307s url=https://www.myfonts.com/products/nilengo-complete-family-package-1235199
[2026-10-03T11:39:14Z] #579 attempt=1/2 status=200 0.387s url=https://www.myfonts.com/collections/nilengo-font-agung-sudirman/
[2026-10-03T11:39:15Z] #580 attempt=1/2 status=200 0.376s url=https://www.myfonts.com/collections/nilengo-font-agung-sudirman/?tab=techSpecs
[2026-10-03T11:39:16Z] #581 attempt=1/2 status=200 0.351s url=https://www.myfonts.com/products/forge-garage-complete-family-package-1235363
[2026-10-03T11:39:17Z] #582 attempt=1/2 status=200 0.389s url=https://www.myfonts.com/collections/forge-garage-font-edignwn-type/
[2026-10-03T11:39:18Z] #583 attempt=1/2 status=200 0.394s url=https://www.myfonts.com/collections/forge-garage-font-edignwn-type/?tab=techSpecs
[2026-10-03T11:39:19Z] #584 attempt=1/2 status=200 0.376s url=https://www.myfonts.com/products/gloft-complete-family-package-1234951
[2026-10-03T11:39:19Z] #585 attempt=1/2 status=200 0.411s url=https://www.myfonts.com/collections/gloft-font-unitype-studio/
[2026-10-03T11:39:20Z] #586 attempt=1/2 status=200 0.454s url=https://www.myfonts.com/collections/gloft-font-unitype-studio/?tab=techSpecs
[2026-10-03T11:39:22Z] #587 attempt=1/2 status=200 0.961s url=https://www.myfonts.com/products/celoria-complete-family-package-1234279
[2026-10-03T11:39:24Z] #588 attempt=1/2 status=200 2.250s url=https://www.myfonts.com/collections/celoria-font-trick-type-style/
[2026-10-03T11:39:27Z] #589 attempt=1/2 status=200 1.773s url=https://www.myfonts.com/collections/celoria-font-trick-type-style/?tab=techSpecs
[2026-10-03T11:39:29Z] #590 attempt=1/2 status=200 0.356s url=https://www.myfonts.com/products/aubrey-sans-complete-family-package-1234183
[2026-10-03T11:39:29Z] #591 attempt=1/2 status=200 0.419s url=https://www.myfonts.com/collections/aubrey-sans-font-webhance/
[2026-10-03T11:39:30Z] #592 attempt=1/2 status=200 0.376s url=https://www.myfonts.com/collections/aubrey-sans-font-webhance/?tab=techSpecs
[2026-10-03T11:39:31Z] #593 attempt=1/2 status=200 0.348s url=https://www.myfonts.com/products/mockindy-outline-complete-family-package-1234829
[2026-10-03T11:39:32Z] #594 attempt=1/2 status=200 0.331s url=https://www.myfonts.com/collections/mockindy-outline-font-tyedge-studio/
[2026-10-03T11:39:32Z] #595 attempt=1/2 status=200 0.317s url=https://www.myfonts.com/collections/mockindy-outline-font-tyedge-studio/?tab=techSpecs
[2026-10-03T11:39:34Z] #596 attempt=1/2 status=200 0.365s url=https://www.myfonts.com/products/tomyhesa-complete-family-package-1234973
[2026-10-03T11:39:34Z] #597 attempt=1/2 status=200 0.364s url=https://www.myfonts.com/collections/tomyhesa-font-letterena-studios/
[2026-10-03T11:39:35Z] #598 attempt=1/2 status=200 0.325s url=https://www.myfonts.com/collections/tomyhesa-font-letterena-studios/?tab=techSpecs
[2026-10-03T11:39:36Z] #599 attempt=1/2 status=200 0.325s url=https://www.myfonts.com/products/clausville-complete-family-package-1235358
[2026-10-03T11:39:37Z] #600 attempt=1/2 status=200 0.354s url=https://www.myfonts.com/collections/clausville-font-dora-typefoundry/
[2026-10-03T11:39:37Z] #601 attempt=1/2 status=200 0.344s url=https://www.myfonts.com/collections/clausville-font-dora-typefoundry/?tab=techSpecs
[2026-10-03T11:39:39Z] #602 attempt=1/2 status=200 0.302s url=https://www.myfonts.com/products/samida-complete-family-package-1234872
[2026-10-03T11:39:39Z] #603 attempt=1/2 status=200 0.425s url=https://www.myfonts.com/collections/samida-font-yukita-creative/
[2026-10-03T11:39:40Z] #604 attempt=1/2 status=200 0.325s url=https://www.myfonts.com/collections/samida-font-yukita-creative/?tab=techSpecs
[2026-10-03T11:39:41Z] #605 attempt=1/2 status=200 0.339s url=https://www.myfonts.com/products/femhitary-complete-family-package-1234966
[2026-10-03T11:39:42Z] #606 attempt=1/2 status=200 0.359s url=https://www.myfonts.com/collections/femhitary-font-letterena-studios/
[2026-10-03T11:39:43Z] #607 attempt=1/2 status=200 1.091s url=https://www.myfonts.com/products/qreth-complete-family-package-1234972
[2026-10-03T11:39:46Z] #608 attempt=1/2 status=200 2.309s url=https://www.myfonts.com/collections/qreth-font-nia-typework/
[2026-10-03T11:39:47Z] #609 attempt=1/2 status=200 0.417s url=https://www.myfonts.com/products/vexthorn-complete-family-package-1234203
[2026-10-03T11:39:48Z] #610 attempt=1/2 status=200 0.367s url=https://www.myfonts.com/collections/vexthorn-font-yoga-letter/
[2026-10-03T11:39:48Z] #611 attempt=1/2 status=200 0.378s url=https://www.myfonts.com/products/atomette-complete-family-package-1234048
[2026-10-03T11:39:49Z] #612 attempt=1/2 status=200 0.370s url=https://www.myfonts.com/collections/atomette-font-device/
[2026-10-03T11:39:50Z] #613 attempt=1/2 status=200 0.423s url=https://www.myfonts.com/products/yoger-package-1234931
[2026-10-03T11:39:51Z] #614 attempt=1/2 status=200 0.827s url=https://www.myfonts.com/collections/yoger-font-smartfont/
[2026-10-03T11:39:52Z] #615 attempt=1/2 status=200 0.300s url=https://www.myfonts.com/products/murisa-vandehaere-complete-family-package-1234861
[2026-10-03T11:39:52Z] #616 attempt=1/2 status=200 0.342s url=https://www.myfonts.com/collections/murisa-vandehaere-font-murisa-studio/
[2026-10-03T11:39:53Z] #617 attempt=1/6 status=200 0.549s url=https://www.myfonts.com/products.json?limit=100&page=12
[2026-10-03T11:39:54Z] #618 attempt=1/2 status=200 0.302s url=https://www.myfonts.com/products/maison-lovyelle-complete-family-package-1235195
[2026-10-03T11:39:54Z] #619 attempt=1/2 status=200 0.337s url=https://www.myfonts.com/collections/maison-lovyelle-font-abbasy-studio/
[2026-10-03T11:39:55Z] #620 attempt=1/2 status=200 0.333s url=https://www.myfonts.com/products/garoland-complete-family-package-1235314
[2026-10-03T11:39:56Z] #621 attempt=1/2 status=200 0.369s url=https://www.myfonts.com/collections/garoland-font-burntilldead/
[2026-10-03T11:39:56Z] #622 attempt=1/2 status=200 0.357s url=https://www.myfonts.com/products/promuja-complete-family-package-1234193
[2026-10-03T11:39:57Z] #623 attempt=1/2 status=200 0.421s url=https://www.myfonts.com/collections/promuja-font-wildan-carfont/
[2026-10-03T11:39:58Z] #624 attempt=1/2 status=200 0.340s url=https://www.myfonts.com/products/jollykins-complete-family-package-1234206
[2026-10-03T11:39:58Z] #625 attempt=1/2 status=200 0.367s url=https://www.myfonts.com/collections/jollykins-font-yoga-letter/
[2026-10-03T11:39:59Z] #626 attempt=1/2 status=200 0.325s url=https://www.myfonts.com/products/off-terz-complete-family-package-1234896
[2026-10-03T11:40:00Z] #627 attempt=1/2 status=200 0.420s url=https://www.myfonts.com/collections/off-terz-font-jolicia-type/
[2026-10-03T11:40:00Z] #628 attempt=1/2 status=200 0.326s url=https://www.myfonts.com/products/corta-complete-family-package-1235373
[2026-10-03T11:40:01Z] #629 attempt=1/2 status=200 0.370s url=https://www.myfonts.com/collections/corta-font-flavortype/
[2026-10-03T11:40:01Z] #630 attempt=1/2 status=200 0.331s url=https://www.myfonts.com/products/iceberglc-complete-family-package-1235177
[2026-10-03T11:40:02Z] #631 attempt=1/2 status=200 0.512s url=https://www.myfonts.com/products/everdraw-complete-family-package-1234138
[2026-10-03T11:40:03Z] #632 attempt=1/2 status=200 0.700s url=https://www.myfonts.com/collections/everdraw-font-vp-creative-shop/
[2026-10-03T11:40:04Z] #633 attempt=1/2 status=200 0.371s url=https://www.myfonts.com/products/geocut-complete-family-package-1234075
[2026-10-03T11:40:04Z] #634 attempt=1/2 status=200 0.370s url=https://www.myfonts.com/collections/geocut-font-vincenzo-crisafulli/
[2026-10-03T11:40:05Z] #635 attempt=1/2 status=200 0.311s url=https://www.myfonts.com/products/xeura-complete-family-package-1234866
[2026-10-03T11:40:06Z] #636 attempt=1/2 status=200 0.393s url=https://www.myfonts.com/collections/xeura-font-timelesstype-studio/
[2026-10-03T11:40:06Z] #637 attempt=1/2 status=200 0.309s url=https://www.myfonts.com/products/donetta-complete-family-package-1235069
[2026-10-03T11:40:07Z] #638 attempt=1/2 status=200 0.324s url=https://www.myfonts.com/collections/donetta-font-typeclassheroes/
[2026-10-03T11:40:08Z] #639 attempt=1/2 status=200 0.405s url=https://www.myfonts.com/products/valenary-prana-complete-family-package-1235339
[2026-10-03T11:40:08Z] #640 attempt=1/2 status=200 0.630s url=https://www.myfonts.com/collections/valenary-prana-font-differentialtype/
[2026-10-03T11:40:09Z] #641 attempt=1/2 status=200 0.429s url=https://www.myfonts.com/products/panometr-sans-complete-family-package-1234841
[2026-10-03T11:40:10Z] #642 attempt=1/2 status=200 0.441s url=https://www.myfonts.com/collections/panometr-sans-font-borutta/
[2026-10-03T11:40:11Z] #643 attempt=1/2 status=200 0.309s url=https://www.myfonts.com/products/hyperline-complete-family-package-1235331
[2026-10-03T11:40:11Z] #644 attempt=1/2 status=200 0.401s url=https://www.myfonts.com/collections/hyperline-font-dareco-studio/
[2026-10-03T11:40:12Z] #645 attempt=1/2 status=200 0.331s url=https://www.myfonts.com/products/jaghori-insighte-complete-family-package-1234976
[2026-10-03T11:40:12Z] #646 attempt=1/2 status=200 0.371s url=https://www.myfonts.com/collections/jaghori-insighte-font-letterena-studios/
[2026-10-03T11:40:13Z] #647 attempt=1/2 status=200 0.401s url=https://www.myfonts.com/products/sfc-rimowa-complete-family-package-1234209
[2026-10-03T11:40:14Z] #648 attempt=1/2 status=200 0.382s url=https://www.myfonts.com/collections/sfc-rimowa-font-skilline-fonts-co/
[2026-10-03T11:40:14Z] #649 attempt=1/2 status=200 0.377s url=https://www.myfonts.com/products/flow-botanical-complete-family-package-1234858
[2026-10-03T11:40:15Z] #650 attempt=1/2 status=200 0.390s url=https://www.myfonts.com/collections/flow-botanical-font-timelesstype-studio/
[2026-10-03T11:40:16Z] #651 attempt=1/2 status=200 0.306s url=https://www.myfonts.com/products/regular-bethoria-signature-1235371
[2026-10-03T11:40:16Z] #652 attempt=1/2 status=200 0.334s url=https://www.myfonts.com/collections/bethoria-signature-font-figuree-studio/
[2026-10-03T11:40:17Z] #653 attempt=1/2 status=200 0.296s url=https://www.myfonts.com/products/regular-qribo-1234950
[2026-10-03T11:40:17Z] #654 attempt=1/2 status=200 0.329s url=https://www.myfonts.com/collections/qribo-font-unitype-studio/
[2026-10-03T11:40:18Z] #655 attempt=1/2 status=200 0.314s url=https://www.myfonts.com/products/regular-nostalique-script-1234885
[2026-10-03T11:40:18Z] #656 attempt=1/2 status=200 0.303s url=https://www.myfonts.com/collections/nostalique-script-font-shanaf/
[2026-10-03T11:40:20Z] #657 attempt=1/6 status=200 1.207s url=https://www.myfonts.com/products.json?limit=100&page=13
[2026-10-03T11:40:21Z] #658 attempt=1/2 status=200 0.293s url=https://www.myfonts.com/products/regular-hyperon-1235110
[2026-10-03T11:40:21Z] #659 attempt=1/2 status=200 0.315s url=https://www.myfonts.com/collections/hyperon-font-rasio-studio/
[2026-10-03T11:40:22Z] #660 attempt=1/2 status=200 0.313s url=https://www.myfonts.com/products/regular-montaro-1234884
[2026-10-03T11:40:23Z] #661 attempt=1/2 status=200 0.312s url=https://www.myfonts.com/collections/montaro-font-shanaf/
[2026-10-03T11:40:23Z] #662 attempt=1/2 status=200 0.344s url=https://www.myfonts.com/products/regular-kamaline-handbrush-1235198
[2026-10-03T11:40:24Z] #663 attempt=1/2 status=200 0.397s url=https://www.myfonts.com/collections/kamaline-handbrush-font-afkari-studio/
[2026-10-03T11:40:24Z] #664 attempt=1/2 status=200 0.290s url=https://www.myfonts.com/products/regular-nexroid-1234708
[2026-10-03T11:40:25Z] #665 attempt=1/2 status=200 0.355s url=https://www.myfonts.com/collections/nexroid-font-sipanji21/
[2026-10-03T11:40:26Z] #666 attempt=1/6 status=200 0.768s url=https://www.myfonts.com/products.json?limit=100&page=14
[2026-10-03T11:40:27Z] #667 attempt=1/2 status=200 0.310s url=https://www.myfonts.com/products/toshira-regular-toshira-1234277
[2026-10-03T11:40:27Z] #668 attempt=1/2 status=200 0.354s url=https://www.myfonts.com/collections/toshira-font-maikohatta/
[2026-10-03T11:40:28Z] #669 attempt=1/2 status=200 0.325s url=https://www.myfonts.com/products/regular-weird-jokes-1234276
[2026-10-03T11:40:29Z] #670 attempt=1/2 status=200 0.331s url=https://www.myfonts.com/collections/weird-jokes-font-timurtype/
[2026-10-03T11:40:29Z] #671 attempt=1/2 status=200 0.320s url=https://www.myfonts.com/products/regular-manage-1235170
[2026-10-03T11:40:30Z] #672 attempt=1/2 status=200 0.306s url=https://www.myfonts.com/collections/manage-font-sensatype-studio/
[2026-10-03T11:40:31Z] #673 attempt=1/6 status=200 0.724s url=https://www.myfonts.com/products.json?limit=100&page=15
[2026-10-03T11:40:32Z] #674 attempt=1/2 status=200 0.296s url=https://www.myfonts.com/products/regular-rapikan-1235368
[2026-10-03T11:40:32Z] #675 attempt=1/2 status=200 0.326s url=https://www.myfonts.com/collections/rapikan-font-ekahermawan/
[2026-10-03T11:40:33Z] #676 attempt=1/2 status=200 0.327s url=https://www.myfonts.com/products/regular-roulos-1234961
[2026-10-03T11:40:33Z] #677 attempt=1/2 status=200 0.304s url=https://www.myfonts.com/collections/roulos-font-omzen-type/
[2026-10-03T11:40:34Z] #678 attempt=1/2 status=200 0.284s url=https://www.myfonts.com/products/regular-dellatino-1235180
[2026-10-03T11:40:34Z] #679 attempt=1/2 status=200 0.319s url=https://www.myfonts.com/collections/dellatino-font-jinan-studio/
[2026-10-03T11:40:35Z] #680 attempt=1/2 status=200 0.308s url=https://www.myfonts.com/products/regular-traydefo-1235334
[2026-10-03T11:40:35Z] #681 attempt=1/2 status=200 0.290s url=https://www.myfonts.com/collections/traydefo-font-dgsa-type-foundry/
[2026-10-03T11:40:37Z] #682 attempt=1/6 status=200 0.544s url=https://www.myfonts.com/products.json?limit=100&page=16
[2026-10-03T11:40:37Z] #683 attempt=1/2 status=200 0.340s url=https://www.myfonts.com/products/regular-rustyjgp-1235171
[2026-10-03T11:40:38Z] #684 attempt=1/2 status=200 0.349s url=https://www.myfonts.com/collections/rustyjgp-font-jointype/
[2026-10-03T11:40:38Z] #685 attempt=1/2 status=200 0.310s url=https://www.myfonts.com/products/regular-ferga-1234273
[2026-10-03T11:40:39Z] #686 attempt=1/2 status=200 0.311s url=https://www.myfonts.com/collections/ferga-font-dareco-studio/
[2026-10-03T11:40:40Z] #687 attempt=1/6 status=200 0.532s url=https://www.myfonts.com/products.json?limit=100&page=17
[2026-10-03T11:40:41Z] #688 attempt=1/2 status=200 0.312s url=https://www.myfonts.com/products/regular-bhelmora-1235370
[2026-10-03T11:40:41Z] #689 attempt=1/2 status=200 0.372s url=https://www.myfonts.com/collections/bhelmora-font-figuree-studio/
[2026-10-03T11:40:42Z] #690 attempt=1/2 status=200 0.366s url=https://www.myfonts.com/products/regular-fitchmore-1234934
[2026-10-03T11:40:42Z] #691 attempt=1/2 status=200 0.427s url=https://www.myfonts.com/collections/fitchmore-font-tower-of-babel/
[2026-10-03T11:40:43Z] #692 attempt=1/2 status=200 0.304s url=https://www.myfonts.com/products/regular-sauropod-1234962
[2026-10-03T11:40:44Z] #693 attempt=1/2 status=200 0.312s url=https://www.myfonts.com/collections/sauropod-font-the-ampersand-forest/
[2026-10-03T11:40:45Z] #694 attempt=1/6 status=200 0.762s url=https://www.myfonts.com/products.json?limit=100&page=18
[2026-10-03T11:40:46Z] #695 attempt=1/2 status=200 0.271s url=https://www.myfonts.com/products/regular-widston-1235173
[2026-10-03T11:40:46Z] #696 attempt=1/2 status=200 0.311s url=https://www.myfonts.com/collections/widston-font-mbonster/
[2026-10-03T11:40:47Z] #697 attempt=1/2 status=200 0.305s url=https://www.myfonts.com/products/regular-sweet-crumbs-1234889
[2026-10-03T11:40:47Z] #698 attempt=1/2 status=200 0.321s url=https://www.myfonts.com/collections/sweet-crumbs-font-shanaf/
[2026-10-03T11:40:48Z] #699 attempt=1/2 status=200 0.307s url=https://www.myfonts.com/products/regular-hugero-1234137
[2026-10-03T11:40:48Z] #700 attempt=1/2 status=200 0.331s url=https://www.myfonts.com/collections/hugero-font-vultype-co/
[2026-10-03T11:40:49Z] #701 attempt=1/2 status=200 0.281s url=https://www.myfonts.com/products/regular-stone-bricx-1234887
[2026-10-03T11:40:49Z] #702 attempt=1/2 status=200 0.341s url=https://www.myfonts.com/collections/stone-bricx-font-shanaf/
[2026-10-03T11:40:50Z] #703 attempt=1/2 status=200 0.352s url=https://www.myfonts.com/products/regular-kravino-1234882
[2026-10-03T11:40:51Z] #704 attempt=1/2 status=200 0.319s url=https://www.myfonts.com/collections/kravino-font-shanaf/
[2026-10-03T11:40:52Z] #705 attempt=1/6 status=200 0.676s url=https://www.myfonts.com/products.json?limit=100&page=19
[2026-10-03T11:40:52Z] #706 attempt=1/2 status=200 0.306s url=https://www.myfonts.com/products/regular-vexna-1235369
[2026-10-03T11:40:53Z] #707 attempt=1/2 status=200 0.343s url=https://www.myfonts.com/collections/vexna-font-ezinxo-foundry/
[2026-10-03T11:40:54Z] #708 attempt=1/2 status=200 0.313s url=https://www.myfonts.com/products/regular-drefiona-1234274
[2026-10-03T11:40:54Z] #709 attempt=1/2 status=200 0.306s url=https://www.myfonts.com/collections/drefiona-font-maulana-creative/
[2026-10-03T11:40:55Z] #710 attempt=1/6 status=200 0.630s url=https://www.myfonts.com/products.json?limit=100&page=20
[2026-10-03T11:40:56Z] #711 attempt=1/2 status=200 0.308s url=https://www.myfonts.com/products/regular-glops-1235372
[2026-10-03T11:40:57Z] #712 attempt=1/2 status=200 0.376s url=https://www.myfonts.com/collections/glops-font-figuree-studio/
[2026-10-03T11:40:57Z] #713 attempt=1/2 status=200 0.374s url=https://www.myfonts.com/products/regular-basgira-1235168
[2026-10-03T11:40:58Z] #714 attempt=1/2 status=200 0.307s url=https://www.myfonts.com/collections/basgira-font-flawlessandco/
[2026-10-03T11:40:58Z] #715 attempt=1/2 status=200 0.314s url=https://www.myfonts.com/products/regular-gottagon-1234275
[2026-10-03T11:40:59Z] #716 attempt=1/2 status=200 0.330s url=https://www.myfonts.com/collections/gottagon-font-syntype/
[2026-10-03T11:41:00Z] #717 attempt=1/2 status=200 0.307s url=https://www.myfonts.com/products/houljoe-regular-houljoe-1235376
[2026-10-03T11:41:00Z] #718 attempt=1/2 status=200 0.335s url=https://www.myfonts.com/collections/houljoe-font-flawlessandco/
[2026-10-03T11:41:01Z] #719 attempt=1/6 status=200 0.645s url=https://www.myfonts.com/products.json?limit=100&page=21
[2026-10-03T11:41:02Z] #720 attempt=1/2 status=200 0.317s url=https://www.myfonts.com/products/palmea-complete-family-package-1234233
[2026-10-03T11:41:02Z] #721 attempt=1/2 status=200 0.378s url=https://www.myfonts.com/collections/palmea-font-maghrib-type/
[2026-10-03T11:41:03Z] #722 attempt=1/2 status=200 0.400s url=https://www.myfonts.com/products/regular-and-italic-package-1234272
[2026-10-03T11:41:04Z] #723 attempt=1/2 status=200 0.505s url=https://www.myfonts.com/collections/sfc-signsmith-font-skilline-fonts-co/
[2026-10-03T11:41:05Z] #724 attempt=1/2 status=200 0.296s url=https://www.myfonts.com/products/cenolle-complete-family-package-1234222
[2026-10-03T11:41:05Z] #725 attempt=1/2 status=200 0.330s url=https://www.myfonts.com/collections/cenolle-font-typeclassheroes/
[2026-10-03T11:41:06Z] #726 attempt=1/2 status=200 0.300s url=https://www.myfonts.com/products/fallyen-complete-family-package-1234247
[2026-10-03T11:41:06Z] #727 attempt=1/2 status=200 0.372s url=https://www.myfonts.com/collections/fallyen-font-maulana-creative/
[2026-10-03T11:41:07Z] #728 attempt=1/2 status=200 0.353s url=https://www.myfonts.com/products/aspek-complete-family-package-1234250
[2026-10-03T11:41:08Z] #729 attempt=1/2 status=200 0.400s url=https://www.myfonts.com/collections/aspek-font-the-native-saint-club/
[2026-10-03T11:41:08Z] #730 attempt=1/2 status=200 0.300s url=https://www.myfonts.com/products/evo-rinnox-complete-family-package-1234225
[2026-10-03T11:41:09Z] #731 attempt=1/2 status=200 0.369s url=https://www.myfonts.com/collections/evo-rinnox-font-tini-fitriani/
[2026-10-03T11:41:09Z] #732 attempt=1/2 status=200 0.314s url=https://www.myfonts.com/products/regular-halloween-costume-1234074
[2026-10-03T11:41:10Z] #733 attempt=1/2 status=200 0.339s url=https://www.myfonts.com/collections/halloween-costume-font-unitype-studio/
[2026-10-03T11:41:11Z] #734 attempt=1/2 status=200 0.337s url=https://www.myfonts.com/products/regular-sfc-zurich-plaza-1234073
[2026-10-03T11:41:11Z] #735 attempt=1/2 status=200 0.359s url=https://www.myfonts.com/collections/sfc-zurich-plaza-font-skilline-fonts-co/
[2026-10-03T11:41:12Z] #736 attempt=1/2 status=200 0.311s url=https://www.myfonts.com/products/regular-lacola-coco-1234246
[2026-10-03T11:41:12Z] #737 attempt=1/2 status=200 0.336s url=https://www.myfonts.com/collections/lacola-coco-font-maulana-creative/
[2026-10-03T11:41:13Z] #738 attempt=1/2 status=200 0.390s url=https://www.myfonts.com/products/medium-sx-comforta-1234241
[2026-10-03T11:41:14Z] #739 attempt=1/2 status=200 0.442s url=https://www.myfonts.com/collections/sx-comforta-font-sixtype-foundry/
[2026-10-03T11:41:14Z] #740 attempt=1/2 status=200 0.331s url=https://www.myfonts.com/products/regular-krupira-vora-1234221
[2026-10-03T11:41:15Z] #741 attempt=1/2 status=200 0.343s url=https://www.myfonts.com/collections/krupira-vora-font-product-type/
[2026-10-03T11:41:16Z] #742 attempt=1/6 status=200 0.579s url=https://www.myfonts.com/products.json?limit=100&page=22
[2026-10-03T11:41:17Z] #743 attempt=1/2 status=200 0.285s url=https://www.myfonts.com/products/regular-ralgino-1234231
[2026-10-03T11:41:17Z] #744 attempt=1/2 status=200 0.324s url=https://www.myfonts.com/collections/ralgino-font-struggle-studio/
[2026-10-03T11:41:18Z] #745 attempt=1/2 status=200 0.432s url=https://www.myfonts.com/products/regular-braided-motel-1234232
[2026-10-03T11:41:18Z] #746 attempt=1/2 status=200 0.334s url=https://www.myfonts.com/collections/braided-motel-font-sloulyfe-studio/
[2026-10-03T11:41:19Z] #747 attempt=1/2 status=200 0.296s url=https://www.myfonts.com/products/regular-stay-awake-1234592
[2026-10-03T11:41:20Z] #748 attempt=1/2 status=200 0.321s url=https://www.myfonts.com/collections/stay-awake-font-olivetype/
[2026-10-03T11:41:20Z] #749 attempt=1/2 status=200 0.303s url=https://www.myfonts.com/products/regular-turishall-1234891
[2026-10-03T11:41:21Z] #750 attempt=1/2 status=200 0.351s url=https://www.myfonts.com/collections/turishall-font-syafbe/
[2026-10-03T11:41:21Z] #751 attempt=1/2 status=200 0.346s url=https://www.myfonts.com/products/regular-koolavie-1235187
[2026-10-03T11:41:22Z] #752 attempt=1/2 status=200 0.330s url=https://www.myfonts.com/collections/koolavie-font-letterhanna-studio/
[2026-10-03T11:41:23Z] #753 attempt=1/2 status=200 0.324s url=https://www.myfonts.com/products/italic-island-reshort-1234857
[2026-10-03T11:41:23Z] #754 attempt=1/2 status=200 0.346s url=https://www.myfonts.com/collections/island-reshort-font-timelesstype-studio/
[2026-10-03T11:41:24Z] #755 attempt=1/2 status=200 0.352s url=https://www.myfonts.com/products/regular-megast-1234870
[2026-10-03T11:41:24Z] #756 attempt=1/2 status=200 0.365s url=https://www.myfonts.com/collections/megast-font-timelesstype-studio/
[2026-10-03T11:41:25Z] #757 attempt=1/2 status=200 0.319s url=https://www.myfonts.com/products/italic-creative-vision-1234880
[2026-10-03T11:41:26Z] #758 attempt=1/2 status=200 0.318s url=https://www.myfonts.com/collections/creative-vision-font-timelesstype-studio/
[2026-10-03T11:41:26Z] #759 attempt=1/2 status=200 0.311s url=https://www.myfonts.com/products/regular-fafrelyauntum-1234906
[2026-10-03T11:41:27Z] #760 attempt=1/2 status=200 0.302s url=https://www.myfonts.com/collections/fafrelyauntum-font-tyedge-studio/
[2026-10-03T11:41:27Z] #761 attempt=1/2 status=200 0.318s url=https://www.myfonts.com/products/italic-garden-beasty-1234894
[2026-10-03T11:41:28Z] #762 attempt=1/2 status=200 0.300s url=https://www.myfonts.com/collections/garden-beasty-font-timelesstype-studio/
[2026-10-03T11:41:28Z] #763 attempt=1/2 status=200 0.271s url=https://www.myfonts.com/products/regular-baltders-1234864
[2026-10-03T11:41:29Z] #764 attempt=1/2 status=200 0.315s url=https://www.myfonts.com/collections/baltders-font-zamjump/
[2026-10-03T11:41:30Z] #765 attempt=1/2 status=200 0.333s url=https://www.myfonts.com/products/oblique-senja-jingga-1234839
[2026-10-03T11:41:30Z] #766 attempt=1/2 status=200 0.329s url=https://www.myfonts.com/collections/senja-jingga-font-mei-suseno/
[2026-10-03T11:41:31Z] #767 attempt=1/2 status=200 0.298s url=https://www.myfonts.com/products/regular-surreal-culture-1234888
[2026-10-03T11:41:31Z] #768 attempt=1/2 status=200 0.320s url=https://www.myfonts.com/collections/surreal-culture-font-shanaf/
[2026-10-03T11:41:32Z] #769 attempt=1/2 status=200 0.280s url=https://www.myfonts.com/products/regular-brutalist-block-1234881
[2026-10-03T11:41:32Z] #770 attempt=1/2 status=200 0.334s url=https://www.myfonts.com/collections/brutalist-block-font-shanaf/
[2026-10-03T11:41:33Z] #771 attempt=1/2 status=200 0.317s url=https://www.myfonts.com/products/regular-wosh-1234900
[2026-10-03T11:41:34Z] #772 attempt=1/2 status=200 0.402s url=https://www.myfonts.com/collections/wosh-font-zaain-type/
[2026-10-03T11:41:35Z] #773 attempt=1/6 status=200 0.678s url=https://www.myfonts.com/products.json?limit=100&page=23
[2026-10-03T11:41:35Z] #774 attempt=1/2 status=200 0.321s url=https://www.myfonts.com/products/regular-ez-otegura-1234629
[2026-10-03T11:41:36Z] #775 attempt=1/2 status=200 0.309s url=https://www.myfonts.com/collections/ez-otegura-font-zafara-studios/
[2026-10-03T11:41:37Z] #776 attempt=1/2 status=200 0.338s url=https://www.myfonts.com/products/regular-patchlc-1234895
[2026-10-03T11:41:37Z] #777 attempt=1/2 status=200 0.258s url=https://www.myfonts.com/products/regular-twisted-noodle-1234890
[2026-10-03T11:41:38Z] #778 attempt=1/2 status=200 0.349s url=https://www.myfonts.com/collections/twisted-noodle-font-shanaf/
[2026-10-03T11:41:38Z] #779 attempt=1/2 status=200 0.296s url=https://www.myfonts.com/products/regular-ef-baveno-1234865
[2026-10-03T11:41:39Z] #780 attempt=1/2 status=200 0.318s url=https://www.myfonts.com/collections/ef-baveno-font-zafara-studios/
[2026-10-03T11:41:39Z] #781 attempt=1/2 status=200 0.310s url=https://www.myfonts.com/products/regular-royal-enigma-1234657
[2026-10-03T11:41:40Z] #782 attempt=1/2 status=200 0.317s url=https://www.myfonts.com/collections/royal-enigma-font-sipanji21/
[2026-10-03T11:41:40Z] #783 attempt=1/2 status=200 0.274s url=https://www.myfonts.com/products/regular-burquhart-script-1234854
[2026-10-03T11:41:41Z] #784 attempt=1/2 status=200 0.314s url=https://www.myfonts.com/collections/burquhart-script-font-tower-of-babel/
[2026-10-03T11:41:42Z] #785 attempt=1/2 status=200 0.285s url=https://www.myfonts.com/products/regular-novexa-1234886
[2026-10-03T11:41:42Z] #786 attempt=1/2 status=200 0.330s url=https://www.myfonts.com/collections/novexa-font-shanaf/
[2026-10-03T11:41:43Z] #787 attempt=1/2 status=200 0.302s url=https://www.myfonts.com/products/regular-mandraya-1234883
[2026-10-03T11:41:43Z] #788 attempt=1/2 status=200 0.340s url=https://www.myfonts.com/collections/mandraya-font-shanaf/
[2026-10-03T11:41:44Z] #789 attempt=1/2 status=200 0.300s url=https://www.myfonts.com/products/uspac-italic-uspac-1234770
[2026-10-03T11:41:44Z] #790 attempt=1/2 status=200 0.362s url=https://www.myfonts.com/collections/uspac-font-typeltf/
[2026-10-03T11:41:45Z] #791 attempt=1/2 status=200 0.358s url=https://www.myfonts.com/products/sackers-gothic-complete-family-package-1234054
[2026-10-03T11:41:46Z] #792 attempt=1/2 status=200 0.404s url=https://www.myfonts.com/collections/sackers-gothic-font-monotype-imaging/
[2026-10-03T11:41:46Z] #793 attempt=1/2 status=200 0.368s url=https://www.myfonts.com/products/acton-complete-family-package-1233838
[2026-10-03T11:41:47Z] #794 attempt=1/2 status=200 0.444s url=https://www.myfonts.com/collections/acton-font-device/
[2026-10-03T11:41:48Z] #795 attempt=1/2 status=200 0.451s url=https://www.myfonts.com/products/arachem-california-complete-family-package-1233726
[2026-10-03T11:41:49Z] #796 attempt=1/2 status=200 0.810s url=https://www.myfonts.com/collections/arachem-california-font-logic-type/
[2026-10-03T11:41:50Z] #797 attempt=1/2 status=200 0.720s url=https://www.myfonts.com/products/korolev-complete-family-package-1233891
[2026-10-03T11:41:52Z] #798 attempt=1/2 status=200 1.706s url=https://www.myfonts.com/collections/korolev-font-device/
[2026-10-03T11:41:53Z] #799 attempt=1/2 status=200 0.352s url=https://www.myfonts.com/products/celia-savora-complete-family-package-1233604
[2026-10-03T11:41:54Z] #800 attempt=1/2 status=200 0.348s url=https://www.myfonts.com/collections/celia-savora-font-font-liner/
[2026-10-03T11:41:54Z] #801 attempt=1/2 status=200 0.314s url=https://www.myfonts.com/products/the-story-dream-complete-family-package-1234015
[2026-10-03T11:41:55Z] #802 attempt=1/2 status=200 0.387s url=https://www.myfonts.com/collections/the-story-dream-font-joelmaker/
[2026-10-03T11:41:56Z] #803 attempt=1/2 status=200 0.352s url=https://www.myfonts.com/products/fox-kinda-complete-family-package-1233608
[2026-10-03T11:41:56Z] #804 attempt=1/2 status=200 0.402s url=https://www.myfonts.com/collections/fox-kinda-font-fox7/
[2026-10-03T11:41:58Z] #805 attempt=1/2 status=200 1.049s url=https://www.myfonts.com/products/cerant-complete-family-package-1233125
[2026-10-03T11:42:01Z] #806 attempt=1/2 status=200 2.816s url=https://www.myfonts.com/collections/cerant-font-fargun-studio/
[2026-10-03T11:42:02Z] #807 attempt=1/2 status=200 0.442s url=https://www.myfonts.com/products/bradbury-five-complete-family-package-1233818
[2026-10-03T11:42:03Z] #808 attempt=1/2 status=200 0.535s url=https://www.myfonts.com/collections/bradbury-five-font-device/
[2026-10-03T11:42:04Z] #809 attempt=1/2 status=200 0.362s url=https://www.myfonts.com/products/satuva-complete-family-package-1233580
[2026-10-03T11:42:05Z] #810 attempt=1/2 status=200 0.403s url=https://www.myfonts.com/collections/satuva-font-flawlessandco/
[2026-10-03T11:42:05Z] #811 attempt=1/2 status=200 0.422s url=https://www.myfonts.com/products/cynosure-complete-family-package-1233990
[2026-10-03T11:42:06Z] #812 attempt=1/2 status=200 0.675s url=https://www.myfonts.com/collections/cynosure-font-device/
[2026-10-03T11:42:07Z] #813 attempt=1/2 status=200 0.364s url=https://www.myfonts.com/products/neuford-complete-family-package-1232646
[2026-10-03T11:42:08Z] #814 attempt=1/2 status=200 0.321s url=https://www.myfonts.com/collections/neuford-font-arterfak-project/
[2026-10-03T11:42:08Z] #815 attempt=1/2 status=200 0.400s url=https://www.myfonts.com/products/cynosure-soft-complete-family-package-1233949
[2026-10-03T11:42:09Z] #816 attempt=1/2 status=200 0.511s url=https://www.myfonts.com/collections/cynosure-soft-font-device/
[2026-10-03T11:42:10Z] #817 attempt=1/2 status=200 0.968s url=https://www.myfonts.com/products/ckr-soft-complete-family-package-1232746
[2026-10-03T11:42:13Z] #818 attempt=1/2 status=200 2.149s url=https://www.myfonts.com/collections/ckr-soft-font-ckr-type-foundry/
[2026-10-03T11:42:14Z] #819 attempt=1/2 status=200 0.328s url=https://www.myfonts.com/products/capitol-capitals-complete-family-package-1233964
[2026-10-03T11:42:15Z] #820 attempt=1/2 status=200 0.368s url=https://www.myfonts.com/collections/capitol-font-device/
[2026-10-03T11:42:15Z] #821 attempt=1/2 status=200 0.393s url=https://www.myfonts.com/products/potbank-light-regular-and-bold-package-1232591
[2026-10-03T11:42:16Z] #822 attempt=1/2 status=200 0.487s url=https://www.myfonts.com/collections/potbank-font-applied-systems-design-studio/
[2026-10-03T11:42:17Z] #823 attempt=1/2 status=200 0.514s url=https://www.myfonts.com/products/ceramika-complete-family-package-1233761
[2026-10-03T11:42:18Z] #824 attempt=1/2 status=200 0.621s url=https://www.myfonts.com/collections/ceramika-font-santi-rey/
[2026-10-03T11:42:19Z] #825 attempt=1/2 status=200 0.542s url=https://www.myfonts.com/products/dexialis-complete-family-package-1234026
[2026-10-03T11:42:20Z] #826 attempt=1/2 status=200 0.609s url=https://www.myfonts.com/collections/dexialis-font-bartama-graphic/
[2026-10-03T11:42:20Z] #827 attempt=1/2 status=200 0.356s url=https://www.myfonts.com/products/glitterati-basic-set-package-1233472
[2026-10-03T11:42:21Z] #828 attempt=1/2 status=200 0.475s url=https://www.myfonts.com/collections/glitterati-font-device/
[2026-10-03T11:42:22Z] #829 attempt=1/2 status=200 0.323s url=https://www.myfonts.com/products/veda-loom-complete-family-package-1234021
[2026-10-03T11:42:22Z] #830 attempt=1/2 status=200 0.368s url=https://www.myfonts.com/collections/veda-loom-font-mei-suseno/
[2026-10-03T11:42:23Z] #831 attempt=1/2 status=200 0.325s url=https://www.myfonts.com/products/chassis-complete-family-package-1233971
[2026-10-03T11:42:23Z] #832 attempt=1/2 status=200 0.349s url=https://www.myfonts.com/collections/chassis-font-device/
[2026-10-03T11:42:24Z] #833 attempt=1/2 status=200 0.404s url=https://www.myfonts.com/products/hanz-complete-family-package-1232625
[2026-10-03T11:42:25Z] #834 attempt=1/2 status=200 0.647s url=https://www.myfonts.com/collections/hanz-font-santi-rey/
[2026-10-03T11:42:26Z] #835 attempt=1/2 status=200 0.310s url=https://www.myfonts.com/products/cottingley-complete-family-package-1233969
[2026-10-03T11:42:26Z] #836 attempt=1/2 status=200 0.373s url=https://www.myfonts.com/collections/cottingley-font-device/
[2026-10-03T11:42:27Z] #837 attempt=1/2 status=200 0.420s url=https://www.myfonts.com/products/gridon-complete-family-package-1233783
[2026-10-03T11:42:28Z] #838 attempt=1/2 status=200 0.472s url=https://www.myfonts.com/collections/gridon-font-jafar07/
[2026-10-03T11:42:28Z] #839 attempt=1/2 status=200 0.304s url=https://www.myfonts.com/products/freeman-complete-family-package-1233332
[2026-10-03T11:42:29Z] #840 attempt=1/2 status=200 0.384s url=https://www.myfonts.com/collections/freeman-font-device/
[2026-10-03T11:42:30Z] #841 attempt=1/2 status=200 0.466s url=https://www.myfonts.com/products/salgano-complete-family-package-1233057
[2026-10-03T11:42:31Z] #842 attempt=1/2 status=200 0.660s url=https://www.myfonts.com/collections/salgano-font-deorde-studio/
[2026-10-03T11:42:31Z] #843 attempt=1/2 status=200 0.340s url=https://www.myfonts.com/products/maxing-complete-family-package-1233717
[2026-10-03T11:42:32Z] #844 attempt=1/2 status=200 0.422s url=https://www.myfonts.com/collections/maxing-font-habitype/
[2026-10-03T11:42:33Z] #845 attempt=1/2 status=200 0.542s url=https://www.myfonts.com/products/aurore-grotesque-essentials-package-1233860
[2026-10-03T11:42:34Z] #846 attempt=1/2 status=200 0.665s url=https://www.myfonts.com/collections/aurore-grotesque-font-device/
[2026-10-03T11:42:35Z] #847 attempt=1/2 status=200 0.880s url=https://www.myfonts.com/products/extinguish-complete-family-package-1233613
[2026-10-03T11:42:37Z] #848 attempt=1/2 status=200 1.196s url=https://www.myfonts.com/collections/extinguish-font-gian-studio/
[2026-10-03T11:42:38Z] #849 attempt=1/2 status=200 0.450s url=https://www.myfonts.com/products/armstrong-complete-family-package-1233847
[2026-10-03T11:42:38Z] #850 attempt=1/2 status=200 0.480s url=https://www.myfonts.com/collections/armstrong-font-device/
[2026-10-03T11:42:39Z] #851 attempt=1/2 status=200 0.731s url=https://www.myfonts.com/products/guildhall-complete-family-package-1233132
[2026-10-03T11:42:41Z] #852 attempt=1/2 status=200 0.980s url=https://www.myfonts.com/collections/guildhall-font-device/
[2026-10-03T11:42:42Z] #853 attempt=1/6 status=200 0.659s url=https://www.myfonts.com/products.json?limit=100&page=24
[2026-10-03T11:42:43Z] #854 attempt=1/2 status=200 0.401s url=https://www.myfonts.com/products/magiko-complete-family-package-1233700
[2026-10-03T11:42:43Z] #855 attempt=1/2 status=200 0.545s url=https://www.myfonts.com/collections/magiko-font-grezline-studio/
[2026-10-03T11:42:44Z] #856 attempt=1/2 status=200 0.314s url=https://www.myfonts.com/products/neutora-complete-family-package-1233117
[2026-10-03T11:42:45Z] #857 attempt=1/2 status=200 0.429s url=https://www.myfonts.com/collections/neutora-font-figuree-studio/
[2026-10-03T11:42:46Z] #858 attempt=1/2 status=200 0.640s url=https://www.myfonts.com/products/cs-brave-complete-family-package-1233043
[2026-10-03T11:42:46Z] #859 attempt=1/2 status=200 0.406s url=https://www.myfonts.com/collections/cs-brave-font-craft-supply-co/
[2026-10-03T11:42:47Z] #860 attempt=1/2 status=200 0.371s url=https://www.myfonts.com/products/bagatelle-complete-family-package-1233851
[2026-10-03T11:42:48Z] #861 attempt=1/2 status=200 0.438s url=https://www.myfonts.com/collections/bagatelle-font-device/
[2026-10-03T11:42:48Z] #862 attempt=1/2 status=200 0.334s url=https://www.myfonts.com/products/archela-complete-family-package-1233601
[2026-10-03T11:42:49Z] #863 attempt=1/2 status=200 0.393s url=https://www.myfonts.com/collections/archela-font-font-liner/
[2026-10-03T11:42:50Z] #864 attempt=1/2 status=200 0.310s url=https://www.myfonts.com/products/cs-calory-complete-family-package-1233047
[2026-10-03T11:42:50Z] #865 attempt=1/2 status=200 0.353s url=https://www.myfonts.com/collections/cs-calory-font-craft-supply-co/
[2026-10-03T11:42:51Z] #866 attempt=1/2 status=200 0.367s url=https://www.myfonts.com/products/brettaline-complete-family-package-1233590
[2026-10-03T11:42:52Z] #867 attempt=1/2 status=200 0.424s url=https://www.myfonts.com/collections/brettaline-font-flawlessandco/
[2026-10-03T11:42:52Z] #868 attempt=1/2 status=200 0.310s url=https://www.myfonts.com/products/welcote-welcome-complete-family-package-1234018
[2026-10-03T11:42:53Z] #869 attempt=1/2 status=200 0.341s url=https://www.myfonts.com/collections/welcote-welcome-font-mei-suseno/
[2026-10-03T11:42:53Z] #870 attempt=1/2 status=200 0.349s url=https://www.myfonts.com/products/heft-complete-family-package-1233376
[2026-10-03T11:42:54Z] #871 attempt=1/2 status=200 0.422s url=https://www.myfonts.com/collections/heft-font-device/
[2026-10-03T11:42:55Z] #872 attempt=1/2 status=200 0.311s url=https://www.myfonts.com/products/dazzle-unicase-complete-family-package-1233420
[2026-10-03T11:42:55Z] #873 attempt=1/2 status=200 0.354s url=https://www.myfonts.com/collections/dazzle-unicase-font-device/
[2026-10-03T11:42:56Z] #874 attempt=1/2 status=200 0.387s url=https://www.myfonts.com/products/jhc-mauriac-complete-family-package-1233798
[2026-10-03T11:42:57Z] #875 attempt=1/2 status=200 0.505s url=https://www.myfonts.com/collections/jhc-mauriac-font-jehoo-creative/
[2026-10-03T11:42:57Z] #876 attempt=1/2 status=200 0.323s url=https://www.myfonts.com/products/overlap-complete-family-package-1233054
[2026-10-03T11:42:58Z] #877 attempt=1/2 status=200 0.310s url=https://www.myfonts.com/collections/overlap-font-dareco-studio/
[2026-10-03T11:42:59Z] #878 attempt=1/2 status=200 0.503s url=https://www.myfonts.com/products/korolev-rough-complete-family-package-1233515
[2026-10-03T11:43:00Z] #879 attempt=1/2 status=200 0.807s url=https://www.myfonts.com/collections/korolev-rough-font-device/
[2026-10-03T11:43:01Z] #880 attempt=1/2 status=200 0.905s url=https://www.myfonts.com/products/ckr-slab-soft-complete-family-package-1232716
[2026-10-03T11:43:03Z] #881 attempt=1/2 status=200 1.948s url=https://www.myfonts.com/collections/ckr-slab-soft-font-ckr-type-foundry/
[2026-10-03T11:43:04Z] #882 attempt=1/2 status=200 0.295s url=https://www.myfonts.com/products/regular-shuffle-breaks-1233759
[2026-10-03T11:43:05Z] #883 attempt=1/2 status=200 0.345s url=https://www.myfonts.com/collections/shuffle-breaks-font-inviline/
[2026-10-03T11:43:06Z] #884 attempt=1/2 status=200 0.283s url=https://www.myfonts.com/products/regular-absinthe-1233849
[2026-10-03T11:43:06Z] #885 attempt=1/2 status=200 0.331s url=https://www.myfonts.com/collections/absinthe-font-device/
[2026-10-03T11:43:07Z] #886 attempt=1/2 status=200 0.338s url=https://www.myfonts.com/products/regular-great-highway-1233287
[2026-10-03T11:43:07Z] #887 attempt=1/2 status=200 0.326s url=https://www.myfonts.com/collections/great-highway-font-fikryal/
[2026-10-03T11:43:09Z] #888 attempt=1/6 status=200 0.609s url=https://www.myfonts.com/products.json?limit=100&page=25
[2026-10-03T11:43:09Z] #889 attempt=1/2 status=200 0.287s url=https://www.myfonts.com/products/regular-it-snikel-1233754
[2026-10-03T11:43:10Z] #890 attempt=1/2 status=200 0.296s url=https://www.myfonts.com/collections/it-snikel-font-creatifont-studio/
[2026-10-03T11:43:10Z] summary releases=426 first_429=None log_file=state/myfonts_run_20261003_113105.log
[2026-10-03T11:43:10Z] saved_success_profile path=state/myfonts_success_profile.json
[2026-10-03T11:43:10Z] === MyFonts crawl end ===
