[2026-04-30T08:33:17Z] checkpoint fresh next_page=1 path=state/myfonts_crawl_checkpoint.json
[2026-04-30T08:33:17Z] === MyFonts crawl start source=myfonts ===
[2026-04-30T08:33:17Z] config max_pages=25 page_size=100 start_date=2026-04-29 end_date=2026-04-30 api_delay=0.5s detail_delay=0.2s max_debut_checks=400 max_tech_specs_checks=200 reuse_success_profile=False always_enrich_packages=True language_script_signal_mode=strong force_fresh_run=False start_page=1 browser_mode=False browser_headless=True browser_storage_state_path=state/myfonts_storage_state.json
[2026-04-30T08:33:18Z] #1 attempt=1/6 status=200 0.912s url=https://www.myfonts.com/products.json?limit=100&page=1
[2026-04-30T08:33:19Z] #2 attempt=1/2 status=200 0.482s url=https://www.myfonts.com/products/june-pro-office-package-1143300
[2026-04-30T08:33:20Z] #3 attempt=1/2 status=200 1.259s url=https://www.myfonts.com/collections/june-pro-font-schriftlabor/
[2026-04-30T08:33:22Z] #4 attempt=1/2 status=200 1.212s url=https://www.myfonts.com/collections/june-pro-font-schriftlabor/?tab=techSpecs
[2026-04-30T08:33:23Z] #5 attempt=1/2 status=200 0.555s url=https://www.myfonts.com/products/modal-office-package-1143311
[2026-04-30T08:33:25Z] #6 attempt=1/2 status=200 0.813s url=https://www.myfonts.com/collections/modal-font-schriftlabor/
[2026-04-30T08:33:26Z] #7 attempt=1/2 status=200 0.835s url=https://www.myfonts.com/collections/modal-font-schriftlabor/?tab=techSpecs
[2026-04-30T08:33:27Z] #8 attempt=1/2 status=200 0.485s url=https://www.myfonts.com/products/khaos-complete-family-package-1143284
[2026-04-30T08:33:28Z] #9 attempt=1/2 status=200 1.137s url=https://www.myfonts.com/collections/khaos-font-fontbilisi/
[2026-04-30T08:33:30Z] #10 attempt=1/2 status=200 0.998s url=https://www.myfonts.com/collections/khaos-font-fontbilisi/?tab=techSpecs
[2026-04-30T08:33:31Z] #11 attempt=1/2 status=200 0.369s url=https://www.myfonts.com/products/hoptune-complete-family-package-1143304
[2026-04-30T08:33:32Z] #12 attempt=1/2 status=200 0.419s url=https://www.myfonts.com/collections/hoptune-font-ahweproject/
[2026-04-30T08:33:32Z] #13 attempt=1/2 status=200 0.461s url=https://www.myfonts.com/collections/hoptune-font-ahweproject/?tab=techSpecs
[2026-04-30T08:33:34Z] #14 attempt=1/2 status=200 0.597s url=https://www.myfonts.com/products/margit-office-package-1143309
[2026-04-30T08:33:35Z] #15 attempt=1/2 status=200 0.931s url=https://www.myfonts.com/collections/margit-font-schriftlabor/
[2026-04-30T08:33:36Z] #16 attempt=1/2 status=200 0.864s url=https://www.myfonts.com/collections/margit-font-schriftlabor/?tab=techSpecs
[2026-04-30T08:33:37Z] #17 attempt=1/2 status=200 0.435s url=https://www.myfonts.com/products/blackveilo-complete-family-package-1143313
[2026-04-30T08:33:38Z] #18 attempt=1/2 status=200 0.516s url=https://www.myfonts.com/collections/blackveilo-font-faristaputra/
[2026-04-30T08:33:39Z] #19 attempt=1/2 status=200 0.241s url=https://www.myfonts.com/collections/blackveilo-font-faristaputra/?tab=techSpecs
[2026-04-30T08:33:40Z] #20 attempt=1/2 status=200 0.585s url=https://www.myfonts.com/products/gallensis-office-package-1143298
[2026-04-30T08:33:42Z] #21 attempt=1/2 status=200 1.323s url=https://www.myfonts.com/collections/gallensis-font-schriftlabor/
[2026-04-30T08:33:43Z] #22 attempt=1/2 status=200 1.511s url=https://www.myfonts.com/collections/gallensis-font-schriftlabor/?tab=techSpecs
[2026-04-30T08:33:45Z] #23 attempt=1/2 status=200 0.358s url=https://www.myfonts.com/products/poppy-otter-complete-family-package-1143316
[2026-04-30T08:33:46Z] #24 attempt=1/2 status=200 0.461s url=https://www.myfonts.com/collections/poppy-otter-font-ottertype/
[2026-04-30T08:33:47Z] #25 attempt=1/2 status=200 0.457s url=https://www.myfonts.com/collections/poppy-otter-font-ottertype/?tab=techSpecs
[2026-04-30T08:33:48Z] #26 attempt=1/2 status=200 0.557s url=https://www.myfonts.com/products/jelink-complete-family-package-1143287
[2026-04-30T08:33:49Z] #27 attempt=1/2 status=200 0.448s url=https://www.myfonts.com/collections/jelink-font-afkari-studio/
[2026-04-30T08:33:49Z] #28 attempt=1/2 status=200 0.229s url=https://www.myfonts.com/collections/jelink-font-afkari-studio/?tab=techSpecs
[2026-04-30T08:33:50Z] #29 attempt=1/2 status=200 0.470s url=https://www.myfonts.com/products/grimmig-office-package-1143299
[2026-04-30T08:33:51Z] #30 attempt=1/2 status=200 0.618s url=https://www.myfonts.com/collections/grimmig-font-schriftlabor/
[2026-04-30T08:33:52Z] #31 attempt=1/2 status=200 0.815s url=https://www.myfonts.com/collections/grimmig-font-schriftlabor/?tab=techSpecs
[2026-04-30T08:33:54Z] #32 attempt=1/2 status=200 0.584s url=https://www.myfonts.com/products/barata-display-family-package-319922
[2026-04-30T08:33:55Z] #33 attempt=1/2 status=200 0.685s url=https://www.myfonts.com/collections/barata-display-font-estudio-arellano-type-foundry/
[2026-04-30T08:33:55Z] #34 attempt=1/2 status=200 0.479s url=https://www.myfonts.com/collections/barata-display-font-estudio-arellano-type-foundry/?tab=techSpecs
[2026-04-30T08:33:57Z] #35 attempt=1/2 status=200 0.451s url=https://www.myfonts.com/products/shadow-barata-display-319927
[2026-04-30T08:33:58Z] #36 attempt=1/2 status=200 0.603s url=https://www.myfonts.com/collections/barata-display-font-estudio-arellano-type-foundry/
[2026-04-30T08:33:58Z] #37 attempt=1/2 status=200 0.174s url=https://www.myfonts.com/collections/barata-display-font-estudio-arellano-type-foundry/?tab=techSpecs
[2026-04-30T08:33:59Z] #38 attempt=1/2 status=200 0.371s url=https://www.myfonts.com/products/regular-barata-display-319917
[2026-04-30T08:34:00Z] #39 attempt=1/2 status=200 0.247s url=https://www.myfonts.com/collections/barata-display-font-estudio-arellano-type-foundry/
[2026-04-30T08:34:00Z] #40 attempt=1/2 status=200 0.179s url=https://www.myfonts.com/collections/barata-display-font-estudio-arellano-type-foundry/?tab=techSpecs
[2026-04-30T08:34:01Z] #41 attempt=1/2 status=200 0.408s url=https://www.myfonts.com/products/sans-barata-display-319911
[2026-04-30T08:34:02Z] #42 attempt=1/2 status=200 0.212s url=https://www.myfonts.com/collections/barata-display-font-estudio-arellano-type-foundry/
[2026-04-30T08:34:02Z] #43 attempt=1/2 status=200 0.198s url=https://www.myfonts.com/collections/barata-display-font-estudio-arellano-type-foundry/?tab=techSpecs
[2026-04-30T08:34:03Z] #44 attempt=1/2 status=200 0.451s url=https://www.myfonts.com/products/mistur-sleuth-complete-family-package-976891
[2026-04-30T08:34:04Z] #45 attempt=1/2 status=200 0.464s url=https://www.myfonts.com/collections/mistur-sleuth-font-timelesstype-studio/
[2026-04-30T08:34:05Z] #46 attempt=1/2 status=200 0.693s url=https://www.myfonts.com/collections/mistur-sleuth-font-timelesstype-studio/?tab=techSpecs
[2026-04-30T08:34:07Z] #47 attempt=1/2 status=200 0.569s url=https://www.myfonts.com/products/palatino-linotype-complete-family-package-1143547
[2026-04-30T08:34:07Z] #48 attempt=1/2 status=200 0.680s url=https://www.myfonts.com/collections/palatino-linotype-font-zapf-alphabets/
[2026-04-30T08:34:08Z] #49 attempt=1/2 status=200 0.419s url=https://www.myfonts.com/collections/palatino-linotype-font-zapf-alphabets/?tab=techSpecs
[2026-04-30T08:34:10Z] #50 attempt=1/2 status=200 0.596s url=https://www.myfonts.com/products/gramatika-complete-family-package-1143529
[2026-04-30T08:34:11Z] #51 attempt=1/2 status=200 1.411s url=https://www.myfonts.com/collections/gramatika-font-tokotype/
[2026-04-30T08:34:13Z] #52 attempt=1/2 status=200 1.463s url=https://www.myfonts.com/collections/gramatika-font-tokotype/?tab=techSpecs
[2026-04-30T08:34:15Z] #53 attempt=1/2 status=200 1.078s url=https://www.myfonts.com/products/treasure-font-bundle-package-999247
[2026-04-30T08:34:16Z] #54 attempt=1/2 status=404 0.373s url=https://www.myfonts.com/collections/treasure-font-bundle-font-viaction-typeco
[2026-04-30T08:34:17Z] #55 attempt=1/2 status=200 1.356s url=https://www.myfonts.com/products/modern-calligraphy-font-bundle-package-727245
[2026-04-30T08:34:18Z] #56 attempt=1/2 status=404 0.252s url=https://www.myfonts.com/collections/modern-calligraphy-font-bundle-font-slex-studio
[2026-04-30T08:34:18Z] #57 attempt=1/2 status=200 0.419s url=https://www.myfonts.com/products/delsya-script-complete-family-package-1143245
[2026-04-30T08:34:19Z] #58 attempt=1/2 status=200 0.519s url=https://www.myfonts.com/collections/delsya-script-font-tini-fitriani/
[2026-04-30T08:34:20Z] #59 attempt=1/2 status=200 0.454s url=https://www.myfonts.com/collections/delsya-script-font-tini-fitriani/?tab=techSpecs
[2026-04-30T08:34:21Z] #60 attempt=1/2 status=200 0.423s url=https://www.myfonts.com/products/desire-press-complete-family-package-1142808
[2026-04-30T08:34:22Z] #61 attempt=1/2 status=200 0.585s url=https://www.myfonts.com/collections/desire-press-font-sloulyfe-studio/
[2026-04-30T08:34:22Z] #62 attempt=1/2 status=200 0.197s url=https://www.myfonts.com/collections/desire-press-font-sloulyfe-studio/?tab=techSpecs
[2026-04-30T08:34:24Z] #63 attempt=1/2 status=200 0.410s url=https://www.myfonts.com/products/sparon-complete-family-package-1142878
[2026-04-30T08:34:24Z] #64 attempt=1/2 status=200 0.515s url=https://www.myfonts.com/collections/sparon-font-artisan-themes/
[2026-04-30T08:34:25Z] #65 attempt=1/2 status=200 0.664s url=https://www.myfonts.com/collections/sparon-font-artisan-themes/?tab=techSpecs
[2026-04-30T08:34:27Z] #66 attempt=1/2 status=200 0.402s url=https://www.myfonts.com/products/neogrid-complete-family-package-1143269
[2026-04-30T08:34:27Z] #67 attempt=1/2 status=200 0.483s url=https://www.myfonts.com/collections/neogrid-font-din-studio/
[2026-04-30T08:34:28Z] #68 attempt=1/2 status=200 0.578s url=https://www.myfonts.com/collections/neogrid-font-din-studio/?tab=techSpecs
[2026-04-30T08:34:30Z] #69 attempt=1/2 status=200 0.452s url=https://www.myfonts.com/products/nateen-display-complete-family-package-1142863
[2026-04-30T08:34:30Z] #70 attempt=1/2 status=200 0.678s url=https://www.myfonts.com/collections/nateen-display-font-ijemrockart/
[2026-04-30T08:34:31Z] #71 attempt=1/2 status=200 0.197s url=https://www.myfonts.com/collections/nateen-display-font-ijemrockart/?tab=techSpecs
[2026-04-30T08:34:32Z] #72 attempt=1/2 status=200 0.641s url=https://www.myfonts.com/products/ratch-complete-family-package-1142945
[2026-04-30T08:34:33Z] #73 attempt=1/2 status=200 0.535s url=https://www.myfonts.com/collections/ratch-font-roman-melikhov/
[2026-04-30T08:34:34Z] #74 attempt=1/2 status=200 0.859s url=https://www.myfonts.com/collections/ratch-font-roman-melikhov/?tab=techSpecs
[2026-04-30T08:34:36Z] #75 attempt=1/2 status=200 0.480s url=https://www.myfonts.com/products/delorian-display-complete-family-package-1143254
[2026-04-30T08:34:36Z] #76 attempt=1/2 status=200 0.486s url=https://www.myfonts.com/collections/delorian-display-font-tebaltipis-studio/
[2026-04-30T08:34:37Z] #77 attempt=1/2 status=200 0.533s url=https://www.myfonts.com/collections/delorian-display-font-tebaltipis-studio/?tab=techSpecs
[2026-04-30T08:34:38Z] #78 attempt=1/2 status=200 0.369s url=https://www.myfonts.com/products/bulldach-lettra-complete-family-package-1142866
[2026-04-30T08:34:39Z] #79 attempt=1/2 status=200 0.469s url=https://www.myfonts.com/collections/bulldach-lettra-font-jolicia-type/
[2026-04-30T08:34:40Z] #80 attempt=1/2 status=200 0.596s url=https://www.myfonts.com/collections/bulldach-lettra-font-jolicia-type/?tab=techSpecs
[2026-04-30T08:34:42Z] #81 attempt=1/2 status=200 1.440s url=https://www.myfonts.com/products/galnery-complete-family-package-1142983
[2026-04-30T08:34:45Z] #82 attempt=1/2 status=200 2.265s url=https://www.myfonts.com/collections/galnery-font-suza-studio/
[2026-04-30T08:34:46Z] #83 attempt=1/2 status=200 0.414s url=https://www.myfonts.com/collections/galnery-font-suza-studio/?tab=techSpecs
[2026-04-30T08:34:47Z] #84 attempt=1/2 status=200 0.453s url=https://www.myfonts.com/products/funky-culture-complete-family-package-1143239
[2026-04-30T08:34:48Z] #85 attempt=1/2 status=200 0.684s url=https://www.myfonts.com/collections/funky-culture-font-sipanji21/
[2026-04-30T08:34:49Z] #86 attempt=1/2 status=200 0.615s url=https://www.myfonts.com/collections/funky-culture-font-sipanji21/?tab=techSpecs
[2026-04-30T08:34:51Z] #87 attempt=1/2 status=200 0.451s url=https://www.myfonts.com/products/monino-pro-complete-family-package-1142975
[2026-04-30T08:34:51Z] #88 attempt=1/2 status=200 0.467s url=https://www.myfonts.com/collections/monino-pro-font-thinkdust/
[2026-04-30T08:34:52Z] #89 attempt=1/2 status=200 0.205s url=https://www.myfonts.com/collections/monino-pro-font-thinkdust/?tab=techSpecs
[2026-04-30T08:34:53Z] #90 attempt=1/2 status=200 0.322s url=https://www.myfonts.com/products/blonkra-complete-family-package-1142903
[2026-04-30T08:34:54Z] #91 attempt=1/2 status=200 0.660s url=https://www.myfonts.com/collections/blonkra-font-muksal-creatives/
[2026-04-30T08:34:55Z] #92 attempt=1/2 status=200 0.500s url=https://www.myfonts.com/collections/blonkra-font-muksal-creatives/?tab=techSpecs
[2026-04-30T08:34:56Z] #93 attempt=1/2 status=200 0.564s url=https://www.myfonts.com/products/highmade-esportas-complete-family-package-1142708
[2026-04-30T08:34:57Z] #94 attempt=1/2 status=200 0.916s url=https://www.myfonts.com/collections/highmade-esportas-font-multype-studio/
[2026-04-30T08:34:58Z] #95 attempt=1/2 status=200 0.580s url=https://www.myfonts.com/collections/highmade-esportas-font-multype-studio/?tab=techSpecs
[2026-04-30T08:34:59Z] #96 attempt=1/2 status=200 0.378s url=https://www.myfonts.com/products/maileya-vintage-complete-family-package-1143242
[2026-04-30T08:35:00Z] #97 attempt=1/2 status=200 0.596s url=https://www.myfonts.com/collections/maileya-vintage-font-tini-fitriani/
[2026-04-30T08:35:01Z] #98 attempt=1/2 status=200 0.608s url=https://www.myfonts.com/collections/maileya-vintage-font-tini-fitriani/?tab=techSpecs
[2026-04-30T08:35:02Z] #99 attempt=1/2 status=200 0.548s url=https://www.myfonts.com/products/rifton-staycation-complete-family-package-1142955
[2026-04-30T08:35:03Z] #100 attempt=1/2 status=200 0.738s url=https://www.myfonts.com/collections/rifton-staycation-font-haksen/
[2026-04-30T08:35:04Z] #101 attempt=1/2 status=200 0.301s url=https://www.myfonts.com/collections/rifton-staycation-font-haksen/?tab=techSpecs
[2026-04-30T08:35:06Z] #102 attempt=1/2 status=200 0.666s url=https://www.myfonts.com/products/agta-complete-family-package-1142811
[2026-04-30T08:35:07Z] #103 attempt=1/2 status=200 0.560s url=https://www.myfonts.com/collections/agta-font-artiveko/
[2026-04-30T08:35:07Z] #104 attempt=1/2 status=200 0.199s url=https://www.myfonts.com/collections/agta-font-artiveko/?tab=techSpecs
[2026-04-30T08:35:09Z] #105 attempt=1/2 status=200 0.457s url=https://www.myfonts.com/products/granix-complete-family-package-1143261
[2026-04-30T08:35:09Z] #106 attempt=1/2 status=200 0.613s url=https://www.myfonts.com/collections/granix-font-artisan-themes/
[2026-04-30T08:35:10Z] #107 attempt=1/2 status=200 0.185s url=https://www.myfonts.com/collections/granix-font-artisan-themes/?tab=techSpecs
[2026-04-30T08:35:11Z] #108 attempt=1/2 status=200 0.619s url=https://www.myfonts.com/products/sweet-daisy-complete-family-package-1142898
[2026-04-30T08:35:12Z] #109 attempt=1/2 status=200 0.701s url=https://www.myfonts.com/collections/sweet-daisy-font-cocodesign/
[2026-04-30T08:35:13Z] #110 attempt=1/2 status=200 0.190s url=https://www.myfonts.com/collections/sweet-daisy-font-cocodesign/?tab=techSpecs
[2026-04-30T08:35:14Z] #111 attempt=1/2 status=200 0.813s url=https://www.myfonts.com/products/regular-style-package-1142796
[2026-04-30T08:35:16Z] #112 attempt=1/2 status=200 1.196s url=https://www.myfonts.com/collections/galdertine-charetam-semi-serif-font-logic-type/
[2026-04-30T08:35:16Z] #113 attempt=1/2 status=200 0.277s url=https://www.myfonts.com/collections/galdertine-charetam-semi-serif-font-logic-type/?tab=techSpecs
[2026-04-30T08:35:18Z] #114 attempt=1/2 status=200 0.498s url=https://www.myfonts.com/products/cranch-complete-family-package-1142847
[2026-04-30T08:35:19Z] #115 attempt=1/2 status=200 0.616s url=https://www.myfonts.com/collections/cranch-font-roman-melikhov/
[2026-04-30T08:35:19Z] #116 attempt=1/2 status=200 0.258s url=https://www.myfonts.com/collections/cranch-font-roman-melikhov/?tab=techSpecs
[2026-04-30T08:35:21Z] #117 attempt=1/2 status=200 0.571s url=https://www.myfonts.com/products/lev-type-repyakh-complete-family-package-1142916
[2026-04-30T08:35:21Z] #118 attempt=1/2 status=200 0.734s url=https://www.myfonts.com/collections/lev-type-repyakh-font-lev-type/
[2026-04-30T08:35:23Z] #119 attempt=1/2 status=200 0.841s url=https://www.myfonts.com/collections/lev-type-repyakh-font-lev-type/?tab=techSpecs
[2026-04-30T08:35:24Z] #120 attempt=1/2 status=200 0.507s url=https://www.myfonts.com/products/fusiform-complete-family-package-1142923
[2026-04-30T08:35:25Z] #121 attempt=1/2 status=200 0.896s url=https://www.myfonts.com/collections/fusiform-font-hanken-design-co/
[2026-04-30T08:35:26Z] #122 attempt=1/2 status=200 0.821s url=https://www.myfonts.com/collections/fusiform-font-hanken-design-co/?tab=techSpecs
[2026-04-30T08:35:28Z] #123 attempt=1/2 status=200 0.741s url=https://www.myfonts.com/products/expanded-family-package-1142703
[2026-04-30T08:35:29Z] #124 attempt=1/2 status=200 1.354s url=https://www.myfonts.com/collections/sinar-grotesk-font-tokotype/
[2026-04-30T08:35:31Z] #125 attempt=1/2 status=200 1.509s url=https://www.myfonts.com/collections/sinar-grotesk-font-tokotype/?tab=techSpecs
[2026-04-30T08:35:33Z] #126 attempt=1/2 status=200 0.347s url=https://www.myfonts.com/products/andale-mono-complete-family-pack-package-548330
[2026-04-30T08:35:33Z] #127 attempt=1/2 status=200 0.553s url=https://www.myfonts.com/collections/andale-mono-font-monotype-imaging/
[2026-04-30T08:35:34Z] #128 attempt=1/2 status=200 0.555s url=https://www.myfonts.com/collections/andale-mono-font-monotype-imaging/?tab=techSpecs
[2026-04-30T08:35:35Z] #129 attempt=1/2 status=200 0.221s url=https://www.myfonts.com/collections/andale-mono-font-monotype-imaging/
[2026-04-30T08:35:36Z] #130 attempt=1/2 status=200 0.526s url=https://www.myfonts.com/products/coastaline-balibo-complete-family-package-1142980
[2026-04-30T08:35:37Z] #131 attempt=1/2 status=200 0.824s url=https://www.myfonts.com/collections/coastaline-balibo-font-monolimes/
[2026-04-30T08:35:38Z] #132 attempt=1/2 status=200 0.209s url=https://www.myfonts.com/collections/coastaline-balibo-font-monolimes/?tab=techSpecs
[2026-04-30T08:35:39Z] #133 attempt=1/2 status=200 0.363s url=https://www.myfonts.com/products/the-heistha-editorial-font-duo-complete-family-package-1142912
[2026-04-30T08:35:40Z] #134 attempt=1/2 status=200 0.598s url=https://www.myfonts.com/collections/the-heistha-editorial-font-duo-font-sigit-nurcholis/
[2026-04-30T08:35:40Z] #135 attempt=1/2 status=200 0.213s url=https://www.myfonts.com/collections/the-heistha-editorial-font-duo-font-sigit-nurcholis/?tab=techSpecs
[2026-04-30T08:35:42Z] #136 attempt=1/2 status=200 1.019s url=https://www.myfonts.com/products/expanded-package-1142890
[2026-04-30T08:35:44Z] #137 attempt=1/2 status=200 2.125s url=https://www.myfonts.com/collections/natharie-font-nia-typework/
[2026-04-30T08:35:45Z] #138 attempt=1/2 status=200 0.306s url=https://www.myfonts.com/collections/natharie-font-nia-typework/?tab=techSpecs
[2026-04-30T08:35:46Z] #139 attempt=1/2 status=200 0.456s url=https://www.myfonts.com/products/zenfix-complete-family-package-1143264
[2026-04-30T08:35:47Z] #140 attempt=1/2 status=200 0.503s url=https://www.myfonts.com/collections/zenfix-font-artisan-themes/
[2026-04-30T08:35:48Z] #141 attempt=1/2 status=200 0.244s url=https://www.myfonts.com/collections/zenfix-font-artisan-themes/?tab=techSpecs
[2026-04-30T08:35:49Z] #142 attempt=1/2 status=200 0.599s url=https://www.myfonts.com/products/avathor-type-complete-family-package-1142964
[2026-04-30T08:35:50Z] #143 attempt=1/2 status=200 0.759s url=https://www.myfonts.com/collections/avathor-type-font-canden-meutuah/
[2026-04-30T08:35:51Z] #144 attempt=1/2 status=200 0.191s url=https://www.myfonts.com/collections/avathor-type-font-canden-meutuah/?tab=techSpecs
[2026-04-30T08:35:52Z] #145 attempt=1/2 status=200 0.613s url=https://www.myfonts.com/products/goldray-club-complete-family-package-1142875
[2026-04-30T08:35:53Z] #146 attempt=1/2 status=200 0.642s url=https://www.myfonts.com/collections/goldray-club-font-letterhend/
[2026-04-30T08:35:54Z] #147 attempt=1/2 status=200 0.457s url=https://www.myfonts.com/collections/goldray-club-font-letterhend/?tab=techSpecs
[2026-04-30T08:35:55Z] #148 attempt=1/2 status=200 0.397s url=https://www.myfonts.com/products/brendast-grande-complete-family-package-1142698
[2026-04-30T08:35:56Z] #149 attempt=1/2 status=200 0.723s url=https://www.myfonts.com/collections/brendast-grande-font-suza-studio/
[2026-04-30T08:35:57Z] #150 attempt=1/2 status=200 0.505s url=https://www.myfonts.com/collections/brendast-grande-font-suza-studio/?tab=techSpecs
[2026-04-30T08:35:59Z] #151 attempt=1/2 status=200 1.095s url=https://www.myfonts.com/products/bajazzo-complete-family-package-1142911
[2026-04-30T08:36:00Z] #152 attempt=1/2 status=200 1.485s url=https://www.myfonts.com/collections/bajazzo-font-schriftlabor/
[2026-04-30T08:36:03Z] #153 attempt=1/2 status=200 1.840s url=https://www.myfonts.com/collections/bajazzo-font-schriftlabor/?tab=techSpecs
[2026-04-30T08:36:04Z] #154 attempt=1/2 status=200 0.753s url=https://www.myfonts.com/products/klopfzeichen-complete-family-package-1142914
[2026-04-30T08:36:05Z] #155 attempt=1/2 status=200 0.630s url=https://www.myfonts.com/collections/klopfzeichen-font-mysterian/
[2026-04-30T08:36:06Z] #156 attempt=1/2 status=200 0.201s url=https://www.myfonts.com/collections/klopfzeichen-font-mysterian/?tab=techSpecs
[2026-04-30T08:36:07Z] #157 attempt=1/2 status=200 0.439s url=https://www.myfonts.com/products/tallmark-complete-family-package-1143248
[2026-04-30T08:36:08Z] #158 attempt=1/2 status=200 0.541s url=https://www.myfonts.com/collections/tallmark-font-nathatype/
[2026-04-30T08:36:08Z] #159 attempt=1/2 status=200 0.572s url=https://www.myfonts.com/collections/tallmark-font-nathatype/?tab=techSpecs
[2026-04-30T08:36:10Z] #160 attempt=1/2 status=200 0.416s url=https://www.myfonts.com/products/ahkara-complete-family-package-1142800
[2026-04-30T08:36:10Z] #161 attempt=1/2 status=200 0.496s url=https://www.myfonts.com/collections/ahkara-font-agung-sudirman/
[2026-04-30T08:36:11Z] #162 attempt=1/2 status=200 0.557s url=https://www.myfonts.com/collections/ahkara-font-agung-sudirman/?tab=techSpecs
[2026-04-30T08:36:13Z] #163 attempt=1/2 status=200 0.597s url=https://www.myfonts.com/products/mello-serif-complete-family-package-1142817
[2026-04-30T08:36:14Z] #164 attempt=1/2 status=200 0.847s url=https://www.myfonts.com/collections/mello-serif-font-laroyba-type/
[2026-04-30T08:36:15Z] #165 attempt=1/2 status=200 0.842s url=https://www.myfonts.com/collections/mello-serif-font-laroyba-type/?tab=techSpecs
[2026-04-30T08:36:16Z] #166 attempt=1/2 status=200 0.531s url=https://www.myfonts.com/products/play-sticz-complete-family-package-1142893
[2026-04-30T08:36:17Z] #167 attempt=1/2 status=200 0.456s url=https://www.myfonts.com/collections/play-sticz-font-pandeka-studio/
[2026-04-30T08:36:18Z] #168 attempt=1/2 status=200 0.515s url=https://www.myfonts.com/collections/play-sticz-font-pandeka-studio/?tab=techSpecs
[2026-04-30T08:36:20Z] #169 attempt=1/2 status=200 0.943s url=https://www.myfonts.com/products/stagger-complete-family-package-1142997
[2026-04-30T08:36:22Z] #170 attempt=1/2 status=200 1.941s url=https://www.myfonts.com/collections/stagger-font-nia-typework/
[2026-04-30T08:36:24Z] #171 attempt=1/2 status=200 1.542s url=https://www.myfonts.com/collections/stagger-font-nia-typework/?tab=techSpecs
[2026-04-30T08:36:26Z] #172 attempt=1/2 status=200 1.366s url=https://www.myfonts.com/products/eckhart-complete-family-package-1142695
[2026-04-30T08:36:28Z] #173 attempt=1/2 status=200 1.486s url=https://www.myfonts.com/collections/eckhart-font-rohh/
[2026-04-30T08:36:30Z] #174 attempt=1/2 status=200 1.481s url=https://www.myfonts.com/collections/eckhart-font-rohh/?tab=techSpecs
[2026-04-30T08:36:31Z] #175 attempt=1/2 status=200 0.470s url=https://www.myfonts.com/products/s-thin-goorkit-1140055
[2026-04-30T08:36:32Z] #176 attempt=1/2 status=200 0.849s url=https://www.myfonts.com/collections/goorkit-font-vlad-b/
[2026-04-30T08:36:34Z] #177 attempt=1/2 status=200 1.216s url=https://www.myfonts.com/collections/goorkit-font-vlad-b/?tab=techSpecs
[2026-04-30T08:36:36Z] #178 attempt=1/6 status=200 0.873s url=https://www.myfonts.com/products.json?limit=100&page=2
[2026-04-30T08:36:37Z] #179 attempt=1/2 status=200 0.396s url=https://www.myfonts.com/products/semi-bold-furonto-1141187
[2026-04-30T08:36:38Z] #180 attempt=1/2 status=200 0.896s url=https://www.myfonts.com/collections/furonto-font-simpletype-studios/
[2026-04-30T08:36:38Z] #181 attempt=1/2 status=200 0.219s url=https://www.myfonts.com/collections/furonto-font-simpletype-studios/?tab=techSpecs
[2026-04-30T08:36:39Z] #182 attempt=1/2 status=200 0.365s url=https://www.myfonts.com/products/regular-cleamylo-1142897
[2026-04-30T08:36:40Z] #183 attempt=1/2 status=200 0.413s url=https://www.myfonts.com/collections/cleamylo-font-brandearth/
[2026-04-30T08:36:41Z] #184 attempt=1/2 status=200 0.414s url=https://www.myfonts.com/collections/cleamylo-font-brandearth/?tab=techSpecs
[2026-04-30T08:36:42Z] #185 attempt=1/2 status=200 0.357s url=https://www.myfonts.com/products/regular-better-gold-brush-1142874
[2026-04-30T08:36:42Z] #186 attempt=1/2 status=200 0.433s url=https://www.myfonts.com/collections/better-gold-brush-font-tebaltipis-studio/
[2026-04-30T08:36:43Z] #187 attempt=1/2 status=200 0.225s url=https://www.myfonts.com/collections/better-gold-brush-font-tebaltipis-studio/?tab=techSpecs
[2026-04-30T08:36:44Z] #188 attempt=1/2 status=200 0.483s url=https://www.myfonts.com/products/regular-boos-spod-1142858
[2026-04-30T08:36:44Z] #189 attempt=1/2 status=200 0.391s url=https://www.myfonts.com/collections/boos-spod-font-bayuktx/
[2026-04-30T08:36:45Z] #190 attempt=1/2 status=200 0.175s url=https://www.myfonts.com/collections/boos-spod-font-bayuktx/?tab=techSpecs
[2026-04-30T08:36:46Z] #191 attempt=1/2 status=200 0.418s url=https://www.myfonts.com/products/regular-collen-1142959
[2026-04-30T08:36:46Z] #192 attempt=1/2 status=200 0.328s url=https://www.myfonts.com/collections/collen-font-only-fonts/
[2026-04-30T08:36:47Z] #193 attempt=1/2 status=200 0.207s url=https://www.myfonts.com/collections/collen-font-only-fonts/?tab=techSpecs
[2026-04-30T08:36:48Z] #194 attempt=1/2 status=200 0.433s url=https://www.myfonts.com/products/regular-3x5-1142706
[2026-04-30T08:36:48Z] #195 attempt=1/2 status=200 0.390s url=https://www.myfonts.com/collections/3x5-font-k-type/
[2026-04-30T08:36:49Z] #196 attempt=1/2 status=200 0.419s url=https://www.myfonts.com/collections/3x5-font-k-type/?tab=techSpecs
[2026-04-30T08:36:50Z] #197 attempt=1/2 status=200 0.375s url=https://www.myfonts.com/products/regular-cregmils-1142961
[2026-04-30T08:36:51Z] #198 attempt=1/2 status=200 0.387s url=https://www.myfonts.com/collections/cregmils-font-only-fonts/
[2026-04-30T08:36:51Z] #199 attempt=1/2 status=200 0.187s url=https://www.myfonts.com/collections/cregmils-font-only-fonts/?tab=techSpecs
[2026-04-30T08:36:52Z] #200 attempt=1/2 status=200 0.350s url=https://www.myfonts.com/products/regular-ronamuda-1143251
[2026-04-30T08:36:53Z] #201 attempt=1/2 status=200 0.429s url=https://www.myfonts.com/collections/ronamuda-font-jetsmax-studio/
[2026-04-30T08:36:53Z] #202 attempt=1/2 status=200 0.203s url=https://www.myfonts.com/collections/ronamuda-font-jetsmax-studio/?tab=techSpecs
[2026-04-30T08:36:54Z] #203 attempt=1/2 status=200 0.362s url=https://www.myfonts.com/products/ludane-regular-ludane-condensed-1141212
[2026-04-30T08:36:55Z] #204 attempt=1/2 status=200 0.836s url=https://www.myfonts.com/collections/ludane-condensed-font-fernande/
[2026-04-30T08:36:56Z] #205 attempt=1/2 status=200 0.580s url=https://www.myfonts.com/collections/ludane-condensed-font-fernande/?tab=techSpecs
[2026-04-30T08:36:57Z] #206 attempt=1/2 status=200 0.357s url=https://www.myfonts.com/products/regular-glistare-brush-1142873
[2026-04-30T08:36:58Z] #207 attempt=1/2 status=200 0.380s url=https://www.myfonts.com/collections/glistare-brush-font-tebaltipis-studio/
[2026-04-30T08:36:58Z] #208 attempt=1/2 status=200 0.346s url=https://www.myfonts.com/collections/glistare-brush-font-tebaltipis-studio/?tab=techSpecs
[2026-04-30T08:37:00Z] #209 attempt=1/6 status=200 0.906s url=https://www.myfonts.com/products.json?limit=100&page=3
[2026-04-30T08:37:01Z] #210 attempt=1/2 status=200 0.561s url=https://www.myfonts.com/products/regular-horsy-moon-1142859
[2026-04-30T08:37:02Z] #211 attempt=1/2 status=200 0.409s url=https://www.myfonts.com/collections/horsy-moon-font-bayuktx/
[2026-04-30T08:37:02Z] #212 attempt=1/2 status=200 0.206s url=https://www.myfonts.com/collections/horsy-moon-font-bayuktx/?tab=techSpecs
[2026-04-30T08:37:03Z] #213 attempt=1/2 status=200 0.374s url=https://www.myfonts.com/products/regular-rivella-1142960
[2026-04-30T08:37:04Z] #214 attempt=1/2 status=200 0.495s url=https://www.myfonts.com/collections/rivella-font-only-fonts/
[2026-04-30T08:37:04Z] #215 attempt=1/2 status=200 0.535s url=https://www.myfonts.com/collections/rivella-font-only-fonts/?tab=techSpecs
[2026-04-30T08:37:06Z] #216 attempt=1/2 status=200 0.612s url=https://www.myfonts.com/products/regular-hetalhya-scriptly-1142860
[2026-04-30T08:37:06Z] #217 attempt=1/2 status=200 0.486s url=https://www.myfonts.com/collections/hetalhya-scriptly-font-bayuktx/
[2026-04-30T08:37:07Z] #218 attempt=1/2 status=200 0.216s url=https://www.myfonts.com/collections/hetalhya-scriptly-font-bayuktx/?tab=techSpecs
[2026-04-30T08:37:08Z] #219 attempt=1/2 status=200 0.548s url=https://www.myfonts.com/products/regular-black-graffiti-1142803
[2026-04-30T08:37:09Z] #220 attempt=1/2 status=200 0.395s url=https://www.myfonts.com/collections/black-graffiti-font-yoga-letter/
[2026-04-30T08:37:09Z] #221 attempt=1/2 status=200 0.225s url=https://www.myfonts.com/collections/black-graffiti-font-yoga-letter/?tab=techSpecs
[2026-04-30T08:37:10Z] #222 attempt=1/2 status=200 0.473s url=https://www.myfonts.com/products/regular-sevenity-1142892
[2026-04-30T08:37:11Z] #223 attempt=1/2 status=200 0.313s url=https://www.myfonts.com/collections/sevenity-font-din-studio/
[2026-04-30T08:37:11Z] #224 attempt=1/2 status=200 0.307s url=https://www.myfonts.com/collections/sevenity-font-din-studio/?tab=techSpecs
[2026-04-30T08:37:12Z] #225 attempt=1/2 status=200 0.472s url=https://www.myfonts.com/products/regular-dextive-display-1142862
[2026-04-30T08:37:13Z] #226 attempt=1/2 status=200 0.319s url=https://www.myfonts.com/collections/dextive-display-font-ijemrockart/
[2026-04-30T08:37:13Z] #227 attempt=1/2 status=200 0.358s url=https://www.myfonts.com/collections/dextive-display-font-ijemrockart/?tab=techSpecs
[2026-04-30T08:37:14Z] #228 attempt=1/2 status=200 0.347s url=https://www.myfonts.com/products/thrilas-morsil-regular-mc-thrilas-morsil-1142871
[2026-04-30T08:37:15Z] #229 attempt=1/2 status=200 0.332s url=https://www.myfonts.com/collections/mc-thrilas-morsil-font-maulana-creative/
[2026-04-30T08:37:16Z] #230 attempt=1/2 status=200 0.521s url=https://www.myfonts.com/collections/mc-thrilas-morsil-font-maulana-creative/?tab=techSpecs
[2026-04-30T08:37:17Z] #231 attempt=1/6 status=200 0.862s url=https://www.myfonts.com/products.json?limit=100&page=4
[2026-04-30T08:37:18Z] #232 attempt=1/2 status=200 0.359s url=https://www.myfonts.com/products/regular-chimo-kids-1142806
[2026-04-30T08:37:18Z] #233 attempt=1/2 status=200 0.284s url=https://www.myfonts.com/collections/chimo-kids-font-sipanji21/
[2026-04-30T08:37:19Z] #234 attempt=1/2 status=200 0.462s url=https://www.myfonts.com/collections/chimo-kids-font-sipanji21/?tab=techSpecs
[2026-04-30T08:37:20Z] #235 attempt=1/2 status=200 0.318s url=https://www.myfonts.com/products/regular-gastovali-signature-brush-1143258
[2026-04-30T08:37:21Z] #236 attempt=1/2 status=200 0.376s url=https://www.myfonts.com/collections/gastovali-signature-brush-font-tebaltipis-studio/
[2026-04-30T08:37:21Z] #237 attempt=1/2 status=200 0.323s url=https://www.myfonts.com/collections/gastovali-signature-brush-font-tebaltipis-studio/?tab=techSpecs
[2026-04-30T08:37:22Z] #238 attempt=1/2 status=200 0.412s url=https://www.myfonts.com/products/italic-ludane-1141225
[2026-04-30T08:37:23Z] #239 attempt=1/2 status=200 0.462s url=https://www.myfonts.com/collections/ludane-font-fernande/
[2026-04-30T08:37:23Z] #240 attempt=1/2 status=200 0.479s url=https://www.myfonts.com/collections/ludane-font-fernande/?tab=techSpecs
[2026-04-30T08:37:26Z] #241 attempt=1/2 status=200 0.373s url=https://www.myfonts.com/products/regular-rembara-1142910
[2026-04-30T08:37:26Z] #242 attempt=1/2 status=200 0.368s url=https://www.myfonts.com/collections/rembara-font-vadova-std/
[2026-04-30T08:37:27Z] #243 attempt=1/2 status=200 0.340s url=https://www.myfonts.com/collections/rembara-font-vadova-std/?tab=techSpecs
[2026-04-30T08:37:28Z] #244 attempt=1/2 status=200 0.384s url=https://www.myfonts.com/products/regular-thorne-1142861
[2026-04-30T08:37:28Z] #245 attempt=1/2 status=200 0.443s url=https://www.myfonts.com/collections/thorne-font-imoodev/
[2026-04-30T08:37:29Z] #246 attempt=1/2 status=200 0.396s url=https://www.myfonts.com/collections/thorne-font-imoodev/?tab=techSpecs
[2026-04-30T08:37:30Z] #247 attempt=1/2 status=200 0.332s url=https://www.myfonts.com/products/regular-summer-rovera-1142816
[2026-04-30T08:37:30Z] #248 attempt=1/2 status=200 0.384s url=https://www.myfonts.com/collections/summer-rovera-font-yoga-letter/
[2026-04-30T08:37:31Z] #249 attempt=1/2 status=200 0.460s url=https://www.myfonts.com/collections/summer-rovera-font-yoga-letter/?tab=techSpecs
[2026-04-30T08:37:32Z] #250 attempt=1/2 status=200 0.358s url=https://www.myfonts.com/products/regular-canefo-1143274
[2026-04-30T08:37:33Z] #251 attempt=1/2 status=200 0.449s url=https://www.myfonts.com/collections/canefo-font-brandearth/
[2026-04-30T08:37:33Z] #252 attempt=1/2 status=200 0.385s url=https://www.myfonts.com/collections/canefo-font-brandearth/?tab=techSpecs
[2026-04-30T08:37:34Z] #253 attempt=1/2 status=200 0.463s url=https://www.myfonts.com/products/regular-rilletone-brush-1143257
[2026-04-30T08:37:35Z] #254 attempt=1/2 status=200 0.405s url=https://www.myfonts.com/collections/rilletone-brush-font-tebaltipis-studio/
[2026-04-30T08:37:36Z] #255 attempt=1/2 status=200 0.447s url=https://www.myfonts.com/collections/rilletone-brush-font-tebaltipis-studio/?tab=techSpecs
[2026-04-30T08:37:37Z] #256 attempt=1/6 status=200 0.765s url=https://www.myfonts.com/products.json?limit=100&page=5
[2026-04-30T08:37:38Z] #257 attempt=1/2 status=200 0.378s url=https://www.myfonts.com/products/regular-jubela-1143275
[2026-04-30T08:37:38Z] #258 attempt=1/2 status=200 0.403s url=https://www.myfonts.com/collections/jubela-font-brandearth/
[2026-04-30T08:37:39Z] #259 attempt=1/2 status=200 0.488s url=https://www.myfonts.com/collections/jubela-font-brandearth/?tab=techSpecs
[2026-04-30T08:37:40Z] #260 attempt=1/2 status=200 0.462s url=https://www.myfonts.com/products/rayed-regular-rayed-1142962
[2026-04-30T08:37:41Z] #261 attempt=1/2 status=200 0.530s url=https://www.myfonts.com/collections/rayed-font-marvadesign/
[2026-04-30T08:37:41Z] #262 attempt=1/2 status=200 0.212s url=https://www.myfonts.com/collections/rayed-font-marvadesign/?tab=techSpecs
[2026-04-30T08:37:42Z] #263 attempt=1/2 status=200 0.417s url=https://www.myfonts.com/products/regular-glojean-1142908
[2026-04-30T08:37:43Z] #264 attempt=1/2 status=200 0.459s url=https://www.myfonts.com/collections/glojean-font-vadova-std/
[2026-04-30T08:37:44Z] #265 attempt=1/2 status=200 0.358s url=https://www.myfonts.com/collections/glojean-font-vadova-std/?tab=techSpecs
[2026-04-30T08:37:45Z] #266 attempt=1/2 status=200 0.427s url=https://www.myfonts.com/products/regular-biteyums-1142896
[2026-04-30T08:37:45Z] #267 attempt=1/2 status=200 0.569s url=https://www.myfonts.com/collections/biteyums-font-brandearth/
[2026-04-30T08:37:46Z] #268 attempt=1/2 status=200 0.227s url=https://www.myfonts.com/collections/biteyums-font-brandearth/?tab=techSpecs
[2026-04-30T08:37:47Z] #269 attempt=1/2 status=200 0.331s url=https://www.myfonts.com/products/regular-mommy-emylina-1142954
[2026-04-30T08:37:47Z] #270 attempt=1/2 status=200 0.459s url=https://www.myfonts.com/collections/mommy-emylina-font-yoga-letter/
[2026-04-30T08:37:48Z] #271 attempt=1/2 status=200 0.309s url=https://www.myfonts.com/collections/mommy-emylina-font-yoga-letter/?tab=techSpecs
[2026-04-30T08:37:49Z] #272 attempt=1/2 status=200 0.531s url=https://www.myfonts.com/products/brothenz-regular-brothenz-1142798
[2026-04-30T08:37:50Z] #273 attempt=1/2 status=200 0.384s url=https://www.myfonts.com/collections/brothenz-font-eza-studio/
[2026-04-30T08:37:50Z] #274 attempt=1/2 status=200 0.346s url=https://www.myfonts.com/collections/brothenz-font-eza-studio/?tab=techSpecs
[2026-04-30T08:37:51Z] #275 attempt=1/2 status=200 0.424s url=https://www.myfonts.com/products/negen-regular-negen-1142815
[2026-04-30T08:37:52Z] #276 attempt=1/2 status=200 0.389s url=https://www.myfonts.com/collections/negen-font-marvadesign/
[2026-04-30T08:37:53Z] #277 attempt=1/2 status=200 0.430s url=https://www.myfonts.com/collections/negen-font-marvadesign/?tab=techSpecs
[2026-04-30T08:37:54Z] #278 attempt=1/2 status=200 0.363s url=https://www.myfonts.com/products/regular-devanra-1142906
[2026-04-30T08:37:54Z] #279 attempt=1/2 status=200 0.530s url=https://www.myfonts.com/collections/devanra-font-vadova-std/
[2026-04-30T08:37:55Z] #280 attempt=1/2 status=200 0.228s url=https://www.myfonts.com/collections/devanra-font-vadova-std/?tab=techSpecs
[2026-04-30T08:37:56Z] #281 attempt=1/2 status=200 0.452s url=https://www.myfonts.com/products/regular-griskay-1142869
[2026-04-30T08:37:56Z] #282 attempt=1/2 status=200 0.425s url=https://www.myfonts.com/collections/griskay-font-imoodev/
[2026-04-30T08:37:57Z] #283 attempt=1/2 status=200 0.428s url=https://www.myfonts.com/collections/griskay-font-imoodev/?tab=techSpecs
[2026-04-30T08:37:58Z] #284 attempt=1/2 status=200 0.376s url=https://www.myfonts.com/products/regular-brooch-1142814
[2026-04-30T08:37:59Z] #285 attempt=1/2 status=200 0.500s url=https://www.myfonts.com/collections/brooch-font-marvadesign/
[2026-04-30T08:37:59Z] #286 attempt=1/2 status=200 0.461s url=https://www.myfonts.com/collections/brooch-font-marvadesign/?tab=techSpecs
[2026-04-30T08:38:00Z] #287 attempt=1/2 status=200 0.400s url=https://www.myfonts.com/products/regular-orlynia-1142846
[2026-04-30T08:38:01Z] #288 attempt=1/2 status=200 0.388s url=https://www.myfonts.com/collections/orlynia-font-only-fonts/
[2026-04-30T08:38:02Z] #289 attempt=1/2 status=200 0.570s url=https://www.myfonts.com/collections/orlynia-font-only-fonts/?tab=techSpecs
[2026-04-30T08:38:03Z] #290 attempt=1/2 status=200 0.358s url=https://www.myfonts.com/products/regular-sakoira-1142837
[2026-04-30T08:38:03Z] #291 attempt=1/2 status=200 0.405s url=https://www.myfonts.com/collections/sakoira-font-only-fonts/
[2026-04-30T08:38:04Z] #292 attempt=1/2 status=200 0.484s url=https://www.myfonts.com/collections/sakoira-font-only-fonts/?tab=techSpecs
[2026-04-30T08:38:05Z] #293 attempt=1/2 status=200 0.420s url=https://www.myfonts.com/products/regular-ethdown-1142804
[2026-04-30T08:38:06Z] #294 attempt=1/2 status=200 0.385s url=https://www.myfonts.com/collections/ethdown-font-imoodev/
[2026-04-30T08:38:06Z] #295 attempt=1/2 status=200 0.280s url=https://www.myfonts.com/collections/ethdown-font-imoodev/?tab=techSpecs
[2026-04-30T08:38:08Z] #296 attempt=1/6 status=200 0.846s url=https://www.myfonts.com/products.json?limit=100&page=6
[2026-04-30T08:38:08Z] #297 attempt=1/2 status=200 0.348s url=https://www.myfonts.com/products/regular-norvane-1142907
[2026-04-30T08:38:09Z] #298 attempt=1/2 status=200 0.428s url=https://www.myfonts.com/collections/norvane-font-vadova-std/
[2026-04-30T08:38:10Z] #299 attempt=1/2 status=200 0.373s url=https://www.myfonts.com/collections/norvane-font-vadova-std/?tab=techSpecs
[2026-04-30T08:38:11Z] #300 attempt=1/2 status=200 0.480s url=https://www.myfonts.com/products/regular-edomisse-signature-1143260
[2026-04-30T08:38:11Z] #301 attempt=1/2 status=200 0.365s url=https://www.myfonts.com/collections/edomisse-signature-font-tebaltipis-studio/
[2026-04-30T08:38:12Z] #302 attempt=1/2 status=200 0.491s url=https://www.myfonts.com/collections/edomisse-signature-font-tebaltipis-studio/?tab=techSpecs
[2026-04-30T08:38:13Z] #303 attempt=1/2 status=200 0.371s url=https://www.myfonts.com/products/regular-light-brown-display-1143252
[2026-04-30T08:38:14Z] #304 attempt=1/2 status=200 0.321s url=https://www.myfonts.com/collections/light-brown-display-font-tebaltipis-studio/
[2026-04-30T08:38:14Z] #305 attempt=1/2 status=200 0.250s url=https://www.myfonts.com/collections/light-brown-display-font-tebaltipis-studio/?tab=techSpecs
[2026-04-30T08:38:15Z] #306 attempt=1/2 status=200 0.327s url=https://www.myfonts.com/products/regular-bartersay-signature-1143253
[2026-04-30T08:38:16Z] #307 attempt=1/2 status=200 0.469s url=https://www.myfonts.com/collections/bartersay-signature-font-tebaltipis-studio/
[2026-04-30T08:38:16Z] #308 attempt=1/2 status=200 0.387s url=https://www.myfonts.com/collections/bartersay-signature-font-tebaltipis-studio/?tab=techSpecs
[2026-04-30T08:38:18Z] #309 attempt=1/6 status=200 0.886s url=https://www.myfonts.com/products.json?limit=100&page=7
[2026-04-30T08:38:19Z] #310 attempt=1/2 status=200 0.479s url=https://www.myfonts.com/products/regular-torquon-1142909
[2026-04-30T08:38:19Z] #311 attempt=1/2 status=200 0.337s url=https://www.myfonts.com/collections/torquon-font-vadova-std/
[2026-04-30T08:38:20Z] #312 attempt=1/2 status=200 0.175s url=https://www.myfonts.com/collections/torquon-font-vadova-std/?tab=techSpecs
[2026-04-30T08:38:21Z] #313 attempt=1/2 status=200 0.428s url=https://www.myfonts.com/products/regular-amistarline-signature-1143259
[2026-04-30T08:38:21Z] #314 attempt=1/2 status=200 0.347s url=https://www.myfonts.com/collections/amistarline-signature-font-tebaltipis-studio/
[2026-04-30T08:38:22Z] #315 attempt=1/2 status=200 0.221s url=https://www.myfonts.com/collections/amistarline-signature-font-tebaltipis-studio/?tab=techSpecs
[2026-04-30T08:38:23Z] #316 attempt=1/2 status=200 0.417s url=https://www.myfonts.com/products/regular-summer-delano-1142891
[2026-04-30T08:38:23Z] #317 attempt=1/2 status=200 0.349s url=https://www.myfonts.com/collections/summer-delano-font-yoga-letter/
[2026-04-30T08:38:24Z] #318 attempt=1/2 status=200 0.242s url=https://www.myfonts.com/collections/summer-delano-font-yoga-letter/?tab=techSpecs
[2026-04-30T08:38:25Z] #319 attempt=1/2 status=200 0.385s url=https://www.myfonts.com/products/regular-little-dino-1142870
[2026-04-30T08:38:25Z] #320 attempt=1/2 status=200 0.315s url=https://www.myfonts.com/collections/little-dino-font-imoodev/
[2026-04-30T08:38:26Z] #321 attempt=1/2 status=200 0.231s url=https://www.myfonts.com/collections/little-dino-font-imoodev/?tab=techSpecs
[2026-04-30T08:38:27Z] #322 attempt=1/2 status=200 0.447s url=https://www.myfonts.com/products/glitcher-regular-glitcher-1142805
[2026-04-30T08:38:27Z] #323 attempt=1/2 status=200 0.322s url=https://www.myfonts.com/collections/glitcher-font-imoodev/
[2026-04-30T08:38:28Z] #324 attempt=1/2 status=200 0.370s url=https://www.myfonts.com/collections/glitcher-font-imoodev/?tab=techSpecs
[2026-04-30T08:38:29Z] #325 attempt=1/2 status=200 0.515s url=https://www.myfonts.com/products/regular-gofannon-1142872
[2026-04-30T08:38:30Z] #326 attempt=1/2 status=200 0.372s url=https://www.myfonts.com/collections/gofannon-font-imoodev/
[2026-04-30T08:38:30Z] #327 attempt=1/2 status=200 0.406s url=https://www.myfonts.com/collections/gofannon-font-imoodev/?tab=techSpecs
[2026-04-30T08:38:31Z] #328 attempt=1/2 status=200 0.364s url=https://www.myfonts.com/products/regular-park-the-bus-1142799
[2026-04-30T08:38:32Z] #329 attempt=1/2 status=200 0.455s url=https://www.myfonts.com/collections/park-the-bus-font-olivetype/
[2026-04-30T08:38:33Z] #330 attempt=1/2 status=200 0.432s url=https://www.myfonts.com/collections/park-the-bus-font-olivetype/?tab=techSpecs
[2026-04-30T08:38:34Z] #331 attempt=1/2 status=200 0.425s url=https://www.myfonts.com/products/regular-slyvarox-1142836
[2026-04-30T08:38:34Z] #332 attempt=1/2 status=200 0.453s url=https://www.myfonts.com/collections/slyvarox-font-valorix-studio/
[2026-04-30T08:38:35Z] #333 attempt=1/2 status=200 0.210s url=https://www.myfonts.com/collections/slyvarox-font-valorix-studio/?tab=techSpecs
[2026-04-30T08:38:36Z] #334 attempt=1/2 status=200 0.465s url=https://www.myfonts.com/products/wasteland-efquake-complete-family-package-1143276
[2026-04-30T08:38:37Z] #335 attempt=1/2 status=200 0.509s url=https://www.myfonts.com/collections/wasteland-bold-font-hellroglyphs/
[2026-04-30T08:38:37Z] #336 attempt=1/2 status=200 0.305s url=https://www.myfonts.com/collections/wasteland-bold-font-hellroglyphs/?tab=techSpecs
[2026-04-30T08:38:38Z] #337 attempt=1/2 status=200 0.479s url=https://www.myfonts.com/products/regular-shree-bangali-1558-1047700
[2026-04-30T08:38:39Z] #338 attempt=1/2 status=200 0.507s url=https://www.myfonts.com/collections/shree-bangali-1558-font-modularinfotech/
[2026-04-30T08:38:40Z] #339 attempt=1/2 status=200 0.270s url=https://www.myfonts.com/collections/shree-bangali-1558-font-modularinfotech/?tab=techSpecs
[2026-04-30T08:38:41Z] #340 attempt=1/2 status=200 0.421s url=https://www.myfonts.com/collections/shree-bangali-1558-font-modularinfotech/
[2026-04-30T08:38:43Z] #341 attempt=1/2 status=200 1.224s url=https://www.myfonts.com/products/circular-sketchy-italic-caviara-1142675
[2026-04-30T08:38:45Z] #342 attempt=1/2 status=200 2.353s url=https://www.myfonts.com/collections/caviara-font-alpercakici/
[2026-04-30T08:38:48Z] #343 attempt=1/2 status=200 1.960s url=https://www.myfonts.com/collections/caviara-font-alpercakici/?tab=techSpecs
[2026-04-30T08:38:51Z] #344 attempt=1/2 status=200 2.229s url=https://www.myfonts.com/products/serif-extra-condensed-gentano-athiroen-1141854
[2026-04-30T08:38:54Z] #345 attempt=1/2 status=200 2.360s url=https://www.myfonts.com/collections/gentano-athiroen-font-logic-type/
[2026-04-30T08:38:57Z] #346 attempt=1/2 status=200 2.526s url=https://www.myfonts.com/collections/gentano-athiroen-font-logic-type/?tab=techSpecs
[2026-04-30T08:39:03Z] #347 attempt=1/2 status=200 1.075s url=https://www.myfonts.com/products/circular-old-squario-1142234
[2026-04-30T08:39:05Z] #348 attempt=1/2 status=200 1.552s url=https://www.myfonts.com/collections/squario-font-alpercakici/
[2026-04-30T08:39:08Z] #349 attempt=1/2 status=200 1.749s url=https://www.myfonts.com/collections/squario-font-alpercakici/?tab=techSpecs
[2026-04-30T08:39:12Z] #350 attempt=1/2 status=200 1.400s url=https://www.myfonts.com/products/light-expanded-slant-magerist-1141529
[2026-04-30T08:39:15Z] #351 attempt=1/2 status=200 3.075s url=https://www.myfonts.com/collections/magerist-font-rcky-studio/
[2026-04-30T08:39:16Z] #352 attempt=1/2 status=200 0.235s url=https://www.myfonts.com/collections/magerist-font-rcky-studio/?tab=techSpecs
[2026-04-30T08:39:19Z] #353 attempt=1/2 status=200 0.530s url=https://www.myfonts.com/products/heavy-hackensack-1142549
[2026-04-30T08:39:20Z] #354 attempt=1/2 status=200 0.770s url=https://www.myfonts.com/collections/hackensack-font-typodermic/
[2026-04-30T08:39:21Z] #355 attempt=1/2 status=200 0.853s url=https://www.myfonts.com/collections/hackensack-font-typodermic/?tab=techSpecs
[2026-04-30T08:39:22Z] #356 attempt=1/2 status=200 0.390s url=https://www.myfonts.com/products/renito-regular-renito-1141752
[2026-04-30T08:39:23Z] #357 attempt=1/2 status=200 0.446s url=https://www.myfonts.com/collections/renito-font-taznix-creative/
[2026-04-30T08:39:24Z] #358 attempt=1/2 status=200 0.345s url=https://www.myfonts.com/collections/renito-font-taznix-creative/?tab=techSpecs
[2026-04-30T08:39:25Z] #359 attempt=1/2 status=200 1.270s url=https://www.myfonts.com/products/extra-light-expanded-l-t-bleshil-1140341
[2026-04-30T08:39:29Z] #360 attempt=1/2 status=500 3.202s url=https://www.myfonts.com/collections/bleshil-font-rotterlab-studio/
[2026-04-30T08:39:30Z] #361 attempt=1/2 status=404 0.426s url=https://www.myfonts.com/collections/extra-light-expanded-l-t-bleshil-1140341-font-rotterlab-studio
[2026-04-30T08:39:31Z] #362 attempt=1/6 status=200 0.793s url=https://www.myfonts.com/products.json?limit=100&page=8
[2026-04-30T08:39:32Z] #363 attempt=1/2 status=200 0.582s url=https://www.myfonts.com/products/eroded-outline-ot-strada-1142136
[2026-04-30T08:39:33Z] #364 attempt=1/2 status=200 1.061s url=https://www.myfonts.com/collections/ot-strada-font-ottertype/
[2026-04-30T08:39:34Z] #365 attempt=1/2 status=200 0.944s url=https://www.myfonts.com/collections/ot-strada-font-ottertype/?tab=techSpecs
[2026-04-30T08:39:36Z] #366 attempt=1/2 status=200 0.629s url=https://www.myfonts.com/products/outline-italic-snova-nova-1142502
[2026-04-30T08:39:37Z] #367 attempt=1/2 status=200 0.781s url=https://www.myfonts.com/collections/snova-nova-font-ottertype/
[2026-04-30T08:39:38Z] #368 attempt=1/2 status=200 1.005s url=https://www.myfonts.com/collections/snova-nova-font-ottertype/?tab=techSpecs
[2026-04-30T08:39:40Z] #369 attempt=1/2 status=200 0.527s url=https://www.myfonts.com/products/regular-boleuga-1141745
[2026-04-30T08:39:41Z] #370 attempt=1/2 status=200 0.487s url=https://www.myfonts.com/collections/boleuga-font-razetype/
[2026-04-30T08:39:42Z] #371 attempt=1/2 status=200 0.640s url=https://www.myfonts.com/collections/boleuga-font-razetype/?tab=techSpecs
[2026-04-30T08:39:43Z] #372 attempt=1/2 status=200 0.514s url=https://www.myfonts.com/products/semi-bold-gc-blanca-1141402
[2026-04-30T08:39:44Z] #373 attempt=1/2 status=200 0.896s url=https://www.myfonts.com/collections/gc-blanca-font-onyx-studio/
[2026-04-30T08:39:45Z] #374 attempt=1/2 status=200 0.572s url=https://www.myfonts.com/collections/gc-blanca-font-onyx-studio/?tab=techSpecs
[2026-04-30T08:39:46Z] #375 attempt=1/2 status=200 0.367s url=https://www.myfonts.com/products/regular-doggy-smile-demo-1142117
[2026-04-30T08:39:47Z] #376 attempt=1/2 status=200 0.367s url=https://www.myfonts.com/collections/doggy-smile-demo-font-yoga-letter/
[2026-04-30T08:39:47Z] #377 attempt=1/2 status=200 0.336s url=https://www.myfonts.com/collections/doggy-smile-demo-font-yoga-letter/?tab=techSpecs
[2026-04-30T08:39:48Z] #378 attempt=1/2 status=200 0.490s url=https://www.myfonts.com/products/extra-bold-haugen-sans-1142311
[2026-04-30T08:39:49Z] #379 attempt=1/2 status=200 0.793s url=https://www.myfonts.com/collections/haugen-sans-font-ghozai-studio/
[2026-04-30T08:39:50Z] #380 attempt=1/2 status=200 0.196s url=https://www.myfonts.com/collections/haugen-sans-font-ghozai-studio/?tab=techSpecs
[2026-04-30T08:39:51Z] #381 attempt=1/2 status=200 0.374s url=https://www.myfonts.com/products/italic-texture-carpenter-1141739
[2026-04-30T08:39:52Z] #382 attempt=1/2 status=200 0.526s url=https://www.myfonts.com/collections/carpenter-font-vozzy/
[2026-04-30T08:39:53Z] #383 attempt=1/2 status=200 0.518s url=https://www.myfonts.com/collections/carpenter-font-vozzy/?tab=techSpecs
[2026-04-30T08:39:54Z] #384 attempt=1/2 status=200 0.436s url=https://www.myfonts.com/products/medium-gc-dooze-1139336
[2026-04-30T08:39:55Z] #385 attempt=1/2 status=200 0.707s url=https://www.myfonts.com/collections/gc-dooze-font-onyx-studio/
[2026-04-30T08:39:56Z] #386 attempt=1/2 status=200 0.630s url=https://www.myfonts.com/collections/gc-dooze-font-onyx-studio/?tab=techSpecs
[2026-04-30T08:39:57Z] #387 attempt=1/2 status=200 0.338s url=https://www.myfonts.com/products/regular-almantra-signature-1141713
[2026-04-30T08:39:58Z] #388 attempt=1/2 status=200 0.333s url=https://www.myfonts.com/collections/almantra-signature-font-tebaltipis-studio/
[2026-04-30T08:39:58Z] #389 attempt=1/2 status=200 0.384s url=https://www.myfonts.com/collections/almantra-signature-font-tebaltipis-studio/?tab=techSpecs
[2026-04-30T08:39:59Z] #390 attempt=1/2 status=200 0.528s url=https://www.myfonts.com/products/rangled-regular-rangled-1142501
[2026-04-30T08:40:00Z] #391 attempt=1/2 status=200 0.357s url=https://www.myfonts.com/collections/rangled-font-moontiontype/
[2026-04-30T08:40:01Z] #392 attempt=1/2 status=200 0.497s url=https://www.myfonts.com/collections/rangled-font-moontiontype/?tab=techSpecs
[2026-04-30T08:40:02Z] #393 attempt=1/2 status=200 0.504s url=https://www.myfonts.com/products/black-deco-notes-1141751
[2026-04-30T08:40:02Z] #394 attempt=1/2 status=200 0.544s url=https://www.myfonts.com/collections/deco-notes-font-heypentype/
[2026-04-30T08:40:03Z] #395 attempt=1/2 status=200 0.462s url=https://www.myfonts.com/collections/deco-notes-font-heypentype/?tab=techSpecs
[2026-04-30T08:40:04Z] #396 attempt=1/2 status=200 0.309s url=https://www.myfonts.com/products/regular-hanseply-brush-1141711
[2026-04-30T08:40:05Z] #397 attempt=1/2 status=200 0.394s url=https://www.myfonts.com/collections/hanseply-brush-font-tebaltipis-studio/
[2026-04-30T08:40:06Z] #398 attempt=1/2 status=200 0.355s url=https://www.myfonts.com/collections/hanseply-brush-font-tebaltipis-studio/?tab=techSpecs
[2026-04-30T08:40:07Z] #399 attempt=1/2 status=200 0.622s url=https://www.myfonts.com/products/outline-italic-amazing-pearl-1142459
[2026-04-30T08:40:08Z] #400 attempt=1/2 status=200 1.506s url=https://www.myfonts.com/collections/amazing-pearl-font-ottertype/
[2026-04-30T08:40:10Z] #401 attempt=1/2 status=200 0.829s url=https://www.myfonts.com/collections/amazing-pearl-font-ottertype/?tab=techSpecs
[2026-04-30T08:40:11Z] #402 attempt=1/2 status=200 0.504s url=https://www.myfonts.com/products/outline-hambo-1141208
[2026-04-30T08:40:12Z] #403 attempt=1/2 status=200 0.615s url=https://www.myfonts.com/collections/hambo-font-kaidosan/
[2026-04-30T08:40:13Z] #404 attempt=1/2 status=200 0.502s url=https://www.myfonts.com/collections/hambo-font-kaidosan/?tab=techSpecs
[2026-04-30T08:40:14Z] #405 attempt=1/2 status=200 0.496s url=https://www.myfonts.com/products/medium-beround-1142522
[2026-04-30T08:40:15Z] #406 attempt=1/2 status=200 0.661s url=https://www.myfonts.com/collections/beround-font-nicolass-fonts/
[2026-04-30T08:40:16Z] #407 attempt=1/2 status=200 0.938s url=https://www.myfonts.com/collections/beround-font-nicolass-fonts/?tab=techSpecs
[2026-04-30T08:40:18Z] #408 attempt=1/2 status=200 0.979s url=https://www.myfonts.com/products/bold-semi-expanded-oblique-thalore-1142402
[2026-04-30T08:40:20Z] #409 attempt=1/2 status=200 1.625s url=https://www.myfonts.com/collections/thalore-font-slex-studio/
[2026-04-30T08:40:22Z] #410 attempt=1/2 status=200 1.337s url=https://www.myfonts.com/collections/thalore-font-slex-studio/?tab=techSpecs
[2026-04-30T08:40:23Z] #411 attempt=1/2 status=200 0.671s url=https://www.myfonts.com/products/extra-bold-bunke-1141602
[2026-04-30T08:40:25Z] #412 attempt=1/2 status=200 0.976s url=https://www.myfonts.com/collections/bunke-font-nexaline-type/
[2026-04-30T08:40:26Z] #413 attempt=1/2 status=200 1.082s url=https://www.myfonts.com/collections/bunke-font-nexaline-type/?tab=techSpecs
[2026-04-30T08:40:28Z] #414 attempt=1/6 status=200 0.823s url=https://www.myfonts.com/products.json?limit=100&page=9
[2026-04-30T08:40:28Z] #415 attempt=1/2 status=200 0.332s url=https://www.myfonts.com/products/bold-draco-1141614
[2026-04-30T08:40:29Z] #416 attempt=1/2 status=200 0.430s url=https://www.myfonts.com/collections/draco-font-cocijotype/
[2026-04-30T08:40:30Z] #417 attempt=1/2 status=200 0.536s url=https://www.myfonts.com/collections/draco-font-cocijotype/?tab=techSpecs
[2026-04-30T08:40:31Z] #418 attempt=1/2 status=200 0.410s url=https://www.myfonts.com/products/regular-kitty-meow-1142323
[2026-04-30T08:40:32Z] #419 attempt=1/2 status=200 0.378s url=https://www.myfonts.com/collections/kitty-meow-font-yoga-letter/
[2026-04-30T08:40:33Z] #420 attempt=1/2 status=200 0.434s url=https://www.myfonts.com/collections/kitty-meow-font-yoga-letter/?tab=techSpecs
[2026-04-30T08:40:34Z] #421 attempt=1/2 status=200 0.503s url=https://www.myfonts.com/products/italic-silkigfined-1141550
[2026-04-30T08:40:35Z] #422 attempt=1/2 status=200 0.861s url=https://www.myfonts.com/collections/silkigfined-font-timelesstype-studio/
[2026-04-30T08:40:36Z] #423 attempt=1/2 status=200 0.654s url=https://www.myfonts.com/collections/silkigfined-font-timelesstype-studio/?tab=techSpecs
[2026-04-30T08:40:37Z] #424 attempt=1/2 status=200 0.495s url=https://www.myfonts.com/products/texture-disintegrator-1141741
[2026-04-30T08:40:38Z] #425 attempt=1/2 status=200 0.529s url=https://www.myfonts.com/collections/disintegrator-font-vozzy/
[2026-04-30T08:40:38Z] #426 attempt=1/2 status=200 0.230s url=https://www.myfonts.com/collections/disintegrator-font-vozzy/?tab=techSpecs
[2026-04-30T08:40:39Z] #427 attempt=1/2 status=200 0.424s url=https://www.myfonts.com/products/thin-astravictus-1141355
[2026-04-30T08:40:40Z] #428 attempt=1/2 status=200 0.595s url=https://www.myfonts.com/collections/astravictus-font-ghozai-studio/
[2026-04-30T08:40:41Z] #429 attempt=1/2 status=200 0.698s url=https://www.myfonts.com/collections/astravictus-font-ghozai-studio/?tab=techSpecs
[2026-04-30T08:40:43Z] #430 attempt=1/2 status=200 0.411s url=https://www.myfonts.com/products/italic-vekota-realies-1141367
[2026-04-30T08:40:44Z] #431 attempt=1/2 status=200 0.543s url=https://www.myfonts.com/collections/vekota-realies-font-nexaline-type/
[2026-04-30T08:40:44Z] #432 attempt=1/2 status=200 0.198s url=https://www.myfonts.com/collections/vekota-realies-font-nexaline-type/?tab=techSpecs
[2026-04-30T08:40:45Z] #433 attempt=1/2 status=200 0.374s url=https://www.myfonts.com/products/two-texture-battle-royale-1141730
[2026-04-30T08:40:46Z] #434 attempt=1/2 status=200 0.601s url=https://www.myfonts.com/collections/battle-royale-font-vozzy/
[2026-04-30T08:40:47Z] #435 attempt=1/2 status=200 0.164s url=https://www.myfonts.com/collections/battle-royale-font-vozzy/?tab=techSpecs
[2026-04-30T08:40:49Z] #436 attempt=1/6 status=200 1.191s url=https://www.myfonts.com/products.json?limit=100&page=10
[2026-04-30T08:40:50Z] #437 attempt=1/2 status=200 0.408s url=https://www.myfonts.com/products/regular-montora-1141585
[2026-04-30T08:40:50Z] #438 attempt=1/2 status=200 0.478s url=https://www.myfonts.com/collections/montora-font-artiveko/
[2026-04-30T08:40:51Z] #439 attempt=1/2 status=200 0.531s url=https://www.myfonts.com/collections/montora-font-artiveko/?tab=techSpecs
[2026-04-30T08:40:52Z] #440 attempt=1/2 status=200 0.354s url=https://www.myfonts.com/products/outline-bitsand-1141583
[2026-04-30T08:40:53Z] #441 attempt=1/2 status=200 0.446s url=https://www.myfonts.com/collections/bitsand-font-jafar07/
[2026-04-30T08:40:54Z] #442 attempt=1/2 status=200 0.197s url=https://www.myfonts.com/collections/bitsand-font-jafar07/?tab=techSpecs
[2026-04-30T08:40:55Z] #443 attempt=1/2 status=200 0.423s url=https://www.myfonts.com/products/medium-xtriox-1141721
[2026-04-30T08:40:56Z] #444 attempt=1/2 status=200 0.834s url=https://www.myfonts.com/collections/xtriox-font-outerend/
[2026-04-30T08:40:56Z] #445 attempt=1/2 status=200 0.169s url=https://www.myfonts.com/collections/xtriox-font-outerend/?tab=techSpecs
[2026-04-30T08:40:57Z] #446 attempt=1/2 status=200 0.400s url=https://www.myfonts.com/products/medium-tbj-ultra-centric-1141570
[2026-04-30T08:40:59Z] #447 attempt=1/2 status=200 0.902s url=https://www.myfonts.com/collections/tbj-ultra-centric-font-taboja-studio/
[2026-04-30T08:41:00Z] #448 attempt=1/2 status=200 0.800s url=https://www.myfonts.com/collections/tbj-ultra-centric-font-taboja-studio/?tab=techSpecs
[2026-04-30T08:41:01Z] #449 attempt=1/2 status=200 0.591s url=https://www.myfonts.com/products/black-popper-sparkle-1141626
[2026-04-30T08:41:02Z] #450 attempt=1/2 status=200 0.602s url=https://www.myfonts.com/collections/popper-sparkle-font-rashdrawn/
[2026-04-30T08:41:03Z] #451 attempt=1/2 status=200 0.528s url=https://www.myfonts.com/collections/popper-sparkle-font-rashdrawn/?tab=techSpecs
[2026-04-30T08:41:04Z] #452 attempt=1/2 status=200 0.377s url=https://www.myfonts.com/products/90-s-italic-regular-tuesday-display-classic-italic-1141710
[2026-04-30T08:41:05Z] #453 attempt=1/2 status=200 0.403s url=https://www.myfonts.com/collections/tuesday-display-classic-italic-font-eryn-rose-design/
[2026-04-30T08:41:05Z] #454 attempt=1/2 status=200 0.434s url=https://www.myfonts.com/collections/tuesday-display-classic-italic-font-eryn-rose-design/?tab=techSpecs
[2026-04-30T08:41:06Z] #455 attempt=1/2 status=200 0.345s url=https://www.myfonts.com/products/regular-bragona-1141579
[2026-04-30T08:41:07Z] #456 attempt=1/2 status=200 0.317s url=https://www.myfonts.com/collections/bragona-font-sensatype-studio/
[2026-04-30T08:41:07Z] #457 attempt=1/2 status=200 0.217s url=https://www.myfonts.com/collections/bragona-font-sensatype-studio/?tab=techSpecs
[2026-04-30T08:41:08Z] #458 attempt=1/2 status=200 0.303s url=https://www.myfonts.com/products/regular-bigger-chuby-1141580
[2026-04-30T08:41:09Z] #459 attempt=1/2 status=200 0.292s url=https://www.myfonts.com/collections/bigger-chuby-font-sensatype-studio/
[2026-04-30T08:41:09Z] #460 attempt=1/2 status=200 0.310s url=https://www.myfonts.com/collections/bigger-chuby-font-sensatype-studio/?tab=techSpecs
[2026-04-30T08:41:11Z] #461 attempt=1/6 status=200 0.824s url=https://www.myfonts.com/products.json?limit=100&page=11
[2026-04-30T08:41:11Z] #462 attempt=1/2 status=200 0.411s url=https://www.myfonts.com/products/cafelia-doppio-ouline2-oblique-cafelia-doppio-font-duo-1141565
[2026-04-30T08:41:12Z] #463 attempt=1/2 status=200 0.593s url=https://www.myfonts.com/collections/cafelia-doppio-font-duo-font-tanon-design/
[2026-04-30T08:41:13Z] #464 attempt=1/2 status=200 0.229s url=https://www.myfonts.com/collections/cafelia-doppio-font-duo-font-tanon-design/?tab=techSpecs
[2026-04-30T08:41:14Z] #465 attempt=1/2 status=200 0.457s url=https://www.myfonts.com/products/bold-oblique-sketch-tags-1142516
[2026-04-30T08:41:15Z] #466 attempt=1/2 status=200 0.543s url=https://www.myfonts.com/collections/sketch-tags-font-ghozai-studio/
[2026-04-30T08:41:16Z] #467 attempt=1/2 status=200 0.930s url=https://www.myfonts.com/collections/sketch-tags-font-ghozai-studio/?tab=techSpecs
[2026-04-30T08:41:17Z] #468 attempt=1/2 status=200 0.481s url=https://www.myfonts.com/products/rough-funzo-1142468
[2026-04-30T08:41:18Z] #469 attempt=1/2 status=200 0.552s url=https://www.myfonts.com/collections/funzo-font-sekyra-lab/
[2026-04-30T08:41:18Z] #470 attempt=1/2 status=200 0.151s url=https://www.myfonts.com/collections/funzo-font-sekyra-lab/?tab=techSpecs
[2026-04-30T08:41:20Z] #471 attempt=1/2 status=200 0.398s url=https://www.myfonts.com/products/regular-cherish-moment-1142116
[2026-04-30T08:41:20Z] #472 attempt=1/2 status=200 0.395s url=https://www.myfonts.com/collections/cherish-moment-font-orenari/
[2026-04-30T08:41:21Z] #473 attempt=1/2 status=200 0.354s url=https://www.myfonts.com/collections/cherish-moment-font-orenari/?tab=techSpecs
[2026-04-30T08:41:22Z] #474 attempt=1/2 status=200 0.338s url=https://www.myfonts.com/products/regular-reglia-1142328
[2026-04-30T08:41:22Z] #475 attempt=1/2 status=200 0.320s url=https://www.myfonts.com/collections/reglia-font-suhadidesign/
[2026-04-30T08:41:23Z] #476 attempt=1/2 status=200 0.170s url=https://www.myfonts.com/collections/reglia-font-suhadidesign/?tab=techSpecs
[2026-04-30T08:41:25Z] #477 attempt=1/6 status=200 0.999s url=https://www.myfonts.com/products.json?limit=100&page=12
[2026-04-30T08:41:25Z] #478 attempt=1/2 status=200 0.519s url=https://www.myfonts.com/products/heavy-italic-new-deco-1141707
[2026-04-30T08:41:26Z] #479 attempt=1/2 status=200 0.845s url=https://www.myfonts.com/collections/new-deco-font-k-type/
[2026-04-30T08:41:27Z] #480 attempt=1/2 status=200 0.324s url=https://www.myfonts.com/collections/new-deco-font-k-type/?tab=techSpecs
[2026-04-30T08:41:28Z] #481 attempt=1/2 status=200 0.484s url=https://www.myfonts.com/products/ride-the-wave-ride-the-wave-1141700
[2026-04-30T08:41:29Z] #482 attempt=1/2 status=200 0.360s url=https://www.myfonts.com/collections/ride-the-wave-font-eryn-rose-design/
[2026-04-30T08:41:29Z] #483 attempt=1/2 status=200 0.220s url=https://www.myfonts.com/collections/ride-the-wave-font-eryn-rose-design/?tab=techSpecs
[2026-04-30T08:41:30Z] #484 attempt=1/2 status=200 0.387s url=https://www.myfonts.com/products/italic-kloe-1142332
[2026-04-30T08:41:31Z] #485 attempt=1/2 status=200 0.502s url=https://www.myfonts.com/collections/kloe-font-artiveko/
[2026-04-30T08:41:32Z] #486 attempt=1/2 status=200 0.475s url=https://www.myfonts.com/collections/kloe-font-artiveko/?tab=techSpecs
[2026-04-30T08:41:33Z] #487 attempt=1/2 status=200 0.325s url=https://www.myfonts.com/products/regular-summer-brown-1142325
[2026-04-30T08:41:34Z] #488 attempt=1/2 status=200 0.339s url=https://www.myfonts.com/collections/summer-brown-font-yoga-letter/
[2026-04-30T08:41:34Z] #489 attempt=1/2 status=200 0.201s url=https://www.myfonts.com/collections/summer-brown-font-yoga-letter/?tab=techSpecs
[2026-04-30T08:41:35Z] #490 attempt=1/2 status=200 0.468s url=https://www.myfonts.com/products/regular-boldybear-1142329
[2026-04-30T08:41:36Z] #491 attempt=1/2 status=200 0.407s url=https://www.myfonts.com/collections/boldybear-font-sesa-grafika/
[2026-04-30T08:41:36Z] #492 attempt=1/2 status=200 0.294s url=https://www.myfonts.com/collections/boldybear-font-sesa-grafika/?tab=techSpecs
[2026-04-30T08:41:37Z] #493 attempt=1/2 status=200 0.354s url=https://www.myfonts.com/products/regular-orlithe-1142511
[2026-04-30T08:41:38Z] #494 attempt=1/2 status=200 0.336s url=https://www.myfonts.com/collections/orlithe-font-moontiontype/
[2026-04-30T08:41:38Z] #495 attempt=1/2 status=200 0.233s url=https://www.myfonts.com/collections/orlithe-font-moontiontype/?tab=techSpecs
[2026-04-30T08:41:39Z] #496 attempt=1/2 status=200 0.416s url=https://www.myfonts.com/products/regular-korelasi-signature-1141714
[2026-04-30T08:41:40Z] #497 attempt=1/2 status=200 0.455s url=https://www.myfonts.com/collections/korelasi-signature-font-tebaltipis-studio/
[2026-04-30T08:41:40Z] #498 attempt=1/2 status=200 0.377s url=https://www.myfonts.com/collections/korelasi-signature-font-tebaltipis-studio/?tab=techSpecs
[2026-04-30T08:41:42Z] #499 attempt=1/6 status=200 1.024s url=https://www.myfonts.com/products.json?limit=100&page=13
[2026-04-30T08:41:43Z] #500 attempt=1/2 status=200 0.370s url=https://www.myfonts.com/products/light-aetheria-1141646
[2026-04-30T08:41:43Z] #501 attempt=1/2 status=200 0.365s url=https://www.myfonts.com/collections/aetheria-font-m10-type/
[2026-04-30T08:41:44Z] #502 attempt=1/2 status=200 0.415s url=https://www.myfonts.com/collections/aetheria-font-m10-type/?tab=techSpecs
[2026-04-30T08:41:45Z] #503 attempt=1/2 status=200 0.365s url=https://www.myfonts.com/products/regular-lorvex-1142322
[2026-04-30T08:41:46Z] #504 attempt=1/2 status=200 0.512s url=https://www.myfonts.com/collections/lorvex-font-only-fonts/
[2026-04-30T08:41:46Z] #505 attempt=1/2 status=200 0.214s url=https://www.myfonts.com/collections/lorvex-font-only-fonts/?tab=techSpecs
[2026-04-30T08:41:47Z] #506 attempt=1/2 status=200 0.351s url=https://www.myfonts.com/products/slant-234-sec-1141578
[2026-04-30T08:41:48Z] #507 attempt=1/2 status=200 0.573s url=https://www.myfonts.com/collections/234-sec-font-casloop-studio/
[2026-04-30T08:41:48Z] #508 attempt=1/2 status=200 0.211s url=https://www.myfonts.com/collections/234-sec-font-casloop-studio/?tab=techSpecs
[2026-04-30T08:41:50Z] #509 attempt=1/6 status=200 0.720s url=https://www.myfonts.com/products.json?limit=100&page=14
[2026-04-30T08:41:52Z] #510 attempt=1/2 status=200 1.138s url=https://www.myfonts.com/products/light-extra-expanded-granvia-ultra-1139993
[2026-04-30T08:41:54Z] #511 attempt=1/2 status=200 2.249s url=https://www.myfonts.com/collections/granvia-ultra-font-kaidosan/
[2026-04-30T08:41:56Z] #512 attempt=1/2 status=200 1.813s url=https://www.myfonts.com/collections/granvia-ultra-font-kaidosan/?tab=techSpecs
[2026-04-30T08:41:58Z] #513 attempt=1/2 status=200 0.397s url=https://www.myfonts.com/products/onarki-regular-onarki-1141747
[2026-04-30T08:41:58Z] #514 attempt=1/2 status=200 0.336s url=https://www.myfonts.com/collections/onarki-font-razetype/
[2026-04-30T08:41:59Z] #515 attempt=1/2 status=200 0.416s url=https://www.myfonts.com/collections/onarki-font-razetype/?tab=techSpecs
[2026-04-30T08:42:01Z] #516 attempt=1/6 status=200 0.853s url=https://www.myfonts.com/products.json?limit=100&page=15
[2026-04-30T08:42:02Z] #517 attempt=1/2 status=200 0.491s url=https://www.myfonts.com/products/regular-silent-diary-1141727
[2026-04-30T08:42:02Z] #518 attempt=1/2 status=200 0.377s url=https://www.myfonts.com/collections/silent-diary-font-timurtype/
[2026-04-30T08:42:03Z] #519 attempt=1/2 status=200 0.399s url=https://www.myfonts.com/collections/silent-diary-font-timurtype/?tab=techSpecs
[2026-04-30T08:42:04Z] #520 attempt=1/2 status=200 0.341s url=https://www.myfonts.com/products/regular-grey-slate-1141618
[2026-04-30T08:42:05Z] #521 attempt=1/2 status=200 0.368s url=https://www.myfonts.com/collections/grey-slate-font-epiclinez/
[2026-04-30T08:42:05Z] #522 attempt=1/2 status=200 0.331s url=https://www.myfonts.com/collections/grey-slate-font-epiclinez/?tab=techSpecs
[2026-04-30T08:42:06Z] #523 attempt=1/2 status=200 0.314s url=https://www.myfonts.com/products/regular-sunbloom-1141726
[2026-04-30T08:42:07Z] #524 attempt=1/2 status=200 0.343s url=https://www.myfonts.com/collections/sunbloom-font-nathatype/
[2026-04-30T08:42:07Z] #525 attempt=1/2 status=200 0.212s url=https://www.myfonts.com/collections/sunbloom-font-nathatype/?tab=techSpecs
[2026-04-30T08:42:08Z] #526 attempt=1/2 status=200 0.528s url=https://www.myfonts.com/products/italic-formgraphia-1139773
[2026-04-30T08:42:09Z] #527 attempt=1/2 status=200 0.945s url=https://www.myfonts.com/collections/formgraphia-font-ghozai-studio/
[2026-04-30T08:42:10Z] #528 attempt=1/2 status=200 0.711s url=https://www.myfonts.com/collections/formgraphia-font-ghozai-studio/?tab=techSpecs
[2026-04-30T08:42:12Z] #529 attempt=1/2 status=200 0.451s url=https://www.myfonts.com/products/oblique-sfc-solanora-1139593
[2026-04-30T08:42:12Z] #530 attempt=1/2 status=200 0.625s url=https://www.myfonts.com/collections/sfc-solanora-font-skilline-fonts-co/
[2026-04-30T08:42:13Z] #531 attempt=1/2 status=200 0.690s url=https://www.myfonts.com/collections/sfc-solanora-font-skilline-fonts-co/?tab=techSpecs
[2026-04-30T08:42:15Z] #532 attempt=1/2 status=200 0.577s url=https://www.myfonts.com/products/semi-bold-avenyx-serif-1140441
[2026-04-30T08:42:16Z] #533 attempt=1/2 status=200 0.938s url=https://www.myfonts.com/collections/avenyx-serif-font-aronetiv/
[2026-04-30T08:42:17Z] #534 attempt=1/2 status=200 1.153s url=https://www.myfonts.com/collections/avenyx-serif-font-aronetiv/?tab=techSpecs
[2026-04-30T08:42:19Z] #535 attempt=1/6 status=200 0.783s url=https://www.myfonts.com/products.json?limit=100&page=16
[2026-04-30T08:42:20Z] #536 attempt=1/2 status=200 0.293s url=https://www.myfonts.com/products/regular-hicheta-1141575
[2026-04-30T08:42:21Z] #537 attempt=1/2 status=200 0.397s url=https://www.myfonts.com/collections/hicheta-font-blankids/
[2026-04-30T08:42:21Z] #538 attempt=1/2 status=200 0.420s url=https://www.myfonts.com/collections/hicheta-font-blankids/?tab=techSpecs
[2026-04-30T08:42:22Z] #539 attempt=1/2 status=200 0.396s url=https://www.myfonts.com/products/regular-silent-autograph-1141347
[2026-04-30T08:42:23Z] #540 attempt=1/2 status=200 0.531s url=https://www.myfonts.com/collections/silent-autograph-font-timurtype/
[2026-04-30T08:42:24Z] #541 attempt=1/2 status=200 0.424s url=https://www.myfonts.com/collections/silent-autograph-font-timurtype/?tab=techSpecs
[2026-04-30T08:42:25Z] #542 attempt=1/2 status=200 0.324s url=https://www.myfonts.com/products/regular-aergun-1142324
[2026-04-30T08:42:25Z] #543 attempt=1/2 status=200 0.411s url=https://www.myfonts.com/collections/aergun-font-only-fonts/
[2026-04-30T08:42:26Z] #544 attempt=1/2 status=200 0.160s url=https://www.myfonts.com/collections/aergun-font-only-fonts/?tab=techSpecs
[2026-04-30T08:42:27Z] #545 attempt=1/6 status=200 0.723s url=https://www.myfonts.com/products.json?limit=100&page=17
[2026-04-30T08:42:28Z] #546 attempt=1/2 status=200 0.412s url=https://www.myfonts.com/products/regular-camarali-1141342
[2026-04-30T08:42:28Z] #547 attempt=1/2 status=200 0.386s url=https://www.myfonts.com/collections/camarali-font-hishand-studio/
[2026-04-30T08:42:29Z] #548 attempt=1/2 status=200 0.350s url=https://www.myfonts.com/collections/camarali-font-hishand-studio/?tab=techSpecs
[2026-04-30T08:42:30Z] #549 attempt=1/2 status=200 0.431s url=https://www.myfonts.com/products/bold-vinetra-1141715
[2026-04-30T08:42:31Z] #550 attempt=1/2 status=200 0.384s url=https://www.myfonts.com/collections/vinetra-font-limitype/
[2026-04-30T08:42:31Z] #551 attempt=1/2 status=200 0.487s url=https://www.myfonts.com/collections/vinetra-font-limitype/?tab=techSpecs
[2026-04-30T08:42:33Z] #552 attempt=1/6 status=200 1.000s url=https://www.myfonts.com/products.json?limit=100&page=18
[2026-04-30T08:42:34Z] #553 attempt=1/2 status=200 0.493s url=https://www.myfonts.com/products/regular-farthing-signature-1141712
[2026-04-30T08:42:34Z] #554 attempt=1/2 status=200 0.401s url=https://www.myfonts.com/collections/farthing-signature-font-tebaltipis-studio/
[2026-04-30T08:42:35Z] #555 attempt=1/2 status=200 0.353s url=https://www.myfonts.com/collections/farthing-signature-font-tebaltipis-studio/?tab=techSpecs
[2026-04-30T08:42:37Z] #556 attempt=1/6 status=200 0.791s url=https://www.myfonts.com/products.json?limit=100&page=19
[2026-04-30T08:42:37Z] #557 attempt=1/2 status=200 0.542s url=https://www.myfonts.com/products/regular-caveline-1141753
[2026-04-30T08:42:38Z] #558 attempt=1/2 status=200 0.344s url=https://www.myfonts.com/collections/caveline-font-moontiontype/
[2026-04-30T08:42:39Z] #559 attempt=1/2 status=200 0.412s url=https://www.myfonts.com/collections/caveline-font-moontiontype/?tab=techSpecs
[2026-04-30T08:42:40Z] #560 attempt=1/2 status=200 0.363s url=https://www.myfonts.com/products/regular-doggy-smile-1142326
[2026-04-30T08:42:40Z] #561 attempt=1/2 status=200 0.402s url=https://www.myfonts.com/collections/doggy-smile-font-yoga-letter/
[2026-04-30T08:42:41Z] #562 attempt=1/2 status=200 0.314s url=https://www.myfonts.com/collections/doggy-smile-font-yoga-letter/?tab=techSpecs
[2026-04-30T08:42:42Z] #563 attempt=1/2 status=200 0.398s url=https://www.myfonts.com/products/regular-grovara-1141619
[2026-04-30T08:42:42Z] #564 attempt=1/2 status=200 0.344s url=https://www.myfonts.com/collections/grovara-font-maghrib-type/
[2026-04-30T08:42:43Z] #565 attempt=1/2 status=200 0.367s url=https://www.myfonts.com/collections/grovara-font-maghrib-type/?tab=techSpecs
[2026-04-30T08:42:44Z] #566 attempt=1/2 status=200 0.431s url=https://www.myfonts.com/products/regular-marlyn-land-1141566
[2026-04-30T08:42:45Z] #567 attempt=1/2 status=200 0.427s url=https://www.myfonts.com/collections/marlyn-land-font-fikryal/
[2026-04-30T08:42:45Z] #568 attempt=1/2 status=200 0.173s url=https://www.myfonts.com/collections/marlyn-land-font-fikryal/?tab=techSpecs
[2026-04-30T08:42:46Z] #569 attempt=1/2 status=200 0.498s url=https://www.myfonts.com/products/thin-gc-bager-1139472
[2026-04-30T08:42:47Z] #570 attempt=1/2 status=200 0.805s url=https://www.myfonts.com/collections/gc-bager-font-onyx-studio/
[2026-04-30T08:42:48Z] #571 attempt=1/2 status=200 0.724s url=https://www.myfonts.com/collections/gc-bager-font-onyx-studio/?tab=techSpecs
[2026-04-30T08:42:49Z] #572 attempt=1/2 status=200 0.467s url=https://www.myfonts.com/products/semi-bold-griga-1141301
[2026-04-30T08:42:51Z] #573 attempt=1/2 status=200 1.140s url=https://www.myfonts.com/collections/griga-font-graptail/
[2026-04-30T08:42:51Z] #574 attempt=1/2 status=200 0.231s url=https://www.myfonts.com/collections/griga-font-graptail/?tab=techSpecs
[2026-04-30T08:42:54Z] #575 attempt=1/2 status=200 1.574s url=https://www.myfonts.com/products/extra-black-condensed-sl-aukim-ii-circled-1140635
[2026-04-30T08:42:57Z] #576 attempt=1/2 status=500 3.139s url=https://www.myfonts.com/collections/aukim-ii-circled-font-aukimvisuel/
[2026-04-30T08:42:58Z] #577 attempt=1/2 status=404 0.312s url=https://www.myfonts.com/collections/extra-black-condensed-sl-aukim-ii-circled-1140635-font-aukimvisuel
[2026-04-30T08:42:58Z] #578 attempt=1/2 status=200 0.547s url=https://www.myfonts.com/products/slant-6-regular-theron-enroma-1141286
[2026-04-30T08:42:59Z] #579 attempt=1/2 status=200 0.681s url=https://www.myfonts.com/collections/theron-enroma-font-logic-type/
[2026-04-30T08:43:00Z] #580 attempt=1/2 status=200 0.207s url=https://www.myfonts.com/collections/theron-enroma-font-logic-type/?tab=techSpecs
[2026-04-30T08:43:01Z] #581 attempt=1/2 status=200 0.592s url=https://www.myfonts.com/products/regular-cottem-1141271
[2026-04-30T08:43:02Z] #582 attempt=1/2 status=200 0.349s url=https://www.myfonts.com/collections/cottem-font-marvadesign/
[2026-04-30T08:43:03Z] #583 attempt=1/2 status=200 0.368s url=https://www.myfonts.com/collections/cottem-font-marvadesign/?tab=techSpecs
[2026-04-30T08:43:04Z] #584 attempt=1/2 status=200 0.719s url=https://www.myfonts.com/products/extralight-italic-plakad-1141252
[2026-04-30T08:43:05Z] #585 attempt=1/2 status=200 1.195s url=https://www.myfonts.com/collections/plakad-font-mabutype/
[2026-04-30T08:43:06Z] #586 attempt=1/2 status=200 0.165s url=https://www.myfonts.com/collections/plakad-font-mabutype/?tab=techSpecs
[2026-04-30T08:43:07Z] #587 attempt=1/2 status=200 0.529s url=https://www.myfonts.com/products/extra-bold-savera-editorial-1141141
[2026-04-30T08:43:08Z] #588 attempt=1/2 status=200 0.706s url=https://www.myfonts.com/collections/savera-editorial-font-vermilione/
[2026-04-30T08:43:09Z] #589 attempt=1/2 status=200 0.867s url=https://www.myfonts.com/collections/savera-editorial-font-vermilione/?tab=techSpecs
[2026-04-30T08:43:11Z] #590 attempt=1/6 status=200 0.869s url=https://www.myfonts.com/products.json?limit=100&page=20
[2026-04-30T08:43:12Z] #591 attempt=1/2 status=200 0.553s url=https://www.myfonts.com/products/black-avisa-jm-1140521
[2026-04-30T08:43:13Z] #592 attempt=1/2 status=200 1.238s url=https://www.myfonts.com/collections/avisa-jm-font-joelmaker/
[2026-04-30T08:43:15Z] #593 attempt=1/2 status=200 1.214s url=https://www.myfonts.com/collections/avisa-jm-font-joelmaker/?tab=techSpecs
[2026-04-30T08:43:16Z] #594 attempt=1/2 status=200 0.431s url=https://www.myfonts.com/products/regular-dispay-micko-1141179
[2026-04-30T08:43:17Z] #595 attempt=1/2 status=200 0.660s url=https://www.myfonts.com/collections/dispay-micko-font-maikohatta/
[2026-04-30T08:43:18Z] #596 attempt=1/2 status=200 0.513s url=https://www.myfonts.com/collections/dispay-micko-font-maikohatta/?tab=techSpecs
[2026-04-30T08:43:19Z] #597 attempt=1/2 status=200 0.504s url=https://www.myfonts.com/products/norm-regular-hop-expanded-1140481
[2026-04-30T08:43:21Z] #598 attempt=1/2 status=200 1.018s url=https://www.myfonts.com/collections/hop-expanded-font-pizzatypefaces/
[2026-04-30T08:43:21Z] #599 attempt=1/2 status=200 0.253s url=https://www.myfonts.com/collections/hop-expanded-font-pizzatypefaces/?tab=techSpecs
[2026-04-30T08:43:23Z] #600 attempt=1/2 status=200 0.463s url=https://www.myfonts.com/products/thin-italic-calore-serif-1141164
[2026-04-30T08:43:24Z] #601 attempt=1/2 status=200 0.894s url=https://www.myfonts.com/collections/calore-serif-font-typoraith-co/
[2026-04-30T08:43:24Z] #602 attempt=1/2 status=200 0.327s url=https://www.myfonts.com/collections/calore-serif-font-typoraith-co/?tab=techSpecs
[2026-04-30T08:43:26Z] #603 attempt=1/2 status=200 0.446s url=https://www.myfonts.com/products/italic-rcl-slicer-1141108
[2026-04-30T08:43:27Z] #604 attempt=1/2 status=200 1.011s url=https://www.myfonts.com/collections/rcl-slicer-font-jafar07/
[2026-04-30T08:43:27Z] #605 attempt=1/2 status=200 0.197s url=https://www.myfonts.com/collections/rcl-slicer-font-jafar07/?tab=techSpecs
[2026-04-30T08:43:29Z] #606 attempt=1/2 status=200 0.411s url=https://www.myfonts.com/products/norm-black-hop-compressed-1140467
[2026-04-30T08:43:30Z] #607 attempt=1/2 status=200 0.820s url=https://www.myfonts.com/collections/hop-compressed-font-pizzatypefaces/
[2026-04-30T08:43:31Z] #608 attempt=1/2 status=200 0.716s url=https://www.myfonts.com/collections/hop-compressed-font-pizzatypefaces/?tab=techSpecs
[2026-04-30T08:43:32Z] #609 attempt=1/2 status=200 0.430s url=https://www.myfonts.com/products/shadow-shadow-fox-glima-1140420
[2026-04-30T08:43:33Z] #610 attempt=1/2 status=200 0.609s url=https://www.myfonts.com/collections/fox-glima-font-fox7/
[2026-04-30T08:43:33Z] #611 attempt=1/2 status=200 0.472s url=https://www.myfonts.com/collections/fox-glima-font-fox7/?tab=techSpecs
[2026-04-30T08:43:35Z] #612 attempt=1/2 status=200 0.300s url=https://www.myfonts.com/products/galina-reany-regular-mc-galina-reany-1140495
[2026-04-30T08:43:35Z] #613 attempt=1/2 status=200 0.445s url=https://www.myfonts.com/collections/mc-galina-reany-font-maulana-creative/
[2026-04-30T08:43:36Z] #614 attempt=1/2 status=200 0.338s url=https://www.myfonts.com/collections/mc-galina-reany-font-maulana-creative/?tab=techSpecs
[2026-04-30T08:43:37Z] #615 attempt=1/2 status=200 0.589s url=https://www.myfonts.com/products/regular-manhika-neddac-1140450
[2026-04-30T08:43:38Z] #616 attempt=1/2 status=200 0.586s url=https://www.myfonts.com/collections/manhika-neddac-font-letterena-studios/
[2026-04-30T08:43:38Z] #617 attempt=1/2 status=200 0.216s url=https://www.myfonts.com/collections/manhika-neddac-font-letterena-studios/?tab=techSpecs
[2026-04-30T08:43:40Z] #618 attempt=1/2 status=200 0.465s url=https://www.myfonts.com/products/mo-t-sandman-retrogram-mot-sandman-1140434
[2026-04-30T08:43:41Z] #619 attempt=1/2 status=200 0.342s url=https://www.myfonts.com/collections/mot-sandman-font-monsters-of-type/
[2026-04-30T08:43:41Z] #620 attempt=1/2 status=200 0.343s url=https://www.myfonts.com/collections/mot-sandman-font-monsters-of-type/?tab=techSpecs
[2026-04-30T08:43:42Z] #621 attempt=1/2 status=200 0.397s url=https://www.myfonts.com/products/regular-sunday-atelier-1141095
[2026-04-30T08:43:43Z] #622 attempt=1/2 status=200 0.539s url=https://www.myfonts.com/collections/sunday-atelier-font-cocodesign/
[2026-04-30T08:43:44Z] #623 attempt=1/2 status=200 0.497s url=https://www.myfonts.com/products/oblique-regular-neuev-juanto-1140427
[2026-04-30T08:43:45Z] #624 attempt=1/2 status=200 0.733s url=https://www.myfonts.com/collections/neuev-juanto-font-black-junst/
[2026-04-30T08:43:45Z] #625 attempt=1/2 status=200 0.436s url=https://www.myfonts.com/products/strong-ingos-marker-hand-1140398
[2026-04-30T08:43:46Z] #626 attempt=1/2 status=200 0.743s url=https://www.myfonts.com/collections/ingos-marker-hand-font-ingo/
[2026-04-30T08:43:47Z] #627 attempt=1/2 status=200 0.549s url=https://www.myfonts.com/products/regular-lt-verola-1140405
[2026-04-30T08:43:48Z] #628 attempt=1/2 status=200 0.362s url=https://www.myfonts.com/collections/lt-verola-font-sigit-nurcholis/
[2026-04-30T08:43:49Z] #629 attempt=1/2 status=200 1.097s url=https://www.myfonts.com/products/lutschine-bold-con-x3-lutschine-1139485
[2026-04-30T08:43:51Z] #630 attempt=1/2 status=200 1.924s url=https://www.myfonts.com/collections/lutschine-font-rohh/
[2026-04-30T08:43:52Z] #631 attempt=1/2 status=200 0.534s url=https://www.myfonts.com/products/formelo-sketchy-solid-regular-formelo-sketchy-double-1141087
[2026-04-30T08:43:53Z] #632 attempt=1/2 status=200 0.617s url=https://www.myfonts.com/collections/formelo-sketchy-double-font-tini-fitriani/
[2026-04-30T08:43:54Z] #633 attempt=1/2 status=200 0.583s url=https://www.myfonts.com/products/regular-ophelia-story-1140384
[2026-04-30T08:43:55Z] #634 attempt=1/2 status=200 0.319s url=https://www.myfonts.com/collections/ophelia-story-font-sarid-ezra/
[2026-04-30T08:43:55Z] #635 attempt=1/2 status=200 0.328s url=https://www.myfonts.com/products/regular-luxento-1140179
[2026-04-30T08:43:56Z] #636 attempt=1/2 status=200 0.301s url=https://www.myfonts.com/collections/luxento-font-twinletter/
[2026-04-30T08:43:56Z] #637 attempt=1/2 status=200 0.420s url=https://www.myfonts.com/products/regular-pixelota-1140193
[2026-04-30T08:43:57Z] #638 attempt=1/2 status=200 0.426s url=https://www.myfonts.com/collections/pixelota-font-gleb-guralnyk/
[2026-04-30T08:43:59Z] #639 attempt=1/2 status=200 1.507s url=https://www.myfonts.com/products/mogranx-bold-semi-expanded-mogranx-variable-1141034
[2026-04-30T08:44:01Z] #640 attempt=1/2 status=200 2.201s url=https://www.myfonts.com/collections/mogranx-variable-font-aqeela-studio/
[2026-04-30T08:44:03Z] #641 attempt=1/2 status=200 0.628s url=https://www.myfonts.com/products/thin-italic-balikan-1140106
[2026-04-30T08:44:04Z] #642 attempt=1/2 status=200 0.789s url=https://www.myfonts.com/collections/balikan-font-laroyba-type/
[2026-04-30T08:44:04Z] #643 attempt=1/2 status=200 0.412s url=https://www.myfonts.com/products/regular-honeyline-1140178
[2026-04-30T08:44:05Z] #644 attempt=1/2 status=200 0.427s url=https://www.myfonts.com/collections/honeyline-font-hipfonts/
[2026-04-30T08:44:06Z] #645 attempt=1/2 status=200 0.345s url=https://www.myfonts.com/products/regular-larovie-1140096
[2026-04-30T08:44:07Z] #646 attempt=1/2 status=200 0.756s url=https://www.myfonts.com/collections/larovie-font-qweera-studio/
[2026-04-30T08:44:07Z] #647 attempt=1/2 status=200 0.520s url=https://www.myfonts.com/products/extra-bold-italic-catalize-1139377
[2026-04-30T08:44:09Z] #648 attempt=1/2 status=200 0.866s url=https://www.myfonts.com/collections/catalize-font-degarism-studio/
[2026-04-30T08:44:09Z] #649 attempt=1/2 status=200 0.521s url=https://www.myfonts.com/products/bold-italic-laviossa-nova-1140089
[2026-04-30T08:44:10Z] #650 attempt=1/2 status=200 0.714s url=https://www.myfonts.com/collections/laviossa-nova-font-jehoo-creative/
[2026-04-30T08:44:11Z] #651 attempt=1/2 status=200 0.374s url=https://www.myfonts.com/products/caps-oblique-herodevil-1140046
[2026-04-30T08:44:12Z] #652 attempt=1/2 status=200 0.469s url=https://www.myfonts.com/collections/herodevil-font-jk-typeface/
[2026-04-30T08:44:13Z] #653 attempt=1/2 status=200 0.554s url=https://www.myfonts.com/products/italic-stellaviva-1139327
[2026-04-30T08:44:13Z] #654 attempt=1/2 status=200 0.179s url=https://www.myfonts.com/collections/stellaviva-font-ghozai-studio/
[2026-04-30T08:44:14Z] #655 attempt=1/2 status=200 0.455s url=https://www.myfonts.com/products/regular-handling-baltens-1140039
[2026-04-30T08:44:15Z] #656 attempt=1/2 status=200 0.624s url=https://www.myfonts.com/collections/handling-baltens-font-letterena-studios/
[2026-04-30T08:44:15Z] #657 attempt=1/2 status=200 0.425s url=https://www.myfonts.com/products/regular-kifah-1139850
[2026-04-30T08:44:16Z] #658 attempt=1/2 status=200 0.775s url=https://www.myfonts.com/collections/kifah-font-namela/
[2026-04-30T08:44:17Z] #659 attempt=1/2 status=200 0.414s url=https://www.myfonts.com/products/regular-komata-1141350
[2026-04-30T08:44:18Z] #660 attempt=1/2 status=200 0.526s url=https://www.myfonts.com/collections/komata-font-artiveko/
[2026-04-30T08:44:18Z] #661 attempt=1/2 status=200 0.538s url=https://www.myfonts.com/products/outline-italic-kibtah-1139843
[2026-04-30T08:44:20Z] #662 attempt=1/2 status=200 0.745s url=https://www.myfonts.com/collections/kibtah-font-namela/
[2026-04-30T08:44:20Z] #663 attempt=1/2 status=200 0.543s url=https://www.myfonts.com/products/regular-cavario-1139302
[2026-04-30T08:44:21Z] #664 attempt=1/2 status=200 0.582s url=https://www.myfonts.com/collections/cavario-font-divora-type/
[2026-04-30T08:44:22Z] #665 attempt=1/2 status=200 0.314s url=https://www.myfonts.com/products/regular-milk-pie-1140177
[2026-04-30T08:44:22Z] #666 attempt=1/2 status=200 0.264s url=https://www.myfonts.com/collections/milk-pie-font-epiclinez/
[2026-04-30T08:44:23Z] #667 attempt=1/2 status=200 0.329s url=https://www.myfonts.com/products/italic-gremont-arquela-1139267
[2026-04-30T08:44:24Z] #668 attempt=1/2 status=200 0.715s url=https://www.myfonts.com/collections/gremont-arquela-font-qweera-studio/
[2026-04-30T08:44:24Z] #669 attempt=1/2 status=200 0.334s url=https://www.myfonts.com/products/regular-velmorai-1139971
[2026-04-30T08:44:25Z] #670 attempt=1/2 status=200 0.554s url=https://www.myfonts.com/collections/velmorai-font-agung-sudirman/
[2026-04-30T08:44:26Z] #671 attempt=1/2 status=200 0.369s url=https://www.myfonts.com/products/regular-sunny-chunk-1140920
[2026-04-30T08:44:26Z] #672 attempt=1/2 status=200 0.422s url=https://www.myfonts.com/collections/sunny-chunk-font-cocodesign/
[2026-04-30T08:44:27Z] #673 attempt=1/2 status=200 0.542s url=https://www.myfonts.com/products/stamp-italic-rosebite-1141313
[2026-04-30T08:44:28Z] #674 attempt=1/2 status=200 0.596s url=https://www.myfonts.com/collections/rosebite-font-graphicfresh/
[2026-04-30T08:44:29Z] #675 attempt=1/2 status=200 0.419s url=https://www.myfonts.com/products/libston-ornament-regular-fd-libston-1139786
[2026-04-30T08:44:29Z] #676 attempt=1/2 status=200 0.436s url=https://www.myfonts.com/collections/fd-libston-font-fortunes-co/
[2026-04-30T08:44:30Z] #677 attempt=1/2 status=200 0.467s url=https://www.myfonts.com/products/regular-cheery-buds-1140793
[2026-04-30T08:44:31Z] #678 attempt=1/2 status=200 0.423s url=https://www.myfonts.com/collections/cheery-buds-font-unicode-studio/
[2026-04-30T08:44:32Z] #679 attempt=1/2 status=200 0.438s url=https://www.myfonts.com/products/bold-leslie-crayon-1139721
[2026-04-30T08:44:32Z] #680 attempt=1/2 status=200 0.615s url=https://www.myfonts.com/collections/leslie-crayon-font-sipanji21/
[2026-04-30T08:44:34Z] #681 attempt=1/6 status=200 0.978s url=https://www.myfonts.com/products.json?limit=100&page=21
[2026-04-30T08:44:35Z] #682 attempt=1/2 status=200 0.450s url=https://www.myfonts.com/products/light-italic-lineon-sans-1139252
[2026-04-30T08:44:36Z] #683 attempt=1/2 status=200 0.757s url=https://www.myfonts.com/collections/lineon-sans-font-ghozai-studio/
[2026-04-30T08:44:36Z] #684 attempt=1/2 status=200 0.464s url=https://www.myfonts.com/products/italic-qontra-1139818
[2026-04-30T08:44:37Z] #685 attempt=1/2 status=200 0.494s url=https://www.myfonts.com/collections/qontra-font-qweera-studio/
[2026-04-30T08:44:38Z] #686 attempt=1/2 status=200 0.355s url=https://www.myfonts.com/products/italic-montriva-1139636
[2026-04-30T08:44:39Z] #687 attempt=1/2 status=200 0.615s url=https://www.myfonts.com/collections/montriva-font-muksal-creatives/
[2026-04-30T08:44:40Z] #688 attempt=1/2 status=200 0.738s url=https://www.myfonts.com/products/blue-knockwork-1139714
[2026-04-30T08:44:40Z] #689 attempt=1/2 status=200 0.480s url=https://www.myfonts.com/collections/knockwork-font-rashdrawn/
[2026-04-30T08:44:41Z] #690 attempt=1/2 status=200 0.489s url=https://www.myfonts.com/products/extra-light-craville-1139692
[2026-04-30T08:44:42Z] #691 attempt=1/2 status=200 0.695s url=https://www.myfonts.com/collections/craville-font-glyphminds-studios/
[2026-04-30T08:44:43Z] #692 attempt=1/2 status=200 0.438s url=https://www.myfonts.com/products/italic-absolute-glows-1140069
[2026-04-30T08:44:43Z] #693 attempt=1/2 status=200 0.422s url=https://www.myfonts.com/collections/absolute-glows-font-shakira-studio/
[2026-04-30T08:44:44Z] #694 attempt=1/2 status=200 0.490s url=https://www.myfonts.com/products/regular-valtine-1139236
[2026-04-30T08:44:45Z] #695 attempt=1/2 status=200 0.606s url=https://www.myfonts.com/collections/valtine-font-craft-supply-co/
[2026-04-30T08:44:46Z] #696 attempt=1/2 status=200 0.369s url=https://www.myfonts.com/products/regular-shelvia-montanila-sans-1140536
[2026-04-30T08:44:47Z] #697 attempt=1/2 status=200 0.969s url=https://www.myfonts.com/collections/shelvia-montanila-sans-font-arterfak-project/
[2026-04-30T08:44:47Z] #698 attempt=1/2 status=200 0.410s url=https://www.myfonts.com/products/italic-stupid-thing-1140033
[2026-04-30T08:44:48Z] #699 attempt=1/2 status=200 0.575s url=https://www.myfonts.com/collections/stupid-thing-font-pizzadudedk/
[2026-04-30T08:44:49Z] #700 attempt=1/2 status=200 0.614s url=https://www.myfonts.com/products/black-actuarius-1139685
[2026-04-30T08:44:51Z] #701 attempt=1/2 status=200 1.161s url=https://www.myfonts.com/collections/actuarius-font-eurotypo/
[2026-04-30T08:44:51Z] #702 attempt=1/2 status=200 0.422s url=https://www.myfonts.com/products/gatefor-regular-gatefor-1139283
[2026-04-30T08:44:52Z] #703 attempt=1/2 status=200 0.433s url=https://www.myfonts.com/collections/gatefor-font-razetype/
[2026-04-30T08:44:53Z] #704 attempt=1/2 status=200 0.490s url=https://www.myfonts.com/products/regular-street-legends-1140037
[2026-04-30T08:44:53Z] #705 attempt=1/2 status=200 0.362s url=https://www.myfonts.com/collections/street-legends-font-yoga-letter/
[2026-04-30T08:44:54Z] #706 attempt=1/2 status=200 0.434s url=https://www.myfonts.com/products/italic-oldpen-sunday-1139555
[2026-04-30T08:44:55Z] #707 attempt=1/2 status=200 0.370s url=https://www.myfonts.com/collections/oldpen-sunday-font-letterena-studios/
[2026-04-30T08:44:55Z] #708 attempt=1/2 status=200 0.530s url=https://www.myfonts.com/products/script-singha-prestige-1139865
[2026-04-30T08:44:56Z] #709 attempt=1/2 status=200 0.582s url=https://www.myfonts.com/collections/singha-prestige-font-burntilldead/
[2026-04-30T08:44:57Z] #710 attempt=1/2 status=200 0.464s url=https://www.myfonts.com/products/slanted-bougene-1139204
[2026-04-30T08:44:58Z] #711 attempt=1/2 status=200 0.626s url=https://www.myfonts.com/collections/bougene-font-sekyra-lab/
[2026-04-30T08:44:59Z] #712 attempt=1/2 status=200 0.518s url=https://www.myfonts.com/products/regular-walds-misery-1139282
[2026-04-30T08:44:59Z] #713 attempt=1/2 status=200 0.524s url=https://www.myfonts.com/collections/walds-misery-font-tini-fitriani/
[2026-04-30T08:45:00Z] #714 attempt=1/2 status=200 0.377s url=https://www.myfonts.com/products/regular-gc-akihiko-1139803
[2026-04-30T08:45:01Z] #715 attempt=1/2 status=200 1.082s url=https://www.myfonts.com/collections/gc-akihiko-font-onyx-studio/
[2026-04-30T08:45:02Z] #716 attempt=1/2 status=200 0.558s url=https://www.myfonts.com/products/black-wasa-1139629
[2026-04-30T08:45:03Z] #717 attempt=1/2 status=200 0.770s url=https://www.myfonts.com/collections/wasa-font-pizzatypefaces/
[2026-04-30T08:45:04Z] #718 attempt=1/2 status=200 0.382s url=https://www.myfonts.com/products/regular-zathura-1141240
[2026-04-30T08:45:04Z] #719 attempt=1/2 status=200 0.341s url=https://www.myfonts.com/collections/zathura-font-flawlessandco/
[2026-04-30T08:45:05Z] #720 attempt=1/2 status=200 0.321s url=https://www.myfonts.com/products/regular-roowgen-1139269
[2026-04-30T08:45:06Z] #721 attempt=1/2 status=200 0.477s url=https://www.myfonts.com/collections/roowgen-font-qweera-studio/
[2026-04-30T08:45:06Z] #722 attempt=1/2 status=200 0.483s url=https://www.myfonts.com/products/italic-oyko-1139195
[2026-04-30T08:45:07Z] #723 attempt=1/2 status=200 0.769s url=https://www.myfonts.com/collections/oyko-font-the-northern-block/
[2026-04-30T08:45:08Z] #724 attempt=1/2 status=200 0.330s url=https://www.myfonts.com/products/oblique-lawthis-1139795
[2026-04-30T08:45:09Z] #725 attempt=1/2 status=200 0.470s url=https://www.myfonts.com/collections/lawthis-font-burntilldead/
[2026-04-30T08:45:09Z] #726 attempt=1/2 status=200 0.355s url=https://www.myfonts.com/products/regular-lick-your-heart-1140497
[2026-04-30T08:45:10Z] #727 attempt=1/2 status=200 0.524s url=https://www.myfonts.com/collections/lick-your-heart-font-pizzadudedk/
[2026-04-30T08:45:11Z] #728 attempt=1/2 status=200 0.395s url=https://www.myfonts.com/products/regular-biegen-1139238
[2026-04-30T08:45:12Z] #729 attempt=1/2 status=200 0.623s url=https://www.myfonts.com/collections/biegen-font-akanksha-rawat/
[2026-04-30T08:45:12Z] #730 attempt=1/2 status=200 0.394s url=https://www.myfonts.com/products/condensed-gw-lazor-1141200
[2026-04-30T08:45:13Z] #731 attempt=1/2 status=200 0.483s url=https://www.myfonts.com/collections/gw-lazor-font-goodwheel-studio/
[2026-04-30T08:45:14Z] #732 attempt=1/2 status=200 0.569s url=https://www.myfonts.com/products/regular-saddle-nomad-1139845
[2026-04-30T08:45:15Z] #733 attempt=1/2 status=200 0.473s url=https://www.myfonts.com/collections/saddle-nomad-font-letterena-studios/
[2026-04-30T08:45:16Z] #734 attempt=1/2 status=200 0.736s url=https://www.myfonts.com/products/extra-bold-italic-plakart-1139615
[2026-04-30T08:45:17Z] #735 attempt=1/2 status=200 0.971s url=https://www.myfonts.com/collections/plakart-font-mabutype/
[2026-04-30T08:45:18Z] #736 attempt=1/2 status=200 0.628s url=https://www.myfonts.com/products/italic-gradvis-1139743
[2026-04-30T08:45:19Z] #737 attempt=1/2 status=200 0.963s url=https://www.myfonts.com/collections/gradvis-font-heinzel-std/
[2026-04-30T08:45:20Z] #738 attempt=1/2 status=200 0.442s url=https://www.myfonts.com/products/medium-knul-1139184
[2026-04-30T08:45:21Z] #739 attempt=1/2 status=200 0.909s url=https://www.myfonts.com/collections/knul-font-the-northern-block/
[2026-04-30T08:45:21Z] #740 attempt=1/2 status=200 0.351s url=https://www.myfonts.com/products/regular-lomoonic-1139565
[2026-04-30T08:45:22Z] #741 attempt=1/2 status=200 0.362s url=https://www.myfonts.com/collections/lomoonic-font-rasio-studio/
[2026-04-30T08:45:23Z] #742 attempt=1/2 status=200 0.338s url=https://www.myfonts.com/products/regular-easter-dreams-1139205
[2026-04-30T08:45:23Z] #743 attempt=1/2 status=200 0.421s url=https://www.myfonts.com/collections/easter-dreams-font-yoga-letter/
[2026-04-30T08:45:24Z] #744 attempt=1/2 status=200 0.392s url=https://www.myfonts.com/products/regular-rose-amoure-1140448
[2026-04-30T08:45:24Z] #745 attempt=1/2 status=200 0.291s url=https://www.myfonts.com/collections/rose-amoure-font-ergibi-studio/
[2026-04-30T08:45:25Z] #746 attempt=1/2 status=200 0.560s url=https://www.myfonts.com/products/black-viale-1139174
[2026-04-30T08:45:26Z] #747 attempt=1/2 status=200 0.626s url=https://www.myfonts.com/collections/viale-font-paratype/
[2026-04-30T08:45:27Z] #748 attempt=1/2 status=200 0.308s url=https://www.myfonts.com/products/italic-club-vacation-1139558
[2026-04-30T08:45:28Z] #749 attempt=1/2 status=200 0.716s url=https://www.myfonts.com/collections/club-vacation-font-letterena-studios/
[2026-04-30T08:45:28Z] #750 attempt=1/2 status=200 0.532s url=https://www.myfonts.com/products/regular-north-eternal-1140797
[2026-04-30T08:45:29Z] #751 attempt=1/2 status=200 0.428s url=https://www.myfonts.com/collections/north-eternal-font-denustudio/
[2026-04-30T08:45:30Z] #752 attempt=1/2 status=200 0.548s url=https://www.myfonts.com/products/regular-chanel-gleminore-1140437
[2026-04-30T08:45:31Z] #753 attempt=1/2 status=200 0.578s url=https://www.myfonts.com/collections/chanel-gleminore-font-timelesstype-studio/
[2026-04-30T08:45:32Z] #754 attempt=1/2 status=200 0.655s url=https://www.myfonts.com/products/regular-book-tittle-1139380
[2026-04-30T08:45:32Z] #755 attempt=1/2 status=200 0.392s url=https://www.myfonts.com/collections/book-tittle-font-sensatype-studio/
[2026-04-30T08:45:33Z] #756 attempt=1/2 status=200 0.472s url=https://www.myfonts.com/products/sans-outline-perfect-relationship-1139734
[2026-04-30T08:45:34Z] #757 attempt=1/2 status=200 0.564s url=https://www.myfonts.com/collections/perfect-relationship-font-agny-hasya-studio/
[2026-04-30T08:45:35Z] #758 attempt=1/2 status=200 0.487s url=https://www.myfonts.com/products/two-chaos-block-1139812
[2026-04-30T08:45:35Z] #759 attempt=1/2 status=200 0.515s url=https://www.myfonts.com/collections/chaos-block-font-cocodesign/
[2026-04-30T08:45:36Z] #760 attempt=1/2 status=200 0.321s url=https://www.myfonts.com/products/regular-smile-hug-1140389
[2026-04-30T08:45:37Z] #761 attempt=1/2 status=200 0.665s url=https://www.myfonts.com/collections/smile-hug-font-letterena-studios/
[2026-04-30T08:45:38Z] #762 attempt=1/6 status=200 0.897s url=https://www.myfonts.com/products.json?limit=100&page=22
[2026-04-30T08:45:39Z] #763 attempt=1/2 status=200 0.346s url=https://www.myfonts.com/products/oblique-monety-1139798
[2026-04-30T08:45:40Z] #764 attempt=1/2 status=200 0.593s url=https://www.myfonts.com/collections/monety-font-burntilldead/
[2026-04-30T08:45:40Z] #765 attempt=1/2 status=200 0.386s url=https://www.myfonts.com/products/regular-zafira-1140180
[2026-04-30T08:45:41Z] #766 attempt=1/2 status=200 0.381s url=https://www.myfonts.com/collections/zafira-font-hipfonts/
[2026-04-30T08:45:42Z] #767 attempt=1/2 status=200 0.403s url=https://www.myfonts.com/products/italic-rokke-1139306
[2026-04-30T08:45:42Z] #768 attempt=1/2 status=200 0.463s url=https://www.myfonts.com/collections/rokke-font-artiveko/
[2026-04-30T08:45:43Z] #769 attempt=1/2 status=200 0.515s url=https://www.myfonts.com/products/bold-burger-riot-1139398
[2026-04-30T08:45:44Z] #770 attempt=1/2 status=200 0.596s url=https://www.myfonts.com/collections/burger-riot-font-shanaf/
[2026-04-30T08:45:45Z] #771 attempt=1/2 status=200 0.429s url=https://www.myfonts.com/products/regular-ruthype-kongesti-1140556
[2026-04-30T08:45:45Z] #772 attempt=1/2 status=200 0.444s url=https://www.myfonts.com/collections/ruthype-kongesti-font-stylishtype-studio/
[2026-04-30T08:45:46Z] #773 attempt=1/2 status=200 0.524s url=https://www.myfonts.com/products/extra-bold-italic-sunfola-1139315
[2026-04-30T08:45:47Z] #774 attempt=1/2 status=200 1.106s url=https://www.myfonts.com/collections/sunfola-font-ghozai-studio/
[2026-04-30T08:45:48Z] #775 attempt=1/2 status=200 0.424s url=https://www.myfonts.com/products/slant-regular-monofrik-1139664
[2026-04-30T08:45:49Z] #776 attempt=1/2 status=200 0.687s url=https://www.myfonts.com/collections/monofrik-font-glyphminds-studios/
[2026-04-30T08:45:50Z] #777 attempt=1/2 status=200 0.353s url=https://www.myfonts.com/products/italic-bogra-1139730
[2026-04-30T08:45:51Z] #778 attempt=1/2 status=200 0.586s url=https://www.myfonts.com/collections/bogra-font-grontype/
[2026-04-30T08:45:51Z] #779 attempt=1/2 status=200 0.529s url=https://www.myfonts.com/products/medium-monch-neue-script-1139295
[2026-04-30T08:45:53Z] #780 attempt=1/2 status=200 1.173s url=https://www.myfonts.com/collections/monch-neue-script-font-monovo/
[2026-04-30T08:45:53Z] #781 attempt=1/2 status=200 0.404s url=https://www.myfonts.com/products/regular-cynode-1139232
[2026-04-30T08:45:54Z] #782 attempt=1/2 status=200 0.654s url=https://www.myfonts.com/collections/cynode-font-craft-supply-co/
[2026-04-30T08:45:55Z] #783 attempt=1/2 status=200 0.385s url=https://www.myfonts.com/products/italic-orsted-1139281
[2026-04-30T08:45:56Z] #784 attempt=1/2 status=200 0.533s url=https://www.myfonts.com/collections/orsted-font-tini-fitriani/
[2026-04-30T08:45:56Z] #785 attempt=1/2 status=200 0.520s url=https://www.myfonts.com/products/rough-avocado-hand-1139649
[2026-04-30T08:45:58Z] #786 attempt=1/2 status=200 1.213s url=https://www.myfonts.com/collections/avocado-hand-font-typographicdesign/
[2026-04-30T08:45:59Z] #787 attempt=1/2 status=200 0.475s url=https://www.myfonts.com/products/regular-krochi-1139723
[2026-04-30T08:46:00Z] #788 attempt=1/2 status=200 0.757s url=https://www.myfonts.com/collections/krochi-font-grontype/
[2026-04-30T08:46:00Z] #789 attempt=1/2 status=200 0.516s url=https://www.myfonts.com/products/italic-sm-ex-regular-medvilea-editorial-1140549
[2026-04-30T08:46:02Z] #790 attempt=1/2 status=200 0.828s url=https://www.myfonts.com/collections/medvilea-editorial-font-logic-type/
[2026-04-30T08:46:02Z] #791 attempt=1/2 status=200 0.493s url=https://www.myfonts.com/products/regular-grady-1125665
[2026-04-30T08:46:03Z] #792 attempt=1/2 status=200 0.370s url=https://www.myfonts.com/collections/grady-font-sensatype-studio/
[2026-04-30T08:46:04Z] #793 attempt=1/2 status=200 0.394s url=https://www.myfonts.com/products/extra-bold-zenvora-1139645
[2026-04-30T08:46:04Z] #794 attempt=1/2 status=200 0.547s url=https://www.myfonts.com/collections/zenvora-font-muksal-creatives/
[2026-04-30T08:46:05Z] #795 attempt=1/2 status=200 0.388s url=https://www.myfonts.com/products/ranove-regular-ranove-1139245
[2026-04-30T08:46:06Z] #796 attempt=1/2 status=200 0.382s url=https://www.myfonts.com/collections/ranove-font-qiubare-studio/
[2026-04-30T08:46:06Z] #797 attempt=1/2 status=200 0.377s url=https://www.myfonts.com/products/regular-miyukatsu-1139243
[2026-04-30T08:46:07Z] #798 attempt=1/2 status=200 0.549s url=https://www.myfonts.com/collections/miyukatsu-font-typeclassheroes/
[2026-04-30T08:46:08Z] #799 attempt=1/2 status=200 0.329s url=https://www.myfonts.com/products/regular-alestiqua-1139240
[2026-04-30T08:46:08Z] #800 attempt=1/2 status=200 0.377s url=https://www.myfonts.com/collections/alestiqua-font-rasio-studio/
[2026-04-30T08:46:09Z] #801 attempt=1/2 status=200 0.380s url=https://www.myfonts.com/products/regular-curator-mx-1139207
[2026-04-30T08:46:09Z] #802 attempt=1/2 status=200 0.340s url=https://www.myfonts.com/collections/curator-mx-font-etewut/
[2026-04-30T08:46:10Z] #803 attempt=1/2 status=200 0.316s url=https://www.myfonts.com/products/regular-garitz-1140041
[2026-04-30T08:46:11Z] #804 attempt=1/2 status=200 0.298s url=https://www.myfonts.com/collections/garitz-font-sealoung/
[2026-04-30T08:46:11Z] #805 attempt=1/2 status=200 0.470s url=https://www.myfonts.com/products/narrow-slant-hn-rowka-mono-1141387
[2026-04-30T08:46:12Z] #806 attempt=1/2 status=200 0.907s url=https://www.myfonts.com/collections/hn-rowka-mono-font-hora-nocte-type-foundry/
[2026-04-30T08:46:13Z] #807 attempt=1/2 status=200 0.734s url=https://www.myfonts.com/products/cond-black-zekton-1133670
[2026-04-30T08:46:15Z] #808 attempt=1/2 status=200 1.073s url=https://www.myfonts.com/collections/zekton-font-typodermic/
[2026-04-30T08:46:15Z] #809 attempt=1/2 status=200 0.315s url=https://www.myfonts.com/products/italic-dusty-indigo-1140531
[2026-04-30T08:46:16Z] #810 attempt=1/2 status=200 0.428s url=https://www.myfonts.com/collections/dusty-indigo-font-stylishtype-studio/
[2026-04-30T08:46:17Z] #811 attempt=1/2 status=200 0.371s url=https://www.myfonts.com/products/regular-antex-1120287
[2026-04-30T08:46:17Z] #812 attempt=1/2 status=200 0.535s url=https://www.myfonts.com/collections/antex-font-casloop-studio/
[2026-04-30T08:46:18Z] #813 attempt=1/2 status=200 0.555s url=https://www.myfonts.com/products/extra-light-galante-1115833
[2026-04-30T08:46:19Z] #814 attempt=1/2 status=200 0.619s url=https://www.myfonts.com/collections/galante-font-sensatype-studio/
[2026-04-30T08:46:20Z] #815 attempt=1/2 status=200 0.585s url=https://www.myfonts.com/products/regular-yanchep-1115841
[2026-04-30T08:46:21Z] #816 attempt=1/2 status=200 0.664s url=https://www.myfonts.com/collections/yanchep-font-epiclinez/
[2026-04-30T08:46:22Z] #817 attempt=1/2 status=200 0.629s url=https://www.myfonts.com/products/oblique-blinko-1141335
[2026-04-30T08:46:23Z] #818 attempt=1/2 status=200 0.484s url=https://www.myfonts.com/collections/blinko-font-jafar07/
[2026-04-30T08:46:24Z] #819 attempt=1/6 status=200 0.914s url=https://www.myfonts.com/products.json?limit=100&page=23
[2026-04-30T08:46:25Z] #820 attempt=1/2 status=200 0.448s url=https://www.myfonts.com/products/regular-rude-brush-1140027
[2026-04-30T08:46:25Z] #821 attempt=1/2 status=200 0.415s url=https://www.myfonts.com/collections/rude-brush-font-inviline/
[2026-04-30T08:46:26Z] #822 attempt=1/2 status=200 0.398s url=https://www.myfonts.com/products/oblique-golera-boldise-1139578
[2026-04-30T08:46:27Z] #823 attempt=1/2 status=200 0.556s url=https://www.myfonts.com/collections/golera-boldise-font-viaction-type/
[2026-04-30T08:46:28Z] #824 attempt=1/2 status=200 0.548s url=https://www.myfonts.com/products/regular-sour-candy-1141407
[2026-04-30T08:46:28Z] #825 attempt=1/2 status=200 0.442s url=https://www.myfonts.com/collections/sour-candy-font-littlehand/
[2026-04-30T08:46:29Z] #826 attempt=1/2 status=200 0.427s url=https://www.myfonts.com/products/regular-jalvair-1141332
[2026-04-30T08:46:30Z] #827 attempt=1/2 status=200 0.339s url=https://www.myfonts.com/collections/jalvair-font-youthlabs/
[2026-04-30T08:46:30Z] #828 attempt=1/2 status=200 0.345s url=https://www.myfonts.com/products/regular-sfc-southbased-1139587
[2026-04-30T08:46:31Z] #829 attempt=1/2 status=200 0.652s url=https://www.myfonts.com/collections/sfc-southbased-font-skilline-fonts-co/
[2026-04-30T08:46:32Z] #830 attempt=1/2 status=200 0.370s url=https://www.myfonts.com/products/regular-neo-vector-1139544
[2026-04-30T08:46:32Z] #831 attempt=1/2 status=200 0.554s url=https://www.myfonts.com/collections/neo-vector-font-rasio-studio/
[2026-04-30T08:46:33Z] #832 attempt=1/2 status=200 0.335s url=https://www.myfonts.com/products/script-mellow-coffee-1141345
[2026-04-30T08:46:34Z] #833 attempt=1/2 status=200 0.519s url=https://www.myfonts.com/collections/mellow-coffee-font-agny-hasya-studio/
[2026-04-30T08:46:35Z] #834 attempt=1/2 status=200 0.549s url=https://www.myfonts.com/products/distort-zubble-1141078
[2026-04-30T08:46:35Z] #835 attempt=1/2 status=200 0.547s url=https://www.myfonts.com/collections/zubble-font-enfeeltype/
[2026-04-30T08:46:36Z] #836 attempt=1/2 status=200 0.589s url=https://www.myfonts.com/products/distort-bafitte-1139574
[2026-04-30T08:46:37Z] #837 attempt=1/2 status=200 0.654s url=https://www.myfonts.com/collections/bafitte-font-grontype/
[2026-04-30T08:46:38Z] #838 attempt=1/2 status=200 0.346s url=https://www.myfonts.com/products/grunge-borad-1139551
[2026-04-30T08:46:39Z] #839 attempt=1/2 status=200 0.719s url=https://www.myfonts.com/collections/borad-font-vyantype-studio/
[2026-04-30T08:46:39Z] #840 attempt=1/2 status=200 0.383s url=https://www.myfonts.com/products/regular-denieda-marceline-1141236
[2026-04-30T08:46:40Z] #841 attempt=1/2 status=200 0.607s url=https://www.myfonts.com/collections/denieda-marceline-font-letterena-studios/
[2026-04-30T08:46:41Z] #842 attempt=1/2 status=200 0.421s url=https://www.myfonts.com/products/regular-delightfully-1141227
[2026-04-30T08:46:41Z] #843 attempt=1/2 status=200 0.300s url=https://www.myfonts.com/collections/delightfully-font-alpaprana/
[2026-04-30T08:46:42Z] #844 attempt=1/2 status=200 0.496s url=https://www.myfonts.com/products/bold-italic-proscenium-slab-1141220
[2026-04-30T08:46:43Z] #845 attempt=1/2 status=200 0.686s url=https://www.myfonts.com/collections/proscenium-slab-font-wings-art-studio/
[2026-04-30T08:46:44Z] #846 attempt=1/2 status=200 0.350s url=https://www.myfonts.com/products/regular-brumello-1139820
[2026-04-30T08:46:44Z] #847 attempt=1/2 status=200 0.303s url=https://www.myfonts.com/collections/brumello-font-inviline/
[2026-04-30T08:46:45Z] #848 attempt=1/2 status=200 0.336s url=https://www.myfonts.com/products/serif-regular-avore-1120281
[2026-04-30T08:46:46Z] #849 attempt=1/2 status=200 0.766s url=https://www.myfonts.com/collections/avore-font-nirmana-visual/
[2026-04-30T08:46:46Z] #850 attempt=1/2 status=200 0.311s url=https://www.myfonts.com/products/regular-quory-1140423
[2026-04-30T08:46:47Z] #851 attempt=1/2 status=200 0.836s url=https://www.myfonts.com/collections/quory-font-artiveko/
[2026-04-30T08:46:48Z] #852 attempt=1/2 status=200 0.377s url=https://www.myfonts.com/products/regular-aphilles-1141159
[2026-04-30T08:46:49Z] #853 attempt=1/2 status=200 0.541s url=https://www.myfonts.com/collections/aphilles-font-heinzel-std/
[2026-04-30T08:46:50Z] #854 attempt=1/2 status=200 0.410s url=https://www.myfonts.com/products/outline-pg-vintagor-1141157
[2026-04-30T08:46:50Z] #855 attempt=1/2 status=200 0.595s url=https://www.myfonts.com/collections/pg-vintagor-font-pretty-glyphs/
[2026-04-30T08:46:51Z] #856 attempt=1/2 status=200 0.429s url=https://www.myfonts.com/products/regular-honey-mattel-brush-1141123
[2026-04-30T08:46:52Z] #857 attempt=1/2 status=200 0.374s url=https://www.myfonts.com/collections/honey-mattel-brush-font-tebaltipis-studio/
[2026-04-30T08:46:52Z] #858 attempt=1/2 status=200 0.364s url=https://www.myfonts.com/products/italic-moments-simple-journaling-1140416
[2026-04-30T08:46:53Z] #859 attempt=1/2 status=200 0.557s url=https://www.myfonts.com/collections/moments-simple-journaling-font-letterena-studios/
[2026-04-30T08:46:54Z] #860 attempt=1/2 status=200 0.351s url=https://www.myfonts.com/products/moris-regular-morisan-1141098
[2026-04-30T08:46:54Z] #861 attempt=1/2 status=200 0.334s url=https://www.myfonts.com/collections/morisan-font-bayuktx/
[2026-04-30T08:46:55Z] #862 attempt=1/2 status=200 0.509s url=https://www.myfonts.com/products/regular-djamoed-1141093
[2026-04-30T08:46:56Z] #863 attempt=1/2 status=200 0.467s url=https://www.myfonts.com/collections/djamoed-font-bayuktx/
[2026-04-30T08:46:57Z] #864 attempt=1/2 status=200 0.534s url=https://www.myfonts.com/products/regular-beverly-sage-1140409
[2026-04-30T08:46:57Z] #865 attempt=1/2 status=200 0.368s url=https://www.myfonts.com/collections/beverly-sage-font-bluestype-studio/
[2026-04-30T08:46:58Z] #866 attempt=1/2 status=200 0.382s url=https://www.myfonts.com/products/italic-ghostoy-charless-1139727
[2026-04-30T08:46:59Z] #867 attempt=1/2 status=200 0.464s url=https://www.myfonts.com/collections/ghostoy-charless-font-stylishtype-studio/
[2026-04-30T08:46:59Z] #868 attempt=1/2 status=200 0.413s url=https://www.myfonts.com/products/regular-binko-1140402
[2026-04-30T08:47:00Z] #869 attempt=1/2 status=200 0.398s url=https://www.myfonts.com/collections/binko-font-razetype/
[2026-04-30T08:47:01Z] #870 attempt=1/6 status=200 0.826s url=https://www.myfonts.com/products.json?limit=100&page=24
[2026-04-30T08:47:02Z] #871 attempt=1/2 status=200 0.435s url=https://www.myfonts.com/products/regular-delica-sitteen-1120289
[2026-04-30T08:47:02Z] #872 attempt=1/2 status=200 0.301s url=https://www.myfonts.com/collections/delica-sitteen-font-basnistudio/
[2026-04-30T08:47:03Z] #873 attempt=1/2 status=200 0.456s url=https://www.myfonts.com/products/regular-superior-actioned-1140182
[2026-04-30T08:47:04Z] #874 attempt=1/2 status=200 0.606s url=https://www.myfonts.com/collections/superior-actioned-font-letterhend/
[2026-04-30T08:47:05Z] #875 attempt=1/2 status=200 0.543s url=https://www.myfonts.com/products/regular-metaor-aftershift-1139709
[2026-04-30T08:47:06Z] #876 attempt=1/2 status=200 0.810s url=https://www.myfonts.com/collections/metaor-aftershift-font-amorfa-type/
[2026-04-30T08:47:07Z] #877 attempt=1/2 status=200 0.479s url=https://www.myfonts.com/products/rough-grillhaus-1141376
[2026-04-30T08:47:07Z] #878 attempt=1/2 status=200 0.509s url=https://www.myfonts.com/collections/grillhaus-font-vozzy/
[2026-04-30T08:47:08Z] #879 attempt=1/2 status=200 0.396s url=https://www.myfonts.com/products/regular-wija-oghi-1140175
[2026-04-30T08:47:08Z] #880 attempt=1/2 status=200 0.295s url=https://www.myfonts.com/collections/wija-oghi-font-ergibi-studio/
[2026-04-30T08:47:09Z] #881 attempt=1/2 status=200 0.366s url=https://www.myfonts.com/products/regular-fake-plastic-brush-1140125
[2026-04-30T08:47:10Z] #882 attempt=1/2 status=200 0.603s url=https://www.myfonts.com/collections/fake-plastic-brush-font-ferry-ardana-putra/
[2026-04-30T08:47:11Z] #883 attempt=1/2 status=200 0.317s url=https://www.myfonts.com/products/regular-agifted-1141348
[2026-04-30T08:47:11Z] #884 attempt=1/2 status=200 0.409s url=https://www.myfonts.com/collections/agifted-font-flawlessandco/
[2026-04-30T08:47:12Z] #885 attempt=1/2 status=200 0.352s url=https://www.myfonts.com/products/regular-offwall-1141315
[2026-04-30T08:47:12Z] #886 attempt=1/2 status=200 0.414s url=https://www.myfonts.com/collections/offwall-font-eotype/
[2026-04-30T08:47:13Z] #887 attempt=1/2 status=200 0.317s url=https://www.myfonts.com/products/regular-hypno-style-1090328
[2026-04-30T08:47:14Z] #888 attempt=1/2 status=200 0.554s url=https://www.myfonts.com/collections/hypno-style-font-hatftype/
[2026-04-30T08:47:15Z] #889 attempt=1/2 status=200 0.451s url=https://www.myfonts.com/products/rough-ghost-ship-1141379
[2026-04-30T08:47:15Z] #890 attempt=1/2 status=200 0.678s url=https://www.myfonts.com/collections/ghost-ship-font-vozzy/
[2026-04-30T08:47:16Z] #891 attempt=1/2 status=200 0.351s url=https://www.myfonts.com/products/regular-straight-others-1139385
[2026-04-30T08:47:17Z] #892 attempt=1/2 status=200 0.619s url=https://www.myfonts.com/collections/straight-others-font-stylishtype-studio/
[2026-04-30T08:47:18Z] #893 attempt=1/2 status=200 0.372s url=https://www.myfonts.com/products/regular-bubbly-bear-1141323
[2026-04-30T08:47:18Z] #894 attempt=1/2 status=200 0.435s url=https://www.myfonts.com/collections/bubbly-bear-font-graphicfresh/
[2026-04-30T08:47:19Z] #895 attempt=1/2 status=200 0.426s url=https://www.myfonts.com/products/regular-regular-moventra-1140071
[2026-04-30T08:47:20Z] #896 attempt=1/2 status=200 0.531s url=https://www.myfonts.com/collections/moventra-font-moontiontype/
[2026-04-30T08:47:20Z] #897 attempt=1/2 status=200 0.325s url=https://www.myfonts.com/products/regular-revionis-1141241
[2026-04-30T08:47:21Z] #898 attempt=1/2 status=200 0.319s url=https://www.myfonts.com/collections/revionis-font-flawlessandco/
[2026-04-30T08:47:21Z] #899 attempt=1/2 status=200 0.327s url=https://www.myfonts.com/products/outline-flarex-1139383
[2026-04-30T08:47:22Z] #900 attempt=1/2 status=200 0.573s url=https://www.myfonts.com/collections/flarex-font-sensatype-studio/
[2026-04-30T08:47:24Z] #901 attempt=1/6 status=200 0.951s url=https://www.myfonts.com/products.json?limit=100&page=25
[2026-04-30T08:47:24Z] #902 attempt=1/2 status=200 0.321s url=https://www.myfonts.com/products/regular-great-publicity-1139571
[2026-04-30T08:47:25Z] #903 attempt=1/2 status=200 0.375s url=https://www.myfonts.com/collections/great-publicity-font-bale-type/
[2026-04-30T08:47:25Z] #904 attempt=1/2 status=200 0.354s url=https://www.myfonts.com/products/regular-polvian-1141234
[2026-04-30T08:47:26Z] #905 attempt=1/2 status=200 0.429s url=https://www.myfonts.com/collections/polvian-font-only-fonts/
[2026-04-30T08:47:27Z] #906 attempt=1/2 status=200 0.344s url=https://www.myfonts.com/products/regular-lenkiro-1139822
[2026-04-30T08:47:28Z] #907 attempt=1/2 status=200 0.597s url=https://www.myfonts.com/collections/lenkiro-font-qweera-studio/
[2026-04-30T08:47:28Z] #908 attempt=1/2 status=200 0.382s url=https://www.myfonts.com/products/regular-blood-thirsty-667-1141161
[2026-04-30T08:47:29Z] #909 attempt=1/2 status=200 0.381s url=https://www.myfonts.com/collections/blood-thirsty-667-font-remedy667/
[2026-04-30T08:47:30Z] #910 attempt=1/2 status=200 0.603s url=https://www.myfonts.com/products/regular-borneo-1139570
[2026-04-30T08:47:30Z] #911 attempt=1/2 status=200 0.490s url=https://www.myfonts.com/collections/borneo-font-imoodev/
[2026-04-30T08:47:31Z] #912 attempt=1/2 status=200 0.357s url=https://www.myfonts.com/products/regular-iron-smith-1139814
[2026-04-30T08:47:32Z] #913 attempt=1/2 status=200 0.357s url=https://www.myfonts.com/collections/iron-smith-font-ikiikowrk/
[2026-04-30T08:47:32Z] #914 attempt=1/2 status=200 0.385s url=https://www.myfonts.com/products/regular-outlined-1141210
[2026-04-30T08:47:33Z] #915 attempt=1/2 status=200 0.353s url=https://www.myfonts.com/collections/outlined-font-mjb-letters/
[2026-04-30T08:47:34Z] #916 attempt=1/2 status=200 0.444s url=https://www.myfonts.com/products/regular-pluralism-1141193
[2026-04-30T08:47:34Z] #917 attempt=1/2 status=200 0.367s url=https://www.myfonts.com/collections/pluralism-font-flawlessandco/
[2026-04-30T08:47:35Z] #918 attempt=1/2 status=200 0.317s url=https://www.myfonts.com/products/serif-bastide-celestine-1139346
[2026-04-30T08:47:35Z] #919 attempt=1/2 status=200 0.459s url=https://www.myfonts.com/collections/bastide-celestine-font-elvina-studio/
[2026-04-30T08:47:36Z] #920 attempt=1/2 status=200 0.374s url=https://www.myfonts.com/products/regular-nirvana-1141226
[2026-04-30T08:47:37Z] #921 attempt=1/2 status=200 0.362s url=https://www.myfonts.com/collections/nirvana-font-designsuh/
[2026-04-30T08:47:37Z] #922 attempt=1/2 status=200 0.361s url=https://www.myfonts.com/products/display-gridded-1140453
[2026-04-30T08:47:38Z] #923 attempt=1/2 status=200 0.327s url=https://www.myfonts.com/collections/gridded-font-lit-typefaces/
[2026-04-30T08:47:38Z] #924 attempt=1/2 status=200 0.330s url=https://www.myfonts.com/products/regular-botanica-whimsy-1139333
[2026-04-30T08:47:39Z] #925 attempt=1/2 status=200 0.390s url=https://www.myfonts.com/collections/botanica-whimsy-font-alit-design/
[2026-04-30T08:47:40Z] #926 attempt=1/2 status=200 0.367s url=https://www.myfonts.com/products/stamp-italic-burdock-1141321
[2026-04-30T08:47:41Z] #927 attempt=1/2 status=200 0.756s url=https://www.myfonts.com/collections/burdock-font-graphicfresh/
[2026-04-30T08:47:41Z] #928 attempt=1/2 status=200 0.420s url=https://www.myfonts.com/products/regular-teenage-parties-1140029
[2026-04-30T08:47:42Z] #929 attempt=1/2 status=200 0.584s url=https://www.myfonts.com/collections/teenage-parties-font-pizzadudedk/
[2026-04-30T08:47:43Z] #930 attempt=1/2 status=200 0.497s url=https://www.myfonts.com/products/regular-alqeon-1141150
[2026-04-30T08:47:44Z] #931 attempt=1/2 status=200 0.495s url=https://www.myfonts.com/collections/alqeon-font-zaain-type/
[2026-04-30T08:47:44Z] #932 attempt=1/2 status=200 0.341s url=https://www.myfonts.com/products/italic-hecta-ahera-1141121
[2026-04-30T08:47:45Z] #933 attempt=1/2 status=200 0.508s url=https://www.myfonts.com/collections/hecta-ahera-font-rvandtype/
[2026-04-30T08:47:46Z] #934 attempt=1/2 status=200 0.359s url=https://www.myfonts.com/products/regular-driveform-1140457
[2026-04-30T08:47:46Z] #935 attempt=1/2 status=200 0.364s url=https://www.myfonts.com/collections/driveform-font-hipfonts/
[2026-04-30T08:47:47Z] #936 attempt=1/2 status=200 0.459s url=https://www.myfonts.com/products/slanted-segatra-1141270
[2026-04-30T08:47:48Z] #937 attempt=1/2 status=200 0.537s url=https://www.myfonts.com/collections/segatra-font-sekyra-lab/
[2026-04-30T08:47:48Z] #938 attempt=1/2 status=200 0.339s url=https://www.myfonts.com/products/regular-rainy-weather-1141122
[2026-04-30T08:47:49Z] #939 attempt=1/2 status=200 0.316s url=https://www.myfonts.com/collections/rainy-weather-font-epiclinez/
[2026-04-30T08:47:49Z] summary releases=0 first_429=None log_file=state/myfonts_run_20260430_083317.log
[2026-04-30T08:47:49Z] === MyFonts crawl end ===
