[2026-06-12T10:26:24Z] checkpoint fresh next_page=1 path=state/myfonts_crawl_checkpoint.json
[2026-06-12T10:26:24Z] === MyFonts crawl start source=myfonts ===
[2026-06-12T10:26:24Z] config max_pages=25 page_size=100 start_date=2026-06-11 end_date=2026-06-12 api_delay=0.5s detail_delay=0.2s max_debut_checks=400 max_tech_specs_checks=200 reuse_success_profile=False always_enrich_packages=True language_script_signal_mode=strong force_fresh_run=False start_page=1 browser_mode=False browser_headless=True browser_storage_state_path=state/myfonts_storage_state.json
[2026-06-12T10:26:26Z] #1 attempt=1/6 status=200 1.002s url=https://www.myfonts.com/products.json?limit=100&page=1
[2026-06-12T10:26:27Z] #2 attempt=1/2 status=200 0.605s url=https://www.myfonts.com/products/effimera-complete-family-package-1164616
[2026-06-12T10:26:28Z] #3 attempt=1/2 status=200 0.778s url=https://www.myfonts.com/collections/effimera-font-resistenza/
[2026-06-12T10:26:28Z] #4 attempt=1/2 status=200 0.167s url=https://www.myfonts.com/collections/effimera-font-resistenza/?tab=techSpecs
[2026-06-12T10:26:30Z] #5 attempt=1/2 status=200 0.778s url=https://www.myfonts.com/products/serif-italic-light-expanded-hattrick-1167182
[2026-06-12T10:26:31Z] #6 attempt=1/2 status=200 1.453s url=https://www.myfonts.com/collections/hattrick-font-without-foundry/
[2026-06-12T10:26:34Z] #7 attempt=1/2 status=200 2.189s url=https://www.myfonts.com/collections/hattrick-font-without-foundry/?tab=techSpecs
[2026-06-12T10:26:35Z] #8 attempt=1/2 status=200 0.337s url=https://www.myfonts.com/products/regular-bramonia-deactivated-1045986
[2026-06-12T10:26:36Z] #9 attempt=1/2 status=200 0.317s url=https://www.myfonts.com/collections/bramonia-deactivated-font-rantau-type/
[2026-06-12T10:26:37Z] #10 attempt=1/2 status=200 0.289s url=https://www.myfonts.com/collections/bramonia-deactivated-font-rantau-type/?tab=techSpecs
[2026-06-12T10:26:37Z] #11 attempt=1/2 status=200 0.344s url=https://www.myfonts.com/products/italic-leonice-deactivated-1045900
[2026-06-12T10:26:38Z] #12 attempt=1/2 status=200 0.230s url=https://www.myfonts.com/collections/leonice-deactivated-font-eotype/
[2026-06-12T10:26:38Z] #13 attempt=1/2 status=200 0.174s url=https://www.myfonts.com/collections/leonice-deactivated-font-eotype/?tab=techSpecs
[2026-06-12T10:26:39Z] #14 attempt=1/2 status=200 0.241s url=https://www.myfonts.com/collections/leonice-deactivated-font-eotype/
[2026-06-12T10:26:39Z] #15 attempt=1/2 status=404 0.180s url=https://www.myfonts.com/collections/italic-leonice-deactivated-1045900-font-eotype
[2026-06-12T10:26:40Z] #16 attempt=1/2 status=200 0.319s url=https://www.myfonts.com/products/shree-bangali-1528-complete-family-package-1167245
[2026-06-12T10:26:40Z] #17 attempt=1/2 status=200 0.450s url=https://www.myfonts.com/collections/shree-bangali-1528-font-modularinfotech/
[2026-06-12T10:26:41Z] #18 attempt=1/2 status=200 0.158s url=https://www.myfonts.com/collections/shree-bangali-1528-font-modularinfotech/?tab=techSpecs
[2026-06-12T10:26:42Z] #19 attempt=1/2 status=200 0.371s url=https://www.myfonts.com/collections/shree-bangali-1528-font-modularinfotech/
[2026-06-12T10:26:42Z] #20 attempt=1/2 status=200 0.328s url=https://www.myfonts.com/products/davina-flower-monogram-complete-family-package-1167536
[2026-06-12T10:26:43Z] #21 attempt=1/2 status=200 0.348s url=https://www.myfonts.com/collections/davina-flower-monogram-font-yoga-letter/
[2026-06-12T10:26:44Z] #22 attempt=1/2 status=200 0.365s url=https://www.myfonts.com/collections/davina-flower-monogram-font-yoga-letter/?tab=techSpecs
[2026-06-12T10:26:45Z] #23 attempt=1/2 status=200 0.396s url=https://www.myfonts.com/products/shree-bangali-1567-complete-family-package-1167265
[2026-06-12T10:26:45Z] #24 attempt=1/2 status=200 0.419s url=https://www.myfonts.com/collections/shree-bangali-1567-font-modularinfotech/
[2026-06-12T10:26:46Z] #25 attempt=1/2 status=200 0.138s url=https://www.myfonts.com/collections/shree-bangali-1567-font-modularinfotech/?tab=techSpecs
[2026-06-12T10:26:47Z] #26 attempt=1/2 status=200 0.132s url=https://www.myfonts.com/collections/shree-bangali-1567-font-modularinfotech/
[2026-06-12T10:26:47Z] #27 attempt=1/2 status=200 0.357s url=https://www.myfonts.com/products/shree-bangali-5110-complete-family-package-1167306
[2026-06-12T10:26:48Z] #28 attempt=1/2 status=200 0.368s url=https://www.myfonts.com/collections/shree-bangali-5110-font-modularinfotech/
[2026-06-12T10:26:48Z] #29 attempt=1/2 status=200 0.406s url=https://www.myfonts.com/collections/shree-bangali-5110-font-modularinfotech/?tab=techSpecs
[2026-06-12T10:26:49Z] #30 attempt=1/2 status=200 0.137s url=https://www.myfonts.com/collections/shree-bangali-5110-font-modularinfotech/
[2026-06-12T10:26:50Z] #31 attempt=1/2 status=200 0.322s url=https://www.myfonts.com/products/shree-bangali-0566-complete-family-package-1167222
[2026-06-12T10:26:50Z] #32 attempt=1/2 status=200 0.341s url=https://www.myfonts.com/collections/shree-bangali-0566-font-modularinfotech/
[2026-06-12T10:26:51Z] #33 attempt=1/2 status=200 0.365s url=https://www.myfonts.com/collections/shree-bangali-0566-font-modularinfotech/?tab=techSpecs
[2026-06-12T10:26:52Z] #34 attempt=1/2 status=200 0.371s url=https://www.myfonts.com/collections/shree-bangali-0566-font-modularinfotech/
[2026-06-12T10:26:53Z] #35 attempt=1/2 status=200 0.365s url=https://www.myfonts.com/products/shree-bangali-1575-complete-family-package-1167204
[2026-06-12T10:26:53Z] #36 attempt=1/2 status=200 0.467s url=https://www.myfonts.com/collections/shree-bangali-1575-font-modularinfotech/
[2026-06-12T10:26:54Z] #37 attempt=1/2 status=200 0.362s url=https://www.myfonts.com/collections/shree-bangali-1575-font-modularinfotech/?tab=techSpecs
[2026-06-12T10:26:55Z] #38 attempt=1/2 status=200 0.470s url=https://www.myfonts.com/collections/shree-bangali-1575-font-modularinfotech/
[2026-06-12T10:26:56Z] #39 attempt=1/2 status=200 0.357s url=https://www.myfonts.com/products/mecha-core-complete-family-package-1167187
[2026-06-12T10:26:56Z] #40 attempt=1/2 status=200 0.450s url=https://www.myfonts.com/collections/mecha-core-font-mei-suseno/
[2026-06-12T10:26:57Z] #41 attempt=1/2 status=200 0.142s url=https://www.myfonts.com/collections/mecha-core-font-mei-suseno/?tab=techSpecs
[2026-06-12T10:26:58Z] #42 attempt=1/2 status=200 0.325s url=https://www.myfonts.com/products/shree-bangali-5109-complete-family-package-1167254
[2026-06-12T10:26:59Z] #43 attempt=1/2 status=200 0.372s url=https://www.myfonts.com/collections/shree-bangali-5109-font-modularinfotech/
[2026-06-12T10:26:59Z] #44 attempt=1/2 status=200 0.414s url=https://www.myfonts.com/collections/shree-bangali-5109-font-modularinfotech/?tab=techSpecs
[2026-06-12T10:27:00Z] #45 attempt=1/2 status=200 0.153s url=https://www.myfonts.com/collections/shree-bangali-5109-font-modularinfotech/
[2026-06-12T10:27:01Z] #46 attempt=1/2 status=200 0.318s url=https://www.myfonts.com/products/shree-bangali-5102-complete-family-package-1167251
[2026-06-12T10:27:01Z] #47 attempt=1/2 status=200 0.401s url=https://www.myfonts.com/collections/shree-bangali-5102-font-modularinfotech/
[2026-06-12T10:27:02Z] #48 attempt=1/2 status=200 0.507s url=https://www.myfonts.com/collections/shree-bangali-5102-font-modularinfotech/?tab=techSpecs
[2026-06-12T10:27:03Z] #49 attempt=1/2 status=200 0.134s url=https://www.myfonts.com/collections/shree-bangali-5102-font-modularinfotech/
[2026-06-12T10:27:04Z] #50 attempt=1/2 status=200 0.398s url=https://www.myfonts.com/products/shree-bangali-0560-complete-family-package-1167213
[2026-06-12T10:27:04Z] #51 attempt=1/2 status=200 0.577s url=https://www.myfonts.com/collections/shree-bangali-0560-font-modularinfotech/
[2026-06-12T10:27:05Z] #52 attempt=1/2 status=200 0.384s url=https://www.myfonts.com/collections/shree-bangali-0560-font-modularinfotech/?tab=techSpecs
[2026-06-12T10:27:06Z] #53 attempt=1/2 status=200 0.135s url=https://www.myfonts.com/collections/shree-bangali-0560-font-modularinfotech/
[2026-06-12T10:27:06Z] #54 attempt=1/2 status=200 0.336s url=https://www.myfonts.com/products/shree-bangali-1579-complete-family-package-1167195
[2026-06-12T10:27:07Z] #55 attempt=1/2 status=200 0.476s url=https://www.myfonts.com/collections/shree-bangali-1579-font-modularinfotech/
[2026-06-12T10:27:08Z] #56 attempt=1/2 status=200 0.405s url=https://www.myfonts.com/collections/shree-bangali-1579-font-modularinfotech/?tab=techSpecs
[2026-06-12T10:27:09Z] #57 attempt=1/2 status=200 0.168s url=https://www.myfonts.com/collections/shree-bangali-1579-font-modularinfotech/
[2026-06-12T10:27:09Z] #58 attempt=1/2 status=200 0.417s url=https://www.myfonts.com/products/shree-bangali-5138-complete-family-package-1167290
[2026-06-12T10:27:10Z] #59 attempt=1/2 status=200 0.398s url=https://www.myfonts.com/collections/shree-bangali-5138-font-modularinfotech/
[2026-06-12T10:27:11Z] #60 attempt=1/2 status=200 0.368s url=https://www.myfonts.com/collections/shree-bangali-5138-font-modularinfotech/?tab=techSpecs
[2026-06-12T10:27:12Z] #61 attempt=1/2 status=200 0.343s url=https://www.myfonts.com/products/shree-bangali-5126-complete-family-package-1167201
[2026-06-12T10:27:12Z] #62 attempt=1/2 status=200 0.369s url=https://www.myfonts.com/collections/shree-bangali-5126-font-modularinfotech/
[2026-06-12T10:27:13Z] #63 attempt=1/2 status=200 0.138s url=https://www.myfonts.com/collections/shree-bangali-5126-font-modularinfotech/?tab=techSpecs
[2026-06-12T10:27:14Z] #64 attempt=1/2 status=200 0.358s url=https://www.myfonts.com/collections/shree-bangali-5126-font-modularinfotech/
[2026-06-12T10:27:14Z] #65 attempt=1/2 status=200 0.378s url=https://www.myfonts.com/products/shree-bangali-5119-complete-family-package-1167192
[2026-06-12T10:27:15Z] #66 attempt=1/2 status=200 0.435s url=https://www.myfonts.com/collections/shree-bangali-5119-font-modularinfotech/
[2026-06-12T10:27:15Z] #67 attempt=1/2 status=200 0.328s url=https://www.myfonts.com/collections/shree-bangali-5119-font-modularinfotech/?tab=techSpecs
[2026-06-12T10:27:16Z] #68 attempt=1/2 status=200 0.131s url=https://www.myfonts.com/collections/shree-bangali-5119-font-modularinfotech/
[2026-06-12T10:27:17Z] #69 attempt=1/2 status=200 0.441s url=https://www.myfonts.com/products/shree-bangali-0598-complete-family-package-1167283
[2026-06-12T10:27:18Z] #70 attempt=1/2 status=200 0.401s url=https://www.myfonts.com/collections/shree-bangali-0598-font-modularinfotech/
[2026-06-12T10:27:19Z] #71 attempt=1/2 status=200 0.674s url=https://www.myfonts.com/collections/shree-bangali-0598-font-modularinfotech/?tab=techSpecs
[2026-06-12T10:27:20Z] #72 attempt=1/2 status=200 0.303s url=https://www.myfonts.com/products/nicholas-sandero-complete-family-package-1167486
[2026-06-12T10:27:20Z] #73 attempt=1/2 status=200 0.439s url=https://www.myfonts.com/collections/nicholas-sandero-font-sixtype-foundry/
[2026-06-12T10:27:21Z] #74 attempt=1/2 status=200 0.133s url=https://www.myfonts.com/collections/nicholas-sandero-font-sixtype-foundry/?tab=techSpecs
[2026-06-12T10:27:22Z] #75 attempt=1/2 status=200 0.322s url=https://www.myfonts.com/products/shree-bangali-6131-complete-family-package-1167271
[2026-06-12T10:27:22Z] #76 attempt=1/2 status=200 0.345s url=https://www.myfonts.com/collections/shree-bangali-6131-font-modularinfotech/
[2026-06-12T10:27:23Z] #77 attempt=1/2 status=200 0.120s url=https://www.myfonts.com/collections/shree-bangali-6131-font-modularinfotech/?tab=techSpecs
[2026-06-12T10:27:24Z] #78 attempt=1/2 status=200 0.314s url=https://www.myfonts.com/products/shree-bangali-1502-complete-family-package-1167309
[2026-06-12T10:27:24Z] #79 attempt=1/2 status=429 0.040s url=https://www.myfonts.com/collections/shree-bangali-1502-font-modularinfotech/
[2026-06-12T10:27:24Z] first_429 req=79 url=https://www.myfonts.com/collections/shree-bangali-1502-font-modularinfotech/
[2026-06-12T10:27:27Z] #80 attempt=2/2 status=200 0.517s url=https://www.myfonts.com/collections/shree-bangali-1502-font-modularinfotech/
[2026-06-12T10:27:27Z] #81 attempt=1/2 status=200 0.481s url=https://www.myfonts.com/collections/shree-bangali-1502-font-modularinfotech/
[2026-06-12T10:27:28Z] #82 attempt=1/2 status=200 0.313s url=https://www.myfonts.com/products/shree-bangali-5116-complete-family-package-1167248
[2026-06-12T10:27:29Z] #83 attempt=1/2 status=200 0.411s url=https://www.myfonts.com/collections/shree-bangali-5116-font-modularinfotech/
[2026-06-12T10:27:29Z] #84 attempt=1/2 status=429 0.062s url=https://www.myfonts.com/collections/shree-bangali-5116-font-modularinfotech/
[2026-06-12T10:27:32Z] #85 attempt=2/2 status=200 0.526s url=https://www.myfonts.com/collections/shree-bangali-5116-font-modularinfotech/
[2026-06-12T10:27:32Z] #86 attempt=1/2 status=200 0.352s url=https://www.myfonts.com/products/shree-bangali-5108-complete-family-package-1167268
[2026-06-12T10:27:33Z] #87 attempt=1/2 status=200 0.346s url=https://www.myfonts.com/collections/shree-bangali-5108-font-modularinfotech/
[2026-06-12T10:27:33Z] #88 attempt=1/2 status=429 0.029s url=https://www.myfonts.com/collections/shree-bangali-5108-font-modularinfotech/
[2026-06-12T10:27:36Z] #89 attempt=2/2 status=200 0.236s url=https://www.myfonts.com/collections/shree-bangali-5108-font-modularinfotech/
[2026-06-12T10:27:36Z] #90 attempt=1/2 status=200 0.351s url=https://www.myfonts.com/products/wild-scribble-script-complete-family-package-1167540
[2026-06-12T10:27:37Z] #91 attempt=1/2 status=200 0.438s url=https://www.myfonts.com/collections/wild-scribble-script-font-fontysia/
[2026-06-12T10:27:37Z] #92 attempt=1/2 status=429 0.038s url=https://www.myfonts.com/products/shree-bangali-5104-complete-family-package-1167274
[2026-06-12T10:27:40Z] #93 attempt=2/2 status=200 0.391s url=https://www.myfonts.com/products/shree-bangali-5104-complete-family-package-1167274
[2026-06-12T10:27:40Z] #94 attempt=1/2 status=200 0.484s url=https://www.myfonts.com/collections/shree-bangali-5104-font-modularinfotech/
[2026-06-12T10:27:41Z] #95 attempt=1/2 status=200 0.481s url=https://www.myfonts.com/collections/shree-bangali-5104-font-modularinfotech/
[2026-06-12T10:27:42Z] #96 attempt=1/2 status=429 0.038s url=https://www.myfonts.com/products/booster-variable-complete-family-package-1163691
[2026-06-12T10:27:44Z] #97 attempt=2/2 status=200 0.569s url=https://www.myfonts.com/products/booster-variable-complete-family-package-1163691
[2026-06-12T10:27:45Z] #98 attempt=1/2 status=200 0.411s url=https://www.myfonts.com/collections/booster-variable-font-blaze-type/
[2026-06-12T10:27:47Z] #99 attempt=1/2 status=200 1.817s url=https://www.myfonts.com/products/aukim-ii-distort-complete-family-package-1166920
[2026-06-12T10:27:49Z] #100 attempt=1/2 status=200 2.023s url=https://www.myfonts.com/collections/aukim-ii-distort-font-aukimvisuel/
[2026-06-12T10:27:50Z] #101 attempt=1/2 status=200 0.311s url=https://www.myfonts.com/products/shree-bangali-1560-complete-family-package-1167233
[2026-06-12T10:27:51Z] #102 attempt=1/2 status=200 0.380s url=https://www.myfonts.com/collections/shree-bangali-1560-font-modularinfotech/
[2026-06-12T10:27:52Z] #103 attempt=1/2 status=200 0.497s url=https://www.myfonts.com/collections/shree-bangali-1560-font-modularinfotech/
[2026-06-12T10:27:53Z] #104 attempt=1/2 status=200 0.373s url=https://www.myfonts.com/products/shree-bangali-0590-complete-family-package-1167236
[2026-06-12T10:27:53Z] #105 attempt=1/2 status=200 0.347s url=https://www.myfonts.com/collections/shree-bangali-0590-font-modularinfotech/
[2026-06-12T10:27:53Z] #106 attempt=1/2 status=429 0.031s url=https://www.myfonts.com/collections/shree-bangali-0590-font-modularinfotech/
[2026-06-12T10:27:56Z] #107 attempt=2/2 status=200 0.487s url=https://www.myfonts.com/collections/shree-bangali-0590-font-modularinfotech/
[2026-06-12T10:27:57Z] #108 attempt=1/2 status=200 0.360s url=https://www.myfonts.com/products/shree-bangali-5106-complete-family-package-1167293
[2026-06-12T10:27:57Z] #109 attempt=1/2 status=200 0.460s url=https://www.myfonts.com/collections/shree-bangali-5106-font-modularinfotech/
[2026-06-12T10:27:58Z] #110 attempt=1/2 status=429 0.054s url=https://www.myfonts.com/collections/shree-bangali-5106-font-modularinfotech/
[2026-06-12T10:28:00Z] #111 attempt=2/2 status=200 0.513s url=https://www.myfonts.com/collections/shree-bangali-5106-font-modularinfotech/
[2026-06-12T10:28:01Z] #112 attempt=1/2 status=200 0.371s url=https://www.myfonts.com/products/outr-complete-family-package-1167543
[2026-06-12T10:28:02Z] #113 attempt=1/2 status=200 0.657s url=https://www.myfonts.com/collections/outr-font-outerend/
[2026-06-12T10:28:03Z] #114 attempt=1/2 status=200 0.322s url=https://www.myfonts.com/products/shree-bangali-1504-complete-family-package-1167257
[2026-06-12T10:28:03Z] #115 attempt=1/2 status=200 0.361s url=https://www.myfonts.com/collections/shree-bangali-1504-font-modularinfotech/
[2026-06-12T10:28:03Z] #116 attempt=1/2 status=429 0.031s url=https://www.myfonts.com/collections/shree-bangali-1504-font-modularinfotech/
[2026-06-12T10:28:06Z] #117 attempt=2/2 status=200 0.491s url=https://www.myfonts.com/collections/shree-bangali-1504-font-modularinfotech/
[2026-06-12T10:28:07Z] #118 attempt=1/2 status=200 0.364s url=https://www.myfonts.com/products/shree-bangali-1557-complete-family-package-1167242
[2026-06-12T10:28:07Z] #119 attempt=1/2 status=200 0.528s url=https://www.myfonts.com/collections/shree-bangali-1557-font-modularinfotech/
[2026-06-12T10:28:08Z] #120 attempt=1/2 status=200 0.393s url=https://www.myfonts.com/collections/shree-bangali-1557-font-modularinfotech/
[2026-06-12T10:28:09Z] #121 attempt=1/2 status=200 0.303s url=https://www.myfonts.com/products/shree-bangali-5103-complete-family-package-1167198
[2026-06-12T10:28:09Z] #122 attempt=1/2 status=200 0.382s url=https://www.myfonts.com/collections/shree-bangali-5103-font-modularinfotech/
[2026-06-12T10:28:10Z] #123 attempt=1/2 status=429 0.040s url=https://www.myfonts.com/collections/shree-bangali-5103-font-modularinfotech/
[2026-06-12T10:28:12Z] #124 attempt=2/2 status=200 0.462s url=https://www.myfonts.com/collections/shree-bangali-5103-font-modularinfotech/
[2026-06-12T10:28:13Z] #125 attempt=1/2 status=200 0.303s url=https://www.myfonts.com/products/shree-bangali-5107-complete-family-package-1167296
[2026-06-12T10:28:14Z] #126 attempt=1/2 status=200 0.494s url=https://www.myfonts.com/collections/shree-bangali-5107-font-modularinfotech/
[2026-06-12T10:28:14Z] #127 attempt=1/2 status=200 0.393s url=https://www.myfonts.com/collections/shree-bangali-5107-font-modularinfotech/
[2026-06-12T10:28:15Z] #128 attempt=1/2 status=200 0.319s url=https://www.myfonts.com/products/shree-bangali-0580-complete-family-package-1167260
[2026-06-12T10:28:15Z] #129 attempt=1/2 status=200 0.385s url=https://www.myfonts.com/collections/shree-bangali-0580-font-modularinfotech/
[2026-06-12T10:28:16Z] #130 attempt=1/2 status=429 0.035s url=https://www.myfonts.com/collections/shree-bangali-0580-font-modularinfotech/
[2026-06-12T10:28:18Z] #131 attempt=2/2 status=200 0.407s url=https://www.myfonts.com/collections/shree-bangali-0580-font-modularinfotech/
[2026-06-12T10:28:19Z] #132 attempt=1/2 status=200 0.414s url=https://www.myfonts.com/products/foermality-condensed-complete-family-package-1133849
[2026-06-12T10:28:20Z] #133 attempt=1/2 status=200 0.542s url=https://www.myfonts.com/collections/foermality-condensed-font-laroyba-type/
[2026-06-12T10:28:21Z] #134 attempt=1/2 status=200 0.553s url=https://www.myfonts.com/products/the-rokvella-complete-family-package-1167489
[2026-06-12T10:28:22Z] #135 attempt=1/2 status=200 0.998s url=https://www.myfonts.com/collections/the-rokvella-font-slex-studio/
[2026-06-12T10:28:23Z] #136 attempt=1/2 status=200 0.270s url=https://www.myfonts.com/products/shree-bangali-0568-complete-family-package-1167239
[2026-06-12T10:28:23Z] #137 attempt=1/2 status=200 0.399s url=https://www.myfonts.com/collections/shree-bangali-0568-font-modularinfotech/
[2026-06-12T10:28:24Z] #138 attempt=1/2 status=200 0.368s url=https://www.myfonts.com/collections/shree-bangali-0568-font-modularinfotech/
[2026-06-12T10:28:24Z] #139 attempt=1/2 status=200 0.299s url=https://www.myfonts.com/products/shree-bangali-1549-complete-family-package-1167225
[2026-06-12T10:28:25Z] #140 attempt=1/2 status=429 0.033s url=https://www.myfonts.com/collections/shree-bangali-1549-font-modularinfotech/
[2026-06-12T10:28:27Z] #141 attempt=2/2 status=200 0.477s url=https://www.myfonts.com/collections/shree-bangali-1549-font-modularinfotech/
[2026-06-12T10:28:28Z] #142 attempt=1/2 status=200 0.170s url=https://www.myfonts.com/collections/shree-bangali-1549-font-modularinfotech/
[2026-06-12T10:28:28Z] #143 attempt=1/2 status=200 0.407s url=https://www.myfonts.com/products/shree-bangali-1562-complete-family-package-1167210
[2026-06-12T10:28:29Z] #144 attempt=1/2 status=200 0.453s url=https://www.myfonts.com/collections/shree-bangali-1562-font-modularinfotech/
[2026-06-12T10:28:30Z] #145 attempt=1/2 status=200 0.178s url=https://www.myfonts.com/collections/shree-bangali-1562-font-modularinfotech/
[2026-06-12T10:28:30Z] #146 attempt=1/2 status=429 0.038s url=https://www.myfonts.com/products/shree-bangali-0570-complete-family-package-1167230
[2026-06-12T10:28:33Z] #147 attempt=2/2 status=200 0.451s url=https://www.myfonts.com/products/shree-bangali-0570-complete-family-package-1167230
[2026-06-12T10:28:33Z] #148 attempt=1/2 status=200 0.454s url=https://www.myfonts.com/collections/shree-bangali-0570-font-modularinfotech/
[2026-06-12T10:28:34Z] #149 attempt=1/2 status=200 0.345s url=https://www.myfonts.com/collections/shree-bangali-0570-font-modularinfotech/
[2026-06-12T10:28:34Z] #150 attempt=1/2 status=200 0.332s url=https://www.myfonts.com/products/shree-bangali-1590-complete-family-package-1167279
[2026-06-12T10:28:35Z] #151 attempt=1/2 status=200 0.413s url=https://www.myfonts.com/collections/shree-bangali-1590-font-modularinfotech/
[2026-06-12T10:28:35Z] #152 attempt=1/2 status=200 0.127s url=https://www.myfonts.com/collections/shree-bangali-1590-font-modularinfotech/
[2026-06-12T10:28:36Z] #153 attempt=1/2 status=429 0.028s url=https://www.myfonts.com/products/shree-bangali-0574-complete-family-package-1167299
[2026-06-12T10:28:38Z] #154 attempt=2/2 status=200 0.385s url=https://www.myfonts.com/products/shree-bangali-0574-complete-family-package-1167299
[2026-06-12T10:28:39Z] #155 attempt=1/2 status=200 0.552s url=https://www.myfonts.com/collections/shree-bangali-0574-font-modularinfotech/
[2026-06-12T10:28:40Z] #156 attempt=1/2 status=200 0.331s url=https://www.myfonts.com/products/shree-bangali-1561-complete-family-package-1167207
[2026-06-12T10:28:40Z] #157 attempt=1/2 status=200 0.428s url=https://www.myfonts.com/collections/shree-bangali-1561-font-modularinfotech/
[2026-06-12T10:28:41Z] #158 attempt=1/2 status=200 0.402s url=https://www.myfonts.com/collections/shree-bangali-1561-font-modularinfotech/
[2026-06-12T10:28:43Z] #159 attempt=1/6 status=200 1.004s url=https://www.myfonts.com/products.json?limit=100&page=2
[2026-06-12T10:28:43Z] #160 attempt=1/2 status=200 0.436s url=https://www.myfonts.com/products/regular-nassbreng-1167539
[2026-06-12T10:28:44Z] #161 attempt=1/2 status=200 0.402s url=https://www.myfonts.com/collections/nassbreng-font-sealoung/
[2026-06-12T10:28:45Z] #162 attempt=1/6 status=200 0.815s url=https://www.myfonts.com/products.json?limit=100&page=3
[2026-06-12T10:28:46Z] #163 attempt=1/2 status=200 0.384s url=https://www.myfonts.com/products/regular-launch-crack-1167485
[2026-06-12T10:28:46Z] #164 attempt=1/2 status=429 0.040s url=https://www.myfonts.com/collections/launch-crack-font-nh-typestudio/
[2026-06-12T10:28:49Z] #165 attempt=2/2 status=200 0.456s url=https://www.myfonts.com/collections/launch-crack-font-nh-typestudio/
[2026-06-12T10:28:49Z] #166 attempt=1/2 status=200 0.412s url=https://www.myfonts.com/products/regular-pebbly-happy-1167484
[2026-06-12T10:28:50Z] #167 attempt=1/2 status=200 0.370s url=https://www.myfonts.com/collections/pebbly-happy-font-nh-typestudio/
[2026-06-12T10:28:51Z] #168 attempt=1/2 status=200 0.350s url=https://www.myfonts.com/products/regular-edlahk-1167535
[2026-06-12T10:28:51Z] #169 attempt=1/2 status=200 0.257s url=https://www.myfonts.com/collections/edlahk-font-hasnat-studio/
[2026-06-12T10:28:52Z] #170 attempt=1/6 status=200 0.902s url=https://www.myfonts.com/products.json?limit=100&page=4
[2026-06-12T10:28:54Z] #171 attempt=1/6 status=200 0.895s url=https://www.myfonts.com/products.json?limit=100&page=5
[2026-06-12T10:28:54Z] #172 attempt=1/2 status=200 0.316s url=https://www.myfonts.com/products/regular-dark-nexis-1167483
[2026-06-12T10:28:55Z] #173 attempt=1/2 status=200 0.273s url=https://www.myfonts.com/collections/dark-nexis-font-erifqizefont/
[2026-06-12T10:28:56Z] #174 attempt=1/6 status=200 0.825s url=https://www.myfonts.com/products.json?limit=100&page=6
[2026-06-12T10:28:57Z] #175 attempt=1/2 status=200 0.375s url=https://www.myfonts.com/products/nevis-ridge-complete-family-package-1163511
[2026-06-12T10:28:57Z] #176 attempt=1/2 status=429 0.039s url=https://www.myfonts.com/collections/nevis-ridge-font-braw-type/
[2026-06-12T10:29:00Z] #177 attempt=2/2 status=200 0.471s url=https://www.myfonts.com/collections/nevis-ridge-font-braw-type/
[2026-06-12T10:29:01Z] #178 attempt=1/2 status=200 0.775s url=https://www.myfonts.com/products/max-package-1167372
[2026-06-12T10:29:03Z] #179 attempt=1/2 status=200 1.607s url=https://www.myfonts.com/collections/beround-drift-font-nicolass-fonts/
[2026-06-12T10:29:04Z] #180 attempt=1/2 status=200 0.378s url=https://www.myfonts.com/products/kangxi-dictionary-imperial-heritage-collection-package-1167436
[2026-06-12T10:29:04Z] #181 attempt=1/2 status=404 0.211s url=https://www.myfonts.com/collections/kangxi-dictionary-imperial-heritage-collection-font-kangxizidian
[2026-06-12T10:29:05Z] #182 attempt=1/2 status=200 0.309s url=https://www.myfonts.com/products/herand-complete-family-package-1167392
[2026-06-12T10:29:05Z] #183 attempt=1/2 status=200 0.363s url=https://www.myfonts.com/collections/herand-font-letterhend/
[2026-06-12T10:29:06Z] #184 attempt=1/2 status=200 0.455s url=https://www.myfonts.com/products/sunny-scoops-complete-family-package-1167406
[2026-06-12T10:29:07Z] #185 attempt=1/2 status=200 0.457s url=https://www.myfonts.com/collections/sunny-scoops-font-aen-creative-studio/
[2026-06-12T10:29:07Z] #186 attempt=1/2 status=200 0.427s url=https://www.myfonts.com/products/broken-wasabi-complete-family-package-1167388
[2026-06-12T10:29:07Z] #187 attempt=1/2 status=429 0.037s url=https://www.myfonts.com/collections/broken-wasabi-font-stylishtype-studio/
[2026-06-12T10:29:10Z] #188 attempt=2/2 status=200 0.604s url=https://www.myfonts.com/collections/broken-wasabi-font-stylishtype-studio/
[2026-06-12T10:29:11Z] #189 attempt=1/2 status=200 0.334s url=https://www.myfonts.com/products/wackers-complete-family-package-1167400
[2026-06-12T10:29:12Z] #190 attempt=1/2 status=200 0.453s url=https://www.myfonts.com/collections/wackers-font-font-liner/
[2026-06-12T10:29:12Z] #191 attempt=1/2 status=200 0.473s url=https://www.myfonts.com/products/gelsenkirchen-complete-family-package-1167409
[2026-06-12T10:29:13Z] #192 attempt=1/2 status=200 0.579s url=https://www.myfonts.com/collections/gelsenkirchen-font-trequartista-studio/
[2026-06-12T10:29:14Z] #193 attempt=1/2 status=200 0.470s url=https://www.myfonts.com/products/rougher-complete-family-package-1167385
[2026-06-12T10:29:15Z] #194 attempt=1/2 status=200 0.485s url=https://www.myfonts.com/collections/rougher-font-lemonthe/
[2026-06-12T10:29:15Z] #195 attempt=1/2 status=429 0.069s url=https://www.myfonts.com/products/landhuis-complete-family-package-1167376
[2026-06-12T10:29:18Z] #196 attempt=2/2 status=200 0.413s url=https://www.myfonts.com/products/landhuis-complete-family-package-1167376
[2026-06-12T10:29:18Z] #197 attempt=1/2 status=200 0.487s url=https://www.myfonts.com/collections/landhuis-font-nasir-udin/
[2026-06-12T10:29:19Z] #198 attempt=1/2 status=200 0.414s url=https://www.myfonts.com/products/reqaela-complete-family-package-1167315
[2026-06-12T10:29:20Z] #199 attempt=1/2 status=200 0.463s url=https://www.myfonts.com/collections/reqaela-font-tini-fitriani/
[2026-06-12T10:29:20Z] #200 attempt=1/2 status=200 0.299s url=https://www.myfonts.com/products/super-funky-complete-family-package-1167397
[2026-06-12T10:29:21Z] #201 attempt=1/2 status=200 0.362s url=https://www.myfonts.com/collections/super-funky-font-tini-fitriani/
[2026-06-12T10:29:21Z] #202 attempt=1/2 status=429 0.028s url=https://www.myfonts.com/products/wingo-complete-family-package-1167373
[2026-06-12T10:29:24Z] #203 attempt=2/2 status=200 0.477s url=https://www.myfonts.com/products/wingo-complete-family-package-1167373
[2026-06-12T10:29:25Z] #204 attempt=1/2 status=200 0.419s url=https://www.myfonts.com/collections/wingo-font-shanaf/
[2026-06-12T10:29:26Z] #205 attempt=1/2 status=200 0.930s url=https://www.myfonts.com/products/thin-italic-spanik-1166134
[2026-06-12T10:29:28Z] #206 attempt=1/2 status=200 1.889s url=https://www.myfonts.com/collections/spanik-font-typeberry/
[2026-06-12T10:29:30Z] #207 attempt=1/6 status=200 0.858s url=https://www.myfonts.com/products.json?limit=100&page=7
[2026-06-12T10:29:30Z] #208 attempt=1/2 status=200 0.330s url=https://www.myfonts.com/products/kangxizdt-regular-kangxi-dictionary-1167318
[2026-06-12T10:29:31Z] #209 attempt=1/2 status=200 0.252s url=https://www.myfonts.com/collections/kangxi-dictionary-font-kangxizidian/
[2026-06-12T10:29:31Z] #210 attempt=1/2 status=200 0.287s url=https://www.myfonts.com/products/regular-blare-1166030
[2026-06-12T10:29:32Z] #211 attempt=1/2 status=200 0.373s url=https://www.myfonts.com/collections/blare-font-jaruka-creative/
[2026-06-12T10:29:32Z] #212 attempt=1/2 status=200 0.344s url=https://www.myfonts.com/products/tharwatemara-regular-te-seravera0-1167313
[2026-06-12T10:29:33Z] #213 attempt=1/2 status=200 0.277s url=https://www.myfonts.com/collections/te-seravera0-font-tharwat-emara/
[2026-06-12T10:29:33Z] #214 attempt=1/2 status=200 0.289s url=https://www.myfonts.com/products/regular-sastoria-1166198
[2026-06-12T10:29:34Z] #215 attempt=1/2 status=200 0.380s url=https://www.myfonts.com/collections/sastoria-font-typoraith-co/
[2026-06-12T10:29:34Z] #216 attempt=1/2 status=429 0.035s url=https://www.myfonts.com/products/regular-blorivelle-1165983
[2026-06-12T10:29:37Z] #217 attempt=2/2 status=200 0.309s url=https://www.myfonts.com/products/regular-blorivelle-1165983
[2026-06-12T10:29:37Z] #218 attempt=1/2 status=200 0.293s url=https://www.myfonts.com/collections/blorivelle-font-typoraith-co/
[2026-06-12T10:29:39Z] #219 attempt=1/6 status=200 0.874s url=https://www.myfonts.com/products.json?limit=100&page=8
[2026-06-12T10:29:39Z] #220 attempt=1/2 status=200 0.320s url=https://www.myfonts.com/products/regular-comic-beacon-1167391
[2026-06-12T10:29:40Z] #221 attempt=1/2 status=200 0.461s url=https://www.myfonts.com/collections/comic-beacon-font-pekotype/
[2026-06-12T10:29:41Z] #222 attempt=1/2 status=200 0.304s url=https://www.myfonts.com/products/regular-live-this-everyday-1167412
[2026-06-12T10:29:41Z] #223 attempt=1/2 status=429 0.029s url=https://www.myfonts.com/collections/live-this-everyday-font-bonjourtype/
[2026-06-12T10:29:43Z] #224 attempt=2/2 status=200 0.400s url=https://www.myfonts.com/collections/live-this-everyday-font-bonjourtype/
[2026-06-12T10:29:44Z] #225 attempt=1/2 status=200 0.434s url=https://www.myfonts.com/products/regular-cammon-1167324
[2026-06-12T10:29:45Z] #226 attempt=1/2 status=200 0.355s url=https://www.myfonts.com/collections/cammon-font-epiclinez/
[2026-06-12T10:29:45Z] #227 attempt=1/2 status=200 0.368s url=https://www.myfonts.com/products/regular-mango-driver-brush-1167405
[2026-06-12T10:29:46Z] #228 attempt=1/2 status=200 0.355s url=https://www.myfonts.com/collections/mango-driver-brush-font-tebaltipis-studio/
[2026-06-12T10:29:47Z] #229 attempt=1/2 status=200 0.352s url=https://www.myfonts.com/products/regular-armour-horse-1167396
[2026-06-12T10:29:47Z] #230 attempt=1/2 status=429 0.029s url=https://www.myfonts.com/collections/armour-horse-font-arterfak-project/
[2026-06-12T10:29:49Z] #231 attempt=2/2 status=200 0.335s url=https://www.myfonts.com/collections/armour-horse-font-arterfak-project/
[2026-06-12T10:29:50Z] #232 attempt=1/2 status=200 0.275s url=https://www.myfonts.com/products/regular-shinery-loud-1167319
[2026-06-12T10:29:50Z] #233 attempt=1/2 status=200 0.221s url=https://www.myfonts.com/collections/shinery-loud-font-alit-design/
[2026-06-12T10:29:51Z] #234 attempt=1/2 status=200 0.342s url=https://www.myfonts.com/products/regular-hisstaz-1167395
[2026-06-12T10:29:51Z] #235 attempt=1/2 status=429 0.029s url=https://www.myfonts.com/collections/hisstaz-font-hasnat-studio/
[2026-06-12T10:29:54Z] #236 attempt=2/2 status=200 0.329s url=https://www.myfonts.com/collections/hisstaz-font-hasnat-studio/
[2026-06-12T10:29:54Z] #237 attempt=1/2 status=200 0.365s url=https://www.myfonts.com/products/regular-riot-audio-1167314
[2026-06-12T10:29:55Z] #238 attempt=1/2 status=200 0.320s url=https://www.myfonts.com/collections/riot-audio-font-olivetype/
[2026-06-12T10:29:56Z] #239 attempt=1/2 status=200 1.080s url=https://www.myfonts.com/products/the-best-font-bundle-package-678903
[2026-06-12T10:29:57Z] #240 attempt=1/2 status=404 0.239s url=https://www.myfonts.com/collections/the-best-font-bundle-font-bosstypestudio
[2026-06-12T10:29:57Z] #241 attempt=1/2 status=200 0.422s url=https://www.myfonts.com/products/shree-kannada-5307-complete-family-package-1165186
[2026-06-12T10:29:58Z] #242 attempt=1/2 status=200 0.464s url=https://www.myfonts.com/collections/shree-kannada-5307-font-modularinfotech/
[2026-06-12T10:29:58Z] #243 attempt=1/2 status=429 0.029s url=https://www.myfonts.com/collections/shree-kannada-5307-font-modularinfotech/
[2026-06-12T10:30:01Z] #244 attempt=2/2 status=200 0.552s url=https://www.myfonts.com/collections/shree-kannada-5307-font-modularinfotech/
[2026-06-12T10:30:02Z] #245 attempt=1/2 status=200 0.366s url=https://www.myfonts.com/products/shree-kannada-4286-complete-family-package-1165025
[2026-06-12T10:30:02Z] #246 attempt=1/2 status=200 0.429s url=https://www.myfonts.com/collections/shree-kannada-4286-font-modularinfotech/
[2026-06-12T10:30:03Z] #247 attempt=1/2 status=200 0.474s url=https://www.myfonts.com/collections/shree-kannada-4286-font-modularinfotech/
[2026-06-12T10:30:05Z] #248 attempt=1/2 status=200 1.127s url=https://www.myfonts.com/products/nexon-complete-family-package-1164868
[2026-06-12T10:30:06Z] #249 attempt=1/2 status=200 1.431s url=https://www.myfonts.com/collections/nexon-font-slex-studio/
[2026-06-12T10:30:07Z] #250 attempt=1/2 status=200 0.372s url=https://www.myfonts.com/products/shree-kannada-4292-complete-family-package-1165265
[2026-06-12T10:30:08Z] #251 attempt=1/2 status=200 0.383s url=https://www.myfonts.com/collections/shree-kannada-4292-font-modularinfotech/
[2026-06-12T10:30:08Z] #252 attempt=1/2 status=200 0.423s url=https://www.myfonts.com/collections/shree-kannada-4292-font-modularinfotech/
[2026-06-12T10:30:09Z] #253 attempt=1/2 status=200 0.367s url=https://www.myfonts.com/products/shree-kannada-3433-complete-family-package-1165232
[2026-06-12T10:30:10Z] #254 attempt=1/2 status=200 0.352s url=https://www.myfonts.com/collections/shree-kannada-3433-font-modularinfotech/
[2026-06-12T10:30:10Z] #255 attempt=1/2 status=200 0.362s url=https://www.myfonts.com/collections/shree-kannada-3433-font-modularinfotech/
[2026-06-12T10:30:11Z] #256 attempt=1/2 status=429 0.030s url=https://www.myfonts.com/products/shree-kannada-4249-complete-family-package-1165215
[2026-06-12T10:30:13Z] #257 attempt=2/2 status=200 0.374s url=https://www.myfonts.com/products/shree-kannada-4249-complete-family-package-1165215
[2026-06-12T10:30:14Z] #258 attempt=1/2 status=200 0.472s url=https://www.myfonts.com/collections/shree-kannada-4249-font-modularinfotech/
[2026-06-12T10:30:15Z] #259 attempt=1/2 status=200 0.476s url=https://www.myfonts.com/collections/shree-kannada-4249-font-modularinfotech/
[2026-06-12T10:30:15Z] #260 attempt=1/2 status=200 0.316s url=https://www.myfonts.com/products/yoka-complete-family-package-1165869
[2026-06-12T10:30:16Z] #261 attempt=1/2 status=200 0.370s url=https://www.myfonts.com/collections/yoka-font-bam-foundry/
[2026-06-12T10:30:16Z] #262 attempt=1/2 status=200 0.325s url=https://www.myfonts.com/products/sillyon-sans-complete-family-package-1165514
[2026-06-12T10:30:17Z] #263 attempt=1/2 status=429 0.037s url=https://www.myfonts.com/collections/sillyon-sans-font-unaki/
[2026-06-12T10:30:19Z] #264 attempt=2/2 status=200 0.440s url=https://www.myfonts.com/collections/sillyon-sans-font-unaki/
[2026-06-12T10:30:20Z] #265 attempt=1/2 status=200 0.481s url=https://www.myfonts.com/products/poly-office-package-1143359
[2026-06-12T10:30:21Z] #266 attempt=1/2 status=200 0.850s url=https://www.myfonts.com/collections/poly-font-schriftlabor/
[2026-06-12T10:30:22Z] #267 attempt=1/2 status=200 0.391s url=https://www.myfonts.com/products/shree-kannada-3486-complete-family-package-1165244
[2026-06-12T10:30:22Z] #268 attempt=1/2 status=200 0.497s url=https://www.myfonts.com/collections/shree-kannada-3486-font-modularinfotech/
[2026-06-12T10:30:23Z] #269 attempt=1/2 status=200 0.481s url=https://www.myfonts.com/collections/shree-kannada-3486-font-modularinfotech/
[2026-06-12T10:30:24Z] #270 attempt=1/2 status=200 0.484s url=https://www.myfonts.com/products/futura-futuris-extracond-set-package-1167159
[2026-06-12T10:30:25Z] #271 attempt=1/2 status=200 0.903s url=https://www.myfonts.com/collections/futura-futuris-font-paratype/
[2026-06-12T10:30:26Z] #272 attempt=1/2 status=200 0.386s url=https://www.myfonts.com/products/shree-kannada-3492-complete-family-package-1165132
[2026-06-12T10:30:26Z] #273 attempt=1/2 status=200 0.453s url=https://www.myfonts.com/collections/shree-kannada-3492-font-modularinfotech/
[2026-06-12T10:30:27Z] #274 attempt=1/2 status=429 0.063s url=https://www.myfonts.com/collections/shree-kannada-3492-font-modularinfotech/
[2026-06-12T10:30:30Z] #275 attempt=2/2 status=200 0.563s url=https://www.myfonts.com/collections/shree-kannada-3492-font-modularinfotech/
[2026-06-12T10:30:30Z] #276 attempt=1/2 status=200 0.491s url=https://www.myfonts.com/products/anore-of-moonila-complete-family-package-1166644
[2026-06-12T10:30:31Z] #277 attempt=1/2 status=200 0.413s url=https://www.myfonts.com/collections/anore-of-moonila-font-super-dust/
[2026-06-12T10:30:32Z] #278 attempt=1/2 status=200 0.313s url=https://www.myfonts.com/products/shree-kannada-4202-complete-family-package-1165268
[2026-06-12T10:30:32Z] #279 attempt=1/2 status=200 0.373s url=https://www.myfonts.com/collections/shree-kannada-4202-font-modularinfotech/
[2026-06-12T10:30:33Z] #280 attempt=1/2 status=200 0.193s url=https://www.myfonts.com/collections/shree-kannada-4202-font-modularinfotech/
[2026-06-12T10:30:33Z] #281 attempt=1/2 status=429 0.035s url=https://www.myfonts.com/products/shree-kannada-4200-complete-family-package-1165189
[2026-06-12T10:30:35Z] #282 attempt=2/2 status=200 0.390s url=https://www.myfonts.com/products/shree-kannada-4200-complete-family-package-1165189
[2026-06-12T10:30:36Z] #283 attempt=1/2 status=200 0.378s url=https://www.myfonts.com/collections/shree-kannada-4200-font-modularinfotech/
[2026-06-12T10:30:37Z] #284 attempt=1/2 status=200 0.411s url=https://www.myfonts.com/collections/shree-kannada-4200-font-modularinfotech/
[2026-06-12T10:30:38Z] #285 attempt=1/2 status=200 0.525s url=https://www.myfonts.com/products/the-simple-editorial-complete-family-package-1166744
[2026-06-12T10:30:38Z] #286 attempt=1/2 status=200 0.613s url=https://www.myfonts.com/collections/the-simple-editorial-font-logic-type/
[2026-06-12T10:30:39Z] #287 attempt=1/2 status=200 0.507s url=https://www.myfonts.com/products/shree-kannada-4207-complete-family-package-1165235
[2026-06-12T10:30:40Z] #288 attempt=1/2 status=200 0.424s url=https://www.myfonts.com/collections/shree-kannada-4207-font-modularinfotech/
[2026-06-12T10:30:41Z] #289 attempt=1/2 status=200 0.416s url=https://www.myfonts.com/collections/shree-kannada-4207-font-modularinfotech/
[2026-06-12T10:30:41Z] #290 attempt=1/2 status=429 0.041s url=https://www.myfonts.com/products/shree-kannada-4259-complete-family-package-1165171
[2026-06-12T10:30:43Z] #291 attempt=2/2 status=200 0.403s url=https://www.myfonts.com/products/shree-kannada-4259-complete-family-package-1165171
[2026-06-12T10:30:44Z] #292 attempt=1/2 status=200 0.403s url=https://www.myfonts.com/collections/shree-kannada-4259-font-modularinfotech/
[2026-06-12T10:30:45Z] #293 attempt=1/2 status=200 0.403s url=https://www.myfonts.com/collections/shree-kannada-4259-font-modularinfotech/
[2026-06-12T10:30:46Z] #294 attempt=1/2 status=200 0.769s url=https://www.myfonts.com/products/voux-alternate-cut-package-1166734
[2026-06-12T10:30:47Z] #295 attempt=1/2 status=200 1.335s url=https://www.myfonts.com/collections/voux-font-miller-type/
[2026-06-12T10:30:48Z] #296 attempt=1/2 status=200 0.361s url=https://www.myfonts.com/products/shree-kannada-3461-complete-family-package-1165154
[2026-06-12T10:30:49Z] #297 attempt=1/2 status=200 0.387s url=https://www.myfonts.com/collections/shree-kannada-3461-font-modularinfotech/
[2026-06-12T10:30:50Z] #298 attempt=1/2 status=200 0.379s url=https://www.myfonts.com/collections/shree-kannada-3461-font-modularinfotech/
[2026-06-12T10:30:50Z] #299 attempt=1/2 status=200 0.342s url=https://www.myfonts.com/products/shree-kannada-4293-complete-family-package-1165079
[2026-06-12T10:30:50Z] #300 attempt=1/2 status=429 0.035s url=https://www.myfonts.com/collections/shree-kannada-4293-font-modularinfotech/
[2026-06-12T10:30:53Z] #301 attempt=2/2 status=200 0.432s url=https://www.myfonts.com/collections/shree-kannada-4293-font-modularinfotech/
[2026-06-12T10:30:54Z] #302 attempt=1/2 status=200 0.391s url=https://www.myfonts.com/collections/shree-kannada-4293-font-modularinfotech/
[2026-06-12T10:30:54Z] #303 attempt=1/2 status=200 0.323s url=https://www.myfonts.com/products/trainex-complete-family-package-1165817
[2026-06-12T10:30:55Z] #304 attempt=1/2 status=200 0.387s url=https://www.myfonts.com/collections/trainex-font-artisan-themes/
[2026-06-12T10:30:56Z] #305 attempt=1/2 status=200 0.337s url=https://www.myfonts.com/products/shree-kannada-5340-complete-family-package-1165121
[2026-06-12T10:30:56Z] #306 attempt=1/2 status=200 0.421s url=https://www.myfonts.com/collections/shree-kannada-5340-font-modularinfotech/
[2026-06-12T10:30:56Z] #307 attempt=1/2 status=429 0.029s url=https://www.myfonts.com/products/shree-kannada-5303-complete-family-package-1165091
[2026-06-12T10:30:59Z] #308 attempt=2/2 status=200 0.353s url=https://www.myfonts.com/products/shree-kannada-5303-complete-family-package-1165091
[2026-06-12T10:31:00Z] #309 attempt=1/2 status=200 0.441s url=https://www.myfonts.com/collections/shree-kannada-5303-font-modularinfotech/
[2026-06-12T10:31:00Z] #310 attempt=1/2 status=200 0.399s url=https://www.myfonts.com/collections/shree-kannada-5303-font-modularinfotech/
[2026-06-12T10:31:01Z] #311 attempt=1/2 status=200 0.340s url=https://www.myfonts.com/products/shree-kannada-3445-complete-family-package-1165100
[2026-06-12T10:31:02Z] #312 attempt=1/2 status=200 0.539s url=https://www.myfonts.com/collections/shree-kannada-3445-font-modularinfotech/
[2026-06-12T10:31:02Z] #313 attempt=1/2 status=200 0.457s url=https://www.myfonts.com/collections/shree-kannada-3445-font-modularinfotech/
[2026-06-12T10:31:03Z] #314 attempt=1/2 status=200 0.338s url=https://www.myfonts.com/products/shree-kannada-4265-complete-family-package-1165061
[2026-06-12T10:31:03Z] #315 attempt=1/2 status=429 0.044s url=https://www.myfonts.com/collections/shree-kannada-4265-font-modularinfotech/
[2026-06-12T10:31:06Z] #316 attempt=2/2 status=200 0.484s url=https://www.myfonts.com/collections/shree-kannada-4265-font-modularinfotech/
[2026-06-12T10:31:06Z] #317 attempt=1/2 status=200 0.224s url=https://www.myfonts.com/collections/shree-kannada-4265-font-modularinfotech/
[2026-06-12T10:31:07Z] #318 attempt=1/2 status=200 0.399s url=https://www.myfonts.com/products/shree-kannada-4264-complete-family-package-1165040
[2026-06-12T10:31:08Z] #319 attempt=1/2 status=200 0.376s url=https://www.myfonts.com/collections/shree-kannada-4264-font-modularinfotech/
[2026-06-12T10:31:08Z] #320 attempt=1/2 status=200 0.229s url=https://www.myfonts.com/collections/shree-kannada-4264-font-modularinfotech/
[2026-06-12T10:31:09Z] #321 attempt=1/2 status=429 0.032s url=https://www.myfonts.com/products/shree-kannada-3426-complete-family-package-1165070
[2026-06-12T10:31:11Z] #322 attempt=2/2 status=200 0.429s url=https://www.myfonts.com/products/shree-kannada-3426-complete-family-package-1165070
[2026-06-12T10:31:12Z] #323 attempt=1/2 status=200 0.382s url=https://www.myfonts.com/collections/shree-kannada-3426-font-modularinfotech/
[2026-06-12T10:31:12Z] #324 attempt=1/2 status=200 0.174s url=https://www.myfonts.com/collections/shree-kannada-3426-font-modularinfotech/
[2026-06-12T10:31:13Z] #325 attempt=1/2 status=200 0.430s url=https://www.myfonts.com/products/shree-kannada-4209-complete-family-package-1165103
[2026-06-12T10:31:14Z] #326 attempt=1/2 status=200 0.390s url=https://www.myfonts.com/collections/shree-kannada-4209-font-modularinfotech/
[2026-06-12T10:31:14Z] #327 attempt=1/2 status=429 0.027s url=https://www.myfonts.com/collections/shree-kannada-4209-font-modularinfotech/
[2026-06-12T10:31:16Z] #328 attempt=2/2 status=200 0.265s url=https://www.myfonts.com/collections/shree-kannada-4209-font-modularinfotech/
[2026-06-12T10:31:17Z] #329 attempt=1/2 status=200 0.367s url=https://www.myfonts.com/products/shree-kannada-4216-complete-family-package-1165209
[2026-06-12T10:31:18Z] #330 attempt=1/2 status=200 0.462s url=https://www.myfonts.com/collections/shree-kannada-4216-font-modularinfotech/
[2026-06-12T10:31:18Z] #331 attempt=1/2 status=200 0.235s url=https://www.myfonts.com/collections/shree-kannada-4216-font-modularinfotech/
[2026-06-12T10:31:19Z] #332 attempt=1/2 status=200 0.819s url=https://www.myfonts.com/products/condensed-package-1166378
[2026-06-12T10:31:21Z] #333 attempt=1/2 status=200 1.319s url=https://www.myfonts.com/collections/nurell-font-jorsetype/
[2026-06-12T10:31:21Z] #334 attempt=1/2 status=200 0.342s url=https://www.myfonts.com/products/shree-kannada-4221-complete-family-package-1165022
[2026-06-12T10:31:22Z] #335 attempt=1/2 status=200 0.427s url=https://www.myfonts.com/collections/shree-kannada-4221-font-modularinfotech/
[2026-06-12T10:31:23Z] #336 attempt=1/2 status=200 0.163s url=https://www.myfonts.com/collections/shree-kannada-4221-font-modularinfotech/
[2026-06-12T10:31:23Z] #337 attempt=1/2 status=429 0.046s url=https://www.myfonts.com/products/shree-kannada-4263-complete-family-package-1165043
[2026-06-12T10:31:25Z] #338 attempt=2/2 status=200 0.367s url=https://www.myfonts.com/products/shree-kannada-4263-complete-family-package-1165043
[2026-06-12T10:31:26Z] #339 attempt=1/2 status=200 0.475s url=https://www.myfonts.com/collections/shree-kannada-4263-font-modularinfotech/
[2026-06-12T10:31:27Z] #340 attempt=1/2 status=200 0.134s url=https://www.myfonts.com/collections/shree-kannada-4263-font-modularinfotech/
[2026-06-12T10:31:27Z] #341 attempt=1/2 status=200 0.505s url=https://www.myfonts.com/products/shree-kannada-4235-complete-family-package-1165195
[2026-06-12T10:31:28Z] #342 attempt=1/2 status=200 0.398s url=https://www.myfonts.com/collections/shree-kannada-4235-font-modularinfotech/
[2026-06-12T10:31:28Z] #343 attempt=1/2 status=429 0.027s url=https://www.myfonts.com/collections/shree-kannada-4235-font-modularinfotech/
[2026-06-12T10:31:31Z] #344 attempt=2/2 status=200 0.482s url=https://www.myfonts.com/collections/shree-kannada-4235-font-modularinfotech/
[2026-06-12T10:31:31Z] #345 attempt=1/2 status=200 0.306s url=https://www.myfonts.com/products/shree-kannada-5300-complete-family-package-1165238
[2026-06-12T10:31:32Z] #346 attempt=1/2 status=200 0.397s url=https://www.myfonts.com/collections/shree-kannada-5300-font-modularinfotech/
[2026-06-12T10:31:33Z] #347 attempt=1/2 status=200 0.447s url=https://www.myfonts.com/collections/shree-kannada-5300-font-modularinfotech/
[2026-06-12T10:31:33Z] #348 attempt=1/2 status=200 0.347s url=https://www.myfonts.com/products/shree-kannada-4203-complete-family-package-1164968
[2026-06-12T10:31:34Z] #349 attempt=1/2 status=200 0.384s url=https://www.myfonts.com/collections/shree-kannada-4203-font-modularinfotech/
[2026-06-12T10:31:34Z] #350 attempt=1/2 status=429 0.075s url=https://www.myfonts.com/collections/shree-kannada-4203-font-modularinfotech/
[2026-06-12T10:31:37Z] #351 attempt=2/2 status=200 0.479s url=https://www.myfonts.com/collections/shree-kannada-4203-font-modularinfotech/
[2026-06-12T10:31:38Z] #352 attempt=1/2 status=200 0.344s url=https://www.myfonts.com/products/shree-kannada-4245-complete-family-package-1164971
[2026-06-12T10:31:38Z] #353 attempt=1/2 status=200 0.401s url=https://www.myfonts.com/collections/shree-kannada-4245-font-modularinfotech/
[2026-06-12T10:31:39Z] #354 attempt=1/2 status=200 0.435s url=https://www.myfonts.com/collections/shree-kannada-4245-font-modularinfotech/
[2026-06-12T10:31:40Z] #355 attempt=1/2 status=200 0.313s url=https://www.myfonts.com/products/shree-kannada-5304-complete-family-package-1165109
[2026-06-12T10:31:40Z] #356 attempt=1/2 status=429 0.043s url=https://www.myfonts.com/collections/shree-kannada-5304-font-modularinfotech/
[2026-06-12T10:31:42Z] #357 attempt=2/2 status=200 0.443s url=https://www.myfonts.com/collections/shree-kannada-5304-font-modularinfotech/
[2026-06-12T10:31:43Z] #358 attempt=1/2 status=200 0.423s url=https://www.myfonts.com/collections/shree-kannada-5304-font-modularinfotech/
[2026-06-12T10:31:44Z] #359 attempt=1/2 status=200 0.365s url=https://www.myfonts.com/products/shree-kannada-5368-complete-family-package-1164996
[2026-06-12T10:31:44Z] #360 attempt=1/2 status=200 0.402s url=https://www.myfonts.com/collections/shree-kannada-5368-font-modularinfotech/
[2026-06-12T10:31:45Z] #361 attempt=1/2 status=200 0.328s url=https://www.myfonts.com/products/shree-kannada-4206-complete-family-package-1165034
[2026-06-12T10:31:46Z] #362 attempt=1/2 status=200 0.367s url=https://www.myfonts.com/collections/shree-kannada-4206-font-modularinfotech/
[2026-06-12T10:31:46Z] #363 attempt=1/2 status=429 0.230s url=https://www.myfonts.com/collections/shree-kannada-4206-font-modularinfotech/
[2026-06-12T10:31:49Z] #364 attempt=2/2 status=200 0.423s url=https://www.myfonts.com/collections/shree-kannada-4206-font-modularinfotech/
[2026-06-12T10:31:49Z] #365 attempt=1/2 status=200 0.319s url=https://www.myfonts.com/products/shree-kannada-3402-complete-family-package-1164950
[2026-06-12T10:31:50Z] #366 attempt=1/2 status=200 0.345s url=https://www.myfonts.com/collections/shree-kannada-3402-font-modularinfotech/
[2026-06-12T10:31:51Z] #367 attempt=1/2 status=200 0.337s url=https://www.myfonts.com/collections/shree-kannada-3402-font-modularinfotech/
[2026-06-12T10:31:51Z] #368 attempt=1/2 status=200 0.329s url=https://www.myfonts.com/products/shree-kannada-3431-complete-family-package-1165223
[2026-06-12T10:31:52Z] #369 attempt=1/2 status=200 0.350s url=https://www.myfonts.com/collections/shree-kannada-3431-font-modularinfotech/
[2026-06-12T10:31:52Z] #370 attempt=1/2 status=429 0.035s url=https://www.myfonts.com/collections/shree-kannada-3431-font-modularinfotech/
[2026-06-12T10:31:55Z] #371 attempt=2/2 status=200 0.379s url=https://www.myfonts.com/collections/shree-kannada-3431-font-modularinfotech/
[2026-06-12T10:31:55Z] #372 attempt=1/2 status=200 0.339s url=https://www.myfonts.com/products/designer-stuff-package-1164840
[2026-06-12T10:31:56Z] #373 attempt=1/2 status=200 0.540s url=https://www.myfonts.com/collections/gc-robuto-mono-font-onyx-studio/
[2026-06-12T10:31:57Z] #374 attempt=1/2 status=200 0.307s url=https://www.myfonts.com/products/shree-kannada-1402-complete-family-package-1165052
[2026-06-12T10:31:57Z] #375 attempt=1/2 status=200 0.374s url=https://www.myfonts.com/collections/shree-kannada-1402-font-modularinfotech/
[2026-06-12T10:31:58Z] #376 attempt=1/2 status=200 0.143s url=https://www.myfonts.com/collections/shree-kannada-1402-font-modularinfotech/
[2026-06-12T10:31:58Z] #377 attempt=1/2 status=429 0.029s url=https://www.myfonts.com/products/at-pointo-complete-family-package-1164848
[2026-06-12T10:32:01Z] #378 attempt=2/2 status=200 0.498s url=https://www.myfonts.com/products/at-pointo-complete-family-package-1164848
[2026-06-12T10:32:01Z] #379 attempt=1/2 status=200 0.580s url=https://www.myfonts.com/collections/at-pointo-font-ardyanatypes/
[2026-06-12T10:32:02Z] #380 attempt=1/2 status=200 0.398s url=https://www.myfonts.com/products/shree-kannada-1477-complete-family-package-1164991
[2026-06-12T10:32:03Z] #381 attempt=1/2 status=200 0.329s url=https://www.myfonts.com/collections/shree-kannada-1477-font-modularinfotech/
[2026-06-12T10:32:03Z] #382 attempt=1/2 status=200 0.378s url=https://www.myfonts.com/collections/shree-kannada-1477-font-modularinfotech/
[2026-06-12T10:32:04Z] #383 attempt=1/2 status=200 0.308s url=https://www.myfonts.com/products/shree-kannada-1405-complete-family-package-1165010
[2026-06-12T10:32:04Z] #384 attempt=1/2 status=429 0.030s url=https://www.myfonts.com/collections/shree-kannada-1405-font-modularinfotech/
[2026-06-12T10:32:07Z] #385 attempt=2/2 status=200 0.402s url=https://www.myfonts.com/collections/shree-kannada-1405-font-modularinfotech/
[2026-06-12T10:32:07Z] #386 attempt=1/2 status=200 0.462s url=https://www.myfonts.com/collections/shree-kannada-1405-font-modularinfotech/
[2026-06-12T10:32:08Z] #387 attempt=1/2 status=200 0.341s url=https://www.myfonts.com/products/fauden-complete-family-package-1165503
[2026-06-12T10:32:09Z] #388 attempt=1/2 status=200 0.445s url=https://www.myfonts.com/collections/fauden-font-tini-fitriani/
[2026-06-12T10:32:09Z] #389 attempt=1/2 status=200 0.287s url=https://www.myfonts.com/products/expant-complete-family-package-1165451
[2026-06-12T10:32:10Z] #390 attempt=1/2 status=429 0.036s url=https://www.myfonts.com/collections/expant-font-jorsetype/
[2026-06-12T10:32:12Z] #391 attempt=2/2 status=200 0.720s url=https://www.myfonts.com/collections/expant-font-jorsetype/
[2026-06-12T10:32:13Z] #392 attempt=1/2 status=200 0.308s url=https://www.myfonts.com/products/shree-kannada-3499-complete-family-package-1165016
[2026-06-12T10:32:14Z] #393 attempt=1/2 status=200 0.415s url=https://www.myfonts.com/collections/shree-kannada-3499-font-modularinfotech/
[2026-06-12T10:32:15Z] #394 attempt=1/2 status=200 0.576s url=https://www.myfonts.com/collections/shree-kannada-3499-font-modularinfotech/
[2026-06-12T10:32:15Z] #395 attempt=1/2 status=200 0.317s url=https://www.myfonts.com/products/rostan-complete-family-package-1165877
[2026-06-12T10:32:16Z] #396 attempt=1/2 status=200 0.455s url=https://www.myfonts.com/collections/rostan-font-sensatype-studio/
[2026-06-12T10:32:16Z] #397 attempt=1/2 status=200 0.315s url=https://www.myfonts.com/products/shree-kannada-4204-complete-family-package-1164979
[2026-06-12T10:32:17Z] #398 attempt=1/2 status=429 0.038s url=https://www.myfonts.com/collections/shree-kannada-4204-font-modularinfotech/
[2026-06-12T10:32:19Z] #399 attempt=2/2 status=200 0.457s url=https://www.myfonts.com/collections/shree-kannada-4204-font-modularinfotech/
[2026-06-12T10:32:20Z] #400 attempt=1/2 status=200 0.392s url=https://www.myfonts.com/collections/shree-kannada-4204-font-modularinfotech/
[2026-06-12T10:32:21Z] #401 attempt=1/6 status=200 0.811s url=https://www.myfonts.com/products.json?limit=100&page=9
[2026-06-12T10:32:22Z] #402 attempt=1/2 status=200 0.429s url=https://www.myfonts.com/products/yanus-complete-family-package-1167156
[2026-06-12T10:32:23Z] #403 attempt=1/2 status=200 0.458s url=https://www.myfonts.com/collections/yanus-font-paratype/
[2026-06-12T10:32:23Z] #404 attempt=1/2 status=200 0.357s url=https://www.myfonts.com/products/shree-kannada-3462-complete-family-package-1165174
[2026-06-12T10:32:24Z] #405 attempt=1/2 status=200 0.352s url=https://www.myfonts.com/collections/shree-kannada-3462-font-modularinfotech/
[2026-06-12T10:32:25Z] #406 attempt=1/2 status=200 0.364s url=https://www.myfonts.com/collections/shree-kannada-3462-font-modularinfotech/
[2026-06-12T10:32:25Z] #407 attempt=1/2 status=429 0.033s url=https://www.myfonts.com/products/shree-kannada-1419-complete-family-package-1164959
[2026-06-12T10:32:27Z] #408 attempt=2/2 status=200 0.347s url=https://www.myfonts.com/products/shree-kannada-1419-complete-family-package-1164959
[2026-06-12T10:32:28Z] #409 attempt=1/2 status=200 0.374s url=https://www.myfonts.com/collections/shree-kannada-1419-font-modularinfotech/
[2026-06-12T10:32:29Z] #410 attempt=1/2 status=200 0.359s url=https://www.myfonts.com/collections/shree-kannada-1419-font-modularinfotech/
[2026-06-12T10:32:29Z] #411 attempt=1/2 status=200 0.299s url=https://www.myfonts.com/products/shree-kannada-4274-complete-family-package-1164976
[2026-06-12T10:32:30Z] #412 attempt=1/2 status=200 0.464s url=https://www.myfonts.com/collections/shree-kannada-4274-font-modularinfotech/
[2026-06-12T10:32:30Z] #413 attempt=1/2 status=200 0.355s url=https://www.myfonts.com/collections/shree-kannada-4274-font-modularinfotech/
[2026-06-12T10:32:31Z] #414 attempt=1/2 status=429 0.032s url=https://www.myfonts.com/products/shree-kannada-4277-complete-family-package-1165277
[2026-06-12T10:32:33Z] #415 attempt=2/2 status=200 0.336s url=https://www.myfonts.com/products/shree-kannada-4277-complete-family-package-1165277
[2026-06-12T10:32:34Z] #416 attempt=1/2 status=200 0.384s url=https://www.myfonts.com/collections/shree-kannada-4277-font-modularinfotech/
[2026-06-12T10:32:35Z] #417 attempt=1/2 status=200 0.727s url=https://www.myfonts.com/collections/shree-kannada-4277-font-modularinfotech/
[2026-06-12T10:32:36Z] #418 attempt=1/2 status=200 0.361s url=https://www.myfonts.com/products/vexorium-complete-family-package-1164828
[2026-06-12T10:32:36Z] #419 attempt=1/2 status=200 0.348s url=https://www.myfonts.com/collections/vexorium-font-shanaf/
[2026-06-12T10:32:38Z] #420 attempt=1/2 status=200 1.399s url=https://www.myfonts.com/products/mitzu-complete-family-package-1166199
[2026-06-12T10:32:40Z] #421 attempt=1/2 status=200 2.024s url=https://www.myfonts.com/collections/mitzu-font-kaidosan/
[2026-06-12T10:32:41Z] #422 attempt=1/2 status=200 0.366s url=https://www.myfonts.com/products/shree-kannada-5306-complete-family-package-1165259
[2026-06-12T10:32:42Z] #423 attempt=1/2 status=200 0.520s url=https://www.myfonts.com/collections/shree-kannada-5306-font-modularinfotech/
[2026-06-12T10:32:42Z] #424 attempt=1/2 status=200 0.146s url=https://www.myfonts.com/collections/shree-kannada-5306-font-modularinfotech/
[2026-06-12T10:32:43Z] #425 attempt=1/2 status=200 0.321s url=https://www.myfonts.com/products/shree-kannada-3472-complete-family-package-1165137
[2026-06-12T10:32:43Z] #426 attempt=1/2 status=200 0.421s url=https://www.myfonts.com/collections/shree-kannada-3472-font-modularinfotech/
[2026-06-12T10:32:44Z] #427 attempt=1/2 status=200 0.364s url=https://www.myfonts.com/collections/shree-kannada-3472-font-modularinfotech/
[2026-06-12T10:32:45Z] #428 attempt=1/2 status=200 0.352s url=https://www.myfonts.com/products/shree-kannada-1420-complete-family-package-1164945
[2026-06-12T10:32:45Z] #429 attempt=1/2 status=429 0.032s url=https://www.myfonts.com/collections/shree-kannada-1420-font-modularinfotech/
[2026-06-12T10:32:48Z] #430 attempt=2/2 status=200 0.435s url=https://www.myfonts.com/collections/shree-kannada-1420-font-modularinfotech/
[2026-06-12T10:32:48Z] #431 attempt=1/2 status=200 0.153s url=https://www.myfonts.com/collections/shree-kannada-1420-font-modularinfotech/
[2026-06-12T10:32:49Z] #432 attempt=1/2 status=200 0.326s url=https://www.myfonts.com/products/shree-kannada-5356-complete-family-package-1164985
[2026-06-12T10:32:49Z] #433 attempt=1/2 status=200 0.386s url=https://www.myfonts.com/collections/shree-kannada-5356-font-modularinfotech/
[2026-06-12T10:32:50Z] #434 attempt=1/2 status=200 0.458s url=https://www.myfonts.com/products/shree-kannada-0874-complete-family-package-1165124
[2026-06-12T10:32:50Z] #435 attempt=1/2 status=429 0.052s url=https://www.myfonts.com/collections/shree-kannada-0874-font-modularinfotech/
[2026-06-12T10:32:53Z] #436 attempt=2/2 status=200 0.464s url=https://www.myfonts.com/collections/shree-kannada-0874-font-modularinfotech/
[2026-06-12T10:32:53Z] #437 attempt=1/2 status=200 0.162s url=https://www.myfonts.com/collections/shree-kannada-0874-font-modularinfotech/
[2026-06-12T10:32:54Z] #438 attempt=1/2 status=200 0.342s url=https://www.myfonts.com/products/shree-kannada-1434-complete-family-package-1165241
[2026-06-12T10:32:55Z] #439 attempt=1/2 status=200 0.352s url=https://www.myfonts.com/collections/shree-kannada-1434-font-modularinfotech/
[2026-06-12T10:32:55Z] #440 attempt=1/2 status=200 0.170s url=https://www.myfonts.com/collections/shree-kannada-1434-font-modularinfotech/
[2026-06-12T10:32:55Z] #441 attempt=1/2 status=429 0.057s url=https://www.myfonts.com/products/futura-pt-mono-set-package-1166919
[2026-06-12T10:32:58Z] #442 attempt=2/2 status=200 0.555s url=https://www.myfonts.com/products/futura-pt-mono-set-package-1166919
[2026-06-12T10:32:59Z] #443 attempt=1/2 status=200 0.847s url=https://www.myfonts.com/collections/futura-book-font-paratype/
[2026-06-12T10:33:00Z] #444 attempt=1/2 status=200 0.375s url=https://www.myfonts.com/products/quiet-garden-complete-family-package-1165507
[2026-06-12T10:33:01Z] #445 attempt=1/2 status=200 0.689s url=https://www.myfonts.com/collections/quiet-garden-font-sixtype-foundry/
[2026-06-12T10:33:02Z] #446 attempt=1/2 status=200 0.534s url=https://www.myfonts.com/products/shree-kannada-4291-complete-family-package-1165262
[2026-06-12T10:33:02Z] #447 attempt=1/2 status=200 0.410s url=https://www.myfonts.com/collections/shree-kannada-4291-font-modularinfotech/
[2026-06-12T10:33:03Z] #448 attempt=1/2 status=200 0.137s url=https://www.myfonts.com/collections/shree-kannada-4291-font-modularinfotech/
[2026-06-12T10:33:03Z] #449 attempt=1/2 status=200 0.331s url=https://www.myfonts.com/products/shree-kannada-4282-complete-family-package-1165088
[2026-06-12T10:33:03Z] #450 attempt=1/2 status=429 0.050s url=https://www.myfonts.com/collections/shree-kannada-4282-font-modularinfotech/
[2026-06-12T10:33:06Z] #451 attempt=2/2 status=200 0.407s url=https://www.myfonts.com/collections/shree-kannada-4282-font-modularinfotech/
[2026-06-12T10:33:07Z] #452 attempt=1/2 status=200 0.146s url=https://www.myfonts.com/collections/shree-kannada-4282-font-modularinfotech/
[2026-06-12T10:33:07Z] #453 attempt=1/2 status=200 0.473s url=https://www.myfonts.com/products/shree-kannada-4239-complete-family-package-1165206
[2026-06-12T10:33:08Z] #454 attempt=1/2 status=200 0.482s url=https://www.myfonts.com/collections/shree-kannada-4239-font-modularinfotech/
[2026-06-12T10:33:09Z] #455 attempt=1/2 status=200 0.521s url=https://www.myfonts.com/collections/shree-kannada-4239-font-modularinfotech/
[2026-06-12T10:33:09Z] #456 attempt=1/2 status=200 0.355s url=https://www.myfonts.com/products/shree-kan4212-complete-family-package-1165106
[2026-06-12T10:33:10Z] #457 attempt=1/2 status=429 0.040s url=https://www.myfonts.com/collections/shree-kan4212-font-modularinfotech/
[2026-06-12T10:33:12Z] #458 attempt=2/2 status=200 0.510s url=https://www.myfonts.com/collections/shree-kan4212-font-modularinfotech/
[2026-06-12T10:33:13Z] #459 attempt=1/2 status=200 0.394s url=https://www.myfonts.com/products/playback-complete-family-package-1165545
[2026-06-12T10:33:14Z] #460 attempt=1/2 status=200 0.406s url=https://www.myfonts.com/collections/playback-font-stylishtype-studio/
[2026-06-12T10:33:14Z] #461 attempt=1/2 status=200 0.493s url=https://www.myfonts.com/products/shree-kannada-4210-complete-family-package-1165073
[2026-06-12T10:33:15Z] #462 attempt=1/2 status=200 0.350s url=https://www.myfonts.com/collections/shree-kannada-4210-font-modularinfotech/
[2026-06-12T10:33:15Z] #463 attempt=1/2 status=200 0.181s url=https://www.myfonts.com/collections/shree-kannada-4210-font-modularinfotech/
[2026-06-12T10:33:16Z] #464 attempt=1/2 status=429 0.032s url=https://www.myfonts.com/products/lorafe-complete-family-package-1165985
[2026-06-12T10:33:18Z] #465 attempt=2/2 status=200 0.434s url=https://www.myfonts.com/products/lorafe-complete-family-package-1165985
[2026-06-12T10:33:19Z] #466 attempt=1/2 status=200 0.438s url=https://www.myfonts.com/collections/lorafe-font-solutype/
[2026-06-12T10:33:20Z] #467 attempt=1/2 status=200 0.694s url=https://www.myfonts.com/products/glifox-distort-package-1165800
[2026-06-12T10:33:21Z] #468 attempt=1/2 status=200 0.792s url=https://www.myfonts.com/collections/glifox-font-mystical-type/
[2026-06-12T10:33:22Z] #469 attempt=1/2 status=200 0.356s url=https://www.myfonts.com/products/chillyot-softenk-complete-family-package-1165459
[2026-06-12T10:33:22Z] #470 attempt=1/2 status=200 0.472s url=https://www.myfonts.com/collections/chillyot-softenk-font-stylishtype-studio/
[2026-06-12T10:33:23Z] #471 attempt=1/2 status=200 0.324s url=https://www.myfonts.com/products/shree-kannada-4211-complete-family-package-1165055
[2026-06-12T10:33:24Z] #472 attempt=1/2 status=200 0.354s url=https://www.myfonts.com/collections/shree-kannada-4211-font-modularinfotech/
[2026-06-12T10:33:24Z] #473 attempt=1/2 status=429 0.089s url=https://www.myfonts.com/collections/shree-kannada-4211-font-modularinfotech/
[2026-06-12T10:33:27Z] #474 attempt=2/2 status=200 0.480s url=https://www.myfonts.com/collections/shree-kannada-4211-font-modularinfotech/
[2026-06-12T10:33:27Z] #475 attempt=1/2 status=200 0.360s url=https://www.myfonts.com/products/funny-tomato-complete-family-package-1166385
[2026-06-12T10:33:28Z] #476 attempt=1/2 status=200 0.359s url=https://www.myfonts.com/collections/funny-tomato-font-tini-fitriani/
[2026-06-12T10:33:29Z] #477 attempt=1/2 status=200 0.419s url=https://www.myfonts.com/products/shree-kannada-5301-complete-family-package-1165253
[2026-06-12T10:33:29Z] #478 attempt=1/2 status=200 0.498s url=https://www.myfonts.com/collections/shree-kannada-5301-font-modularinfotech/
[2026-06-12T10:33:30Z] #479 attempt=1/2 status=200 0.422s url=https://www.myfonts.com/collections/shree-kannada-5301-font-modularinfotech/
[2026-06-12T10:33:30Z] #480 attempt=1/2 status=429 0.034s url=https://www.myfonts.com/products/shree-kannada-4275-complete-family-package-1164956
[2026-06-12T10:33:33Z] #481 attempt=2/2 status=200 0.418s url=https://www.myfonts.com/products/shree-kannada-4275-complete-family-package-1164956
[2026-06-12T10:33:34Z] #482 attempt=1/2 status=200 0.436s url=https://www.myfonts.com/collections/shree-kannada-4275-font-modularinfotech/
[2026-06-12T10:33:34Z] #483 attempt=1/2 status=200 0.147s url=https://www.myfonts.com/collections/shree-kannada-4275-font-modularinfotech/
[2026-06-12T10:33:35Z] #484 attempt=1/2 status=200 0.327s url=https://www.myfonts.com/products/mundial-lobby-complete-family-package-1166388
[2026-06-12T10:33:35Z] #485 attempt=1/2 status=200 0.378s url=https://www.myfonts.com/collections/mundial-lobby-font-woodcutter/
[2026-06-12T10:33:36Z] #486 attempt=1/2 status=429 0.031s url=https://www.myfonts.com/products/private-sans-complete-family-package-1167158
[2026-06-12T10:33:38Z] #487 attempt=2/2 status=200 0.535s url=https://www.myfonts.com/products/private-sans-complete-family-package-1167158
[2026-06-12T10:33:39Z] #488 attempt=1/2 status=200 0.581s url=https://www.myfonts.com/collections/private-sans-font-paratype/
[2026-06-12T10:33:40Z] #489 attempt=1/2 status=200 0.415s url=https://www.myfonts.com/products/shree-kannada-4230-complete-family-package-1165151
[2026-06-12T10:33:40Z] #490 attempt=1/2 status=200 0.389s url=https://www.myfonts.com/collections/shree-kannada-4230-font-modularinfotech/
[2026-06-12T10:33:41Z] #491 attempt=1/2 status=200 0.142s url=https://www.myfonts.com/collections/shree-kannada-4230-font-modularinfotech/
[2026-06-12T10:33:41Z] #492 attempt=1/2 status=200 0.321s url=https://www.myfonts.com/products/shree-kannada-4201-complete-family-package-1165037
[2026-06-12T10:33:42Z] #493 attempt=1/2 status=429 0.034s url=https://www.myfonts.com/collections/shree-kannada-4201-font-modularinfotech/
[2026-06-12T10:33:44Z] #494 attempt=2/2 status=200 0.518s url=https://www.myfonts.com/collections/shree-kannada-4201-font-modularinfotech/
[2026-06-12T10:33:45Z] #495 attempt=1/2 status=200 0.197s url=https://www.myfonts.com/collections/shree-kannada-4201-font-modularinfotech/
[2026-06-12T10:33:45Z] #496 attempt=1/2 status=200 0.302s url=https://www.myfonts.com/products/shree-kannada-1441-complete-family-package-1165160
[2026-06-12T10:33:46Z] #497 attempt=1/2 status=200 0.378s url=https://www.myfonts.com/collections/shree-kannada-1441-font-modularinfotech/
[2026-06-12T10:33:47Z] #498 attempt=1/2 status=200 0.415s url=https://www.myfonts.com/collections/shree-kannada-1441-font-modularinfotech/
[2026-06-12T10:33:47Z] #499 attempt=1/2 status=429 0.031s url=https://www.myfonts.com/products/shree-kannada-4226-complete-family-package-1165256
[2026-06-12T10:33:50Z] #500 attempt=2/2 status=200 0.369s url=https://www.myfonts.com/products/shree-kannada-4226-complete-family-package-1165256
[2026-06-12T10:33:50Z] #501 attempt=1/2 status=200 0.383s url=https://www.myfonts.com/collections/shree-kannada-4226-font-modularinfotech/
[2026-06-12T10:33:51Z] #502 attempt=1/2 status=200 0.458s url=https://www.myfonts.com/collections/shree-kannada-4226-font-modularinfotech/
[2026-06-12T10:33:52Z] #503 attempt=1/2 status=200 0.428s url=https://www.myfonts.com/products/werkstoff-complete-family-package-1165483
[2026-06-12T10:33:52Z] #504 attempt=1/2 status=200 0.690s url=https://www.myfonts.com/collections/werkstoff-font-ghozai-studio/
[2026-06-12T10:33:53Z] #505 attempt=1/2 status=200 0.356s url=https://www.myfonts.com/products/sovera-romeri-complete-family-package-1165978
[2026-06-12T10:33:54Z] #506 attempt=1/2 status=200 0.456s url=https://www.myfonts.com/collections/sovera-romeri-font-black-junst/
[2026-06-12T10:33:54Z] #507 attempt=1/2 status=429 0.030s url=https://www.myfonts.com/products/boxal-complete-family-package-1165740
[2026-06-12T10:33:57Z] #508 attempt=2/2 status=200 0.414s url=https://www.myfonts.com/products/boxal-complete-family-package-1165740
[2026-06-12T10:33:58Z] #509 attempt=1/2 status=200 0.655s url=https://www.myfonts.com/collections/boxal-font-the-northern-block/
[2026-06-12T10:33:58Z] #510 attempt=1/2 status=200 0.362s url=https://www.myfonts.com/products/shree-kannada-4220-complete-family-package-1165094
[2026-06-12T10:33:59Z] #511 attempt=1/2 status=200 0.404s url=https://www.myfonts.com/collections/shree-kannada-4220-font-modularinfotech/
[2026-06-12T10:34:00Z] #512 attempt=1/2 status=200 0.512s url=https://www.myfonts.com/collections/shree-kannada-4220-font-modularinfotech/
[2026-06-12T10:34:00Z] #513 attempt=1/2 status=200 0.366s url=https://www.myfonts.com/products/shree-kannada-3418-complete-family-package-1165229
[2026-06-12T10:34:01Z] #514 attempt=1/2 status=200 0.345s url=https://www.myfonts.com/collections/shree-kannada-3418-font-modularinfotech/
[2026-06-12T10:34:01Z] #515 attempt=1/2 status=429 0.035s url=https://www.myfonts.com/collections/shree-kannada-3418-font-modularinfotech/
[2026-06-12T10:34:04Z] #516 attempt=2/2 status=200 0.435s url=https://www.myfonts.com/collections/shree-kannada-3418-font-modularinfotech/
[2026-06-12T10:34:04Z] #517 attempt=1/2 status=200 0.373s url=https://www.myfonts.com/products/shree-kannada-0884-complete-family-package-1164988
[2026-06-12T10:34:05Z] #518 attempt=1/2 status=200 0.409s url=https://www.myfonts.com/collections/shree-kannada-0884-font-modularinfotech/
[2026-06-12T10:34:06Z] #519 attempt=1/2 status=200 0.185s url=https://www.myfonts.com/collections/shree-kannada-0884-font-modularinfotech/
[2026-06-12T10:34:06Z] #520 attempt=1/2 status=200 0.432s url=https://www.myfonts.com/products/shree-kannada-4213-complete-family-package-1165157
[2026-06-12T10:34:07Z] #521 attempt=1/2 status=429 0.054s url=https://www.myfonts.com/collections/shree-kannada-4213-font-modularinfotech/
[2026-06-12T10:34:09Z] #522 attempt=2/2 status=200 0.426s url=https://www.myfonts.com/collections/shree-kannada-4213-font-modularinfotech/
[2026-06-12T10:34:10Z] #523 attempt=1/2 status=200 0.428s url=https://www.myfonts.com/collections/shree-kannada-4213-font-modularinfotech/
[2026-06-12T10:34:11Z] #524 attempt=1/2 status=200 0.346s url=https://www.myfonts.com/products/shree-kannada-1486-complete-family-package-1165097
[2026-06-12T10:34:11Z] #525 attempt=1/2 status=200 0.433s url=https://www.myfonts.com/collections/shree-kannada-1486-font-modularinfotech/
[2026-06-12T10:34:12Z] #526 attempt=1/2 status=200 0.143s url=https://www.myfonts.com/collections/shree-kannada-1486-font-modularinfotech/
[2026-06-12T10:34:12Z] #527 attempt=1/2 status=200 0.310s url=https://www.myfonts.com/products/shree-kannada-3437-complete-family-package-1165247
[2026-06-12T10:34:12Z] #528 attempt=1/2 status=429 0.040s url=https://www.myfonts.com/collections/shree-kannada-3437-font-modularinfotech/
[2026-06-12T10:34:15Z] #529 attempt=2/2 status=200 0.389s url=https://www.myfonts.com/collections/shree-kannada-3437-font-modularinfotech/
[2026-06-12T10:34:16Z] #530 attempt=1/2 status=200 0.349s url=https://www.myfonts.com/collections/shree-kannada-3437-font-modularinfotech/
[2026-06-12T10:34:16Z] #531 attempt=1/2 status=200 0.331s url=https://www.myfonts.com/products/shree-kannada-4217-complete-family-package-1165058
[2026-06-12T10:34:17Z] #532 attempt=1/2 status=200 0.396s url=https://www.myfonts.com/collections/shree-kannada-4217-font-modularinfotech/
[2026-06-12T10:34:18Z] #533 attempt=1/2 status=200 0.440s url=https://www.myfonts.com/collections/shree-kannada-4217-font-modularinfotech/
[2026-06-12T10:34:18Z] #534 attempt=1/2 status=200 0.643s url=https://www.myfonts.com/products/moonling-variable-complete-family-package-1166036
[2026-06-12T10:34:19Z] #535 attempt=1/2 status=429 0.046s url=https://www.myfonts.com/collections/moonling-variable-font-zaki-creative/
[2026-06-12T10:34:22Z] #536 attempt=2/2 status=200 1.081s url=https://www.myfonts.com/collections/moonling-variable-font-zaki-creative/
[2026-06-12T10:34:23Z] #537 attempt=1/2 status=200 0.375s url=https://www.myfonts.com/products/shree-kannada-1494-complete-family-package-1164953
[2026-06-12T10:34:23Z] #538 attempt=1/2 status=200 0.404s url=https://www.myfonts.com/collections/shree-kannada-1494-font-modularinfotech/
[2026-06-12T10:34:24Z] #539 attempt=1/2 status=200 0.400s url=https://www.myfonts.com/collections/shree-kannada-1494-font-modularinfotech/
[2026-06-12T10:34:25Z] #540 attempt=1/2 status=200 0.318s url=https://www.myfonts.com/products/shree-kannada-3435-complete-family-package-1165140
[2026-06-12T10:34:25Z] #541 attempt=1/2 status=200 0.396s url=https://www.myfonts.com/collections/shree-kannada-3435-font-modularinfotech/
[2026-06-12T10:34:26Z] #542 attempt=1/2 status=200 0.432s url=https://www.myfonts.com/collections/shree-kannada-3435-font-modularinfotech/
[2026-06-12T10:34:27Z] #543 attempt=1/2 status=200 0.321s url=https://www.myfonts.com/products/shree-kannada-4298-complete-family-package-1165046
[2026-06-12T10:34:27Z] #544 attempt=1/2 status=429 0.082s url=https://www.myfonts.com/collections/shree-kannada-4298-font-modularinfotech/
[2026-06-12T10:34:30Z] #545 attempt=2/2 status=200 0.412s url=https://www.myfonts.com/collections/shree-kannada-4298-font-modularinfotech/
[2026-06-12T10:34:30Z] #546 attempt=1/2 status=200 0.154s url=https://www.myfonts.com/collections/shree-kannada-4298-font-modularinfotech/
[2026-06-12T10:34:31Z] #547 attempt=1/2 status=200 0.379s url=https://www.myfonts.com/products/feelosing-brave-complete-family-package-1165500
[2026-06-12T10:34:31Z] #548 attempt=1/2 status=200 0.310s url=https://www.myfonts.com/collections/feelosing-brave-font-stylishtype-studio/
[2026-06-12T10:34:32Z] #549 attempt=1/2 status=200 0.386s url=https://www.myfonts.com/products/shree-kannada-3498-complete-family-package-1165064
[2026-06-12T10:34:32Z] #550 attempt=1/2 status=429 0.082s url=https://www.myfonts.com/collections/shree-kannada-3498-font-modularinfotech/
[2026-06-12T10:34:35Z] #551 attempt=2/2 status=200 0.561s url=https://www.myfonts.com/collections/shree-kannada-3498-font-modularinfotech/
[2026-06-12T10:34:36Z] #552 attempt=1/2 status=200 0.378s url=https://www.myfonts.com/collections/shree-kannada-3498-font-modularinfotech/
[2026-06-12T10:34:36Z] #553 attempt=1/2 status=200 0.579s url=https://www.myfonts.com/products/traction-office-package-1143372
[2026-06-12T10:34:37Z] #554 attempt=1/2 status=200 0.797s url=https://www.myfonts.com/collections/traction-font-schriftlabor/
[2026-06-12T10:34:38Z] #555 attempt=1/2 status=200 0.411s url=https://www.myfonts.com/products/shree-kannada-1498-complete-family-package-1164999
[2026-06-12T10:34:39Z] #556 attempt=1/2 status=200 0.408s url=https://www.myfonts.com/collections/shree-kannada-1498-font-modularinfotech/
[2026-06-12T10:34:39Z] #557 attempt=1/2 status=200 0.432s url=https://www.myfonts.com/collections/shree-kannada-1498-font-modularinfotech/
[2026-06-12T10:34:40Z] #558 attempt=1/2 status=200 0.399s url=https://www.myfonts.com/products/shree-kannada-4280-complete-family-package-1165049
[2026-06-12T10:34:41Z] #559 attempt=1/2 status=200 0.468s url=https://www.myfonts.com/collections/shree-kannada-4280-font-modularinfotech/
[2026-06-12T10:34:41Z] #560 attempt=1/2 status=429 0.035s url=https://www.myfonts.com/collections/shree-kannada-4280-font-modularinfotech/
[2026-06-12T10:34:44Z] #561 attempt=2/2 status=200 0.453s url=https://www.myfonts.com/collections/shree-kannada-4280-font-modularinfotech/
[2026-06-12T10:34:44Z] #562 attempt=1/2 status=200 0.305s url=https://www.myfonts.com/products/hangtuah-complete-family-package-1166022
[2026-06-12T10:34:45Z] #563 attempt=1/2 status=200 0.502s url=https://www.myfonts.com/collections/hangtuah-font-tini-fitriani/
[2026-06-12T10:34:46Z] #564 attempt=1/2 status=200 0.382s url=https://www.myfonts.com/products/shree-kannada-4218-complete-family-package-1165007
[2026-06-12T10:34:46Z] #565 attempt=1/2 status=200 0.392s url=https://www.myfonts.com/collections/shree-kannada-4218-font-modularinfotech/
[2026-06-12T10:34:47Z] #566 attempt=1/2 status=200 0.396s url=https://www.myfonts.com/collections/shree-kannada-4218-font-modularinfotech/
[2026-06-12T10:34:47Z] #567 attempt=1/2 status=429 0.047s url=https://www.myfonts.com/products/variable-package-1166783
[2026-06-12T10:34:50Z] #568 attempt=2/2 status=200 0.500s url=https://www.myfonts.com/products/variable-package-1166783
[2026-06-12T10:34:51Z] #569 attempt=1/2 status=200 0.582s url=https://www.myfonts.com/collections/binetra-font-ridtype/
[2026-06-12T10:34:51Z] #570 attempt=1/2 status=200 0.327s url=https://www.myfonts.com/products/shree-kannada-3417-complete-family-package-1164982
[2026-06-12T10:34:52Z] #571 attempt=1/2 status=200 0.360s url=https://www.myfonts.com/collections/shree-kannada-3417-font-modularinfotech/
[2026-06-12T10:34:53Z] #572 attempt=1/2 status=200 0.386s url=https://www.myfonts.com/collections/shree-kannada-3417-font-modularinfotech/
[2026-06-12T10:34:53Z] #573 attempt=1/2 status=200 0.348s url=https://www.myfonts.com/products/harfiola-complete-family-package-1166019
[2026-06-12T10:34:54Z] #574 attempt=1/2 status=200 0.478s url=https://www.myfonts.com/collections/harfiola-font-tini-fitriani/
[2026-06-12T10:34:54Z] #575 attempt=1/2 status=429 0.034s url=https://www.myfonts.com/products/shree-kannada-0869-complete-family-package-1165274
[2026-06-12T10:34:57Z] #576 attempt=2/2 status=200 0.428s url=https://www.myfonts.com/products/shree-kannada-0869-complete-family-package-1165274
[2026-06-12T10:34:58Z] #577 attempt=1/2 status=200 0.385s url=https://www.myfonts.com/collections/shree-kannada-0869-font-modularinfotech/
[2026-06-12T10:34:58Z] #578 attempt=1/2 status=200 0.231s url=https://www.myfonts.com/collections/shree-kannada-0869-font-modularinfotech/
[2026-06-12T10:34:59Z] #579 attempt=1/2 status=200 0.356s url=https://www.myfonts.com/products/shree-kannada-4283-complete-family-package-1165013
[2026-06-12T10:34:59Z] #580 attempt=1/2 status=200 0.425s url=https://www.myfonts.com/collections/shree-kannada-4283-font-modularinfotech/
[2026-06-12T10:35:00Z] #581 attempt=1/2 status=200 0.147s url=https://www.myfonts.com/collections/shree-kannada-4283-font-modularinfotech/
[2026-06-12T10:35:00Z] #582 attempt=1/2 status=429 0.030s url=https://www.myfonts.com/products/shree-kannada-3488-complete-family-package-1165004
[2026-06-12T10:35:03Z] #583 attempt=2/2 status=200 0.408s url=https://www.myfonts.com/products/shree-kannada-3488-complete-family-package-1165004
[2026-06-12T10:35:03Z] #584 attempt=1/2 status=200 0.391s url=https://www.myfonts.com/collections/shree-kannada-3488-font-modularinfotech/
[2026-06-12T10:35:04Z] #585 attempt=1/2 status=200 0.389s url=https://www.myfonts.com/collections/shree-kannada-3488-font-modularinfotech/
[2026-06-12T10:35:05Z] #586 attempt=1/2 status=200 0.359s url=https://www.myfonts.com/products/shree-kannada-3423-complete-family-package-1164965
[2026-06-12T10:35:05Z] #587 attempt=1/2 status=200 0.436s url=https://www.myfonts.com/collections/shree-kannada-3423-font-modularinfotech/
[2026-06-12T10:35:06Z] #588 attempt=1/2 status=200 0.400s url=https://www.myfonts.com/collections/shree-kannada-3423-font-modularinfotech/
[2026-06-12T10:35:06Z] #589 attempt=1/2 status=429 0.034s url=https://www.myfonts.com/products/shree-kannada-4205-complete-family-package-1164962
[2026-06-12T10:35:09Z] #590 attempt=2/2 status=200 0.513s url=https://www.myfonts.com/products/shree-kannada-4205-complete-family-package-1164962
[2026-06-12T10:35:10Z] #591 attempt=1/2 status=200 0.398s url=https://www.myfonts.com/collections/shree-kannada-4205-font-modularinfotech/
[2026-06-12T10:35:10Z] #592 attempt=1/2 status=200 0.168s url=https://www.myfonts.com/collections/shree-kannada-4205-font-modularinfotech/
[2026-06-12T10:35:11Z] #593 attempt=1/2 status=200 0.411s url=https://www.myfonts.com/products/shree-kannada-1469-complete-family-package-1165212
[2026-06-12T10:35:11Z] #594 attempt=1/2 status=200 0.458s url=https://www.myfonts.com/collections/shree-kannada-1469-font-modularinfotech/
[2026-06-12T10:35:12Z] #595 attempt=1/2 status=200 0.219s url=https://www.myfonts.com/collections/shree-kannada-1469-font-modularinfotech/
[2026-06-12T10:35:12Z] #596 attempt=1/2 status=429 0.072s url=https://www.myfonts.com/products/division-grotesk-complete-family-package-1165423
[2026-06-12T10:35:15Z] #597 attempt=2/2 status=200 0.443s url=https://www.myfonts.com/products/division-grotesk-complete-family-package-1165423
[2026-06-12T10:35:16Z] #598 attempt=1/2 status=200 0.580s url=https://www.myfonts.com/collections/division-grotesk-font-asenbayu/
[2026-06-12T10:35:16Z] #599 attempt=1/2 status=200 0.483s url=https://www.myfonts.com/products/403-astona-complete-family-package-1165989
[2026-06-12T10:35:17Z] #600 attempt=1/2 status=200 0.742s url=https://www.myfonts.com/collections/403-astona-font-403tf/
[2026-06-12T10:35:18Z] #601 attempt=1/2 status=200 0.512s url=https://www.myfonts.com/products/mount-sagilite-complete-family-package-1165462
[2026-06-12T10:35:19Z] #602 attempt=1/2 status=200 0.607s url=https://www.myfonts.com/collections/mount-sagilite-font-afkari-studio/
[2026-06-12T10:35:20Z] #603 attempt=1/2 status=200 0.314s url=https://www.myfonts.com/products/wobble-ink-complete-family-package-1165510
[2026-06-12T10:35:20Z] #604 attempt=1/2 status=200 0.447s url=https://www.myfonts.com/collections/wobble-ink-font-littlehand/
[2026-06-12T10:35:21Z] #605 attempt=1/2 status=200 0.473s url=https://www.myfonts.com/products/mafesta-complete-family-package-1165756
[2026-06-12T10:35:21Z] #606 attempt=1/2 status=429 0.032s url=https://www.myfonts.com/collections/mafesta-font-vermilione/
[2026-06-12T10:35:24Z] #607 attempt=2/2 status=200 0.460s url=https://www.myfonts.com/collections/mafesta-font-vermilione/
[2026-06-12T10:35:25Z] #608 attempt=1/2 status=200 0.320s url=https://www.myfonts.com/products/shree-kannada-4215-complete-family-package-1165203
[2026-06-12T10:35:25Z] #609 attempt=1/2 status=200 0.398s url=https://www.myfonts.com/collections/shree-kannada-4215-font-modularinfotech/
[2026-06-12T10:35:26Z] #610 attempt=1/2 status=200 0.349s url=https://www.myfonts.com/collections/shree-kannada-4215-font-modularinfotech/
[2026-06-12T10:35:27Z] #611 attempt=1/2 status=200 0.613s url=https://www.myfonts.com/products/shree-kannada-4296-complete-family-package-1165271
[2026-06-12T10:35:27Z] #612 attempt=1/2 status=200 0.483s url=https://www.myfonts.com/collections/shree-kannada-4296-font-modularinfotech/
[2026-06-12T10:35:28Z] #613 attempt=1/2 status=200 0.381s url=https://www.myfonts.com/collections/shree-kannada-4296-font-modularinfotech/
[2026-06-12T10:35:28Z] #614 attempt=1/2 status=429 0.033s url=https://www.myfonts.com/products/roster-funy-complete-family-package-1165873
[2026-06-12T10:35:31Z] #615 attempt=2/2 status=200 0.353s url=https://www.myfonts.com/products/roster-funy-complete-family-package-1165873
[2026-06-12T10:35:32Z] #616 attempt=1/2 status=200 0.408s url=https://www.myfonts.com/collections/roster-funy-font-timelesstype-studio/
[2026-06-12T10:35:32Z] #617 attempt=1/2 status=200 0.371s url=https://www.myfonts.com/products/shree-kannada-0857-complete-family-package-1165144
[2026-06-12T10:35:33Z] #618 attempt=1/2 status=200 0.396s url=https://www.myfonts.com/collections/shree-kannada-0857-font-modularinfotech/
[2026-06-12T10:35:34Z] #619 attempt=1/2 status=200 0.505s url=https://www.myfonts.com/collections/shree-kannada-0857-font-modularinfotech/
[2026-06-12T10:35:34Z] #620 attempt=1/2 status=200 0.463s url=https://www.myfonts.com/products/premierre-marsiella-complete-family-package-1165420
[2026-06-12T10:35:35Z] #621 attempt=1/2 status=200 0.411s url=https://www.myfonts.com/collections/premierre-marsiella-font-jolicia-type/
[2026-06-12T10:35:35Z] #622 attempt=1/2 status=429 0.030s url=https://www.myfonts.com/products/elisto-remilio-complete-family-package-1165814
[2026-06-12T10:35:38Z] #623 attempt=2/2 status=200 0.359s url=https://www.myfonts.com/products/elisto-remilio-complete-family-package-1165814
[2026-06-12T10:35:38Z] #624 attempt=1/2 status=200 0.376s url=https://www.myfonts.com/collections/elisto-remilio-font-nh-typestudio/
[2026-06-12T10:35:39Z] #625 attempt=1/2 status=200 0.324s url=https://www.myfonts.com/products/arogel-complete-family-package-1165969
[2026-06-12T10:35:40Z] #626 attempt=1/2 status=200 0.414s url=https://www.myfonts.com/collections/arogel-font-vermilione/
[2026-06-12T10:35:40Z] #627 attempt=1/2 status=200 0.337s url=https://www.myfonts.com/products/shree-kannada-4208-complete-family-package-1165076
[2026-06-12T10:35:41Z] #628 attempt=1/2 status=200 0.358s url=https://www.myfonts.com/collections/shree-kannada-4208-font-modularinfotech/
[2026-06-12T10:35:41Z] #629 attempt=1/2 status=429 0.024s url=https://www.myfonts.com/collections/shree-kannada-4208-font-modularinfotech/
[2026-06-12T10:35:44Z] #630 attempt=2/2 status=200 0.497s url=https://www.myfonts.com/collections/shree-kannada-4208-font-modularinfotech/
[2026-06-12T10:35:45Z] #631 attempt=1/2 status=200 0.391s url=https://www.myfonts.com/products/shree-kannada-4227-complete-family-package-1165180
[2026-06-12T10:35:45Z] #632 attempt=1/2 status=200 0.369s url=https://www.myfonts.com/collections/shree-kannada-4227-font-modularinfotech/
[2026-06-12T10:35:46Z] #633 attempt=1/2 status=200 0.384s url=https://www.myfonts.com/collections/shree-kannada-4227-font-modularinfotech/
[2026-06-12T10:35:46Z] #634 attempt=1/2 status=200 0.312s url=https://www.myfonts.com/products/omica-complete-family-package-1165540
[2026-06-12T10:35:47Z] #635 attempt=1/2 status=200 0.459s url=https://www.myfonts.com/collections/omica-font-sensatype-studio/
[2026-06-12T10:35:47Z] #636 attempt=1/2 status=429 0.031s url=https://www.myfonts.com/products/wak-complete-family-package-1167155
[2026-06-12T10:35:50Z] #637 attempt=2/2 status=200 0.440s url=https://www.myfonts.com/products/wak-complete-family-package-1167155
[2026-06-12T10:35:51Z] #638 attempt=1/2 status=200 0.501s url=https://www.myfonts.com/collections/wak-font-paratype/
[2026-06-12T10:35:51Z] #639 attempt=1/2 status=200 0.344s url=https://www.myfonts.com/products/shree-kannada-4222-complete-family-package-1165067
[2026-06-12T10:35:52Z] #640 attempt=1/2 status=200 0.404s url=https://www.myfonts.com/collections/shree-kannada-4222-font-modularinfotech/
[2026-06-12T10:35:53Z] #641 attempt=1/2 status=200 0.370s url=https://www.myfonts.com/collections/shree-kannada-4222-font-modularinfotech/
[2026-06-12T10:35:54Z] #642 attempt=1/2 status=200 0.631s url=https://www.myfonts.com/products/thing-soft-complete-family-package-1165321
[2026-06-12T10:35:55Z] #643 attempt=1/2 status=200 0.888s url=https://www.myfonts.com/collections/thing-soft-font-alpercakici/
[2026-06-12T10:35:56Z] #644 attempt=1/6 status=200 0.931s url=https://www.myfonts.com/products.json?limit=100&page=10
[2026-06-12T10:35:57Z] #645 attempt=1/2 status=200 0.304s url=https://www.myfonts.com/products/shree-kannada-4214-complete-family-package-1165163
[2026-06-12T10:35:57Z] #646 attempt=1/2 status=200 0.375s url=https://www.myfonts.com/collections/shree-kannada-4214-font-modularinfotech/
[2026-06-12T10:35:58Z] #647 attempt=1/2 status=200 0.359s url=https://www.myfonts.com/collections/shree-kannada-4214-font-modularinfotech/
[2026-06-12T10:35:58Z] #648 attempt=1/2 status=429 0.028s url=https://www.myfonts.com/products/shree-kannada-4219-complete-family-package-1165226
[2026-06-12T10:36:01Z] #649 attempt=2/2 status=200 0.350s url=https://www.myfonts.com/products/shree-kannada-4219-complete-family-package-1165226
[2026-06-12T10:36:01Z] #650 attempt=1/2 status=200 0.382s url=https://www.myfonts.com/collections/shree-kannada-4219-font-modularinfotech/
[2026-06-12T10:36:02Z] #651 attempt=1/2 status=200 0.411s url=https://www.myfonts.com/collections/shree-kannada-4219-font-modularinfotech/
[2026-06-12T10:36:03Z] #652 attempt=1/2 status=200 0.296s url=https://www.myfonts.com/products/shree-kannada-4299-complete-family-package-1165129
[2026-06-12T10:36:03Z] #653 attempt=1/2 status=200 0.375s url=https://www.myfonts.com/collections/shree-kannada-4299-font-modularinfotech/
[2026-06-12T10:36:04Z] #654 attempt=1/2 status=200 0.371s url=https://www.myfonts.com/collections/shree-kannada-4299-font-modularinfotech/
[2026-06-12T10:36:04Z] #655 attempt=1/2 status=429 0.045s url=https://www.myfonts.com/products/hawara-complete-family-package-1165783
[2026-06-12T10:36:07Z] #656 attempt=2/2 status=200 0.494s url=https://www.myfonts.com/products/hawara-complete-family-package-1165783
[2026-06-12T10:36:08Z] #657 attempt=1/2 status=200 0.548s url=https://www.myfonts.com/collections/hawara-font-ekke-wolf/
[2026-06-12T10:36:08Z] #658 attempt=1/2 status=200 0.326s url=https://www.myfonts.com/products/shree-kannada-5305-complete-family-package-1165192
[2026-06-12T10:36:09Z] #659 attempt=1/2 status=200 0.442s url=https://www.myfonts.com/collections/shree-kannada-5305-font-modularinfotech/
[2026-06-12T10:36:10Z] #660 attempt=1/2 status=200 0.377s url=https://www.myfonts.com/collections/shree-kannada-5305-font-modularinfotech/
[2026-06-12T10:36:11Z] #661 attempt=1/2 status=200 0.919s url=https://www.myfonts.com/products/plantago-office-package-1143358
[2026-06-12T10:36:13Z] #662 attempt=1/2 status=200 1.461s url=https://www.myfonts.com/collections/plantago-font-schriftlabor/
[2026-06-12T10:36:13Z] #663 attempt=1/2 status=200 0.324s url=https://www.myfonts.com/products/skyppe-blastingo-complete-family-package-1165737
[2026-06-12T10:36:14Z] #664 attempt=1/2 status=200 0.377s url=https://www.myfonts.com/collections/skyppe-blastingo-font-stylishtype-studio/
[2026-06-12T10:36:15Z] #665 attempt=1/2 status=200 0.379s url=https://www.myfonts.com/products/shree-kannada-0854-complete-family-package-1165112
[2026-06-12T10:36:15Z] #666 attempt=1/2 status=200 0.456s url=https://www.myfonts.com/collections/shree-kannada-0854-font-modularinfotech/
[2026-06-12T10:36:16Z] #667 attempt=1/2 status=429 0.067s url=https://www.myfonts.com/collections/shree-kannada-0854-font-modularinfotech/
[2026-06-12T10:36:18Z] #668 attempt=2/2 status=200 0.202s url=https://www.myfonts.com/collections/shree-kannada-0854-font-modularinfotech/
[2026-06-12T10:36:19Z] #669 attempt=1/2 status=200 0.323s url=https://www.myfonts.com/products/shree-kannada-0868-complete-family-package-1165082
[2026-06-12T10:36:19Z] #670 attempt=1/2 status=200 0.360s url=https://www.myfonts.com/collections/shree-kannada-0868-font-modularinfotech/
[2026-06-12T10:36:20Z] #671 attempt=1/2 status=200 0.406s url=https://www.myfonts.com/collections/shree-kannada-0868-font-modularinfotech/
[2026-06-12T10:36:20Z] #672 attempt=1/2 status=200 0.334s url=https://www.myfonts.com/products/shree-kannada-4276-complete-family-package-1165031
[2026-06-12T10:36:21Z] #673 attempt=1/2 status=429 0.059s url=https://www.myfonts.com/collections/shree-kannada-4276-font-modularinfotech/
[2026-06-12T10:36:23Z] #674 attempt=2/2 status=200 0.475s url=https://www.myfonts.com/collections/shree-kannada-4276-font-modularinfotech/
[2026-06-12T10:36:24Z] #675 attempt=1/2 status=200 0.371s url=https://www.myfonts.com/collections/shree-kannada-4276-font-modularinfotech/
[2026-06-12T10:36:25Z] #676 attempt=1/2 status=200 0.360s url=https://www.myfonts.com/products/shree-kannada-1427-complete-family-package-1165019
[2026-06-12T10:36:25Z] #677 attempt=1/2 status=200 0.453s url=https://www.myfonts.com/collections/shree-kannada-1427-font-modularinfotech/
[2026-06-12T10:36:26Z] #678 attempt=1/2 status=200 0.483s url=https://www.myfonts.com/collections/shree-kannada-1427-font-modularinfotech/
[2026-06-12T10:36:27Z] #679 attempt=1/2 status=200 0.306s url=https://www.myfonts.com/products/shree-kan5334-complete-family-package-1165183
[2026-06-12T10:36:27Z] #680 attempt=1/2 status=429 0.067s url=https://www.myfonts.com/collections/shree-kan5334-font-modularinfotech/
[2026-06-12T10:36:30Z] #681 attempt=2/2 status=200 0.420s url=https://www.myfonts.com/collections/shree-kan5334-font-modularinfotech/
[2026-06-12T10:36:30Z] #682 attempt=1/2 status=200 0.352s url=https://www.myfonts.com/products/shree-kannada-3460-complete-family-package-1165220
[2026-06-12T10:36:31Z] #683 attempt=1/2 status=200 0.347s url=https://www.myfonts.com/collections/shree-kannada-3460-font-modularinfotech/
[2026-06-12T10:36:31Z] #684 attempt=1/2 status=200 0.348s url=https://www.myfonts.com/collections/shree-kannada-3460-font-modularinfotech/
[2026-06-12T10:36:32Z] #685 attempt=1/2 status=200 0.375s url=https://www.myfonts.com/products/shree-kannada-3400-complete-family-package-1165085
[2026-06-12T10:36:33Z] #686 attempt=1/2 status=200 0.404s url=https://www.myfonts.com/collections/shree-kannada-3400-font-modularinfotech/
[2026-06-12T10:36:33Z] #687 attempt=1/2 status=429 0.031s url=https://www.myfonts.com/collections/shree-kannada-3400-font-modularinfotech/
[2026-06-12T10:36:36Z] #688 attempt=2/2 status=200 0.442s url=https://www.myfonts.com/collections/shree-kannada-3400-font-modularinfotech/
[2026-06-12T10:36:36Z] #689 attempt=1/2 status=200 0.344s url=https://www.myfonts.com/products/shree-kannada-5302-complete-family-package-1165177
[2026-06-12T10:36:37Z] #690 attempt=1/2 status=200 0.386s url=https://www.myfonts.com/collections/shree-kannada-5302-font-modularinfotech/
[2026-06-12T10:36:37Z] #691 attempt=1/2 status=200 0.411s url=https://www.myfonts.com/collections/shree-kannada-5302-font-modularinfotech/
[2026-06-12T10:36:38Z] #692 attempt=1/2 status=200 0.435s url=https://www.myfonts.com/products/shree-kannada-0865-complete-family-package-1165200
[2026-06-12T10:36:39Z] #693 attempt=1/2 status=200 0.394s url=https://www.myfonts.com/collections/shree-kannada-0865-font-modularinfotech/
[2026-06-12T10:36:39Z] #694 attempt=1/2 status=429 0.046s url=https://www.myfonts.com/collections/shree-kannada-0865-font-modularinfotech/
[2026-06-12T10:36:42Z] #695 attempt=2/2 status=200 0.483s url=https://www.myfonts.com/collections/shree-kannada-0865-font-modularinfotech/
[2026-06-12T10:36:42Z] #696 attempt=1/2 status=200 0.323s url=https://www.myfonts.com/products/shree-kannada-3439-complete-family-package-1165028
[2026-06-12T10:36:43Z] #697 attempt=1/2 status=200 0.482s url=https://www.myfonts.com/collections/shree-kannada-3439-font-modularinfotech/
[2026-06-12T10:36:44Z] #698 attempt=1/2 status=200 0.492s url=https://www.myfonts.com/collections/shree-kannada-3439-font-modularinfotech/
[2026-06-12T10:36:44Z] #699 attempt=1/2 status=200 0.381s url=https://www.myfonts.com/products/shree-kannada-1430-complete-family-package-1165250
[2026-06-12T10:36:45Z] #700 attempt=1/2 status=200 0.417s url=https://www.myfonts.com/collections/shree-kannada-1430-font-modularinfotech/
[2026-06-12T10:36:46Z] #701 attempt=1/2 status=200 0.125s url=https://www.myfonts.com/collections/shree-kannada-1430-font-modularinfotech/
[2026-06-12T10:36:46Z] #702 attempt=1/2 status=429 0.029s url=https://www.myfonts.com/products/arvelis-complete-family-package-1165438
[2026-06-12T10:36:48Z] #703 attempt=2/2 status=200 0.378s url=https://www.myfonts.com/products/arvelis-complete-family-package-1165438
[2026-06-12T10:36:49Z] #704 attempt=1/2 status=200 0.568s url=https://www.myfonts.com/collections/arvelis-font-artisan-studio/
[2026-06-12T10:36:51Z] #705 attempt=1/2 status=200 1.709s url=https://www.myfonts.com/products/smooth-black-semicondensed-axerifa-1166606
[2026-06-12T10:36:54Z] #706 attempt=1/2 status=200 2.938s url=https://www.myfonts.com/collections/axerifa-font-slex-studio/
[2026-06-12T10:36:56Z] #707 attempt=1/2 status=200 1.299s url=https://www.myfonts.com/products/thin-slant-extra-expanded-vestica-neue-1165729
[2026-06-12T10:36:58Z] #708 attempt=1/2 status=200 1.760s url=https://www.myfonts.com/collections/vestica-neue-font-slex-studio/
[2026-06-12T10:36:59Z] #709 attempt=1/2 status=200 0.424s url=https://www.myfonts.com/products/regular-voluma-1164844
[2026-06-12T10:37:00Z] #710 attempt=1/2 status=200 0.325s url=https://www.myfonts.com/collections/voluma-font-pekotype/
[2026-06-12T10:37:01Z] #711 attempt=1/2 status=200 0.894s url=https://www.myfonts.com/products/smooth-black-serapha-serif-1165296
[2026-06-12T10:37:03Z] #712 attempt=1/2 status=200 2.114s url=https://www.myfonts.com/collections/serapha-serif-font-slex-studio/
[2026-06-12T10:37:04Z] #713 attempt=1/2 status=200 0.328s url=https://www.myfonts.com/products/regular-veronila-1165506
[2026-06-12T10:37:05Z] #714 attempt=1/2 status=200 0.289s url=https://www.myfonts.com/collections/veronila-font-rahagita-type/
[2026-06-12T10:37:06Z] #715 attempt=1/2 status=200 0.580s url=https://www.myfonts.com/products/medium-extracondensed-the-aveloria-twice-1165850
[2026-06-12T10:37:06Z] #716 attempt=1/2 status=200 0.700s url=https://www.myfonts.com/collections/the-aveloria-twice-font-slex-studio/
[2026-06-12T10:37:08Z] #717 attempt=1/6 status=200 0.788s url=https://www.myfonts.com/products.json?limit=100&page=11
[2026-06-12T10:37:09Z] #718 attempt=1/2 status=200 0.355s url=https://www.myfonts.com/products/regular-sukhara-1164843
[2026-06-12T10:37:09Z] #719 attempt=1/2 status=200 0.278s url=https://www.myfonts.com/collections/sukhara-font-shanaf/
[2026-06-12T10:37:10Z] #720 attempt=1/2 status=200 0.275s url=https://www.myfonts.com/products/regular-noodle-factory-1164842
[2026-06-12T10:37:10Z] #721 attempt=1/2 status=200 0.241s url=https://www.myfonts.com/collections/noodle-factory-font-shanaf/
[2026-06-12T10:37:11Z] #722 attempt=1/2 status=200 0.348s url=https://www.myfonts.com/products/italic-shree-kannada-1464-1165168
[2026-06-12T10:37:11Z] #723 attempt=1/2 status=200 0.406s url=https://www.myfonts.com/collections/shree-kannada-1464-font-modularinfotech/
[2026-06-12T10:37:12Z] #724 attempt=1/2 status=200 0.404s url=https://www.myfonts.com/collections/shree-kannada-1464-font-modularinfotech/
[2026-06-12T10:37:13Z] #725 attempt=1/6 status=200 0.869s url=https://www.myfonts.com/products.json?limit=100&page=12
[2026-06-12T10:37:14Z] #726 attempt=1/2 status=200 0.278s url=https://www.myfonts.com/products/regular-burnside-1166647
[2026-06-12T10:37:14Z] #727 attempt=1/2 status=200 0.246s url=https://www.myfonts.com/collections/burnside-font-sloulyfe-studio/
[2026-06-12T10:37:15Z] #728 attempt=1/2 status=200 0.285s url=https://www.myfonts.com/products/regular-doughzy-1165482
[2026-06-12T10:37:15Z] #729 attempt=1/2 status=200 0.257s url=https://www.myfonts.com/collections/doughzy-font-rahagita-type/
[2026-06-12T10:37:17Z] #730 attempt=1/6 status=200 0.852s url=https://www.myfonts.com/products.json?limit=100&page=13
[2026-06-12T10:37:17Z] #731 attempt=1/2 status=200 0.354s url=https://www.myfonts.com/products/regular-pludox-1166737
[2026-06-12T10:37:18Z] #732 attempt=1/2 status=200 0.272s url=https://www.myfonts.com/collections/pludox-font-hasnat-studio/
[2026-06-12T10:37:18Z] #733 attempt=1/2 status=429 0.033s url=https://www.myfonts.com/products/regular-rt-mango-letters-1166743
[2026-06-12T10:37:21Z] #734 attempt=2/2 status=200 0.483s url=https://www.myfonts.com/products/regular-rt-mango-letters-1166743
[2026-06-12T10:37:21Z] #735 attempt=1/2 status=200 0.347s url=https://www.myfonts.com/collections/rt-mango-letters-font-rillatype/
[2026-06-12T10:37:23Z] #736 attempt=1/6 status=200 0.906s url=https://www.myfonts.com/products.json?limit=100&page=14
[2026-06-12T10:37:23Z] #737 attempt=1/2 status=200 0.307s url=https://www.myfonts.com/products/bendios-rembine-regular-mc-bendios-rembine-1164846
[2026-06-12T10:37:24Z] #738 attempt=1/2 status=200 0.397s url=https://www.myfonts.com/collections/mc-bendios-rembine-font-maulana-creative/
[2026-06-12T10:37:25Z] #739 attempt=1/2 status=200 0.314s url=https://www.myfonts.com/products/regular-sigum-1164867
[2026-06-12T10:37:25Z] #740 attempt=1/2 status=429 0.036s url=https://www.myfonts.com/collections/sigum-font-pekotype/
[2026-06-12T10:37:28Z] #741 attempt=2/2 status=200 0.444s url=https://www.myfonts.com/collections/sigum-font-pekotype/
[2026-06-12T10:37:28Z] #742 attempt=1/2 status=200 0.350s url=https://www.myfonts.com/products/regular-western-hornet-1164841
[2026-06-12T10:37:29Z] #743 attempt=1/2 status=200 0.261s url=https://www.myfonts.com/collections/western-hornet-font-pekotype/
[2026-06-12T10:37:30Z] #744 attempt=1/6 status=200 1.062s url=https://www.myfonts.com/products.json?limit=100&page=15
[2026-06-12T10:37:31Z] #745 attempt=1/2 status=200 0.347s url=https://www.myfonts.com/products/regular-pottery-1165624
[2026-06-12T10:37:31Z] #746 attempt=1/2 status=200 0.261s url=https://www.myfonts.com/collections/pottery-font-nurf-designs/
[2026-06-12T10:37:33Z] #747 attempt=1/6 status=200 0.939s url=https://www.myfonts.com/products.json?limit=100&page=16
[2026-06-12T10:37:33Z] #748 attempt=1/2 status=200 0.286s url=https://www.myfonts.com/products/regular-wellfon-1164832
[2026-06-12T10:37:34Z] #749 attempt=1/2 status=429 0.037s url=https://www.myfonts.com/collections/wellfon-font-pekotype/
[2026-06-12T10:37:36Z] #750 attempt=2/2 status=200 0.332s url=https://www.myfonts.com/collections/wellfon-font-pekotype/
[2026-06-12T10:37:38Z] #751 attempt=1/6 status=200 1.043s url=https://www.myfonts.com/products.json?limit=100&page=17
[2026-06-12T10:37:38Z] #752 attempt=1/2 status=200 0.451s url=https://www.myfonts.com/products/regular-grimthorn-1164812
[2026-06-12T10:37:39Z] #753 attempt=1/2 status=200 0.320s url=https://www.myfonts.com/collections/grimthorn-font-shanaf/
[2026-06-12T10:37:40Z] #754 attempt=1/2 status=200 0.395s url=https://www.myfonts.com/products/regular-wicked-night-1164827
[2026-06-12T10:37:40Z] #755 attempt=1/2 status=200 0.343s url=https://www.myfonts.com/collections/wicked-night-font-pekotype/
[2026-06-12T10:37:42Z] #756 attempt=1/6 status=200 0.843s url=https://www.myfonts.com/products.json?limit=100&page=18
[2026-06-12T10:37:42Z] #757 attempt=1/2 status=200 0.275s url=https://www.myfonts.com/products/regular-viltrum-1164845
[2026-06-12T10:37:42Z] #758 attempt=1/2 status=429 0.039s url=https://www.myfonts.com/collections/viltrum-font-pekotype/
[2026-06-12T10:37:45Z] #759 attempt=2/2 status=200 0.518s url=https://www.myfonts.com/collections/viltrum-font-pekotype/
[2026-06-12T10:37:46Z] #760 attempt=1/6 status=200 0.755s url=https://www.myfonts.com/products.json?limit=100&page=19
[2026-06-12T10:37:47Z] #761 attempt=1/2 status=200 0.293s url=https://www.myfonts.com/products/regular-starust-1165543
[2026-06-12T10:37:48Z] #762 attempt=1/2 status=200 0.373s url=https://www.myfonts.com/collections/starust-font-alit-design/
[2026-06-12T10:37:49Z] #763 attempt=1/6 status=200 0.814s url=https://www.myfonts.com/products.json?limit=100&page=20
[2026-06-12T10:37:49Z] #764 attempt=1/2 status=200 0.309s url=https://www.myfonts.com/products/regular-floral-ritual-1164811
[2026-06-12T10:37:50Z] #765 attempt=1/2 status=200 0.325s url=https://www.myfonts.com/collections/floral-ritual-font-shanaf/
[2026-06-12T10:37:51Z] #766 attempt=1/6 status=429 0.028s url=https://www.myfonts.com/products.json?limit=100&page=21
[2026-06-12T10:37:54Z] #767 attempt=2/6 status=200 1.088s url=https://www.myfonts.com/products.json?limit=100&page=21
[2026-06-12T10:37:55Z] #768 attempt=1/2 status=200 0.405s url=https://www.myfonts.com/products/extra-bold-condensed-bethora-1165383
[2026-06-12T10:37:56Z] #769 attempt=1/2 status=200 0.511s url=https://www.myfonts.com/collections/bethora-font-lettersams/
[2026-06-12T10:37:56Z] #770 attempt=1/2 status=200 0.339s url=https://www.myfonts.com/products/samfont-regular-sam-1165539
[2026-06-12T10:37:57Z] #771 attempt=1/2 status=200 0.392s url=https://www.myfonts.com/collections/sam-font-eryn-rose-design/
[2026-06-12T10:37:57Z] #772 attempt=1/2 status=200 0.393s url=https://www.myfonts.com/products/regular-cubis-1165458
[2026-06-12T10:37:58Z] #773 attempt=1/2 status=200 0.399s url=https://www.myfonts.com/collections/cubis-font-jaruka-creative/
[2026-06-12T10:37:58Z] #774 attempt=1/2 status=429 0.036s url=https://www.myfonts.com/products/regular-erica-1165517
[2026-06-12T10:38:01Z] #775 attempt=2/2 status=200 0.387s url=https://www.myfonts.com/products/regular-erica-1165517
[2026-06-12T10:38:02Z] #776 attempt=1/2 status=200 0.421s url=https://www.myfonts.com/collections/erica-font-jaruka-creative/
[2026-06-12T10:38:03Z] #777 attempt=1/6 status=200 1.154s url=https://www.myfonts.com/products.json?limit=100&page=22
[2026-06-12T10:38:04Z] #778 attempt=1/2 status=200 0.384s url=https://www.myfonts.com/products/regular-kroovella-1165544
[2026-06-12T10:38:04Z] #779 attempt=1/2 status=200 0.293s url=https://www.myfonts.com/collections/kroovella-font-shanaf/
[2026-06-12T10:38:05Z] #780 attempt=1/2 status=200 0.383s url=https://www.myfonts.com/products/regular-sure-thing-signature-1165521
[2026-06-12T10:38:06Z] #781 attempt=1/2 status=200 0.292s url=https://www.myfonts.com/collections/sure-thing-signature-font-tebaltipis-studio/
[2026-06-12T10:38:07Z] #782 attempt=1/2 status=200 0.699s url=https://www.myfonts.com/products/smooth-bold-semicondensed-noveris-forma-1164775
[2026-06-12T10:38:08Z] #783 attempt=1/2 status=200 1.166s url=https://www.myfonts.com/collections/noveris-forma-font-slex-studio/
[2026-06-12T10:38:09Z] #784 attempt=1/2 status=200 0.443s url=https://www.myfonts.com/products/fuqua-complete-family-package-1163719
[2026-06-12T10:38:10Z] #785 attempt=1/2 status=200 0.603s url=https://www.myfonts.com/collections/fuqua-font-garagefonts/
[2026-06-12T10:38:10Z] #786 attempt=1/2 status=200 0.292s url=https://www.myfonts.com/products/fuqua-variable-complete-family-package-1163716
[2026-06-12T10:38:10Z] #787 attempt=1/2 status=429 0.055s url=https://www.myfonts.com/collections/fuqua-variable-font-garagefonts/
[2026-06-12T10:38:13Z] #788 attempt=2/2 status=200 0.355s url=https://www.myfonts.com/collections/fuqua-variable-font-garagefonts/
[2026-06-12T10:38:14Z] #789 attempt=1/2 status=200 0.499s url=https://www.myfonts.com/products/cajueira-family-package-1163715
[2026-06-12T10:38:15Z] #790 attempt=1/2 status=200 0.757s url=https://www.myfonts.com/collections/cajueira-font-sofiamohr/
[2026-06-12T10:38:16Z] #791 attempt=1/2 status=200 0.482s url=https://www.myfonts.com/products/gradine-complete-family-package-1161584
[2026-06-12T10:38:17Z] #792 attempt=1/2 status=200 0.749s url=https://www.myfonts.com/collections/gradine-font-dstype/
[2026-06-12T10:38:19Z] #793 attempt=1/6 status=200 1.297s url=https://www.myfonts.com/products.json?limit=100&page=23
[2026-06-12T10:38:19Z] #794 attempt=1/2 status=200 0.322s url=https://www.myfonts.com/products/black-semi-condensed-santhor-1162602
[2026-06-12T10:38:20Z] #795 attempt=1/2 status=200 0.435s url=https://www.myfonts.com/collections/santhor-font-propertype/
[2026-06-12T10:38:21Z] #796 attempt=1/2 status=200 1.090s url=https://www.myfonts.com/products/50-font-bundle-package-1046439
[2026-06-12T10:38:22Z] #797 attempt=1/2 status=404 0.169s url=https://www.myfonts.com/collections/50-font-bundle-font-dream-font
[2026-06-12T10:38:22Z] #798 attempt=1/2 status=200 0.721s url=https://www.myfonts.com/products/signature-bundle-package-1046440
[2026-06-12T10:38:23Z] #799 attempt=1/2 status=404 0.218s url=https://www.myfonts.com/collections/signature-bundle-font-dream-font
[2026-06-12T10:38:24Z] #800 attempt=1/2 status=200 0.696s url=https://www.myfonts.com/products/infinity-font-bundle-package-1004854
[2026-06-12T10:38:24Z] #801 attempt=1/2 status=404 0.176s url=https://www.myfonts.com/collections/infinity-font-bundle-font-dream-font
[2026-06-12T10:38:24Z] #802 attempt=1/2 status=429 0.036s url=https://www.myfonts.com/products/challenger-font-bundle-package-1004855
[2026-06-12T10:38:27Z] #803 attempt=2/2 status=200 0.517s url=https://www.myfonts.com/products/challenger-font-bundle-package-1004855
[2026-06-12T10:38:28Z] #804 attempt=1/2 status=404 0.192s url=https://www.myfonts.com/collections/challenger-font-bundle-font-dream-font
[2026-06-12T10:38:28Z] #805 attempt=1/2 status=200 0.567s url=https://www.myfonts.com/products/bekor-extra-bundle-package-1004853
[2026-06-12T10:38:29Z] #806 attempt=1/2 status=404 0.183s url=https://www.myfonts.com/collections/bekor-extra-bundle-font-dream-font
[2026-06-12T10:38:29Z] #807 attempt=1/2 status=200 0.433s url=https://www.myfonts.com/products/tipo-movin-cdmx-complete-family-package-1164680
[2026-06-12T10:38:30Z] #808 attempt=1/2 status=429 0.038s url=https://www.myfonts.com/collections/tipo-movin-cdmx-font-ixipcalli/
[2026-06-12T10:38:32Z] #809 attempt=2/2 status=200 0.630s url=https://www.myfonts.com/collections/tipo-movin-cdmx-font-ixipcalli/
[2026-06-12T10:38:33Z] #810 attempt=1/2 status=200 0.523s url=https://www.myfonts.com/products/tipo-metro-cdmx-complete-family-package-1164673
[2026-06-12T10:38:34Z] #811 attempt=1/2 status=200 0.512s url=https://www.myfonts.com/collections/tipo-metro-cdmx-font-ixipcalli/
[2026-06-12T10:38:35Z] #812 attempt=1/2 status=200 0.395s url=https://www.myfonts.com/products/limit-micro-variable-concept-complete-family-package-1164652
[2026-06-12T10:38:35Z] #813 attempt=1/2 status=200 0.530s url=https://www.myfonts.com/collections/limit-micro-variable-concept-font-bold-guys/
[2026-06-12T10:38:36Z] #814 attempt=1/2 status=200 0.531s url=https://www.myfonts.com/products/blumir-complete-family-package-1164569
[2026-06-12T10:38:37Z] #815 attempt=1/2 status=200 0.789s url=https://www.myfonts.com/collections/blumir-font-ridtype/
[2026-06-12T10:38:38Z] #816 attempt=1/2 status=200 0.381s url=https://www.myfonts.com/products/limit-text-variable-concept-complete-family-package-1164656
[2026-06-12T10:38:39Z] #817 attempt=1/2 status=200 0.365s url=https://www.myfonts.com/collections/limit-text-variable-concept-font-bold-guys/
[2026-06-12T10:38:39Z] #818 attempt=1/2 status=429 0.059s url=https://www.myfonts.com/products/gutriger-complete-family-package-1164597
[2026-06-12T10:38:42Z] #819 attempt=2/2 status=200 0.488s url=https://www.myfonts.com/products/gutriger-complete-family-package-1164597
[2026-06-12T10:38:43Z] #820 attempt=1/2 status=200 1.135s url=https://www.myfonts.com/collections/gutriger-font-ridtype/
[2026-06-12T10:38:44Z] #821 attempt=1/2 status=200 0.329s url=https://www.myfonts.com/products/limit-variable-concept-full-complete-family-package-1164664
[2026-06-12T10:38:44Z] #822 attempt=1/2 status=200 0.363s url=https://www.myfonts.com/collections/limit-variable-concept-full-font-bold-guys/
[2026-06-12T10:38:45Z] #823 attempt=1/2 status=200 0.580s url=https://www.myfonts.com/products/ghivenic-complete-family-package-1164571
[2026-06-12T10:38:46Z] #824 attempt=1/2 status=200 0.732s url=https://www.myfonts.com/collections/ghivenic-font-ridtype/
[2026-06-12T10:38:47Z] #825 attempt=1/2 status=200 0.328s url=https://www.myfonts.com/products/limit-display-variable-concept-complete-family-package-1164660
[2026-06-12T10:38:47Z] #826 attempt=1/2 status=200 0.348s url=https://www.myfonts.com/collections/limit-display-variable-concept-font-bold-guys/
[2026-06-12T10:38:48Z] #827 attempt=1/2 status=200 0.560s url=https://www.myfonts.com/products/sansceina-complete-family-package-1164574
[2026-06-12T10:38:49Z] #828 attempt=1/2 status=200 0.594s url=https://www.myfonts.com/collections/sansceina-font-ridtype/
[2026-06-12T10:38:49Z] #829 attempt=1/2 status=429 0.031s url=https://www.myfonts.com/products/basis-grotesque-arabic-complete-family-package-1164634
[2026-06-12T10:38:52Z] #830 attempt=2/2 status=200 0.415s url=https://www.myfonts.com/products/basis-grotesque-arabic-complete-family-package-1164634
[2026-06-12T10:38:53Z] #831 attempt=1/2 status=200 0.453s url=https://www.myfonts.com/collections/basis-grotesque-arabic-font-colophon-foundry/
[2026-06-12T10:38:53Z] #832 attempt=1/2 status=200 0.292s url=https://www.myfonts.com/products/regular-loving-de-rome-1164596
[2026-06-12T10:38:54Z] #833 attempt=1/2 status=200 0.370s url=https://www.myfonts.com/collections/loving-de-rome-font-tanon-design/
[2026-06-12T10:38:54Z] #834 attempt=1/2 status=200 0.274s url=https://www.myfonts.com/products/regular-aigos-1164599
[2026-06-12T10:38:55Z] #835 attempt=1/2 status=200 0.388s url=https://www.myfonts.com/collections/aigos-font-pekotype/
[2026-06-12T10:38:55Z] #836 attempt=1/2 status=429 0.043s url=https://www.myfonts.com/products/regular-the-grateful-party-1164573
[2026-06-12T10:38:58Z] #837 attempt=2/2 status=200 0.325s url=https://www.myfonts.com/products/regular-the-grateful-party-1164573
[2026-06-12T10:38:58Z] #838 attempt=1/2 status=200 0.328s url=https://www.myfonts.com/collections/the-grateful-party-font-sloulyfe-studio/
[2026-06-12T10:38:59Z] #839 attempt=1/2 status=200 0.338s url=https://www.myfonts.com/products/regular-koralline-1164605
[2026-06-12T10:39:00Z] #840 attempt=1/2 status=200 0.427s url=https://www.myfonts.com/collections/koralline-font-vadova-std/
[2026-06-12T10:39:00Z] #841 attempt=1/2 status=200 0.322s url=https://www.myfonts.com/products/regular-suerda-1164602
[2026-06-12T10:39:00Z] #842 attempt=1/2 status=429 0.039s url=https://www.myfonts.com/collections/suerda-font-olivetype/
[2026-06-12T10:39:03Z] #843 attempt=2/2 status=200 0.454s url=https://www.myfonts.com/collections/suerda-font-olivetype/
[2026-06-12T10:39:04Z] #844 attempt=1/2 status=200 0.307s url=https://www.myfonts.com/products/regular-monside-1164600
[2026-06-12T10:39:04Z] #845 attempt=1/2 status=200 0.274s url=https://www.myfonts.com/collections/monside-font-jaruka-creative/
[2026-06-12T10:39:05Z] #846 attempt=1/2 status=200 0.307s url=https://www.myfonts.com/products/regular-tzuyuha-1164606
[2026-06-12T10:39:05Z] #847 attempt=1/2 status=200 0.252s url=https://www.myfonts.com/collections/tzuyuha-font-vadova-std/
[2026-06-12T10:39:05Z] #848 attempt=1/2 status=429 0.032s url=https://www.myfonts.com/products/regular-xeonic-1164601
[2026-06-12T10:39:08Z] #849 attempt=2/2 status=200 0.365s url=https://www.myfonts.com/products/regular-xeonic-1164601
[2026-06-12T10:39:09Z] #850 attempt=1/2 status=200 0.356s url=https://www.myfonts.com/collections/xeonic-font-pekotype/
[2026-06-12T10:39:09Z] #851 attempt=1/2 status=200 0.270s url=https://www.myfonts.com/products/regular-manhaj-1164603
[2026-06-12T10:39:10Z] #852 attempt=1/2 status=200 0.302s url=https://www.myfonts.com/collections/manhaj-font-jaruka-creative/
[2026-06-12T10:39:10Z] #853 attempt=1/2 status=200 0.358s url=https://www.myfonts.com/products/regular-deadbone-1164612
[2026-06-12T10:39:11Z] #854 attempt=1/2 status=429 0.037s url=https://www.myfonts.com/collections/deadbone-font-vadova-std/
[2026-06-12T10:39:13Z] #855 attempt=2/2 status=200 0.402s url=https://www.myfonts.com/collections/deadbone-font-vadova-std/
[2026-06-12T10:39:14Z] #856 attempt=1/2 status=200 0.297s url=https://www.myfonts.com/products/regular-rosemeu-1164604
[2026-06-12T10:39:14Z] #857 attempt=1/2 status=200 0.269s url=https://www.myfonts.com/collections/rosemeu-font-vadova-std/
[2026-06-12T10:39:15Z] #858 attempt=1/2 status=200 0.360s url=https://www.myfonts.com/products/regular-cybernex-1164611
[2026-06-12T10:39:15Z] #859 attempt=1/2 status=200 0.339s url=https://www.myfonts.com/collections/cybernex-font-vadova-std/
[2026-06-12T10:39:16Z] #860 attempt=1/2 status=429 0.047s url=https://www.myfonts.com/products/regular-arcade-byte-1164614
[2026-06-12T10:39:18Z] #861 attempt=2/2 status=200 0.282s url=https://www.myfonts.com/products/regular-arcade-byte-1164614
[2026-06-12T10:39:19Z] #862 attempt=1/2 status=200 0.412s url=https://www.myfonts.com/collections/arcade-byte-font-shanaf/
[2026-06-12T10:39:19Z] #863 attempt=1/2 status=200 0.303s url=https://www.myfonts.com/products/variable-easy-flex-1104925
[2026-06-12T10:39:20Z] #864 attempt=1/2 status=200 0.416s url=https://www.myfonts.com/collections/easy-flex-font-lhs-yg/
[2026-06-12T10:39:21Z] #865 attempt=1/2 status=200 0.302s url=https://www.myfonts.com/products/regular-belorient-1164609
[2026-06-12T10:39:21Z] #866 attempt=1/2 status=200 0.282s url=https://www.myfonts.com/collections/belorient-font-vadova-std/
[2026-06-12T10:39:22Z] #867 attempt=1/6 status=429 0.037s url=https://www.myfonts.com/products.json?limit=100&page=24
[2026-06-12T10:39:25Z] #868 attempt=2/6 status=200 0.894s url=https://www.myfonts.com/products.json?limit=100&page=24
[2026-06-12T10:39:26Z] #869 attempt=1/2 status=200 0.337s url=https://www.myfonts.com/products/regular-broken-rivet-1164615
[2026-06-12T10:39:26Z] #870 attempt=1/2 status=200 0.347s url=https://www.myfonts.com/collections/broken-rivet-font-shanaf/
[2026-06-12T10:39:27Z] #871 attempt=1/2 status=200 0.311s url=https://www.myfonts.com/products/regular-hanggara-1164608
[2026-06-12T10:39:27Z] #872 attempt=1/2 status=200 0.392s url=https://www.myfonts.com/collections/hanggara-font-vadova-std/
[2026-06-12T10:39:28Z] #873 attempt=1/2 status=200 0.453s url=https://www.myfonts.com/products/regular-azlamirza-1164613
[2026-06-12T10:39:29Z] #874 attempt=1/2 status=200 0.291s url=https://www.myfonts.com/collections/azlamirza-font-flawlessandco/
[2026-06-12T10:39:29Z] #875 attempt=1/2 status=200 0.333s url=https://www.myfonts.com/products/regular-dahaga-1164607
[2026-06-12T10:39:30Z] #876 attempt=1/2 status=429 0.036s url=https://www.myfonts.com/collections/dahaga-font-vadova-std/
[2026-06-12T10:39:32Z] #877 attempt=2/2 status=200 0.402s url=https://www.myfonts.com/collections/dahaga-font-vadova-std/
[2026-06-12T10:39:33Z] #878 attempt=1/2 status=200 0.326s url=https://www.myfonts.com/products/regular-fugazi-1164595
[2026-06-12T10:39:33Z] #879 attempt=1/2 status=200 0.328s url=https://www.myfonts.com/collections/fugazi-font-karajan-type-foundry/
[2026-06-12T10:39:34Z] #880 attempt=1/2 status=200 0.419s url=https://www.myfonts.com/products/regular-danyelle-1164610
[2026-06-12T10:39:34Z] #881 attempt=1/2 status=200 0.280s url=https://www.myfonts.com/collections/danyelle-font-vadova-std/
[2026-06-12T10:39:35Z] #882 attempt=1/2 status=429 0.034s url=https://www.myfonts.com/products/personal-vogue-complete-family-package-1164482
[2026-06-12T10:39:37Z] #883 attempt=2/2 status=200 0.322s url=https://www.myfonts.com/products/personal-vogue-complete-family-package-1164482
[2026-06-12T10:39:38Z] #884 attempt=1/2 status=200 0.369s url=https://www.myfonts.com/collections/personal-vogue-font-auliart-studio/
[2026-06-12T10:39:39Z] #885 attempt=1/2 status=200 0.332s url=https://www.myfonts.com/products/crote-complete-family-package-1164507
[2026-06-12T10:39:39Z] #886 attempt=1/2 status=200 0.429s url=https://www.myfonts.com/collections/crote-font-ragamkata/
[2026-06-12T10:39:40Z] #887 attempt=1/2 status=200 0.454s url=https://www.myfonts.com/products/regular-and-bold-package-1164025
[2026-06-12T10:39:40Z] #888 attempt=1/2 status=429 0.031s url=https://www.myfonts.com/collections/textaus-font-anfound-type/
[2026-06-12T10:39:43Z] #889 attempt=2/2 status=200 0.912s url=https://www.myfonts.com/collections/textaus-font-anfound-type/
[2026-06-12T10:39:44Z] #890 attempt=1/2 status=200 0.433s url=https://www.myfonts.com/products/hajikah-complete-family-package-1164496
[2026-06-12T10:39:45Z] #891 attempt=1/2 status=200 0.735s url=https://www.myfonts.com/collections/hajikah-font-margi-studio/
[2026-06-12T10:39:46Z] #892 attempt=1/2 status=200 0.393s url=https://www.myfonts.com/products/monar-complete-family-package-1164225
[2026-06-12T10:39:46Z] #893 attempt=1/2 status=200 0.527s url=https://www.myfonts.com/collections/monar-font-afkari-studio/
[2026-06-12T10:39:47Z] #894 attempt=1/2 status=200 0.372s url=https://www.myfonts.com/products/dargon-complete-family-package-1164050
[2026-06-12T10:39:48Z] #895 attempt=1/2 status=200 0.483s url=https://www.myfonts.com/collections/dargon-font-type-together/
[2026-06-12T10:39:48Z] #896 attempt=1/2 status=200 0.344s url=https://www.myfonts.com/products/amaia-complete-family-package-1164479
[2026-06-12T10:39:49Z] #897 attempt=1/2 status=200 0.405s url=https://www.myfonts.com/collections/amaia-font-divora-type/
[2026-06-12T10:39:49Z] #898 attempt=1/2 status=429 0.031s url=https://www.myfonts.com/products/the-velmira-serif-simple-complete-family-package-1164448
[2026-06-12T10:39:52Z] #899 attempt=2/2 status=200 0.590s url=https://www.myfonts.com/products/the-velmira-serif-simple-complete-family-package-1164448
[2026-06-12T10:39:53Z] #900 attempt=1/2 status=200 0.631s url=https://www.myfonts.com/collections/the-velmira-serif-simple-font-slex-studio/
[2026-06-12T10:39:54Z] #901 attempt=1/2 status=200 0.392s url=https://www.myfonts.com/products/ragonte-complete-family-package-1164239
[2026-06-12T10:39:54Z] #902 attempt=1/2 status=200 0.522s url=https://www.myfonts.com/collections/ragonte-font-vermilione/
[2026-06-12T10:39:55Z] #903 attempt=1/2 status=200 0.574s url=https://www.myfonts.com/products/cornella-complete-family-package-1164196
[2026-06-12T10:39:56Z] #904 attempt=1/2 status=200 0.716s url=https://www.myfonts.com/collections/cornella-font-slex-studio/
[2026-06-12T10:39:57Z] #905 attempt=1/2 status=200 0.345s url=https://www.myfonts.com/products/whip-crema-complete-family-package-1164266
[2026-06-12T10:39:58Z] #906 attempt=1/2 status=200 0.389s url=https://www.myfonts.com/collections/whip-crema-font-letterytz/
[2026-06-12T10:39:58Z] #907 attempt=1/2 status=200 0.411s url=https://www.myfonts.com/products/runzoe-complete-family-package-1164489
[2026-06-12T10:39:58Z] #908 attempt=1/2 status=429 0.033s url=https://www.myfonts.com/collections/runzoe-font-afkari-studio/
[2026-06-12T10:40:01Z] #909 attempt=2/2 status=200 0.669s url=https://www.myfonts.com/collections/runzoe-font-afkari-studio/
[2026-06-12T10:40:02Z] #910 attempt=1/2 status=200 0.476s url=https://www.myfonts.com/products/cheeser-complete-family-package-1164492
[2026-06-12T10:40:03Z] #911 attempt=1/2 status=200 0.475s url=https://www.myfonts.com/collections/cheeser-font-casloop-studio/
[2026-06-12T10:40:04Z] #912 attempt=1/2 status=200 0.661s url=https://www.myfonts.com/products/regular-bold-and-black-package-1164551
[2026-06-12T10:40:05Z] #913 attempt=1/2 status=200 0.563s url=https://www.myfonts.com/collections/glique-font-fitrah-type/
[2026-06-12T10:40:05Z] #914 attempt=1/2 status=200 0.344s url=https://www.myfonts.com/products/athelya-complete-family-package-1164511
[2026-06-12T10:40:06Z] #915 attempt=1/2 status=200 0.615s url=https://www.myfonts.com/collections/athelya-font-ragamkata/
[2026-06-12T10:40:07Z] #916 attempt=1/2 status=200 0.347s url=https://www.myfonts.com/products/void-stamp-complete-family-package-1164261
[2026-06-12T10:40:07Z] #917 attempt=1/2 status=200 0.436s url=https://www.myfonts.com/collections/void-stamp-font-atom/
[2026-06-12T10:40:08Z] #918 attempt=1/2 status=429 0.028s url=https://www.myfonts.com/products/netizen-complete-family-package-1164485
[2026-06-12T10:40:10Z] #919 attempt=2/2 status=200 0.549s url=https://www.myfonts.com/products/netizen-complete-family-package-1164485
[2026-06-12T10:40:11Z] #920 attempt=1/2 status=200 0.441s url=https://www.myfonts.com/collections/netizen-font-cocodesign/
[2026-06-12T10:40:12Z] #921 attempt=1/2 status=200 0.426s url=https://www.myfonts.com/products/velmora-sketch-complete-family-package-1164476
[2026-06-12T10:40:13Z] #922 attempt=1/2 status=200 0.629s url=https://www.myfonts.com/collections/velmora-sketch-font-mei-suseno/
[2026-06-12T10:40:14Z] #923 attempt=1/2 status=200 1.397s url=https://www.myfonts.com/products/soft-package-1163936
[2026-06-12T10:40:17Z] #924 attempt=1/2 status=200 2.794s url=https://www.myfonts.com/collections/obigart-font-rastype-studio/
[2026-06-12T10:40:19Z] #925 attempt=1/2 status=200 0.872s url=https://www.myfonts.com/products/brahma-complete-family-package-1164515
[2026-06-12T10:40:20Z] #926 attempt=1/2 status=200 1.185s url=https://www.myfonts.com/collections/brahma-font-tall-chai/
[2026-06-12T10:40:21Z] #927 attempt=1/2 status=200 0.357s url=https://www.myfonts.com/products/chunky-chaos-complete-family-package-1164233
[2026-06-12T10:40:22Z] #928 attempt=1/2 status=200 0.573s url=https://www.myfonts.com/collections/chunky-chaos-font-cocodesign/
[2026-06-12T10:40:23Z] #929 attempt=1/2 status=200 0.959s url=https://www.myfonts.com/products/essential-script-font-bundle-package-1163690
[2026-06-12T10:40:24Z] #930 attempt=1/2 status=404 0.200s url=https://www.myfonts.com/collections/essential-script-font-bundle-font-gilar-studio
[2026-06-12T10:40:26Z] #931 attempt=1/2 status=200 1.701s url=https://www.myfonts.com/products/evoritha-complete-family-package-1164269
[2026-06-12T10:40:28Z] #932 attempt=1/2 status=200 2.059s url=https://www.myfonts.com/collections/evoritha-font-propertype/
[2026-06-12T10:40:29Z] #933 attempt=1/2 status=200 0.299s url=https://www.myfonts.com/products/mn-caviere-complete-family-package-1164228
[2026-06-12T10:40:30Z] #934 attempt=1/2 status=200 0.352s url=https://www.myfonts.com/collections/mn-caviere-font-mantra-naga-studio/
[2026-06-12T10:40:30Z] #935 attempt=1/2 status=200 0.428s url=https://www.myfonts.com/products/lakhu-complete-family-package-1164501
[2026-06-12T10:40:31Z] #936 attempt=1/2 status=200 0.391s url=https://www.myfonts.com/collections/lakhu-font-fernande/
[2026-06-12T10:40:32Z] #937 attempt=1/2 status=200 0.382s url=https://www.myfonts.com/products/yordola-complete-family-package-1164249
[2026-06-12T10:40:32Z] #938 attempt=1/2 status=200 0.487s url=https://www.myfonts.com/collections/yordola-font-outerend/
[2026-06-12T10:40:33Z] #939 attempt=1/2 status=200 0.436s url=https://www.myfonts.com/products/funker-complete-family-package-1164242
[2026-06-12T10:40:34Z] #940 attempt=1/2 status=200 0.390s url=https://www.myfonts.com/collections/funker-font-goodwheel-studio/
[2026-06-12T10:40:34Z] #941 attempt=1/2 status=200 0.422s url=https://www.myfonts.com/products/regular-belfrage-1164500
[2026-06-12T10:40:35Z] #942 attempt=1/2 status=200 0.325s url=https://www.myfonts.com/collections/belfrage-font-limitype/
[2026-06-12T10:40:35Z] #943 attempt=1/2 status=200 0.319s url=https://www.myfonts.com/products/regular-navilon-1164475
[2026-06-12T10:40:36Z] #944 attempt=1/2 status=200 0.295s url=https://www.myfonts.com/collections/navilon-font-rahagita-type/
[2026-06-12T10:40:37Z] #945 attempt=1/2 status=200 0.367s url=https://www.myfonts.com/products/tharwatemara-regular-te-seravera2-1164224
[2026-06-12T10:40:37Z] #946 attempt=1/2 status=200 0.390s url=https://www.myfonts.com/collections/te-seravera2-font-tharwat-emara/
[2026-06-12T10:40:38Z] #947 attempt=1/2 status=200 0.459s url=https://www.myfonts.com/products/regular-summer-dreamer-1164446
[2026-06-12T10:40:38Z] #948 attempt=1/2 status=200 0.324s url=https://www.myfonts.com/collections/summer-dreamer-font-seemly-fonts/
[2026-06-12T10:40:40Z] #949 attempt=1/6 status=200 0.882s url=https://www.myfonts.com/products.json?limit=100&page=25
[2026-06-12T10:40:40Z] #950 attempt=1/2 status=200 0.284s url=https://www.myfonts.com/products/sizek-pro-stencil-variable-sizek-pro-stencil-variable-1164049
[2026-06-12T10:40:41Z] #951 attempt=1/2 status=200 0.361s url=https://www.myfonts.com/collections/sizek-pro-stencil-variable-font-blaze-type/
[2026-06-12T10:40:42Z] #952 attempt=1/2 status=200 0.523s url=https://www.myfonts.com/products/regular-medieval-1164017
[2026-06-12T10:40:42Z] #953 attempt=1/2 status=429 0.035s url=https://www.myfonts.com/collections/medieval-font-blaze-type/
[2026-06-12T10:40:45Z] #954 attempt=2/2 status=200 0.321s url=https://www.myfonts.com/collections/medieval-font-blaze-type/
[2026-06-12T10:40:45Z] #955 attempt=1/2 status=200 0.352s url=https://www.myfonts.com/products/regular-gablues-1164505
[2026-06-12T10:40:46Z] #956 attempt=1/2 status=200 0.303s url=https://www.myfonts.com/collections/gablues-font-hasnat-studio/
[2026-06-12T10:40:47Z] #957 attempt=1/2 status=200 0.920s url=https://www.myfonts.com/products/regular-dreince-1164232
[2026-06-12T10:40:47Z] #958 attempt=1/2 status=200 0.316s url=https://www.myfonts.com/collections/dreince-font-bentype/
[2026-06-12T10:40:48Z] #959 attempt=1/2 status=200 0.303s url=https://www.myfonts.com/products/lemert-morlet-regular-mc-lemert-morlet-1164223
[2026-06-12T10:40:48Z] #960 attempt=1/2 status=429 0.028s url=https://www.myfonts.com/collections/mc-lemert-morlet-font-maulana-creative/
[2026-06-12T10:40:51Z] #961 attempt=2/2 status=200 0.411s url=https://www.myfonts.com/collections/mc-lemert-morlet-font-maulana-creative/
[2026-06-12T10:40:51Z] summary releases=97 first_429=(79, 'https://www.myfonts.com/collections/shree-bangali-1502-font-modularinfotech/', 0.03970694541931152) log_file=state/myfonts_run_20260612_102624.log
[2026-06-12T10:40:51Z] === MyFonts crawl end ===
