[2026-04-26T07:49:51Z] checkpoint fresh next_page=1 path=state/myfonts_crawl_checkpoint.json
[2026-04-26T07:49:51Z] === MyFonts crawl start source=myfonts ===
[2026-04-26T07:49:51Z] config max_pages=25 page_size=100 start_date=2026-04-25 end_date=2026-04-26 api_delay=0.5s detail_delay=0.2s max_debut_checks=400 max_tech_specs_checks=200 reuse_success_profile=False always_enrich_packages=True language_script_signal_mode=strong force_fresh_run=False start_page=1 browser_mode=False browser_headless=True browser_storage_state_path=state/myfonts_storage_state.json
[2026-04-26T07:49:52Z] #1 attempt=1/6 status=200 0.992s url=https://www.myfonts.com/products.json?limit=100&page=1
[2026-04-26T07:49:53Z] #2 attempt=1/2 status=200 0.423s url=https://www.myfonts.com/products/saddle-nomad-complete-family-package-1139844
[2026-04-26T07:49:53Z] #3 attempt=1/2 status=200 0.456s url=https://www.myfonts.com/collections/saddle-nomad-font-letterena-studios/
[2026-04-26T07:49:54Z] #4 attempt=1/2 status=200 0.179s url=https://www.myfonts.com/collections/saddle-nomad-font-letterena-studios/?tab=techSpecs
[2026-04-26T07:49:55Z] #5 attempt=1/2 status=200 0.382s url=https://www.myfonts.com/products/bucklane-script-complete-family-package-1020667
[2026-04-26T07:49:56Z] #6 attempt=1/2 status=200 0.424s url=https://www.myfonts.com/collections/bucklane-script-font-mans-greback/
[2026-04-26T07:49:57Z] #7 attempt=1/2 status=200 0.222s url=https://www.myfonts.com/collections/bucklane-script-font-mans-greback/?tab=techSpecs
[2026-04-26T07:50:00Z] #8 attempt=1/2 status=200 1.944s url=https://www.myfonts.com/products/granvia-ultra-complete-family-package-1139866
[2026-04-26T07:50:03Z] #9 attempt=1/2 status=200 1.873s url=https://www.myfonts.com/collections/granvia-ultra-font-kaidosan/
[2026-04-26T07:50:04Z] #10 attempt=1/2 status=200 0.281s url=https://www.myfonts.com/collections/granvia-ultra-font-kaidosan/?tab=techSpecs
[2026-04-26T07:50:05Z] #11 attempt=1/2 status=200 0.304s url=https://www.myfonts.com/products/moventra-complete-family-package-1140070
[2026-04-26T07:50:06Z] #12 attempt=1/2 status=200 0.586s url=https://www.myfonts.com/collections/moventra-font-moontiontype/
[2026-04-26T07:50:06Z] #13 attempt=1/2 status=200 0.184s url=https://www.myfonts.com/collections/moventra-font-moontiontype/?tab=techSpecs
[2026-04-26T07:50:08Z] #14 attempt=1/2 status=200 0.415s url=https://www.myfonts.com/products/gc-akihiko-complete-family-package-1139799
[2026-04-26T07:50:08Z] #15 attempt=1/2 status=200 0.540s url=https://www.myfonts.com/collections/gc-akihiko-font-onyx-studio/
[2026-04-26T07:50:09Z] #16 attempt=1/2 status=200 0.198s url=https://www.myfonts.com/collections/gc-akihiko-font-onyx-studio/?tab=techSpecs
[2026-04-26T07:50:10Z] #17 attempt=1/2 status=200 0.348s url=https://www.myfonts.com/products/kifah-complete-family-package-1139847
[2026-04-26T07:50:11Z] #18 attempt=1/2 status=200 0.441s url=https://www.myfonts.com/collections/kifah-font-namela/
[2026-04-26T07:50:11Z] #19 attempt=1/2 status=200 0.196s url=https://www.myfonts.com/collections/kifah-font-namela/?tab=techSpecs
[2026-04-26T07:50:14Z] #20 attempt=1/2 status=200 1.179s url=https://www.myfonts.com/products/condensed-package-1140373
[2026-04-26T07:50:16Z] #21 attempt=1/2 status=200 2.008s url=https://www.myfonts.com/collections/bleshil-font-rotterlab-studio/
[2026-04-26T07:50:17Z] #22 attempt=1/2 status=200 0.273s url=https://www.myfonts.com/collections/bleshil-font-rotterlab-studio/?tab=techSpecs
[2026-04-26T07:50:18Z] #23 attempt=1/2 status=200 0.420s url=https://www.myfonts.com/products/velmorai-complete-family-package-1139968
[2026-04-26T07:50:19Z] #24 attempt=1/2 status=200 0.569s url=https://www.myfonts.com/collections/velmorai-font-agung-sudirman/
[2026-04-26T07:50:20Z] #25 attempt=1/2 status=200 0.172s url=https://www.myfonts.com/collections/velmorai-font-agung-sudirman/?tab=techSpecs
[2026-04-26T07:50:21Z] #26 attempt=1/2 status=200 0.329s url=https://www.myfonts.com/products/monety-complete-family-package-1139796
[2026-04-26T07:50:22Z] #27 attempt=1/2 status=200 0.430s url=https://www.myfonts.com/collections/monety-font-burntilldead/
[2026-04-26T07:50:22Z] #28 attempt=1/2 status=200 0.157s url=https://www.myfonts.com/collections/monety-font-burntilldead/?tab=techSpecs
[2026-04-26T07:50:23Z] #29 attempt=1/2 status=200 0.398s url=https://www.myfonts.com/products/singha-prestige-complete-family-package-1139863
[2026-04-26T07:50:24Z] #30 attempt=1/2 status=200 0.519s url=https://www.myfonts.com/collections/singha-prestige-font-burntilldead/
[2026-04-26T07:50:25Z] #31 attempt=1/2 status=200 0.211s url=https://www.myfonts.com/collections/singha-prestige-font-burntilldead/?tab=techSpecs
[2026-04-26T07:50:26Z] #32 attempt=1/2 status=200 0.472s url=https://www.myfonts.com/products/goorkit-s-package-1140064
[2026-04-26T07:50:27Z] #33 attempt=1/2 status=200 0.783s url=https://www.myfonts.com/collections/goorkit-font-vlad-b/
[2026-04-26T07:50:28Z] #34 attempt=1/2 status=200 0.240s url=https://www.myfonts.com/collections/goorkit-font-vlad-b/?tab=techSpecs
[2026-04-26T07:50:29Z] #35 attempt=1/2 status=200 0.318s url=https://www.myfonts.com/products/kibtah-complete-family-package-1139827
[2026-04-26T07:50:29Z] #36 attempt=1/2 status=200 0.414s url=https://www.myfonts.com/collections/kibtah-font-namela/
[2026-04-26T07:50:30Z] #37 attempt=1/2 status=200 0.192s url=https://www.myfonts.com/collections/kibtah-font-namela/?tab=techSpecs
[2026-04-26T07:50:32Z] #38 attempt=1/2 status=200 0.453s url=https://www.myfonts.com/products/wiona-complete-family-package-1139762
[2026-04-26T07:50:33Z] #39 attempt=1/2 status=200 0.784s url=https://www.myfonts.com/collections/wiona-font-salamahtype/
[2026-04-26T07:50:33Z] #40 attempt=1/2 status=200 0.181s url=https://www.myfonts.com/collections/wiona-font-salamahtype/?tab=techSpecs
[2026-04-26T07:50:34Z] #41 attempt=1/2 status=200 0.331s url=https://www.myfonts.com/products/lenkiro-complete-family-package-1139821
[2026-04-26T07:50:35Z] #42 attempt=1/2 status=200 0.476s url=https://www.myfonts.com/collections/lenkiro-font-qweera-studio/
[2026-04-26T07:50:36Z] #43 attempt=1/2 status=200 0.399s url=https://www.myfonts.com/collections/lenkiro-font-qweera-studio/?tab=techSpecs
[2026-04-26T07:50:37Z] #44 attempt=1/2 status=200 0.321s url=https://www.myfonts.com/products/lots-of-fun-complete-family-package-1140034
[2026-04-26T07:50:38Z] #45 attempt=1/2 status=200 0.573s url=https://www.myfonts.com/collections/lots-of-fun-font-pizzadudedk/
[2026-04-26T07:50:38Z] #46 attempt=1/2 status=200 0.247s url=https://www.myfonts.com/collections/lots-of-fun-font-pizzadudedk/?tab=techSpecs
[2026-04-26T07:50:40Z] #47 attempt=1/2 status=200 0.328s url=https://www.myfonts.com/products/balikan-complete-family-package-1140104
[2026-04-26T07:50:40Z] #48 attempt=1/2 status=200 0.748s url=https://www.myfonts.com/collections/balikan-font-laroyba-type/
[2026-04-26T07:50:41Z] #49 attempt=1/2 status=200 0.184s url=https://www.myfonts.com/collections/balikan-font-laroyba-type/?tab=techSpecs
[2026-04-26T07:50:42Z] #50 attempt=1/2 status=200 0.312s url=https://www.myfonts.com/products/larovie-complete-family-package-1140095
[2026-04-26T07:50:43Z] #51 attempt=1/2 status=200 0.405s url=https://www.myfonts.com/collections/larovie-font-qweera-studio/
[2026-04-26T07:50:43Z] #52 attempt=1/2 status=200 0.175s url=https://www.myfonts.com/collections/larovie-font-qweera-studio/?tab=techSpecs
[2026-04-26T07:50:45Z] #53 attempt=1/2 status=200 0.458s url=https://www.myfonts.com/products/stupid-thing-complete-family-package-1140031
[2026-04-26T07:50:45Z] #54 attempt=1/2 status=200 0.547s url=https://www.myfonts.com/collections/stupid-thing-font-pizzadudedk/
[2026-04-26T07:50:46Z] #55 attempt=1/2 status=200 0.182s url=https://www.myfonts.com/collections/stupid-thing-font-pizzadudedk/?tab=techSpecs
[2026-04-26T07:50:47Z] #56 attempt=1/2 status=200 0.440s url=https://www.myfonts.com/products/handling-baltens-complete-family-package-1140038
[2026-04-26T07:50:48Z] #57 attempt=1/2 status=200 0.760s url=https://www.myfonts.com/collections/handling-baltens-font-letterena-studios/
[2026-04-26T07:50:49Z] #58 attempt=1/2 status=200 0.185s url=https://www.myfonts.com/collections/handling-baltens-font-letterena-studios/?tab=techSpecs
[2026-04-26T07:50:50Z] #59 attempt=1/2 status=200 0.343s url=https://www.myfonts.com/products/teenage-parties-complete-family-package-1140028
[2026-04-26T07:50:51Z] #60 attempt=1/2 status=200 0.539s url=https://www.myfonts.com/collections/teenage-parties-font-pizzadudedk/
[2026-04-26T07:50:51Z] #61 attempt=1/2 status=200 0.294s url=https://www.myfonts.com/collections/teenage-parties-font-pizzadudedk/?tab=techSpecs
[2026-04-26T07:50:53Z] #62 attempt=1/6 status=200 0.791s url=https://www.myfonts.com/products.json?limit=100&page=2
[2026-04-26T07:50:54Z] #63 attempt=1/2 status=200 0.405s url=https://www.myfonts.com/products/donvo-complete-family-package-1139790
[2026-04-26T07:50:55Z] #64 attempt=1/2 status=200 0.422s url=https://www.myfonts.com/collections/donvo-font-artiveko/
[2026-04-26T07:50:55Z] #65 attempt=1/2 status=200 0.273s url=https://www.myfonts.com/collections/donvo-font-artiveko/?tab=techSpecs
[2026-04-26T07:50:57Z] #66 attempt=1/2 status=200 0.430s url=https://www.myfonts.com/products/absolute-glows-complete-family-package-1140067
[2026-04-26T07:50:57Z] #67 attempt=1/2 status=200 0.488s url=https://www.myfonts.com/collections/absolute-glows-font-shakira-studio/
[2026-04-26T07:50:58Z] #68 attempt=1/2 status=200 0.267s url=https://www.myfonts.com/collections/absolute-glows-font-shakira-studio/?tab=techSpecs
[2026-04-26T07:50:59Z] #69 attempt=1/2 status=200 0.497s url=https://www.myfonts.com/products/qontra-complete-family-package-1139816
[2026-04-26T07:51:00Z] #70 attempt=1/2 status=200 0.461s url=https://www.myfonts.com/collections/qontra-font-qweera-studio/
[2026-04-26T07:51:00Z] #71 attempt=1/2 status=200 0.177s url=https://www.myfonts.com/collections/qontra-font-qweera-studio/?tab=techSpecs
[2026-04-26T07:51:02Z] #72 attempt=1/2 status=200 0.360s url=https://www.myfonts.com/products/sinar-grotesk-complete-family-package-1140126
[2026-04-26T07:51:02Z] #73 attempt=1/2 status=200 0.411s url=https://www.myfonts.com/collections/sinar-grotesk-font-tokotype/
[2026-04-26T07:51:03Z] #74 attempt=1/2 status=200 0.200s url=https://www.myfonts.com/collections/sinar-grotesk-font-tokotype/?tab=techSpecs
[2026-04-26T07:51:04Z] #75 attempt=1/2 status=200 0.303s url=https://www.myfonts.com/products/lawthis-complete-family-package-1139793
[2026-04-26T07:51:05Z] #76 attempt=1/2 status=200 0.515s url=https://www.myfonts.com/collections/lawthis-font-burntilldead/
[2026-04-26T07:51:05Z] #77 attempt=1/2 status=200 0.194s url=https://www.myfonts.com/collections/lawthis-font-burntilldead/?tab=techSpecs
[2026-04-26T07:51:07Z] #78 attempt=1/2 status=200 0.397s url=https://www.myfonts.com/products/wasteland-bold-complete-family-package-1140101
[2026-04-26T07:51:07Z] #79 attempt=1/2 status=200 0.447s url=https://www.myfonts.com/collections/wasteland-bold-font-hellroglyphs/
[2026-04-26T07:51:08Z] #80 attempt=1/2 status=200 0.199s url=https://www.myfonts.com/collections/wasteland-bold-font-hellroglyphs/?tab=techSpecs
[2026-04-26T07:51:09Z] #81 attempt=1/2 status=200 0.454s url=https://www.myfonts.com/products/italic-rushel-1139826
[2026-04-26T07:51:10Z] #82 attempt=1/2 status=200 0.396s url=https://www.myfonts.com/collections/rushel-font-vermilione/
[2026-04-26T07:51:10Z] #83 attempt=1/2 status=200 0.194s url=https://www.myfonts.com/collections/rushel-font-vermilione/?tab=techSpecs
[2026-04-26T07:51:12Z] #84 attempt=1/2 status=200 0.308s url=https://www.myfonts.com/products/regular-begerak-1140123
[2026-04-26T07:51:12Z] #85 attempt=1/2 status=200 0.351s url=https://www.myfonts.com/collections/begerak-font-bonjourtype/
[2026-04-26T07:51:13Z] #86 attempt=1/2 status=200 0.157s url=https://www.myfonts.com/collections/begerak-font-bonjourtype/?tab=techSpecs
[2026-04-26T07:51:15Z] #87 attempt=1/6 status=200 1.129s url=https://www.myfonts.com/products.json?limit=100&page=3
[2026-04-26T07:51:16Z] #88 attempt=1/6 status=200 0.998s url=https://www.myfonts.com/products.json?limit=100&page=4
[2026-04-26T07:51:17Z] #89 attempt=1/2 status=200 0.497s url=https://www.myfonts.com/products/divebar-vintage-complete-family-package-1022671
[2026-04-26T07:51:17Z] #90 attempt=1/2 status=200 0.449s url=https://www.myfonts.com/collections/divebar-vintage-font-mans-greback/
[2026-04-26T07:51:18Z] #91 attempt=1/2 status=200 0.182s url=https://www.myfonts.com/collections/divebar-vintage-font-mans-greback/?tab=techSpecs
[2026-04-26T07:51:20Z] #92 attempt=1/2 status=200 0.354s url=https://www.myfonts.com/products/regular-booklet-cordel-1022559
[2026-04-26T07:51:21Z] #93 attempt=1/2 status=200 0.309s url=https://www.myfonts.com/collections/booklet-cordel-font-galdino-otten-fonts/
[2026-04-26T07:51:21Z] #94 attempt=1/2 status=200 0.222s url=https://www.myfonts.com/collections/booklet-cordel-font-galdino-otten-fonts/?tab=techSpecs
[2026-04-26T07:51:22Z] #95 attempt=1/2 status=200 0.523s url=https://www.myfonts.com/products/atelier-elegance-package-1139307
[2026-04-26T07:51:23Z] #96 attempt=1/2 status=404 0.211s url=https://www.myfonts.com/collections/atelier-elegance-font-fontop
[2026-04-26T07:51:23Z] #97 attempt=1/2 status=200 0.386s url=https://www.myfonts.com/products/wedank-complete-family-package-1138416
[2026-04-26T07:51:24Z] #98 attempt=1/2 status=200 0.528s url=https://www.myfonts.com/collections/wedank-font-artiveko/
[2026-04-26T07:51:24Z] #99 attempt=1/2 status=200 0.213s url=https://www.myfonts.com/collections/wedank-font-artiveko/?tab=techSpecs
[2026-04-26T07:51:26Z] #100 attempt=1/2 status=200 0.410s url=https://www.myfonts.com/products/sicelka-complete-family-package-1138396
[2026-04-26T07:51:26Z] #101 attempt=1/2 status=200 0.452s url=https://www.myfonts.com/collections/sicelka-font-hishand-studio/
[2026-04-26T07:51:27Z] #102 attempt=1/2 status=200 0.202s url=https://www.myfonts.com/collections/sicelka-font-hishand-studio/?tab=techSpecs
[2026-04-26T07:51:28Z] #103 attempt=1/2 status=200 0.598s url=https://www.myfonts.com/products/alpha-kosty-complete-family-package-1139055
[2026-04-26T07:51:29Z] #104 attempt=1/2 status=200 0.803s url=https://www.myfonts.com/collections/alpha-kosty-font-lettersams/
[2026-04-26T07:51:30Z] #105 attempt=1/2 status=200 0.194s url=https://www.myfonts.com/collections/alpha-kosty-font-lettersams/?tab=techSpecs
[2026-04-26T07:51:31Z] #106 attempt=1/2 status=200 0.440s url=https://www.myfonts.com/products/zp-aspiration-complete-family-package-1138377
[2026-04-26T07:51:32Z] #107 attempt=1/2 status=200 0.515s url=https://www.myfonts.com/collections/zp-aspiration-font-lettering-delights/
[2026-04-26T07:51:33Z] #108 attempt=1/2 status=200 0.187s url=https://www.myfonts.com/collections/zp-aspiration-font-lettering-delights/?tab=techSpecs
[2026-04-26T07:51:34Z] #109 attempt=1/2 status=200 0.545s url=https://www.myfonts.com/products/arcade-blast-complete-family-package-1138351
[2026-04-26T07:51:35Z] #110 attempt=1/2 status=200 0.539s url=https://www.myfonts.com/collections/arcade-blast-font-rashdrawn/
[2026-04-26T07:51:35Z] #111 attempt=1/2 status=200 0.200s url=https://www.myfonts.com/collections/arcade-blast-font-rashdrawn/?tab=techSpecs
[2026-04-26T07:51:37Z] #112 attempt=1/2 status=200 0.531s url=https://www.myfonts.com/products/inline-package-1138366
[2026-04-26T07:51:38Z] #113 attempt=1/2 status=200 0.732s url=https://www.myfonts.com/collections/kraptor-font-thirtype/
[2026-04-26T07:51:38Z] #114 attempt=1/2 status=200 0.258s url=https://www.myfonts.com/collections/kraptor-font-thirtype/?tab=techSpecs
[2026-04-26T07:51:40Z] #115 attempt=1/2 status=200 0.857s url=https://www.myfonts.com/products/expandedoblique-package-1139162
[2026-04-26T07:51:43Z] #116 attempt=1/2 status=200 2.586s url=https://www.myfonts.com/collections/kornesia-contrast-font-mantype-studio/
[2026-04-26T07:51:44Z] #117 attempt=1/2 status=200 0.219s url=https://www.myfonts.com/collections/kornesia-contrast-font-mantype-studio/?tab=techSpecs
[2026-04-26T07:51:45Z] #118 attempt=1/2 status=200 0.361s url=https://www.myfonts.com/products/ratch-twinkle-complete-family-package-1139051
[2026-04-26T07:51:46Z] #119 attempt=1/2 status=200 0.441s url=https://www.myfonts.com/collections/ratch-twinkle-font-roman-melikhov/
[2026-04-26T07:51:46Z] #120 attempt=1/2 status=200 0.182s url=https://www.myfonts.com/collections/ratch-twinkle-font-roman-melikhov/?tab=techSpecs
[2026-04-26T07:51:48Z] #121 attempt=1/2 status=200 0.406s url=https://www.myfonts.com/products/argalis-complete-family-package-1138432
[2026-04-26T07:51:48Z] #122 attempt=1/2 status=200 0.436s url=https://www.myfonts.com/collections/argalis-font-pandeka-studio/
[2026-04-26T07:51:49Z] #123 attempt=1/2 status=200 0.188s url=https://www.myfonts.com/collections/argalis-font-pandeka-studio/?tab=techSpecs
[2026-04-26T07:51:50Z] #124 attempt=1/2 status=200 0.382s url=https://www.myfonts.com/products/limit-micro-variable-concept-complete-family-package-1138421
[2026-04-26T07:51:51Z] #125 attempt=1/2 status=200 0.470s url=https://www.myfonts.com/collections/limit-micro-variable-concept-font-bold-guystm/
[2026-04-26T07:51:52Z] #126 attempt=1/2 status=200 0.180s url=https://www.myfonts.com/collections/limit-micro-variable-concept-font-bold-guystm/?tab=techSpecs
[2026-04-26T07:51:53Z] #127 attempt=1/2 status=200 0.476s url=https://www.myfonts.com/products/zp-strawberry-blossom-complete-family-package-1138367
[2026-04-26T07:51:54Z] #128 attempt=1/2 status=200 0.781s url=https://www.myfonts.com/collections/zp-strawberry-blossom-font-lettering-delights/
[2026-04-26T07:51:54Z] #129 attempt=1/2 status=200 0.200s url=https://www.myfonts.com/collections/zp-strawberry-blossom-font-lettering-delights/?tab=techSpecs
[2026-04-26T07:51:56Z] #130 attempt=1/2 status=200 0.368s url=https://www.myfonts.com/products/regular-hf-artline-sans-1138855
[2026-04-26T07:51:56Z] #131 attempt=1/2 status=200 0.292s url=https://www.myfonts.com/collections/hf-artline-sans-font-hellofont/
[2026-04-26T07:51:57Z] #132 attempt=1/2 status=200 0.205s url=https://www.myfonts.com/collections/hf-artline-sans-font-hellofont/?tab=techSpecs
[2026-04-26T07:51:58Z] #133 attempt=1/2 status=200 0.200s url=https://www.myfonts.com/collections/hf-artline-sans-font-hellofont/
[2026-04-26T07:52:00Z] #134 attempt=1/2 status=200 1.692s url=https://www.myfonts.com/products/rounded-pencil-gigaman-1138910
[2026-04-26T07:52:02Z] #135 attempt=1/2 status=200 1.522s url=https://www.myfonts.com/collections/gigaman-font-alpercakici/
[2026-04-26T07:52:03Z] #136 attempt=1/2 status=200 0.261s url=https://www.myfonts.com/collections/gigaman-font-alpercakici/?tab=techSpecs
[2026-04-26T07:52:04Z] #137 attempt=1/2 status=200 0.342s url=https://www.myfonts.com/products/regular-hf-nana-1138766
[2026-04-26T07:52:05Z] #138 attempt=1/2 status=200 0.293s url=https://www.myfonts.com/collections/hf-nana-font-hellofont/
[2026-04-26T07:52:05Z] #139 attempt=1/2 status=200 0.187s url=https://www.myfonts.com/collections/hf-nana-font-hellofont/?tab=techSpecs
[2026-04-26T07:52:07Z] #140 attempt=1/2 status=200 0.180s url=https://www.myfonts.com/collections/hf-nana-font-hellofont/
[2026-04-26T07:52:07Z] #141 attempt=1/2 status=200 0.433s url=https://www.myfonts.com/products/medium-hf-chunky-1138824
[2026-04-26T07:52:08Z] #142 attempt=1/2 status=200 0.534s url=https://www.myfonts.com/collections/hf-chunky-font-hellofont/
[2026-04-26T07:52:08Z] #143 attempt=1/2 status=200 0.170s url=https://www.myfonts.com/collections/hf-chunky-font-hellofont/?tab=techSpecs
[2026-04-26T07:52:11Z] #144 attempt=1/2 status=200 0.239s url=https://www.myfonts.com/collections/hf-chunky-font-hellofont/
[2026-04-26T07:52:11Z] #145 attempt=1/2 status=200 0.345s url=https://www.myfonts.com/products/regular-hf-backbone-1138715
[2026-04-26T07:52:12Z] #146 attempt=1/2 status=200 0.303s url=https://www.myfonts.com/collections/hf-backbone-font-hellofont/
[2026-04-26T07:52:12Z] #147 attempt=1/2 status=200 0.246s url=https://www.myfonts.com/collections/hf-backbone-font-hellofont/?tab=techSpecs
[2026-04-26T07:52:14Z] #148 attempt=1/2 status=200 0.221s url=https://www.myfonts.com/collections/hf-backbone-font-hellofont/
[2026-04-26T07:52:14Z] #149 attempt=1/2 status=200 0.453s url=https://www.myfonts.com/products/ti-regular-hf-gala-1138773
[2026-04-26T07:52:15Z] #150 attempt=1/2 status=200 0.500s url=https://www.myfonts.com/collections/hf-gala-font-hellofont/
[2026-04-26T07:52:16Z] #151 attempt=1/2 status=200 0.241s url=https://www.myfonts.com/collections/hf-gala-font-hellofont/?tab=techSpecs
[2026-04-26T07:52:18Z] #152 attempt=1/2 status=200 0.188s url=https://www.myfonts.com/collections/hf-gala-font-hellofont/
[2026-04-26T07:52:18Z] #153 attempt=1/2 status=200 0.343s url=https://www.myfonts.com/products/regular-hf-swirl-1138625
[2026-04-26T07:52:19Z] #154 attempt=1/2 status=200 0.313s url=https://www.myfonts.com/collections/hf-swirl-font-hellofont/
[2026-04-26T07:52:19Z] #155 attempt=1/2 status=200 0.221s url=https://www.myfonts.com/collections/hf-swirl-font-hellofont/?tab=techSpecs
[2026-04-26T07:52:21Z] #156 attempt=1/2 status=200 0.236s url=https://www.myfonts.com/collections/hf-swirl-font-hellofont/
[2026-04-26T07:52:21Z] #157 attempt=1/2 status=200 0.348s url=https://www.myfonts.com/products/extra-light-hf-solid-1138565
[2026-04-26T07:52:22Z] #158 attempt=1/2 status=200 0.533s url=https://www.myfonts.com/collections/hf-solid-font-hellofont/
[2026-04-26T07:52:22Z] #159 attempt=1/2 status=200 0.176s url=https://www.myfonts.com/collections/hf-solid-font-hellofont/?tab=techSpecs
[2026-04-26T07:52:25Z] #160 attempt=1/2 status=200 0.215s url=https://www.myfonts.com/collections/hf-solid-font-hellofont/
[2026-04-26T07:52:25Z] #161 attempt=1/2 status=200 0.402s url=https://www.myfonts.com/products/soft-sg-drouche-1138344
[2026-04-26T07:52:26Z] #162 attempt=1/2 status=200 0.686s url=https://www.myfonts.com/collections/sg-drouche-font-studio-gulden/
[2026-04-26T07:52:27Z] #163 attempt=1/2 status=200 0.166s url=https://www.myfonts.com/collections/sg-drouche-font-studio-gulden/?tab=techSpecs
[2026-04-26T07:52:28Z] #164 attempt=1/2 status=200 0.388s url=https://www.myfonts.com/products/regular-tegaslim-1138441
[2026-04-26T07:52:29Z] #165 attempt=1/2 status=200 0.550s url=https://www.myfonts.com/collections/tegaslim-font-vyantype-studio/
[2026-04-26T07:52:29Z] #166 attempt=1/2 status=200 0.174s url=https://www.myfonts.com/collections/tegaslim-font-vyantype-studio/?tab=techSpecs
[2026-04-26T07:52:31Z] #167 attempt=1/2 status=200 0.388s url=https://www.myfonts.com/products/bold-hf-heritage-fangsong-1138799
[2026-04-26T07:52:31Z] #168 attempt=1/2 status=200 0.402s url=https://www.myfonts.com/collections/hf-heritage-fangsong-font-hellofont/
[2026-04-26T07:52:32Z] #169 attempt=1/2 status=200 0.169s url=https://www.myfonts.com/collections/hf-heritage-fangsong-font-hellofont/?tab=techSpecs
[2026-04-26T07:52:34Z] #170 attempt=1/2 status=200 0.212s url=https://www.myfonts.com/collections/hf-heritage-fangsong-font-hellofont/
[2026-04-26T07:52:35Z] #171 attempt=1/2 status=200 0.373s url=https://www.myfonts.com/products/regular-idea-fonts-feng-hua-ti-jp-1138804
[2026-04-26T07:52:35Z] #172 attempt=1/2 status=200 0.359s url=https://www.myfonts.com/collections/idea-fonts-feng-hua-ti-jp-font-hellofont/
[2026-04-26T07:52:36Z] #173 attempt=1/2 status=200 0.208s url=https://www.myfonts.com/collections/idea-fonts-feng-hua-ti-jp-font-hellofont/?tab=techSpecs
[2026-04-26T07:52:37Z] #174 attempt=1/2 status=200 0.212s url=https://www.myfonts.com/collections/idea-fonts-feng-hua-ti-jp-font-hellofont/
[2026-04-26T07:52:38Z] #175 attempt=1/2 status=200 0.525s url=https://www.myfonts.com/products/regular-hf-flair-1138748
[2026-04-26T07:52:39Z] #176 attempt=1/2 status=200 0.341s url=https://www.myfonts.com/collections/hf-flair-font-hellofont/
[2026-04-26T07:52:39Z] #177 attempt=1/2 status=200 0.199s url=https://www.myfonts.com/collections/hf-flair-font-hellofont/?tab=techSpecs
[2026-04-26T07:52:40Z] #178 attempt=1/2 status=200 0.189s url=https://www.myfonts.com/collections/hf-flair-font-hellofont/
[2026-04-26T07:52:41Z] #179 attempt=1/2 status=200 0.537s url=https://www.myfonts.com/products/black-hf-noir-extended-1138731
[2026-04-26T07:52:42Z] #180 attempt=1/2 status=200 0.472s url=https://www.myfonts.com/collections/hf-noir-extended-font-hellofont/
[2026-04-26T07:52:42Z] #181 attempt=1/2 status=200 0.173s url=https://www.myfonts.com/collections/hf-noir-extended-font-hellofont/?tab=techSpecs
[2026-04-26T07:52:45Z] #182 attempt=1/2 status=200 0.290s url=https://www.myfonts.com/collections/hf-noir-extended-font-hellofont/
[2026-04-26T07:52:45Z] #183 attempt=1/2 status=200 0.327s url=https://www.myfonts.com/products/regular-hf-roar-1138628
[2026-04-26T07:52:46Z] #184 attempt=1/2 status=200 0.338s url=https://www.myfonts.com/collections/hf-roar-font-hellofont/
[2026-04-26T07:52:46Z] #185 attempt=1/2 status=200 0.189s url=https://www.myfonts.com/collections/hf-roar-font-hellofont/?tab=techSpecs
[2026-04-26T07:52:47Z] #186 attempt=1/2 status=200 0.164s url=https://www.myfonts.com/collections/hf-roar-font-hellofont/
[2026-04-26T07:52:48Z] #187 attempt=1/2 status=200 0.373s url=https://www.myfonts.com/products/regular-hf-prime-1138755
[2026-04-26T07:52:48Z] #188 attempt=1/2 status=200 0.268s url=https://www.myfonts.com/collections/hf-prime-font-hellofont/
[2026-04-26T07:52:49Z] #189 attempt=1/2 status=200 0.178s url=https://www.myfonts.com/collections/hf-prime-font-hellofont/?tab=techSpecs
[2026-04-26T07:52:51Z] #190 attempt=1/2 status=200 0.242s url=https://www.myfonts.com/collections/hf-prime-font-hellofont/
[2026-04-26T07:52:51Z] #191 attempt=1/2 status=200 0.449s url=https://www.myfonts.com/products/regular-hf-walnut-duck-1138754
[2026-04-26T07:52:52Z] #192 attempt=1/2 status=200 0.491s url=https://www.myfonts.com/collections/hf-walnut-duck-font-hellofont/
[2026-04-26T07:52:53Z] #193 attempt=1/2 status=200 0.206s url=https://www.myfonts.com/collections/hf-walnut-duck-font-hellofont/?tab=techSpecs
[2026-04-26T07:52:54Z] #194 attempt=1/2 status=200 0.163s url=https://www.myfonts.com/collections/hf-walnut-duck-font-hellofont/
[2026-04-26T07:52:55Z] #195 attempt=1/2 status=200 0.413s url=https://www.myfonts.com/products/regular-hf-sheathed-1138806
[2026-04-26T07:52:55Z] #196 attempt=1/2 status=200 0.357s url=https://www.myfonts.com/collections/hf-sheathed-font-hellofont/
[2026-04-26T07:52:56Z] #197 attempt=1/2 status=200 0.190s url=https://www.myfonts.com/collections/hf-sheathed-font-hellofont/?tab=techSpecs
[2026-04-26T07:52:57Z] #198 attempt=1/2 status=200 0.168s url=https://www.myfonts.com/collections/hf-sheathed-font-hellofont/
[2026-04-26T07:52:58Z] #199 attempt=1/2 status=200 0.382s url=https://www.myfonts.com/products/thin-hf-ethereal-li-1138790
[2026-04-26T07:52:59Z] #200 attempt=1/2 status=200 0.493s url=https://www.myfonts.com/collections/hf-ethereal-li-font-hellofont/
[2026-04-26T07:52:59Z] #201 attempt=1/2 status=200 0.159s url=https://www.myfonts.com/collections/hf-ethereal-li-font-hellofont/?tab=techSpecs
[2026-04-26T07:53:01Z] #202 attempt=1/2 status=200 0.191s url=https://www.myfonts.com/collections/hf-ethereal-li-font-hellofont/
[2026-04-26T07:53:02Z] #203 attempt=1/2 status=200 0.308s url=https://www.myfonts.com/products/regular-hf-ribbon-1138591
[2026-04-26T07:53:02Z] #204 attempt=1/2 status=200 0.316s url=https://www.myfonts.com/collections/hf-ribbon-font-hellofont/
[2026-04-26T07:53:03Z] #205 attempt=1/2 status=200 0.171s url=https://www.myfonts.com/collections/hf-ribbon-font-hellofont/?tab=techSpecs
[2026-04-26T07:53:04Z] #206 attempt=1/2 status=200 0.182s url=https://www.myfonts.com/collections/hf-ribbon-font-hellofont/
[2026-04-26T07:53:05Z] #207 attempt=1/2 status=200 0.505s url=https://www.myfonts.com/products/regular-hf-cuanbaozi-1138788
[2026-04-26T07:53:06Z] #208 attempt=1/2 status=200 0.410s url=https://www.myfonts.com/collections/hf-cuanbaozi-font-hellofont/
[2026-04-26T07:53:06Z] #209 attempt=1/2 status=200 0.239s url=https://www.myfonts.com/collections/hf-cuanbaozi-font-hellofont/?tab=techSpecs
[2026-04-26T07:53:08Z] #210 attempt=1/2 status=200 0.206s url=https://www.myfonts.com/collections/hf-cuanbaozi-font-hellofont/
[2026-04-26T07:53:09Z] #211 attempt=1/2 status=200 0.363s url=https://www.myfonts.com/products/regular-fotor-hello-font-gong-yi-ti-1138765
[2026-04-26T07:53:09Z] #212 attempt=1/2 status=200 0.284s url=https://www.myfonts.com/collections/fotor-hello-font-gong-yi-ti-font-hellofont/
[2026-04-26T07:53:10Z] #213 attempt=1/2 status=200 0.192s url=https://www.myfonts.com/collections/fotor-hello-font-gong-yi-ti-font-hellofont/?tab=techSpecs
[2026-04-26T07:53:11Z] #214 attempt=1/2 status=200 0.193s url=https://www.myfonts.com/collections/fotor-hello-font-gong-yi-ti-font-hellofont/
[2026-04-26T07:53:11Z] #215 attempt=1/2 status=200 0.578s url=https://www.myfonts.com/products/85-hf-flow-sans-1138873
[2026-04-26T07:53:12Z] #216 attempt=1/2 status=200 0.664s url=https://www.myfonts.com/collections/hf-flow-sans-font-hellofont/
[2026-04-26T07:53:13Z] #217 attempt=1/2 status=200 0.191s url=https://www.myfonts.com/collections/hf-flow-sans-font-hellofont/?tab=techSpecs
[2026-04-26T07:53:15Z] #218 attempt=1/2 status=200 0.189s url=https://www.myfonts.com/collections/hf-flow-sans-font-hellofont/
[2026-04-26T07:53:16Z] #219 attempt=1/2 status=200 0.423s url=https://www.myfonts.com/products/regular-hf-straw-1138882
[2026-04-26T07:53:16Z] #220 attempt=1/2 status=200 0.363s url=https://www.myfonts.com/collections/hf-straw-font-hellofont/
[2026-04-26T07:53:17Z] #221 attempt=1/2 status=200 0.177s url=https://www.myfonts.com/collections/hf-straw-font-hellofont/?tab=techSpecs
[2026-04-26T07:53:18Z] #222 attempt=1/2 status=200 0.194s url=https://www.myfonts.com/collections/hf-straw-font-hellofont/
[2026-04-26T07:53:19Z] #223 attempt=1/2 status=200 0.350s url=https://www.myfonts.com/products/regular-hf-tint-semi-cursive-1138841
[2026-04-26T07:53:19Z] #224 attempt=1/2 status=200 0.275s url=https://www.myfonts.com/collections/hf-tint-semi-cursive-font-hellofont/
[2026-04-26T07:53:19Z] #225 attempt=1/2 status=200 0.213s url=https://www.myfonts.com/collections/hf-tint-semi-cursive-font-hellofont/?tab=techSpecs
[2026-04-26T07:53:21Z] #226 attempt=1/2 status=200 0.173s url=https://www.myfonts.com/collections/hf-tint-semi-cursive-font-hellofont/
[2026-04-26T07:53:22Z] #227 attempt=1/6 status=200 0.860s url=https://www.myfonts.com/products.json?limit=100&page=5
[2026-04-26T07:53:23Z] #228 attempt=1/2 status=200 0.482s url=https://www.myfonts.com/products/medium-hf-brick-1138777
[2026-04-26T07:53:24Z] #229 attempt=1/2 status=200 0.594s url=https://www.myfonts.com/collections/hf-brick-font-hellofont/
[2026-04-26T07:53:24Z] #230 attempt=1/2 status=200 0.204s url=https://www.myfonts.com/collections/hf-brick-font-hellofont/?tab=techSpecs
[2026-04-26T07:53:27Z] #231 attempt=1/2 status=200 0.242s url=https://www.myfonts.com/collections/hf-brick-font-hellofont/
[2026-04-26T07:53:27Z] #232 attempt=1/2 status=200 0.413s url=https://www.myfonts.com/products/regular-hf-chisel-songti-1138854
[2026-04-26T07:53:28Z] #233 attempt=1/2 status=200 0.386s url=https://www.myfonts.com/collections/hf-chisel-songti-font-hellofont/
[2026-04-26T07:53:28Z] #234 attempt=1/2 status=200 0.200s url=https://www.myfonts.com/collections/hf-chisel-songti-font-hellofont/?tab=techSpecs
[2026-04-26T07:53:29Z] #235 attempt=1/2 status=200 0.175s url=https://www.myfonts.com/collections/hf-chisel-songti-font-hellofont/
[2026-04-26T07:53:30Z] #236 attempt=1/2 status=200 0.404s url=https://www.myfonts.com/products/medium-hf-fierce-sans-1138665
[2026-04-26T07:53:31Z] #237 attempt=1/2 status=200 0.427s url=https://www.myfonts.com/collections/hf-fierce-sans-font-hellofont/
[2026-04-26T07:53:31Z] #238 attempt=1/2 status=200 0.191s url=https://www.myfonts.com/collections/hf-fierce-sans-font-hellofont/?tab=techSpecs
[2026-04-26T07:53:34Z] #239 attempt=1/2 status=200 0.191s url=https://www.myfonts.com/collections/hf-fierce-sans-font-hellofont/
[2026-04-26T07:53:34Z] #240 attempt=1/2 status=200 0.407s url=https://www.myfonts.com/products/regular-hf-bravo-1138571
[2026-04-26T07:53:35Z] #241 attempt=1/2 status=200 0.335s url=https://www.myfonts.com/collections/hf-bravo-font-hellofont/
[2026-04-26T07:53:35Z] #242 attempt=1/2 status=200 0.313s url=https://www.myfonts.com/collections/hf-bravo-font-hellofont/?tab=techSpecs
[2026-04-26T07:53:37Z] #243 attempt=1/2 status=200 0.175s url=https://www.myfonts.com/collections/hf-bravo-font-hellofont/
[2026-04-26T07:53:37Z] #244 attempt=1/2 status=200 0.667s url=https://www.myfonts.com/products/regular-hf-highway-1138649
[2026-04-26T07:53:38Z] #245 attempt=1/2 status=200 0.381s url=https://www.myfonts.com/collections/hf-highway-font-hellofont/
[2026-04-26T07:53:38Z] #246 attempt=1/2 status=200 0.219s url=https://www.myfonts.com/collections/hf-highway-font-hellofont/?tab=techSpecs
[2026-04-26T07:53:40Z] #247 attempt=1/2 status=200 0.195s url=https://www.myfonts.com/collections/hf-highway-font-hellofont/
[2026-04-26T07:53:40Z] #248 attempt=1/2 status=200 0.301s url=https://www.myfonts.com/products/regular-hf-nimbus-1138682
[2026-04-26T07:53:41Z] #249 attempt=1/2 status=200 0.291s url=https://www.myfonts.com/collections/hf-nimbus-font-hellofont/
[2026-04-26T07:53:41Z] #250 attempt=1/2 status=200 0.278s url=https://www.myfonts.com/collections/hf-nimbus-font-hellofont/?tab=techSpecs
[2026-04-26T07:53:43Z] #251 attempt=1/2 status=200 0.183s url=https://www.myfonts.com/collections/hf-nimbus-font-hellofont/
[2026-04-26T07:53:43Z] #252 attempt=1/2 status=200 0.428s url=https://www.myfonts.com/products/regular-hf-squirrel-1138615
[2026-04-26T07:53:44Z] #253 attempt=1/2 status=200 0.395s url=https://www.myfonts.com/collections/hf-squirrel-font-hellofont/
[2026-04-26T07:53:44Z] #254 attempt=1/2 status=200 0.206s url=https://www.myfonts.com/collections/hf-squirrel-font-hellofont/?tab=techSpecs
[2026-04-26T07:53:46Z] #255 attempt=1/2 status=200 0.172s url=https://www.myfonts.com/collections/hf-squirrel-font-hellofont/
[2026-04-26T07:53:46Z] #256 attempt=1/2 status=200 0.473s url=https://www.myfonts.com/products/regular-hf-twist-1138815
[2026-04-26T07:53:47Z] #257 attempt=1/2 status=200 0.317s url=https://www.myfonts.com/collections/hf-twist-font-hellofont/
[2026-04-26T07:53:47Z] #258 attempt=1/2 status=200 0.179s url=https://www.myfonts.com/collections/hf-twist-font-hellofont/?tab=techSpecs
[2026-04-26T07:53:49Z] #259 attempt=1/2 status=200 0.231s url=https://www.myfonts.com/collections/hf-twist-font-hellofont/
[2026-04-26T07:53:50Z] #260 attempt=1/2 status=200 0.396s url=https://www.myfonts.com/products/regular-idea-fonts-lu-jun-xing-kai-jp-1138589
[2026-04-26T07:53:50Z] #261 attempt=1/2 status=200 0.468s url=https://www.myfonts.com/collections/idea-fonts-lu-jun-xing-kai-jp-font-hellofont/
[2026-04-26T07:53:51Z] #262 attempt=1/2 status=200 0.190s url=https://www.myfonts.com/collections/idea-fonts-lu-jun-xing-kai-jp-font-hellofont/?tab=techSpecs
[2026-04-26T07:53:52Z] #263 attempt=1/2 status=200 0.190s url=https://www.myfonts.com/collections/idea-fonts-lu-jun-xing-kai-jp-font-hellofont/
[2026-04-26T07:53:53Z] #264 attempt=1/2 status=200 0.314s url=https://www.myfonts.com/products/regular-hf-unbound-1138884
[2026-04-26T07:53:53Z] #265 attempt=1/2 status=200 0.302s url=https://www.myfonts.com/collections/hf-unbound-font-hellofont/
[2026-04-26T07:53:54Z] #266 attempt=1/2 status=200 0.163s url=https://www.myfonts.com/collections/hf-unbound-font-hellofont/?tab=techSpecs
[2026-04-26T07:53:55Z] #267 attempt=1/2 status=200 0.152s url=https://www.myfonts.com/collections/hf-unbound-font-hellofont/
[2026-04-26T07:53:56Z] #268 attempt=1/2 status=200 0.389s url=https://www.myfonts.com/products/medium-hf-jolly-1138758
[2026-04-26T07:53:56Z] #269 attempt=1/2 status=200 0.445s url=https://www.myfonts.com/collections/hf-jolly-font-hellofont/
[2026-04-26T07:53:57Z] #270 attempt=1/2 status=200 0.212s url=https://www.myfonts.com/collections/hf-jolly-font-hellofont/?tab=techSpecs
[2026-04-26T07:53:59Z] #271 attempt=1/2 status=200 0.188s url=https://www.myfonts.com/collections/hf-jolly-font-hellofont/
[2026-04-26T07:53:59Z] #272 attempt=1/2 status=200 0.317s url=https://www.myfonts.com/products/regular-idea-fonts-lie-jin-ti-jp-1138700
[2026-04-26T07:54:00Z] #273 attempt=1/2 status=200 0.277s url=https://www.myfonts.com/collections/idea-fonts-lie-jin-ti-jp-font-hellofont/
[2026-04-26T07:54:00Z] #274 attempt=1/2 status=200 0.163s url=https://www.myfonts.com/collections/idea-fonts-lie-jin-ti-jp-font-hellofont/?tab=techSpecs
[2026-04-26T07:54:02Z] #275 attempt=1/2 status=200 0.286s url=https://www.myfonts.com/collections/idea-fonts-lie-jin-ti-jp-font-hellofont/
[2026-04-26T07:54:02Z] #276 attempt=1/2 status=200 0.327s url=https://www.myfonts.com/products/regular-hf-petite-li-1138577
[2026-04-26T07:54:03Z] #277 attempt=1/2 status=200 0.358s url=https://www.myfonts.com/collections/hf-petite-li-font-hellofont/
[2026-04-26T07:54:03Z] #278 attempt=1/2 status=200 0.222s url=https://www.myfonts.com/collections/hf-petite-li-font-hellofont/?tab=techSpecs
[2026-04-26T07:54:04Z] #279 attempt=1/2 status=200 0.212s url=https://www.myfonts.com/collections/hf-petite-li-font-hellofont/
[2026-04-26T07:54:05Z] #280 attempt=1/2 status=200 0.309s url=https://www.myfonts.com/products/regular-hf-naive-1138719
[2026-04-26T07:54:05Z] #281 attempt=1/2 status=200 0.296s url=https://www.myfonts.com/collections/hf-naive-font-hellofont/
[2026-04-26T07:54:06Z] #282 attempt=1/2 status=200 0.167s url=https://www.myfonts.com/collections/hf-naive-font-hellofont/?tab=techSpecs
[2026-04-26T07:54:07Z] #283 attempt=1/2 status=200 0.174s url=https://www.myfonts.com/collections/hf-naive-font-hellofont/
[2026-04-26T07:54:07Z] #284 attempt=1/2 status=200 0.312s url=https://www.myfonts.com/products/regular-hf-rustic-1138597
[2026-04-26T07:54:08Z] #285 attempt=1/2 status=200 0.356s url=https://www.myfonts.com/collections/hf-rustic-font-hellofont/
[2026-04-26T07:54:08Z] #286 attempt=1/2 status=200 0.203s url=https://www.myfonts.com/collections/hf-rustic-font-hellofont/?tab=techSpecs
[2026-04-26T07:54:10Z] #287 attempt=1/2 status=200 0.195s url=https://www.myfonts.com/collections/hf-rustic-font-hellofont/
[2026-04-26T07:54:11Z] #288 attempt=1/2 status=200 0.356s url=https://www.myfonts.com/products/regular-idea-fonts-you-man-kr-1138807
[2026-04-26T07:54:11Z] #289 attempt=1/2 status=200 0.339s url=https://www.myfonts.com/collections/idea-fonts-you-man-kr-font-hellofont/
[2026-04-26T07:54:12Z] #290 attempt=1/2 status=200 0.211s url=https://www.myfonts.com/collections/idea-fonts-you-man-kr-font-hellofont/?tab=techSpecs
[2026-04-26T07:54:13Z] #291 attempt=1/2 status=200 0.249s url=https://www.myfonts.com/collections/idea-fonts-you-man-kr-font-hellofont/
[2026-04-26T07:54:14Z] #292 attempt=1/2 status=200 0.511s url=https://www.myfonts.com/products/regular-hf-block-1138594
[2026-04-26T07:54:15Z] #293 attempt=1/2 status=200 0.471s url=https://www.myfonts.com/collections/hf-block-font-hellofont/
[2026-04-26T07:54:15Z] #294 attempt=1/2 status=200 0.174s url=https://www.myfonts.com/collections/hf-block-font-hellofont/?tab=techSpecs
[2026-04-26T07:54:17Z] #295 attempt=1/2 status=200 0.156s url=https://www.myfonts.com/collections/hf-block-font-hellofont/
[2026-04-26T07:54:17Z] #296 attempt=1/2 status=200 0.346s url=https://www.myfonts.com/products/regular-hf-fruit-1138818
[2026-04-26T07:54:18Z] #297 attempt=1/2 status=200 0.284s url=https://www.myfonts.com/collections/hf-fruit-font-hellofont/
[2026-04-26T07:54:18Z] #298 attempt=1/2 status=200 0.187s url=https://www.myfonts.com/collections/hf-fruit-font-hellofont/?tab=techSpecs
[2026-04-26T07:54:19Z] #299 attempt=1/2 status=200 0.145s url=https://www.myfonts.com/collections/hf-fruit-font-hellofont/
[2026-04-26T07:54:20Z] #300 attempt=1/2 status=200 0.488s url=https://www.myfonts.com/products/regular-hf-heritage-songti-1138833
[2026-04-26T07:54:21Z] #301 attempt=1/2 status=200 0.587s url=https://www.myfonts.com/collections/hf-heritage-songti-font-hellofont/
[2026-04-26T07:54:21Z] #302 attempt=1/2 status=200 0.168s url=https://www.myfonts.com/collections/hf-heritage-songti-font-hellofont/?tab=techSpecs
[2026-04-26T07:54:24Z] #303 attempt=1/2 status=200 0.174s url=https://www.myfonts.com/collections/hf-heritage-songti-font-hellofont/
[2026-04-26T07:54:24Z] #304 attempt=1/2 status=200 0.335s url=https://www.myfonts.com/products/regular-hf-highway-songti-1138814
[2026-04-26T07:54:25Z] #305 attempt=1/2 status=200 0.281s url=https://www.myfonts.com/collections/hf-highway-songti-font-hellofont/
[2026-04-26T07:54:25Z] #306 attempt=1/2 status=200 0.178s url=https://www.myfonts.com/collections/hf-highway-songti-font-hellofont/?tab=techSpecs
[2026-04-26T07:54:26Z] #307 attempt=1/2 status=200 0.222s url=https://www.myfonts.com/collections/hf-highway-songti-font-hellofont/
[2026-04-26T07:54:27Z] #308 attempt=1/2 status=200 0.346s url=https://www.myfonts.com/products/regular-hf-whirl-1138618
[2026-04-26T07:54:28Z] #309 attempt=1/2 status=200 0.387s url=https://www.myfonts.com/collections/hf-whirl-font-hellofont/
[2026-04-26T07:54:28Z] #310 attempt=1/2 status=200 0.167s url=https://www.myfonts.com/collections/hf-whirl-font-hellofont/?tab=techSpecs
[2026-04-26T07:54:29Z] #311 attempt=1/2 status=200 0.158s url=https://www.myfonts.com/collections/hf-whirl-font-hellofont/
[2026-04-26T07:54:30Z] #312 attempt=1/2 status=200 0.432s url=https://www.myfonts.com/products/medium-hf-heritage-sans-1138654
[2026-04-26T07:54:30Z] #313 attempt=1/2 status=200 0.505s url=https://www.myfonts.com/collections/hf-heritage-sans-font-hellofont/
[2026-04-26T07:54:31Z] #314 attempt=1/2 status=200 0.185s url=https://www.myfonts.com/collections/hf-heritage-sans-font-hellofont/?tab=techSpecs
[2026-04-26T07:54:33Z] #315 attempt=1/2 status=200 0.171s url=https://www.myfonts.com/collections/hf-heritage-sans-font-hellofont/
[2026-04-26T07:54:34Z] #316 attempt=1/2 status=200 0.463s url=https://www.myfonts.com/products/75-hf-semi-round-1138645
[2026-04-26T07:54:35Z] #317 attempt=1/2 status=200 0.527s url=https://www.myfonts.com/collections/hf-semi-round-font-hellofont/
[2026-04-26T07:54:35Z] #318 attempt=1/2 status=200 0.198s url=https://www.myfonts.com/collections/hf-semi-round-font-hellofont/?tab=techSpecs
[2026-04-26T07:54:38Z] #319 attempt=1/2 status=200 0.256s url=https://www.myfonts.com/collections/hf-semi-round-font-hellofont/
[2026-04-26T07:54:38Z] #320 attempt=1/2 status=200 0.353s url=https://www.myfonts.com/products/regular-hf-innocence-1138607
[2026-04-26T07:54:39Z] #321 attempt=1/2 status=200 0.508s url=https://www.myfonts.com/collections/hf-innocence-font-hellofont/
[2026-04-26T07:54:39Z] #322 attempt=1/2 status=200 0.202s url=https://www.myfonts.com/collections/hf-innocence-font-hellofont/?tab=techSpecs
[2026-04-26T07:54:40Z] #323 attempt=1/2 status=200 0.182s url=https://www.myfonts.com/collections/hf-innocence-font-hellofont/
[2026-04-26T07:54:41Z] #324 attempt=1/2 status=200 0.639s url=https://www.myfonts.com/products/regular-hf-faraway-1138573
[2026-04-26T07:54:42Z] #325 attempt=1/2 status=200 0.388s url=https://www.myfonts.com/collections/hf-faraway-font-hellofont/
[2026-04-26T07:54:42Z] #326 attempt=1/2 status=200 0.191s url=https://www.myfonts.com/collections/hf-faraway-font-hellofont/?tab=techSpecs
[2026-04-26T07:54:44Z] #327 attempt=1/2 status=200 0.172s url=https://www.myfonts.com/collections/hf-faraway-font-hellofont/
[2026-04-26T07:54:45Z] #328 attempt=1/6 status=200 0.858s url=https://www.myfonts.com/products.json?limit=100&page=6
[2026-04-26T07:54:46Z] #329 attempt=1/2 status=200 0.362s url=https://www.myfonts.com/products/regular-hf-youth-1138569
[2026-04-26T07:54:46Z] #330 attempt=1/2 status=200 0.413s url=https://www.myfonts.com/collections/hf-youth-font-hellofont/
[2026-04-26T07:54:47Z] #331 attempt=1/2 status=200 0.205s url=https://www.myfonts.com/collections/hf-youth-font-hellofont/?tab=techSpecs
[2026-04-26T07:54:48Z] #332 attempt=1/2 status=200 0.239s url=https://www.myfonts.com/collections/hf-youth-font-hellofont/
[2026-04-26T07:54:48Z] #333 attempt=1/2 status=200 0.392s url=https://www.myfonts.com/products/regular-hf-celestial-1138590
[2026-04-26T07:54:49Z] #334 attempt=1/2 status=200 0.382s url=https://www.myfonts.com/collections/hf-celestial-font-hellofont/
[2026-04-26T07:54:50Z] #335 attempt=1/2 status=200 0.197s url=https://www.myfonts.com/collections/hf-celestial-font-hellofont/?tab=techSpecs
[2026-04-26T07:54:51Z] #336 attempt=1/2 status=200 0.187s url=https://www.myfonts.com/collections/hf-celestial-font-hellofont/
[2026-04-26T07:54:52Z] #337 attempt=1/2 status=200 0.427s url=https://www.myfonts.com/products/regular-55-hf-lazyday-1138849
[2026-04-26T07:54:53Z] #338 attempt=1/2 status=200 0.523s url=https://www.myfonts.com/collections/hf-lazyday-font-hellofont/
[2026-04-26T07:54:53Z] #339 attempt=1/2 status=200 0.212s url=https://www.myfonts.com/collections/hf-lazyday-font-hellofont/?tab=techSpecs
[2026-04-26T07:54:55Z] #340 attempt=1/2 status=200 0.209s url=https://www.myfonts.com/collections/hf-lazyday-font-hellofont/
[2026-04-26T07:54:56Z] #341 attempt=1/2 status=200 0.392s url=https://www.myfonts.com/products/regular-hf-flare-1138764
[2026-04-26T07:54:57Z] #342 attempt=1/2 status=200 0.400s url=https://www.myfonts.com/collections/hf-flare-font-hellofont/
[2026-04-26T07:54:57Z] #343 attempt=1/2 status=200 0.215s url=https://www.myfonts.com/collections/hf-flare-font-hellofont/?tab=techSpecs
[2026-04-26T07:54:58Z] #344 attempt=1/2 status=200 0.171s url=https://www.myfonts.com/collections/hf-flare-font-hellofont/
[2026-04-26T07:54:59Z] #345 attempt=1/2 status=200 0.349s url=https://www.myfonts.com/products/regular-hf-ease-1138858
[2026-04-26T07:54:59Z] #346 attempt=1/2 status=200 0.379s url=https://www.myfonts.com/collections/hf-ease-font-hellofont/
[2026-04-26T07:55:00Z] #347 attempt=1/2 status=200 0.199s url=https://www.myfonts.com/collections/hf-ease-font-hellofont/?tab=techSpecs
[2026-04-26T07:55:01Z] #348 attempt=1/2 status=200 0.278s url=https://www.myfonts.com/collections/hf-ease-font-hellofont/
[2026-04-26T07:55:02Z] #349 attempt=1/2 status=200 0.547s url=https://www.myfonts.com/products/regular-hf-brilliance-semi-cursive-1138689
[2026-04-26T07:55:02Z] #350 attempt=1/2 status=200 0.390s url=https://www.myfonts.com/collections/hf-brilliance-semi-cursive-font-hellofont/
[2026-04-26T07:55:03Z] #351 attempt=1/2 status=200 0.211s url=https://www.myfonts.com/collections/hf-brilliance-semi-cursive-font-hellofont/?tab=techSpecs
[2026-04-26T07:55:04Z] #352 attempt=1/2 status=200 0.201s url=https://www.myfonts.com/collections/hf-brilliance-semi-cursive-font-hellofont/
[2026-04-26T07:55:05Z] #353 attempt=1/2 status=200 0.388s url=https://www.myfonts.com/products/black-hf-charcoal-1138582
[2026-04-26T07:55:06Z] #354 attempt=1/2 status=200 0.936s url=https://www.myfonts.com/collections/hf-charcoal-font-hellofont/
[2026-04-26T07:55:06Z] #355 attempt=1/2 status=200 0.203s url=https://www.myfonts.com/collections/hf-charcoal-font-hellofont/?tab=techSpecs
[2026-04-26T07:55:08Z] #356 attempt=1/2 status=200 0.270s url=https://www.myfonts.com/collections/hf-charcoal-font-hellofont/
[2026-04-26T07:55:09Z] #357 attempt=1/2 status=200 0.446s url=https://www.myfonts.com/products/regular-hf-mighty-1138805
[2026-04-26T07:55:10Z] #358 attempt=1/2 status=200 0.328s url=https://www.myfonts.com/collections/hf-mighty-font-hellofont/
[2026-04-26T07:55:10Z] #359 attempt=1/2 status=200 0.210s url=https://www.myfonts.com/collections/hf-mighty-font-hellofont/?tab=techSpecs
[2026-04-26T07:55:12Z] #360 attempt=1/2 status=200 0.169s url=https://www.myfonts.com/collections/hf-mighty-font-hellofont/
[2026-04-26T07:55:12Z] #361 attempt=1/2 status=200 0.364s url=https://www.myfonts.com/products/regular-hf-roar-phonetic-1138598
[2026-04-26T07:55:13Z] #362 attempt=1/2 status=200 0.359s url=https://www.myfonts.com/collections/hf-roar-phonetic-font-hellofont/
[2026-04-26T07:55:13Z] #363 attempt=1/2 status=200 0.168s url=https://www.myfonts.com/collections/hf-roar-phonetic-font-hellofont/?tab=techSpecs
[2026-04-26T07:55:14Z] #364 attempt=1/2 status=200 0.205s url=https://www.myfonts.com/collections/hf-roar-phonetic-font-hellofont/
[2026-04-26T07:55:15Z] #365 attempt=1/2 status=200 0.452s url=https://www.myfonts.com/products/regular-hf-ornate-1138845
[2026-04-26T07:55:16Z] #366 attempt=1/2 status=200 0.512s url=https://www.myfonts.com/collections/hf-ornate-font-hellofont/
[2026-04-26T07:55:16Z] #367 attempt=1/2 status=200 0.200s url=https://www.myfonts.com/collections/hf-ornate-font-hellofont/?tab=techSpecs
[2026-04-26T07:55:18Z] #368 attempt=1/2 status=200 0.166s url=https://www.myfonts.com/collections/hf-ornate-font-hellofont/
[2026-04-26T07:55:18Z] #369 attempt=1/2 status=200 0.299s url=https://www.myfonts.com/products/regular-hf-triumph-songti-1138572
[2026-04-26T07:55:19Z] #370 attempt=1/2 status=200 0.314s url=https://www.myfonts.com/collections/hf-triumph-songti-font-hellofont/
[2026-04-26T07:55:19Z] #371 attempt=1/2 status=200 0.388s url=https://www.myfonts.com/collections/hf-triumph-songti-font-hellofont/?tab=techSpecs
[2026-04-26T07:55:21Z] #372 attempt=1/2 status=200 0.179s url=https://www.myfonts.com/collections/hf-triumph-songti-font-hellofont/
[2026-04-26T07:55:22Z] #373 attempt=1/2 status=200 0.543s url=https://www.myfonts.com/products/munchy-pop-complete-family-package-1138332
[2026-04-26T07:55:22Z] #374 attempt=1/2 status=200 0.501s url=https://www.myfonts.com/collections/munchy-pop-font-ergibi-studio/
[2026-04-26T07:55:23Z] #375 attempt=1/2 status=200 0.211s url=https://www.myfonts.com/collections/munchy-pop-font-ergibi-studio/?tab=techSpecs
[2026-04-26T07:55:24Z] #376 attempt=1/2 status=200 0.336s url=https://www.myfonts.com/products/hf-earnest-complete-family-package-1138558
[2026-04-26T07:55:25Z] #377 attempt=1/2 status=200 0.396s url=https://www.myfonts.com/collections/hf-earnest-font-hellofont/
[2026-04-26T07:55:25Z] #378 attempt=1/2 status=200 0.166s url=https://www.myfonts.com/collections/hf-earnest-font-hellofont/?tab=techSpecs
[2026-04-26T07:55:28Z] #379 attempt=1/2 status=200 0.174s url=https://www.myfonts.com/collections/hf-earnest-font-hellofont/
[2026-04-26T07:55:28Z] #380 attempt=1/2 status=200 0.346s url=https://www.myfonts.com/products/limit-display-xcompressed-package-1138725
[2026-04-26T07:55:30Z] #381 attempt=1/2 status=200 1.120s url=https://www.myfonts.com/collections/limit-display-font-bold-guystm/
[2026-04-26T07:55:31Z] #382 attempt=1/2 status=200 0.205s url=https://www.myfonts.com/collections/limit-display-font-bold-guystm/?tab=techSpecs
[2026-04-26T07:55:33Z] #383 attempt=1/2 status=200 0.956s url=https://www.myfonts.com/products/expanded-package-1139030
[2026-04-26T07:55:35Z] #384 attempt=1/2 status=200 2.067s url=https://www.myfonts.com/collections/angelons-font-rastype-studio/
[2026-04-26T07:55:36Z] #385 attempt=1/2 status=200 0.246s url=https://www.myfonts.com/collections/angelons-font-rastype-studio/?tab=techSpecs
[2026-04-26T07:55:37Z] #386 attempt=1/2 status=200 0.401s url=https://www.myfonts.com/products/limit-text-xcompressed-package-1138554
[2026-04-26T07:55:38Z] #387 attempt=1/2 status=200 0.967s url=https://www.myfonts.com/collections/limit-text-font-bold-guystm/
[2026-04-26T07:55:39Z] #388 attempt=1/2 status=200 0.192s url=https://www.myfonts.com/collections/limit-text-font-bold-guystm/?tab=techSpecs
[2026-04-26T07:55:41Z] #389 attempt=1/2 status=200 0.371s url=https://www.myfonts.com/products/hf-resolute-complete-family-package-1138673
[2026-04-26T07:55:41Z] #390 attempt=1/2 status=200 0.472s url=https://www.myfonts.com/collections/hf-resolute-font-hellofont/
[2026-04-26T07:55:42Z] #391 attempt=1/2 status=200 0.205s url=https://www.myfonts.com/collections/hf-resolute-font-hellofont/?tab=techSpecs
[2026-04-26T07:55:44Z] #392 attempt=1/2 status=200 0.183s url=https://www.myfonts.com/collections/hf-resolute-font-hellofont/
[2026-04-26T07:55:45Z] #393 attempt=1/2 status=200 0.358s url=https://www.myfonts.com/products/hf-canon-complete-family-package-1138808
[2026-04-26T07:55:45Z] #394 attempt=1/2 status=200 0.523s url=https://www.myfonts.com/collections/hf-canon-font-hellofont/
[2026-04-26T07:55:46Z] #395 attempt=1/2 status=200 0.169s url=https://www.myfonts.com/collections/hf-canon-font-hellofont/?tab=techSpecs
[2026-04-26T07:55:48Z] #396 attempt=1/2 status=200 0.218s url=https://www.myfonts.com/collections/hf-canon-font-hellofont/
[2026-04-26T07:55:48Z] #397 attempt=1/2 status=200 0.453s url=https://www.myfonts.com/products/limit-micro-normal-package-1138487
[2026-04-26T07:55:50Z] #398 attempt=1/2 status=200 1.332s url=https://www.myfonts.com/collections/limit-micro-font-bold-guystm/
[2026-04-26T07:55:51Z] #399 attempt=1/2 status=200 0.229s url=https://www.myfonts.com/collections/limit-micro-font-bold-guystm/?tab=techSpecs
[2026-04-26T07:55:52Z] #400 attempt=1/2 status=200 0.542s url=https://www.myfonts.com/products/limit-display-variable-concept-complete-family-package-1138436
[2026-04-26T07:55:53Z] #401 attempt=1/2 status=200 0.657s url=https://www.myfonts.com/collections/limit-display-variable-concept-font-bold-guystm/
[2026-04-26T07:55:54Z] #402 attempt=1/2 status=200 0.193s url=https://www.myfonts.com/collections/limit-display-variable-concept-font-bold-guystm/?tab=techSpecs
[2026-04-26T07:55:55Z] #403 attempt=1/2 status=200 0.364s url=https://www.myfonts.com/products/hf-simple-songti-complete-family-package-1138836
[2026-04-26T07:55:56Z] #404 attempt=1/2 status=200 0.548s url=https://www.myfonts.com/collections/hf-simple-songti-font-hellofont/
[2026-04-26T07:55:56Z] #405 attempt=1/2 status=200 0.189s url=https://www.myfonts.com/collections/hf-simple-songti-font-hellofont/?tab=techSpecs
[2026-04-26T07:55:59Z] #406 attempt=1/2 status=200 0.259s url=https://www.myfonts.com/collections/hf-simple-songti-font-hellofont/
[2026-04-26T07:55:59Z] #407 attempt=1/2 status=200 0.407s url=https://www.myfonts.com/products/hf-naughty-complete-family-package-1138879
[2026-04-26T07:56:00Z] #408 attempt=1/2 status=200 0.451s url=https://www.myfonts.com/collections/hf-naughty-font-hellofont/
[2026-04-26T07:56:00Z] #409 attempt=1/2 status=200 0.183s url=https://www.myfonts.com/collections/hf-naughty-font-hellofont/?tab=techSpecs
[2026-04-26T07:56:02Z] #410 attempt=1/2 status=200 0.162s url=https://www.myfonts.com/collections/hf-naughty-font-hellofont/
[2026-04-26T07:56:04Z] #411 attempt=1/2 status=200 1.407s url=https://www.myfonts.com/products/neonette-serif-complete-family-package-1139031
[2026-04-26T07:56:05Z] #412 attempt=1/2 status=200 0.670s url=https://www.myfonts.com/collections/neonette-serif-font-ghozai-studio/
[2026-04-26T07:56:05Z] #413 attempt=1/2 status=200 0.213s url=https://www.myfonts.com/collections/neonette-serif-font-ghozai-studio/?tab=techSpecs
[2026-04-26T07:56:07Z] #414 attempt=1/6 status=200 0.761s url=https://www.myfonts.com/products.json?limit=100&page=7
[2026-04-26T07:56:08Z] #415 attempt=1/2 status=200 0.546s url=https://www.myfonts.com/products/limit-text-variable-concept-complete-family-package-1138427
[2026-04-26T07:56:09Z] #416 attempt=1/2 status=200 0.415s url=https://www.myfonts.com/collections/limit-text-variable-concept-font-bold-guystm/
[2026-04-26T07:56:09Z] #417 attempt=1/2 status=200 0.214s url=https://www.myfonts.com/collections/limit-text-variable-concept-font-bold-guystm/?tab=techSpecs
[2026-04-26T07:56:11Z] #418 attempt=1/2 status=200 0.405s url=https://www.myfonts.com/products/ronel-luxury-complete-family-package-1138336
[2026-04-26T07:56:11Z] #419 attempt=1/2 status=200 0.580s url=https://www.myfonts.com/collections/ronel-luxury-font-illushvara/
[2026-04-26T07:56:12Z] #420 attempt=1/2 status=200 0.177s url=https://www.myfonts.com/collections/ronel-luxury-font-illushvara/?tab=techSpecs
[2026-04-26T07:56:13Z] #421 attempt=1/2 status=200 0.410s url=https://www.myfonts.com/products/regular-hf-yan-style-1138753
[2026-04-26T07:56:14Z] #422 attempt=1/2 status=200 0.326s url=https://www.myfonts.com/collections/hf-yan-style-font-hellofont/
[2026-04-26T07:56:15Z] #423 attempt=1/2 status=200 0.355s url=https://www.myfonts.com/collections/hf-yan-style-font-hellofont/?tab=techSpecs
[2026-04-26T07:56:16Z] #424 attempt=1/2 status=200 0.197s url=https://www.myfonts.com/collections/hf-yan-style-font-hellofont/
[2026-04-26T07:56:17Z] #425 attempt=1/2 status=200 0.395s url=https://www.myfonts.com/products/book-kick-slab-1138400
[2026-04-26T07:56:17Z] #426 attempt=1/2 status=200 0.377s url=https://www.myfonts.com/collections/kick-slab-font-brandearth/
[2026-04-26T07:56:18Z] #427 attempt=1/2 status=200 0.213s url=https://www.myfonts.com/collections/kick-slab-font-brandearth/?tab=techSpecs
[2026-04-26T07:56:18Z] #428 attempt=1/2 status=200 0.291s url=https://www.myfonts.com/products/regular-hf-heritage-kaiti-1138751
[2026-04-26T07:56:19Z] #429 attempt=1/2 status=200 0.345s url=https://www.myfonts.com/collections/hf-heritage-kaiti-font-hellofont/
[2026-04-26T07:56:20Z] #430 attempt=1/2 status=200 0.205s url=https://www.myfonts.com/collections/hf-heritage-kaiti-font-hellofont/?tab=techSpecs
[2026-04-26T07:56:21Z] #431 attempt=1/2 status=200 0.219s url=https://www.myfonts.com/collections/hf-heritage-kaiti-font-hellofont/
[2026-04-26T07:56:22Z] #432 attempt=1/2 status=200 0.534s url=https://www.myfonts.com/products/regular-idea-fonts-shan-lan-ti-kr-1138561
[2026-04-26T07:56:22Z] #433 attempt=1/2 status=200 0.310s url=https://www.myfonts.com/collections/idea-fonts-shan-lan-ti-kr-font-hellofont/
[2026-04-26T07:56:23Z] #434 attempt=1/2 status=200 0.227s url=https://www.myfonts.com/collections/idea-fonts-shan-lan-ti-kr-font-hellofont/?tab=techSpecs
[2026-04-26T07:56:24Z] #435 attempt=1/2 status=200 0.182s url=https://www.myfonts.com/collections/idea-fonts-shan-lan-ti-kr-font-hellofont/
[2026-04-26T07:56:26Z] #436 attempt=1/2 status=200 1.180s url=https://www.myfonts.com/products/regular-myrelone-1138393
[2026-04-26T07:56:26Z] #437 attempt=1/2 status=200 0.325s url=https://www.myfonts.com/collections/myrelone-font-rasio-studio/
[2026-04-26T07:56:27Z] #438 attempt=1/2 status=200 0.184s url=https://www.myfonts.com/collections/myrelone-font-rasio-studio/?tab=techSpecs
[2026-04-26T07:56:28Z] #439 attempt=1/2 status=200 0.376s url=https://www.myfonts.com/products/regular-hf-opulence-1138740
[2026-04-26T07:56:28Z] #440 attempt=1/2 status=200 0.356s url=https://www.myfonts.com/collections/hf-opulence-font-hellofont/
[2026-04-26T07:56:29Z] #441 attempt=1/2 status=200 0.171s url=https://www.myfonts.com/collections/hf-opulence-font-hellofont/?tab=techSpecs
[2026-04-26T07:56:30Z] #442 attempt=1/2 status=200 0.165s url=https://www.myfonts.com/collections/hf-opulence-font-hellofont/
[2026-04-26T07:56:31Z] #443 attempt=1/2 status=200 0.330s url=https://www.myfonts.com/products/regular-hf-delicate-fangsong-1138595
[2026-04-26T07:56:31Z] #444 attempt=1/2 status=200 0.280s url=https://www.myfonts.com/collections/hf-delicate-fangsong-font-hellofont/
[2026-04-26T07:56:32Z] #445 attempt=1/2 status=200 0.171s url=https://www.myfonts.com/collections/hf-delicate-fangsong-font-hellofont/?tab=techSpecs
[2026-04-26T07:56:33Z] #446 attempt=1/2 status=200 0.193s url=https://www.myfonts.com/collections/hf-delicate-fangsong-font-hellofont/
[2026-04-26T07:56:34Z] #447 attempt=1/2 status=200 0.377s url=https://www.myfonts.com/products/regular-hf-littleone-1138817
[2026-04-26T07:56:34Z] #448 attempt=1/2 status=200 0.316s url=https://www.myfonts.com/collections/hf-littleone-font-hellofont/
[2026-04-26T07:56:35Z] #449 attempt=1/2 status=200 0.184s url=https://www.myfonts.com/collections/hf-littleone-font-hellofont/?tab=techSpecs
[2026-04-26T07:56:36Z] #450 attempt=1/2 status=200 0.235s url=https://www.myfonts.com/collections/hf-littleone-font-hellofont/
[2026-04-26T07:56:37Z] #451 attempt=1/2 status=200 0.335s url=https://www.myfonts.com/products/regular-idea-fonts-long-fei-shou-shu-jp-1138883
[2026-04-26T07:56:37Z] #452 attempt=1/2 status=200 0.308s url=https://www.myfonts.com/collections/idea-fonts-long-fei-shou-shu-jp-font-hellofont/
[2026-04-26T07:56:38Z] #453 attempt=1/2 status=200 0.199s url=https://www.myfonts.com/collections/idea-fonts-long-fei-shou-shu-jp-font-hellofont/?tab=techSpecs
[2026-04-26T07:56:39Z] #454 attempt=1/2 status=200 0.167s url=https://www.myfonts.com/collections/idea-fonts-long-fei-shou-shu-jp-font-hellofont/
[2026-04-26T07:56:40Z] #455 attempt=1/2 status=200 0.506s url=https://www.myfonts.com/products/regular-idea-fonts-xiao-xiong-mao-jp-1138749
[2026-04-26T07:56:41Z] #456 attempt=1/2 status=200 0.432s url=https://www.myfonts.com/collections/idea-fonts-xiao-xiong-mao-jp-font-hellofont/
[2026-04-26T07:56:41Z] #457 attempt=1/2 status=200 0.175s url=https://www.myfonts.com/collections/idea-fonts-xiao-xiong-mao-jp-font-hellofont/?tab=techSpecs
[2026-04-26T07:56:43Z] #458 attempt=1/2 status=200 0.170s url=https://www.myfonts.com/collections/idea-fonts-xiao-xiong-mao-jp-font-hellofont/
[2026-04-26T07:56:44Z] #459 attempt=1/2 status=200 0.441s url=https://www.myfonts.com/products/regular-hf-scenery-semi-cursive-1138762
[2026-04-26T07:56:44Z] #460 attempt=1/2 status=200 0.367s url=https://www.myfonts.com/collections/hf-scenery-semi-cursive-font-hellofont/
[2026-04-26T07:56:45Z] #461 attempt=1/2 status=200 0.231s url=https://www.myfonts.com/collections/hf-scenery-semi-cursive-font-hellofont/?tab=techSpecs
[2026-04-26T07:56:46Z] #462 attempt=1/2 status=200 0.157s url=https://www.myfonts.com/collections/hf-scenery-semi-cursive-font-hellofont/
[2026-04-26T07:56:46Z] #463 attempt=1/2 status=200 0.398s url=https://www.myfonts.com/products/regular-hf-mellow-1138831
[2026-04-26T07:56:47Z] #464 attempt=1/2 status=200 0.294s url=https://www.myfonts.com/collections/hf-mellow-font-hellofont/
[2026-04-26T07:56:47Z] #465 attempt=1/2 status=200 0.183s url=https://www.myfonts.com/collections/hf-mellow-font-hellofont/?tab=techSpecs
[2026-04-26T07:56:49Z] #466 attempt=1/2 status=200 0.170s url=https://www.myfonts.com/collections/hf-mellow-font-hellofont/
[2026-04-26T07:56:50Z] #467 attempt=1/2 status=200 0.297s url=https://www.myfonts.com/products/regular-hf-intricacy-1138583
[2026-04-26T07:56:50Z] #468 attempt=1/2 status=200 0.270s url=https://www.myfonts.com/collections/hf-intricacy-font-hellofont/
[2026-04-26T07:56:50Z] #469 attempt=1/2 status=200 0.151s url=https://www.myfonts.com/collections/hf-intricacy-font-hellofont/?tab=techSpecs
[2026-04-26T07:56:52Z] #470 attempt=1/2 status=200 0.201s url=https://www.myfonts.com/collections/hf-intricacy-font-hellofont/
[2026-04-26T07:56:52Z] #471 attempt=1/2 status=200 0.326s url=https://www.myfonts.com/products/regular-hf-cutie-1138801
[2026-04-26T07:56:53Z] #472 attempt=1/2 status=200 0.326s url=https://www.myfonts.com/collections/hf-cutie-font-hellofont/
[2026-04-26T07:56:53Z] #473 attempt=1/2 status=200 0.165s url=https://www.myfonts.com/collections/hf-cutie-font-hellofont/?tab=techSpecs
[2026-04-26T07:56:55Z] #474 attempt=1/2 status=200 0.211s url=https://www.myfonts.com/collections/hf-cutie-font-hellofont/
[2026-04-26T07:56:55Z] #475 attempt=1/2 status=200 0.344s url=https://www.myfonts.com/products/regular-hf-freewill-1138856
[2026-04-26T07:56:56Z] #476 attempt=1/2 status=200 0.332s url=https://www.myfonts.com/collections/hf-freewill-font-hellofont/
[2026-04-26T07:56:56Z] #477 attempt=1/2 status=200 0.195s url=https://www.myfonts.com/collections/hf-freewill-font-hellofont/?tab=techSpecs
[2026-04-26T07:56:57Z] #478 attempt=1/2 status=200 0.209s url=https://www.myfonts.com/collections/hf-freewill-font-hellofont/
[2026-04-26T07:56:58Z] #479 attempt=1/2 status=200 0.307s url=https://www.myfonts.com/products/thin-hf-artistic-1138844
[2026-04-26T07:56:58Z] #480 attempt=1/2 status=200 0.310s url=https://www.myfonts.com/collections/hf-artistic-font-hellofont/
[2026-04-26T07:56:59Z] #481 attempt=1/2 status=200 0.180s url=https://www.myfonts.com/collections/hf-artistic-font-hellofont/?tab=techSpecs
[2026-04-26T07:57:00Z] #482 attempt=1/2 status=200 0.187s url=https://www.myfonts.com/collections/hf-artistic-font-hellofont/
[2026-04-26T07:57:01Z] #483 attempt=1/2 status=200 0.326s url=https://www.myfonts.com/products/regular-hf-muse-1138703
[2026-04-26T07:57:01Z] #484 attempt=1/2 status=200 0.321s url=https://www.myfonts.com/collections/hf-muse-font-hellofont/
[2026-04-26T07:57:02Z] #485 attempt=1/2 status=200 0.195s url=https://www.myfonts.com/collections/hf-muse-font-hellofont/?tab=techSpecs
[2026-04-26T07:57:03Z] #486 attempt=1/2 status=200 0.169s url=https://www.myfonts.com/collections/hf-muse-font-hellofont/
[2026-04-26T07:57:04Z] #487 attempt=1/2 status=200 0.389s url=https://www.myfonts.com/products/regular-hf-ripple-1138853
[2026-04-26T07:57:04Z] #488 attempt=1/2 status=200 0.326s url=https://www.myfonts.com/collections/hf-ripple-font-hellofont/
[2026-04-26T07:57:05Z] #489 attempt=1/2 status=200 0.216s url=https://www.myfonts.com/collections/hf-ripple-font-hellofont/?tab=techSpecs
[2026-04-26T07:57:06Z] #490 attempt=1/2 status=200 0.170s url=https://www.myfonts.com/collections/hf-ripple-font-hellofont/
[2026-04-26T07:57:07Z] #491 attempt=1/2 status=200 0.503s url=https://www.myfonts.com/products/regular-hf-teen-1138829
[2026-04-26T07:57:07Z] #492 attempt=1/2 status=200 0.316s url=https://www.myfonts.com/collections/hf-teen-font-hellofont/
[2026-04-26T07:57:08Z] #493 attempt=1/2 status=200 0.193s url=https://www.myfonts.com/collections/hf-teen-font-hellofont/?tab=techSpecs
[2026-04-26T07:57:09Z] #494 attempt=1/2 status=200 0.181s url=https://www.myfonts.com/collections/hf-teen-font-hellofont/
[2026-04-26T07:57:10Z] #495 attempt=1/2 status=200 0.297s url=https://www.myfonts.com/products/regular-hf-transcendence-1138686
[2026-04-26T07:57:10Z] #496 attempt=1/2 status=200 0.322s url=https://www.myfonts.com/collections/hf-transcendence-font-hellofont/
[2026-04-26T07:57:11Z] #497 attempt=1/2 status=200 0.186s url=https://www.myfonts.com/collections/hf-transcendence-font-hellofont/?tab=techSpecs
[2026-04-26T07:57:13Z] #498 attempt=1/2 status=200 0.198s url=https://www.myfonts.com/collections/hf-transcendence-font-hellofont/
[2026-04-26T07:57:13Z] #499 attempt=1/2 status=200 0.362s url=https://www.myfonts.com/products/regular-hf-winter-ablaze-1138785
[2026-04-26T07:57:14Z] #500 attempt=1/2 status=200 0.505s url=https://www.myfonts.com/collections/hf-winter-ablaze-font-hellofont/
[2026-04-26T07:57:14Z] #501 attempt=1/2 status=200 0.166s url=https://www.myfonts.com/collections/hf-winter-ablaze-font-hellofont/?tab=techSpecs
[2026-04-26T07:57:16Z] #502 attempt=1/2 status=200 0.179s url=https://www.myfonts.com/collections/hf-winter-ablaze-font-hellofont/
[2026-04-26T07:57:16Z] #503 attempt=1/2 status=200 0.425s url=https://www.myfonts.com/products/regular-hf-grandstroke-1138611
[2026-04-26T07:57:17Z] #504 attempt=1/2 status=200 0.335s url=https://www.myfonts.com/collections/hf-grandstroke-font-hellofont/
[2026-04-26T07:57:17Z] #505 attempt=1/2 status=200 0.178s url=https://www.myfonts.com/collections/hf-grandstroke-font-hellofont/?tab=techSpecs
[2026-04-26T07:57:19Z] #506 attempt=1/2 status=200 0.177s url=https://www.myfonts.com/collections/hf-grandstroke-font-hellofont/
[2026-04-26T07:57:20Z] #507 attempt=1/2 status=200 0.317s url=https://www.myfonts.com/products/regular-hf-refined-kaiti-1138562
[2026-04-26T07:57:20Z] #508 attempt=1/2 status=200 0.359s url=https://www.myfonts.com/collections/hf-refined-kaiti-font-hellofont/
[2026-04-26T07:57:21Z] #509 attempt=1/2 status=200 0.218s url=https://www.myfonts.com/collections/hf-refined-kaiti-font-hellofont/?tab=techSpecs
[2026-04-26T07:57:22Z] #510 attempt=1/2 status=200 0.193s url=https://www.myfonts.com/collections/hf-refined-kaiti-font-hellofont/
[2026-04-26T07:57:22Z] #511 attempt=1/2 status=200 0.427s url=https://www.myfonts.com/products/regular-hf-jasmine-1138680
[2026-04-26T07:57:23Z] #512 attempt=1/2 status=200 0.341s url=https://www.myfonts.com/collections/hf-jasmine-font-hellofont/
[2026-04-26T07:57:23Z] #513 attempt=1/2 status=200 0.154s url=https://www.myfonts.com/collections/hf-jasmine-font-hellofont/?tab=techSpecs
[2026-04-26T07:57:24Z] #514 attempt=1/2 status=200 0.163s url=https://www.myfonts.com/collections/hf-jasmine-font-hellofont/
[2026-04-26T07:57:25Z] #515 attempt=1/2 status=200 0.406s url=https://www.myfonts.com/products/regular-hf-mechanic-1138843
[2026-04-26T07:57:26Z] #516 attempt=1/2 status=200 0.267s url=https://www.myfonts.com/collections/hf-mechanic-font-hellofont/
[2026-04-26T07:57:26Z] #517 attempt=1/2 status=200 0.217s url=https://www.myfonts.com/collections/hf-mechanic-font-hellofont/?tab=techSpecs
[2026-04-26T07:57:27Z] #518 attempt=1/2 status=200 0.242s url=https://www.myfonts.com/collections/hf-mechanic-font-hellofont/
[2026-04-26T07:57:28Z] #519 attempt=1/2 status=200 0.277s url=https://www.myfonts.com/products/regular-hf-glamour-1138574
[2026-04-26T07:57:29Z] #520 attempt=1/2 status=200 0.367s url=https://www.myfonts.com/collections/hf-glamour-font-hellofont/
[2026-04-26T07:57:29Z] #521 attempt=1/2 status=200 0.203s url=https://www.myfonts.com/collections/hf-glamour-font-hellofont/?tab=techSpecs
[2026-04-26T07:57:30Z] #522 attempt=1/2 status=200 0.176s url=https://www.myfonts.com/collections/hf-glamour-font-hellofont/
[2026-04-26T07:57:31Z] #523 attempt=1/2 status=200 0.314s url=https://www.myfonts.com/products/regular-hf-lacquer-script-1138605
[2026-04-26T07:57:31Z] #524 attempt=1/2 status=200 0.277s url=https://www.myfonts.com/collections/hf-lacquer-script-font-hellofont/
[2026-04-26T07:57:32Z] #525 attempt=1/2 status=200 0.205s url=https://www.myfonts.com/collections/hf-lacquer-script-font-hellofont/?tab=techSpecs
[2026-04-26T07:57:33Z] #526 attempt=1/2 status=200 0.181s url=https://www.myfonts.com/collections/hf-lacquer-script-font-hellofont/
[2026-04-26T07:57:34Z] #527 attempt=1/2 status=200 0.381s url=https://www.myfonts.com/products/regular-hf-blueware-li-1138747
[2026-04-26T07:57:35Z] #528 attempt=1/2 status=200 0.398s url=https://www.myfonts.com/collections/hf-blueware-li-font-hellofont/
[2026-04-26T07:57:35Z] #529 attempt=1/2 status=200 0.169s url=https://www.myfonts.com/collections/hf-blueware-li-font-hellofont/?tab=techSpecs
[2026-04-26T07:57:36Z] #530 attempt=1/2 status=200 0.172s url=https://www.myfonts.com/collections/hf-blueware-li-font-hellofont/
[2026-04-26T07:57:37Z] #531 attempt=1/2 status=200 0.316s url=https://www.myfonts.com/products/regular-tufface-1138402
[2026-04-26T07:57:37Z] #532 attempt=1/2 status=200 0.305s url=https://www.myfonts.com/collections/tufface-font-brandearth/
[2026-04-26T07:57:38Z] #533 attempt=1/2 status=200 0.181s url=https://www.myfonts.com/collections/tufface-font-brandearth/?tab=techSpecs
[2026-04-26T07:57:39Z] #534 attempt=1/2 status=200 0.315s url=https://www.myfonts.com/products/regular-hf-horn-1138600
[2026-04-26T07:57:39Z] #535 attempt=1/2 status=200 0.330s url=https://www.myfonts.com/collections/hf-horn-font-hellofont/
[2026-04-26T07:57:40Z] #536 attempt=1/2 status=200 0.163s url=https://www.myfonts.com/collections/hf-horn-font-hellofont/?tab=techSpecs
[2026-04-26T07:57:41Z] #537 attempt=1/2 status=200 0.194s url=https://www.myfonts.com/collections/hf-horn-font-hellofont/
[2026-04-26T07:57:42Z] #538 attempt=1/2 status=200 0.331s url=https://www.myfonts.com/products/regular-hf-flowvine-1138803
[2026-04-26T07:57:42Z] #539 attempt=1/2 status=200 0.346s url=https://www.myfonts.com/collections/hf-flowvine-font-hellofont/
[2026-04-26T07:57:43Z] #540 attempt=1/2 status=200 0.172s url=https://www.myfonts.com/collections/hf-flowvine-font-hellofont/?tab=techSpecs
[2026-04-26T07:57:44Z] #541 attempt=1/2 status=200 0.201s url=https://www.myfonts.com/collections/hf-flowvine-font-hellofont/
[2026-04-26T07:57:44Z] #542 attempt=1/2 status=200 0.381s url=https://www.myfonts.com/products/regular-hf-joy-1138763
[2026-04-26T07:57:45Z] #543 attempt=1/2 status=200 0.335s url=https://www.myfonts.com/collections/hf-joy-font-hellofont/
[2026-04-26T07:57:45Z] #544 attempt=1/2 status=200 0.205s url=https://www.myfonts.com/collections/hf-joy-font-hellofont/?tab=techSpecs
[2026-04-26T07:57:47Z] #545 attempt=1/2 status=200 0.216s url=https://www.myfonts.com/collections/hf-joy-font-hellofont/
[2026-04-26T07:57:47Z] #546 attempt=1/2 status=200 0.441s url=https://www.myfonts.com/products/regular-hf-flair-simplified-1138745
[2026-04-26T07:57:48Z] #547 attempt=1/2 status=200 0.333s url=https://www.myfonts.com/collections/hf-flair-simplified-font-hellofont/
[2026-04-26T07:57:48Z] #548 attempt=1/2 status=200 0.189s url=https://www.myfonts.com/collections/hf-flair-simplified-font-hellofont/?tab=techSpecs
[2026-04-26T07:57:50Z] #549 attempt=1/2 status=200 0.170s url=https://www.myfonts.com/collections/hf-flair-simplified-font-hellofont/
[2026-04-26T07:57:50Z] #550 attempt=1/2 status=200 0.319s url=https://www.myfonts.com/products/regular-idea-fonts-dao-cao-ren-kr-1138761
[2026-04-26T07:57:51Z] #551 attempt=1/2 status=200 0.326s url=https://www.myfonts.com/collections/idea-fonts-dao-cao-ren-kr-font-hellofont/
[2026-04-26T07:57:51Z] #552 attempt=1/2 status=200 0.153s url=https://www.myfonts.com/collections/idea-fonts-dao-cao-ren-kr-font-hellofont/?tab=techSpecs
[2026-04-26T07:57:53Z] #553 attempt=1/2 status=200 0.180s url=https://www.myfonts.com/collections/idea-fonts-dao-cao-ren-kr-font-hellofont/
[2026-04-26T07:57:54Z] #554 attempt=1/2 status=200 0.383s url=https://www.myfonts.com/products/regular-hf-elegance-1138586
[2026-04-26T07:57:54Z] #555 attempt=1/2 status=200 0.298s url=https://www.myfonts.com/collections/hf-elegance-font-hellofont/
[2026-04-26T07:57:55Z] #556 attempt=1/2 status=200 0.185s url=https://www.myfonts.com/collections/hf-elegance-font-hellofont/?tab=techSpecs
[2026-04-26T07:57:56Z] #557 attempt=1/2 status=200 0.193s url=https://www.myfonts.com/collections/hf-elegance-font-hellofont/
[2026-04-26T07:57:57Z] #558 attempt=1/2 status=200 0.323s url=https://www.myfonts.com/products/regular-hf-mischief-1138752
[2026-04-26T07:57:57Z] #559 attempt=1/2 status=200 0.308s url=https://www.myfonts.com/collections/hf-mischief-font-hellofont/
[2026-04-26T07:57:58Z] #560 attempt=1/2 status=200 0.188s url=https://www.myfonts.com/collections/hf-mischief-font-hellofont/?tab=techSpecs
[2026-04-26T07:57:59Z] #561 attempt=1/2 status=200 0.161s url=https://www.myfonts.com/collections/hf-mischief-font-hellofont/
[2026-04-26T07:58:00Z] #562 attempt=1/2 status=200 0.355s url=https://www.myfonts.com/products/regular-hf-glaze-1138738
[2026-04-26T07:58:00Z] #563 attempt=1/2 status=200 0.291s url=https://www.myfonts.com/collections/hf-glaze-font-hellofont/
[2026-04-26T07:58:01Z] #564 attempt=1/2 status=200 0.159s url=https://www.myfonts.com/collections/hf-glaze-font-hellofont/?tab=techSpecs
[2026-04-26T07:58:03Z] #565 attempt=1/2 status=200 0.213s url=https://www.myfonts.com/collections/hf-glaze-font-hellofont/
[2026-04-26T07:58:03Z] #566 attempt=1/2 status=200 0.355s url=https://www.myfonts.com/products/regular-hf-waltz-1138585
[2026-04-26T07:58:04Z] #567 attempt=1/2 status=200 0.290s url=https://www.myfonts.com/collections/hf-waltz-font-hellofont/
[2026-04-26T07:58:04Z] #568 attempt=1/2 status=200 0.181s url=https://www.myfonts.com/collections/hf-waltz-font-hellofont/?tab=techSpecs
[2026-04-26T07:58:06Z] #569 attempt=1/2 status=200 0.160s url=https://www.myfonts.com/collections/hf-waltz-font-hellofont/
[2026-04-26T07:58:06Z] #570 attempt=1/2 status=200 0.299s url=https://www.myfonts.com/products/regular-hf-sprightly-1138842
[2026-04-26T07:58:07Z] #571 attempt=1/2 status=200 0.262s url=https://www.myfonts.com/collections/hf-sprightly-font-hellofont/
[2026-04-26T07:58:07Z] #572 attempt=1/2 status=200 0.187s url=https://www.myfonts.com/collections/hf-sprightly-font-hellofont/?tab=techSpecs
[2026-04-26T07:58:08Z] #573 attempt=1/2 status=200 0.204s url=https://www.myfonts.com/collections/hf-sprightly-font-hellofont/
[2026-04-26T07:58:09Z] #574 attempt=1/2 status=200 0.330s url=https://www.myfonts.com/products/regular-velocore-1138401
[2026-04-26T07:58:09Z] #575 attempt=1/2 status=200 0.278s url=https://www.myfonts.com/collections/velocore-font-brandearth/
[2026-04-26T07:58:10Z] #576 attempt=1/2 status=200 0.155s url=https://www.myfonts.com/collections/velocore-font-brandearth/?tab=techSpecs
[2026-04-26T07:58:11Z] #577 attempt=1/6 status=200 0.645s url=https://www.myfonts.com/products.json?limit=100&page=8
[2026-04-26T07:58:12Z] #578 attempt=1/2 status=200 0.362s url=https://www.myfonts.com/products/regular-idea-fonts-xiu-feng-ti-jp-1138735
[2026-04-26T07:58:12Z] #579 attempt=1/2 status=200 0.259s url=https://www.myfonts.com/collections/idea-fonts-xiu-feng-ti-jp-font-hellofont/
[2026-04-26T07:58:13Z] #580 attempt=1/2 status=200 0.189s url=https://www.myfonts.com/collections/idea-fonts-xiu-feng-ti-jp-font-hellofont/?tab=techSpecs
[2026-04-26T07:58:14Z] #581 attempt=1/2 status=200 0.174s url=https://www.myfonts.com/collections/idea-fonts-xiu-feng-ti-jp-font-hellofont/
[2026-04-26T07:58:15Z] #582 attempt=1/2 status=200 0.301s url=https://www.myfonts.com/products/regular-hf-aloft-1138784
[2026-04-26T07:58:15Z] #583 attempt=1/2 status=200 0.330s url=https://www.myfonts.com/collections/hf-aloft-font-hellofont/
[2026-04-26T07:58:15Z] #584 attempt=1/2 status=200 0.156s url=https://www.myfonts.com/collections/hf-aloft-font-hellofont/?tab=techSpecs
[2026-04-26T07:58:17Z] #585 attempt=1/2 status=200 0.164s url=https://www.myfonts.com/collections/hf-aloft-font-hellofont/
[2026-04-26T07:58:18Z] #586 attempt=1/2 status=200 0.305s url=https://www.myfonts.com/products/regular-hf-brownie-1138796
[2026-04-26T07:58:18Z] #587 attempt=1/2 status=200 0.276s url=https://www.myfonts.com/collections/hf-brownie-font-hellofont/
[2026-04-26T07:58:19Z] #588 attempt=1/2 status=200 0.173s url=https://www.myfonts.com/collections/hf-brownie-font-hellofont/?tab=techSpecs
[2026-04-26T07:58:20Z] #589 attempt=1/2 status=200 0.191s url=https://www.myfonts.com/collections/hf-brownie-font-hellofont/
[2026-04-26T07:58:20Z] #590 attempt=1/2 status=200 0.323s url=https://www.myfonts.com/products/regular-gamaline-1138392
[2026-04-26T07:58:21Z] #591 attempt=1/2 status=200 0.328s url=https://www.myfonts.com/collections/gamaline-font-vadova-std/
[2026-04-26T07:58:21Z] #592 attempt=1/2 status=200 0.183s url=https://www.myfonts.com/collections/gamaline-font-vadova-std/?tab=techSpecs
[2026-04-26T07:58:22Z] #593 attempt=1/2 status=200 0.361s url=https://www.myfonts.com/products/regular-hf-jianghu-1138786
[2026-04-26T07:58:23Z] #594 attempt=1/2 status=200 0.301s url=https://www.myfonts.com/collections/hf-jianghu-font-hellofont/
[2026-04-26T07:58:23Z] #595 attempt=1/2 status=200 0.171s url=https://www.myfonts.com/collections/hf-jianghu-font-hellofont/?tab=techSpecs
[2026-04-26T07:58:24Z] #596 attempt=1/2 status=200 0.166s url=https://www.myfonts.com/collections/hf-jianghu-font-hellofont/
[2026-04-26T07:58:25Z] #597 attempt=1/2 status=200 0.357s url=https://www.myfonts.com/products/regular-idea-fonts-xiu-yuan-ti-kr-1138750
[2026-04-26T07:58:25Z] #598 attempt=1/2 status=200 0.341s url=https://www.myfonts.com/collections/idea-fonts-xiu-yuan-ti-kr-font-hellofont/
[2026-04-26T07:58:26Z] #599 attempt=1/2 status=200 0.172s url=https://www.myfonts.com/collections/idea-fonts-xiu-yuan-ti-kr-font-hellofont/?tab=techSpecs
[2026-04-26T07:58:28Z] #600 attempt=1/2 status=200 0.164s url=https://www.myfonts.com/collections/idea-fonts-xiu-yuan-ti-kr-font-hellofont/
[2026-04-26T07:58:28Z] #601 attempt=1/2 status=200 0.423s url=https://www.myfonts.com/products/regular-hf-adamantine-li-1138694
[2026-04-26T07:58:29Z] #602 attempt=1/2 status=200 0.303s url=https://www.myfonts.com/collections/hf-adamantine-li-font-hellofont/
[2026-04-26T07:58:29Z] #603 attempt=1/2 status=200 0.217s url=https://www.myfonts.com/collections/hf-adamantine-li-font-hellofont/?tab=techSpecs
[2026-04-26T07:58:30Z] #604 attempt=1/2 status=200 0.207s url=https://www.myfonts.com/collections/hf-adamantine-li-font-hellofont/
[2026-04-26T07:58:31Z] #605 attempt=1/2 status=200 0.357s url=https://www.myfonts.com/products/regular-hf-reminiscence-1138737
[2026-04-26T07:58:32Z] #606 attempt=1/2 status=200 0.359s url=https://www.myfonts.com/collections/hf-reminiscence-font-hellofont/
[2026-04-26T07:58:32Z] #607 attempt=1/2 status=200 0.158s url=https://www.myfonts.com/collections/hf-reminiscence-font-hellofont/?tab=techSpecs
[2026-04-26T07:58:33Z] #608 attempt=1/2 status=200 0.176s url=https://www.myfonts.com/collections/hf-reminiscence-font-hellofont/
[2026-04-26T07:58:34Z] #609 attempt=1/2 status=200 0.302s url=https://www.myfonts.com/products/regular-songful-wedding-1138339
[2026-04-26T07:58:35Z] #610 attempt=1/2 status=200 0.375s url=https://www.myfonts.com/collections/songful-wedding-font-mvmet/
[2026-04-26T07:58:35Z] #611 attempt=1/2 status=200 0.161s url=https://www.myfonts.com/collections/songful-wedding-font-mvmet/?tab=techSpecs
[2026-04-26T07:58:36Z] #612 attempt=1/2 status=200 0.413s url=https://www.myfonts.com/products/regular-hf-gale-1138691
[2026-04-26T07:58:37Z] #613 attempt=1/2 status=200 0.295s url=https://www.myfonts.com/collections/hf-gale-font-hellofont/
[2026-04-26T07:58:37Z] #614 attempt=1/2 status=200 0.189s url=https://www.myfonts.com/collections/hf-gale-font-hellofont/?tab=techSpecs
[2026-04-26T07:58:39Z] #615 attempt=1/2 status=200 0.164s url=https://www.myfonts.com/collections/hf-gale-font-hellofont/
[2026-04-26T07:58:39Z] #616 attempt=1/2 status=200 0.347s url=https://www.myfonts.com/products/regular-idea-fonts-dao-cao-ren-jp-1138744
[2026-04-26T07:58:40Z] #617 attempt=1/2 status=200 0.250s url=https://www.myfonts.com/collections/idea-fonts-dao-cao-ren-jp-font-hellofont/
[2026-04-26T07:58:40Z] #618 attempt=1/2 status=200 0.158s url=https://www.myfonts.com/collections/idea-fonts-dao-cao-ren-jp-font-hellofont/?tab=techSpecs
[2026-04-26T07:58:41Z] #619 attempt=1/2 status=200 0.170s url=https://www.myfonts.com/collections/idea-fonts-dao-cao-ren-jp-font-hellofont/
[2026-04-26T07:58:42Z] #620 attempt=1/2 status=200 0.441s url=https://www.myfonts.com/products/regular-hf-brisk-1138596
[2026-04-26T07:58:42Z] #621 attempt=1/2 status=200 0.264s url=https://www.myfonts.com/collections/hf-brisk-font-hellofont/
[2026-04-26T07:58:43Z] #622 attempt=1/2 status=200 0.255s url=https://www.myfonts.com/collections/hf-brisk-font-hellofont/?tab=techSpecs
[2026-04-26T07:58:44Z] #623 attempt=1/2 status=200 0.181s url=https://www.myfonts.com/collections/hf-brisk-font-hellofont/
[2026-04-26T07:58:44Z] #624 attempt=1/2 status=200 0.349s url=https://www.myfonts.com/products/regular-hf-toffee-1138710
[2026-04-26T07:58:45Z] #625 attempt=1/2 status=200 0.346s url=https://www.myfonts.com/collections/hf-toffee-font-hellofont/
[2026-04-26T07:58:45Z] #626 attempt=1/2 status=200 0.172s url=https://www.myfonts.com/collections/hf-toffee-font-hellofont/?tab=techSpecs
[2026-04-26T07:58:47Z] #627 attempt=1/2 status=200 0.199s url=https://www.myfonts.com/collections/hf-toffee-font-hellofont/
[2026-04-26T07:58:48Z] #628 attempt=1/2 status=200 0.375s url=https://www.myfonts.com/products/regular-hf-blaze-1138584
[2026-04-26T07:58:48Z] #629 attempt=1/2 status=200 0.330s url=https://www.myfonts.com/collections/hf-blaze-font-hellofont/
[2026-04-26T07:58:49Z] #630 attempt=1/2 status=200 0.185s url=https://www.myfonts.com/collections/hf-blaze-font-hellofont/?tab=techSpecs
[2026-04-26T07:58:50Z] #631 attempt=1/2 status=200 0.164s url=https://www.myfonts.com/collections/hf-blaze-font-hellofont/
[2026-04-26T07:58:51Z] #632 attempt=1/2 status=200 0.328s url=https://www.myfonts.com/products/regular-idea-fonts-lu-jun-xing-kai-kr-1138588
[2026-04-26T07:58:51Z] #633 attempt=1/2 status=200 0.270s url=https://www.myfonts.com/collections/idea-fonts-lu-jun-xing-kai-kr-font-hellofont/
[2026-04-26T07:58:52Z] #634 attempt=1/2 status=200 0.200s url=https://www.myfonts.com/collections/idea-fonts-lu-jun-xing-kai-kr-font-hellofont/?tab=techSpecs
[2026-04-26T07:58:53Z] #635 attempt=1/2 status=200 0.167s url=https://www.myfonts.com/collections/idea-fonts-lu-jun-xing-kai-kr-font-hellofont/
[2026-04-26T07:58:53Z] #636 attempt=1/2 status=200 0.335s url=https://www.myfonts.com/products/regular-hf-bamboo-1138852
[2026-04-26T07:58:54Z] #637 attempt=1/2 status=200 0.267s url=https://www.myfonts.com/collections/hf-bamboo-font-hellofont/
[2026-04-26T07:58:54Z] #638 attempt=1/2 status=200 0.181s url=https://www.myfonts.com/collections/hf-bamboo-font-hellofont/?tab=techSpecs
[2026-04-26T07:58:56Z] #639 attempt=1/2 status=200 0.160s url=https://www.myfonts.com/collections/hf-bamboo-font-hellofont/
[2026-04-26T07:58:56Z] #640 attempt=1/2 status=200 0.318s url=https://www.myfonts.com/products/regular-hf-purity-1138859
[2026-04-26T07:58:57Z] #641 attempt=1/2 status=200 0.304s url=https://www.myfonts.com/collections/hf-purity-font-hellofont/
[2026-04-26T07:58:57Z] #642 attempt=1/2 status=200 0.177s url=https://www.myfonts.com/collections/hf-purity-font-hellofont/?tab=techSpecs
[2026-04-26T07:58:59Z] #643 attempt=1/2 status=200 0.192s url=https://www.myfonts.com/collections/hf-purity-font-hellofont/
[2026-04-26T07:58:59Z] #644 attempt=1/2 status=200 0.300s url=https://www.myfonts.com/products/regular-hf-ingenious-1138876
[2026-04-26T07:59:00Z] #645 attempt=1/2 status=200 0.278s url=https://www.myfonts.com/collections/hf-ingenious-font-hellofont/
[2026-04-26T07:59:00Z] #646 attempt=1/2 status=200 0.189s url=https://www.myfonts.com/collections/hf-ingenious-font-hellofont/?tab=techSpecs
[2026-04-26T07:59:01Z] #647 attempt=1/2 status=200 0.198s url=https://www.myfonts.com/collections/hf-ingenious-font-hellofont/
[2026-04-26T07:59:02Z] #648 attempt=1/2 status=200 0.324s url=https://www.myfonts.com/products/regular-hf-excellence-1138816
[2026-04-26T07:59:02Z] #649 attempt=1/2 status=200 0.279s url=https://www.myfonts.com/collections/hf-excellence-font-hellofont/
[2026-04-26T07:59:03Z] #650 attempt=1/2 status=200 0.173s url=https://www.myfonts.com/collections/hf-excellence-font-hellofont/?tab=techSpecs
[2026-04-26T07:59:04Z] #651 attempt=1/2 status=200 0.201s url=https://www.myfonts.com/collections/hf-excellence-font-hellofont/
[2026-04-26T07:59:04Z] #652 attempt=1/2 status=200 0.472s url=https://www.myfonts.com/products/regular-romira-etoile-1138391
[2026-04-26T07:59:05Z] #653 attempt=1/2 status=200 0.436s url=https://www.myfonts.com/collections/romira-etoile-font-rasio-studio/
[2026-04-26T07:59:05Z] #654 attempt=1/2 status=200 0.163s url=https://www.myfonts.com/collections/romira-etoile-font-rasio-studio/?tab=techSpecs
[2026-04-26T07:59:06Z] #655 attempt=1/2 status=200 0.341s url=https://www.myfonts.com/products/regular-hf-leafline-1138774
[2026-04-26T07:59:07Z] #656 attempt=1/2 status=200 0.285s url=https://www.myfonts.com/collections/hf-leafline-font-hellofont/
[2026-04-26T07:59:07Z] #657 attempt=1/2 status=200 0.164s url=https://www.myfonts.com/collections/hf-leafline-font-hellofont/?tab=techSpecs
[2026-04-26T07:59:09Z] #658 attempt=1/2 status=200 0.240s url=https://www.myfonts.com/collections/hf-leafline-font-hellofont/
[2026-04-26T07:59:10Z] #659 attempt=1/2 status=200 0.315s url=https://www.myfonts.com/products/regular-idea-fonts-xiao-xiong-mao-kr-1138878
[2026-04-26T07:59:10Z] #660 attempt=1/2 status=200 0.276s url=https://www.myfonts.com/collections/idea-fonts-xiao-xiong-mao-kr-font-hellofont/
[2026-04-26T07:59:11Z] #661 attempt=1/2 status=200 0.176s url=https://www.myfonts.com/collections/idea-fonts-xiao-xiong-mao-kr-font-hellofont/?tab=techSpecs
[2026-04-26T07:59:12Z] #662 attempt=1/2 status=200 0.158s url=https://www.myfonts.com/collections/idea-fonts-xiao-xiong-mao-kr-font-hellofont/
[2026-04-26T07:59:13Z] #663 attempt=1/2 status=200 0.297s url=https://www.myfonts.com/products/regular-hf-obsidian-1138698
[2026-04-26T07:59:13Z] #664 attempt=1/2 status=200 0.279s url=https://www.myfonts.com/collections/hf-obsidian-font-hellofont/
[2026-04-26T07:59:14Z] #665 attempt=1/2 status=200 0.154s url=https://www.myfonts.com/collections/hf-obsidian-font-hellofont/?tab=techSpecs
[2026-04-26T07:59:15Z] #666 attempt=1/2 status=200 0.163s url=https://www.myfonts.com/collections/hf-obsidian-font-hellofont/
[2026-04-26T07:59:16Z] #667 attempt=1/2 status=200 0.328s url=https://www.myfonts.com/products/regular-hf-jiangnan-li-1138835
[2026-04-26T07:59:17Z] #668 attempt=1/2 status=200 0.306s url=https://www.myfonts.com/collections/hf-jiangnan-li-font-hellofont/
[2026-04-26T07:59:17Z] #669 attempt=1/2 status=200 0.171s url=https://www.myfonts.com/collections/hf-jiangnan-li-font-hellofont/?tab=techSpecs
[2026-04-26T07:59:19Z] #670 attempt=1/2 status=200 0.176s url=https://www.myfonts.com/collections/hf-jiangnan-li-font-hellofont/
[2026-04-26T07:59:19Z] #671 attempt=1/2 status=200 0.347s url=https://www.myfonts.com/products/regular-hf-spring-1138802
[2026-04-26T07:59:20Z] #672 attempt=1/2 status=200 0.342s url=https://www.myfonts.com/collections/hf-spring-font-hellofont/
[2026-04-26T07:59:20Z] #673 attempt=1/2 status=200 0.172s url=https://www.myfonts.com/collections/hf-spring-font-hellofont/?tab=techSpecs
[2026-04-26T07:59:22Z] #674 attempt=1/2 status=200 0.171s url=https://www.myfonts.com/collections/hf-spring-font-hellofont/
[2026-04-26T07:59:22Z] #675 attempt=1/2 status=200 0.334s url=https://www.myfonts.com/products/regular-hf-edo-style-1138742
[2026-04-26T07:59:23Z] #676 attempt=1/2 status=200 0.312s url=https://www.myfonts.com/collections/hf-edo-style-font-hellofont/
[2026-04-26T07:59:23Z] #677 attempt=1/2 status=200 0.174s url=https://www.myfonts.com/collections/hf-edo-style-font-hellofont/?tab=techSpecs
[2026-04-26T07:59:24Z] #678 attempt=1/2 status=200 0.250s url=https://www.myfonts.com/collections/hf-edo-style-font-hellofont/
[2026-04-26T07:59:25Z] #679 attempt=1/2 status=200 0.392s url=https://www.myfonts.com/products/regular-hf-bloom-1138743
[2026-04-26T07:59:25Z] #680 attempt=1/2 status=200 0.280s url=https://www.myfonts.com/collections/hf-bloom-font-hellofont/
[2026-04-26T07:59:26Z] #681 attempt=1/2 status=200 0.170s url=https://www.myfonts.com/collections/hf-bloom-font-hellofont/?tab=techSpecs
[2026-04-26T07:59:27Z] #682 attempt=1/2 status=200 0.174s url=https://www.myfonts.com/collections/hf-bloom-font-hellofont/
[2026-04-26T07:59:27Z] #683 attempt=1/2 status=200 0.327s url=https://www.myfonts.com/products/regular-gladence-1138394
[2026-04-26T07:59:28Z] #684 attempt=1/2 status=200 0.313s url=https://www.myfonts.com/collections/gladence-font-vadova-std/
[2026-04-26T07:59:28Z] #685 attempt=1/2 status=200 0.180s url=https://www.myfonts.com/collections/gladence-font-vadova-std/?tab=techSpecs
[2026-04-26T07:59:29Z] #686 attempt=1/2 status=200 0.398s url=https://www.myfonts.com/products/regular-hf-surge-1138670
[2026-04-26T07:59:30Z] #687 attempt=1/2 status=200 0.277s url=https://www.myfonts.com/collections/hf-surge-font-hellofont/
[2026-04-26T07:59:30Z] #688 attempt=1/2 status=200 0.244s url=https://www.myfonts.com/collections/hf-surge-font-hellofont/?tab=techSpecs
[2026-04-26T07:59:32Z] #689 attempt=1/2 status=200 0.201s url=https://www.myfonts.com/collections/hf-surge-font-hellofont/
[2026-04-26T07:59:33Z] #690 attempt=1/2 status=200 0.442s url=https://www.myfonts.com/products/regular-hf-waft-1138707
[2026-04-26T07:59:33Z] #691 attempt=1/2 status=200 0.270s url=https://www.myfonts.com/collections/hf-waft-font-hellofont/
[2026-04-26T07:59:34Z] #692 attempt=1/2 status=200 0.179s url=https://www.myfonts.com/collections/hf-waft-font-hellofont/?tab=techSpecs
[2026-04-26T07:59:35Z] #693 attempt=1/2 status=200 0.199s url=https://www.myfonts.com/collections/hf-waft-font-hellofont/
[2026-04-26T07:59:35Z] #694 attempt=1/2 status=200 0.324s url=https://www.myfonts.com/products/regular-hf-firm-archaic-1138623
[2026-04-26T07:59:36Z] #695 attempt=1/2 status=200 0.310s url=https://www.myfonts.com/collections/hf-firm-archaic-font-hellofont/
[2026-04-26T07:59:36Z] #696 attempt=1/2 status=200 0.176s url=https://www.myfonts.com/collections/hf-firm-archaic-font-hellofont/?tab=techSpecs
[2026-04-26T07:59:37Z] #697 attempt=1/2 status=200 0.164s url=https://www.myfonts.com/collections/hf-firm-archaic-font-hellofont/
[2026-04-26T07:59:38Z] #698 attempt=1/2 status=200 0.349s url=https://www.myfonts.com/products/regular-hf-junli-elegant-li-1138877
[2026-04-26T07:59:38Z] #699 attempt=1/2 status=200 0.321s url=https://www.myfonts.com/collections/hf-junli-elegant-li-font-hellofont/
[2026-04-26T07:59:39Z] #700 attempt=1/2 status=200 0.216s url=https://www.myfonts.com/collections/hf-junli-elegant-li-font-hellofont/?tab=techSpecs
[2026-04-26T07:59:40Z] #701 attempt=1/2 status=200 0.171s url=https://www.myfonts.com/collections/hf-junli-elegant-li-font-hellofont/
[2026-04-26T07:59:41Z] #702 attempt=1/2 status=200 0.347s url=https://www.myfonts.com/products/regular-hf-aurora-semi-cursive-1138575
[2026-04-26T07:59:42Z] #703 attempt=1/2 status=200 0.261s url=https://www.myfonts.com/collections/hf-aurora-semi-cursive-font-hellofont/
[2026-04-26T07:59:42Z] #704 attempt=1/2 status=200 0.192s url=https://www.myfonts.com/collections/hf-aurora-semi-cursive-font-hellofont/?tab=techSpecs
[2026-04-26T07:59:43Z] #705 attempt=1/2 status=200 0.163s url=https://www.myfonts.com/collections/hf-aurora-semi-cursive-font-hellofont/
[2026-04-26T07:59:44Z] #706 attempt=1/2 status=200 0.315s url=https://www.myfonts.com/products/regular-hf-flora-1138592
[2026-04-26T07:59:44Z] #707 attempt=1/2 status=200 0.281s url=https://www.myfonts.com/collections/hf-flora-font-hellofont/
[2026-04-26T07:59:44Z] #708 attempt=1/2 status=200 0.159s url=https://www.myfonts.com/collections/hf-flora-font-hellofont/?tab=techSpecs
[2026-04-26T07:59:47Z] #709 attempt=1/2 status=200 0.232s url=https://www.myfonts.com/collections/hf-flora-font-hellofont/
[2026-04-26T07:59:47Z] #710 attempt=1/2 status=200 0.327s url=https://www.myfonts.com/products/regular-hf-pixel16-1138570
[2026-04-26T07:59:48Z] #711 attempt=1/2 status=200 0.328s url=https://www.myfonts.com/collections/hf-pixel16-font-hellofont/
[2026-04-26T07:59:48Z] #712 attempt=1/2 status=200 0.199s url=https://www.myfonts.com/collections/hf-pixel16-font-hellofont/?tab=techSpecs
[2026-04-26T07:59:49Z] #713 attempt=1/2 status=200 0.227s url=https://www.myfonts.com/collections/hf-pixel16-font-hellofont/
[2026-04-26T07:59:50Z] #714 attempt=1/2 status=200 0.384s url=https://www.myfonts.com/products/regular-mesborne-1138395
[2026-04-26T07:59:50Z] #715 attempt=1/2 status=200 0.245s url=https://www.myfonts.com/collections/mesborne-font-vadova-std/
[2026-04-26T07:59:51Z] #716 attempt=1/2 status=200 0.191s url=https://www.myfonts.com/collections/mesborne-font-vadova-std/?tab=techSpecs
[2026-04-26T07:59:52Z] #717 attempt=1/2 status=200 0.304s url=https://www.myfonts.com/products/regular-hf-grace-fangsong-1138593
[2026-04-26T07:59:53Z] #718 attempt=1/2 status=200 0.301s url=https://www.myfonts.com/collections/hf-grace-fangsong-font-hellofont/
[2026-04-26T07:59:53Z] #719 attempt=1/2 status=200 0.224s url=https://www.myfonts.com/collections/hf-grace-fangsong-font-hellofont/?tab=techSpecs
[2026-04-26T07:59:54Z] #720 attempt=1/2 status=200 0.165s url=https://www.myfonts.com/collections/hf-grace-fangsong-font-hellofont/
[2026-04-26T07:59:55Z] #721 attempt=1/2 status=200 0.326s url=https://www.myfonts.com/products/regular-hf-slender-gold-1138741
[2026-04-26T07:59:55Z] #722 attempt=1/2 status=200 0.395s url=https://www.myfonts.com/collections/hf-slender-gold-font-hellofont/
[2026-04-26T07:59:56Z] #723 attempt=1/2 status=200 0.161s url=https://www.myfonts.com/collections/hf-slender-gold-font-hellofont/?tab=techSpecs
[2026-04-26T07:59:57Z] #724 attempt=1/2 status=200 0.212s url=https://www.myfonts.com/collections/hf-slender-gold-font-hellofont/
[2026-04-26T07:59:58Z] #725 attempt=1/2 status=200 0.354s url=https://www.myfonts.com/products/regular-tiki-bongo-1138492
[2026-04-26T07:59:58Z] #726 attempt=1/2 status=200 0.321s url=https://www.myfonts.com/collections/tiki-bongo-font-inviline/
[2026-04-26T07:59:59Z] #727 attempt=1/2 status=200 0.169s url=https://www.myfonts.com/collections/tiki-bongo-font-inviline/?tab=techSpecs
[2026-04-26T07:59:59Z] #728 attempt=1/2 status=200 0.337s url=https://www.myfonts.com/products/regular-nevron-sin-1138335
[2026-04-26T08:00:00Z] #729 attempt=1/2 status=200 0.299s url=https://www.myfonts.com/collections/nevron-sin-font-denustudio/
[2026-04-26T08:00:00Z] #730 attempt=1/2 status=200 0.174s url=https://www.myfonts.com/collections/nevron-sin-font-denustudio/?tab=techSpecs
[2026-04-26T08:00:01Z] #731 attempt=1/2 status=200 0.406s url=https://www.myfonts.com/products/regular-hf-facet-1138713
[2026-04-26T08:00:02Z] #732 attempt=1/2 status=200 0.342s url=https://www.myfonts.com/collections/hf-facet-font-hellofont/
[2026-04-26T08:00:03Z] #733 attempt=1/2 status=200 0.205s url=https://www.myfonts.com/collections/hf-facet-font-hellofont/?tab=techSpecs
[2026-04-26T08:00:04Z] #734 attempt=1/2 status=200 0.173s url=https://www.myfonts.com/collections/hf-facet-font-hellofont/
[2026-04-26T08:00:05Z] #735 attempt=1/2 status=200 0.320s url=https://www.myfonts.com/products/regular-hf-raccoon-1138734
[2026-04-26T08:00:05Z] #736 attempt=1/2 status=200 0.379s url=https://www.myfonts.com/collections/hf-raccoon-font-hellofont/
[2026-04-26T08:00:06Z] #737 attempt=1/2 status=200 0.201s url=https://www.myfonts.com/collections/hf-raccoon-font-hellofont/?tab=techSpecs
[2026-04-26T08:00:07Z] #738 attempt=1/2 status=200 0.228s url=https://www.myfonts.com/collections/hf-raccoon-font-hellofont/
[2026-04-26T08:00:08Z] #739 attempt=1/6 status=200 0.812s url=https://www.myfonts.com/products.json?limit=100&page=9
[2026-04-26T08:00:09Z] #740 attempt=1/2 status=200 0.370s url=https://www.myfonts.com/products/regular-hf-meiling-1138563
[2026-04-26T08:00:09Z] #741 attempt=1/2 status=200 0.313s url=https://www.myfonts.com/collections/hf-meiling-font-hellofont/
[2026-04-26T08:00:10Z] #742 attempt=1/2 status=200 0.201s url=https://www.myfonts.com/collections/hf-meiling-font-hellofont/?tab=techSpecs
[2026-04-26T08:00:12Z] #743 attempt=1/2 status=200 0.248s url=https://www.myfonts.com/collections/hf-meiling-font-hellofont/
[2026-04-26T08:00:12Z] #744 attempt=1/2 status=200 0.363s url=https://www.myfonts.com/products/bold-hf-softline-1138857
[2026-04-26T08:00:13Z] #745 attempt=1/2 status=200 0.438s url=https://www.myfonts.com/collections/hf-softline-font-hellofont/
[2026-04-26T08:00:13Z] #746 attempt=1/2 status=200 0.169s url=https://www.myfonts.com/collections/hf-softline-font-hellofont/
[2026-04-26T08:00:14Z] #747 attempt=1/2 status=200 0.312s url=https://www.myfonts.com/products/italic-chilla-1138348
[2026-04-26T08:00:14Z] #748 attempt=1/2 status=200 0.295s url=https://www.myfonts.com/collections/chilla-font-hazztype/
[2026-04-26T08:00:15Z] #749 attempt=1/2 status=200 0.370s url=https://www.myfonts.com/products/regular-grocity-1138389
[2026-04-26T08:00:16Z] #750 attempt=1/2 status=200 0.613s url=https://www.myfonts.com/collections/grocity-font-brandearth/
[2026-04-26T08:00:17Z] #751 attempt=1/2 status=200 0.285s url=https://www.myfonts.com/products/regular-rovelenca-1138350
[2026-04-26T08:00:17Z] #752 attempt=1/2 status=200 0.323s url=https://www.myfonts.com/collections/rovelenca-font-vadova-std/
[2026-04-26T08:00:18Z] #753 attempt=1/2 status=200 0.338s url=https://www.myfonts.com/products/regular-narvaya-1138349
[2026-04-26T08:00:18Z] #754 attempt=1/2 status=200 0.336s url=https://www.myfonts.com/collections/narvaya-font-vadova-std/
[2026-04-26T08:00:19Z] #755 attempt=1/2 status=200 0.395s url=https://www.myfonts.com/products/regular-ravelyn-1138340
[2026-04-26T08:00:20Z] #756 attempt=1/2 status=200 0.398s url=https://www.myfonts.com/collections/ravelyn-font-qiubare-studio/
[2026-04-26T08:00:20Z] #757 attempt=1/2 status=200 0.312s url=https://www.myfonts.com/products/regular-bayakub-1138390
[2026-04-26T08:00:21Z] #758 attempt=1/2 status=200 0.250s url=https://www.myfonts.com/collections/bayakub-font-vadova-std/
[2026-04-26T08:00:21Z] #759 attempt=1/2 status=200 0.375s url=https://www.myfonts.com/products/regular-neroa-1138388
[2026-04-26T08:00:22Z] #760 attempt=1/2 status=200 0.276s url=https://www.myfonts.com/collections/neroa-font-brandearth/
[2026-04-26T08:00:22Z] #761 attempt=1/2 status=200 0.306s url=https://www.myfonts.com/products/regular-distania-steffany-1138347
[2026-04-26T08:00:23Z] #762 attempt=1/2 status=200 0.290s url=https://www.myfonts.com/collections/distania-steffany-font-equalisign/
[2026-04-26T08:00:23Z] #763 attempt=1/2 status=200 0.292s url=https://www.myfonts.com/products/regular-frenchy-italic-1138341
[2026-04-26T08:00:24Z] #764 attempt=1/2 status=200 0.321s url=https://www.myfonts.com/collections/frenchy-italic-font-krismagraph/
[2026-04-26T08:00:24Z] #765 attempt=1/2 status=200 0.315s url=https://www.myfonts.com/products/book-rokate-1138387
[2026-04-26T08:00:25Z] #766 attempt=1/2 status=200 0.294s url=https://www.myfonts.com/collections/rokate-font-brandearth/
[2026-04-26T08:00:26Z] #767 attempt=1/2 status=200 0.315s url=https://www.myfonts.com/products/regular-orviane-1138426
[2026-04-26T08:00:26Z] #768 attempt=1/2 status=200 0.337s url=https://www.myfonts.com/collections/orviane-font-sixtype-foundry/
[2026-04-26T08:00:27Z] #769 attempt=1/2 status=200 0.313s url=https://www.myfonts.com/products/regular-maison-celeste-1138425
[2026-04-26T08:00:27Z] #770 attempt=1/2 status=200 0.433s url=https://www.myfonts.com/collections/maison-celeste-font-sixtype-foundry/
[2026-04-26T08:00:28Z] #771 attempt=1/2 status=200 0.320s url=https://www.myfonts.com/products/regular-torent-1138435
[2026-04-26T08:00:28Z] #772 attempt=1/2 status=200 0.284s url=https://www.myfonts.com/collections/torent-font-sixtype-foundry/
[2026-04-26T08:00:29Z] #773 attempt=1/2 status=200 0.580s url=https://www.myfonts.com/products/regular-corvelli-1138420
[2026-04-26T08:00:30Z] #774 attempt=1/2 status=200 0.293s url=https://www.myfonts.com/collections/corvelli-font-sixtype-foundry/
[2026-04-26T08:00:30Z] #775 attempt=1/2 status=200 0.301s url=https://www.myfonts.com/products/cottem-regular-cottem-display-1138419
[2026-04-26T08:00:31Z] #776 attempt=1/2 status=200 0.273s url=https://www.myfonts.com/collections/cottem-display-font-marvadesign/
[2026-04-26T08:00:32Z] #777 attempt=1/2 status=200 0.328s url=https://www.myfonts.com/products/limit-variable-concept-full-complete-family-package-1138412
[2026-04-26T08:00:32Z] #778 attempt=1/2 status=200 0.423s url=https://www.myfonts.com/collections/limit-variable-concept-full-font-bold-guystm/
[2026-04-26T08:00:33Z] #779 attempt=1/2 status=200 0.359s url=https://www.myfonts.com/products/petrichor-complete-family-package-1137781
[2026-04-26T08:00:33Z] #780 attempt=1/2 status=200 0.419s url=https://www.myfonts.com/collections/petrichor-font-ragamkata/
[2026-04-26T08:00:34Z] #781 attempt=1/2 status=200 0.401s url=https://www.myfonts.com/products/monowave-complete-family-package-1138033
[2026-04-26T08:00:35Z] #782 attempt=1/2 status=200 0.600s url=https://www.myfonts.com/collections/monowave-font-syntype/
[2026-04-26T08:00:36Z] #783 attempt=1/2 status=200 0.811s url=https://www.myfonts.com/products/expanded-package-1138139
[2026-04-26T08:00:38Z] #784 attempt=1/2 status=200 2.211s url=https://www.myfonts.com/collections/refagio-font-mj-studio/
[2026-04-26T08:00:39Z] #785 attempt=1/2 status=200 0.415s url=https://www.myfonts.com/products/pg-boneti-complete-family-package-1137989
[2026-04-26T08:00:40Z] #786 attempt=1/2 status=200 0.401s url=https://www.myfonts.com/collections/pg-boneti-font-pretty-glyphs/
[2026-04-26T08:00:41Z] #787 attempt=1/2 status=200 0.386s url=https://www.myfonts.com/products/the-cielos-complete-family-package-1138201
[2026-04-26T08:00:41Z] #788 attempt=1/2 status=200 0.441s url=https://www.myfonts.com/collections/the-cielos-font-timelesstype-studio/
[2026-04-26T08:00:42Z] #789 attempt=1/2 status=200 0.462s url=https://www.myfonts.com/products/gamble-complete-family-package-1137821
[2026-04-26T08:00:43Z] #790 attempt=1/2 status=200 0.650s url=https://www.myfonts.com/collections/gamble-font-acidtype/
[2026-04-26T08:00:44Z] #791 attempt=1/2 status=200 0.372s url=https://www.myfonts.com/products/golie-complete-family-package-1137815
[2026-04-26T08:00:44Z] #792 attempt=1/2 status=200 0.479s url=https://www.myfonts.com/collections/golie-font-artiveko/
[2026-04-26T08:00:45Z] #793 attempt=1/2 status=200 0.388s url=https://www.myfonts.com/products/ft-luxentis-complete-family-package-1137792
[2026-04-26T08:00:46Z] #794 attempt=1/2 status=200 0.555s url=https://www.myfonts.com/collections/ft-luxentis-font-firstype-studio/
[2026-04-26T08:00:47Z] #795 attempt=1/2 status=200 0.845s url=https://www.myfonts.com/products/condensed-package-1137937
[2026-04-26T08:00:49Z] #796 attempt=1/2 status=200 1.556s url=https://www.myfonts.com/collections/nira-nara-font-hkl-studio/
[2026-04-26T08:00:50Z] #797 attempt=1/2 status=200 1.181s url=https://www.myfonts.com/products/ultra-expanded-slanted-package-1137647
[2026-04-26T08:00:53Z] #798 attempt=1/2 status=200 2.681s url=https://www.myfonts.com/collections/celima-font-nk-studio/
[2026-04-26T08:00:55Z] #799 attempt=1/2 status=200 0.391s url=https://www.myfonts.com/products/cramsed-complete-family-package-1138168
[2026-04-26T08:00:55Z] #800 attempt=1/2 status=200 0.610s url=https://www.myfonts.com/collections/cramsed-font-razetype/
[2026-04-26T08:00:56Z] #801 attempt=1/2 status=200 0.560s url=https://www.myfonts.com/products/dejorn-complete-family-package-1137789
[2026-04-26T08:00:57Z] #802 attempt=1/2 status=200 0.449s url=https://www.myfonts.com/collections/dejorn-font-tini-fitriani/
[2026-04-26T08:00:58Z] #803 attempt=1/2 status=200 0.414s url=https://www.myfonts.com/products/mahogan-kondang-complete-family-package-1138204
[2026-04-26T08:00:58Z] #804 attempt=1/2 status=200 0.393s url=https://www.myfonts.com/collections/mahogan-kondang-font-naufal-paramata/
[2026-04-26T08:00:59Z] #805 attempt=1/2 status=200 0.590s url=https://www.myfonts.com/products/merenga-complete-family-package-1137947
[2026-04-26T08:01:00Z] #806 attempt=1/2 status=200 0.855s url=https://www.myfonts.com/collections/merenga-font-ottertype/
[2026-04-26T08:01:01Z] #807 attempt=1/2 status=200 0.425s url=https://www.myfonts.com/products/avella-complete-family-package-1137658
[2026-04-26T08:01:02Z] #808 attempt=1/2 status=200 0.602s url=https://www.myfonts.com/collections/avella-font-vermilione/
[2026-04-26T08:01:02Z] #809 attempt=1/2 status=200 0.379s url=https://www.myfonts.com/products/meganthropus-complete-family-package-1138178
[2026-04-26T08:01:03Z] #810 attempt=1/2 status=200 0.414s url=https://www.myfonts.com/collections/meganthropus-font-casloop-studio/
[2026-04-26T08:01:04Z] #811 attempt=1/2 status=200 0.346s url=https://www.myfonts.com/products/diglet-sunsin-outline-complete-family-package-1137785
[2026-04-26T08:01:04Z] #812 attempt=1/2 status=200 0.508s url=https://www.myfonts.com/collections/diglet-sunsin-outline-font-tini-fitriani/
[2026-04-26T08:01:06Z] #813 attempt=1/2 status=200 1.128s url=https://www.myfonts.com/products/amarow-complete-family-package-1138216
[2026-04-26T08:01:07Z] #814 attempt=1/2 status=200 1.229s url=https://www.myfonts.com/collections/amarow-font-alpercakici/
[2026-04-26T08:01:08Z] #815 attempt=1/2 status=200 0.375s url=https://www.myfonts.com/products/grand-ronitta-complete-family-package-1138146
[2026-04-26T08:01:09Z] #816 attempt=1/2 status=200 0.650s url=https://www.myfonts.com/collections/grand-ronitta-font-saemoon-creative/
[2026-04-26T08:01:10Z] #817 attempt=1/2 status=200 0.408s url=https://www.myfonts.com/products/foregone-complete-family-package-1138163
[2026-04-26T08:01:11Z] #818 attempt=1/2 status=200 0.486s url=https://www.myfonts.com/collections/foregone-font-vozzy/
[2026-04-26T08:01:11Z] #819 attempt=1/2 status=200 0.395s url=https://www.myfonts.com/products/wornella-complete-family-package-1138181
[2026-04-26T08:01:12Z] #820 attempt=1/2 status=200 0.467s url=https://www.myfonts.com/collections/wornella-font-casloop-studio/
[2026-04-26T08:01:13Z] #821 attempt=1/2 status=200 0.590s url=https://www.myfonts.com/products/kresipat-brush-complete-family-package-1137818
[2026-04-26T08:01:14Z] #822 attempt=1/2 status=200 0.516s url=https://www.myfonts.com/collections/kresipat-brush-font-realtype/
[2026-04-26T08:01:14Z] #823 attempt=1/2 status=200 0.470s url=https://www.myfonts.com/products/bumora-round-complete-family-package-1138013
[2026-04-26T08:01:15Z] #824 attempt=1/2 status=200 0.636s url=https://www.myfonts.com/collections/bumora-round-font-ghozai-studio/
[2026-04-26T08:01:16Z] #825 attempt=1/2 status=200 0.472s url=https://www.myfonts.com/products/notice-complete-family-package-1138211
[2026-04-26T08:01:17Z] #826 attempt=1/2 status=200 0.407s url=https://www.myfonts.com/collections/notice-font-sensatype-studio/
[2026-04-26T08:01:17Z] #827 attempt=1/2 status=200 0.441s url=https://www.myfonts.com/products/cloudypop-complete-family-package-1137773
[2026-04-26T08:01:18Z] #828 attempt=1/2 status=200 0.431s url=https://www.myfonts.com/collections/cloudypop-font-rashdrawn/
[2026-04-26T08:01:19Z] #829 attempt=1/2 status=200 0.426s url=https://www.myfonts.com/products/bright-pasqia-script-complete-family-package-1138172
[2026-04-26T08:01:19Z] #830 attempt=1/2 status=200 0.414s url=https://www.myfonts.com/collections/bright-pasqia-script-font-font-liner/
[2026-04-26T08:01:20Z] #831 attempt=1/2 status=200 0.394s url=https://www.myfonts.com/products/markflat-complete-family-package-1137995
[2026-04-26T08:01:21Z] #832 attempt=1/2 status=200 0.608s url=https://www.myfonts.com/collections/markflat-font-ghozai-studio/
[2026-04-26T08:01:22Z] #833 attempt=1/2 status=200 0.369s url=https://www.myfonts.com/products/dalven-goofler-complete-family-package-1138194
[2026-04-26T08:01:22Z] #834 attempt=1/2 status=200 0.365s url=https://www.myfonts.com/collections/dalven-goofler-font-casloop-studio/
[2026-04-26T08:01:23Z] #835 attempt=1/2 status=200 0.416s url=https://www.myfonts.com/products/thezila-complete-family-package-1137683
[2026-04-26T08:01:23Z] #836 attempt=1/2 status=200 0.425s url=https://www.myfonts.com/collections/thezila-font-vermilione/
[2026-04-26T08:01:24Z] #837 attempt=1/2 status=200 0.424s url=https://www.myfonts.com/products/borth-tropical-complete-family-package-1137940
[2026-04-26T08:01:25Z] #838 attempt=1/2 status=200 0.467s url=https://www.myfonts.com/collections/borth-tropical-font-black-junst/
[2026-04-26T08:01:26Z] #839 attempt=1/2 status=200 0.440s url=https://www.myfonts.com/products/peridot-tamil-complete-family-package-1137348
[2026-04-26T08:01:26Z] #840 attempt=1/2 status=200 0.718s url=https://www.myfonts.com/collections/peridot-tamil-font-foundry-5-limited/
[2026-04-26T08:01:27Z] #841 attempt=1/2 status=200 0.441s url=https://www.myfonts.com/products/ration-complete-family-package-1137805
[2026-04-26T08:01:28Z] #842 attempt=1/2 status=200 0.554s url=https://www.myfonts.com/collections/ration-font-rar-typeworks/
[2026-04-26T08:01:29Z] #843 attempt=1/2 status=200 0.414s url=https://www.myfonts.com/products/frost-giant-complete-family-package-1138156
[2026-04-26T08:01:29Z] #844 attempt=1/2 status=200 0.459s url=https://www.myfonts.com/collections/frost-giant-font-vozzy/
[2026-04-26T08:01:30Z] #845 attempt=1/2 status=200 0.338s url=https://www.myfonts.com/products/rtco-brisling-complete-family-package-1137371
[2026-04-26T08:01:31Z] #846 attempt=1/2 status=200 0.470s url=https://www.myfonts.com/collections/rtco-brisling-font-roams-type-co/
[2026-04-26T08:01:32Z] #847 attempt=1/2 status=200 0.976s url=https://www.myfonts.com/products/expanded-package-1138330
[2026-04-26T08:01:34Z] #848 attempt=1/2 status=200 1.525s url=https://www.myfonts.com/collections/avtech-font-soft-creative/
[2026-04-26T08:01:35Z] #849 attempt=1/2 status=200 0.497s url=https://www.myfonts.com/products/osure-complete-family-package-1137842
[2026-04-26T08:01:36Z] #850 attempt=1/2 status=200 0.509s url=https://www.myfonts.com/collections/osure-font-artiveko/
[2026-04-26T08:01:36Z] #851 attempt=1/2 status=200 0.383s url=https://www.myfonts.com/products/take-me-to-lisbon-again-complete-family-package-1137795
[2026-04-26T08:01:37Z] #852 attempt=1/2 status=200 0.539s url=https://www.myfonts.com/collections/take-me-to-lisbon-again-font-metasena-typefoundry/
[2026-04-26T08:01:38Z] #853 attempt=1/2 status=200 0.332s url=https://www.myfonts.com/products/sogela-complete-family-package-1137379
[2026-04-26T08:01:38Z] #854 attempt=1/2 status=200 0.581s url=https://www.myfonts.com/collections/sogela-font-black-junst/
[2026-04-26T08:01:39Z] #855 attempt=1/2 status=200 0.349s url=https://www.myfonts.com/products/pen-notes-complete-family-package-1138207
[2026-04-26T08:01:40Z] #856 attempt=1/2 status=200 0.434s url=https://www.myfonts.com/collections/pen-notes-font-sensatype-studio/
[2026-04-26T08:01:40Z] #857 attempt=1/2 status=200 0.397s url=https://www.myfonts.com/products/ft-pavielle-complete-family-package-1137943
[2026-04-26T08:01:41Z] #858 attempt=1/2 status=200 0.452s url=https://www.myfonts.com/collections/ft-pavielle-font-firstype-studio/
[2026-04-26T08:01:42Z] #859 attempt=1/2 status=200 0.434s url=https://www.myfonts.com/products/vacances-complete-family-package-1137653
[2026-04-26T08:01:42Z] #860 attempt=1/2 status=200 0.502s url=https://www.myfonts.com/collections/vacances-font-ef-studio/
[2026-04-26T08:01:43Z] #861 attempt=1/2 status=200 0.382s url=https://www.myfonts.com/products/origin-neue-complete-family-package-1138002
[2026-04-26T08:01:44Z] #862 attempt=1/2 status=200 0.566s url=https://www.myfonts.com/collections/origin-neue-font-fontastica/
[2026-04-26T08:01:45Z] #863 attempt=1/2 status=200 0.353s url=https://www.myfonts.com/products/kaweni-complete-family-package-1138198
[2026-04-26T08:01:45Z] #864 attempt=1/2 status=200 0.443s url=https://www.myfonts.com/collections/kaweni-font-agung-sudirman/
[2026-04-26T08:01:46Z] #865 attempt=1/2 status=200 0.315s url=https://www.myfonts.com/products/kurotsyma-complete-family-package-1138191
[2026-04-26T08:01:47Z] #866 attempt=1/2 status=200 0.489s url=https://www.myfonts.com/collections/kurotsyma-font-typeclassheroes/
[2026-04-26T08:01:47Z] #867 attempt=1/2 status=200 0.336s url=https://www.myfonts.com/products/staylo-complete-family-package-1137778
[2026-04-26T08:01:48Z] #868 attempt=1/2 status=200 0.446s url=https://www.myfonts.com/collections/staylo-font-letternesia-studio/
[2026-04-26T08:01:49Z] #869 attempt=1/6 status=200 0.672s url=https://www.myfonts.com/products.json?limit=100&page=10
[2026-04-26T08:01:50Z] #870 attempt=1/2 status=200 0.385s url=https://www.myfonts.com/products/regular-distressed-telegraph-1138215
[2026-04-26T08:01:50Z] #871 attempt=1/2 status=200 0.388s url=https://www.myfonts.com/collections/distressed-telegraph-font-stiggy-sands/
[2026-04-26T08:01:51Z] #872 attempt=1/2 status=200 0.349s url=https://www.myfonts.com/products/regular-orviele-1137130
[2026-04-26T08:01:52Z] #873 attempt=1/2 status=200 0.417s url=https://www.myfonts.com/collections/orviele-font-rasio-studio/
[2026-04-26T08:01:53Z] #874 attempt=1/6 status=200 0.730s url=https://www.myfonts.com/products.json?limit=100&page=11
[2026-04-26T08:01:53Z] #875 attempt=1/2 status=200 0.397s url=https://www.myfonts.com/products/regular-marker-one-1137772
[2026-04-26T08:01:54Z] #876 attempt=1/2 status=200 0.239s url=https://www.myfonts.com/collections/marker-one-font-design-vault-studio/
[2026-04-26T08:01:55Z] #877 attempt=1/2 status=200 0.317s url=https://www.myfonts.com/products/regular-quiet-petal-1138141
[2026-04-26T08:01:55Z] #878 attempt=1/2 status=200 0.283s url=https://www.myfonts.com/collections/quiet-petal-font-medialabco/
[2026-04-26T08:01:56Z] #879 attempt=1/2 status=200 0.425s url=https://www.myfonts.com/products/regular-willea-1137657
[2026-04-26T08:01:56Z] #880 attempt=1/2 status=200 0.280s url=https://www.myfonts.com/collections/willea-font-eotype/
[2026-04-26T08:01:58Z] #881 attempt=1/6 status=200 0.715s url=https://www.myfonts.com/products.json?limit=100&page=12
[2026-04-26T08:01:59Z] #882 attempt=1/6 status=200 0.760s url=https://www.myfonts.com/products.json?limit=100&page=13
[2026-04-26T08:02:00Z] #883 attempt=1/6 status=200 0.731s url=https://www.myfonts.com/products.json?limit=100&page=14
[2026-04-26T08:02:01Z] #884 attempt=1/2 status=200 0.310s url=https://www.myfonts.com/products/regular-paverina-1137648
[2026-04-26T08:02:01Z] #885 attempt=1/2 status=200 0.485s url=https://www.myfonts.com/collections/paverina-font-rasio-studio/
[2026-04-26T08:02:02Z] #886 attempt=1/2 status=200 0.314s url=https://www.myfonts.com/products/regular-bigoba-1138177
[2026-04-26T08:02:02Z] #887 attempt=1/2 status=200 0.294s url=https://www.myfonts.com/collections/bigoba-font-pandeka-studio/
[2026-04-26T08:02:04Z] #888 attempt=1/6 status=200 0.771s url=https://www.myfonts.com/products.json?limit=100&page=15
[2026-04-26T08:02:04Z] #889 attempt=1/2 status=200 0.346s url=https://www.myfonts.com/products/regular-chuner-1138176
[2026-04-26T08:02:05Z] #890 attempt=1/2 status=200 0.290s url=https://www.myfonts.com/collections/chuner-font-limitype/
[2026-04-26T08:02:05Z] #891 attempt=1/2 status=200 0.338s url=https://www.myfonts.com/products/regular-corva-round-1137960
[2026-04-26T08:02:06Z] #892 attempt=1/2 status=200 0.362s url=https://www.myfonts.com/collections/corva-round-font-zeenesia-studio/
[2026-04-26T08:02:07Z] #893 attempt=1/2 status=200 0.320s url=https://www.myfonts.com/products/regular-prak-moranela-1137649
[2026-04-26T08:02:07Z] #894 attempt=1/2 status=200 0.283s url=https://www.myfonts.com/collections/prak-moranela-font-praktypes/
[2026-04-26T08:02:08Z] #895 attempt=1/6 status=200 0.629s url=https://www.myfonts.com/products.json?limit=100&page=16
[2026-04-26T08:02:09Z] #896 attempt=1/2 status=200 0.392s url=https://www.myfonts.com/products/regular-curly-unique-1137652
[2026-04-26T08:02:09Z] #897 attempt=1/2 status=200 0.274s url=https://www.myfonts.com/collections/curly-unique-font-jinan-studio/
[2026-04-26T08:02:10Z] #898 attempt=1/2 status=200 0.372s url=https://www.myfonts.com/products/regular-gloomy-kochi-1138175
[2026-04-26T08:02:11Z] #899 attempt=1/2 status=200 0.455s url=https://www.myfonts.com/collections/gloomy-kochi-font-tini-fitriani/
[2026-04-26T08:02:12Z] #900 attempt=1/6 status=200 0.679s url=https://www.myfonts.com/products.json?limit=100&page=17
[2026-04-26T08:02:13Z] #901 attempt=1/2 status=200 0.447s url=https://www.myfonts.com/products/regular-deprona-1138032
[2026-04-26T08:02:13Z] #902 attempt=1/2 status=200 0.329s url=https://www.myfonts.com/collections/deprona-font-bilahstudio/
[2026-04-26T08:02:14Z] #903 attempt=1/2 status=200 0.356s url=https://www.myfonts.com/products/regular-thornvoid-1137378
[2026-04-26T08:02:14Z] #904 attempt=1/2 status=200 0.277s url=https://www.myfonts.com/collections/thornvoid-font-owpictures/
[2026-04-26T08:02:16Z] #905 attempt=1/6 status=200 0.712s url=https://www.myfonts.com/products.json?limit=100&page=18
[2026-04-26T08:02:16Z] #906 attempt=1/2 status=200 0.328s url=https://www.myfonts.com/products/regular-glamour-palace-1138197
[2026-04-26T08:02:17Z] #907 attempt=1/2 status=200 0.352s url=https://www.myfonts.com/collections/glamour-palace-font-fikryal/
[2026-04-26T08:02:17Z] #908 attempt=1/2 status=200 0.336s url=https://www.myfonts.com/products/regular-rune-witch-1137651
[2026-04-26T08:02:18Z] #909 attempt=1/2 status=200 0.276s url=https://www.myfonts.com/collections/rune-witch-font-denustudio/
[2026-04-26T08:02:18Z] #910 attempt=1/2 status=200 0.292s url=https://www.myfonts.com/products/regular-mn-soraine-1137650
[2026-04-26T08:02:19Z] #911 attempt=1/2 status=200 0.302s url=https://www.myfonts.com/collections/mn-soraine-font-mantra-naga-studio/
[2026-04-26T08:02:20Z] #912 attempt=1/6 status=200 0.708s url=https://www.myfonts.com/products.json?limit=100&page=19
[2026-04-26T08:02:22Z] #913 attempt=1/2 status=200 1.471s url=https://www.myfonts.com/products/serif-value-pack-package-1132845
[2026-04-26T08:02:25Z] #914 attempt=1/2 status=500 3.236s url=https://www.myfonts.com/collections/bia-font-bykineks/
[2026-04-26T08:02:26Z] #915 attempt=1/2 status=404 0.289s url=https://www.myfonts.com/collections/serif-value-pack-font-bykineks
[2026-04-26T08:02:27Z] #916 attempt=1/6 status=200 0.698s url=https://www.myfonts.com/products.json?limit=100&page=20
[2026-04-26T08:02:28Z] #917 attempt=1/6 status=200 0.880s url=https://www.myfonts.com/products.json?limit=100&page=21
[2026-04-26T08:02:29Z] #918 attempt=1/2 status=200 0.372s url=https://www.myfonts.com/products/regular-trinity-note-1137788
[2026-04-26T08:02:29Z] #919 attempt=1/2 status=200 0.278s url=https://www.myfonts.com/collections/trinity-note-font-tini-fitriani/
[2026-04-26T08:02:30Z] #920 attempt=1/2 status=200 0.397s url=https://www.myfonts.com/products/regular-lorimthy-script-1137803
[2026-04-26T08:02:31Z] #921 attempt=1/2 status=200 0.364s url=https://www.myfonts.com/collections/lorimthy-script-font-gian-studio/
[2026-04-26T08:02:31Z] #922 attempt=1/2 status=200 0.373s url=https://www.myfonts.com/products/yareuu-regular-yareuu-1138171
[2026-04-26T08:02:32Z] #923 attempt=1/2 status=200 0.298s url=https://www.myfonts.com/collections/yareuu-font-razetype/
[2026-04-26T08:02:32Z] #924 attempt=1/2 status=200 0.301s url=https://www.myfonts.com/products/decol-rz-regular-decol-rz-1138167
[2026-04-26T08:02:33Z] #925 attempt=1/2 status=200 0.329s url=https://www.myfonts.com/collections/decol-rz-font-razetype/
[2026-04-26T08:02:34Z] #926 attempt=1/2 status=200 0.285s url=https://www.myfonts.com/products/regular-clown-reign-1137784
[2026-04-26T08:02:34Z] #927 attempt=1/2 status=200 0.303s url=https://www.myfonts.com/collections/clown-reign-font-epiclinez/
[2026-04-26T08:02:35Z] #928 attempt=1/2 status=200 0.339s url=https://www.myfonts.com/products/regular-shaka-sunset-1137377
[2026-04-26T08:02:35Z] #929 attempt=1/2 status=200 0.335s url=https://www.myfonts.com/collections/shaka-sunset-font-hipfonts/
[2026-04-26T08:02:36Z] #930 attempt=1/2 status=200 0.410s url=https://www.myfonts.com/products/quraan-package-1137370
[2026-04-26T08:02:36Z] #931 attempt=1/2 status=404 0.218s url=https://www.myfonts.com/collections/quraan-font-tharwat-emara
[2026-04-26T08:02:37Z] #932 attempt=1/2 status=200 0.775s url=https://www.myfonts.com/products/dnv-rounded-complete-family-package-1136800
[2026-04-26T08:02:39Z] #933 attempt=1/2 status=200 1.458s url=https://www.myfonts.com/collections/dnv-rounded-font-fargun-studio/
[2026-04-26T08:02:40Z] #934 attempt=1/2 status=200 0.306s url=https://www.myfonts.com/products/megster-complete-family-package-1136699
[2026-04-26T08:02:41Z] #935 attempt=1/2 status=200 0.551s url=https://www.myfonts.com/collections/megster-font-letterhend/
[2026-04-26T08:02:42Z] #936 attempt=1/2 status=200 1.004s url=https://www.myfonts.com/products/kodoxa-complete-family-package-1136421
[2026-04-26T08:02:44Z] #937 attempt=1/2 status=200 1.626s url=https://www.myfonts.com/collections/kodoxa-font-alpercakici/
[2026-04-26T08:02:46Z] #938 attempt=1/2 status=200 1.266s url=https://www.myfonts.com/products/condensedoblique-package-1137343
[2026-04-26T08:02:48Z] #939 attempt=1/2 status=200 2.161s url=https://www.myfonts.com/collections/kornesia-font-mantype-studio/
[2026-04-26T08:02:49Z] #940 attempt=1/2 status=200 0.430s url=https://www.myfonts.com/products/gentar-complete-family-package-1136886
[2026-04-26T08:02:50Z] #941 attempt=1/2 status=200 0.666s url=https://www.myfonts.com/collections/gentar-font-ketiga-foundry/
[2026-04-26T08:02:51Z] #942 attempt=1/2 status=200 0.311s url=https://www.myfonts.com/products/heavenly-joyful-complete-family-package-1136793
[2026-04-26T08:02:51Z] #943 attempt=1/2 status=200 0.488s url=https://www.myfonts.com/collections/heavenly-joyful-font-letterena-studios/
[2026-04-26T08:02:52Z] #944 attempt=1/2 status=200 0.659s url=https://www.myfonts.com/products/mellgro-complete-family-package-1137000
[2026-04-26T08:02:53Z] #945 attempt=1/2 status=200 0.435s url=https://www.myfonts.com/collections/mellgro-font-timelesstype-studio/
[2026-04-26T08:02:54Z] #946 attempt=1/2 status=200 0.556s url=https://www.myfonts.com/products/pleso-l-package-1137170
[2026-04-26T08:02:55Z] #947 attempt=1/2 status=200 0.760s url=https://www.myfonts.com/collections/pleso-font-vlad-b/
[2026-04-26T08:02:55Z] #948 attempt=1/2 status=200 0.364s url=https://www.myfonts.com/products/savery-complete-family-package-1137051
[2026-04-26T08:02:56Z] #949 attempt=1/2 status=200 0.496s url=https://www.myfonts.com/collections/savery-font-ronin-design/
[2026-04-26T08:02:57Z] #950 attempt=1/2 status=200 0.409s url=https://www.myfonts.com/products/reicha-variable-complete-family-package-1136601
[2026-04-26T08:02:58Z] #951 attempt=1/2 status=200 0.500s url=https://www.myfonts.com/collections/reicha-variable-font-akbartype/
[2026-04-26T08:02:58Z] #952 attempt=1/2 status=200 0.330s url=https://www.myfonts.com/products/brandel-luchador-complete-family-package-1136797
[2026-04-26T08:02:59Z] #953 attempt=1/2 status=200 0.489s url=https://www.myfonts.com/collections/brandel-luchador-font-amorfa-type/
[2026-04-26T08:03:00Z] #954 attempt=1/2 status=200 0.412s url=https://www.myfonts.com/products/necrothra-complete-family-package-1136914
[2026-04-26T08:03:00Z] #955 attempt=1/2 status=200 0.561s url=https://www.myfonts.com/collections/necrothra-font-ghozai-studio/
[2026-04-26T08:03:01Z] #956 attempt=1/2 status=200 0.488s url=https://www.myfonts.com/products/fujimoto-complete-family-package-1137042
[2026-04-26T08:03:02Z] #957 attempt=1/2 status=200 0.531s url=https://www.myfonts.com/collections/fujimoto-font-typeclassheroes/
[2026-04-26T08:03:02Z] #958 attempt=1/2 status=200 0.351s url=https://www.myfonts.com/products/colence-complete-family-package-1137127
[2026-04-26T08:03:03Z] #959 attempt=1/2 status=200 0.407s url=https://www.myfonts.com/collections/colence-font-craft-supply-co/
[2026-04-26T08:03:04Z] #960 attempt=1/2 status=200 0.328s url=https://www.myfonts.com/products/black-abbey-got-complete-family-package-1136689
[2026-04-26T08:03:05Z] #961 attempt=1/2 status=200 0.657s url=https://www.myfonts.com/collections/black-abbey-got-font-pitts-hand/
[2026-04-26T08:03:05Z] #962 attempt=1/2 status=200 0.594s url=https://www.myfonts.com/products/collegend-complete-family-package-1136631
[2026-04-26T08:03:06Z] #963 attempt=1/2 status=200 0.602s url=https://www.myfonts.com/collections/collegend-font-vozzy/
[2026-04-26T08:03:07Z] #964 attempt=1/2 status=200 0.433s url=https://www.myfonts.com/products/rumble-country-complete-family-package-1137012
[2026-04-26T08:03:08Z] #965 attempt=1/2 status=200 0.580s url=https://www.myfonts.com/collections/rumble-country-font-nathatype/
[2026-04-26T08:03:09Z] #966 attempt=1/2 status=200 0.591s url=https://www.myfonts.com/products/hoopoe-complete-family-package-1137296
[2026-04-26T08:03:10Z] #967 attempt=1/2 status=200 1.146s url=https://www.myfonts.com/collections/hoopoe-font-alpercakici/
[2026-04-26T08:03:11Z] #968 attempt=1/2 status=200 0.355s url=https://www.myfonts.com/products/mute-devanagari-complete-family-package-1136606
[2026-04-26T08:03:11Z] #969 attempt=1/2 status=200 0.460s url=https://www.myfonts.com/collections/mute-devanagari-font-indian-type-foundry/
[2026-04-26T08:03:12Z] #970 attempt=1/2 status=200 0.187s url=https://www.myfonts.com/collections/mute-devanagari-font-indian-type-foundry/
[2026-04-26T08:03:13Z] #971 attempt=1/2 status=200 0.335s url=https://www.myfonts.com/products/nomad-kalari-complete-family-package-1137171
[2026-04-26T08:03:13Z] #972 attempt=1/2 status=200 0.444s url=https://www.myfonts.com/collections/nomad-kalari-font-get-studio/
[2026-04-26T08:03:14Z] #973 attempt=1/2 status=200 0.401s url=https://www.myfonts.com/products/redifine-complete-family-package-1137059
[2026-04-26T08:03:15Z] #974 attempt=1/2 status=200 0.554s url=https://www.myfonts.com/collections/redifine-font-fikryal/
[2026-04-26T08:03:15Z] #975 attempt=1/2 status=200 0.371s url=https://www.myfonts.com/products/goks-complete-family-package-1137008
[2026-04-26T08:03:16Z] #976 attempt=1/2 status=200 0.480s url=https://www.myfonts.com/collections/goks-font-sensatype-studio/
[2026-04-26T08:03:17Z] #977 attempt=1/2 status=200 0.386s url=https://www.myfonts.com/products/grande-laguna-script-complete-family-package-1136686
[2026-04-26T08:03:17Z] #978 attempt=1/2 status=200 0.428s url=https://www.myfonts.com/collections/grande-laguna-script-font-ragamkata/
[2026-04-26T08:03:18Z] #979 attempt=1/2 status=200 0.622s url=https://www.myfonts.com/products/melfira-complete-family-package-1136693
[2026-04-26T08:03:19Z] #980 attempt=1/2 status=200 0.545s url=https://www.myfonts.com/collections/melfira-font-zeenesia-studio/
[2026-04-26T08:03:20Z] #981 attempt=1/2 status=200 0.398s url=https://www.myfonts.com/products/gc-vensca-mono-complete-family-package-1136801
[2026-04-26T08:03:21Z] #982 attempt=1/2 status=200 0.596s url=https://www.myfonts.com/collections/gc-vensca-mono-font-onyx-studio/
[2026-04-26T08:03:21Z] #983 attempt=1/2 status=200 0.405s url=https://www.myfonts.com/products/agnofy-rusting-complete-family-package-1137045
[2026-04-26T08:03:22Z] #984 attempt=1/2 status=200 0.538s url=https://www.myfonts.com/collections/agnofy-rusting-font-timelesstype-studio/
[2026-04-26T08:03:23Z] #985 attempt=1/2 status=200 0.392s url=https://www.myfonts.com/products/jp-al10-complete-family-package-1137148
[2026-04-26T08:03:24Z] #986 attempt=1/2 status=200 0.717s url=https://www.myfonts.com/collections/jp-al10-font-pedro-teixeira/
[2026-04-26T08:03:24Z] #987 attempt=1/2 status=200 0.346s url=https://www.myfonts.com/products/sagiel-prenock-package-1136620
[2026-04-26T08:03:25Z] #988 attempt=1/2 status=200 0.563s url=https://www.myfonts.com/collections/sagiel-prenock-font-black-junst/
[2026-04-26T08:03:26Z] #989 attempt=1/2 status=200 0.317s url=https://www.myfonts.com/products/energy-space-complete-family-package-1137026
[2026-04-26T08:03:26Z] #990 attempt=1/2 status=200 0.392s url=https://www.myfonts.com/collections/energy-space-font-timelesstype-studio/
[2026-04-26T08:03:27Z] #991 attempt=1/2 status=200 0.798s url=https://www.myfonts.com/products/voxas-complete-family-package-1136941
[2026-04-26T08:03:28Z] #992 attempt=1/2 status=200 0.848s url=https://www.myfonts.com/collections/voxas-font-anthony-james/
[2026-04-26T08:03:30Z] #993 attempt=1/2 status=200 0.716s url=https://www.myfonts.com/products/castlon-complete-family-package-1137183
[2026-04-26T08:03:31Z] #994 attempt=1/2 status=200 1.681s url=https://www.myfonts.com/collections/castlon-font-skinny-type/
[2026-04-26T08:03:33Z] #995 attempt=1/2 status=200 1.294s url=https://www.myfonts.com/products/reicha-complete-family-package-1136546
[2026-04-26T08:03:36Z] #996 attempt=1/2 status=200 2.582s url=https://www.myfonts.com/collections/reicha-font-akbartype/
[2026-04-26T08:03:37Z] #997 attempt=1/2 status=200 0.505s url=https://www.myfonts.com/products/rounded-konstructa-complete-family-package-1137131
[2026-04-26T08:03:38Z] #998 attempt=1/2 status=200 0.603s url=https://www.myfonts.com/collections/rounded-konstructa-font-ghozai-studio/
[2026-04-26T08:03:39Z] #999 attempt=1/2 status=200 0.359s url=https://www.myfonts.com/products/funkora-complete-family-package-1137157
[2026-04-26T08:03:40Z] #1000 attempt=1/2 status=200 0.408s url=https://www.myfonts.com/collections/funkora-font-artisan-themes/
[2026-04-26T08:03:40Z] #1001 attempt=1/2 status=200 0.416s url=https://www.myfonts.com/products/minga-complete-family-package-1136980
[2026-04-26T08:03:41Z] #1002 attempt=1/2 status=200 0.425s url=https://www.myfonts.com/collections/minga-font-sensatype-studio/
[2026-04-26T08:03:42Z] #1003 attempt=1/2 status=200 0.451s url=https://www.myfonts.com/products/simpli-complete-family-package-1137099
[2026-04-26T08:03:42Z] #1004 attempt=1/2 status=200 0.589s url=https://www.myfonts.com/collections/simpli-font-designomatt/
[2026-04-26T08:03:43Z] #1005 attempt=1/2 status=200 0.453s url=https://www.myfonts.com/products/tonkin-serif-complete-family-package-1137058
[2026-04-26T08:03:44Z] #1006 attempt=1/2 status=200 0.717s url=https://www.myfonts.com/collections/tonkin-serif-font-hanoi-cartel/
[2026-04-26T08:03:45Z] #1007 attempt=1/2 status=200 0.462s url=https://www.myfonts.com/products/nuqtra-arabic-complete-family-package-1137082
[2026-04-26T08:03:46Z] #1008 attempt=1/2 status=200 0.554s url=https://www.myfonts.com/collections/nuqtra-arabic-font-pizzatypefaces/
[2026-04-26T08:03:46Z] #1009 attempt=1/2 status=200 0.362s url=https://www.myfonts.com/products/mooda-complete-family-package-1137048
[2026-04-26T08:03:47Z] #1010 attempt=1/2 status=200 0.442s url=https://www.myfonts.com/collections/mooda-font-artiveko/
[2026-04-26T08:03:48Z] #1011 attempt=1/2 status=200 0.340s url=https://www.myfonts.com/products/megria-complete-family-package-1137039
[2026-04-26T08:03:49Z] #1012 attempt=1/2 status=200 0.583s url=https://www.myfonts.com/collections/megria-font-timelesstype-studio/
[2026-04-26T08:03:49Z] #1013 attempt=1/2 status=200 0.386s url=https://www.myfonts.com/products/flowie-complete-family-package-1137054
[2026-04-26T08:03:50Z] #1014 attempt=1/2 status=200 0.409s url=https://www.myfonts.com/collections/flowie-font-artisan-themes/
[2026-04-26T08:03:51Z] #1015 attempt=1/2 status=200 0.442s url=https://www.myfonts.com/products/castyla-complete-family-package-1137004
[2026-04-26T08:03:51Z] #1016 attempt=1/2 status=200 0.502s url=https://www.myfonts.com/collections/castyla-font-sensatype-studio/
[2026-04-26T08:03:52Z] #1017 attempt=1/2 status=200 0.350s url=https://www.myfonts.com/products/theome-complete-family-package-1136933
[2026-04-26T08:03:53Z] #1018 attempt=1/2 status=200 0.617s url=https://www.myfonts.com/collections/theome-font-mooneseye-studio/
[2026-04-26T08:03:53Z] #1019 attempt=1/2 status=200 0.434s url=https://www.myfonts.com/products/sanknotes-complete-family-package-1136937
[2026-04-26T08:03:54Z] #1020 attempt=1/2 status=200 0.463s url=https://www.myfonts.com/collections/sanknotes-font-stylishtype-studio/
[2026-04-26T08:03:55Z] #1021 attempt=1/2 status=200 0.618s url=https://www.myfonts.com/products/cyber-security-complete-family-package-1136628
[2026-04-26T08:03:56Z] #1022 attempt=1/2 status=200 0.462s url=https://www.myfonts.com/collections/cyber-security-font-vozzy/
[2026-04-26T08:03:56Z] #1023 attempt=1/2 status=200 0.380s url=https://www.myfonts.com/products/borsche-complete-family-package-1137108
[2026-04-26T08:03:57Z] #1024 attempt=1/2 status=200 0.555s url=https://www.myfonts.com/collections/borsche-font-glyphminds-studios/
[2026-04-26T08:03:58Z] #1025 attempt=1/2 status=200 0.343s url=https://www.myfonts.com/products/spytrams-complete-family-package-1136418
[2026-04-26T08:03:58Z] #1026 attempt=1/2 status=200 0.356s url=https://www.myfonts.com/collections/spytrams-font-rastype-studio/
[2026-04-26T08:03:59Z] #1027 attempt=1/2 status=200 0.374s url=https://www.myfonts.com/products/kepater-complete-family-package-1137016
[2026-04-26T08:04:00Z] #1028 attempt=1/2 status=200 0.589s url=https://www.myfonts.com/collections/kepater-font-differentialtype/
[2026-04-26T08:04:01Z] #1029 attempt=1/6 status=200 0.783s url=https://www.myfonts.com/products.json?limit=100&page=22
[2026-04-26T08:04:02Z] #1030 attempt=1/2 status=200 0.504s url=https://www.myfonts.com/products/regular-arcia-1136417
[2026-04-26T08:04:03Z] #1031 attempt=1/2 status=200 0.357s url=https://www.myfonts.com/collections/arcia-font-ryan-corey/
[2026-04-26T08:04:04Z] #1032 attempt=1/6 status=200 0.795s url=https://www.myfonts.com/products.json?limit=100&page=23
[2026-04-26T08:04:05Z] #1033 attempt=1/2 status=200 0.392s url=https://www.myfonts.com/products/regular-morsevas-1137038
[2026-04-26T08:04:05Z] #1034 attempt=1/2 status=200 0.312s url=https://www.myfonts.com/collections/morsevas-font-arterfak-project/
[2026-04-26T08:04:06Z] #1035 attempt=1/6 status=200 0.769s url=https://www.myfonts.com/products.json?limit=100&page=24
[2026-04-26T08:04:07Z] #1036 attempt=1/2 status=200 0.320s url=https://www.myfonts.com/products/regular-ongunkan-rosetta-stone-ellada-1136936
[2026-04-26T08:04:07Z] #1037 attempt=1/2 status=200 0.310s url=https://www.myfonts.com/collections/ongunkan-rosetta-stone-ellada-font-runic-world-tamgaci/
[2026-04-26T08:04:08Z] #1038 attempt=1/2 status=200 0.291s url=https://www.myfonts.com/products/regular-luther-king-1136685
[2026-04-26T08:04:09Z] #1039 attempt=1/2 status=200 0.353s url=https://www.myfonts.com/collections/luther-king-font-alpaprana/
[2026-04-26T08:04:10Z] #1040 attempt=1/6 status=200 0.752s url=https://www.myfonts.com/products.json?limit=100&page=25
[2026-04-26T08:04:10Z] #1041 attempt=1/2 status=200 0.311s url=https://www.myfonts.com/products/regular-sigera-1137003
[2026-04-26T08:04:11Z] #1042 attempt=1/2 status=200 0.265s url=https://www.myfonts.com/collections/sigera-font-sensatype-studio/
[2026-04-26T08:04:11Z] summary releases=0 first_429=None log_file=state/myfonts_run_20260426_074950.log
[2026-04-26T08:04:11Z] === MyFonts crawl end ===
