[2026-04-06T07:57:30Z] checkpoint fresh next_page=1 path=state/myfonts_crawl_checkpoint.json
[2026-04-06T07:57:30Z] === MyFonts crawl start source=myfonts ===
[2026-04-06T07:57:30Z] config max_pages=25 page_size=100 start_date=2026-04-05 end_date=2026-04-06 api_delay=0.5s detail_delay=0.2s max_debut_checks=400 max_tech_specs_checks=200 reuse_success_profile=False always_enrich_packages=True language_script_signal_mode=strong force_fresh_run=False start_page=1 browser_mode=False browser_headless=True browser_storage_state_path=state/myfonts_storage_state.json
[2026-04-06T07:57:32Z] #1 attempt=1/6 status=200 0.991s url=https://www.myfonts.com/products.json?limit=100&page=1
[2026-04-06T07:57:32Z] #2 attempt=1/2 status=200 0.142s url=https://www.myfonts.com/products/limit-display-variable-concept-complete-family-package-1129418
[2026-04-06T07:57:33Z] #3 attempt=1/2 status=200 0.343s url=https://www.myfonts.com/collections/limit-display-variable-concept-font-bold-guystm/
[2026-04-06T07:57:33Z] #4 attempt=1/2 status=200 0.117s url=https://www.myfonts.com/collections/limit-display-variable-concept-font-bold-guystm/?tab=techSpecs
[2026-04-06T07:57:35Z] #5 attempt=1/2 status=200 0.331s url=https://www.myfonts.com/products/limit-text-variable-concept-complete-family-package-1129414
[2026-04-06T07:57:35Z] #6 attempt=1/2 status=200 0.344s url=https://www.myfonts.com/collections/limit-text-variable-concept-font-bold-guystm/
[2026-04-06T07:57:36Z] #7 attempt=1/2 status=200 0.447s url=https://www.myfonts.com/collections/limit-text-variable-concept-font-bold-guystm/?tab=techSpecs
[2026-04-06T07:57:37Z] #8 attempt=1/2 status=200 0.451s url=https://www.myfonts.com/products/rogue-complete-family-package-1129428
[2026-04-06T07:57:39Z] #9 attempt=1/2 status=200 1.171s url=https://www.myfonts.com/collections/rogue-font-alpercakici/
[2026-04-06T07:57:40Z] #10 attempt=1/2 status=200 0.744s url=https://www.myfonts.com/collections/rogue-font-alpercakici/?tab=techSpecs
[2026-04-06T07:57:41Z] #11 attempt=1/2 status=200 0.289s url=https://www.myfonts.com/products/clarity-aoe-complete-family-package-1129425
[2026-04-06T07:57:42Z] #12 attempt=1/2 status=200 0.382s url=https://www.myfonts.com/collections/clarity-aoe-font-astigmatic/
[2026-04-06T07:57:42Z] #13 attempt=1/2 status=200 0.394s url=https://www.myfonts.com/collections/clarity-aoe-font-astigmatic/?tab=techSpecs
[2026-04-06T07:57:44Z] #14 attempt=1/2 status=200 0.363s url=https://www.myfonts.com/products/bold-red-pigtails-aoe-1129424
[2026-04-06T07:57:44Z] #15 attempt=1/2 status=200 0.330s url=https://www.myfonts.com/collections/red-pigtails-aoe-font-astigmatic/
[2026-04-06T07:57:45Z] #16 attempt=1/2 status=200 0.321s url=https://www.myfonts.com/collections/red-pigtails-aoe-font-astigmatic/?tab=techSpecs
[2026-04-06T07:57:46Z] #17 attempt=1/2 status=200 0.316s url=https://www.myfonts.com/products/limit-display-xcompressed-package-1114326
[2026-04-06T07:57:47Z] #18 attempt=1/2 status=200 0.543s url=https://www.myfonts.com/collections/limit-display-font-bold-guystm/
[2026-04-06T07:57:48Z] #19 attempt=1/2 status=200 0.395s url=https://www.myfonts.com/collections/limit-display-font-bold-guystm/?tab=techSpecs
[2026-04-06T07:57:49Z] #20 attempt=1/2 status=200 0.315s url=https://www.myfonts.com/products/limit-text-condensed-package-1114233
[2026-04-06T07:57:49Z] #21 attempt=1/2 status=200 0.370s url=https://www.myfonts.com/collections/limit-text-font-bold-guystm/
[2026-04-06T07:57:50Z] #22 attempt=1/2 status=200 0.329s url=https://www.myfonts.com/collections/limit-text-font-bold-guystm/?tab=techSpecs
[2026-04-06T07:57:52Z] #23 attempt=1/2 status=200 0.481s url=https://www.myfonts.com/products/beround-pro-complete-family-package-1129375
[2026-04-06T07:57:52Z] #24 attempt=1/2 status=200 0.338s url=https://www.myfonts.com/collections/beround-pro-font-nicolass-fonts/
[2026-04-06T07:57:53Z] #25 attempt=1/2 status=200 0.136s url=https://www.myfonts.com/collections/beround-pro-font-nicolass-fonts/?tab=techSpecs
[2026-04-06T07:57:54Z] #26 attempt=1/2 status=200 0.398s url=https://www.myfonts.com/products/onry-display-complete-family-package-1129392
[2026-04-06T07:57:54Z] #27 attempt=1/2 status=200 0.258s url=https://www.myfonts.com/collections/onry-display-font-nicolass-fonts/
[2026-04-06T07:57:55Z] #28 attempt=1/2 status=200 0.288s url=https://www.myfonts.com/collections/onry-display-font-nicolass-fonts/?tab=techSpecs
[2026-04-06T07:57:58Z] #29 attempt=1/2 status=200 0.900s url=https://www.myfonts.com/products/nostalgia-font-sale-package-937437
[2026-04-06T07:57:59Z] #30 attempt=1/2 status=404 0.206s url=https://www.myfonts.com/collections/nostalgia-font-sale-font-adita-fonts
[2026-04-06T07:58:00Z] #31 attempt=1/2 status=200 0.920s url=https://www.myfonts.com/products/premium-classic-collection-package-1047393
[2026-04-06T07:58:00Z] #32 attempt=1/2 status=404 0.182s url=https://www.myfonts.com/collections/premium-classic-collection-font-adita-fonts
[2026-04-06T07:58:01Z] #33 attempt=1/2 status=200 0.487s url=https://www.myfonts.com/products/blooming-greenery-package-998415
[2026-04-06T07:58:01Z] #34 attempt=1/2 status=200 0.432s url=https://www.myfonts.com/collections/blooming-greenery-font-adita-fonts
[2026-04-06T07:58:02Z] #35 attempt=1/2 status=200 0.135s url=https://www.myfonts.com/collections/blooming-greenery-font-adita-fonts?tab=techSpecs
[2026-04-06T07:58:04Z] #36 attempt=1/2 status=200 0.823s url=https://www.myfonts.com/products/infinity-font-bundle-package-1000884
[2026-04-06T07:58:04Z] #37 attempt=1/2 status=404 0.159s url=https://www.myfonts.com/collections/infinity-font-bundle-font-adita-fonts
[2026-04-06T07:58:06Z] #38 attempt=1/2 status=200 1.053s url=https://www.myfonts.com/products/summer-sale-package-922402
[2026-04-06T07:58:06Z] #39 attempt=1/2 status=404 0.183s url=https://www.myfonts.com/collections/summer-sale-font-adita-fonts
[2026-04-06T07:58:07Z] #40 attempt=1/2 status=200 0.904s url=https://www.myfonts.com/products/summer-font-bundle-package-931119
[2026-04-06T07:58:08Z] #41 attempt=1/2 status=404 0.162s url=https://www.myfonts.com/collections/summer-font-bundle-font-adita-fonts
[2026-04-06T07:58:08Z] #42 attempt=1/2 status=200 0.628s url=https://www.myfonts.com/products/minimalist-package-999558
[2026-04-06T07:58:09Z] #43 attempt=1/2 status=404 0.188s url=https://www.myfonts.com/collections/minimalist-font-adita-fonts
[2026-04-06T07:58:09Z] #44 attempt=1/2 status=200 0.374s url=https://www.myfonts.com/products/minimalist-font-bundle-package-999430
[2026-04-06T07:58:10Z] #45 attempt=1/2 status=404 0.145s url=https://www.myfonts.com/collections/minimalist-font-bundle-font-adita-fonts
[2026-04-06T07:58:10Z] #46 attempt=1/2 status=200 0.309s url=https://www.myfonts.com/products/sadetta-complete-family-package-1129327
[2026-04-06T07:58:11Z] #47 attempt=1/2 status=200 0.277s url=https://www.myfonts.com/collections/sadetta-font-mika-melvas/
[2026-04-06T07:58:11Z] #48 attempt=1/2 status=200 0.323s url=https://www.myfonts.com/collections/sadetta-font-mika-melvas/?tab=techSpecs
[2026-04-06T07:58:13Z] #49 attempt=1/2 status=200 0.509s url=https://www.myfonts.com/products/gc-neue-rumble-complete-family-package-1129286
[2026-04-06T07:58:14Z] #50 attempt=1/2 status=200 0.361s url=https://www.myfonts.com/collections/gc-neue-rumble-font-onyx-studio/
[2026-04-06T07:58:14Z] #51 attempt=1/2 status=200 0.129s url=https://www.myfonts.com/collections/gc-neue-rumble-font-onyx-studio/?tab=techSpecs
[2026-04-06T07:58:15Z] #52 attempt=1/2 status=200 0.312s url=https://www.myfonts.com/products/business-didone-display-package-1129284
[2026-04-06T07:58:16Z] #53 attempt=1/2 status=200 0.468s url=https://www.myfonts.com/collections/business-didone-font-pizzatypefaces/
[2026-04-06T07:58:17Z] #54 attempt=1/2 status=200 0.463s url=https://www.myfonts.com/collections/business-didone-font-pizzatypefaces/?tab=techSpecs
[2026-04-06T07:58:19Z] #55 attempt=1/6 status=200 0.520s url=https://www.myfonts.com/products.json?limit=100&page=2
[2026-04-06T07:58:19Z] #56 attempt=1/2 status=200 0.357s url=https://www.myfonts.com/products/neglia-complete-family-package-1129320
[2026-04-06T07:58:20Z] #57 attempt=1/2 status=200 0.271s url=https://www.myfonts.com/collections/neglia-font-enfeeltype/
[2026-04-06T07:58:20Z] #58 attempt=1/2 status=200 0.386s url=https://www.myfonts.com/collections/neglia-font-enfeeltype/?tab=techSpecs
[2026-04-06T07:58:21Z] #59 attempt=1/2 status=200 0.327s url=https://www.myfonts.com/products/regular-inkmora-1120278
[2026-04-06T07:58:22Z] #60 attempt=1/2 status=200 0.332s url=https://www.myfonts.com/collections/inkmora-font-oxt-type-house/
[2026-04-06T07:58:23Z] #61 attempt=1/2 status=200 0.426s url=https://www.myfonts.com/collections/inkmora-font-oxt-type-house/?tab=techSpecs
[2026-04-06T07:58:23Z] #62 attempt=1/2 status=200 0.250s url=https://www.myfonts.com/products/regular-orvantra-1120279
[2026-04-06T07:58:24Z] #63 attempt=1/2 status=200 0.233s url=https://www.myfonts.com/collections/orvantra-font-oxt-type-house/
[2026-04-06T07:58:25Z] #64 attempt=1/2 status=200 0.367s url=https://www.myfonts.com/collections/orvantra-font-oxt-type-house/?tab=techSpecs
[2026-04-06T07:58:26Z] #65 attempt=1/2 status=200 0.861s url=https://www.myfonts.com/products/golden-tales-serif-collection-package-1129250
[2026-04-06T07:58:26Z] #66 attempt=1/2 status=404 0.147s url=https://www.myfonts.com/collections/golden-tales-serif-collection-font-vp-creative-shop
[2026-04-06T07:58:27Z] #67 attempt=1/2 status=200 0.284s url=https://www.myfonts.com/products/starby-complete-family-package-1128962
[2026-04-06T07:58:28Z] #68 attempt=1/2 status=200 0.414s url=https://www.myfonts.com/collections/starby-font-ahweproject/
[2026-04-06T07:58:28Z] #69 attempt=1/2 status=200 0.330s url=https://www.myfonts.com/collections/starby-font-ahweproject/?tab=techSpecs
[2026-04-06T07:58:30Z] #70 attempt=1/2 status=200 0.772s url=https://www.myfonts.com/products/italic-package-1128949
[2026-04-06T07:58:32Z] #71 attempt=1/2 status=200 1.625s url=https://www.myfonts.com/collections/amnesist-font-skinny-type/
[2026-04-06T07:58:33Z] #72 attempt=1/2 status=200 1.148s url=https://www.myfonts.com/collections/amnesist-font-skinny-type/?tab=techSpecs
[2026-04-06T07:58:35Z] #73 attempt=1/2 status=200 0.393s url=https://www.myfonts.com/products/frosting-sans-complete-family-package-1128956
[2026-04-06T07:58:35Z] #74 attempt=1/2 status=200 0.391s url=https://www.myfonts.com/collections/frosting-sans-font-jonathanball/
[2026-04-06T07:58:36Z] #75 attempt=1/2 status=200 0.459s url=https://www.myfonts.com/collections/frosting-sans-font-jonathanball/?tab=techSpecs
[2026-04-06T07:58:37Z] #76 attempt=1/2 status=200 0.331s url=https://www.myfonts.com/products/fox-vincent-complete-family-package-1128816
[2026-04-06T07:58:38Z] #77 attempt=1/2 status=200 0.325s url=https://www.myfonts.com/collections/fox-vincent-outline-font-fox7/
[2026-04-06T07:58:39Z] #78 attempt=1/2 status=200 0.315s url=https://www.myfonts.com/collections/fox-vincent-outline-font-fox7/?tab=techSpecs
[2026-04-06T07:58:40Z] #79 attempt=1/2 status=200 0.325s url=https://www.myfonts.com/products/ordine-complete-family-package-1128821
[2026-04-06T07:58:40Z] #80 attempt=1/2 status=200 0.451s url=https://www.myfonts.com/collections/ordine-font-resistenza/
[2026-04-06T07:58:41Z] #81 attempt=1/2 status=200 0.533s url=https://www.myfonts.com/collections/ordine-font-resistenza/?tab=techSpecs
[2026-04-06T07:58:43Z] #82 attempt=1/2 status=200 0.387s url=https://www.myfonts.com/products/frosting-script-complete-family-package-1128950
[2026-04-06T07:58:44Z] #83 attempt=1/2 status=200 0.420s url=https://www.myfonts.com/collections/frosting-script-font-jonathanball/
[2026-04-06T07:58:45Z] #84 attempt=1/2 status=200 0.377s url=https://www.myfonts.com/collections/frosting-script-font-jonathanball/?tab=techSpecs
[2026-04-06T07:58:46Z] #85 attempt=1/2 status=200 0.306s url=https://www.myfonts.com/products/hematite-complete-family-package-1129124
[2026-04-06T07:58:47Z] #86 attempt=1/2 status=200 0.359s url=https://www.myfonts.com/collections/hematite-font-alpercakici/
[2026-04-06T07:58:48Z] #87 attempt=1/2 status=200 0.463s url=https://www.myfonts.com/collections/hematite-font-alpercakici/?tab=techSpecs
[2026-04-06T07:58:49Z] #88 attempt=1/2 status=200 0.283s url=https://www.myfonts.com/products/sltf-arcilla-complete-family-package-1128965
[2026-04-06T07:58:49Z] #89 attempt=1/2 status=200 0.312s url=https://www.myfonts.com/collections/sltf-arcilla-font-silver-stag/
[2026-04-06T07:58:50Z] #90 attempt=1/2 status=200 0.267s url=https://www.myfonts.com/collections/sltf-arcilla-font-silver-stag/?tab=techSpecs
[2026-04-06T07:58:52Z] #91 attempt=1/6 status=200 0.778s url=https://www.myfonts.com/products.json?limit=100&page=3
[2026-04-06T07:58:53Z] #92 attempt=1/2 status=200 0.822s url=https://www.myfonts.com/products/garage-legends-font-bundle-package-1129248
[2026-04-06T07:58:53Z] #93 attempt=1/2 status=404 0.151s url=https://www.myfonts.com/collections/garage-legends-font-bundle-font-edignwn-type
[2026-04-06T07:58:54Z] #94 attempt=1/2 status=200 0.374s url=https://www.myfonts.com/products/finalist-round-slab-complete-family-package-1122415
[2026-04-06T07:58:55Z] #95 attempt=1/2 status=200 0.528s url=https://www.myfonts.com/collections/finalist-round-slab-font-bulent-yuksel/
[2026-04-06T07:58:56Z] #96 attempt=1/2 status=200 0.497s url=https://www.myfonts.com/collections/finalist-round-slab-font-bulent-yuksel/?tab=techSpecs
[2026-04-06T07:58:57Z] #97 attempt=1/2 status=200 0.415s url=https://www.myfonts.com/products/aboro-complete-family-package-1128252
[2026-04-06T07:58:59Z] #98 attempt=1/2 status=200 1.637s url=https://www.myfonts.com/collections/aboro-font-artiveko/
[2026-04-06T07:58:59Z] #99 attempt=1/2 status=200 0.182s url=https://www.myfonts.com/collections/aboro-font-artiveko/?tab=techSpecs
[2026-04-06T07:59:01Z] #100 attempt=1/2 status=200 0.713s url=https://www.myfonts.com/products/pufilo-tropic-complete-family-package-1128043
[2026-04-06T07:59:01Z] #101 attempt=1/2 status=200 0.318s url=https://www.myfonts.com/collections/pufilo-tropic-font-tini-fitriani/
[2026-04-06T07:59:02Z] #102 attempt=1/2 status=200 0.280s url=https://www.myfonts.com/collections/pufilo-tropic-font-tini-fitriani/?tab=techSpecs
[2026-04-06T07:59:03Z] #103 attempt=1/2 status=200 0.414s url=https://www.myfonts.com/products/narrowtone-complete-family-package-1128021
[2026-04-06T07:59:04Z] #104 attempt=1/2 status=200 0.612s url=https://www.myfonts.com/collections/narrowtone-font-typoraith-co/
[2026-04-06T07:59:05Z] #105 attempt=1/2 status=200 0.617s url=https://www.myfonts.com/collections/narrowtone-font-typoraith-co/?tab=techSpecs
[2026-04-06T07:59:06Z] #106 attempt=1/2 status=200 0.405s url=https://www.myfonts.com/products/lonely-street-complete-family-package-1128198
[2026-04-06T07:59:07Z] #107 attempt=1/2 status=200 0.449s url=https://www.myfonts.com/collections/lonely-street-font-pizzadudedk/
[2026-04-06T07:59:08Z] #108 attempt=1/2 status=200 0.363s url=https://www.myfonts.com/collections/lonely-street-font-pizzadudedk/?tab=techSpecs
[2026-04-06T07:59:09Z] #109 attempt=1/2 status=200 0.372s url=https://www.myfonts.com/products/foermality-serif-variable-complete-family-package-1128263
[2026-04-06T07:59:10Z] #110 attempt=1/2 status=200 0.363s url=https://www.myfonts.com/collections/foermality-serif-variable-font-laroyba-type/
[2026-04-06T07:59:10Z] #111 attempt=1/2 status=200 0.153s url=https://www.myfonts.com/collections/foermality-serif-variable-font-laroyba-type/?tab=techSpecs
[2026-04-06T07:59:11Z] #112 attempt=1/2 status=200 0.366s url=https://www.myfonts.com/products/desqire-complete-family-package-1128203
[2026-04-06T07:59:12Z] #113 attempt=1/2 status=200 0.304s url=https://www.myfonts.com/collections/desqire-font-nexaline-type/
[2026-04-06T07:59:12Z] #114 attempt=1/2 status=200 0.128s url=https://www.myfonts.com/collections/desqire-font-nexaline-type/?tab=techSpecs
[2026-04-06T07:59:13Z] #115 attempt=1/2 status=200 0.358s url=https://www.myfonts.com/products/buttery-delight-complete-family-package-1128209
[2026-04-06T07:59:14Z] #116 attempt=1/2 status=200 0.297s url=https://www.myfonts.com/collections/buttery-delight-font-stylishtype-studio/
[2026-04-06T07:59:15Z] #117 attempt=1/2 status=200 0.360s url=https://www.myfonts.com/collections/buttery-delight-font-stylishtype-studio/?tab=techSpecs
[2026-04-06T07:59:16Z] #118 attempt=1/2 status=200 0.362s url=https://www.myfonts.com/products/fleur-porta-complete-family-package-1128093
[2026-04-06T07:59:16Z] #119 attempt=1/2 status=200 0.369s url=https://www.myfonts.com/collections/fleur-porta-font-jolicia-type/
[2026-04-06T07:59:17Z] #120 attempt=1/2 status=200 0.410s url=https://www.myfonts.com/collections/fleur-porta-font-jolicia-type/?tab=techSpecs
[2026-04-06T07:59:18Z] #121 attempt=1/2 status=200 0.425s url=https://www.myfonts.com/products/watsadu-complete-family-package-1128050
[2026-04-06T07:59:19Z] #122 attempt=1/2 status=200 0.676s url=https://www.myfonts.com/collections/watsadu-font-jipatype/
[2026-04-06T07:59:20Z] #123 attempt=1/2 status=200 0.528s url=https://www.myfonts.com/collections/watsadu-font-jipatype/?tab=techSpecs
[2026-04-06T07:59:21Z] #124 attempt=1/2 status=200 0.349s url=https://www.myfonts.com/products/bunko-complete-family-package-1128017
[2026-04-06T07:59:22Z] #125 attempt=1/2 status=200 0.427s url=https://www.myfonts.com/collections/bunko-font-snapedsgn/
[2026-04-06T07:59:22Z] #126 attempt=1/2 status=200 0.120s url=https://www.myfonts.com/collections/bunko-font-snapedsgn/?tab=techSpecs
[2026-04-06T07:59:24Z] #127 attempt=1/2 status=200 0.381s url=https://www.myfonts.com/products/petar04-complete-family-package-1128246
[2026-04-06T07:59:24Z] #128 attempt=1/2 status=200 0.494s url=https://www.myfonts.com/collections/petar04-font-borutta/
[2026-04-06T07:59:25Z] #129 attempt=1/2 status=200 0.355s url=https://www.myfonts.com/collections/petar04-font-borutta/?tab=techSpecs
[2026-04-06T07:59:26Z] #130 attempt=1/2 status=200 0.407s url=https://www.myfonts.com/products/povin-m-package-1128229
[2026-04-06T07:59:27Z] #131 attempt=1/2 status=200 0.510s url=https://www.myfonts.com/collections/povin-font-vlad-b/
[2026-04-06T07:59:28Z] #132 attempt=1/2 status=200 0.429s url=https://www.myfonts.com/collections/povin-font-vlad-b/?tab=techSpecs
[2026-04-06T07:59:29Z] #133 attempt=1/2 status=200 0.372s url=https://www.myfonts.com/products/regani-complete-family-package-1128165
[2026-04-06T07:59:29Z] #134 attempt=1/2 status=200 0.334s url=https://www.myfonts.com/collections/regani-font-nexaline-type/
[2026-04-06T07:59:30Z] #135 attempt=1/2 status=200 0.482s url=https://www.myfonts.com/collections/regani-font-nexaline-type/?tab=techSpecs
[2026-04-06T07:59:32Z] #136 attempt=1/2 status=200 0.846s url=https://www.myfonts.com/products/nawal-complete-family-package-1128391
[2026-04-06T07:59:34Z] #137 attempt=1/2 status=200 1.910s url=https://www.myfonts.com/collections/nawal-font-alpercakici/
[2026-04-06T07:59:35Z] #138 attempt=1/2 status=200 0.185s url=https://www.myfonts.com/collections/nawal-font-alpercakici/?tab=techSpecs
[2026-04-06T07:59:37Z] #139 attempt=1/2 status=200 0.351s url=https://www.myfonts.com/products/shaprone-complete-family-package-1128258
[2026-04-06T07:59:37Z] #140 attempt=1/2 status=200 0.316s url=https://www.myfonts.com/collections/shaprone-font-burntilldead/
[2026-04-06T07:59:38Z] #141 attempt=1/2 status=200 0.131s url=https://www.myfonts.com/collections/shaprone-font-burntilldead/?tab=techSpecs
[2026-04-06T07:59:39Z] #142 attempt=1/2 status=200 0.429s url=https://www.myfonts.com/products/rcl-arviel-complete-family-package-1128282
[2026-04-06T07:59:40Z] #143 attempt=1/2 status=200 0.493s url=https://www.myfonts.com/collections/rcl-arviel-font-jafar07/
[2026-04-06T07:59:41Z] #144 attempt=1/2 status=200 0.810s url=https://www.myfonts.com/collections/rcl-arviel-font-jafar07/?tab=techSpecs
[2026-04-06T07:59:42Z] #145 attempt=1/2 status=200 0.444s url=https://www.myfonts.com/products/ginovra-complete-family-package-1128070
[2026-04-06T07:59:43Z] #146 attempt=1/2 status=200 0.597s url=https://www.myfonts.com/collections/ginovra-font-ghozai-studio/
[2026-04-06T07:59:43Z] #147 attempt=1/2 status=200 0.175s url=https://www.myfonts.com/collections/ginovra-font-ghozai-studio/?tab=techSpecs
[2026-04-06T07:59:45Z] #148 attempt=1/2 status=200 0.333s url=https://www.myfonts.com/products/vasprix-complete-family-package-1128241
[2026-04-06T07:59:45Z] #149 attempt=1/2 status=200 0.367s url=https://www.myfonts.com/collections/vasprix-font-enfeeltype/
[2026-04-06T07:59:46Z] #150 attempt=1/2 status=200 0.185s url=https://www.myfonts.com/collections/vasprix-font-enfeeltype/?tab=techSpecs
[2026-04-06T07:59:47Z] #151 attempt=1/2 status=200 0.341s url=https://www.myfonts.com/products/lochta-decorative-complete-family-package-1128046
[2026-04-06T07:59:47Z] #152 attempt=1/2 status=200 0.183s url=https://www.myfonts.com/collections/lochta-decorative-font-denustudio/
[2026-04-06T07:59:48Z] #153 attempt=1/2 status=200 0.461s url=https://www.myfonts.com/collections/lochta-decorative-font-denustudio/?tab=techSpecs
[2026-04-06T07:59:49Z] #154 attempt=1/2 status=200 0.378s url=https://www.myfonts.com/products/locked-whisper-complete-family-package-1128087
[2026-04-06T07:59:50Z] #155 attempt=1/2 status=200 0.451s url=https://www.myfonts.com/collections/locked-whisper-font-letterhend/
[2026-04-06T07:59:51Z] #156 attempt=1/2 status=200 0.456s url=https://www.myfonts.com/collections/locked-whisper-font-letterhend/?tab=techSpecs
[2026-04-06T07:59:53Z] #157 attempt=1/2 status=200 0.304s url=https://www.myfonts.com/products/megiar-complete-family-package-1125660
[2026-04-06T07:59:53Z] #158 attempt=1/2 status=200 0.611s url=https://www.myfonts.com/collections/megiar-font-letterena-studios/
[2026-04-06T07:59:54Z] #159 attempt=1/2 status=200 0.343s url=https://www.myfonts.com/collections/megiar-font-letterena-studios/?tab=techSpecs
[2026-04-06T07:59:56Z] #160 attempt=1/2 status=200 0.842s url=https://www.myfonts.com/products/quinget-variable-complete-family-package-1128092
[2026-04-06T07:59:58Z] #161 attempt=1/2 status=200 1.601s url=https://www.myfonts.com/collections/quinget-variable-font-aqeela-studio/
[2026-04-06T08:00:00Z] #162 attempt=1/2 status=200 1.036s url=https://www.myfonts.com/collections/quinget-variable-font-aqeela-studio/?tab=techSpecs
[2026-04-06T08:00:01Z] #163 attempt=1/2 status=200 0.620s url=https://www.myfonts.com/products/it-xytrion-complete-family-package-1125657
[2026-04-06T08:00:02Z] #164 attempt=1/2 status=200 0.500s url=https://www.myfonts.com/collections/it-xytrion-font-creatifont-studio/
[2026-04-06T08:00:02Z] #165 attempt=1/2 status=200 0.146s url=https://www.myfonts.com/collections/it-xytrion-font-creatifont-studio/?tab=techSpecs
[2026-04-06T08:00:04Z] #166 attempt=1/2 status=200 0.358s url=https://www.myfonts.com/products/gc-magnu-complete-family-package-1128274
[2026-04-06T08:00:04Z] #167 attempt=1/2 status=200 0.392s url=https://www.myfonts.com/collections/gc-magnu-font-onyx-studio/
[2026-04-06T08:00:05Z] #168 attempt=1/2 status=200 0.158s url=https://www.myfonts.com/collections/gc-magnu-font-onyx-studio/?tab=techSpecs
[2026-04-06T08:00:06Z] #169 attempt=1/2 status=200 0.302s url=https://www.myfonts.com/products/lotrance-complete-family-package-1128255
[2026-04-06T08:00:07Z] #170 attempt=1/2 status=200 0.371s url=https://www.myfonts.com/collections/lotrance-font-burntilldead/
[2026-04-06T08:00:07Z] #171 attempt=1/2 status=200 0.334s url=https://www.myfonts.com/collections/lotrance-font-burntilldead/?tab=techSpecs
[2026-04-06T08:00:09Z] #172 attempt=1/2 status=200 0.327s url=https://www.myfonts.com/products/fox-josie-complete-family-package-1128213
[2026-04-06T08:00:10Z] #173 attempt=1/2 status=200 0.445s url=https://www.myfonts.com/collections/fox-josie-font-fox7/
[2026-04-06T08:00:10Z] #174 attempt=1/2 status=200 0.143s url=https://www.myfonts.com/collections/fox-josie-font-fox7/?tab=techSpecs
[2026-04-06T08:00:11Z] #175 attempt=1/2 status=200 0.366s url=https://www.myfonts.com/products/jengah-complete-family-package-1128040
[2026-04-06T08:00:12Z] #176 attempt=1/2 status=200 0.337s url=https://www.myfonts.com/collections/jengah-font-tini-fitriani/
[2026-04-06T08:00:12Z] #177 attempt=1/2 status=200 0.416s url=https://www.myfonts.com/collections/jengah-font-tini-fitriani/?tab=techSpecs
[2026-04-06T08:00:14Z] #178 attempt=1/2 status=200 0.380s url=https://www.myfonts.com/products/mattel-complete-family-package-1128266
[2026-04-06T08:00:14Z] #179 attempt=1/2 status=200 0.418s url=https://www.myfonts.com/collections/mattel-font-hrdr/
[2026-04-06T08:00:15Z] #180 attempt=1/2 status=200 0.446s url=https://www.myfonts.com/collections/mattel-font-hrdr/?tab=techSpecs
[2026-04-06T08:00:16Z] #181 attempt=1/2 status=200 0.381s url=https://www.myfonts.com/products/imax-light-complete-family-package-1128190
[2026-04-06T08:00:17Z] #182 attempt=1/2 status=200 0.389s url=https://www.myfonts.com/collections/imax-light-font-hrdr/
[2026-04-06T08:00:18Z] #183 attempt=1/2 status=200 0.374s url=https://www.myfonts.com/collections/imax-light-font-hrdr/?tab=techSpecs
[2026-04-06T08:00:19Z] #184 attempt=1/2 status=200 0.442s url=https://www.myfonts.com/products/musty-relax-complete-family-package-1128217
[2026-04-06T08:00:19Z] #185 attempt=1/2 status=200 0.313s url=https://www.myfonts.com/collections/musty-relax-font-timelesstype-studio/
[2026-04-06T08:00:20Z] #186 attempt=1/2 status=200 0.358s url=https://www.myfonts.com/collections/musty-relax-font-timelesstype-studio/?tab=techSpecs
[2026-04-06T08:00:21Z] #187 attempt=1/2 status=200 0.336s url=https://www.myfonts.com/products/it-zorak-complete-family-package-1128237
[2026-04-06T08:00:22Z] #188 attempt=1/2 status=200 0.357s url=https://www.myfonts.com/collections/it-zorak-font-creatifont-studio/
[2026-04-06T08:00:22Z] #189 attempt=1/2 status=200 0.149s url=https://www.myfonts.com/collections/it-zorak-font-creatifont-studio/?tab=techSpecs
[2026-04-06T08:00:23Z] #190 attempt=1/2 status=200 0.295s url=https://www.myfonts.com/products/regular-andella-1125663
[2026-04-06T08:00:24Z] #191 attempt=1/2 status=200 0.315s url=https://www.myfonts.com/collections/andella-font-masinong-studio/
[2026-04-06T08:00:24Z] #192 attempt=1/2 status=200 0.346s url=https://www.myfonts.com/collections/andella-font-masinong-studio/?tab=techSpecs
[2026-04-06T08:00:26Z] #193 attempt=1/6 status=200 0.787s url=https://www.myfonts.com/products.json?limit=100&page=4
[2026-04-06T08:00:27Z] #194 attempt=1/2 status=200 0.710s url=https://www.myfonts.com/products/54-medium-italic-bosphorus-1124735
[2026-04-06T08:00:28Z] #195 attempt=1/2 status=200 1.004s url=https://www.myfonts.com/collections/bosphorus-font-bulent-yuksel/
[2026-04-06T08:00:30Z] #196 attempt=1/2 status=200 1.032s url=https://www.myfonts.com/collections/bosphorus-font-bulent-yuksel/?tab=techSpecs
[2026-04-06T08:00:31Z] #197 attempt=1/2 status=200 0.355s url=https://www.myfonts.com/products/regular-alienasi-o-1128197
[2026-04-06T08:00:32Z] #198 attempt=1/2 status=200 0.564s url=https://www.myfonts.com/collections/alienasi-o-font-o-type-foundry/
[2026-04-06T08:00:32Z] #199 attempt=1/2 status=200 0.134s url=https://www.myfonts.com/collections/alienasi-o-font-o-type-foundry/?tab=techSpecs
[2026-04-06T08:00:33Z] #200 attempt=1/2 status=200 0.420s url=https://www.myfonts.com/products/regular-rigter-1128283
[2026-04-06T08:00:34Z] #201 attempt=1/2 status=200 0.339s url=https://www.myfonts.com/collections/rigter-font-hrdr/
[2026-04-06T08:00:34Z] #202 attempt=1/2 status=200 0.304s url=https://www.myfonts.com/collections/rigter-font-hrdr/?tab=techSpecs
[2026-04-06T08:00:35Z] #203 attempt=1/2 status=200 0.298s url=https://www.myfonts.com/products/regular-metroforge-1127918
[2026-04-06T08:00:36Z] #204 attempt=1/2 status=200 0.286s url=https://www.myfonts.com/collections/metroforge-font-zyphoria/
[2026-04-06T08:00:36Z] #205 attempt=1/2 status=200 0.126s url=https://www.myfonts.com/collections/metroforge-font-zyphoria/?tab=techSpecs
[2026-04-06T08:00:37Z] #206 attempt=1/2 status=200 0.316s url=https://www.myfonts.com/products/regular-brythor-1125664
[2026-04-06T08:00:38Z] #207 attempt=1/2 status=200 0.248s url=https://www.myfonts.com/collections/brythor-font-denustudio/
[2026-04-06T08:00:38Z] #208 attempt=1/2 status=200 0.279s url=https://www.myfonts.com/collections/brythor-font-denustudio/?tab=techSpecs
[2026-04-06T08:00:39Z] #209 attempt=1/2 status=200 0.321s url=https://www.myfonts.com/products/regular-bullvone-1128231
[2026-04-06T08:00:40Z] #210 attempt=1/2 status=200 0.449s url=https://www.myfonts.com/collections/bullvone-font-zealab-fonts-division/
[2026-04-06T08:00:40Z] #211 attempt=1/2 status=200 0.220s url=https://www.myfonts.com/collections/bullvone-font-zealab-fonts-division/?tab=techSpecs
[2026-04-06T08:00:41Z] #212 attempt=1/2 status=200 0.302s url=https://www.myfonts.com/products/regular-qeland-saigh-1128235
[2026-04-06T08:00:41Z] #213 attempt=1/2 status=200 0.338s url=https://www.myfonts.com/collections/qeland-saigh-font-trabas-kriya/
[2026-04-06T08:00:42Z] #214 attempt=1/2 status=200 0.299s url=https://www.myfonts.com/collections/qeland-saigh-font-trabas-kriya/?tab=techSpecs
[2026-04-06T08:00:43Z] #215 attempt=1/2 status=200 0.607s url=https://www.myfonts.com/products/italic-s1-bold-italian-vp-1127774
[2026-04-06T08:00:44Z] #216 attempt=1/2 status=200 0.894s url=https://www.myfonts.com/collections/italian-vp-font-vp-creative-shop/
[2026-04-06T08:00:45Z] #217 attempt=1/2 status=200 0.162s url=https://www.myfonts.com/collections/italian-vp-font-vp-creative-shop/?tab=techSpecs
[2026-04-06T08:00:46Z] #218 attempt=1/2 status=200 0.305s url=https://www.myfonts.com/products/bold-sancremo-1128196
[2026-04-06T08:00:47Z] #219 attempt=1/2 status=200 0.297s url=https://www.myfonts.com/collections/sancremo-font-milan-pleva/
[2026-04-06T08:00:48Z] #220 attempt=1/2 status=200 0.644s url=https://www.myfonts.com/collections/sancremo-font-milan-pleva/?tab=techSpecs
[2026-04-06T08:00:49Z] #221 attempt=1/6 status=200 0.595s url=https://www.myfonts.com/products.json?limit=100&page=5
[2026-04-06T08:00:50Z] #222 attempt=1/2 status=200 0.313s url=https://www.myfonts.com/products/regular-te-hafs-pro-tharwat-emara-1127852
[2026-04-06T08:00:50Z] #223 attempt=1/2 status=200 0.243s url=https://www.myfonts.com/collections/te-hafs-pro-tharwat-emara-font-tharwat-emara/
[2026-04-06T08:00:50Z] #224 attempt=1/2 status=200 0.242s url=https://www.myfonts.com/collections/te-hafs-pro-tharwat-emara-font-tharwat-emara/?tab=techSpecs
[2026-04-06T08:00:51Z] #225 attempt=1/2 status=200 0.303s url=https://www.myfonts.com/products/regular-langkawi-1128261
[2026-04-06T08:00:52Z] #226 attempt=1/2 status=200 0.248s url=https://www.myfonts.com/collections/langkawi-font-mevstory-studio/
[2026-04-06T08:00:53Z] #227 attempt=1/2 status=200 0.309s url=https://www.myfonts.com/collections/langkawi-font-mevstory-studio/?tab=techSpecs
[2026-04-06T08:00:53Z] #228 attempt=1/2 status=200 0.300s url=https://www.myfonts.com/products/regular-pasttany-1128236
[2026-04-06T08:00:54Z] #229 attempt=1/2 status=200 0.274s url=https://www.myfonts.com/collections/pasttany-font-khoir/
[2026-04-06T08:00:55Z] #230 attempt=1/2 status=200 0.417s url=https://www.myfonts.com/collections/pasttany-font-khoir/?tab=techSpecs
[2026-04-06T08:00:55Z] #231 attempt=1/2 status=200 0.316s url=https://www.myfonts.com/products/regular-gorynych-1128208
[2026-04-06T08:00:56Z] #232 attempt=1/2 status=200 0.361s url=https://www.myfonts.com/collections/gorynych-font-sarcastic-raven-workshop/
[2026-04-06T08:00:56Z] #233 attempt=1/2 status=200 0.176s url=https://www.myfonts.com/collections/gorynych-font-sarcastic-raven-workshop/?tab=techSpecs
[2026-04-06T08:00:57Z] #234 attempt=1/2 status=200 0.272s url=https://www.myfonts.com/products/qumblr-capuca-regular-mc-qumblr-capuca-1128232
[2026-04-06T08:00:58Z] #235 attempt=1/2 status=200 0.432s url=https://www.myfonts.com/collections/mc-qumblr-capuca-font-maulana-creative/
[2026-04-06T08:00:58Z] #236 attempt=1/2 status=200 0.142s url=https://www.myfonts.com/collections/mc-qumblr-capuca-font-maulana-creative/?tab=techSpecs
[2026-04-06T08:01:00Z] #237 attempt=1/6 status=200 0.972s url=https://www.myfonts.com/products.json?limit=100&page=6
[2026-04-06T08:01:01Z] #238 attempt=1/2 status=200 0.446s url=https://www.myfonts.com/products/regular-morbithrone-1128262
[2026-04-06T08:01:02Z] #239 attempt=1/2 status=200 0.463s url=https://www.myfonts.com/collections/morbithrone-font-mevstory-studio/
[2026-04-06T08:01:02Z] #240 attempt=1/2 status=200 0.567s url=https://www.myfonts.com/collections/morbithrone-font-mevstory-studio/?tab=techSpecs
[2026-04-06T08:01:03Z] #241 attempt=1/2 status=200 0.348s url=https://www.myfonts.com/products/regular-royalist-1128206
[2026-04-06T08:01:04Z] #242 attempt=1/2 status=200 0.378s url=https://www.myfonts.com/collections/royalist-font-sensatype-studio/
[2026-04-06T08:01:04Z] #243 attempt=1/2 status=200 0.317s url=https://www.myfonts.com/collections/royalist-font-sensatype-studio/?tab=techSpecs
[2026-04-06T08:01:05Z] #244 attempt=1/2 status=200 0.347s url=https://www.myfonts.com/products/regular-revob-1128212
[2026-04-06T08:01:06Z] #245 attempt=1/2 status=200 0.288s url=https://www.myfonts.com/collections/revob-font-drizy-font/
[2026-04-06T08:01:06Z] #246 attempt=1/2 status=200 0.169s url=https://www.myfonts.com/collections/revob-font-drizy-font/?tab=techSpecs
[2026-04-06T08:01:07Z] #247 attempt=1/2 status=200 0.324s url=https://www.myfonts.com/products/regular-enjoy-easter-1128016
[2026-04-06T08:01:08Z] #248 attempt=1/2 status=200 0.290s url=https://www.myfonts.com/collections/enjoy-easter-font-yoga-letter/
[2026-04-06T08:01:08Z] #249 attempt=1/2 status=200 0.303s url=https://www.myfonts.com/collections/enjoy-easter-font-yoga-letter/?tab=techSpecs
[2026-04-06T08:01:09Z] #250 attempt=1/2 status=200 0.418s url=https://www.myfonts.com/products/regular-savage-1128207
[2026-04-06T08:01:10Z] #251 attempt=1/2 status=200 0.341s url=https://www.myfonts.com/collections/savage-font-sensatype-studio/
[2026-04-06T08:01:10Z] #252 attempt=1/2 status=200 0.432s url=https://www.myfonts.com/collections/savage-font-sensatype-studio/?tab=techSpecs
[2026-04-06T08:01:11Z] #253 attempt=1/2 status=200 0.397s url=https://www.myfonts.com/products/regular-easter-sprinkle-1128240
[2026-04-06T08:01:12Z] #254 attempt=1/2 status=200 0.317s url=https://www.myfonts.com/collections/easter-sprinkle-font-yoga-letter/
[2026-04-06T08:01:12Z] #255 attempt=1/2 status=200 0.122s url=https://www.myfonts.com/collections/easter-sprinkle-font-yoga-letter/?tab=techSpecs
[2026-04-06T08:01:14Z] #256 attempt=1/2 status=200 0.292s url=https://www.myfonts.com/products/regular-satori-brush-1128202
[2026-04-06T08:01:15Z] #257 attempt=1/2 status=200 0.303s url=https://www.myfonts.com/collections/satori-brush-font-illusletra/
[2026-04-06T08:01:15Z] #258 attempt=1/2 status=200 0.247s url=https://www.myfonts.com/collections/satori-brush-font-illusletra/?tab=techSpecs
[2026-04-06T08:01:16Z] #259 attempt=1/2 status=200 0.321s url=https://www.myfonts.com/products/regular-charbit-1128216
[2026-04-06T08:01:16Z] #260 attempt=1/2 status=200 0.320s url=https://www.myfonts.com/collections/charbit-font-drizy-font/
[2026-04-06T08:01:17Z] #261 attempt=1/2 status=200 0.122s url=https://www.myfonts.com/collections/charbit-font-drizy-font/?tab=techSpecs
[2026-04-06T08:01:18Z] #262 attempt=1/2 status=200 0.281s url=https://www.myfonts.com/products/medium-novel-sans-hebrew-xxxcondensed-1120127
[2026-04-06T08:01:18Z] #263 attempt=1/2 status=404 0.156s url=https://www.myfonts.com/collections/medium-novel-sans-hebrew-xxxcondensed-1120127-font-atlas-fonts
[2026-04-06T08:01:19Z] #264 attempt=1/2 status=200 0.285s url=https://www.myfonts.com/products/regular-corva-bold-inside-1128201
[2026-04-06T08:01:19Z] #265 attempt=1/2 status=200 0.345s url=https://www.myfonts.com/collections/corva-bold-inside-font-zeenesia-studio/
[2026-04-06T08:01:20Z] #266 attempt=1/2 status=200 0.370s url=https://www.myfonts.com/collections/corva-bold-inside-font-zeenesia-studio/?tab=techSpecs
[2026-04-06T08:01:23Z] #267 attempt=1/6 status=200 1.217s url=https://www.myfonts.com/products.json?limit=100&page=7
[2026-04-06T08:01:23Z] #268 attempt=1/2 status=200 0.398s url=https://www.myfonts.com/products/regular-gravedigger-1128069
[2026-04-06T08:01:24Z] #269 attempt=1/2 status=200 0.244s url=https://www.myfonts.com/collections/gravedigger-font-price-foundry/
[2026-04-06T08:01:24Z] #270 attempt=1/2 status=200 0.350s url=https://www.myfonts.com/collections/gravedigger-font-price-foundry/?tab=techSpecs
[2026-04-06T08:01:26Z] #271 attempt=1/2 status=200 0.892s url=https://www.myfonts.com/products/15-triangle-line-italic-sympathetic-1123353
[2026-04-06T08:01:27Z] #272 attempt=1/2 status=200 0.753s url=https://www.myfonts.com/collections/sympathetic-font-bulent-yuksel/
[2026-04-06T08:01:27Z] #273 attempt=1/2 status=200 0.157s url=https://www.myfonts.com/collections/sympathetic-font-bulent-yuksel/?tab=techSpecs
[2026-04-06T08:01:29Z] #274 attempt=1/2 status=200 0.289s url=https://www.myfonts.com/products/regular-kavero-hand-1128302
[2026-04-06T08:01:29Z] #275 attempt=1/2 status=200 0.629s url=https://www.myfonts.com/collections/kavero-hand-font-rhd-creative/
[2026-04-06T08:01:30Z] #276 attempt=1/2 status=200 0.145s url=https://www.myfonts.com/collections/kavero-hand-font-rhd-creative/?tab=techSpecs
[2026-04-06T08:01:31Z] #277 attempt=1/2 status=200 0.388s url=https://www.myfonts.com/products/11-emo-round-full-tools-1123352
[2026-04-06T08:01:32Z] #278 attempt=1/2 status=200 0.679s url=https://www.myfonts.com/collections/full-tools-font-bulent-yuksel/
[2026-04-06T08:01:32Z] #279 attempt=1/2 status=200 0.130s url=https://www.myfonts.com/collections/full-tools-font-bulent-yuksel/?tab=techSpecs
[2026-04-06T08:01:33Z] #280 attempt=1/2 status=200 0.316s url=https://www.myfonts.com/products/regular-choko-theo-1128233
[2026-04-06T08:01:34Z] #281 attempt=1/2 status=200 0.305s url=https://www.myfonts.com/collections/choko-theo-font-twinletter/
[2026-04-06T08:01:35Z] #282 attempt=1/2 status=200 0.135s url=https://www.myfonts.com/collections/choko-theo-font-twinletter/?tab=techSpecs
[2026-04-06T08:01:35Z] #283 attempt=1/2 status=200 0.295s url=https://www.myfonts.com/products/bold-novel-sans-hebrew-1120097
[2026-04-06T08:01:36Z] #284 attempt=1/2 status=404 0.178s url=https://www.myfonts.com/collections/bold-novel-sans-hebrew-1120097-font-atlas-fonts
[2026-04-06T08:01:36Z] #285 attempt=1/2 status=200 0.387s url=https://www.myfonts.com/products/regular-emasland-1128234
[2026-04-06T08:01:37Z] #286 attempt=1/2 status=200 0.309s url=https://www.myfonts.com/collections/emasland-font-twinletter/
[2026-04-06T08:01:37Z] #287 attempt=1/2 status=200 0.271s url=https://www.myfonts.com/collections/emasland-font-twinletter/?tab=techSpecs
[2026-04-06T08:01:38Z] #288 attempt=1/2 status=200 0.354s url=https://www.myfonts.com/products/regular-honey-daily-1128273
[2026-04-06T08:01:39Z] #289 attempt=1/2 status=200 0.278s url=https://www.myfonts.com/collections/honey-daily-font-mvmet/
[2026-04-06T08:01:39Z] #290 attempt=1/2 status=200 0.341s url=https://www.myfonts.com/collections/honey-daily-font-mvmet/?tab=techSpecs
[2026-04-06T08:01:40Z] #291 attempt=1/2 status=200 0.436s url=https://www.myfonts.com/products/modern-branding-font-bundle-iii-package-987510
[2026-04-06T08:01:41Z] #292 attempt=1/2 status=404 0.170s url=https://www.myfonts.com/collections/modern-branding-font-bundle-iii-font-taboja-studio
[2026-04-06T08:01:42Z] #293 attempt=1/2 status=200 0.733s url=https://www.myfonts.com/products/retro-bundle-iii-package-987509
[2026-04-06T08:01:42Z] #294 attempt=1/2 status=404 0.158s url=https://www.myfonts.com/collections/retro-bundle-iii-font-taboja-studio
[2026-04-06T08:01:43Z] #295 attempt=1/2 status=200 0.827s url=https://www.myfonts.com/products/rounded-italic-graund-1127901
[2026-04-06T08:01:44Z] #296 attempt=1/2 status=200 0.964s url=https://www.myfonts.com/collections/graund-font-alpercakici/
[2026-04-06T08:01:45Z] #297 attempt=1/2 status=200 0.144s url=https://www.myfonts.com/collections/graund-font-alpercakici/?tab=techSpecs
[2026-04-06T08:01:46Z] #298 attempt=1/2 status=200 0.421s url=https://www.myfonts.com/products/italic-pinkie-wonderly-1115818
[2026-04-06T08:01:47Z] #299 attempt=1/2 status=200 0.294s url=https://www.myfonts.com/collections/pinkie-wonderly-font-letterena-studios/
[2026-04-06T08:01:48Z] #300 attempt=1/2 status=200 0.308s url=https://www.myfonts.com/collections/pinkie-wonderly-font-letterena-studios/?tab=techSpecs
[2026-04-06T08:01:49Z] #301 attempt=1/6 status=200 0.622s url=https://www.myfonts.com/products.json?limit=100&page=8
[2026-04-06T08:01:50Z] #302 attempt=1/2 status=200 0.305s url=https://www.myfonts.com/products/kostaciya-complete-family-package-1127928
[2026-04-06T08:01:51Z] #303 attempt=1/2 status=200 0.345s url=https://www.myfonts.com/collections/kostaciya-font-denustudio/
[2026-04-06T08:01:51Z] #304 attempt=1/2 status=200 0.124s url=https://www.myfonts.com/collections/kostaciya-font-denustudio/?tab=techSpecs
[2026-04-06T08:01:52Z] #305 attempt=1/2 status=200 0.327s url=https://www.myfonts.com/products/don-rancho-complete-family-package-1127919
[2026-04-06T08:01:53Z] #306 attempt=1/2 status=200 0.285s url=https://www.myfonts.com/collections/don-rancho-font-agny-hasya-studio/
[2026-04-06T08:01:53Z] #307 attempt=1/2 status=200 0.139s url=https://www.myfonts.com/collections/don-rancho-font-agny-hasya-studio/?tab=techSpecs
[2026-04-06T08:01:55Z] #308 attempt=1/2 status=200 0.943s url=https://www.myfonts.com/products/verbo-xl-package-1127849
[2026-04-06T08:01:57Z] #309 attempt=1/2 status=200 1.388s url=https://www.myfonts.com/collections/verbo-font-dstype/
[2026-04-06T08:01:58Z] #310 attempt=1/2 status=200 0.956s url=https://www.myfonts.com/collections/verbo-font-dstype/?tab=techSpecs
[2026-04-06T08:02:00Z] #311 attempt=1/2 status=200 0.596s url=https://www.myfonts.com/products/floral-wish-complete-family-package-1127922
[2026-04-06T08:02:01Z] #312 attempt=1/2 status=200 0.529s url=https://www.myfonts.com/collections/floral-wish-font-stylishtype-studio/
[2026-04-06T08:02:01Z] #313 attempt=1/2 status=200 0.330s url=https://www.myfonts.com/collections/floral-wish-font-stylishtype-studio/?tab=techSpecs
[2026-04-06T08:02:03Z] #314 attempt=1/2 status=200 0.354s url=https://www.myfonts.com/products/pn-carpet-roses-complete-family-package-1127736
[2026-04-06T08:02:03Z] #315 attempt=1/2 status=200 0.375s url=https://www.myfonts.com/collections/pn-carpet-roses-font-lettering-delights/
[2026-04-06T08:02:04Z] #316 attempt=1/2 status=200 0.137s url=https://www.myfonts.com/collections/pn-carpet-roses-font-lettering-delights/?tab=techSpecs
[2026-04-06T08:02:05Z] #317 attempt=1/2 status=200 0.335s url=https://www.myfonts.com/products/zp-zaster-complete-family-package-1127750
[2026-04-06T08:02:06Z] #318 attempt=1/2 status=200 0.659s url=https://www.myfonts.com/collections/zp-zaster-font-lettering-delights/
[2026-04-06T08:02:07Z] #319 attempt=1/2 status=200 0.619s url=https://www.myfonts.com/collections/zp-zaster-font-lettering-delights/?tab=techSpecs
[2026-04-06T08:02:08Z] #320 attempt=1/2 status=200 0.442s url=https://www.myfonts.com/products/pn-ready-for-easter-complete-family-package-1127760
[2026-04-06T08:02:09Z] #321 attempt=1/2 status=200 0.458s url=https://www.myfonts.com/collections/pn-ready-for-easter-font-lettering-delights/
[2026-04-06T08:02:10Z] #322 attempt=1/2 status=200 0.361s url=https://www.myfonts.com/collections/pn-ready-for-easter-font-lettering-delights/?tab=techSpecs
[2026-04-06T08:02:11Z] #323 attempt=1/2 status=200 0.411s url=https://www.myfonts.com/products/zp-beacoup-bloom-complete-family-package-1127767
[2026-04-06T08:02:11Z] #324 attempt=1/2 status=200 0.372s url=https://www.myfonts.com/collections/zp-beacoup-bloom-font-lettering-delights/
[2026-04-06T08:02:12Z] #325 attempt=1/2 status=200 0.521s url=https://www.myfonts.com/collections/zp-beacoup-bloom-font-lettering-delights/?tab=techSpecs
[2026-04-06T08:02:14Z] #326 attempt=1/2 status=200 0.393s url=https://www.myfonts.com/products/playful-letters-complete-family-package-1128005
[2026-04-06T08:02:15Z] #327 attempt=1/2 status=200 0.408s url=https://www.myfonts.com/collections/playful-letters-font-aen-creative-studio/
[2026-04-06T08:02:15Z] #328 attempt=1/2 status=200 0.372s url=https://www.myfonts.com/collections/playful-letters-font-aen-creative-studio/?tab=techSpecs
[2026-04-06T08:02:16Z] #329 attempt=1/2 status=200 0.368s url=https://www.myfonts.com/products/westype-complete-family-package-1127990
[2026-04-06T08:02:17Z] #330 attempt=1/2 status=200 0.372s url=https://www.myfonts.com/collections/westype-font-pizzatypefaces/
[2026-04-06T08:02:18Z] #331 attempt=1/2 status=200 0.564s url=https://www.myfonts.com/collections/westype-font-pizzatypefaces/?tab=techSpecs
[2026-04-06T08:02:19Z] #332 attempt=1/2 status=200 0.360s url=https://www.myfonts.com/products/regular-and-italic-package-1127716
[2026-04-06T08:02:20Z] #333 attempt=1/2 status=200 0.550s url=https://www.myfonts.com/collections/guhit-pluma-font-lurinzu-studios/
[2026-04-06T08:02:21Z] #334 attempt=1/2 status=200 0.438s url=https://www.myfonts.com/collections/guhit-pluma-font-lurinzu-studios/?tab=techSpecs
[2026-04-06T08:02:22Z] #335 attempt=1/2 status=200 0.451s url=https://www.myfonts.com/products/zp-bobotie-blooms-complete-family-package-1127743
[2026-04-06T08:02:23Z] #336 attempt=1/2 status=200 0.331s url=https://www.myfonts.com/collections/zp-bobotie-blooms-font-lettering-delights/
[2026-04-06T08:02:23Z] #337 attempt=1/2 status=200 0.355s url=https://www.myfonts.com/collections/zp-bobotie-blooms-font-lettering-delights/?tab=techSpecs
[2026-04-06T08:02:25Z] #338 attempt=1/2 status=200 0.374s url=https://www.myfonts.com/products/todaya-scriptua-complete-family-package-1127983
[2026-04-06T08:02:25Z] #339 attempt=1/2 status=200 0.423s url=https://www.myfonts.com/collections/todaya-scriptua-font-andfonts/
[2026-04-06T08:02:26Z] #340 attempt=1/2 status=200 0.466s url=https://www.myfonts.com/collections/todaya-scriptua-font-andfonts/?tab=techSpecs
[2026-04-06T08:02:28Z] #341 attempt=1/2 status=200 0.369s url=https://www.myfonts.com/products/stylist-pro-bold-pack-package-1128011
[2026-04-06T08:02:28Z] #342 attempt=1/2 status=200 0.595s url=https://www.myfonts.com/collections/stylist-pro-font-fontforecast/
[2026-04-06T08:02:29Z] #343 attempt=1/2 status=200 0.533s url=https://www.myfonts.com/collections/stylist-pro-font-fontforecast/?tab=techSpecs
[2026-04-06T08:02:30Z] #344 attempt=1/2 status=200 0.345s url=https://www.myfonts.com/products/zp-copacetic-spring-complete-family-package-1127726
[2026-04-06T08:02:31Z] #345 attempt=1/2 status=200 0.354s url=https://www.myfonts.com/collections/zp-copacetic-spring-font-lettering-delights/
[2026-04-06T08:02:32Z] #346 attempt=1/2 status=200 0.162s url=https://www.myfonts.com/collections/zp-copacetic-spring-font-lettering-delights/?tab=techSpecs
[2026-04-06T08:02:34Z] #347 attempt=1/2 status=200 0.276s url=https://www.myfonts.com/products/splasyi-complete-family-package-1127925
[2026-04-06T08:02:34Z] #348 attempt=1/2 status=200 0.282s url=https://www.myfonts.com/collections/splasyi-font-timelesstype-studio/
[2026-04-06T08:02:35Z] #349 attempt=1/2 status=200 0.315s url=https://www.myfonts.com/collections/splasyi-font-timelesstype-studio/?tab=techSpecs
[2026-04-06T08:02:36Z] #350 attempt=1/2 status=200 0.342s url=https://www.myfonts.com/products/001-sans-serif-family-complete-family-package-1127912
[2026-04-06T08:02:36Z] #351 attempt=1/2 status=200 0.429s url=https://www.myfonts.com/collections/001-sans-serif-family-font-pedro-teixeira/
[2026-04-06T08:02:37Z] #352 attempt=1/2 status=200 0.548s url=https://www.myfonts.com/collections/001-sans-serif-family-font-pedro-teixeira/?tab=techSpecs
[2026-04-06T08:02:39Z] #353 attempt=1/2 status=200 0.490s url=https://www.myfonts.com/products/sedna-complete-family-package-1127959
[2026-04-06T08:02:40Z] #354 attempt=1/2 status=200 0.589s url=https://www.myfonts.com/collections/sedna-font-sudtipos/
[2026-04-06T08:02:41Z] #355 attempt=1/2 status=200 0.536s url=https://www.myfonts.com/collections/sedna-font-sudtipos/?tab=techSpecs
[2026-04-06T08:02:42Z] #356 attempt=1/2 status=200 0.313s url=https://www.myfonts.com/products/conky-complete-family-package-1127987
[2026-04-06T08:02:43Z] #357 attempt=1/2 status=200 0.415s url=https://www.myfonts.com/collections/conky-font-artiveko/
[2026-04-06T08:02:43Z] #358 attempt=1/2 status=200 0.118s url=https://www.myfonts.com/collections/conky-font-artiveko/?tab=techSpecs
[2026-04-06T08:02:44Z] #359 attempt=1/2 status=200 0.486s url=https://www.myfonts.com/products/zp-doctor-dahlia-complete-family-package-1127719
[2026-04-06T08:02:45Z] #360 attempt=1/2 status=200 0.432s url=https://www.myfonts.com/collections/zp-doctor-dahlia-font-lettering-delights/
[2026-04-06T08:02:46Z] #361 attempt=1/2 status=200 0.348s url=https://www.myfonts.com/collections/zp-doctor-dahlia-font-lettering-delights/?tab=techSpecs
[2026-04-06T08:02:47Z] #362 attempt=1/2 status=200 0.375s url=https://www.myfonts.com/products/murisa-erena-complete-family-package-1127931
[2026-04-06T08:02:48Z] #363 attempt=1/2 status=200 0.634s url=https://www.myfonts.com/collections/murisa-erena-font-murisa-studio/
[2026-04-06T08:02:48Z] #364 attempt=1/2 status=200 0.387s url=https://www.myfonts.com/collections/murisa-erena-font-murisa-studio/?tab=techSpecs
[2026-04-06T08:02:50Z] #365 attempt=1/2 status=200 0.362s url=https://www.myfonts.com/products/erato-nova-complete-family-package-1127940
[2026-04-06T08:02:50Z] #366 attempt=1/2 status=200 0.535s url=https://www.myfonts.com/collections/erato-nova-font-hoftype/
[2026-04-06T08:02:51Z] #367 attempt=1/2 status=200 0.127s url=https://www.myfonts.com/collections/erato-nova-font-hoftype/?tab=techSpecs
[2026-04-06T08:02:52Z] #368 attempt=1/2 status=200 0.288s url=https://www.myfonts.com/products/regular-easter-danilo-1127957
[2026-04-06T08:02:53Z] #369 attempt=1/2 status=200 0.288s url=https://www.myfonts.com/collections/easter-danilo-font-yoga-letter/
[2026-04-06T08:02:54Z] #370 attempt=1/2 status=200 0.250s url=https://www.myfonts.com/collections/easter-danilo-font-yoga-letter/?tab=techSpecs
[2026-04-06T08:02:55Z] #371 attempt=1/6 status=200 0.626s url=https://www.myfonts.com/products.json?limit=100&page=9
[2026-04-06T08:02:55Z] #372 attempt=1/2 status=200 0.282s url=https://www.myfonts.com/products/regular-gryks-1128004
[2026-04-06T08:02:56Z] #373 attempt=1/2 status=200 0.244s url=https://www.myfonts.com/collections/gryks-font-modikstype/
[2026-04-06T08:02:56Z] #374 attempt=1/2 status=200 0.257s url=https://www.myfonts.com/collections/gryks-font-modikstype/?tab=techSpecs
[2026-04-06T08:02:57Z] #375 attempt=1/2 status=200 0.323s url=https://www.myfonts.com/products/regular-majestic-drive-1127935
[2026-04-06T08:02:58Z] #376 attempt=1/2 status=200 0.296s url=https://www.myfonts.com/collections/majestic-drive-font-hipfonts/
[2026-04-06T08:02:58Z] #377 attempt=1/2 status=200 0.263s url=https://www.myfonts.com/collections/majestic-drive-font-hipfonts/?tab=techSpecs
[2026-04-06T08:02:59Z] #378 attempt=1/2 status=200 0.332s url=https://www.myfonts.com/products/regular-birdie-bash-1127936
[2026-04-06T08:03:00Z] #379 attempt=1/2 status=200 0.273s url=https://www.myfonts.com/collections/birdie-bash-font-hipfonts/
[2026-04-06T08:03:00Z] #380 attempt=1/2 status=200 0.379s url=https://www.myfonts.com/collections/birdie-bash-font-hipfonts/?tab=techSpecs
[2026-04-06T08:03:01Z] #381 attempt=1/2 status=200 0.320s url=https://www.myfonts.com/products/regular-spirtush-1127939
[2026-04-06T08:03:02Z] #382 attempt=1/2 status=200 0.331s url=https://www.myfonts.com/collections/spirtush-font-hanzel-space/
[2026-04-06T08:03:02Z] #383 attempt=1/2 status=200 0.271s url=https://www.myfonts.com/collections/spirtush-font-hanzel-space/?tab=techSpecs
[2026-04-06T08:03:03Z] #384 attempt=1/2 status=200 0.327s url=https://www.myfonts.com/products/regular-wamolye-script-1127916
[2026-04-06T08:03:04Z] #385 attempt=1/2 status=200 0.339s url=https://www.myfonts.com/collections/wamolye-script-font-tebaltipis-studio/
[2026-04-06T08:03:04Z] #386 attempt=1/2 status=200 0.245s url=https://www.myfonts.com/collections/wamolye-script-font-tebaltipis-studio/?tab=techSpecs
[2026-04-06T08:03:06Z] #387 attempt=1/2 status=200 0.331s url=https://www.myfonts.com/products/candal-locked-regular-mc-candal-locked-1127937
[2026-04-06T08:03:06Z] #388 attempt=1/2 status=200 0.332s url=https://www.myfonts.com/collections/mc-candal-locked-font-maulana-creative/
[2026-04-06T08:03:07Z] #389 attempt=1/2 status=200 0.304s url=https://www.myfonts.com/collections/mc-candal-locked-font-maulana-creative/?tab=techSpecs
[2026-04-06T08:03:08Z] #390 attempt=1/2 status=200 0.294s url=https://www.myfonts.com/products/regular-grudge-1127982
[2026-04-06T08:03:08Z] #391 attempt=1/2 status=200 0.253s url=https://www.myfonts.com/collections/grudge-font-almarkha-type/
[2026-04-06T08:03:09Z] #392 attempt=1/2 status=200 0.163s url=https://www.myfonts.com/collections/grudge-font-almarkha-type/?tab=techSpecs
[2026-04-06T08:03:10Z] #393 attempt=1/2 status=200 0.289s url=https://www.myfonts.com/products/regular-luxury-elegance-1127993
[2026-04-06T08:03:10Z] #394 attempt=1/2 status=200 0.302s url=https://www.myfonts.com/collections/luxury-elegance-font-brown-cupple-typeface/
[2026-04-06T08:03:11Z] #395 attempt=1/2 status=200 0.362s url=https://www.myfonts.com/collections/luxury-elegance-font-brown-cupple-typeface/?tab=techSpecs
[2026-04-06T08:03:13Z] #396 attempt=1/2 status=200 0.275s url=https://www.myfonts.com/products/regular-rodhetty-1127958
[2026-04-06T08:03:13Z] #397 attempt=1/2 status=200 0.342s url=https://www.myfonts.com/collections/rodhetty-font-propertype/
[2026-04-06T08:03:14Z] #398 attempt=1/2 status=200 0.127s url=https://www.myfonts.com/collections/rodhetty-font-propertype/?tab=techSpecs
[2026-04-06T08:03:15Z] #399 attempt=1/2 status=200 0.292s url=https://www.myfonts.com/products/regular-rest-in-pizza-1127934
[2026-04-06T08:03:15Z] #400 attempt=1/2 status=200 0.371s url=https://www.myfonts.com/collections/rest-in-pizza-font-hipfonts/
[2026-04-06T08:03:16Z] #401 attempt=1/2 status=200 0.141s url=https://www.myfonts.com/collections/rest-in-pizza-font-hipfonts/?tab=techSpecs
[2026-04-06T08:03:17Z] #402 attempt=1/6 status=200 0.576s url=https://www.myfonts.com/products.json?limit=100&page=10
[2026-04-06T08:03:18Z] #403 attempt=1/2 status=200 0.387s url=https://www.myfonts.com/products/opily-ruhofa-regular-mc-opily-ruhofa-1127915
[2026-04-06T08:03:18Z] #404 attempt=1/2 status=200 0.309s url=https://www.myfonts.com/collections/mc-opily-ruhofa-font-maulana-creative/
[2026-04-06T08:03:19Z] #405 attempt=1/2 status=200 0.309s url=https://www.myfonts.com/collections/mc-opily-ruhofa-font-maulana-creative/?tab=techSpecs
[2026-04-06T08:03:19Z] #406 attempt=1/2 status=200 0.250s url=https://www.myfonts.com/products/regular-hissy-fits-signature-1127917
[2026-04-06T08:03:20Z] #407 attempt=1/2 status=200 0.475s url=https://www.myfonts.com/collections/hissy-fits-signature-font-tebaltipis-studio/
[2026-04-06T08:03:21Z] #408 attempt=1/2 status=200 0.120s url=https://www.myfonts.com/collections/hissy-fits-signature-font-tebaltipis-studio/?tab=techSpecs
[2026-04-06T08:03:21Z] #409 attempt=1/2 status=200 0.304s url=https://www.myfonts.com/products/regular-grande-magical-1127938
[2026-04-06T08:03:22Z] #410 attempt=1/2 status=200 0.402s url=https://www.myfonts.com/collections/grande-magical-font-heinzel-std/
[2026-04-06T08:03:23Z] #411 attempt=1/2 status=200 0.345s url=https://www.myfonts.com/collections/grande-magical-font-heinzel-std/?tab=techSpecs
[2026-04-06T08:03:24Z] #412 attempt=1/2 status=200 0.257s url=https://www.myfonts.com/products/regular-wattever-1127981
[2026-04-06T08:03:24Z] #413 attempt=1/2 status=200 0.321s url=https://www.myfonts.com/collections/wattever-font-bonjourtype/
[2026-04-06T08:03:25Z] #414 attempt=1/2 status=200 0.360s url=https://www.myfonts.com/collections/wattever-font-bonjourtype/?tab=techSpecs
[2026-04-06T08:03:26Z] #415 attempt=1/2 status=200 0.395s url=https://www.myfonts.com/products/main-weights-package-1123341
[2026-04-06T08:03:26Z] #416 attempt=1/2 status=200 0.547s url=https://www.myfonts.com/collections/thrasos-unite-font-multiformis/
[2026-04-06T08:03:27Z] #417 attempt=1/2 status=200 0.123s url=https://www.myfonts.com/collections/thrasos-unite-font-multiformis/?tab=techSpecs
[2026-04-06T08:03:28Z] #418 attempt=1/2 status=200 0.691s url=https://www.myfonts.com/products/condensed-package-1127555
[2026-04-06T08:03:30Z] #419 attempt=1/2 status=200 1.282s url=https://www.myfonts.com/collections/silvera-text-font-soft-creative/
[2026-04-06T08:03:31Z] #420 attempt=1/2 status=200 0.166s url=https://www.myfonts.com/collections/silvera-text-font-soft-creative/?tab=techSpecs
[2026-04-06T08:03:32Z] #421 attempt=1/2 status=200 0.354s url=https://www.myfonts.com/products/thrasos-complete-family-package-1123342
[2026-04-06T08:03:33Z] #422 attempt=1/2 status=200 0.492s url=https://www.myfonts.com/collections/thrasos-font-multiformis/
[2026-04-06T08:03:33Z] #423 attempt=1/2 status=200 0.423s url=https://www.myfonts.com/collections/thrasos-font-multiformis/?tab=techSpecs
[2026-04-06T08:03:35Z] #424 attempt=1/2 status=200 0.684s url=https://www.myfonts.com/products/avantra-complete-family-package-1127495
[2026-04-06T08:03:36Z] #425 attempt=1/2 status=200 0.775s url=https://www.myfonts.com/collections/avantra-font-alpercakici/
[2026-04-06T08:03:37Z] #426 attempt=1/2 status=200 0.804s url=https://www.myfonts.com/collections/avantra-font-alpercakici/?tab=techSpecs
[2026-04-06T08:03:39Z] #427 attempt=1/6 status=200 0.868s url=https://www.myfonts.com/products.json?limit=100&page=11
[2026-04-06T08:03:40Z] #428 attempt=1/2 status=200 0.270s url=https://www.myfonts.com/products/regular-wonder-magic-1127717
[2026-04-06T08:03:40Z] #429 attempt=1/2 status=200 0.255s url=https://www.myfonts.com/collections/wonder-magic-font-typefactory/
[2026-04-06T08:03:41Z] #430 attempt=1/2 status=200 0.286s url=https://www.myfonts.com/collections/wonder-magic-font-typefactory/?tab=techSpecs
[2026-04-06T08:03:42Z] #431 attempt=1/2 status=200 0.521s url=https://www.myfonts.com/products/kakao-complete-family-package-1127258
[2026-04-06T08:03:43Z] #432 attempt=1/2 status=200 1.110s url=https://www.myfonts.com/collections/kakao-font-alpercakici/
[2026-04-06T08:03:44Z] #433 attempt=1/2 status=200 0.153s url=https://www.myfonts.com/collections/kakao-font-alpercakici/?tab=techSpecs
[2026-04-06T08:03:46Z] #434 attempt=1/2 status=200 0.949s url=https://www.myfonts.com/products/extended-bold-dean-soft-slab-1127170
[2026-04-06T08:03:47Z] #435 attempt=1/2 status=200 1.059s url=https://www.myfonts.com/collections/dean-soft-slab-font-blaze-type/
[2026-04-06T08:03:48Z] #436 attempt=1/2 status=200 0.148s url=https://www.myfonts.com/collections/dean-soft-slab-font-blaze-type/?tab=techSpecs
[2026-04-06T08:03:50Z] #437 attempt=1/6 status=200 0.804s url=https://www.myfonts.com/products.json?limit=100&page=12
[2026-04-06T08:03:52Z] #438 attempt=1/2 status=200 1.468s url=https://www.myfonts.com/products/expanded-subfamily-package-1127257
[2026-04-06T08:03:55Z] #439 attempt=1/2 status=200 3.590s url=https://www.myfonts.com/collections/galdertin-charetam-font-logic-type/
[2026-04-06T08:03:56Z] #440 attempt=1/2 status=200 0.183s url=https://www.myfonts.com/collections/galdertin-charetam-font-logic-type/?tab=techSpecs
[2026-04-06T08:03:58Z] #441 attempt=1/2 status=200 0.307s url=https://www.myfonts.com/products/pantra-complete-family-package-1126811
[2026-04-06T08:03:58Z] #442 attempt=1/2 status=200 0.134s url=https://www.myfonts.com/collections/pantra-font-nicolas-desle/
[2026-04-06T08:03:59Z] #443 attempt=1/2 status=200 0.132s url=https://www.myfonts.com/collections/pantra-font-nicolas-desle/?tab=techSpecs
[2026-04-06T08:04:00Z] #444 attempt=1/2 status=200 0.693s url=https://www.myfonts.com/products/riada-complete-family-package-1127024
[2026-04-06T08:04:01Z] #445 attempt=1/2 status=200 0.665s url=https://www.myfonts.com/collections/riada-font-ottertype/
[2026-04-06T08:04:02Z] #446 attempt=1/2 status=200 0.811s url=https://www.myfonts.com/collections/riada-font-ottertype/?tab=techSpecs
[2026-04-06T08:04:05Z] #447 attempt=1/6 status=200 0.661s url=https://www.myfonts.com/products.json?limit=100&page=13
[2026-04-06T08:04:05Z] #448 attempt=1/2 status=200 0.294s url=https://www.myfonts.com/products/tatype-neue-vf-complete-family-package-1127207
[2026-04-06T08:04:06Z] #449 attempt=1/2 status=200 0.371s url=https://www.myfonts.com/collections/tatype-neue-vf-font-tural-alisoy/
[2026-04-06T08:04:06Z] #450 attempt=1/2 status=200 0.297s url=https://www.myfonts.com/collections/tatype-neue-vf-font-tural-alisoy/?tab=techSpecs
[2026-04-06T08:04:08Z] #451 attempt=1/2 status=200 0.534s url=https://www.myfonts.com/products/expanded-package-1126842
[2026-04-06T08:04:09Z] #452 attempt=1/2 status=200 0.686s url=https://www.myfonts.com/collections/pts-pharma-font-paavola-type-studio/
[2026-04-06T08:04:09Z] #453 attempt=1/2 status=200 0.130s url=https://www.myfonts.com/collections/pts-pharma-font-paavola-type-studio/?tab=techSpecs
[2026-04-06T08:04:10Z] #454 attempt=1/2 status=200 0.298s url=https://www.myfonts.com/products/neuland-complete-family-package-1127210
[2026-04-06T08:04:11Z] #455 attempt=1/2 status=200 0.337s url=https://www.myfonts.com/collections/neuland-font-linotype/
[2026-04-06T08:04:12Z] #456 attempt=1/2 status=200 0.301s url=https://www.myfonts.com/collections/neuland-font-linotype/?tab=techSpecs
[2026-04-06T08:04:13Z] #457 attempt=1/2 status=200 0.382s url=https://www.myfonts.com/products/zp-sugar-rush-complete-family-package-1126953
[2026-04-06T08:04:14Z] #458 attempt=1/2 status=200 0.458s url=https://www.myfonts.com/collections/zp-sugar-rush-font-lettering-delights/
[2026-04-06T08:04:15Z] #459 attempt=1/2 status=200 1.234s url=https://www.myfonts.com/collections/zp-sugar-rush-font-lettering-delights/?tab=techSpecs
[2026-04-06T08:04:17Z] #460 attempt=1/2 status=200 1.034s url=https://www.myfonts.com/products/tt-norms-pro-compact-package-package-1126952
[2026-04-06T08:04:19Z] #461 attempt=1/2 status=200 1.949s url=https://www.myfonts.com/collections/tt-norms-font-typetype/
[2026-04-06T08:04:22Z] #462 attempt=1/2 status=200 1.817s url=https://www.myfonts.com/collections/tt-norms-font-typetype/?tab=techSpecs
[2026-04-06T08:04:24Z] #463 attempt=1/2 status=200 0.459s url=https://www.myfonts.com/products/proscenium-serif-complete-family-package-1124943
[2026-04-06T08:04:24Z] #464 attempt=1/2 status=200 0.403s url=https://www.myfonts.com/collections/proscenium-serif-font-wings-art-studio/
[2026-04-06T08:04:25Z] #465 attempt=1/2 status=200 0.430s url=https://www.myfonts.com/collections/proscenium-serif-font-wings-art-studio/?tab=techSpecs
[2026-04-06T08:04:26Z] #466 attempt=1/2 status=200 0.596s url=https://www.myfonts.com/products/argero-complete-family-package-1126965
[2026-04-06T08:04:28Z] #467 attempt=1/2 status=200 0.808s url=https://www.myfonts.com/collections/argero-font-alpercakici/
[2026-04-06T08:04:29Z] #468 attempt=1/2 status=200 0.932s url=https://www.myfonts.com/collections/argero-font-alpercakici/?tab=techSpecs
[2026-04-06T08:04:31Z] #469 attempt=1/2 status=200 1.016s url=https://www.myfonts.com/products/mundale-complete-family-package-1127196
[2026-04-06T08:04:32Z] #470 attempt=1/2 status=200 1.297s url=https://www.myfonts.com/collections/mundale-font-rastype-studio/
[2026-04-06T08:04:34Z] #471 attempt=1/2 status=200 1.231s url=https://www.myfonts.com/collections/mundale-font-rastype-studio/?tab=techSpecs
[2026-04-06T08:04:36Z] #472 attempt=1/6 status=200 0.647s url=https://www.myfonts.com/products.json?limit=100&page=14
[2026-04-06T08:04:37Z] #473 attempt=1/6 status=200 0.705s url=https://www.myfonts.com/products.json?limit=100&page=15
[2026-04-06T08:04:39Z] #474 attempt=1/2 status=200 1.448s url=https://www.myfonts.com/products/golden-hundred-package-947235
[2026-04-06T08:04:40Z] #475 attempt=1/2 status=404 0.159s url=https://www.myfonts.com/collections/golden-hundred-font-etewut
[2026-04-06T08:04:41Z] #476 attempt=1/2 status=200 1.124s url=https://www.myfonts.com/products/hand-drawn-font-collection-package-775327
[2026-04-06T08:04:41Z] #477 attempt=1/2 status=404 0.177s url=https://www.myfonts.com/collections/hand-drawn-font-collection-font-larin-type-co
[2026-04-06T08:04:42Z] #478 attempt=1/2 status=200 1.037s url=https://www.myfonts.com/products/elegant-serif-bundle-package-729464
[2026-04-06T08:04:43Z] #479 attempt=1/2 status=404 0.158s url=https://www.myfonts.com/collections/elegant-serif-bundle-font-larin-type-co
[2026-04-06T08:04:44Z] #480 attempt=1/2 status=200 1.166s url=https://www.myfonts.com/products/vintage-font-collection-package-726082
[2026-04-06T08:04:45Z] #481 attempt=1/2 status=404 0.188s url=https://www.myfonts.com/collections/vintage-font-collection-font-larin-type-co
[2026-04-06T08:04:46Z] #482 attempt=1/6 status=200 0.712s url=https://www.myfonts.com/products.json?limit=100&page=16
[2026-04-06T08:04:47Z] #483 attempt=1/2 status=200 0.975s url=https://www.myfonts.com/products/the-best-collection-font-bundle-package-915711
[2026-04-06T08:04:48Z] #484 attempt=1/2 status=404 0.206s url=https://www.myfonts.com/collections/the-best-collection-font-bundle-font-bosstypestudio
[2026-04-06T08:04:48Z] #485 attempt=1/2 status=200 0.330s url=https://www.myfonts.com/products/limit-micro-condensed-package-1126786
[2026-04-06T08:04:49Z] #486 attempt=1/2 status=200 0.657s url=https://www.myfonts.com/collections/limit-micro-font-bold-guystm/
[2026-04-06T08:04:50Z] #487 attempt=1/2 status=200 0.413s url=https://www.myfonts.com/collections/limit-micro-font-bold-guystm/?tab=techSpecs
[2026-04-06T08:04:51Z] #488 attempt=1/2 status=200 0.514s url=https://www.myfonts.com/products/mallestian-script-complete-family-package-1126571
[2026-04-06T08:04:52Z] #489 attempt=1/2 status=200 0.455s url=https://www.myfonts.com/collections/mallestian-script-font-logic-type/
[2026-04-06T08:04:53Z] #490 attempt=1/2 status=200 0.486s url=https://www.myfonts.com/collections/mallestian-script-font-logic-type/?tab=techSpecs
[2026-04-06T08:04:54Z] #491 attempt=1/2 status=200 0.402s url=https://www.myfonts.com/products/basthor-complete-family-package-1126609
[2026-04-06T08:04:55Z] #492 attempt=1/2 status=200 0.375s url=https://www.myfonts.com/collections/basthor-font-burntilldead/
[2026-04-06T08:04:55Z] #493 attempt=1/2 status=200 0.308s url=https://www.myfonts.com/collections/basthor-font-burntilldead/?tab=techSpecs
[2026-04-06T08:04:57Z] #494 attempt=1/2 status=200 0.374s url=https://www.myfonts.com/products/baronial-complete-family-package-1126606
[2026-04-06T08:04:57Z] #495 attempt=1/2 status=200 0.286s url=https://www.myfonts.com/collections/baronial-font-burntilldead/
[2026-04-06T08:04:58Z] #496 attempt=1/2 status=200 0.322s url=https://www.myfonts.com/collections/baronial-font-burntilldead/?tab=techSpecs
[2026-04-06T08:04:59Z] #497 attempt=1/2 status=200 0.450s url=https://www.myfonts.com/products/alrays-bloom-complete-family-package-1126589
[2026-04-06T08:05:00Z] #498 attempt=1/2 status=200 0.428s url=https://www.myfonts.com/collections/alrays-bloom-font-nirmana-visual/
[2026-04-06T08:05:01Z] #499 attempt=1/2 status=200 0.494s url=https://www.myfonts.com/collections/alrays-bloom-font-nirmana-visual/?tab=techSpecs
[2026-04-06T08:05:03Z] #500 attempt=1/2 status=200 1.392s url=https://www.myfonts.com/products/soft-package-1126810
[2026-04-06T08:05:06Z] #501 attempt=1/2 status=200 2.557s url=https://www.myfonts.com/collections/rustand-font-stripes-studio/
[2026-04-06T08:05:07Z] #502 attempt=1/2 status=200 0.188s url=https://www.myfonts.com/collections/rustand-font-stripes-studio/?tab=techSpecs
[2026-04-06T08:05:08Z] #503 attempt=1/2 status=200 0.280s url=https://www.myfonts.com/products/positano-vintage-complete-family-package-1126616
[2026-04-06T08:05:09Z] #504 attempt=1/2 status=200 0.305s url=https://www.myfonts.com/collections/positano-vintage-font-amorfa-type/
[2026-04-06T08:05:10Z] #505 attempt=1/2 status=200 0.360s url=https://www.myfonts.com/collections/positano-vintage-font-amorfa-type/?tab=techSpecs
[2026-04-06T08:05:12Z] #506 attempt=1/2 status=200 0.366s url=https://www.myfonts.com/products/norvas-complete-family-package-1126620
[2026-04-06T08:05:12Z] #507 attempt=1/2 status=200 0.385s url=https://www.myfonts.com/collections/norvas-font-vermilione/
[2026-04-06T08:05:13Z] #508 attempt=1/2 status=200 0.177s url=https://www.myfonts.com/collections/norvas-font-vermilione/?tab=techSpecs
[2026-04-06T08:05:14Z] #509 attempt=1/2 status=200 0.265s url=https://www.myfonts.com/products/regular-roviane-1126339
[2026-04-06T08:05:15Z] #510 attempt=1/2 status=200 0.644s url=https://www.myfonts.com/collections/roviane-font-rasio-studio/
[2026-04-06T08:05:15Z] #511 attempt=1/2 status=200 0.126s url=https://www.myfonts.com/collections/roviane-font-rasio-studio/?tab=techSpecs
[2026-04-06T08:05:16Z] #512 attempt=1/2 status=200 0.341s url=https://www.myfonts.com/products/regular-it-krazio-1126456
[2026-04-06T08:05:16Z] #513 attempt=1/2 status=200 0.256s url=https://www.myfonts.com/collections/it-krazio-font-creatifont-studio/
[2026-04-06T08:05:17Z] #514 attempt=1/2 status=200 0.276s url=https://www.myfonts.com/collections/it-krazio-font-creatifont-studio/?tab=techSpecs
[2026-04-06T08:05:18Z] #515 attempt=1/2 status=200 0.334s url=https://www.myfonts.com/products/regular-agrix-1126337
[2026-04-06T08:05:18Z] #516 attempt=1/2 status=200 0.282s url=https://www.myfonts.com/collections/agrix-font-vadova-std/
[2026-04-06T08:05:19Z] #517 attempt=1/2 status=200 0.293s url=https://www.myfonts.com/collections/agrix-font-vadova-std/?tab=techSpecs
[2026-04-06T08:05:20Z] #518 attempt=1/2 status=200 0.292s url=https://www.myfonts.com/products/regular-piccola-1126514
[2026-04-06T08:05:20Z] #519 attempt=1/2 status=200 0.248s url=https://www.myfonts.com/collections/piccola-font-resistenza/
[2026-04-06T08:05:21Z] #520 attempt=1/2 status=200 0.356s url=https://www.myfonts.com/collections/piccola-font-resistenza/?tab=techSpecs
[2026-04-06T08:05:22Z] #521 attempt=1/2 status=200 0.423s url=https://www.myfonts.com/products/regular-gavielle-1126341
[2026-04-06T08:05:22Z] #522 attempt=1/2 status=200 0.313s url=https://www.myfonts.com/collections/gavielle-font-rasio-studio/
[2026-04-06T08:05:23Z] #523 attempt=1/2 status=200 0.115s url=https://www.myfonts.com/collections/gavielle-font-rasio-studio/?tab=techSpecs
[2026-04-06T08:05:24Z] #524 attempt=1/2 status=200 0.341s url=https://www.myfonts.com/products/regular-gravix-1126340
[2026-04-06T08:05:24Z] #525 attempt=1/2 status=200 0.349s url=https://www.myfonts.com/collections/gravix-font-rasio-studio/
[2026-04-06T08:05:25Z] #526 attempt=1/2 status=200 0.498s url=https://www.myfonts.com/collections/gravix-font-rasio-studio/?tab=techSpecs
[2026-04-06T08:05:26Z] #527 attempt=1/2 status=200 0.304s url=https://www.myfonts.com/products/regular-bodro-1126338
[2026-04-06T08:05:27Z] #528 attempt=1/2 status=200 0.266s url=https://www.myfonts.com/collections/bodro-font-vadova-std/
[2026-04-06T08:05:27Z] #529 attempt=1/2 status=200 0.163s url=https://www.myfonts.com/collections/bodro-font-vadova-std/?tab=techSpecs
[2026-04-06T08:05:28Z] #530 attempt=1/2 status=200 0.319s url=https://www.myfonts.com/products/regular-comic-black-metal-1126619
[2026-04-06T08:05:29Z] #531 attempt=1/2 status=200 0.262s url=https://www.myfonts.com/collections/comic-black-metal-font-mvmet/
[2026-04-06T08:05:29Z] #532 attempt=1/2 status=200 0.150s url=https://www.myfonts.com/collections/comic-black-metal-font-mvmet/?tab=techSpecs
[2026-04-06T08:05:31Z] #533 attempt=1/2 status=200 1.287s url=https://www.myfonts.com/products/extra-expanded-package-1126005
[2026-04-06T08:05:34Z] #534 attempt=1/2 status=200 2.413s url=https://www.myfonts.com/collections/anglica-serif-font-pista-mova/
[2026-04-06T08:05:35Z] #535 attempt=1/2 status=200 0.182s url=https://www.myfonts.com/collections/anglica-serif-font-pista-mova/?tab=techSpecs
[2026-04-06T08:05:37Z] #536 attempt=1/2 status=200 0.357s url=https://www.myfonts.com/products/horizon-drift-complete-family-package-1126101
[2026-04-06T08:05:37Z] #537 attempt=1/2 status=200 0.514s url=https://www.myfonts.com/collections/horizon-drift-font-hipfonts/
[2026-04-06T08:05:38Z] #538 attempt=1/2 status=200 0.327s url=https://www.myfonts.com/collections/horizon-drift-font-hipfonts/?tab=techSpecs
[2026-04-06T08:05:40Z] #539 attempt=1/2 status=200 1.090s url=https://www.myfonts.com/products/dean-soft-complete-family-package-1125666
[2026-04-06T08:05:42Z] #540 attempt=1/2 status=200 1.405s url=https://www.myfonts.com/collections/dean-soft-font-blaze-type/
[2026-04-06T08:05:43Z] #541 attempt=1/2 status=200 0.230s url=https://www.myfonts.com/collections/dean-soft-font-blaze-type/?tab=techSpecs
[2026-04-06T08:05:45Z] #542 attempt=1/2 status=200 0.406s url=https://www.myfonts.com/products/sugitta-complete-family-package-1125768
[2026-04-06T08:05:45Z] #543 attempt=1/2 status=200 0.366s url=https://www.myfonts.com/collections/sugitta-font-smz-design/
[2026-04-06T08:05:46Z] #544 attempt=1/2 status=200 0.628s url=https://www.myfonts.com/collections/sugitta-font-smz-design/?tab=techSpecs
[2026-04-06T08:05:48Z] #545 attempt=1/2 status=200 0.900s url=https://www.myfonts.com/products/vervex-complete-family-package-1126223
[2026-04-06T08:05:49Z] #546 attempt=1/2 status=200 1.152s url=https://www.myfonts.com/collections/vervex-font-alpercakici/
[2026-04-06T08:05:51Z] #547 attempt=1/2 status=200 1.416s url=https://www.myfonts.com/collections/vervex-font-alpercakici/?tab=techSpecs
[2026-04-06T08:05:53Z] #548 attempt=1/2 status=200 0.584s url=https://www.myfonts.com/products/news-heritages-complete-family-package-1126158
[2026-04-06T08:05:54Z] #549 attempt=1/2 status=200 0.869s url=https://www.myfonts.com/collections/news-heritages-font-zaki-creative/
[2026-04-06T08:05:55Z] #550 attempt=1/2 status=200 0.155s url=https://www.myfonts.com/collections/news-heritages-font-zaki-creative/?tab=techSpecs
[2026-04-06T08:05:56Z] #551 attempt=1/2 status=200 0.324s url=https://www.myfonts.com/products/badgeils-complete-family-package-1126155
[2026-04-06T08:05:57Z] #552 attempt=1/2 status=200 0.342s url=https://www.myfonts.com/collections/badgeils-font-timelesstype-studio/
[2026-04-06T08:05:57Z] #553 attempt=1/2 status=200 0.342s url=https://www.myfonts.com/collections/badgeils-font-timelesstype-studio/?tab=techSpecs
[2026-04-06T08:05:58Z] #554 attempt=1/2 status=200 0.322s url=https://www.myfonts.com/products/hg-gothic-m-complete-family-package-1125164
[2026-04-06T08:05:59Z] #555 attempt=1/2 status=200 0.311s url=https://www.myfonts.com/collections/hg-gothic-m-font-ricoh
[2026-04-06T08:05:59Z] #556 attempt=1/2 status=200 0.269s url=https://www.myfonts.com/collections/hg-gothic-m-font-ricoh?tab=techSpecs
[2026-04-06T08:06:00Z] #557 attempt=1/2 status=200 0.266s url=https://www.myfonts.com/collections/hg-gothic-m-font-ricoh
[2026-04-06T08:06:00Z] #558 attempt=1/2 status=200 0.368s url=https://www.myfonts.com/products/hg-heisei-kakugothictai-w3-complete-family-package-1125264
[2026-04-06T08:06:01Z] #559 attempt=1/2 status=200 0.308s url=https://www.myfonts.com/collections/hg-heisei-kakugothictai-w3-font-ricoh/
[2026-04-06T08:06:02Z] #560 attempt=1/2 status=200 0.441s url=https://www.myfonts.com/collections/hg-heisei-kakugothictai-w3-font-ricoh/?tab=techSpecs
[2026-04-06T08:06:04Z] #561 attempt=1/2 status=200 0.264s url=https://www.myfonts.com/collections/hg-heisei-kakugothictai-w3-font-ricoh/
[2026-04-06T08:06:05Z] #562 attempt=1/2 status=200 0.686s url=https://www.myfonts.com/products/devonika-variable-complete-family-package-1126380
[2026-04-06T08:06:06Z] #563 attempt=1/2 status=200 1.059s url=https://www.myfonts.com/collections/devonika-variable-font-matra-creative/
[2026-04-06T08:06:08Z] #564 attempt=1/2 status=200 1.229s url=https://www.myfonts.com/collections/devonika-variable-font-matra-creative/?tab=techSpecs
[2026-04-06T08:06:09Z] #565 attempt=1/2 status=200 0.338s url=https://www.myfonts.com/products/ballpark-beauty-complete-family-package-1126105
[2026-04-06T08:06:10Z] #566 attempt=1/2 status=200 0.456s url=https://www.myfonts.com/collections/ballpark-beauty-font-hipfonts/
[2026-04-06T08:06:11Z] #567 attempt=1/2 status=200 0.292s url=https://www.myfonts.com/collections/ballpark-beauty-font-hipfonts/?tab=techSpecs
[2026-04-06T08:06:12Z] #568 attempt=1/2 status=200 0.418s url=https://www.myfonts.com/products/axilon-complete-family-package-1126219
[2026-04-06T08:06:13Z] #569 attempt=1/2 status=200 0.345s url=https://www.myfonts.com/collections/axilon-font-kaidosan/
[2026-04-06T08:06:13Z] #570 attempt=1/2 status=200 0.408s url=https://www.myfonts.com/collections/axilon-font-kaidosan/?tab=techSpecs
[2026-04-06T08:06:14Z] #571 attempt=1/2 status=200 0.330s url=https://www.myfonts.com/products/bakerman-slab-complete-family-package-1125563
[2026-04-06T08:06:15Z] #572 attempt=1/2 status=200 0.437s url=https://www.myfonts.com/collections/bakerman-slab-font-zasepa-studio/
[2026-04-06T08:06:15Z] #573 attempt=1/2 status=200 0.180s url=https://www.myfonts.com/collections/bakerman-slab-font-zasepa-studio/?tab=techSpecs
[2026-04-06T08:06:17Z] #574 attempt=1/2 status=200 0.594s url=https://www.myfonts.com/products/cluster-edge-tight-pack-package-1125562
[2026-04-06T08:06:18Z] #575 attempt=1/2 status=200 0.811s url=https://www.myfonts.com/collections/cluster-edge-font-kobuzan/
[2026-04-06T08:06:19Z] #576 attempt=1/2 status=200 0.854s url=https://www.myfonts.com/collections/cluster-edge-font-kobuzan/?tab=techSpecs
[2026-04-06T08:06:21Z] #577 attempt=1/2 status=200 0.832s url=https://www.myfonts.com/products/basic-package-package-1125656
[2026-04-06T08:06:22Z] #578 attempt=1/2 status=200 0.985s url=https://www.myfonts.com/collections/unytour-pro-font-nicolass-fonts/
[2026-04-06T08:06:24Z] #579 attempt=1/2 status=200 1.135s url=https://www.myfonts.com/collections/unytour-pro-font-nicolass-fonts/?tab=techSpecs
[2026-04-06T08:06:26Z] #580 attempt=1/2 status=200 0.634s url=https://www.myfonts.com/products/gaming-complete-family-package-1125421
[2026-04-06T08:06:27Z] #581 attempt=1/2 status=200 0.803s url=https://www.myfonts.com/collections/gaming-font-alpercakici/
[2026-04-06T08:06:27Z] #582 attempt=1/2 status=200 0.148s url=https://www.myfonts.com/collections/gaming-font-alpercakici/?tab=techSpecs
[2026-04-06T08:06:29Z] #583 attempt=1/2 status=200 0.568s url=https://www.myfonts.com/products/cluster-complete-family-package-1125481
[2026-04-06T08:06:30Z] #584 attempt=1/2 status=200 0.749s url=https://www.myfonts.com/collections/cluster-font-kobuzan/
[2026-04-06T08:06:31Z] #585 attempt=1/2 status=200 0.827s url=https://www.myfonts.com/collections/cluster-font-kobuzan/?tab=techSpecs
[2026-04-06T08:06:32Z] #586 attempt=1/2 status=200 0.336s url=https://www.myfonts.com/products/hg-dot-new-gothic-b-complete-family-package-1125247
[2026-04-06T08:06:33Z] #587 attempt=1/2 status=200 0.499s url=https://www.myfonts.com/collections/hg-dot-new-gothic-b-font-ricoh/
[2026-04-06T08:06:34Z] #588 attempt=1/2 status=200 0.510s url=https://www.myfonts.com/collections/hg-dot-new-gothic-b-font-ricoh/?tab=techSpecs
[2026-04-06T08:06:37Z] #589 attempt=1/2 status=200 0.128s url=https://www.myfonts.com/collections/hg-dot-new-gothic-b-font-ricoh/
[2026-04-06T08:06:37Z] #590 attempt=1/2 status=200 0.368s url=https://www.myfonts.com/products/molla-divina-complete-family-package-1125822
[2026-04-06T08:06:38Z] #591 attempt=1/2 status=200 0.385s url=https://www.myfonts.com/collections/molla-divina-font-canden-meutuah/
[2026-04-06T08:06:39Z] #592 attempt=1/2 status=200 0.535s url=https://www.myfonts.com/collections/molla-divina-font-canden-meutuah/?tab=techSpecs
[2026-04-06T08:06:40Z] #593 attempt=1/2 status=200 0.634s url=https://www.myfonts.com/products/intevia-complete-family-package-1125400
[2026-04-06T08:06:41Z] #594 attempt=1/2 status=200 0.491s url=https://www.myfonts.com/collections/intevia-font-hanken-design-co/
[2026-04-06T08:06:41Z] #595 attempt=1/2 status=200 0.135s url=https://www.myfonts.com/collections/intevia-font-hanken-design-co/?tab=techSpecs
[2026-04-06T08:06:43Z] #596 attempt=1/2 status=200 0.313s url=https://www.myfonts.com/products/hg-soei-cyubuto-penjitai-complete-family-package-1125236
[2026-04-06T08:06:43Z] #597 attempt=1/2 status=200 0.298s url=https://www.myfonts.com/collections/hg-soei-cyubuto-penjitai-font-ricoh/
[2026-04-06T08:06:44Z] #598 attempt=1/2 status=200 0.290s url=https://www.myfonts.com/collections/hg-soei-cyubuto-penjitai-font-ricoh/?tab=techSpecs
[2026-04-06T08:06:46Z] #599 attempt=1/2 status=200 0.147s url=https://www.myfonts.com/collections/hg-soei-cyubuto-penjitai-font-ricoh/
[2026-04-06T08:06:46Z] #600 attempt=1/2 status=200 0.304s url=https://www.myfonts.com/products/hg-marugothic-complete-family-package-1125184
[2026-04-06T08:06:47Z] #601 attempt=1/2 status=200 0.358s url=https://www.myfonts.com/collections/hg-marugothic-font-ricoh/
[2026-04-06T08:06:48Z] #602 attempt=1/2 status=200 0.508s url=https://www.myfonts.com/collections/hg-marugothic-font-ricoh/?tab=techSpecs
[2026-04-06T08:06:51Z] #603 attempt=1/2 status=200 1.080s url=https://www.myfonts.com/products/roana-complete-family-package-1125287
[2026-04-06T08:06:52Z] #604 attempt=1/2 status=200 1.078s url=https://www.myfonts.com/collections/roana-font-alpercakici/
[2026-04-06T08:06:53Z] #605 attempt=1/2 status=200 0.438s url=https://www.myfonts.com/products/valkiria-complete-family-package-1126416
[2026-04-06T08:06:54Z] #606 attempt=1/2 status=200 0.443s url=https://www.myfonts.com/collections/valkiria-font-john-vargas-beltran/
[2026-04-06T08:06:54Z] #607 attempt=1/2 status=200 0.250s url=https://www.myfonts.com/products/hg-soei-presence-complete-family-package-1125167
[2026-04-06T08:06:55Z] #608 attempt=1/2 status=200 0.337s url=https://www.myfonts.com/collections/hg-soei-presence-font-ricoh/
[2026-04-06T08:06:55Z] #609 attempt=1/2 status=200 0.361s url=https://www.myfonts.com/products/herald-news-complete-family-package-1125474
[2026-04-06T08:06:56Z] #610 attempt=1/2 status=200 0.479s url=https://www.myfonts.com/collections/herald-news-font-kevin-foley-fonts/
[2026-04-06T08:06:57Z] #611 attempt=1/2 status=200 0.279s url=https://www.myfonts.com/products/hg-reithic-complete-family-package-1125065
[2026-04-06T08:06:57Z] #612 attempt=1/2 status=200 0.349s url=https://www.myfonts.com/collections/hg-reithic-font-ricoh/
[2026-04-06T08:06:58Z] #613 attempt=1/2 status=200 0.345s url=https://www.myfonts.com/products/hg-soei-kakupoptai-complete-family-package-1125222
[2026-04-06T08:06:59Z] #614 attempt=1/2 status=200 0.319s url=https://www.myfonts.com/collections/hg-soei-kakupoptai-font-ricoh/
[2026-04-06T08:06:59Z] #615 attempt=1/2 status=200 0.326s url=https://www.myfonts.com/products/hg-gothic-complete-family-package-1125118
[2026-04-06T08:07:00Z] #616 attempt=1/2 status=200 0.557s url=https://www.myfonts.com/collections/hg-gothic-font-ricoh/
[2026-04-06T08:07:01Z] #617 attempt=1/2 status=200 0.400s url=https://www.myfonts.com/products/hg-new-gothic-m-complete-family-package-1125104
[2026-04-06T08:07:01Z] #618 attempt=1/2 status=200 0.340s url=https://www.myfonts.com/collections/hg-new-gothic-m-font-ricoh/
[2026-04-06T08:07:02Z] #619 attempt=1/2 status=200 0.290s url=https://www.myfonts.com/collections/hg-new-gothic-m-font-ricoh/
[2026-04-06T08:07:02Z] #620 attempt=1/2 status=200 0.262s url=https://www.myfonts.com/products/hg-mincho-l-complete-family-package-1125130
[2026-04-06T08:07:03Z] #621 attempt=1/2 status=200 0.379s url=https://www.myfonts.com/collections/hgp-mincho-l-font-ricoh/
[2026-04-06T08:07:04Z] #622 attempt=1/2 status=200 0.406s url=https://www.myfonts.com/collections/hgp-mincho-l-font-ricoh/
[2026-04-06T08:07:04Z] #623 attempt=1/2 status=200 0.446s url=https://www.myfonts.com/collections/hg-mincho-l-font-ricoh
[2026-04-06T08:07:05Z] #624 attempt=1/2 status=200 0.308s url=https://www.myfonts.com/collections/hg-mincho-l-font-ricoh
[2026-04-06T08:07:06Z] #625 attempt=1/6 status=200 0.545s url=https://www.myfonts.com/products.json?limit=100&page=17
[2026-04-06T08:07:07Z] #626 attempt=1/2 status=200 0.773s url=https://www.myfonts.com/products/calvion-sans-complete-family-package-1126001
[2026-04-06T08:07:08Z] #627 attempt=1/2 status=200 1.112s url=https://www.myfonts.com/collections/calvion-sans-font-typehill-studio/
[2026-04-06T08:07:09Z] #628 attempt=1/2 status=200 0.266s url=https://www.myfonts.com/products/hg-soei-futo-penjitai-complete-family-package-1125087
[2026-04-06T08:07:10Z] #629 attempt=1/2 status=200 0.284s url=https://www.myfonts.com/collections/hg-soei-futo-penjitai-font-ricoh/
[2026-04-06T08:07:10Z] #630 attempt=1/2 status=200 0.260s url=https://www.myfonts.com/collections/hg-soei-futo-penjitai-font-ricoh/
[2026-04-06T08:07:11Z] #631 attempt=1/2 status=200 0.396s url=https://www.myfonts.com/products/anisera-complete-family-package-1126092
[2026-04-06T08:07:11Z] #632 attempt=1/2 status=200 0.327s url=https://www.myfonts.com/collections/anisera-font-ragamkata/
[2026-04-06T08:07:12Z] #633 attempt=1/2 status=200 0.770s url=https://www.myfonts.com/products/prodicos-complete-family-package-1125576
[2026-04-06T08:07:14Z] #634 attempt=1/2 status=200 0.976s url=https://www.myfonts.com/collections/prodicos-font-alpercakici/
[2026-04-06T08:07:14Z] #635 attempt=1/2 status=200 0.308s url=https://www.myfonts.com/products/hg-heisei-marugothictai-w4-complete-family-package-1125272
[2026-04-06T08:07:15Z] #636 attempt=1/2 status=200 0.393s url=https://www.myfonts.com/collections/hg-heisei-marugothictai-w4-font-ricoh/
[2026-04-06T08:07:16Z] #637 attempt=1/2 status=200 0.273s url=https://www.myfonts.com/collections/hg-heisei-marugothictai-w4-font-ricoh/
[2026-04-06T08:07:16Z] #638 attempt=1/2 status=200 0.306s url=https://www.myfonts.com/products/masign-complete-family-package-1126463
[2026-04-06T08:07:17Z] #639 attempt=1/2 status=200 0.405s url=https://www.myfonts.com/collections/masign-font-tini-fitriani/
[2026-04-06T08:07:17Z] #640 attempt=1/2 status=200 0.111s url=https://www.myfonts.com/products/nasalization-complete-family-package-1125807
[2026-04-06T08:07:18Z] #641 attempt=1/2 status=200 0.553s url=https://www.myfonts.com/collections/nasalization-font-typodermic/
[2026-04-06T08:07:19Z] #642 attempt=1/2 status=200 0.390s url=https://www.myfonts.com/products/iwagumi-sans-complete-family-package-1126133
[2026-04-06T08:07:20Z] #643 attempt=1/2 status=200 0.701s url=https://www.myfonts.com/collections/iwagumi-sans-font-mabutype/
[2026-04-06T08:07:21Z] #644 attempt=1/2 status=200 0.516s url=https://www.myfonts.com/products/pasta-monday-complete-family-package-1126215
[2026-04-06T08:07:21Z] #645 attempt=1/2 status=200 0.422s url=https://www.myfonts.com/collections/pasta-monday-font-the-native-saint-club/
[2026-04-06T08:07:22Z] #646 attempt=1/2 status=200 0.413s url=https://www.myfonts.com/products/bakerman-blur-complete-family-package-1126125
[2026-04-06T08:07:23Z] #647 attempt=1/2 status=200 0.434s url=https://www.myfonts.com/collections/bakerman-blur-font-zasepa-studio/
[2026-04-06T08:07:24Z] #648 attempt=1/2 status=200 0.587s url=https://www.myfonts.com/products/april-pearl-complete-family-package-1126460
[2026-04-06T08:07:24Z] #649 attempt=1/2 status=200 0.306s url=https://www.myfonts.com/collections/april-pearl-font-stylishtype-studio/
[2026-04-06T08:07:25Z] #650 attempt=1/2 status=200 0.332s url=https://www.myfonts.com/products/hg-heisei-minchotai-w3-complete-family-package-1125268
[2026-04-06T08:07:25Z] #651 attempt=1/2 status=200 0.320s url=https://www.myfonts.com/collections/hg-heisei-minchotai-font-ricoh/
[2026-04-06T08:07:26Z] #652 attempt=1/2 status=200 0.260s url=https://www.myfonts.com/products/hg-dot-maru-gothic-m-complete-family-package-1125159
[2026-04-06T08:07:26Z] #653 attempt=1/2 status=200 0.343s url=https://www.myfonts.com/collections/hg-dot-maru-gothic-m-font-ricoh/
[2026-04-06T08:07:27Z] #654 attempt=1/2 status=200 0.148s url=https://www.myfonts.com/collections/hg-dot-maru-gothic-m-font-ricoh/
[2026-04-06T08:07:28Z] #655 attempt=1/2 status=200 0.532s url=https://www.myfonts.com/products/hg-dot-gothic-m-complete-family-package-1125171
[2026-04-06T08:07:28Z] #656 attempt=1/2 status=200 0.352s url=https://www.myfonts.com/collections/hg-dot-gothic-m-font-ricoh/
[2026-04-06T08:07:29Z] #657 attempt=1/2 status=200 0.391s url=https://www.myfonts.com/collections/hg-dot-gothic-m-font-ricoh/
[2026-04-06T08:07:29Z] #658 attempt=1/2 status=200 0.351s url=https://www.myfonts.com/products/hg-heisei-kakugothictai-w7-complete-family-package-1125217
[2026-04-06T08:07:30Z] #659 attempt=1/2 status=200 0.322s url=https://www.myfonts.com/collections/hg-heisei-kakugothictai-w7-font-ricoh/
[2026-04-06T08:07:31Z] #660 attempt=1/2 status=200 0.292s url=https://www.myfonts.com/collections/hg-heisei-kakugothictai-w7-font-ricoh/
[2026-04-06T08:07:31Z] #661 attempt=1/2 status=200 0.251s url=https://www.myfonts.com/products/hg-dot-mincho-b-complete-family-package-1125109
[2026-04-06T08:07:32Z] #662 attempt=1/2 status=200 0.301s url=https://www.myfonts.com/collections/hg-dot-mincho-b-font-ricoh/
[2026-04-06T08:07:32Z] #663 attempt=1/2 status=200 0.118s url=https://www.myfonts.com/collections/hg-dot-mincho-b-font-ricoh/
[2026-04-06T08:07:33Z] #664 attempt=1/2 status=200 0.405s url=https://www.myfonts.com/products/hg-mincho-complete-family-package-1125074
[2026-04-06T08:07:33Z] #665 attempt=1/2 status=200 0.435s url=https://www.myfonts.com/collections/hg-mincho-font-ricoh/
[2026-04-06T08:07:34Z] #666 attempt=1/2 status=200 0.440s url=https://www.myfonts.com/products/hg-kyokashotai-complete-family-package-1125069
[2026-04-06T08:07:35Z] #667 attempt=1/2 status=200 0.340s url=https://www.myfonts.com/collections/hg-kyokashotai-font-ricoh/
[2026-04-06T08:07:35Z] #668 attempt=1/2 status=200 0.331s url=https://www.myfonts.com/products/hg-dot-new-gothic-m-complete-family-package-1125258
[2026-04-06T08:07:36Z] #669 attempt=1/2 status=200 0.427s url=https://www.myfonts.com/collections/hg-dot-new-gothic-m-font-ricoh/
[2026-04-06T08:07:37Z] #670 attempt=1/2 status=200 0.333s url=https://www.myfonts.com/collections/hg-dot-new-gothic-m-font-ricoh/
[2026-04-06T08:07:37Z] #671 attempt=1/2 status=200 0.535s url=https://www.myfonts.com/products/always-think-twice-complete-family-package-1126457
[2026-04-06T08:07:38Z] #672 attempt=1/2 status=200 0.399s url=https://www.myfonts.com/collections/always-think-twice-font-pizzadudedk/
[2026-04-06T08:07:39Z] #673 attempt=1/2 status=200 0.322s url=https://www.myfonts.com/products/hg-dot-maru-gothic-b-complete-family-package-1125241
[2026-04-06T08:07:39Z] #674 attempt=1/2 status=200 0.278s url=https://www.myfonts.com/collections/hg-dot-maru-gothic-b-font-ricoh/
[2026-04-06T08:07:40Z] #675 attempt=1/2 status=200 0.330s url=https://www.myfonts.com/collections/hg-dot-maru-gothic-b-font-ricoh/
[2026-04-06T08:07:40Z] #676 attempt=1/2 status=200 0.324s url=https://www.myfonts.com/products/hg-gyoshotai-complete-family-package-1125208
[2026-04-06T08:07:41Z] #677 attempt=1/2 status=200 0.270s url=https://www.myfonts.com/collections/hg-gyoshotai-font-ricoh/
[2026-04-06T08:07:42Z] #678 attempt=1/2 status=200 0.492s url=https://www.myfonts.com/products/selfion-complete-family-package-1125039
[2026-04-06T08:07:42Z] #679 attempt=1/2 status=200 0.580s url=https://www.myfonts.com/collections/selfion-font-gusetype/
[2026-04-06T08:07:43Z] #680 attempt=1/2 status=200 0.545s url=https://www.myfonts.com/products/hg-hagoromo-complete-family-package-1125227
[2026-04-06T08:07:44Z] #681 attempt=1/2 status=200 0.426s url=https://www.myfonts.com/collections/hg-hagoromo-font-ricoh/
[2026-04-06T08:07:45Z] #682 attempt=1/2 status=200 0.565s url=https://www.myfonts.com/products/duh-encok-complete-family-package-1126343
[2026-04-06T08:07:46Z] #683 attempt=1/2 status=200 0.602s url=https://www.myfonts.com/collections/duh-encok-font-mystical-type/
[2026-04-06T08:07:46Z] #684 attempt=1/2 status=200 0.264s url=https://www.myfonts.com/products/hg-heisei-kakugothictai-w9-complete-family-package-1125126
[2026-04-06T08:07:47Z] #685 attempt=1/2 status=200 0.252s url=https://www.myfonts.com/collections/hg-heisei-kakugothictai-w9-font-ricoh/
[2026-04-06T08:07:47Z] #686 attempt=1/2 status=200 0.305s url=https://www.myfonts.com/collections/hg-heisei-kakugothictai-w9-font-ricoh/
[2026-04-06T08:07:48Z] #687 attempt=1/2 status=200 0.326s url=https://www.myfonts.com/products/hg-new-gothic-rt-complete-family-package-1125141
[2026-04-06T08:07:49Z] #688 attempt=1/2 status=200 0.470s url=https://www.myfonts.com/collections/hg-new-gothic-rt-font-ricoh/
[2026-04-06T08:07:50Z] #689 attempt=1/2 status=200 0.677s url=https://www.myfonts.com/collections/hg-new-gothic-rt-font-ricoh/
[2026-04-06T08:07:50Z] #690 attempt=1/2 status=200 0.468s url=https://www.myfonts.com/products/themora-complete-family-package-1126095
[2026-04-06T08:07:51Z] #691 attempt=1/2 status=200 0.341s url=https://www.myfonts.com/collections/themora-font-vermilione/
[2026-04-06T08:07:52Z] #692 attempt=1/2 status=200 0.450s url=https://www.myfonts.com/products/hg-dot-mincho-m-complete-family-package-1125195
[2026-04-06T08:07:52Z] #693 attempt=1/2 status=200 0.472s url=https://www.myfonts.com/collections/hg-dot-mincho-m-font-ricoh/
[2026-04-06T08:07:53Z] #694 attempt=1/2 status=200 0.514s url=https://www.myfonts.com/collections/hg-dot-mincho-m-font-ricoh/
[2026-04-06T08:07:54Z] #695 attempt=1/2 status=200 0.397s url=https://www.myfonts.com/products/vicido-litterata-1-complete-family-package-1125002
[2026-04-06T08:07:54Z] #696 attempt=1/2 status=200 0.290s url=https://www.myfonts.com/collections/vicido-litterata-1-font-vicido/
[2026-04-06T08:07:55Z] #697 attempt=1/2 status=200 0.275s url=https://www.myfonts.com/products/hg-dot-gothic-b-complete-family-package-1125091
[2026-04-06T08:07:56Z] #698 attempt=1/2 status=200 0.341s url=https://www.myfonts.com/collections/hg-dot-gothic-b-font-ricoh/
[2026-04-06T08:07:56Z] #699 attempt=1/2 status=200 0.160s url=https://www.myfonts.com/collections/hg-dot-gothic-b-font-ricoh/
[2026-04-06T08:07:57Z] #700 attempt=1/2 status=200 0.274s url=https://www.myfonts.com/products/hg-heisei-minchotai-w9-complete-family-package-1125212
[2026-04-06T08:07:57Z] #701 attempt=1/2 status=200 0.498s url=https://www.myfonts.com/collections/hg-heisei-minchotai-w9-font-ricoh/
[2026-04-06T08:07:58Z] #702 attempt=1/2 status=200 0.358s url=https://www.myfonts.com/collections/hg-heisei-minchotai-w9-font-ricoh/
[2026-04-06T08:07:59Z] #703 attempt=1/2 status=200 0.251s url=https://www.myfonts.com/products/hg-heisei-marugothictai-complete-family-package-1125138
[2026-04-06T08:07:59Z] #704 attempt=1/2 status=200 0.319s url=https://www.myfonts.com/collections/hg-heisei-marugothictai-font-ricoh/
[2026-04-06T08:08:00Z] #705 attempt=1/2 status=200 0.251s url=https://www.myfonts.com/collections/hg-heisei-marugothictai-font-ricoh/
[2026-04-06T08:08:00Z] #706 attempt=1/2 status=200 0.490s url=https://www.myfonts.com/products/biarritz-complete-family-package-1124941
[2026-04-06T08:08:01Z] #707 attempt=1/2 status=200 0.607s url=https://www.myfonts.com/collections/biarritz-font-genilson-santos/
[2026-04-06T08:08:02Z] #708 attempt=1/2 status=200 0.261s url=https://www.myfonts.com/products/hg-heisei-marugothictai-w8-complete-family-package-1125081
[2026-04-06T08:08:02Z] #709 attempt=1/2 status=200 0.246s url=https://www.myfonts.com/collections/hg-heisei-marugothictai-w8-font-ricoh/
[2026-04-06T08:08:03Z] #710 attempt=1/2 status=200 0.316s url=https://www.myfonts.com/collections/hg-heisei-marugothictai-w8-font-ricoh/
[2026-04-06T08:08:03Z] #711 attempt=1/2 status=200 0.276s url=https://www.myfonts.com/products/hg-heisei-kakugothictai-w5-complete-family-package-1125134
[2026-04-06T08:08:04Z] #712 attempt=1/2 status=200 0.353s url=https://www.myfonts.com/collections/hg-heisei-kakugothictai-w5-font-ricoh/
[2026-04-06T08:08:04Z] #713 attempt=1/2 status=200 0.119s url=https://www.myfonts.com/collections/hg-heisei-kakugothictai-w5-font-ricoh/
[2026-04-06T08:08:05Z] #714 attempt=1/2 status=200 0.526s url=https://www.myfonts.com/products/brusnika-complete-family-package-1124950
[2026-04-06T08:08:06Z] #715 attempt=1/2 status=200 0.759s url=https://www.myfonts.com/collections/brusnika-font-alpercakici/
[2026-04-06T08:08:07Z] #716 attempt=1/6 status=200 0.608s url=https://www.myfonts.com/products.json?limit=100&page=18
[2026-04-06T08:08:08Z] #717 attempt=1/2 status=200 0.324s url=https://www.myfonts.com/products/compressed-thin-dean-soft-vf-1125767
[2026-04-06T08:08:09Z] #718 attempt=1/2 status=200 0.300s url=https://www.myfonts.com/collections/dean-soft-vf-font-blaze-type/
[2026-04-06T08:08:09Z] #719 attempt=1/2 status=200 0.328s url=https://www.myfonts.com/products/regular-thailoop-1126336
[2026-04-06T08:08:10Z] #720 attempt=1/2 status=200 0.318s url=https://www.myfonts.com/collections/thailoop-font-vadova-std/
[2026-04-06T08:08:11Z] #721 attempt=1/6 status=200 0.737s url=https://www.myfonts.com/products.json?limit=100&page=19
[2026-04-06T08:08:12Z] #722 attempt=1/2 status=200 0.345s url=https://www.myfonts.com/products/regular-refined-strokes-1126143
[2026-04-06T08:08:12Z] #723 attempt=1/2 status=200 0.327s url=https://www.myfonts.com/collections/refined-strokes-font-bluestype-studio/
[2026-04-06T08:08:13Z] #724 attempt=1/2 status=200 0.248s url=https://www.myfonts.com/products/regular-hghidemi-heiseikakugo-w9-s-1125234
[2026-04-06T08:08:13Z] #725 attempt=1/2 status=200 0.371s url=https://www.myfonts.com/collections/hghidemi-heiseikakugo-w9-s-font-ricoh/
[2026-04-06T08:08:14Z] #726 attempt=1/2 status=200 0.310s url=https://www.myfonts.com/collections/hghidemi-heiseikakugo-w9-s-font-ricoh/
[2026-04-06T08:08:14Z] #727 attempt=1/2 status=200 0.343s url=https://www.myfonts.com/products/regular-rooster-doodle-1125832
[2026-04-06T08:08:15Z] #728 attempt=1/2 status=200 0.311s url=https://www.myfonts.com/collections/rooster-doodle-font-bayuktx/
[2026-04-06T08:08:16Z] #729 attempt=1/2 status=200 0.373s url=https://www.myfonts.com/products/regular-heritage-ink-1126104
[2026-04-06T08:08:16Z] #730 attempt=1/2 status=200 0.347s url=https://www.myfonts.com/collections/heritage-ink-font-hipfonts/
[2026-04-06T08:08:17Z] #731 attempt=1/2 status=200 0.322s url=https://www.myfonts.com/products/regular-alfondale-1124995
[2026-04-06T08:08:17Z] #732 attempt=1/2 status=200 0.336s url=https://www.myfonts.com/collections/alfondale-font-ironbird-creative/
[2026-04-06T08:08:19Z] #733 attempt=1/6 status=200 0.904s url=https://www.myfonts.com/products.json?limit=100&page=20
[2026-04-06T08:08:19Z] #734 attempt=1/2 status=200 0.299s url=https://www.myfonts.com/products/regular-brumer-1126124
[2026-04-06T08:08:20Z] #735 attempt=1/2 status=200 0.264s url=https://www.myfonts.com/collections/brumer-font-typoraith-co/
[2026-04-06T08:08:20Z] #736 attempt=1/2 status=200 0.299s url=https://www.myfonts.com/products/regular-hgheisei-minchotai-w9-l-1125233
[2026-04-06T08:08:21Z] #737 attempt=1/2 status=200 0.320s url=https://www.myfonts.com/collections/hgheisei-minchotai-w9-l-font-ricoh/
[2026-04-06T08:08:22Z] #738 attempt=1/2 status=200 0.286s url=https://www.myfonts.com/collections/hgheisei-minchotai-w9-l-font-ricoh/
[2026-04-06T08:08:22Z] #739 attempt=1/2 status=200 0.324s url=https://www.myfonts.com/products/regular-calfiera-1126115
[2026-04-06T08:08:23Z] #740 attempt=1/2 status=200 0.252s url=https://www.myfonts.com/collections/calfiera-font-letterstock/
[2026-04-06T08:08:23Z] #741 attempt=1/2 status=200 0.280s url=https://www.myfonts.com/products/regular-hghidemi-heiseikakugo-w9-l-1125216
[2026-04-06T08:08:24Z] #742 attempt=1/2 status=200 0.291s url=https://www.myfonts.com/collections/hghidemi-heiseikakugo-w9-l-font-ricoh/
[2026-04-06T08:08:24Z] #743 attempt=1/2 status=200 0.233s url=https://www.myfonts.com/collections/hghidemi-heiseikakugo-w9-l-font-ricoh/
[2026-04-06T08:08:25Z] #744 attempt=1/6 status=200 0.709s url=https://www.myfonts.com/products.json?limit=100&page=21
[2026-04-06T08:08:26Z] #745 attempt=1/2 status=200 0.270s url=https://www.myfonts.com/products/regular-hgheisei-kakugo-w9-l-1125115
[2026-04-06T08:08:27Z] #746 attempt=1/2 status=200 0.364s url=https://www.myfonts.com/collections/hgheisei-kakugo-w9-l-font-ricoh/
[2026-04-06T08:08:27Z] #747 attempt=1/2 status=200 0.252s url=https://www.myfonts.com/collections/hgheisei-kakugo-w9-l-font-ricoh/
[2026-04-06T08:08:28Z] #748 attempt=1/6 status=200 0.599s url=https://www.myfonts.com/products.json?limit=100&page=22
[2026-04-06T08:08:29Z] #749 attempt=1/2 status=200 0.324s url=https://www.myfonts.com/products/regular-oamphie-vintage-1124999
[2026-04-06T08:08:29Z] #750 attempt=1/2 status=200 0.316s url=https://www.myfonts.com/collections/oamphie-vintage-font-dm-studio/
[2026-04-06T08:08:30Z] #751 attempt=1/2 status=200 0.306s url=https://www.myfonts.com/products/regular-hgheisei-marugothictai-w8-l-1125278
[2026-04-06T08:08:30Z] #752 attempt=1/2 status=200 0.271s url=https://www.myfonts.com/collections/hgheisei-marugothictai-w8-l-font-ricoh/
[2026-04-06T08:08:31Z] #753 attempt=1/2 status=200 0.147s url=https://www.myfonts.com/collections/hgheisei-marugothictai-w8-l-font-ricoh/
[2026-04-06T08:08:31Z] #754 attempt=1/2 status=200 0.283s url=https://www.myfonts.com/products/regular-elf-story-1126122
[2026-04-06T08:08:32Z] #755 attempt=1/2 status=200 0.347s url=https://www.myfonts.com/collections/elf-story-font-mvmet/
[2026-04-06T08:08:32Z] #756 attempt=1/2 status=200 0.290s url=https://www.myfonts.com/products/regular-harley-maykids-1126100
[2026-04-06T08:08:33Z] #757 attempt=1/2 status=200 0.338s url=https://www.myfonts.com/collections/harley-maykids-font-jinan-studio/
[2026-04-06T08:08:34Z] #758 attempt=1/2 status=200 0.384s url=https://www.myfonts.com/products/regular-roleside-1126153
[2026-04-06T08:08:34Z] #759 attempt=1/2 status=200 0.329s url=https://www.myfonts.com/collections/roleside-font-monolimes/
[2026-04-06T08:08:36Z] #760 attempt=1/6 status=200 0.662s url=https://www.myfonts.com/products.json?limit=100&page=23
[2026-04-06T08:08:37Z] #761 attempt=1/6 status=200 0.616s url=https://www.myfonts.com/products.json?limit=100&page=24
[2026-04-06T08:08:38Z] #762 attempt=1/6 status=200 0.623s url=https://www.myfonts.com/products.json?limit=100&page=25
[2026-04-06T08:08:38Z] #763 attempt=1/2 status=200 0.322s url=https://www.myfonts.com/products/regular-midnight-ooze-1126222
[2026-04-06T08:08:39Z] #764 attempt=1/2 status=200 0.416s url=https://www.myfonts.com/collections/midnight-ooze-font-vadova-std/
[2026-04-06T08:08:40Z] #765 attempt=1/2 status=200 0.329s url=https://www.myfonts.com/products/regular-varago-1125020
[2026-04-06T08:08:40Z] #766 attempt=1/2 status=200 0.247s url=https://www.myfonts.com/collections/varago-font-vadova-std/
[2026-04-06T08:08:41Z] #767 attempt=1/2 status=200 0.312s url=https://www.myfonts.com/products/regular-qurellia-salesta-1124990
[2026-04-06T08:08:41Z] #768 attempt=1/2 status=200 0.421s url=https://www.myfonts.com/collections/qurellia-salesta-font-vermilione/
[2026-04-06T08:08:42Z] #769 attempt=1/2 status=200 0.318s url=https://www.myfonts.com/products/regular-antiqua-lux-1126108
[2026-04-06T08:08:42Z] #770 attempt=1/2 status=200 0.308s url=https://www.myfonts.com/collections/antiqua-lux-font-hipfonts/
[2026-04-06T08:08:43Z] #771 attempt=1/2 status=200 0.239s url=https://www.myfonts.com/products/regular-hg-akane-heisei-marugothictai-w8s-1125086
[2026-04-06T08:08:44Z] #772 attempt=1/2 status=200 0.301s url=https://www.myfonts.com/collections/hg-akane-heisei-marugothictai-w8s-font-ricoh/
[2026-04-06T08:08:44Z] #773 attempt=1/2 status=200 0.128s url=https://www.myfonts.com/collections/hg-akane-heisei-marugothictai-w8s-font-ricoh/
[2026-04-06T08:08:44Z] #774 attempt=1/2 status=200 0.244s url=https://www.myfonts.com/products/thin-oufale-1125061
[2026-04-06T08:08:45Z] #775 attempt=1/2 status=200 0.268s url=https://www.myfonts.com/collections/oufale-font-glyphofik-type/
[2026-04-06T08:08:46Z] #776 attempt=1/2 status=200 0.295s url=https://www.myfonts.com/products/regular-daily-sunny-1125019
[2026-04-06T08:08:46Z] #777 attempt=1/2 status=200 0.328s url=https://www.myfonts.com/collections/daily-sunny-font-rasio-studio/
[2026-04-06T08:08:46Z] summary releases=0 first_429=None log_file=state/myfonts_run_20260406_075730.log
[2026-04-06T08:08:46Z] === MyFonts crawl end ===
