[2026-04-12T07:25:37Z] checkpoint fresh next_page=1 path=state/myfonts_crawl_checkpoint.json
[2026-04-12T07:25:37Z] === MyFonts crawl start source=myfonts ===
[2026-04-12T07:25:37Z] config max_pages=25 page_size=100 start_date=2026-04-11 end_date=2026-04-12 api_delay=0.5s detail_delay=0.2s max_debut_checks=400 max_tech_specs_checks=200 reuse_success_profile=False always_enrich_packages=True language_script_signal_mode=strong force_fresh_run=False start_page=1 browser_mode=False browser_headless=True browser_storage_state_path=state/myfonts_storage_state.json
[2026-04-12T07:25:39Z] #1 attempt=1/6 status=200 0.849s url=https://www.myfonts.com/products.json?limit=100&page=1
[2026-04-12T07:25:40Z] #2 attempt=1/2 status=200 0.793s url=https://www.myfonts.com/products/rounded-traced-neora-1132426
[2026-04-12T07:25:40Z] #3 attempt=1/2 status=200 0.545s url=https://www.myfonts.com/collections/neora-font-alpercakici/
[2026-04-12T07:25:42Z] #4 attempt=1/2 status=200 0.689s url=https://www.myfonts.com/collections/neora-font-alpercakici/?tab=techSpecs
[2026-04-12T07:25:45Z] #5 attempt=1/2 status=200 0.465s url=https://www.myfonts.com/products/cnd-extrabold-novel-sans-rounded-1133092
[2026-04-12T07:25:46Z] #6 attempt=1/2 status=200 0.454s url=https://www.myfonts.com/collections/novel-sans-rounded-font-atlasfontfoundry/
[2026-04-12T07:25:47Z] #7 attempt=1/2 status=200 0.183s url=https://www.myfonts.com/collections/novel-sans-rounded-font-atlasfontfoundry/?tab=techSpecs
[2026-04-12T07:25:48Z] #8 attempt=1/2 status=200 0.423s url=https://www.myfonts.com/products/bold-novel-sans-rounded-arabic-1132304
[2026-04-12T07:25:49Z] #9 attempt=1/2 status=200 0.425s url=https://www.myfonts.com/collections/novel-sans-rounded-arabic-font-atlasfontfoundry/
[2026-04-12T07:25:49Z] #10 attempt=1/2 status=200 0.165s url=https://www.myfonts.com/collections/novel-sans-rounded-arabic-font-atlasfontfoundry/?tab=techSpecs
[2026-04-12T07:25:51Z] #11 attempt=1/2 status=200 0.335s url=https://www.myfonts.com/products/extra-bold-solvea-1132294
[2026-04-12T07:25:51Z] #12 attempt=1/2 status=200 0.472s url=https://www.myfonts.com/collections/solvea-font-grezline-studio/
[2026-04-12T07:25:52Z] #13 attempt=1/2 status=200 0.157s url=https://www.myfonts.com/collections/solvea-font-grezline-studio/?tab=techSpecs
[2026-04-12T07:25:53Z] #14 attempt=1/2 status=200 0.400s url=https://www.myfonts.com/products/xxxcnd-bold-novel-sans-rounded-cyrillic-1133061
[2026-04-12T07:25:54Z] #15 attempt=1/2 status=200 0.483s url=https://www.myfonts.com/collections/novel-sans-rounded-cyrillic-font-atlasfontfoundry/
[2026-04-12T07:25:55Z] #16 attempt=1/2 status=200 0.153s url=https://www.myfonts.com/collections/novel-sans-rounded-cyrillic-font-atlasfontfoundry/?tab=techSpecs
[2026-04-12T07:25:56Z] #17 attempt=1/2 status=200 0.333s url=https://www.myfonts.com/products/regular-casual-flow-1132292
[2026-04-12T07:25:56Z] #18 attempt=1/2 status=200 0.283s url=https://www.myfonts.com/collections/casual-flow-font-rhd-creative/
[2026-04-12T07:25:57Z] #19 attempt=1/2 status=200 0.148s url=https://www.myfonts.com/collections/casual-flow-font-rhd-creative/?tab=techSpecs
[2026-04-12T07:25:58Z] #20 attempt=1/2 status=200 0.323s url=https://www.myfonts.com/products/regular-volumefour-1133237
[2026-04-12T07:25:58Z] #21 attempt=1/2 status=200 0.376s url=https://www.myfonts.com/collections/volumefour-font-ryan-corey/
[2026-04-12T07:25:59Z] #22 attempt=1/2 status=200 0.272s url=https://www.myfonts.com/collections/volumefour-font-ryan-corey/?tab=techSpecs
[2026-04-12T07:26:00Z] #23 attempt=1/2 status=200 0.435s url=https://www.myfonts.com/products/xxcnd-bold-italic-novel-sans-rounded-greek-1132977
[2026-04-12T07:26:01Z] #24 attempt=1/2 status=200 0.494s url=https://www.myfonts.com/collections/novel-sans-rounded-greek-font-atlasfontfoundry/
[2026-04-12T07:26:02Z] #25 attempt=1/2 status=200 0.516s url=https://www.myfonts.com/collections/novel-sans-rounded-greek-font-atlasfontfoundry/?tab=techSpecs
[2026-04-12T07:26:03Z] #26 attempt=1/2 status=200 0.415s url=https://www.myfonts.com/products/black-italic-tt-neoris-1132873
[2026-04-12T07:26:04Z] #27 attempt=1/2 status=200 0.489s url=https://www.myfonts.com/collections/tt-neoris-font-typetype/
[2026-04-12T07:26:04Z] #28 attempt=1/2 status=200 0.158s url=https://www.myfonts.com/collections/tt-neoris-font-typetype/?tab=techSpecs
[2026-04-12T07:26:06Z] #29 attempt=1/2 status=200 0.340s url=https://www.myfonts.com/products/xxxcnd-medium-novel-sans-rounded-hebrew-1132908
[2026-04-12T07:26:06Z] #30 attempt=1/2 status=200 0.380s url=https://www.myfonts.com/collections/novel-sans-rounded-hebrew-font-atlasfontfoundry/
[2026-04-12T07:26:07Z] #31 attempt=1/2 status=200 0.411s url=https://www.myfonts.com/collections/novel-sans-rounded-hebrew-font-atlasfontfoundry/?tab=techSpecs
[2026-04-12T07:26:09Z] #32 attempt=1/2 status=200 0.313s url=https://www.myfonts.com/products/55-idea-fonts-jue-jiang-hei-1132468
[2026-04-12T07:26:10Z] #33 attempt=1/2 status=200 0.413s url=https://www.myfonts.com/collections/idea-fonts-jue-jiang-hei-font-hellofont/
[2026-04-12T07:26:10Z] #34 attempt=1/2 status=200 0.184s url=https://www.myfonts.com/collections/idea-fonts-jue-jiang-hei-font-hellofont/?tab=techSpecs
[2026-04-12T07:26:13Z] #35 attempt=1/2 status=200 0.358s url=https://www.myfonts.com/collections/idea-fonts-jue-jiang-hei-font-hellofont/
[2026-04-12T07:26:15Z] #36 attempt=1/6 status=200 0.783s url=https://www.myfonts.com/products.json?limit=100&page=2
[2026-04-12T07:26:15Z] #37 attempt=1/2 status=200 0.667s url=https://www.myfonts.com/products/thin-extra-expanded-oblique-dichora-1132225
[2026-04-12T07:26:16Z] #38 attempt=1/2 status=200 0.821s url=https://www.myfonts.com/collections/dichora-font-enfeeltype/
[2026-04-12T07:26:18Z] #39 attempt=1/2 status=200 1.047s url=https://www.myfonts.com/collections/dichora-font-enfeeltype/?tab=techSpecs
[2026-04-12T07:26:21Z] #40 attempt=1/2 status=200 0.518s url=https://www.myfonts.com/products/medium-expanded-kenigha-1131766
[2026-04-12T07:26:21Z] #41 attempt=1/2 status=200 0.613s url=https://www.myfonts.com/collections/kenigha-font-bosstypestudio/
[2026-04-12T07:26:23Z] #42 attempt=1/2 status=200 0.701s url=https://www.myfonts.com/collections/kenigha-font-bosstypestudio/?tab=techSpecs
[2026-04-12T07:26:24Z] #43 attempt=1/2 status=200 0.404s url=https://www.myfonts.com/products/800-astute-grotesque-1132076
[2026-04-12T07:26:24Z] #44 attempt=1/2 status=200 0.361s url=https://www.myfonts.com/collections/astute-grotesque-font-parker-creative/
[2026-04-12T07:26:25Z] #45 attempt=1/2 status=200 0.458s url=https://www.myfonts.com/collections/astute-grotesque-font-parker-creative/?tab=techSpecs
[2026-04-12T07:26:27Z] #46 attempt=1/2 status=200 0.449s url=https://www.myfonts.com/products/bold-slanted-dg-zakorn-1132042
[2026-04-12T07:26:28Z] #47 attempt=1/2 status=200 0.381s url=https://www.myfonts.com/collections/dg-zakorn-font-dg-typeworks-studio/
[2026-04-12T07:26:29Z] #48 attempt=1/2 status=200 0.513s url=https://www.myfonts.com/collections/dg-zakorn-font-dg-typeworks-studio/?tab=techSpecs
[2026-04-12T07:26:31Z] #49 attempt=1/2 status=200 0.544s url=https://www.myfonts.com/products/italic-sing-my-song-1132064
[2026-04-12T07:26:32Z] #50 attempt=1/2 status=200 0.483s url=https://www.myfonts.com/collections/sing-my-song-font-pizzadudedk/
[2026-04-12T07:26:32Z] #51 attempt=1/2 status=200 0.160s url=https://www.myfonts.com/collections/sing-my-song-font-pizzadudedk/?tab=techSpecs
[2026-04-12T07:26:33Z] #52 attempt=1/2 status=200 0.545s url=https://www.myfonts.com/products/rounded-italic-batch-1132008
[2026-04-12T07:26:34Z] #53 attempt=1/2 status=200 0.462s url=https://www.myfonts.com/collections/batch-font-alpercakici/
[2026-04-12T07:26:34Z] #54 attempt=1/2 status=200 0.157s url=https://www.myfonts.com/collections/batch-font-alpercakici/?tab=techSpecs
[2026-04-12T07:26:36Z] #55 attempt=1/2 status=200 0.365s url=https://www.myfonts.com/products/regular-tatsukaze-1132066
[2026-04-12T07:26:37Z] #56 attempt=1/2 status=200 0.419s url=https://www.myfonts.com/collections/tatsukaze-font-made-deduk/
[2026-04-12T07:26:37Z] #57 attempt=1/2 status=200 0.338s url=https://www.myfonts.com/collections/tatsukaze-font-made-deduk/?tab=techSpecs
[2026-04-12T07:26:38Z] #58 attempt=1/2 status=200 0.393s url=https://www.myfonts.com/products/extra-bold-miroje-1132057
[2026-04-12T07:26:39Z] #59 attempt=1/2 status=200 0.357s url=https://www.myfonts.com/collections/miroje-font-issam-type/
[2026-04-12T07:26:39Z] #60 attempt=1/2 status=200 0.341s url=https://www.myfonts.com/collections/miroje-font-issam-type/?tab=techSpecs
[2026-04-12T07:26:40Z] #61 attempt=1/2 status=200 0.361s url=https://www.myfonts.com/products/bold-italic-asfalta-1131958
[2026-04-12T07:26:41Z] #62 attempt=1/2 status=200 0.323s url=https://www.myfonts.com/collections/asfalta-font-ghozai-studio/
[2026-04-12T07:26:41Z] #63 attempt=1/2 status=200 0.149s url=https://www.myfonts.com/collections/asfalta-font-ghozai-studio/?tab=techSpecs
[2026-04-12T07:26:43Z] #64 attempt=1/2 status=200 0.388s url=https://www.myfonts.com/products/regular-contair-1132079
[2026-04-12T07:26:43Z] #65 attempt=1/2 status=200 0.294s url=https://www.myfonts.com/collections/contair-font-limitype/
[2026-04-12T07:26:44Z] #66 attempt=1/2 status=200 0.151s url=https://www.myfonts.com/collections/contair-font-limitype/?tab=techSpecs
[2026-04-12T07:26:45Z] #67 attempt=1/2 status=200 0.602s url=https://www.myfonts.com/products/extra-light-ultra-expanded-degora-1131924
[2026-04-12T07:26:46Z] #68 attempt=1/2 status=200 0.764s url=https://www.myfonts.com/collections/degora-font-fargun-studio/
[2026-04-12T07:26:46Z] #69 attempt=1/2 status=200 0.182s url=https://www.myfonts.com/collections/degora-font-fargun-studio/?tab=techSpecs
[2026-04-12T07:26:49Z] #70 attempt=1/2 status=200 0.357s url=https://www.myfonts.com/products/coast-regular-camela-coast-1132263
[2026-04-12T07:26:50Z] #71 attempt=1/2 status=200 0.373s url=https://www.myfonts.com/collections/camela-coast-font-rhd-studio/
[2026-04-12T07:26:51Z] #72 attempt=1/2 status=200 0.146s url=https://www.myfonts.com/collections/camela-coast-font-rhd-studio/?tab=techSpecs
[2026-04-12T07:26:53Z] #73 attempt=1/6 status=200 0.733s url=https://www.myfonts.com/products.json?limit=100&page=3
[2026-04-12T07:26:53Z] #74 attempt=1/2 status=200 0.398s url=https://www.myfonts.com/products/spray-bodark-1131964
[2026-04-12T07:26:54Z] #75 attempt=1/2 status=200 0.298s url=https://www.myfonts.com/collections/bodark-font-the-native-saint-club/
[2026-04-12T07:26:55Z] #76 attempt=1/2 status=200 0.431s url=https://www.myfonts.com/collections/bodark-font-the-native-saint-club/?tab=techSpecs
[2026-04-12T07:26:56Z] #77 attempt=1/2 status=200 0.437s url=https://www.myfonts.com/products/black-mtc-rachstela-1132094
[2026-04-12T07:26:56Z] #78 attempt=1/2 status=200 0.359s url=https://www.myfonts.com/collections/mtc-rachstela-font-martype-co/
[2026-04-12T07:26:57Z] #79 attempt=1/2 status=200 0.350s url=https://www.myfonts.com/collections/mtc-rachstela-font-martype-co/?tab=techSpecs
[2026-04-12T07:26:58Z] #80 attempt=1/2 status=200 0.315s url=https://www.myfonts.com/products/light-ring-1132455
[2026-04-12T07:26:59Z] #81 attempt=1/2 status=200 0.435s url=https://www.myfonts.com/collections/ring-font-ochakov/
[2026-04-12T07:26:59Z] #82 attempt=1/2 status=200 0.157s url=https://www.myfonts.com/collections/ring-font-ochakov/?tab=techSpecs
[2026-04-12T07:27:01Z] #83 attempt=1/2 status=200 0.361s url=https://www.myfonts.com/products/regular-morheim-1131896
[2026-04-12T07:27:01Z] #84 attempt=1/2 status=200 0.446s url=https://www.myfonts.com/collections/morheim-font-letterhend/
[2026-04-12T07:27:02Z] #85 attempt=1/2 status=200 0.284s url=https://www.myfonts.com/collections/morheim-font-letterhend/?tab=techSpecs
[2026-04-12T07:27:03Z] #86 attempt=1/2 status=200 0.360s url=https://www.myfonts.com/products/italic-citrida-1132276
[2026-04-12T07:27:04Z] #87 attempt=1/2 status=200 0.453s url=https://www.myfonts.com/collections/citrida-font-tini-fitriani/
[2026-04-12T07:27:04Z] #88 attempt=1/2 status=200 0.359s url=https://www.myfonts.com/collections/citrida-font-tini-fitriani/?tab=techSpecs
[2026-04-12T07:27:05Z] #89 attempt=1/2 status=200 0.401s url=https://www.myfonts.com/products/regular-latica-marcia-script-1132270
[2026-04-12T07:27:06Z] #90 attempt=1/2 status=200 0.370s url=https://www.myfonts.com/collections/latica-marcia-script-font-font-liner/
[2026-04-12T07:27:06Z] #91 attempt=1/2 status=200 0.444s url=https://www.myfonts.com/collections/latica-marcia-script-font-font-liner/?tab=techSpecs
[2026-04-12T07:27:07Z] #92 attempt=1/2 status=200 0.319s url=https://www.myfonts.com/products/regular-inky-winky-1131719
[2026-04-12T07:27:08Z] #93 attempt=1/2 status=200 0.258s url=https://www.myfonts.com/collections/inky-winky-font-epiclinez/
[2026-04-12T07:27:08Z] #94 attempt=1/2 status=200 0.211s url=https://www.myfonts.com/collections/inky-winky-font-epiclinez/?tab=techSpecs
[2026-04-12T07:27:09Z] #95 attempt=1/2 status=200 0.337s url=https://www.myfonts.com/products/regular-boxing-evoke-1131849
[2026-04-12T07:27:10Z] #96 attempt=1/2 status=200 0.300s url=https://www.myfonts.com/collections/boxing-evoke-font-jehansyah/
[2026-04-12T07:27:10Z] #97 attempt=1/2 status=200 0.145s url=https://www.myfonts.com/collections/boxing-evoke-font-jehansyah/?tab=techSpecs
[2026-04-12T07:27:11Z] #98 attempt=1/2 status=200 0.468s url=https://www.myfonts.com/products/regular-ortak-sans-1131704
[2026-04-12T07:27:12Z] #99 attempt=1/2 status=200 0.607s url=https://www.myfonts.com/collections/ortak-sans-font-tour-de-force/
[2026-04-12T07:27:13Z] #100 attempt=1/2 status=200 0.595s url=https://www.myfonts.com/collections/ortak-sans-font-tour-de-force/?tab=techSpecs
[2026-04-12T07:27:14Z] #101 attempt=1/2 status=200 0.557s url=https://www.myfonts.com/products/tales-variable-regular-trixy-1131688
[2026-04-12T07:27:15Z] #102 attempt=1/2 status=200 0.638s url=https://www.myfonts.com/collections/trixy-font-fontfabric/
[2026-04-12T07:27:16Z] #103 attempt=1/2 status=200 0.154s url=https://www.myfonts.com/collections/trixy-font-fontfabric/?tab=techSpecs
[2026-04-12T07:27:17Z] #104 attempt=1/2 status=200 0.342s url=https://www.myfonts.com/products/script-radiant-spectrum-1131777
[2026-04-12T07:27:18Z] #105 attempt=1/2 status=200 0.302s url=https://www.myfonts.com/collections/radiant-spectrum-font-lemonthe/
[2026-04-12T07:27:18Z] #106 attempt=1/2 status=200 0.324s url=https://www.myfonts.com/collections/radiant-spectrum-font-lemonthe/?tab=techSpecs
[2026-04-12T07:27:19Z] #107 attempt=1/2 status=200 0.394s url=https://www.myfonts.com/products/medium-italic-griga-sans-1131790
[2026-04-12T07:27:20Z] #108 attempt=1/2 status=200 0.327s url=https://www.myfonts.com/collections/griga-sans-font-graptail/
[2026-04-12T07:27:20Z] #109 attempt=1/2 status=200 0.417s url=https://www.myfonts.com/collections/griga-sans-font-graptail/?tab=techSpecs
[2026-04-12T07:27:22Z] #110 attempt=1/2 status=200 0.306s url=https://www.myfonts.com/products/condensed-light-novel-sans-hebrew-1120101
[2026-04-12T07:27:22Z] #111 attempt=1/2 status=200 0.511s url=https://www.myfonts.com/collections/novel-sans-hebrew-font-atlasfontfoundry/
[2026-04-12T07:27:23Z] #112 attempt=1/2 status=200 0.144s url=https://www.myfonts.com/collections/novel-sans-hebrew-font-atlasfontfoundry/?tab=techSpecs
[2026-04-12T07:27:25Z] #113 attempt=1/2 status=200 1.510s url=https://www.myfonts.com/products/bold-italic-reicha-1129515
[2026-04-12T07:27:27Z] #114 attempt=1/2 status=200 1.519s url=https://www.myfonts.com/collections/reicha-font-akbartype/
[2026-04-12T07:27:30Z] #115 attempt=1/2 status=200 1.885s url=https://www.myfonts.com/collections/reicha-font-akbartype/?tab=techSpecs
[2026-04-12T07:27:31Z] #116 attempt=1/2 status=200 0.415s url=https://www.myfonts.com/products/medium-novel-sans-greek-1120023
[2026-04-12T07:27:32Z] #117 attempt=1/2 status=200 0.612s url=https://www.myfonts.com/collections/novel-sans-greek-font-atlasfontfoundry/
[2026-04-12T07:27:33Z] #118 attempt=1/2 status=200 0.403s url=https://www.myfonts.com/collections/novel-sans-greek-font-atlasfontfoundry/?tab=techSpecs
[2026-04-12T07:27:35Z] #119 attempt=1/6 status=200 0.690s url=https://www.myfonts.com/products.json?limit=100&page=4
[2026-04-12T07:27:35Z] #120 attempt=1/2 status=200 0.463s url=https://www.myfonts.com/products/regular-roddo-1131780
[2026-04-12T07:27:36Z] #121 attempt=1/2 status=200 0.356s url=https://www.myfonts.com/collections/roddo-font-artiveko/
[2026-04-12T07:27:36Z] #122 attempt=1/2 status=200 0.163s url=https://www.myfonts.com/collections/roddo-font-artiveko/?tab=techSpecs
[2026-04-12T07:27:37Z] #123 attempt=1/2 status=200 0.367s url=https://www.myfonts.com/products/regular-diglet-sunsin-1131803
[2026-04-12T07:27:38Z] #124 attempt=1/2 status=200 0.451s url=https://www.myfonts.com/collections/diglet-sunsin-font-tini-fitriani/
[2026-04-12T07:27:39Z] #125 attempt=1/2 status=200 0.156s url=https://www.myfonts.com/collections/diglet-sunsin-font-tini-fitriani/?tab=techSpecs
[2026-04-12T07:27:40Z] #126 attempt=1/2 status=200 0.465s url=https://www.myfonts.com/products/extrabold-italic-novel-sans-cyrillic-1119955
[2026-04-12T07:27:40Z] #127 attempt=1/2 status=200 0.515s url=https://www.myfonts.com/collections/novel-sans-cyrillic-font-atlasfontfoundry/
[2026-04-12T07:27:41Z] #128 attempt=1/2 status=200 0.198s url=https://www.myfonts.com/collections/novel-sans-cyrillic-font-atlasfontfoundry/?tab=techSpecs
[2026-04-12T07:27:42Z] #129 attempt=1/2 status=200 0.402s url=https://www.myfonts.com/products/regular-bredilo-1131723
[2026-04-12T07:27:43Z] #130 attempt=1/2 status=200 0.338s url=https://www.myfonts.com/collections/bredilo-font-saytype/
[2026-04-12T07:27:43Z] #131 attempt=1/2 status=200 0.166s url=https://www.myfonts.com/collections/bredilo-font-saytype/?tab=techSpecs
[2026-04-12T07:27:44Z] #132 attempt=1/2 status=200 0.406s url=https://www.myfonts.com/products/idea-fonts-fu-gu-hei-complete-family-package-1132484
[2026-04-12T07:27:45Z] #133 attempt=1/2 status=200 0.392s url=https://www.myfonts.com/collections/idea-fonts-fu-gu-hei-font-hellofont/
[2026-04-12T07:27:45Z] #134 attempt=1/2 status=200 0.293s url=https://www.myfonts.com/collections/idea-fonts-fu-gu-hei-font-hellofont/?tab=techSpecs
[2026-04-12T07:27:48Z] #135 attempt=1/2 status=200 0.304s url=https://www.myfonts.com/collections/idea-fonts-fu-gu-hei-font-hellofont/
[2026-04-12T07:27:49Z] #136 attempt=1/2 status=200 1.440s url=https://www.myfonts.com/products/ultimate-handwritten-font-collection-2026-package-1133263
[2026-04-12T07:27:50Z] #137 attempt=1/2 status=404 0.192s url=https://www.myfonts.com/collections/ultimate-handwritten-font-collection-2026-font-jprintstudio
[2026-04-12T07:27:51Z] #138 attempt=1/2 status=200 0.589s url=https://www.myfonts.com/products/kedua-bundle-package-1020637
[2026-04-12T07:27:51Z] #139 attempt=1/2 status=404 0.201s url=https://www.myfonts.com/collections/kedua-bundle-font-sidkia-fonts
[2026-04-12T07:27:52Z] #140 attempt=1/2 status=200 0.546s url=https://www.myfonts.com/products/fistgood-loutens-complete-family-package-1131799
[2026-04-12T07:27:52Z] #141 attempt=1/2 status=200 0.315s url=https://www.myfonts.com/collections/fistgood-loutens-font-stylishtype-studio/
[2026-04-12T07:27:53Z] #142 attempt=1/2 status=200 0.291s url=https://www.myfonts.com/collections/fistgood-loutens-font-stylishtype-studio/?tab=techSpecs
[2026-04-12T07:27:55Z] #143 attempt=1/2 status=200 0.462s url=https://www.myfonts.com/products/rastera-complete-family-package-1132059
[2026-04-12T07:27:55Z] #144 attempt=1/2 status=200 0.295s url=https://www.myfonts.com/collections/rastera-font-artiveko/
[2026-04-12T07:27:56Z] #145 attempt=1/2 status=200 0.291s url=https://www.myfonts.com/collections/rastera-font-artiveko/?tab=techSpecs
[2026-04-12T07:27:57Z] #146 attempt=1/2 status=200 0.305s url=https://www.myfonts.com/products/smoky-hand-complete-family-package-1131941
[2026-04-12T07:27:58Z] #147 attempt=1/2 status=200 0.352s url=https://www.myfonts.com/collections/smoky-hand-font-letterena-studios/
[2026-04-12T07:27:59Z] #148 attempt=1/2 status=200 0.600s url=https://www.myfonts.com/collections/smoky-hand-font-letterena-studios/?tab=techSpecs
[2026-04-12T07:28:00Z] #149 attempt=1/2 status=200 0.614s url=https://www.myfonts.com/products/oladro-churo-complete-family-package-1131806
[2026-04-12T07:28:01Z] #150 attempt=1/2 status=200 0.361s url=https://www.myfonts.com/collections/oladro-churo-font-tini-fitriani/
[2026-04-12T07:28:02Z] #151 attempt=1/2 status=200 0.328s url=https://www.myfonts.com/collections/oladro-churo-font-tini-fitriani/?tab=techSpecs
[2026-04-12T07:28:03Z] #152 attempt=1/2 status=200 0.357s url=https://www.myfonts.com/products/averion-complete-family-package-1132171
[2026-04-12T07:28:03Z] #153 attempt=1/2 status=200 0.446s url=https://www.myfonts.com/collections/averion-font-ragamkata/
[2026-04-12T07:28:04Z] #154 attempt=1/2 status=200 0.165s url=https://www.myfonts.com/collections/averion-font-ragamkata/?tab=techSpecs
[2026-04-12T07:28:05Z] #155 attempt=1/2 status=200 0.583s url=https://www.myfonts.com/products/neuetype-complete-family-package-1131716
[2026-04-12T07:28:06Z] #156 attempt=1/2 status=200 0.733s url=https://www.myfonts.com/collections/neuetype-font-nicolass-fonts/
[2026-04-12T07:28:07Z] #157 attempt=1/2 status=200 0.223s url=https://www.myfonts.com/collections/neuetype-font-nicolass-fonts/?tab=techSpecs
[2026-04-12T07:28:08Z] #158 attempt=1/2 status=200 0.338s url=https://www.myfonts.com/products/military-steel-complete-family-package-1131959
[2026-04-12T07:28:09Z] #159 attempt=1/2 status=200 0.363s url=https://www.myfonts.com/collections/military-steel-font-cocodesign/
[2026-04-12T07:28:09Z] #160 attempt=1/2 status=200 0.389s url=https://www.myfonts.com/collections/military-steel-font-cocodesign/?tab=techSpecs
[2026-04-12T07:28:11Z] #161 attempt=1/2 status=200 0.334s url=https://www.myfonts.com/products/wikolia-complete-family-package-1131965
[2026-04-12T07:28:11Z] #162 attempt=1/2 status=200 0.369s url=https://www.myfonts.com/collections/wikolia-font-craft-supply-co/
[2026-04-12T07:28:12Z] #163 attempt=1/2 status=200 0.323s url=https://www.myfonts.com/collections/wikolia-font-craft-supply-co/?tab=techSpecs
[2026-04-12T07:28:13Z] #164 attempt=1/2 status=200 0.433s url=https://www.myfonts.com/products/gliches-complete-family-package-1132271
[2026-04-12T07:28:14Z] #165 attempt=1/2 status=200 0.362s url=https://www.myfonts.com/collections/gliches-font-ragamkata/
[2026-04-12T07:28:14Z] #166 attempt=1/2 status=200 0.155s url=https://www.myfonts.com/collections/gliches-font-ragamkata/?tab=techSpecs
[2026-04-12T07:28:16Z] #167 attempt=1/2 status=200 0.428s url=https://www.myfonts.com/products/magnola-complete-family-package-1132245
[2026-04-12T07:28:16Z] #168 attempt=1/2 status=200 0.307s url=https://www.myfonts.com/collections/magnola-font-font-liner/
[2026-04-12T07:28:17Z] #169 attempt=1/2 status=200 0.166s url=https://www.myfonts.com/collections/magnola-font-font-liner/?tab=techSpecs
[2026-04-12T07:28:19Z] #170 attempt=1/6 status=200 0.883s url=https://www.myfonts.com/products.json?limit=100&page=5
[2026-04-12T07:28:19Z] #171 attempt=1/2 status=200 0.379s url=https://www.myfonts.com/products/jm-handwritten-complete-family-package-1131558
[2026-04-12T07:28:20Z] #172 attempt=1/2 status=200 0.587s url=https://www.myfonts.com/collections/jm-handwritten-font-jiri-macik/
[2026-04-12T07:28:21Z] #173 attempt=1/2 status=200 0.205s url=https://www.myfonts.com/collections/jm-handwritten-font-jiri-macik/?tab=techSpecs
[2026-04-12T07:28:22Z] #174 attempt=1/2 status=200 0.346s url=https://www.myfonts.com/products/sheilina-complete-family-package-1131671
[2026-04-12T07:28:23Z] #175 attempt=1/2 status=200 0.409s url=https://www.myfonts.com/collections/sheilina-font-craft-supply-co/
[2026-04-12T07:28:23Z] #176 attempt=1/2 status=200 0.393s url=https://www.myfonts.com/collections/sheilina-font-craft-supply-co/?tab=techSpecs
[2026-04-12T07:28:25Z] #177 attempt=1/2 status=200 0.546s url=https://www.myfonts.com/products/perfect-mangue-complete-family-package-1131504
[2026-04-12T07:28:26Z] #178 attempt=1/2 status=200 0.808s url=https://www.myfonts.com/collections/perfect-mangue-font-typoraith-co/
[2026-04-12T07:28:27Z] #179 attempt=1/2 status=200 0.151s url=https://www.myfonts.com/collections/perfect-mangue-font-typoraith-co/?tab=techSpecs
[2026-04-12T07:28:28Z] #180 attempt=1/2 status=200 0.368s url=https://www.myfonts.com/products/graze-touch-complete-family-package-1131458
[2026-04-12T07:28:29Z] #181 attempt=1/2 status=200 0.464s url=https://www.myfonts.com/collections/graze-touch-font-sensatype-studio/
[2026-04-12T07:28:29Z] #182 attempt=1/2 status=200 0.424s url=https://www.myfonts.com/collections/graze-touch-font-sensatype-studio/?tab=techSpecs
[2026-04-12T07:28:31Z] #183 attempt=1/2 status=200 0.351s url=https://www.myfonts.com/products/beffalda-outline-complete-family-package-1131496
[2026-04-12T07:28:31Z] #184 attempt=1/2 status=200 0.571s url=https://www.myfonts.com/collections/beffalda-outline-font-tini-fitriani/
[2026-04-12T07:28:32Z] #185 attempt=1/2 status=200 0.470s url=https://www.myfonts.com/collections/beffalda-outline-font-tini-fitriani/?tab=techSpecs
[2026-04-12T07:28:34Z] #186 attempt=1/2 status=200 0.898s url=https://www.myfonts.com/products/extended-package-1131642
[2026-04-12T07:28:35Z] #187 attempt=1/2 status=200 1.168s url=https://www.myfonts.com/collections/appalachia-font-sehr-type/
[2026-04-12T07:28:36Z] #188 attempt=1/2 status=200 0.171s url=https://www.myfonts.com/collections/appalachia-font-sehr-type/?tab=techSpecs
[2026-04-12T07:28:38Z] #189 attempt=1/2 status=200 0.454s url=https://www.myfonts.com/products/delaghes-complete-family-package-1131665
[2026-04-12T07:28:38Z] #190 attempt=1/2 status=200 0.374s url=https://www.myfonts.com/collections/delaghes-font-letterena-studios/
[2026-04-12T07:28:39Z] #191 attempt=1/2 status=200 0.378s url=https://www.myfonts.com/collections/delaghes-font-letterena-studios/?tab=techSpecs
[2026-04-12T07:28:40Z] #192 attempt=1/2 status=200 0.391s url=https://www.myfonts.com/products/aveltin-complete-family-package-1131471
[2026-04-12T07:28:41Z] #193 attempt=1/2 status=200 0.351s url=https://www.myfonts.com/collections/aveltin-font-heinzel-std/
[2026-04-12T07:28:41Z] #194 attempt=1/2 status=200 0.178s url=https://www.myfonts.com/collections/aveltin-font-heinzel-std/?tab=techSpecs
[2026-04-12T07:28:43Z] #195 attempt=1/2 status=200 0.382s url=https://www.myfonts.com/products/monesa-display-slant-complete-family-package-1131499
[2026-04-12T07:28:43Z] #196 attempt=1/2 status=200 0.365s url=https://www.myfonts.com/collections/monesa-display-slant-font-tebaltipis-studio/
[2026-04-12T07:28:44Z] #197 attempt=1/2 status=200 0.342s url=https://www.myfonts.com/collections/monesa-display-slant-font-tebaltipis-studio/?tab=techSpecs
[2026-04-12T07:28:45Z] #198 attempt=1/2 status=200 0.564s url=https://www.myfonts.com/products/red-parrot-complete-family-package-1131477
[2026-04-12T07:28:46Z] #199 attempt=1/2 status=200 0.571s url=https://www.myfonts.com/collections/red-parrot-font-anzone-glyph/
[2026-04-12T07:28:47Z] #200 attempt=1/2 status=200 0.148s url=https://www.myfonts.com/collections/red-parrot-font-anzone-glyph/?tab=techSpecs
[2026-04-12T07:28:48Z] #201 attempt=1/2 status=200 0.491s url=https://www.myfonts.com/products/jevale-complete-family-package-1131677
[2026-04-12T07:28:49Z] #202 attempt=1/2 status=200 0.352s url=https://www.myfonts.com/collections/jevale-font-craft-supply-co/
[2026-04-12T07:28:49Z] #203 attempt=1/2 status=200 0.380s url=https://www.myfonts.com/collections/jevale-font-craft-supply-co/?tab=techSpecs
[2026-04-12T07:28:51Z] #204 attempt=1/2 status=200 0.530s url=https://www.myfonts.com/products/bomoy-complete-family-package-1131474
[2026-04-12T07:28:51Z] #205 attempt=1/2 status=200 0.443s url=https://www.myfonts.com/collections/bomoy-font-authentype/
[2026-04-12T07:28:52Z] #206 attempt=1/2 status=200 0.377s url=https://www.myfonts.com/collections/bomoy-font-authentype/?tab=techSpecs
[2026-04-12T07:28:54Z] #207 attempt=1/2 status=200 0.510s url=https://www.myfonts.com/products/nivela-complete-family-package-1131397
[2026-04-12T07:28:54Z] #208 attempt=1/2 status=200 0.382s url=https://www.myfonts.com/collections/nivela-font-rafis-type/
[2026-04-12T07:28:55Z] #209 attempt=1/2 status=200 0.142s url=https://www.myfonts.com/collections/nivela-font-rafis-type/?tab=techSpecs
[2026-04-12T07:28:56Z] #210 attempt=1/2 status=200 0.548s url=https://www.myfonts.com/products/castle-of-avenue-complete-family-package-1131377
[2026-04-12T07:28:57Z] #211 attempt=1/2 status=200 0.808s url=https://www.myfonts.com/collections/castle-of-avenue-font-ragamkata/
[2026-04-12T07:28:58Z] #212 attempt=1/2 status=200 0.585s url=https://www.myfonts.com/collections/castle-of-avenue-font-ragamkata/?tab=techSpecs
[2026-04-12T07:28:59Z] #213 attempt=1/2 status=200 0.436s url=https://www.myfonts.com/products/sorell-complete-family-package-1131407
[2026-04-12T07:29:01Z] #214 attempt=1/2 status=200 0.900s url=https://www.myfonts.com/collections/sorell-font-artisan-studio/
[2026-04-12T07:29:01Z] #215 attempt=1/2 status=200 0.183s url=https://www.myfonts.com/collections/sorell-font-artisan-studio/?tab=techSpecs
[2026-04-12T07:29:02Z] #216 attempt=1/2 status=200 0.412s url=https://www.myfonts.com/products/tbj-serial-port-monospace-complete-family-package-1131439
[2026-04-12T07:29:03Z] #217 attempt=1/2 status=200 0.430s url=https://www.myfonts.com/collections/tbj-serial-port-monospace-font-taboja-studio/
[2026-04-12T07:29:04Z] #218 attempt=1/2 status=200 0.212s url=https://www.myfonts.com/collections/tbj-serial-port-monospace-font-taboja-studio/?tab=techSpecs
[2026-04-12T07:29:05Z] #219 attempt=1/2 status=200 0.462s url=https://www.myfonts.com/products/desmarque-complete-family-package-1131365
[2026-04-12T07:29:06Z] #220 attempt=1/2 status=200 0.505s url=https://www.myfonts.com/collections/desmarque-font-ghozai-studio/
[2026-04-12T07:29:07Z] #221 attempt=1/2 status=200 0.460s url=https://www.myfonts.com/collections/desmarque-font-ghozai-studio/?tab=techSpecs
[2026-04-12T07:29:08Z] #222 attempt=1/2 status=200 0.346s url=https://www.myfonts.com/products/rolly-pulfy-complete-family-package-1131466
[2026-04-12T07:29:08Z] #223 attempt=1/2 status=200 0.392s url=https://www.myfonts.com/collections/rolly-pulfy-font-collectype/
[2026-04-12T07:29:09Z] #224 attempt=1/2 status=200 0.174s url=https://www.myfonts.com/collections/rolly-pulfy-font-collectype/?tab=techSpecs
[2026-04-12T07:29:10Z] #225 attempt=1/2 status=200 0.457s url=https://www.myfonts.com/products/kiyomori-complete-family-package-1131463
[2026-04-12T07:29:11Z] #226 attempt=1/2 status=200 0.491s url=https://www.myfonts.com/collections/kiyomori-font-made-deduk/
[2026-04-12T07:29:11Z] #227 attempt=1/2 status=200 0.190s url=https://www.myfonts.com/collections/kiyomori-font-made-deduk/?tab=techSpecs
[2026-04-12T07:29:13Z] #228 attempt=1/2 status=200 0.457s url=https://www.myfonts.com/products/kensae-complete-family-package-1131400
[2026-04-12T07:29:14Z] #229 attempt=1/2 status=200 0.562s url=https://www.myfonts.com/collections/kensae-font-letternesia-studio/
[2026-04-12T07:29:14Z] #230 attempt=1/2 status=200 0.322s url=https://www.myfonts.com/collections/kensae-font-letternesia-studio/?tab=techSpecs
[2026-04-12T07:29:16Z] #231 attempt=1/2 status=200 0.418s url=https://www.myfonts.com/products/delice-pro-complete-family-package-1131352
[2026-04-12T07:29:16Z] #232 attempt=1/2 status=200 0.452s url=https://www.myfonts.com/collections/delice-pro-font-typostudio-pro/
[2026-04-12T07:29:17Z] #233 attempt=1/2 status=200 0.145s url=https://www.myfonts.com/collections/delice-pro-font-typostudio-pro/?tab=techSpecs
[2026-04-12T07:29:18Z] #234 attempt=1/2 status=200 0.346s url=https://www.myfonts.com/products/valacia-complete-family-package-1131646
[2026-04-12T07:29:19Z] #235 attempt=1/2 status=200 0.425s url=https://www.myfonts.com/collections/valacia-font-craft-supply-co/
[2026-04-12T07:29:19Z] #236 attempt=1/2 status=200 0.175s url=https://www.myfonts.com/collections/valacia-font-craft-supply-co/?tab=techSpecs
[2026-04-12T07:29:20Z] #237 attempt=1/2 status=200 0.352s url=https://www.myfonts.com/products/leirent-complete-family-package-1131668
[2026-04-12T07:29:21Z] #238 attempt=1/2 status=200 0.355s url=https://www.myfonts.com/collections/leirent-font-craft-supply-co/
[2026-04-12T07:29:21Z] #239 attempt=1/2 status=200 0.342s url=https://www.myfonts.com/collections/leirent-font-craft-supply-co/?tab=techSpecs
[2026-04-12T07:29:23Z] #240 attempt=1/2 status=200 0.440s url=https://www.myfonts.com/products/papois-complete-family-package-1131649
[2026-04-12T07:29:24Z] #241 attempt=1/2 status=200 0.724s url=https://www.myfonts.com/collections/papois-font-eko-bimantara/
[2026-04-12T07:29:24Z] #242 attempt=1/2 status=200 0.184s url=https://www.myfonts.com/collections/papois-font-eko-bimantara/?tab=techSpecs
[2026-04-12T07:29:26Z] #243 attempt=1/2 status=200 0.371s url=https://www.myfonts.com/products/elmaro-complete-family-package-1131683
[2026-04-12T07:29:26Z] #244 attempt=1/2 status=200 0.409s url=https://www.myfonts.com/collections/elmaro-font-craft-supply-co/
[2026-04-12T07:29:27Z] #245 attempt=1/2 status=200 0.385s url=https://www.myfonts.com/collections/elmaro-font-craft-supply-co/?tab=techSpecs
[2026-04-12T07:29:28Z] #246 attempt=1/2 status=200 0.443s url=https://www.myfonts.com/products/ludowise-complete-family-package-1131662
[2026-04-12T07:29:29Z] #247 attempt=1/2 status=200 0.436s url=https://www.myfonts.com/collections/ludowise-font-craft-supply-co/
[2026-04-12T07:29:30Z] #248 attempt=1/2 status=200 0.344s url=https://www.myfonts.com/collections/ludowise-font-craft-supply-co/?tab=techSpecs
[2026-04-12T07:29:31Z] #249 attempt=1/2 status=200 0.642s url=https://www.myfonts.com/products/maxina-complete-family-package-1131453
[2026-04-12T07:29:32Z] #250 attempt=1/2 status=200 0.409s url=https://www.myfonts.com/collections/maxina-font-sensatype-studio/
[2026-04-12T07:29:32Z] #251 attempt=1/2 status=200 0.169s url=https://www.myfonts.com/collections/maxina-font-sensatype-studio/?tab=techSpecs
[2026-04-12T07:29:34Z] #252 attempt=1/2 status=200 0.472s url=https://www.myfonts.com/products/fern-and-thistle-complete-family-package-1131403
[2026-04-12T07:29:34Z] #253 attempt=1/2 status=200 0.411s url=https://www.myfonts.com/collections/fern-and-thistle-font-stephen-rapp/
[2026-04-12T07:29:35Z] #254 attempt=1/2 status=200 0.149s url=https://www.myfonts.com/collections/fern-and-thistle-font-stephen-rapp/?tab=techSpecs
[2026-04-12T07:29:36Z] #255 attempt=1/2 status=200 0.359s url=https://www.myfonts.com/products/ripete-complete-family-package-1131674
[2026-04-12T07:29:37Z] #256 attempt=1/2 status=200 0.370s url=https://www.myfonts.com/collections/ripete-font-craft-supply-co/
[2026-04-12T07:29:37Z] #257 attempt=1/2 status=200 0.291s url=https://www.myfonts.com/collections/ripete-font-craft-supply-co/?tab=techSpecs
[2026-04-12T07:29:39Z] #258 attempt=1/2 status=200 0.460s url=https://www.myfonts.com/products/grand-nineties-complete-family-package-1131508
[2026-04-12T07:29:40Z] #259 attempt=1/2 status=200 0.772s url=https://www.myfonts.com/collections/grand-nineties-font-typoraith-co/
[2026-04-12T07:29:40Z] #260 attempt=1/2 status=200 0.541s url=https://www.myfonts.com/collections/grand-nineties-font-typoraith-co/?tab=techSpecs
[2026-04-12T07:29:42Z] #261 attempt=1/2 status=200 0.323s url=https://www.myfonts.com/products/ezanity-complete-family-package-1131680
[2026-04-12T07:29:42Z] #262 attempt=1/2 status=200 0.326s url=https://www.myfonts.com/collections/ezanity-font-craft-supply-co/
[2026-04-12T07:29:43Z] #263 attempt=1/2 status=200 0.151s url=https://www.myfonts.com/collections/ezanity-font-craft-supply-co/?tab=techSpecs
[2026-04-12T07:29:45Z] #264 attempt=1/2 status=200 0.953s url=https://www.myfonts.com/products/cyr-thin-177947-averta-190917
[2026-04-12T07:29:47Z] #265 attempt=1/2 status=200 1.864s url=https://www.myfonts.com/collections/averta-font-foundry-5-limited/
[2026-04-12T07:29:47Z] #266 attempt=1/2 status=200 0.209s url=https://www.myfonts.com/collections/averta-font-foundry-5-limited/?tab=techSpecs
[2026-04-12T07:29:49Z] #267 attempt=1/2 status=200 0.767s url=https://www.myfonts.com/products/black-averta-186750
[2026-04-12T07:29:51Z] #268 attempt=1/2 status=200 1.364s url=https://www.myfonts.com/collections/averta-font-foundry-5-limited/
[2026-04-12T07:29:52Z] #269 attempt=1/2 status=200 0.246s url=https://www.myfonts.com/collections/averta-font-foundry-5-limited/?tab=techSpecs
[2026-04-12T07:29:53Z] #270 attempt=1/2 status=200 0.544s url=https://www.myfonts.com/products/cyr-semibold-177947-averta-190902
[2026-04-12T07:29:54Z] #271 attempt=1/2 status=200 0.210s url=https://www.myfonts.com/collections/averta-font-foundry-5-limited/
[2026-04-12T07:29:54Z] #272 attempt=1/2 status=200 0.184s url=https://www.myfonts.com/collections/averta-font-foundry-5-limited/?tab=techSpecs
[2026-04-12T07:29:56Z] #273 attempt=1/2 status=200 0.610s url=https://www.myfonts.com/products/averta-cyr-extra-thin-italic-averta-190835
[2026-04-12T07:29:57Z] #274 attempt=1/2 status=200 0.190s url=https://www.myfonts.com/collections/averta-font-foundry-5-limited/
[2026-04-12T07:29:57Z] #275 attempt=1/2 status=200 0.212s url=https://www.myfonts.com/collections/averta-font-foundry-5-limited/?tab=techSpecs
[2026-04-12T07:29:59Z] #276 attempt=1/2 status=200 0.527s url=https://www.myfonts.com/products/cyr-light-italic-177947-averta-190853
[2026-04-12T07:29:59Z] #277 attempt=1/2 status=200 0.285s url=https://www.myfonts.com/collections/averta-font-foundry-5-limited/
[2026-04-12T07:30:00Z] #278 attempt=1/2 status=200 0.175s url=https://www.myfonts.com/collections/averta-font-foundry-5-limited/?tab=techSpecs
[2026-04-12T07:30:02Z] #279 attempt=1/2 status=200 0.944s url=https://www.myfonts.com/products/cyr-bold-ital-177947-averta-190808
[2026-04-12T07:30:03Z] #280 attempt=1/2 status=200 0.195s url=https://www.myfonts.com/collections/averta-font-foundry-5-limited/
[2026-04-12T07:30:03Z] #281 attempt=1/2 status=200 0.203s url=https://www.myfonts.com/collections/averta-font-foundry-5-limited/?tab=techSpecs
[2026-04-12T07:30:05Z] #282 attempt=1/2 status=200 0.719s url=https://www.myfonts.com/products/cyr-italic-177947-averta-190844
[2026-04-12T07:30:06Z] #283 attempt=1/2 status=200 0.197s url=https://www.myfonts.com/collections/averta-font-foundry-5-limited/
[2026-04-12T07:30:06Z] #284 attempt=1/2 status=200 0.178s url=https://www.myfonts.com/collections/averta-font-foundry-5-limited/?tab=techSpecs
[2026-04-12T07:30:08Z] #285 attempt=1/2 status=200 0.815s url=https://www.myfonts.com/products/cyr-exbold-italic-177947-averta-190798
[2026-04-12T07:30:09Z] #286 attempt=1/2 status=200 0.207s url=https://www.myfonts.com/collections/averta-font-foundry-5-limited/
[2026-04-12T07:30:09Z] #287 attempt=1/2 status=200 0.187s url=https://www.myfonts.com/collections/averta-font-foundry-5-limited/?tab=techSpecs
[2026-04-12T07:30:11Z] #288 attempt=1/2 status=200 0.490s url=https://www.myfonts.com/products/cyr-thin-italic-177947-averta-190907
[2026-04-12T07:30:11Z] #289 attempt=1/2 status=200 0.166s url=https://www.myfonts.com/collections/averta-font-foundry-5-limited/
[2026-04-12T07:30:12Z] #290 attempt=1/2 status=200 0.190s url=https://www.myfonts.com/collections/averta-font-foundry-5-limited/?tab=techSpecs
[2026-04-12T07:30:14Z] #291 attempt=1/2 status=200 0.824s url=https://www.myfonts.com/products/cyr-exbold-177947-averta-190817
[2026-04-12T07:30:14Z] #292 attempt=1/2 status=200 0.194s url=https://www.myfonts.com/collections/averta-font-foundry-5-limited/
[2026-04-12T07:30:15Z] #293 attempt=1/2 status=200 0.177s url=https://www.myfonts.com/collections/averta-font-foundry-5-limited/?tab=techSpecs
[2026-04-12T07:30:17Z] #294 attempt=1/2 status=200 0.546s url=https://www.myfonts.com/products/cyr-bold-177947-averta-190825
[2026-04-12T07:30:17Z] #295 attempt=1/2 status=200 0.245s url=https://www.myfonts.com/collections/averta-font-foundry-5-limited/
[2026-04-12T07:30:18Z] #296 attempt=1/2 status=200 0.183s url=https://www.myfonts.com/collections/averta-font-foundry-5-limited/?tab=techSpecs
[2026-04-12T07:30:20Z] #297 attempt=1/2 status=200 0.549s url=https://www.myfonts.com/products/cyr-regular-177947-averta-190881
[2026-04-12T07:30:20Z] #298 attempt=1/2 status=200 0.192s url=https://www.myfonts.com/collections/averta-font-foundry-5-limited/
[2026-04-12T07:30:21Z] #299 attempt=1/2 status=200 0.185s url=https://www.myfonts.com/collections/averta-font-foundry-5-limited/?tab=techSpecs
[2026-04-12T07:30:23Z] #300 attempt=1/2 status=200 0.707s url=https://www.myfonts.com/products/cyr-semibold-italic-177947-averta-190891
[2026-04-12T07:30:23Z] #301 attempt=1/2 status=200 0.198s url=https://www.myfonts.com/collections/averta-font-foundry-5-limited/
[2026-04-12T07:30:24Z] #302 attempt=1/2 status=200 0.222s url=https://www.myfonts.com/collections/averta-font-foundry-5-limited/?tab=techSpecs
[2026-04-12T07:30:26Z] #303 attempt=1/2 status=200 0.573s url=https://www.myfonts.com/products/cyr-light-177947-averta-190870
[2026-04-12T07:30:26Z] #304 attempt=1/2 status=200 0.190s url=https://www.myfonts.com/collections/averta-font-foundry-5-limited/
[2026-04-12T07:30:27Z] #305 attempt=1/2 status=200 0.171s url=https://www.myfonts.com/collections/averta-font-foundry-5-limited/?tab=techSpecs
[2026-04-12T07:30:29Z] #306 attempt=1/2 status=200 0.497s url=https://www.myfonts.com/products/averta-cyr-extra-thin-averta-190860
[2026-04-12T07:30:29Z] #307 attempt=1/2 status=200 0.184s url=https://www.myfonts.com/collections/averta-font-foundry-5-limited/
[2026-04-12T07:30:30Z] #308 attempt=1/2 status=200 0.191s url=https://www.myfonts.com/collections/averta-font-foundry-5-limited/?tab=techSpecs
[2026-04-12T07:30:32Z] #309 attempt=1/2 status=200 0.946s url=https://www.myfonts.com/products/cyr-black-177947-averta-190788
[2026-04-12T07:30:32Z] #310 attempt=1/2 status=200 0.183s url=https://www.myfonts.com/collections/averta-font-foundry-5-limited/
[2026-04-12T07:30:33Z] #311 attempt=1/2 status=200 0.199s url=https://www.myfonts.com/collections/averta-font-foundry-5-limited/?tab=techSpecs
[2026-04-12T07:30:35Z] #312 attempt=1/2 status=200 0.559s url=https://www.myfonts.com/products/cyr-black-ital-177947-averta-190778
[2026-04-12T07:30:35Z] #313 attempt=1/2 status=200 0.185s url=https://www.myfonts.com/collections/averta-font-foundry-5-limited/
[2026-04-12T07:30:36Z] #314 attempt=1/2 status=200 0.205s url=https://www.myfonts.com/collections/averta-font-foundry-5-limited/?tab=techSpecs
[2026-04-12T07:30:37Z] #315 attempt=1/2 status=200 0.309s url=https://www.myfonts.com/products/regular-jump-higher-1131524
[2026-04-12T07:30:38Z] #316 attempt=1/2 status=200 0.334s url=https://www.myfonts.com/collections/jump-higher-font-imoodev/
[2026-04-12T07:30:38Z] #317 attempt=1/2 status=200 0.155s url=https://www.myfonts.com/collections/jump-higher-font-imoodev/?tab=techSpecs
[2026-04-12T07:30:39Z] #318 attempt=1/2 status=200 0.517s url=https://www.myfonts.com/products/regular-zeroarea-1131363
[2026-04-12T07:30:40Z] #319 attempt=1/2 status=200 0.277s url=https://www.myfonts.com/collections/zeroarea-font-almarkha-type/
[2026-04-12T07:30:40Z] #320 attempt=1/2 status=200 0.422s url=https://www.myfonts.com/collections/zeroarea-font-almarkha-type/?tab=techSpecs
[2026-04-12T07:30:42Z] #321 attempt=1/6 status=200 0.880s url=https://www.myfonts.com/products.json?limit=100&page=6
[2026-04-12T07:30:43Z] #322 attempt=1/2 status=200 0.350s url=https://www.myfonts.com/products/regular-hustle-kings-1131470
[2026-04-12T07:30:43Z] #323 attempt=1/2 status=200 0.393s url=https://www.myfonts.com/collections/hustle-kings-font-collectype/
[2026-04-12T07:30:44Z] #324 attempt=1/2 status=200 0.450s url=https://www.myfonts.com/collections/hustle-kings-font-collectype/?tab=techSpecs
[2026-04-12T07:30:45Z] #325 attempt=1/2 status=200 0.438s url=https://www.myfonts.com/products/regular-meliga-1131645
[2026-04-12T07:30:46Z] #326 attempt=1/2 status=200 0.427s url=https://www.myfonts.com/collections/meliga-font-gatype/
[2026-04-12T07:30:46Z] #327 attempt=1/2 status=200 0.147s url=https://www.myfonts.com/collections/meliga-font-gatype/?tab=techSpecs
[2026-04-12T07:30:47Z] #328 attempt=1/2 status=200 0.331s url=https://www.myfonts.com/products/regular-chamer-1131452
[2026-04-12T07:30:48Z] #329 attempt=1/2 status=200 0.400s url=https://www.myfonts.com/collections/chamer-font-sensatype-studio/
[2026-04-12T07:30:48Z] #330 attempt=1/2 status=200 0.145s url=https://www.myfonts.com/collections/chamer-font-sensatype-studio/?tab=techSpecs
[2026-04-12T07:30:49Z] #331 attempt=1/2 status=200 0.305s url=https://www.myfonts.com/products/regular-delyra-script-1131523
[2026-04-12T07:30:49Z] #332 attempt=1/2 status=200 0.310s url=https://www.myfonts.com/collections/delyra-script-font-rhd-creative/
[2026-04-12T07:30:50Z] #333 attempt=1/2 status=200 0.319s url=https://www.myfonts.com/collections/delyra-script-font-rhd-creative/?tab=techSpecs
[2026-04-12T07:30:51Z] #334 attempt=1/2 status=200 0.348s url=https://www.myfonts.com/products/regular-grache-hustle-1131364
[2026-04-12T07:30:52Z] #335 attempt=1/2 status=200 0.480s url=https://www.myfonts.com/collections/grache-hustle-font-font-liner/
[2026-04-12T07:30:52Z] #336 attempt=1/2 status=200 0.153s url=https://www.myfonts.com/collections/grache-hustle-font-font-liner/?tab=techSpecs
[2026-04-12T07:30:53Z] #337 attempt=1/2 status=200 0.283s url=https://www.myfonts.com/products/regular-glavoire-1131449
[2026-04-12T07:30:53Z] #338 attempt=1/2 status=200 0.354s url=https://www.myfonts.com/collections/glavoire-font-sarid-ezra/
[2026-04-12T07:30:54Z] #339 attempt=1/2 status=200 0.225s url=https://www.myfonts.com/collections/glavoire-font-sarid-ezra/?tab=techSpecs
[2026-04-12T07:30:55Z] #340 attempt=1/2 status=200 0.419s url=https://www.myfonts.com/products/regular-gracho-1131450
[2026-04-12T07:30:56Z] #341 attempt=1/2 status=200 0.327s url=https://www.myfonts.com/collections/gracho-font-linecreative/
[2026-04-12T07:30:56Z] #342 attempt=1/2 status=200 0.342s url=https://www.myfonts.com/collections/gracho-font-linecreative/?tab=techSpecs
[2026-04-12T07:30:57Z] #343 attempt=1/2 status=200 0.421s url=https://www.myfonts.com/products/regular-chromeo-1131451
[2026-04-12T07:30:58Z] #344 attempt=1/2 status=200 0.361s url=https://www.myfonts.com/collections/chromeo-font-sensatype-studio/
[2026-04-12T07:30:59Z] #345 attempt=1/2 status=200 0.403s url=https://www.myfonts.com/collections/chromeo-font-sensatype-studio/?tab=techSpecs
[2026-04-12T07:30:59Z] #346 attempt=1/2 status=200 0.304s url=https://www.myfonts.com/products/regular-golden-summer-1131380
[2026-04-12T07:31:00Z] #347 attempt=1/2 status=200 0.517s url=https://www.myfonts.com/collections/golden-summer-font-yoga-letter/
[2026-04-12T07:31:01Z] #348 attempt=1/2 status=200 0.303s url=https://www.myfonts.com/collections/golden-summer-font-yoga-letter/?tab=techSpecs
[2026-04-12T07:31:02Z] #349 attempt=1/2 status=200 0.495s url=https://www.myfonts.com/products/regular-magite-1131376
[2026-04-12T07:31:02Z] #350 attempt=1/2 status=200 0.359s url=https://www.myfonts.com/collections/magite-font-gridline-type/
[2026-04-12T07:31:03Z] #351 attempt=1/2 status=200 0.174s url=https://www.myfonts.com/collections/magite-font-gridline-type/?tab=techSpecs
[2026-04-12T07:31:05Z] #352 attempt=1/6 status=200 0.837s url=https://www.myfonts.com/products.json?limit=100&page=7
[2026-04-12T07:31:05Z] #353 attempt=1/2 status=200 0.401s url=https://www.myfonts.com/products/regular-yonex-avoid-1131521
[2026-04-12T07:31:06Z] #354 attempt=1/2 status=200 0.313s url=https://www.myfonts.com/collections/yonex-avoid-font-imoodev/
[2026-04-12T07:31:06Z] #355 attempt=1/2 status=200 0.367s url=https://www.myfonts.com/collections/yonex-avoid-font-imoodev/?tab=techSpecs
[2026-04-12T07:31:07Z] #356 attempt=1/2 status=200 0.282s url=https://www.myfonts.com/products/regular-greater-neue-variable-1131503
[2026-04-12T07:31:08Z] #357 attempt=1/2 status=200 0.432s url=https://www.myfonts.com/collections/greater-neue-variable-font-nicolass-fonts/
[2026-04-12T07:31:08Z] #358 attempt=1/2 status=200 0.179s url=https://www.myfonts.com/collections/greater-neue-variable-font-nicolass-fonts/?tab=techSpecs
[2026-04-12T07:31:09Z] #359 attempt=1/2 status=200 0.367s url=https://www.myfonts.com/products/regular-poney-bear-graffiti-1131502
[2026-04-12T07:31:10Z] #360 attempt=1/2 status=200 0.367s url=https://www.myfonts.com/collections/poney-bear-graffiti-font-tebaltipis-studio/
[2026-04-12T07:31:10Z] #361 attempt=1/2 status=200 0.276s url=https://www.myfonts.com/collections/poney-bear-graffiti-font-tebaltipis-studio/?tab=techSpecs
[2026-04-12T07:31:11Z] #362 attempt=1/2 status=200 0.274s url=https://www.myfonts.com/products/regular-prime-wonder-1131366
[2026-04-12T07:31:12Z] #363 attempt=1/2 status=200 0.339s url=https://www.myfonts.com/collections/prime-wonder-font-seemly-fonts/
[2026-04-12T07:31:13Z] #364 attempt=1/2 status=200 0.374s url=https://www.myfonts.com/collections/prime-wonder-font-seemly-fonts/?tab=techSpecs
[2026-04-12T07:31:14Z] #365 attempt=1/2 status=200 0.400s url=https://www.myfonts.com/products/regular-dg-wrapelum-1131522
[2026-04-12T07:31:14Z] #366 attempt=1/2 status=200 0.330s url=https://www.myfonts.com/collections/dg-wrapelum-font-dg-typeworks-studio/
[2026-04-12T07:31:15Z] #367 attempt=1/2 status=200 0.314s url=https://www.myfonts.com/collections/dg-wrapelum-font-dg-typeworks-studio/?tab=techSpecs
[2026-04-12T07:31:16Z] #368 attempt=1/2 status=200 0.347s url=https://www.myfonts.com/products/regular-kaiser-brush-1131462
[2026-04-12T07:31:16Z] #369 attempt=1/2 status=200 0.290s url=https://www.myfonts.com/collections/kaiser-brush-font-ferry-ardana-putra/
[2026-04-12T07:31:17Z] #370 attempt=1/2 status=200 0.510s url=https://www.myfonts.com/collections/kaiser-brush-font-ferry-ardana-putra/?tab=techSpecs
[2026-04-12T07:31:18Z] #371 attempt=1/2 status=200 0.628s url=https://www.myfonts.com/products/kaku-seimei-kana-complete-family-package-1131338
[2026-04-12T07:31:19Z] #372 attempt=1/2 status=200 0.490s url=https://www.myfonts.com/collections/kaku-seimei-kana-font-ren-font/
[2026-04-12T07:31:20Z] #373 attempt=1/2 status=200 0.172s url=https://www.myfonts.com/collections/kaku-seimei-kana-font-ren-font/?tab=techSpecs
[2026-04-12T07:31:24Z] #374 attempt=1/6 status=200 0.832s url=https://www.myfonts.com/products.json?limit=100&page=8
[2026-04-12T07:31:25Z] #375 attempt=1/2 status=200 0.379s url=https://www.myfonts.com/products/regular-virelune-1131326
[2026-04-12T07:31:25Z] #376 attempt=1/2 status=200 0.302s url=https://www.myfonts.com/collections/virelune-font-rasio-studio/
[2026-04-12T07:31:26Z] #377 attempt=1/2 status=200 0.304s url=https://www.myfonts.com/collections/virelune-font-rasio-studio/?tab=techSpecs
[2026-04-12T07:31:27Z] #378 attempt=1/2 status=200 0.352s url=https://www.myfonts.com/products/tungle-rastu-regular-mc-tungle-rastu-1131255
[2026-04-12T07:31:27Z] #379 attempt=1/2 status=200 0.376s url=https://www.myfonts.com/collections/mc-tungle-rastu-font-maulana-creative/
[2026-04-12T07:31:28Z] #380 attempt=1/2 status=200 0.151s url=https://www.myfonts.com/collections/mc-tungle-rastu-font-maulana-creative/?tab=techSpecs
[2026-04-12T07:31:29Z] #381 attempt=1/2 status=200 0.512s url=https://www.myfonts.com/products/regular-valvela-1131335
[2026-04-12T07:31:29Z] #382 attempt=1/2 status=200 0.390s url=https://www.myfonts.com/collections/valvela-font-vadova-std/
[2026-04-12T07:31:30Z] #383 attempt=1/2 status=200 0.295s url=https://www.myfonts.com/collections/valvela-font-vadova-std/?tab=techSpecs
[2026-04-12T07:31:31Z] #384 attempt=1/2 status=200 0.394s url=https://www.myfonts.com/products/regular-brace-racing-1131292
[2026-04-12T07:31:32Z] #385 attempt=1/2 status=200 0.629s url=https://www.myfonts.com/collections/brace-racing-font-multype-studio/
[2026-04-12T07:31:32Z] #386 attempt=1/2 status=200 0.369s url=https://www.myfonts.com/collections/brace-racing-font-multype-studio/?tab=techSpecs
[2026-04-12T07:31:33Z] #387 attempt=1/2 status=200 0.369s url=https://www.myfonts.com/products/regular-amplica-1131336
[2026-04-12T07:31:34Z] #388 attempt=1/2 status=200 0.251s url=https://www.myfonts.com/collections/amplica-font-beontype/
[2026-04-12T07:31:34Z] #389 attempt=1/2 status=200 0.352s url=https://www.myfonts.com/collections/amplica-font-beontype/?tab=techSpecs
[2026-04-12T07:31:35Z] #390 attempt=1/2 status=200 0.325s url=https://www.myfonts.com/products/regular-ginka-1131333
[2026-04-12T07:31:36Z] #391 attempt=1/2 status=200 0.303s url=https://www.myfonts.com/collections/ginka-font-sealoung/
[2026-04-12T07:31:36Z] #392 attempt=1/2 status=200 0.269s url=https://www.myfonts.com/collections/ginka-font-sealoung/?tab=techSpecs
[2026-04-12T07:31:37Z] #393 attempt=1/2 status=200 0.353s url=https://www.myfonts.com/products/regular-fordive-1131334
[2026-04-12T07:31:38Z] #394 attempt=1/2 status=200 0.308s url=https://www.myfonts.com/collections/fordive-font-beontype/
[2026-04-12T07:31:38Z] #395 attempt=1/2 status=200 0.148s url=https://www.myfonts.com/collections/fordive-font-beontype/?tab=techSpecs
[2026-04-12T07:31:39Z] #396 attempt=1/2 status=200 0.471s url=https://www.myfonts.com/products/regular-gravira-1131337
[2026-04-12T07:31:40Z] #397 attempt=1/2 status=200 0.375s url=https://www.myfonts.com/collections/gravira-font-rmu/
[2026-04-12T07:31:41Z] #398 attempt=1/2 status=200 0.224s url=https://www.myfonts.com/collections/gravira-font-rmu/?tab=techSpecs
[2026-04-12T07:31:42Z] #399 attempt=1/2 status=200 0.372s url=https://www.myfonts.com/products/regular-frederica-1131256
[2026-04-12T07:31:42Z] #400 attempt=1/2 status=200 0.302s url=https://www.myfonts.com/collections/frederica-font-alphaleonis-std/
[2026-04-12T07:31:42Z] #401 attempt=1/2 status=200 0.147s url=https://www.myfonts.com/collections/frederica-font-alphaleonis-std/?tab=techSpecs
[2026-04-12T07:31:43Z] #402 attempt=1/2 status=200 0.390s url=https://www.myfonts.com/products/regular-arsylla-1131246
[2026-04-12T07:31:44Z] #403 attempt=1/2 status=200 0.375s url=https://www.myfonts.com/collections/arsylla-font-bondangail/
[2026-04-12T07:31:45Z] #404 attempt=1/2 status=200 0.276s url=https://www.myfonts.com/collections/arsylla-font-bondangail/?tab=techSpecs
[2026-04-12T07:31:46Z] #405 attempt=1/2 status=200 0.423s url=https://www.myfonts.com/products/regular-moonlight-1131325
[2026-04-12T07:31:46Z] #406 attempt=1/2 status=200 0.333s url=https://www.myfonts.com/collections/moonlight-font-sensatype-studio/
[2026-04-12T07:31:47Z] #407 attempt=1/2 status=200 0.272s url=https://www.myfonts.com/collections/moonlight-font-sensatype-studio/?tab=techSpecs
[2026-04-12T07:31:48Z] #408 attempt=1/2 status=200 0.317s url=https://www.myfonts.com/products/regular-movant-1131310
[2026-04-12T07:31:48Z] #409 attempt=1/2 status=200 0.392s url=https://www.myfonts.com/collections/movant-font-rasio-studio/
[2026-04-12T07:31:49Z] #410 attempt=1/2 status=200 0.138s url=https://www.myfonts.com/collections/movant-font-rasio-studio/?tab=techSpecs
[2026-04-12T07:31:50Z] #411 attempt=1/2 status=200 0.320s url=https://www.myfonts.com/products/regular-borone-racing-1131263
[2026-04-12T07:31:50Z] #412 attempt=1/2 status=200 0.353s url=https://www.myfonts.com/collections/borone-racing-font-multype-studio/
[2026-04-12T07:31:51Z] #413 attempt=1/2 status=200 0.151s url=https://www.myfonts.com/collections/borone-racing-font-multype-studio/?tab=techSpecs
[2026-04-12T07:31:51Z] #414 attempt=1/2 status=200 0.293s url=https://www.myfonts.com/products/regular-velique-1131324
[2026-04-12T07:31:52Z] #415 attempt=1/2 status=200 0.381s url=https://www.myfonts.com/collections/velique-font-rasio-studio/
[2026-04-12T07:31:53Z] #416 attempt=1/2 status=200 0.404s url=https://www.myfonts.com/collections/velique-font-rasio-studio/?tab=techSpecs
[2026-04-12T07:31:54Z] #417 attempt=1/2 status=200 0.377s url=https://www.myfonts.com/products/amitsuya-complete-family-package-1130995
[2026-04-12T07:31:54Z] #418 attempt=1/2 status=200 0.388s url=https://www.myfonts.com/collections/amitsuya-font-made-deduk/
[2026-04-12T07:31:55Z] #419 attempt=1/2 status=200 0.182s url=https://www.myfonts.com/collections/amitsuya-font-made-deduk/?tab=techSpecs
[2026-04-12T07:31:56Z] #420 attempt=1/2 status=200 0.345s url=https://www.myfonts.com/products/la-casa-de-cultura-complete-family-package-1130902
[2026-04-12T07:31:57Z] #421 attempt=1/2 status=200 0.369s url=https://www.myfonts.com/collections/la-casa-de-cultura-font-metasena-typefoundry/
[2026-04-12T07:31:57Z] #422 attempt=1/2 status=200 0.149s url=https://www.myfonts.com/collections/la-casa-de-cultura-font-metasena-typefoundry/?tab=techSpecs
[2026-04-12T07:31:58Z] #423 attempt=1/2 status=200 0.363s url=https://www.myfonts.com/products/gloze-complete-family-package-1131264
[2026-04-12T07:31:59Z] #424 attempt=1/2 status=200 0.621s url=https://www.myfonts.com/collections/gloze-font-sipanji21/
[2026-04-12T07:32:00Z] #425 attempt=1/2 status=200 0.148s url=https://www.myfonts.com/collections/gloze-font-sipanji21/?tab=techSpecs
[2026-04-12T07:32:01Z] #426 attempt=1/2 status=200 0.457s url=https://www.myfonts.com/products/plakent-complete-family-package-1130961
[2026-04-12T07:32:02Z] #427 attempt=1/2 status=200 0.812s url=https://www.myfonts.com/collections/plakent-font-gian-studio/
[2026-04-12T07:32:03Z] #428 attempt=1/2 status=200 0.834s url=https://www.myfonts.com/collections/plakent-font-gian-studio/?tab=techSpecs
[2026-04-12T07:32:05Z] #429 attempt=1/2 status=200 0.513s url=https://www.myfonts.com/products/victory-lane-complete-family-package-1130897
[2026-04-12T07:32:05Z] #430 attempt=1/2 status=200 0.389s url=https://www.myfonts.com/collections/victory-lane-font-wings-art-studio/
[2026-04-12T07:32:06Z] #431 attempt=1/2 status=200 0.157s url=https://www.myfonts.com/collections/victory-lane-font-wings-art-studio/?tab=techSpecs
[2026-04-12T07:32:07Z] #432 attempt=1/2 status=200 0.487s url=https://www.myfonts.com/products/mandragia-complete-family-package-1130981
[2026-04-12T07:32:08Z] #433 attempt=1/2 status=200 0.417s url=https://www.myfonts.com/collections/mandragia-font-littlehand/
[2026-04-12T07:32:09Z] #434 attempt=1/2 status=200 0.458s url=https://www.myfonts.com/collections/mandragia-font-littlehand/?tab=techSpecs
[2026-04-12T07:32:10Z] #435 attempt=1/2 status=200 0.429s url=https://www.myfonts.com/products/barlinotes-complete-family-package-1131327
[2026-04-12T07:32:10Z] #436 attempt=1/2 status=200 0.359s url=https://www.myfonts.com/collections/barlinotes-font-letterena-studios/
[2026-04-12T07:32:11Z] #437 attempt=1/2 status=200 0.407s url=https://www.myfonts.com/collections/barlinotes-font-letterena-studios/?tab=techSpecs
[2026-04-12T07:32:13Z] #438 attempt=1/2 status=200 0.389s url=https://www.myfonts.com/products/dymetra-complete-family-package-1130923
[2026-04-12T07:32:13Z] #439 attempt=1/2 status=200 0.346s url=https://www.myfonts.com/collections/dymetra-font-hanken-design-co/
[2026-04-12T07:32:14Z] #440 attempt=1/2 status=200 0.476s url=https://www.myfonts.com/collections/dymetra-font-hanken-design-co/?tab=techSpecs
[2026-04-12T07:32:15Z] #441 attempt=1/2 status=200 0.418s url=https://www.myfonts.com/products/vordex-complete-family-package-1131257
[2026-04-12T07:32:16Z] #442 attempt=1/2 status=200 0.383s url=https://www.myfonts.com/collections/vordex-font-burntilldead/
[2026-04-12T07:32:17Z] #443 attempt=1/2 status=200 0.388s url=https://www.myfonts.com/collections/vordex-font-burntilldead/?tab=techSpecs
[2026-04-12T07:32:18Z] #444 attempt=1/2 status=200 0.410s url=https://www.myfonts.com/products/rustic-graytone-complete-family-package-1130888
[2026-04-12T07:32:19Z] #445 attempt=1/2 status=200 0.371s url=https://www.myfonts.com/collections/rustic-graytone-font-bale-type/
[2026-04-12T07:32:19Z] #446 attempt=1/2 status=200 0.191s url=https://www.myfonts.com/collections/rustic-graytone-font-bale-type/?tab=techSpecs
[2026-04-12T07:32:21Z] #447 attempt=1/2 status=200 0.968s url=https://www.myfonts.com/products/normal-package-1131076
[2026-04-12T07:32:23Z] #448 attempt=1/2 status=200 1.505s url=https://www.myfonts.com/collections/mundale-font-rastype-studio/
[2026-04-12T07:32:24Z] #449 attempt=1/2 status=200 0.194s url=https://www.myfonts.com/collections/mundale-font-rastype-studio/?tab=techSpecs
[2026-04-12T07:32:27Z] #450 attempt=1/2 status=200 1.542s url=https://www.myfonts.com/products/antre-expanded-family-package-1130689
[2026-04-12T07:32:29Z] #451 attempt=1/2 status=200 2.172s url=https://www.myfonts.com/collections/antre-font-hurufatfont-type-foundry/
[2026-04-12T07:32:32Z] #452 attempt=1/2 status=200 2.046s url=https://www.myfonts.com/collections/antre-font-hurufatfont-type-foundry/?tab=techSpecs
[2026-04-12T07:32:34Z] #453 attempt=1/2 status=200 0.570s url=https://www.myfonts.com/products/selestin-complete-family-package-1130938
[2026-04-12T07:32:35Z] #454 attempt=1/2 status=200 0.732s url=https://www.myfonts.com/collections/selestin-font-the-northern-block/
[2026-04-12T07:32:35Z] #455 attempt=1/2 status=200 0.208s url=https://www.myfonts.com/collections/selestin-font-the-northern-block/?tab=techSpecs
[2026-04-12T07:32:38Z] #456 attempt=1/2 status=200 1.608s url=https://www.myfonts.com/products/arqon-complete-family-package-1130702
[2026-04-12T07:32:41Z] #457 attempt=1/2 status=200 2.369s url=https://www.myfonts.com/collections/arqon-font-enfeeltype/
[2026-04-12T07:32:42Z] #458 attempt=1/2 status=200 0.208s url=https://www.myfonts.com/collections/arqon-font-enfeeltype/?tab=techSpecs
[2026-04-12T07:32:43Z] #459 attempt=1/2 status=200 0.369s url=https://www.myfonts.com/products/bernhard-roman-complete-family-package-1131079
[2026-04-12T07:32:44Z] #460 attempt=1/2 status=200 0.372s url=https://www.myfonts.com/collections/bernhard-roman-font-rmu/
[2026-04-12T07:32:45Z] #461 attempt=1/2 status=200 0.486s url=https://www.myfonts.com/collections/bernhard-roman-font-rmu/?tab=techSpecs
[2026-04-12T07:32:46Z] #462 attempt=1/2 status=200 0.465s url=https://www.myfonts.com/products/tbj-gobank-complete-family-package-1130922
[2026-04-12T07:32:47Z] #463 attempt=1/2 status=200 0.574s url=https://www.myfonts.com/collections/tbj-gobank-font-taboja-studio/
[2026-04-12T07:32:47Z] #464 attempt=1/2 status=200 0.147s url=https://www.myfonts.com/collections/tbj-gobank-font-taboja-studio/?tab=techSpecs
[2026-04-12T07:32:49Z] #465 attempt=1/2 status=200 0.439s url=https://www.myfonts.com/products/the-salty-monday-complete-family-package-1130894
[2026-04-12T07:32:50Z] #466 attempt=1/2 status=200 0.580s url=https://www.myfonts.com/collections/the-salty-monday-font-jolicia-type/
[2026-04-12T07:32:50Z] #467 attempt=1/2 status=200 0.340s url=https://www.myfonts.com/collections/the-salty-monday-font-jolicia-type/?tab=techSpecs
[2026-04-12T07:32:53Z] #468 attempt=1/2 status=200 0.458s url=https://www.myfonts.com/products/gabio-complete-family-package-1130986
[2026-04-12T07:32:53Z] #469 attempt=1/2 status=200 0.507s url=https://www.myfonts.com/collections/gabio-font-pandeka-studio/
[2026-04-12T07:32:54Z] #470 attempt=1/2 status=200 0.210s url=https://www.myfonts.com/collections/gabio-font-pandeka-studio/?tab=techSpecs
[2026-04-12T07:32:55Z] #471 attempt=1/2 status=200 0.392s url=https://www.myfonts.com/products/molino-complete-family-package-1131001
[2026-04-12T07:32:56Z] #472 attempt=1/2 status=200 0.460s url=https://www.myfonts.com/collections/molino-font-steptype/
[2026-04-12T07:32:57Z] #473 attempt=1/2 status=200 0.320s url=https://www.myfonts.com/collections/molino-font-steptype/?tab=techSpecs
[2026-04-12T07:32:58Z] #474 attempt=1/2 status=200 0.413s url=https://www.myfonts.com/products/kycron-complete-family-package-1130906
[2026-04-12T07:32:59Z] #475 attempt=1/2 status=200 0.458s url=https://www.myfonts.com/collections/kycron-font-sekyra-lab/
[2026-04-12T07:32:59Z] #476 attempt=1/2 status=200 0.161s url=https://www.myfonts.com/collections/kycron-font-sekyra-lab/?tab=techSpecs
[2026-04-12T07:33:00Z] #477 attempt=1/2 status=200 0.486s url=https://www.myfonts.com/products/broken-relent-complete-family-package-1131008
[2026-04-12T07:33:01Z] #478 attempt=1/2 status=200 0.403s url=https://www.myfonts.com/collections/broken-relent-font-timelesstype-studio/
[2026-04-12T07:33:02Z] #479 attempt=1/2 status=200 0.389s url=https://www.myfonts.com/collections/broken-relent-font-timelesstype-studio/?tab=techSpecs
[2026-04-12T07:33:03Z] #480 attempt=1/2 status=200 0.435s url=https://www.myfonts.com/products/sansceina-complete-family-package-1131031
[2026-04-12T07:33:04Z] #481 attempt=1/2 status=200 0.616s url=https://www.myfonts.com/collections/sansceina-font-ridtype/
[2026-04-12T07:33:05Z] #482 attempt=1/2 status=200 0.485s url=https://www.myfonts.com/collections/sansceina-font-ridtype/?tab=techSpecs
[2026-04-12T07:33:06Z] #483 attempt=1/2 status=200 0.402s url=https://www.myfonts.com/products/agesta-serif-complete-family-package-1131267
[2026-04-12T07:33:07Z] #484 attempt=1/2 status=200 0.538s url=https://www.myfonts.com/collections/agesta-serif-font-typehill-studio/
[2026-04-12T07:33:08Z] #485 attempt=1/2 status=200 0.510s url=https://www.myfonts.com/collections/agesta-serif-font-typehill-studio/?tab=techSpecs
[2026-04-12T07:33:09Z] #486 attempt=1/2 status=200 0.427s url=https://www.myfonts.com/products/rustic-diary-complete-family-package-1131330
[2026-04-12T07:33:10Z] #487 attempt=1/2 status=200 0.349s url=https://www.myfonts.com/collections/rustic-diary-font-stylishtype-studio/
[2026-04-12T07:33:10Z] #488 attempt=1/2 status=200 0.361s url=https://www.myfonts.com/collections/rustic-diary-font-stylishtype-studio/?tab=techSpecs
[2026-04-12T07:33:12Z] #489 attempt=1/2 status=200 0.339s url=https://www.myfonts.com/products/rockold-complete-family-package-1130918
[2026-04-12T07:33:12Z] #490 attempt=1/2 status=200 0.431s url=https://www.myfonts.com/collections/rockold-font-almarkha-type/
[2026-04-12T07:33:13Z] #491 attempt=1/2 status=200 0.158s url=https://www.myfonts.com/collections/rockold-font-almarkha-type/?tab=techSpecs
[2026-04-12T07:33:14Z] #492 attempt=1/2 status=200 0.371s url=https://www.myfonts.com/products/tessera-complete-family-package-1131069
[2026-04-12T07:33:15Z] #493 attempt=1/2 status=200 0.418s url=https://www.myfonts.com/collections/tessera-font-thomas-ramey-design/
[2026-04-12T07:33:15Z] #494 attempt=1/2 status=200 0.228s url=https://www.myfonts.com/collections/tessera-font-thomas-ramey-design/?tab=techSpecs
[2026-04-12T07:33:17Z] #495 attempt=1/2 status=200 0.427s url=https://www.myfonts.com/products/zp-mullah-complete-family-package-1131311
[2026-04-12T07:33:17Z] #496 attempt=1/2 status=200 0.523s url=https://www.myfonts.com/collections/zp-mullah-font-lettering-delights/
[2026-04-12T07:33:18Z] #497 attempt=1/2 status=200 0.583s url=https://www.myfonts.com/collections/zp-mullah-font-lettering-delights/?tab=techSpecs
[2026-04-12T07:33:20Z] #498 attempt=1/2 status=200 0.477s url=https://www.myfonts.com/products/spryng-complete-family-package-1130990
[2026-04-12T07:33:21Z] #499 attempt=1/2 status=200 0.764s url=https://www.myfonts.com/collections/spryng-font-lettering-delights/
[2026-04-12T07:33:21Z] #500 attempt=1/2 status=200 0.366s url=https://www.myfonts.com/collections/spryng-font-lettering-delights/?tab=techSpecs
[2026-04-12T07:33:23Z] #501 attempt=1/2 status=200 0.528s url=https://www.myfonts.com/products/farmilo-complete-family-package-1131260
[2026-04-12T07:33:23Z] #502 attempt=1/2 status=200 0.433s url=https://www.myfonts.com/collections/farmilo-font-burntilldead/
[2026-04-12T07:33:24Z] #503 attempt=1/2 status=200 0.202s url=https://www.myfonts.com/collections/farmilo-font-burntilldead/?tab=techSpecs
[2026-04-12T07:33:25Z] #504 attempt=1/2 status=200 0.464s url=https://www.myfonts.com/products/wobel-complete-family-package-1131307
[2026-04-12T07:33:26Z] #505 attempt=1/2 status=200 0.355s url=https://www.myfonts.com/collections/wobel-font-bondangail/
[2026-04-12T07:33:27Z] #506 attempt=1/2 status=200 0.436s url=https://www.myfonts.com/collections/wobel-font-bondangail/?tab=techSpecs
[2026-04-12T07:33:28Z] #507 attempt=1/2 status=200 0.343s url=https://www.myfonts.com/products/huggie-type-complete-family-package-1130998
[2026-04-12T07:33:29Z] #508 attempt=1/2 status=200 0.351s url=https://www.myfonts.com/collections/huggie-type-font-cocodesign/
[2026-04-12T07:33:29Z] #509 attempt=1/2 status=200 0.154s url=https://www.myfonts.com/collections/huggie-type-font-cocodesign/?tab=techSpecs
[2026-04-12T07:33:30Z] #510 attempt=1/2 status=200 0.436s url=https://www.myfonts.com/products/antarie-atelira-complete-family-package-1131243
[2026-04-12T07:33:31Z] #511 attempt=1/2 status=200 0.374s url=https://www.myfonts.com/collections/antarie-atelira-font-jinan-studio/
[2026-04-12T07:33:31Z] #512 attempt=1/2 status=200 0.232s url=https://www.myfonts.com/collections/antarie-atelira-font-jinan-studio/?tab=techSpecs
[2026-04-12T07:33:33Z] #513 attempt=1/2 status=200 0.655s url=https://www.myfonts.com/products/digiva-complete-family-package-1131050
[2026-04-12T07:33:34Z] #514 attempt=1/2 status=200 0.711s url=https://www.myfonts.com/collections/digiva-font-eko-bimantara/
[2026-04-12T07:33:34Z] #515 attempt=1/2 status=200 0.152s url=https://www.myfonts.com/collections/digiva-font-eko-bimantara/?tab=techSpecs
[2026-04-12T07:33:36Z] #516 attempt=1/2 status=200 0.328s url=https://www.myfonts.com/products/regular-stroked-brush-1131007
[2026-04-12T07:33:36Z] #517 attempt=1/2 status=200 0.400s url=https://www.myfonts.com/collections/stroked-brush-font-ferry-ardana-putra/
[2026-04-12T07:33:37Z] #518 attempt=1/2 status=200 0.411s url=https://www.myfonts.com/collections/stroked-brush-font-ferry-ardana-putra/?tab=techSpecs
[2026-04-12T07:33:38Z] #519 attempt=1/2 status=200 0.366s url=https://www.myfonts.com/products/regular-steam-vision-1130921
[2026-04-12T07:33:39Z] #520 attempt=1/2 status=200 0.282s url=https://www.myfonts.com/collections/steam-vision-font-mega-type/
[2026-04-12T07:33:39Z] #521 attempt=1/2 status=200 0.471s url=https://www.myfonts.com/collections/steam-vision-font-mega-type/?tab=techSpecs
[2026-04-12T07:33:40Z] #522 attempt=1/2 status=200 0.329s url=https://www.myfonts.com/products/regular-speed-boat-1130893
[2026-04-12T07:33:41Z] #523 attempt=1/2 status=200 0.354s url=https://www.myfonts.com/collections/speed-boat-font-epiclinez/
[2026-04-12T07:33:41Z] #524 attempt=1/2 status=200 0.280s url=https://www.myfonts.com/collections/speed-boat-font-epiclinez/?tab=techSpecs
[2026-04-12T07:33:42Z] #525 attempt=1/2 status=200 0.303s url=https://www.myfonts.com/products/regular-iron-shadow-1130960
[2026-04-12T07:33:43Z] #526 attempt=1/2 status=200 0.402s url=https://www.myfonts.com/collections/iron-shadow-font-yoga-letter/
[2026-04-12T07:33:44Z] #527 attempt=1/2 status=200 0.448s url=https://www.myfonts.com/collections/iron-shadow-font-yoga-letter/?tab=techSpecs
[2026-04-12T07:33:45Z] #528 attempt=1/6 status=200 0.757s url=https://www.myfonts.com/products.json?limit=100&page=9
[2026-04-12T07:33:46Z] #529 attempt=1/2 status=200 0.411s url=https://www.myfonts.com/products/regular-hanlena-brush-1130958
[2026-04-12T07:33:47Z] #530 attempt=1/2 status=200 0.466s url=https://www.myfonts.com/collections/hanlena-brush-font-gatype/
[2026-04-12T07:33:47Z] #531 attempt=1/2 status=200 0.419s url=https://www.myfonts.com/collections/hanlena-brush-font-gatype/?tab=techSpecs
[2026-04-12T07:33:48Z] #532 attempt=1/2 status=200 0.287s url=https://www.myfonts.com/products/regular-vittasoa-1130917
[2026-04-12T07:33:49Z] #533 attempt=1/2 status=200 0.328s url=https://www.myfonts.com/collections/vittasoa-font-almarkha-type/
[2026-04-12T07:33:49Z] #534 attempt=1/2 status=200 0.311s url=https://www.myfonts.com/collections/vittasoa-font-almarkha-type/?tab=techSpecs
[2026-04-12T07:33:50Z] #535 attempt=1/2 status=200 0.382s url=https://www.myfonts.com/products/regular-bolva-hema-1130985
[2026-04-12T07:33:51Z] #536 attempt=1/2 status=200 0.401s url=https://www.myfonts.com/collections/bolva-hema-font-pandeka-studio/
[2026-04-12T07:33:52Z] #537 attempt=1/2 status=200 0.395s url=https://www.myfonts.com/collections/bolva-hema-font-pandeka-studio/?tab=techSpecs
[2026-04-12T07:33:53Z] #538 attempt=1/2 status=200 0.352s url=https://www.myfonts.com/products/regular-chubikoly-1130892
[2026-04-12T07:33:53Z] #539 attempt=1/2 status=200 0.341s url=https://www.myfonts.com/collections/chubikoly-font-madjack-font/
[2026-04-12T07:33:54Z] #540 attempt=1/2 status=200 0.276s url=https://www.myfonts.com/collections/chubikoly-font-madjack-font/?tab=techSpecs
[2026-04-12T07:33:55Z] #541 attempt=1/2 status=200 0.307s url=https://www.myfonts.com/products/regular-antique-seaside-1130901
[2026-04-12T07:33:55Z] #542 attempt=1/2 status=200 0.277s url=https://www.myfonts.com/collections/antique-seaside-font-letterfreshstudio/
[2026-04-12T07:33:56Z] #543 attempt=1/2 status=200 0.177s url=https://www.myfonts.com/collections/antique-seaside-font-letterfreshstudio/?tab=techSpecs
[2026-04-12T07:33:57Z] #544 attempt=1/6 status=200 0.753s url=https://www.myfonts.com/products.json?limit=100&page=10
[2026-04-12T07:33:58Z] #545 attempt=1/2 status=200 0.335s url=https://www.myfonts.com/products/regular-fragrant-chic-and-fresh-1130905
[2026-04-12T07:33:58Z] #546 attempt=1/2 status=200 0.396s url=https://www.myfonts.com/collections/fragrant-chic-and-fresh-font-metasena-typefoundry/
[2026-04-12T07:33:59Z] #547 attempt=1/2 status=200 0.180s url=https://www.myfonts.com/collections/fragrant-chic-and-fresh-font-metasena-typefoundry/?tab=techSpecs
[2026-04-12T07:34:00Z] #548 attempt=1/2 status=200 0.338s url=https://www.myfonts.com/products/regular-barty-stones-1130989
[2026-04-12T07:34:00Z] #549 attempt=1/2 status=200 0.330s url=https://www.myfonts.com/collections/barty-stones-font-ergibi-studio/
[2026-04-12T07:34:01Z] #550 attempt=1/2 status=200 0.149s url=https://www.myfonts.com/collections/barty-stones-font-ergibi-studio/?tab=techSpecs
[2026-04-12T07:34:02Z] #551 attempt=1/2 status=200 0.381s url=https://www.myfonts.com/products/regular-everdeath-1130916
[2026-04-12T07:34:02Z] #552 attempt=1/2 status=200 0.397s url=https://www.myfonts.com/collections/everdeath-font-almarkha-type/
[2026-04-12T07:34:03Z] #553 attempt=1/2 status=200 0.396s url=https://www.myfonts.com/collections/everdeath-font-almarkha-type/?tab=techSpecs
[2026-04-12T07:34:04Z] #554 attempt=1/2 status=200 0.441s url=https://www.myfonts.com/products/regular-freyca-1130891
[2026-04-12T07:34:05Z] #555 attempt=1/2 status=200 0.310s url=https://www.myfonts.com/collections/freyca-font-drizy-font/
[2026-04-12T07:34:05Z] #556 attempt=1/2 status=200 0.157s url=https://www.myfonts.com/collections/freyca-font-drizy-font/?tab=techSpecs
[2026-04-12T07:34:06Z] #557 attempt=1/2 status=200 0.305s url=https://www.myfonts.com/products/regular-heavy-warning-1130957
[2026-04-12T07:34:06Z] #558 attempt=1/2 status=200 0.312s url=https://www.myfonts.com/collections/heavy-warning-font-sarid-ezra/
[2026-04-12T07:34:07Z] #559 attempt=1/2 status=200 0.175s url=https://www.myfonts.com/collections/heavy-warning-font-sarid-ezra/?tab=techSpecs
[2026-04-12T07:34:08Z] #560 attempt=1/2 status=200 0.367s url=https://www.myfonts.com/products/as-world-cup26-bold-as-wc26-1131030
[2026-04-12T07:34:08Z] #561 attempt=1/2 status=200 0.325s url=https://www.myfonts.com/collections/as-wc26-font-sallam-type/
[2026-04-12T07:34:09Z] #562 attempt=1/2 status=200 0.292s url=https://www.myfonts.com/collections/as-wc26-font-sallam-type/?tab=techSpecs
[2026-04-12T07:34:10Z] #563 attempt=1/2 status=200 0.424s url=https://www.myfonts.com/products/regular-conical-paradise-1131006
[2026-04-12T07:34:11Z] #564 attempt=1/2 status=200 0.332s url=https://www.myfonts.com/collections/conical-paradise-font-jehansyah/
[2026-04-12T07:34:11Z] #565 attempt=1/2 status=200 0.179s url=https://www.myfonts.com/collections/conical-paradise-font-jehansyah/?tab=techSpecs
[2026-04-12T07:34:12Z] #566 attempt=1/2 status=200 0.298s url=https://www.myfonts.com/products/regular-onry-display-variable-1131005
[2026-04-12T07:34:13Z] #567 attempt=1/2 status=200 0.321s url=https://www.myfonts.com/collections/onry-display-variable-font-nicolass-fonts/
[2026-04-12T07:34:13Z] #568 attempt=1/2 status=200 0.192s url=https://www.myfonts.com/collections/onry-display-variable-font-nicolass-fonts/?tab=techSpecs
[2026-04-12T07:34:15Z] #569 attempt=1/6 status=200 0.818s url=https://www.myfonts.com/products.json?limit=100&page=11
[2026-04-12T07:34:16Z] #570 attempt=1/2 status=200 0.296s url=https://www.myfonts.com/products/regular-black-orland-1130959
[2026-04-12T07:34:16Z] #571 attempt=1/2 status=200 0.301s url=https://www.myfonts.com/collections/black-orland-font-yoga-letter/
[2026-04-12T07:34:16Z] #572 attempt=1/2 status=200 0.164s url=https://www.myfonts.com/collections/black-orland-font-yoga-letter/?tab=techSpecs
[2026-04-12T07:34:18Z] #573 attempt=1/2 status=200 0.473s url=https://www.myfonts.com/products/vescura-complete-family-package-1130691
[2026-04-12T07:34:18Z] #574 attempt=1/2 status=200 0.704s url=https://www.myfonts.com/collections/vescura-font-lettertype-studio/
[2026-04-12T07:34:19Z] #575 attempt=1/2 status=200 0.184s url=https://www.myfonts.com/collections/vescura-font-lettertype-studio/?tab=techSpecs
[2026-04-12T07:34:20Z] #576 attempt=1/2 status=200 0.327s url=https://www.myfonts.com/products/primavello-complete-family-package-1130883
[2026-04-12T07:34:21Z] #577 attempt=1/2 status=200 0.434s url=https://www.myfonts.com/collections/primavello-font-made-deduk/
[2026-04-12T07:34:21Z] #578 attempt=1/2 status=200 0.346s url=https://www.myfonts.com/collections/primavello-font-made-deduk/?tab=techSpecs
[2026-04-12T07:34:23Z] #579 attempt=1/2 status=200 0.423s url=https://www.myfonts.com/products/lamrata-complete-family-package-1130812
[2026-04-12T07:34:24Z] #580 attempt=1/2 status=200 0.560s url=https://www.myfonts.com/collections/lamrata-font-hishand-studio/
[2026-04-12T07:34:24Z] #581 attempt=1/2 status=200 0.184s url=https://www.myfonts.com/collections/lamrata-font-hishand-studio/?tab=techSpecs
[2026-04-12T07:34:26Z] #582 attempt=1/6 status=200 0.876s url=https://www.myfonts.com/products.json?limit=100&page=12
[2026-04-12T07:34:28Z] #583 attempt=1/2 status=200 1.271s url=https://www.myfonts.com/products/the-crafter-bundle-modern-script-font-collection-package-1131245
[2026-04-12T07:34:28Z] #584 attempt=1/2 status=404 0.236s url=https://www.myfonts.com/collections/the-crafter-bundle-modern-script-font-collection-font-amarlettering
[2026-04-12T07:34:29Z] #585 attempt=1/2 status=200 0.339s url=https://www.myfonts.com/products/dopsy-complete-family-package-1130413
[2026-04-12T07:34:29Z] #586 attempt=1/2 status=200 0.470s url=https://www.myfonts.com/collections/dopsy-font-shanaf/
[2026-04-12T07:34:30Z] #587 attempt=1/2 status=200 0.165s url=https://www.myfonts.com/collections/dopsy-font-shanaf/?tab=techSpecs
[2026-04-12T07:34:31Z] #588 attempt=1/2 status=200 0.416s url=https://www.myfonts.com/products/ikn-anzo-complete-family-package-1130424
[2026-04-12T07:34:32Z] #589 attempt=1/2 status=200 0.207s url=https://www.myfonts.com/collections/ikn-anzo-font-ikosa-nona/
[2026-04-12T07:34:32Z] #590 attempt=1/2 status=200 0.166s url=https://www.myfonts.com/collections/ikn-anzo-font-ikosa-nona/?tab=techSpecs
[2026-04-12T07:34:35Z] #591 attempt=1/2 status=200 1.334s url=https://www.myfonts.com/products/casimo-complete-family-package-1130435
[2026-04-12T07:34:36Z] #592 attempt=1/2 status=200 1.323s url=https://www.myfonts.com/collections/casimo-font-mordex-studio/
[2026-04-12T07:34:38Z] #593 attempt=1/2 status=200 1.745s url=https://www.myfonts.com/collections/casimo-font-mordex-studio/?tab=techSpecs
[2026-04-12T07:34:40Z] #594 attempt=1/2 status=200 0.332s url=https://www.myfonts.com/products/horn-pop-complete-family-package-1130417
[2026-04-12T07:34:40Z] #595 attempt=1/2 status=200 0.373s url=https://www.myfonts.com/collections/horn-pop-font-shanaf/
[2026-04-12T07:34:41Z] #596 attempt=1/2 status=200 0.361s url=https://www.myfonts.com/collections/horn-pop-font-shanaf/?tab=techSpecs
[2026-04-12T07:34:42Z] #597 attempt=1/2 status=200 0.338s url=https://www.myfonts.com/products/thunder-bloom-complete-family-package-1130421
[2026-04-12T07:34:43Z] #598 attempt=1/2 status=200 0.371s url=https://www.myfonts.com/collections/thunder-bloom-font-rastype-studio/
[2026-04-12T07:34:44Z] #599 attempt=1/2 status=200 0.301s url=https://www.myfonts.com/collections/thunder-bloom-font-rastype-studio/?tab=techSpecs
[2026-04-12T07:34:45Z] #600 attempt=1/2 status=200 0.397s url=https://www.myfonts.com/products/amorty-bosworth-complete-family-package-1130432
[2026-04-12T07:34:46Z] #601 attempt=1/2 status=200 0.505s url=https://www.myfonts.com/collections/amorty-bosworth-font-heinzel-std/
[2026-04-12T07:34:46Z] #602 attempt=1/2 status=200 0.386s url=https://www.myfonts.com/collections/amorty-bosworth-font-heinzel-std/?tab=techSpecs
[2026-04-12T07:34:48Z] #603 attempt=1/2 status=200 0.393s url=https://www.myfonts.com/products/regular-barton-miles-1130703
[2026-04-12T07:34:48Z] #604 attempt=1/2 status=200 0.311s url=https://www.myfonts.com/collections/barton-miles-font-timurtype/
[2026-04-12T07:34:49Z] #605 attempt=1/2 status=200 0.283s url=https://www.myfonts.com/collections/barton-miles-font-timurtype/?tab=techSpecs
[2026-04-12T07:34:50Z] #606 attempt=1/6 status=200 0.793s url=https://www.myfonts.com/products.json?limit=100&page=13
[2026-04-12T07:34:51Z] #607 attempt=1/2 status=200 0.325s url=https://www.myfonts.com/products/regular-lecaria-1130412
[2026-04-12T07:34:51Z] #608 attempt=1/2 status=200 0.259s url=https://www.myfonts.com/collections/lecaria-font-rasio-studio/
[2026-04-12T07:34:52Z] #609 attempt=1/2 status=200 0.143s url=https://www.myfonts.com/collections/lecaria-font-rasio-studio/?tab=techSpecs
[2026-04-12T07:34:53Z] #610 attempt=1/2 status=200 0.327s url=https://www.myfonts.com/products/regular-elviro-1130416
[2026-04-12T07:34:53Z] #611 attempt=1/2 status=200 0.354s url=https://www.myfonts.com/collections/elviro-font-shanaf/
[2026-04-12T07:34:54Z] #612 attempt=1/2 status=200 0.314s url=https://www.myfonts.com/collections/elviro-font-shanaf/?tab=techSpecs
[2026-04-12T07:34:55Z] #613 attempt=1/2 status=200 0.311s url=https://www.myfonts.com/products/anteri-thewnox-regular-mc-anteri-thewnox-1130690
[2026-04-12T07:34:55Z] #614 attempt=1/2 status=200 0.321s url=https://www.myfonts.com/collections/mc-anteri-thewnox-font-maulana-creative/
[2026-04-12T07:34:56Z] #615 attempt=1/2 status=200 0.331s url=https://www.myfonts.com/products/regular-oxtreon-1130745
[2026-04-12T07:34:56Z] #616 attempt=1/2 status=200 0.395s url=https://www.myfonts.com/collections/oxtreon-font-oxt-type-house/
[2026-04-12T07:34:57Z] #617 attempt=1/2 status=200 0.342s url=https://www.myfonts.com/products/regular-mother-craft-1130886
[2026-04-12T07:34:58Z] #618 attempt=1/2 status=200 0.314s url=https://www.myfonts.com/collections/mother-craft-font-yoga-letter/
[2026-04-12T07:34:58Z] #619 attempt=1/2 status=200 0.278s url=https://www.myfonts.com/products/regular-belvona-1130882
[2026-04-12T07:34:59Z] #620 attempt=1/2 status=200 0.401s url=https://www.myfonts.com/collections/belvona-font-letterhend/
[2026-04-12T07:34:59Z] #621 attempt=1/2 status=200 0.354s url=https://www.myfonts.com/products/regular-raillouise-1130431
[2026-04-12T07:35:00Z] #622 attempt=1/2 status=200 0.283s url=https://www.myfonts.com/collections/raillouise-font-heinzel-std/
[2026-04-12T07:35:01Z] #623 attempt=1/2 status=200 0.306s url=https://www.myfonts.com/products/regular-moochy-pops-1130420
[2026-04-12T07:35:01Z] #624 attempt=1/2 status=200 0.252s url=https://www.myfonts.com/collections/moochy-pops-font-shanaf/
[2026-04-12T07:35:02Z] #625 attempt=1/6 status=200 0.820s url=https://www.myfonts.com/products.json?limit=100&page=14
[2026-04-12T07:35:03Z] #626 attempt=1/2 status=200 0.335s url=https://www.myfonts.com/products/regular-avonia-1130411
[2026-04-12T07:35:03Z] #627 attempt=1/2 status=200 0.274s url=https://www.myfonts.com/collections/avonia-font-rasio-studio/
[2026-04-12T07:35:04Z] #628 attempt=1/2 status=200 0.455s url=https://www.myfonts.com/products/regular-graceful-easter-1130887
[2026-04-12T07:35:05Z] #629 attempt=1/2 status=200 0.345s url=https://www.myfonts.com/collections/graceful-easter-font-yoga-letter/
[2026-04-12T07:35:06Z] #630 attempt=1/6 status=200 0.838s url=https://www.myfonts.com/products.json?limit=100&page=15
[2026-04-12T07:35:08Z] #631 attempt=1/2 status=200 1.127s url=https://www.myfonts.com/products/condensed-package-1130332
[2026-04-12T07:35:10Z] #632 attempt=1/2 status=200 2.080s url=https://www.myfonts.com/collections/aurestia-font-mj-studio/
[2026-04-12T07:35:11Z] #633 attempt=1/2 status=200 0.522s url=https://www.myfonts.com/products/simsalty-barthilon-complete-family-package-1129898
[2026-04-12T07:35:12Z] #634 attempt=1/2 status=200 0.591s url=https://www.myfonts.com/collections/simsalty-barthilon-font-denustudio/
[2026-04-12T07:35:12Z] #635 attempt=1/2 status=200 0.471s url=https://www.myfonts.com/products/omvros-pro-complete-family-package-1129718
[2026-04-12T07:35:13Z] #636 attempt=1/2 status=200 0.736s url=https://www.myfonts.com/collections/omvros-pro-font-dbsv-moulding-ideas/
[2026-04-12T07:35:14Z] #637 attempt=1/2 status=200 0.518s url=https://www.myfonts.com/products/zp-fraternities-floral-complete-family-package-1130359
[2026-04-12T07:35:15Z] #638 attempt=1/2 status=200 0.475s url=https://www.myfonts.com/collections/zp-fraternities-floral-font-lettering-delights/
[2026-04-12T07:35:16Z] #639 attempt=1/2 status=200 0.493s url=https://www.myfonts.com/products/helix-sans-complete-family-package-1129653
[2026-04-12T07:35:17Z] #640 attempt=1/2 status=200 0.562s url=https://www.myfonts.com/collections/helix-sans-font-webhance/
[2026-04-12T07:35:17Z] #641 attempt=1/2 status=200 0.362s url=https://www.myfonts.com/products/broken-system-complete-family-package-1129824
[2026-04-12T07:35:18Z] #642 attempt=1/2 status=200 0.386s url=https://www.myfonts.com/collections/broken-system-font-letterena-studios/
[2026-04-12T07:35:19Z] #643 attempt=1/2 status=200 0.558s url=https://www.myfonts.com/products/mapion-sans-complete-family-package-1129636
[2026-04-12T07:35:20Z] #644 attempt=1/2 status=200 0.622s url=https://www.myfonts.com/collections/mapion-sans-font-ghozai-studio/
[2026-04-12T07:35:20Z] #645 attempt=1/2 status=200 0.347s url=https://www.myfonts.com/products/brisound-complete-family-package-1129815
[2026-04-12T07:35:21Z] #646 attempt=1/2 status=200 0.380s url=https://www.myfonts.com/collections/brisound-font-burntilldead/
[2026-04-12T07:35:22Z] #647 attempt=1/2 status=200 0.486s url=https://www.myfonts.com/products/apex-curve-complete-family-package-1129687
[2026-04-12T07:35:22Z] #648 attempt=1/2 status=200 0.382s url=https://www.myfonts.com/collections/apex-curve-font-mevstory-studio/
[2026-04-12T07:35:23Z] #649 attempt=1/2 status=200 0.365s url=https://www.myfonts.com/products/reicha-variable-complete-family-package-1129839
[2026-04-12T07:35:24Z] #650 attempt=1/2 status=200 0.555s url=https://www.myfonts.com/collections/reicha-variable-font-akbartype/
[2026-04-12T07:35:24Z] #651 attempt=1/2 status=200 0.421s url=https://www.myfonts.com/products/fox-orbit-complete-family-package-1129624
[2026-04-12T07:35:25Z] #652 attempt=1/2 status=200 0.412s url=https://www.myfonts.com/collections/fox-orbit-font-fox7/
[2026-04-12T07:35:26Z] #653 attempt=1/2 status=200 0.658s url=https://www.myfonts.com/products/arko-poster-small-caps-complete-family-package-1129603
[2026-04-12T07:35:27Z] #654 attempt=1/2 status=200 0.736s url=https://www.myfonts.com/collections/arko-poster-small-caps-font-numidiatype/
[2026-04-12T07:35:28Z] #655 attempt=1/2 status=200 0.678s url=https://www.myfonts.com/products/novel-sans-complete-family-package-1130408
[2026-04-12T07:35:29Z] #656 attempt=1/2 status=200 1.001s url=https://www.myfonts.com/collections/novel-sans-pro-font-atlasfontfoundry/
[2026-04-12T07:35:30Z] #657 attempt=1/2 status=200 0.468s url=https://www.myfonts.com/products/oblique-package-1129716
[2026-04-12T07:35:31Z] #658 attempt=1/2 status=200 0.696s url=https://www.myfonts.com/collections/skyrise-crt-font-multiformis/
[2026-04-12T07:35:32Z] #659 attempt=1/2 status=200 0.359s url=https://www.myfonts.com/products/sltf-curo-complete-family-package-1130141
[2026-04-12T07:35:32Z] #660 attempt=1/2 status=200 0.474s url=https://www.myfonts.com/collections/sltf-curo-font-silver-stag/
[2026-04-12T07:35:33Z] #661 attempt=1/2 status=200 0.466s url=https://www.myfonts.com/products/ginovra-rounded-complete-family-package-1129586
[2026-04-12T07:35:34Z] #662 attempt=1/2 status=200 0.872s url=https://www.myfonts.com/collections/ginovra-rounded-font-ghozai-studio/
[2026-04-12T07:35:35Z] #663 attempt=1/2 status=200 0.521s url=https://www.myfonts.com/products/garised-complete-family-package-1130137
[2026-04-12T07:35:35Z] #664 attempt=1/2 status=200 0.332s url=https://www.myfonts.com/collections/garised-font-fernande/
[2026-04-12T07:35:36Z] #665 attempt=1/2 status=200 0.508s url=https://www.myfonts.com/products/glevia-complete-family-package-1129630
[2026-04-12T07:35:37Z] #666 attempt=1/2 status=200 0.463s url=https://www.myfonts.com/collections/glevia-font-pictranoosa/
[2026-04-12T07:35:38Z] #667 attempt=1/2 status=200 0.326s url=https://www.myfonts.com/products/rustic-astera-complete-family-package-1130167
[2026-04-12T07:35:38Z] #668 attempt=1/2 status=200 0.403s url=https://www.myfonts.com/collections/rustic-astera-font-letterena-studios/
[2026-04-12T07:35:39Z] #669 attempt=1/2 status=200 0.392s url=https://www.myfonts.com/products/grimveil-complete-family-package-1130174
[2026-04-12T07:35:40Z] #670 attempt=1/2 status=200 0.447s url=https://www.myfonts.com/collections/grimveil-font-snapedsgn/
[2026-04-12T07:35:40Z] #671 attempt=1/2 status=200 0.378s url=https://www.myfonts.com/products/zp-flowering-complete-family-package-1130352
[2026-04-12T07:35:41Z] #672 attempt=1/2 status=200 0.532s url=https://www.myfonts.com/collections/zp-flowering-font-lettering-delights/
[2026-04-12T07:35:42Z] #673 attempt=1/2 status=200 0.478s url=https://www.myfonts.com/products/tiny-words-complete-family-package-1129580
[2026-04-12T07:35:42Z] #674 attempt=1/2 status=200 0.484s url=https://www.myfonts.com/collections/tiny-words-font-pizzadudedk/
[2026-04-12T07:35:43Z] #675 attempt=1/2 status=200 0.602s url=https://www.myfonts.com/products/luma-prime-complete-family-package-1129879
[2026-04-12T07:35:44Z] #676 attempt=1/2 status=200 0.605s url=https://www.myfonts.com/collections/luma-prime-font-vp-creative-shop/
[2026-04-12T07:35:45Z] #677 attempt=1/2 status=200 0.400s url=https://www.myfonts.com/products/zp-mister-garden-complete-family-package-1130391
[2026-04-12T07:35:46Z] #678 attempt=1/2 status=200 0.490s url=https://www.myfonts.com/collections/zp-mister-garden-font-lettering-delights/
[2026-04-12T07:35:46Z] #679 attempt=1/2 status=200 0.385s url=https://www.myfonts.com/products/ragito-complete-family-package-1129745
[2026-04-12T07:35:47Z] #680 attempt=1/2 status=200 0.445s url=https://www.myfonts.com/collections/ragito-font-fitrah-type/
[2026-04-12T07:35:48Z] #681 attempt=1/2 status=200 0.717s url=https://www.myfonts.com/products/mighty-monte-complete-family-package-1130186
[2026-04-12T07:35:49Z] #682 attempt=1/2 status=200 0.386s url=https://www.myfonts.com/collections/mighty-monte-font-saemoon-creative/
[2026-04-12T07:35:49Z] #683 attempt=1/2 status=200 0.411s url=https://www.myfonts.com/products/neuversa-complete-family-package-1130120
[2026-04-12T07:35:50Z] #684 attempt=1/2 status=200 0.429s url=https://www.myfonts.com/collections/neuversa-font-snapedsgn/
[2026-04-12T07:35:51Z] #685 attempt=1/2 status=200 0.584s url=https://www.myfonts.com/products/flamingo-sunset-complete-family-package-1129770
[2026-04-12T07:35:52Z] #686 attempt=1/2 status=200 0.928s url=https://www.myfonts.com/collections/flamingo-sunset-font-ottertype/
[2026-04-12T07:35:53Z] #687 attempt=1/2 status=200 0.454s url=https://www.myfonts.com/products/zp-gidbergarden-complete-family-package-1130373
[2026-04-12T07:35:53Z] #688 attempt=1/2 status=200 0.402s url=https://www.myfonts.com/collections/zp-gidbergarden-font-lettering-delights/
[2026-04-12T07:35:54Z] #689 attempt=1/2 status=200 0.472s url=https://www.myfonts.com/products/konsumed-complete-family-package-1129916
[2026-04-12T07:35:55Z] #690 attempt=1/2 status=200 0.692s url=https://www.myfonts.com/collections/konsumed-font-the-native-saint-club/
[2026-04-12T07:35:56Z] #691 attempt=1/2 status=200 0.355s url=https://www.myfonts.com/products/qilargo-complete-family-package-1129755
[2026-04-12T07:35:56Z] #692 attempt=1/2 status=200 0.354s url=https://www.myfonts.com/collections/qilargo-font-tini-fitriani/
[2026-04-12T07:35:57Z] #693 attempt=1/2 status=200 0.362s url=https://www.myfonts.com/products/serphina-lawliam-complete-family-package-1130025
[2026-04-12T07:35:58Z] #694 attempt=1/2 status=200 0.570s url=https://www.myfonts.com/collections/serphina-lawliam-font-tini-fitriani/
[2026-04-12T07:35:58Z] #695 attempt=1/2 status=200 0.341s url=https://www.myfonts.com/products/claris-fleur-complete-family-package-1130131
[2026-04-12T07:35:59Z] #696 attempt=1/2 status=200 0.409s url=https://www.myfonts.com/collections/claris-fleur-font-tini-fitriani/
[2026-04-12T07:36:00Z] #697 attempt=1/2 status=200 0.423s url=https://www.myfonts.com/products/buntic-regal-complete-family-package-1129906
[2026-04-12T07:36:00Z] #698 attempt=1/2 status=200 0.379s url=https://www.myfonts.com/collections/buntic-regal-font-letterena-studios/
[2026-04-12T07:36:01Z] #699 attempt=1/2 status=200 0.323s url=https://www.myfonts.com/products/super-gesture-complete-family-package-1129902
[2026-04-12T07:36:02Z] #700 attempt=1/2 status=200 0.465s url=https://www.myfonts.com/collections/super-gesture-font-ergibi-studio/
[2026-04-12T07:36:02Z] #701 attempt=1/2 status=200 0.450s url=https://www.myfonts.com/products/torota-complete-family-package-1130029
[2026-04-12T07:36:03Z] #702 attempt=1/2 status=200 0.577s url=https://www.myfonts.com/collections/torota-font-artiveko/
[2026-04-12T07:36:04Z] #703 attempt=1/2 status=200 0.379s url=https://www.myfonts.com/products/gamlowfei-complete-family-package-1129876
[2026-04-12T07:36:04Z] #704 attempt=1/2 status=200 0.358s url=https://www.myfonts.com/collections/gamlowfei-font-denustudio/
[2026-04-12T07:36:05Z] #705 attempt=1/2 status=200 0.486s url=https://www.myfonts.com/products/kelantis-complete-family-package-1129758
[2026-04-12T07:36:06Z] #706 attempt=1/2 status=200 0.436s url=https://www.myfonts.com/collections/kelantis-font-vermilione/
[2026-04-12T07:36:06Z] #707 attempt=1/2 status=200 0.435s url=https://www.myfonts.com/products/arcex-complete-family-package-1129827
[2026-04-12T07:36:07Z] #708 attempt=1/2 status=200 0.376s url=https://www.myfonts.com/collections/arcex-font-burntilldead/
[2026-04-12T07:36:08Z] #709 attempt=1/2 status=200 0.464s url=https://www.myfonts.com/products/matchengis-complete-family-package-1130160
[2026-04-12T07:36:08Z] #710 attempt=1/2 status=200 0.426s url=https://www.myfonts.com/collections/matchengis-font-stylishtype-studio/
[2026-04-12T07:36:09Z] #711 attempt=1/2 status=200 0.351s url=https://www.myfonts.com/products/black-velmora-complete-family-package-1129831
[2026-04-12T07:36:10Z] #712 attempt=1/2 status=200 0.369s url=https://www.myfonts.com/collections/black-velmora-font-yoga-letter/
[2026-04-12T07:36:10Z] #713 attempt=1/2 status=200 0.349s url=https://www.myfonts.com/products/gamebyte-complete-family-package-1130154
[2026-04-12T07:36:11Z] #714 attempt=1/2 status=200 0.357s url=https://www.myfonts.com/collections/gamebyte-font-din-studio/
[2026-04-12T07:36:12Z] #715 attempt=1/2 status=200 0.374s url=https://www.myfonts.com/products/mandyta-oliver-complete-family-package-1129821
[2026-04-12T07:36:12Z] #716 attempt=1/2 status=200 0.403s url=https://www.myfonts.com/collections/mandyta-oliver-font-letterena-studios/
[2026-04-12T07:36:13Z] #717 attempt=1/2 status=200 0.349s url=https://www.myfonts.com/products/snapshot-dreams-complete-family-package-1129812
[2026-04-12T07:36:13Z] #718 attempt=1/2 status=200 0.348s url=https://www.myfonts.com/collections/snapshot-dreams-font-letterena-studios/
[2026-04-12T07:36:14Z] #719 attempt=1/2 status=200 0.330s url=https://www.myfonts.com/products/bulgeto-eastern-complete-family-package-1129767
[2026-04-12T07:36:15Z] #720 attempt=1/2 status=200 0.356s url=https://www.myfonts.com/collections/bulgeto-eastern-font-stylishtype-studio/
[2026-04-12T07:36:16Z] #721 attempt=1/2 status=200 0.673s url=https://www.myfonts.com/products/it-kroxen-complete-family-package-1130210
[2026-04-12T07:36:16Z] #722 attempt=1/2 status=200 0.732s url=https://www.myfonts.com/collections/it-kroxen-font-creatifont-studio/
[2026-04-12T07:36:17Z] #723 attempt=1/2 status=200 0.369s url=https://www.myfonts.com/products/moonveil-playful-complete-family-package-1130170
[2026-04-12T07:36:18Z] #724 attempt=1/2 status=200 0.395s url=https://www.myfonts.com/collections/moonveil-playful-font-letterafandi-studio/
[2026-04-12T07:36:18Z] #725 attempt=1/2 status=200 0.349s url=https://www.myfonts.com/products/claudia-martin-complete-family-package-1129818
[2026-04-12T07:36:19Z] #726 attempt=1/2 status=200 0.350s url=https://www.myfonts.com/collections/claudia-martin-font-letterena-studios/
[2026-04-12T07:36:20Z] #727 attempt=1/2 status=200 0.350s url=https://www.myfonts.com/products/seragil-complete-family-package-1129761
[2026-04-12T07:36:20Z] #728 attempt=1/2 status=200 0.649s url=https://www.myfonts.com/collections/seragil-font-vermilione/
[2026-04-12T07:36:21Z] #729 attempt=1/2 status=200 0.351s url=https://www.myfonts.com/products/rahext-complete-family-package-1129690
[2026-04-12T07:36:22Z] #730 attempt=1/2 status=200 0.382s url=https://www.myfonts.com/collections/rahext-font-mooneseye-studio/
[2026-04-12T07:36:22Z] #731 attempt=1/2 status=200 0.459s url=https://www.myfonts.com/products/dom-ballpoint-serif-complete-family-package-1129841
[2026-04-12T07:36:23Z] #732 attempt=1/2 status=200 0.822s url=https://www.myfonts.com/collections/dom-ballpoint-serif-font-designomatt/
[2026-04-12T07:36:24Z] #733 attempt=1/2 status=200 0.694s url=https://www.myfonts.com/products/modestia-complete-family-package-1129672
[2026-04-12T07:36:25Z] #734 attempt=1/2 status=200 0.658s url=https://www.myfonts.com/collections/modestia-font-pedroglifos/
[2026-04-12T07:36:26Z] #735 attempt=1/2 status=200 0.373s url=https://www.myfonts.com/products/anajem-serif-complete-family-package-1130148
[2026-04-12T07:36:27Z] #736 attempt=1/2 status=200 0.400s url=https://www.myfonts.com/collections/anajem-serif-font-zaain-type/
[2026-04-12T07:36:27Z] #737 attempt=1/2 status=200 0.430s url=https://www.myfonts.com/products/pn-pollyposies-complete-family-package-1130398
[2026-04-12T07:36:28Z] #738 attempt=1/2 status=200 0.434s url=https://www.myfonts.com/collections/pn-pollyposies-font-lettering-delights/
[2026-04-12T07:36:29Z] #739 attempt=1/2 status=200 0.347s url=https://www.myfonts.com/products/runing-squad-complete-family-package-1130405
[2026-04-12T07:36:29Z] #740 attempt=1/2 status=200 0.438s url=https://www.myfonts.com/collections/runing-squad-font-letterena-studios/
[2026-04-12T07:36:30Z] #741 attempt=1/2 status=200 0.520s url=https://www.myfonts.com/products/basic-triad-package-1129574
[2026-04-12T07:36:31Z] #742 attempt=1/2 status=200 0.463s url=https://www.myfonts.com/collections/ana-diego-font-tipastype/
[2026-04-12T07:36:31Z] #743 attempt=1/2 status=200 0.410s url=https://www.myfonts.com/products/attelier-complete-family-package-1130163
[2026-04-12T07:36:32Z] #744 attempt=1/2 status=200 0.316s url=https://www.myfonts.com/collections/attelier-font-nathatype/
[2026-04-12T07:36:33Z] #745 attempt=1/2 status=200 0.384s url=https://www.myfonts.com/products/gamebrick-complete-family-package-1130151
[2026-04-12T07:36:33Z] #746 attempt=1/2 status=200 0.382s url=https://www.myfonts.com/collections/gamebrick-font-din-studio/
[2026-04-12T07:36:34Z] #747 attempt=1/2 status=200 0.355s url=https://www.myfonts.com/products/boldmark-complete-family-package-1129693
[2026-04-12T07:36:35Z] #748 attempt=1/2 status=200 0.358s url=https://www.myfonts.com/collections/boldmark-font-snapedsgn/
[2026-04-12T07:36:35Z] #749 attempt=1/2 status=200 0.418s url=https://www.myfonts.com/products/pn-longmire-lace-complete-family-package-1130380
[2026-04-12T07:36:36Z] #750 attempt=1/2 status=200 0.540s url=https://www.myfonts.com/collections/pn-longmire-lace-font-lettering-delights/
[2026-04-12T07:36:37Z] #751 attempt=1/2 status=200 0.338s url=https://www.myfonts.com/products/pn-flower-market-complete-family-package-1130345
[2026-04-12T07:36:37Z] #752 attempt=1/2 status=200 0.544s url=https://www.myfonts.com/collections/pn-flower-market-font-lettering-delights/
[2026-04-12T07:36:38Z] #753 attempt=1/2 status=200 0.324s url=https://www.myfonts.com/products/stalfolk-complete-family-package-1130134
[2026-04-12T07:36:39Z] #754 attempt=1/2 status=200 0.466s url=https://www.myfonts.com/collections/stalfolk-font-tini-fitriani/
[2026-04-12T07:36:39Z] #755 attempt=1/2 status=200 0.354s url=https://www.myfonts.com/products/zp-fanceeflowers-complete-family-package-1130337
[2026-04-12T07:36:40Z] #756 attempt=1/2 status=200 0.577s url=https://www.myfonts.com/collections/zp-fanceeflowers-font-lettering-delights/
[2026-04-12T07:36:41Z] #757 attempt=1/2 status=200 0.422s url=https://www.myfonts.com/products/inklio-complete-family-package-1129553
[2026-04-12T07:36:42Z] #758 attempt=1/2 status=200 0.506s url=https://www.myfonts.com/collections/inklio-font-vp-creative-shop/
[2026-04-12T07:36:42Z] #759 attempt=1/2 status=200 0.442s url=https://www.myfonts.com/products/toonify-complete-family-package-1129911
[2026-04-12T07:36:43Z] #760 attempt=1/2 status=200 0.336s url=https://www.myfonts.com/collections/toonify-font-shanaf/
[2026-04-12T07:36:44Z] #761 attempt=1/2 status=200 0.396s url=https://www.myfonts.com/products/mountain-lake-complete-family-package-1129860
[2026-04-12T07:36:44Z] #762 attempt=1/2 status=200 0.516s url=https://www.myfonts.com/collections/mountain-lake-font-larin-type-co/
[2026-04-12T07:36:45Z] #763 attempt=1/2 status=200 0.339s url=https://www.myfonts.com/products/wigly-love-complete-family-package-1129873
[2026-04-12T07:36:45Z] #764 attempt=1/2 status=200 0.365s url=https://www.myfonts.com/collections/wigly-love-font-cocodesign/
[2026-04-12T07:36:46Z] #765 attempt=1/2 status=200 0.409s url=https://www.myfonts.com/products/astigmatic-complete-family-package-1129738
[2026-04-12T07:36:47Z] #766 attempt=1/2 status=200 0.441s url=https://www.myfonts.com/collections/astigmatic-font-borutta/
[2026-04-12T07:36:47Z] #767 attempt=1/2 status=200 0.355s url=https://www.myfonts.com/products/pn-french-florals-complete-family-package-1130366
[2026-04-12T07:36:48Z] #768 attempt=1/2 status=200 0.543s url=https://www.myfonts.com/collections/pn-french-florals-font-lettering-delights/
[2026-04-12T07:36:50Z] #769 attempt=1/2 status=200 0.994s url=https://www.myfonts.com/products/brillane-serif-complete-family-package-1129931
[2026-04-12T07:36:51Z] #770 attempt=1/2 status=200 1.558s url=https://www.myfonts.com/collections/brillane-serif-font-lucky-type/
[2026-04-12T07:36:53Z] #771 attempt=1/6 status=200 0.805s url=https://www.myfonts.com/products.json?limit=100&page=16
[2026-04-12T07:36:54Z] #772 attempt=1/2 status=200 0.414s url=https://www.myfonts.com/products/regular-bigola-display-1130410
[2026-04-12T07:36:54Z] #773 attempt=1/2 status=200 0.375s url=https://www.myfonts.com/collections/bigola-display-font-great-studio/
[2026-04-12T07:36:55Z] #774 attempt=1/2 status=200 0.898s url=https://www.myfonts.com/products/wide-news-italic-greater-neue-1130086
[2026-04-12T07:36:57Z] #775 attempt=1/2 status=200 1.275s url=https://www.myfonts.com/collections/greater-neue-font-nicolass-fonts/
[2026-04-12T07:36:58Z] #776 attempt=1/2 status=200 0.322s url=https://www.myfonts.com/products/regular-chunk-house-1130157
[2026-04-12T07:36:58Z] #777 attempt=1/2 status=200 0.279s url=https://www.myfonts.com/collections/chunk-house-font-nathatype/
[2026-04-12T07:36:59Z] #778 attempt=1/2 status=200 0.294s url=https://www.myfonts.com/products/regular-stiffy-bubble-1129872
[2026-04-12T07:36:59Z] #779 attempt=1/2 status=200 0.298s url=https://www.myfonts.com/collections/stiffy-bubble-font-ergibi-studio/
[2026-04-12T07:37:00Z] #780 attempt=1/2 status=200 0.411s url=https://www.myfonts.com/products/regular-amoral-1129870
[2026-04-12T07:37:00Z] #781 attempt=1/2 status=200 0.304s url=https://www.myfonts.com/collections/amoral-font-monovo/
[2026-04-12T07:37:02Z] #782 attempt=1/6 status=200 0.716s url=https://www.myfonts.com/products.json?limit=100&page=17
[2026-04-12T07:37:02Z] #783 attempt=1/2 status=200 0.294s url=https://www.myfonts.com/products/regular-kroasline-graffiti-1130185
[2026-04-12T07:37:03Z] #784 attempt=1/2 status=200 0.258s url=https://www.myfonts.com/collections/kroasline-graffiti-font-tebaltipis-studio/
[2026-04-12T07:37:03Z] #785 attempt=1/2 status=200 0.337s url=https://www.myfonts.com/products/regular-souren-berry-signature-1130178
[2026-04-12T07:37:04Z] #786 attempt=1/2 status=200 0.341s url=https://www.myfonts.com/collections/souren-berry-signature-font-tebaltipis-studio/
[2026-04-12T07:37:05Z] #787 attempt=1/2 status=200 0.385s url=https://www.myfonts.com/products/blackbit-regular-blackbit-pixelated-1130183
[2026-04-12T07:37:05Z] #788 attempt=1/2 status=200 0.323s url=https://www.myfonts.com/collections/blackbit-pixelated-font-angin-studio/
[2026-04-12T07:37:06Z] #789 attempt=1/2 status=200 0.280s url=https://www.myfonts.com/products/regular-candy-pieces-1130181
[2026-04-12T07:37:06Z] #790 attempt=1/2 status=200 0.260s url=https://www.myfonts.com/collections/candy-pieces-font-tebaltipis-studio/
[2026-04-12T07:37:07Z] #791 attempt=1/2 status=200 0.318s url=https://www.myfonts.com/products/regular-ottacs-1129697
[2026-04-12T07:37:07Z] #792 attempt=1/2 status=200 0.270s url=https://www.myfonts.com/collections/ottacs-font-zealab-fonts-division/
[2026-04-12T07:37:08Z] #793 attempt=1/6 status=200 0.647s url=https://www.myfonts.com/products.json?limit=100&page=18
[2026-04-12T07:37:09Z] #794 attempt=1/2 status=200 0.289s url=https://www.myfonts.com/products/regular-penlinea-1129915
[2026-04-12T07:37:10Z] #795 attempt=1/2 status=200 0.373s url=https://www.myfonts.com/collections/penlinea-font-shanaf/
[2026-04-12T07:37:10Z] #796 attempt=1/2 status=200 0.313s url=https://www.myfonts.com/products/regular-sheryna-1129914
[2026-04-12T07:37:11Z] #797 attempt=1/2 status=200 0.367s url=https://www.myfonts.com/collections/sheryna-font-shanaf/
[2026-04-12T07:37:11Z] #798 attempt=1/2 status=200 0.321s url=https://www.myfonts.com/products/regular-primavele-1130159
[2026-04-12T07:37:12Z] #799 attempt=1/2 status=200 0.337s url=https://www.myfonts.com/collections/primavele-font-vadova-std/
[2026-04-12T07:37:13Z] #800 attempt=1/2 status=200 0.388s url=https://www.myfonts.com/products/carsito-tember-regular-mc-carsito-tember-1129719
[2026-04-12T07:37:13Z] #801 attempt=1/2 status=200 0.292s url=https://www.myfonts.com/collections/mc-carsito-tember-font-maulana-creative/
[2026-04-12T07:37:14Z] #802 attempt=1/2 status=200 0.377s url=https://www.myfonts.com/products/regular-yummy-chunk-1129909
[2026-04-12T07:37:14Z] #803 attempt=1/2 status=200 0.327s url=https://www.myfonts.com/collections/yummy-chunk-font-shanaf/
[2026-04-12T07:37:15Z] #804 attempt=1/2 status=200 0.354s url=https://www.myfonts.com/products/regular-bellagot-1130147
[2026-04-12T07:37:15Z] #805 attempt=1/2 status=200 0.356s url=https://www.myfonts.com/collections/bellagot-font-realtype/
[2026-04-12T07:37:16Z] #806 attempt=1/2 status=200 0.361s url=https://www.myfonts.com/products/regular-bubblies-coba-1130026
[2026-04-12T07:37:17Z] #807 attempt=1/2 status=200 0.323s url=https://www.myfonts.com/collections/bubblies-coba-font-abda-bil-qalam/
[2026-04-12T07:37:17Z] #808 attempt=1/2 status=200 0.300s url=https://www.myfonts.com/products/regular-good-cause-1130140
[2026-04-12T07:37:18Z] #809 attempt=1/2 status=200 0.290s url=https://www.myfonts.com/collections/good-cause-font-seemly-fonts/
[2026-04-12T07:37:18Z] #810 attempt=1/2 status=200 0.371s url=https://www.myfonts.com/products/regular-marker-sans-o-1130173
[2026-04-12T07:37:19Z] #811 attempt=1/2 status=200 0.320s url=https://www.myfonts.com/collections/marker-sans-o-font-o-type-foundry/
[2026-04-12T07:37:19Z] #812 attempt=1/2 status=200 0.286s url=https://www.myfonts.com/products/regular-playbowl-1130158
[2026-04-12T07:37:20Z] #813 attempt=1/2 status=200 0.382s url=https://www.myfonts.com/collections/playbowl-font-nathatype/
[2026-04-12T07:37:21Z] #814 attempt=1/6 status=200 0.861s url=https://www.myfonts.com/products.json?limit=100&page=19
[2026-04-12T07:37:22Z] #815 attempt=1/2 status=200 0.324s url=https://www.myfonts.com/products/regular-slanko-jack-1129901
[2026-04-12T07:37:22Z] #816 attempt=1/2 status=200 0.317s url=https://www.myfonts.com/collections/slanko-jack-font-black-junst/
[2026-04-12T07:37:23Z] #817 attempt=1/2 status=200 0.309s url=https://www.myfonts.com/products/regular-herilego-sites-1130189
[2026-04-12T07:37:24Z] #818 attempt=1/2 status=200 0.366s url=https://www.myfonts.com/collections/herilego-sites-font-alit-design/
[2026-04-12T07:37:24Z] #819 attempt=1/2 status=200 0.348s url=https://www.myfonts.com/products/regular-twisly-1129910
[2026-04-12T07:37:25Z] #820 attempt=1/2 status=200 0.313s url=https://www.myfonts.com/collections/twisly-font-shanaf/
[2026-04-12T07:37:25Z] #821 attempt=1/2 status=200 0.279s url=https://www.myfonts.com/products/regular-roder-1129635
[2026-04-12T07:37:26Z] #822 attempt=1/2 status=200 0.421s url=https://www.myfonts.com/collections/roder-font-creative9/
[2026-04-12T07:37:27Z] #823 attempt=1/6 status=200 0.715s url=https://www.myfonts.com/products.json?limit=100&page=20
[2026-04-12T07:37:28Z] #824 attempt=1/2 status=200 0.314s url=https://www.myfonts.com/products/regular-secy-break-1129585
[2026-04-12T07:37:28Z] #825 attempt=1/2 status=200 0.299s url=https://www.myfonts.com/collections/secy-break-font-black-junst/
[2026-04-12T07:37:30Z] #826 attempt=1/6 status=200 0.800s url=https://www.myfonts.com/products.json?limit=100&page=21
[2026-04-12T07:37:30Z] #827 attempt=1/2 status=200 0.334s url=https://www.myfonts.com/products/regular-basquint-1129622
[2026-04-12T07:37:31Z] #828 attempt=1/2 status=200 0.367s url=https://www.myfonts.com/collections/basquint-font-ikiikowrk/
[2026-04-12T07:37:31Z] #829 attempt=1/2 status=200 0.314s url=https://www.myfonts.com/products/pixelated-larasati-pixelated-1129766
[2026-04-12T07:37:32Z] #830 attempt=1/2 status=200 0.325s url=https://www.myfonts.com/collections/larasati-pixelated-font-angin-studio/
[2026-04-12T07:37:33Z] #831 attempt=1/2 status=200 0.382s url=https://www.myfonts.com/products/regular-morane-1129811
[2026-04-12T07:37:33Z] #832 attempt=1/2 status=200 0.334s url=https://www.myfonts.com/collections/morane-font-elevra/
[2026-04-12T07:37:34Z] #833 attempt=1/2 status=200 0.297s url=https://www.myfonts.com/products/regular-retro-vibrant-1129717
[2026-04-12T07:37:34Z] #834 attempt=1/2 status=200 0.274s url=https://www.myfonts.com/collections/retro-vibrant-font-mvmet/
[2026-04-12T07:37:35Z] #835 attempt=1/2 status=200 0.292s url=https://www.myfonts.com/products/regular-roffelia-1130336
[2026-04-12T07:37:35Z] #836 attempt=1/2 status=200 0.237s url=https://www.myfonts.com/collections/roffelia-font-ergibi-studio/
[2026-04-12T07:37:36Z] #837 attempt=1/2 status=200 0.325s url=https://www.myfonts.com/products/regular-fairy-letters-1130335
[2026-04-12T07:37:36Z] #838 attempt=1/2 status=200 0.333s url=https://www.myfonts.com/collections/fairy-letters-font-nathatype/
[2026-04-12T07:37:37Z] #839 attempt=1/2 status=200 0.392s url=https://www.myfonts.com/products/regular-boiled-peanuts-signature-1130180
[2026-04-12T07:37:38Z] #840 attempt=1/2 status=200 0.280s url=https://www.myfonts.com/collections/boiled-peanuts-signature-font-tebaltipis-studio/
[2026-04-12T07:37:38Z] #841 attempt=1/2 status=200 0.427s url=https://www.myfonts.com/products/regular-vivid-grateful-1129623
[2026-04-12T07:37:39Z] #842 attempt=1/2 status=200 0.328s url=https://www.myfonts.com/collections/vivid-grateful-font-mvmet/
[2026-04-12T07:37:40Z] #843 attempt=1/6 status=200 0.671s url=https://www.myfonts.com/products.json?limit=100&page=22
[2026-04-12T07:37:41Z] #844 attempt=1/2 status=200 0.305s url=https://www.myfonts.com/products/regular-tambora-1129566
[2026-04-12T07:37:41Z] #845 attempt=1/2 status=200 0.235s url=https://www.myfonts.com/collections/tambora-font-medialabco/
[2026-04-12T07:37:42Z] #846 attempt=1/2 status=200 0.285s url=https://www.myfonts.com/products/regular-gelishianta-signature-brush-1130179
[2026-04-12T07:37:42Z] #847 attempt=1/2 status=200 0.261s url=https://www.myfonts.com/collections/gelishianta-signature-brush-font-tebaltipis-studio/
[2026-04-12T07:37:43Z] #848 attempt=1/2 status=200 0.298s url=https://www.myfonts.com/products/regular-dolce-mieleana-signature-1130177
[2026-04-12T07:37:43Z] #849 attempt=1/2 status=200 0.268s url=https://www.myfonts.com/collections/dolce-mieleana-signature-font-tebaltipis-studio/
[2026-04-12T07:37:44Z] #850 attempt=1/2 status=200 0.335s url=https://www.myfonts.com/products/regular-school-childern-1129871
[2026-04-12T07:37:44Z] #851 attempt=1/2 status=200 0.266s url=https://www.myfonts.com/collections/school-childern-font-struggle-studio/
[2026-04-12T07:37:45Z] #852 attempt=1/2 status=200 0.413s url=https://www.myfonts.com/products/bold-bramo-1129830
[2026-04-12T07:37:45Z] #853 attempt=1/2 status=200 0.279s url=https://www.myfonts.com/collections/bramo-font-elevra/
[2026-04-12T07:37:46Z] #854 attempt=1/2 status=200 0.289s url=https://www.myfonts.com/products/regular-bitfolio-1130166
[2026-04-12T07:37:47Z] #855 attempt=1/2 status=200 0.343s url=https://www.myfonts.com/collections/bitfolio-font-vadova-std/
[2026-04-12T07:37:48Z] #856 attempt=1/6 status=200 0.905s url=https://www.myfonts.com/products.json?limit=100&page=23
[2026-04-12T07:37:49Z] #857 attempt=1/2 status=200 0.335s url=https://www.myfonts.com/products/gotham-office-complete-family-pack-package-448967
[2026-04-12T07:37:49Z] #858 attempt=1/2 status=200 0.308s url=https://www.myfonts.com/collections/gotham-office-font-hoefler-and-co/
[2026-04-12T07:37:50Z] #859 attempt=1/2 status=200 0.366s url=https://www.myfonts.com/products/gotham-extra-narrow-pack-package-1129113
[2026-04-12T07:37:50Z] #860 attempt=1/2 status=200 0.168s url=https://www.myfonts.com/collections/gotham-font-hoefler-and-co/
[2026-04-12T07:37:51Z] #861 attempt=1/2 status=200 0.348s url=https://www.myfonts.com/products/gotham-variable-complete-family-package-1128984
[2026-04-12T07:37:51Z] #862 attempt=1/2 status=200 0.146s url=https://www.myfonts.com/collections/gotham-variable-font-hoefler-and-co/
[2026-04-12T07:37:52Z] #863 attempt=1/2 status=200 0.474s url=https://www.myfonts.com/products/thin-italic-onry-display-1129394
[2026-04-12T07:37:53Z] #864 attempt=1/2 status=200 0.627s url=https://www.myfonts.com/collections/onry-display-font-nicolass-fonts/
[2026-04-12T07:37:54Z] #865 attempt=1/2 status=200 0.899s url=https://www.myfonts.com/products/circular-aged-italic-hematite-1129203
[2026-04-12T07:37:55Z] #866 attempt=1/2 status=200 0.833s url=https://www.myfonts.com/collections/hematite-font-alpercakici/
[2026-04-12T07:37:56Z] #867 attempt=1/2 status=200 0.420s url=https://www.myfonts.com/products/black-italic-beround-pro-1129389
[2026-04-12T07:37:57Z] #868 attempt=1/2 status=200 0.494s url=https://www.myfonts.com/collections/beround-pro-font-nicolass-fonts/
[2026-04-12T07:37:58Z] #869 attempt=1/2 status=200 0.409s url=https://www.myfonts.com/products/black-sltf-arcilla-1128982
[2026-04-12T07:37:58Z] #870 attempt=1/2 status=200 0.590s url=https://www.myfonts.com/collections/sltf-arcilla-font-silver-stag/
[2026-04-12T07:37:59Z] #871 attempt=1/2 status=200 0.345s url=https://www.myfonts.com/products/regular-starby-1128963
[2026-04-12T07:38:00Z] #872 attempt=1/2 status=200 0.306s url=https://www.myfonts.com/collections/starby-font-ahweproject/
[2026-04-12T07:38:00Z] #873 attempt=1/2 status=200 0.492s url=https://www.myfonts.com/products/bold-the-main-1129540
[2026-04-12T07:38:01Z] #874 attempt=1/2 status=200 0.646s url=https://www.myfonts.com/collections/the-main-font-nicolass-fonts/
[2026-04-12T07:38:02Z] #875 attempt=1/2 status=200 0.420s url=https://www.myfonts.com/products/ground-moro-1129548
[2026-04-12T07:38:03Z] #876 attempt=1/2 status=200 0.551s url=https://www.myfonts.com/collections/moro-font-ask-foundry/
[2026-04-12T07:38:04Z] #877 attempt=1/6 status=200 0.810s url=https://www.myfonts.com/products.json?limit=100&page=24
[2026-04-12T07:38:06Z] #878 attempt=1/6 status=200 0.843s url=https://www.myfonts.com/products.json?limit=100&page=25
[2026-04-12T07:38:06Z] #879 attempt=1/2 status=200 0.393s url=https://www.myfonts.com/products/wildrose-complete-family-package-1129306
[2026-04-12T07:38:07Z] #880 attempt=1/2 status=200 0.341s url=https://www.myfonts.com/collections/wildrose-font-graphicfresh/
[2026-04-12T07:38:07Z] #881 attempt=1/2 status=200 0.410s url=https://www.myfonts.com/products/nowstalgic-alt-family-package-1128854
[2026-04-12T07:38:08Z] #882 attempt=1/2 status=200 0.221s url=https://www.myfonts.com/collections/nowstalgic-font-font-catalogue/
[2026-04-12T07:38:09Z] #883 attempt=1/2 status=200 0.369s url=https://www.myfonts.com/products/pinky-honey-complete-family-package-1129298
[2026-04-12T07:38:09Z] #884 attempt=1/2 status=200 0.347s url=https://www.myfonts.com/collections/pinky-honey-monoline-font-soft-creative/
[2026-04-12T07:38:10Z] #885 attempt=1/2 status=200 0.388s url=https://www.myfonts.com/products/lunevia-orliene-complete-family-package-1129311
[2026-04-12T07:38:10Z] #886 attempt=1/2 status=200 0.347s url=https://www.myfonts.com/collections/lunevia-orliene-font-muksal-creatives/
[2026-04-12T07:38:11Z] #887 attempt=1/2 status=200 0.388s url=https://www.myfonts.com/products/the-pixel-editorial-complete-family-package-1129301
[2026-04-12T07:38:12Z] #888 attempt=1/2 status=200 0.393s url=https://www.myfonts.com/collections/the-pixel-editorial-font-lettertype-studio/
[2026-04-12T07:38:12Z] #889 attempt=1/2 status=200 0.345s url=https://www.myfonts.com/products/oblique-neglia-1129322
[2026-04-12T07:38:13Z] #890 attempt=1/2 status=200 0.530s url=https://www.myfonts.com/collections/neglia-font-enfeeltype/
[2026-04-12T07:38:14Z] #891 attempt=1/2 status=200 0.428s url=https://www.myfonts.com/products/semi-bold-gc-neue-rumble-1129293
[2026-04-12T07:38:14Z] #892 attempt=1/2 status=200 0.458s url=https://www.myfonts.com/collections/gc-neue-rumble-font-onyx-studio/
[2026-04-12T07:38:15Z] #893 attempt=1/2 status=200 0.375s url=https://www.myfonts.com/products/thin-sadetta-1129328
[2026-04-12T07:38:16Z] #894 attempt=1/2 status=200 0.433s url=https://www.myfonts.com/collections/sadetta-font-mika-melvas/
[2026-04-12T07:38:17Z] #895 attempt=1/2 status=200 0.636s url=https://www.myfonts.com/products/display-bold-italic-business-didone-1129283
[2026-04-12T07:38:18Z] #896 attempt=1/2 status=200 0.765s url=https://www.myfonts.com/collections/business-didone-font-pizzatypefaces/
[2026-04-12T07:38:18Z] #897 attempt=1/2 status=200 0.333s url=https://www.myfonts.com/products/regular-milky-brown-1129251
[2026-04-12T07:38:19Z] #898 attempt=1/2 status=200 0.264s url=https://www.myfonts.com/collections/milky-brown-font-unicode-studio/
[2026-04-12T07:38:20Z] #899 attempt=1/2 status=200 0.503s url=https://www.myfonts.com/products/regular-munky-strike-1129305
[2026-04-12T07:38:20Z] #900 attempt=1/2 status=200 0.433s url=https://www.myfonts.com/collections/munky-strike-font-bayuktx/
[2026-04-12T07:38:21Z] #901 attempt=1/2 status=200 0.291s url=https://www.myfonts.com/products/regular-magnazen-1129297
[2026-04-12T07:38:21Z] #902 attempt=1/2 status=200 0.337s url=https://www.myfonts.com/collections/magnazen-font-bondangail/
[2026-04-12T07:38:22Z] #903 attempt=1/2 status=200 0.370s url=https://www.myfonts.com/products/regular-fusterkey-1129304
[2026-04-12T07:38:23Z] #904 attempt=1/2 status=200 0.534s url=https://www.myfonts.com/collections/fusterkey-font-chatype-studio/
[2026-04-12T07:38:23Z] #905 attempt=1/2 status=200 0.399s url=https://www.myfonts.com/products/regular-novametrica-1129335
[2026-04-12T07:38:24Z] #906 attempt=1/2 status=200 0.319s url=https://www.myfonts.com/collections/novametrica-font-contaformas/
[2026-04-12T07:38:24Z] summary releases=1 first_429=None log_file=state/myfonts_run_20260412_072537.log
[2026-04-12T07:38:24Z] saved_success_profile path=state/myfonts_success_profile.json
[2026-04-12T07:38:24Z] === MyFonts crawl end ===
