[2026-05-01T08:22:45Z] checkpoint fresh next_page=1 path=state/myfonts_crawl_checkpoint.json
[2026-05-01T08:22:45Z] === MyFonts crawl start source=myfonts ===
[2026-05-01T08:22:45Z] config max_pages=25 page_size=100 start_date=2026-04-30 end_date=2026-05-01 api_delay=0.5s detail_delay=0.2s max_debut_checks=400 max_tech_specs_checks=200 reuse_success_profile=False always_enrich_packages=True language_script_signal_mode=strong force_fresh_run=False start_page=1 browser_mode=False browser_headless=True browser_storage_state_path=state/myfonts_storage_state.json
[2026-05-01T08:22:46Z] #1 attempt=1/6 status=200 1.038s url=https://www.myfonts.com/products.json?limit=100&page=1
[2026-05-01T08:22:47Z] #2 attempt=1/2 status=200 0.404s url=https://www.myfonts.com/products/bold-italic-qonora-1126470
[2026-05-01T08:22:47Z] #3 attempt=1/2 status=200 0.284s url=https://www.myfonts.com/collections/qonora-font-charles-casmiro-design/
[2026-05-01T08:22:48Z] #4 attempt=1/2 status=200 0.195s url=https://www.myfonts.com/collections/qonora-font-charles-casmiro-design/?tab=techSpecs
[2026-05-01T08:22:48Z] #5 attempt=1/2 status=200 0.157s url=https://www.myfonts.com/collections/qonora-font-charles-casmiro-design/
[2026-05-01T08:22:49Z] #6 attempt=1/2 status=404 0.312s url=https://www.myfonts.com/collections/bold-italic-qonora-1126470-font-charles-casmiro-design
[2026-05-01T08:22:49Z] #7 attempt=1/2 status=200 0.457s url=https://www.myfonts.com/products/textured-armistice-1143717
[2026-05-01T08:22:50Z] #8 attempt=1/2 status=200 0.573s url=https://www.myfonts.com/collections/armistice-font-angin-studio/
[2026-05-01T08:22:51Z] #9 attempt=1/2 status=200 0.962s url=https://www.myfonts.com/collections/armistice-font-angin-studio/?tab=techSpecs
[2026-05-01T08:22:53Z] #10 attempt=1/2 status=200 0.411s url=https://www.myfonts.com/products/italic-soft-mn-virelis-1143621
[2026-05-01T08:22:54Z] #11 attempt=1/2 status=200 0.555s url=https://www.myfonts.com/collections/mn-virelis-font-mantra-naga-studio/
[2026-05-01T08:22:55Z] #12 attempt=1/2 status=200 0.705s url=https://www.myfonts.com/collections/mn-virelis-font-mantra-naga-studio/?tab=techSpecs
[2026-05-01T08:22:56Z] #13 attempt=1/2 status=200 0.714s url=https://www.myfonts.com/products/light-italic-mello-sans-1143593
[2026-05-01T08:22:57Z] #14 attempt=1/2 status=200 0.513s url=https://www.myfonts.com/collections/mello-sans-font-laroyba-type/
[2026-05-01T08:22:58Z] #15 attempt=1/2 status=200 0.473s url=https://www.myfonts.com/collections/mello-sans-font-laroyba-type/?tab=techSpecs
[2026-05-01T08:22:59Z] #16 attempt=1/2 status=200 0.414s url=https://www.myfonts.com/products/bold-mello-serif-1143577
[2026-05-01T08:23:00Z] #17 attempt=1/2 status=200 0.537s url=https://www.myfonts.com/collections/mello-serif-font-laroyba-type/
[2026-05-01T08:23:00Z] #18 attempt=1/2 status=200 0.145s url=https://www.myfonts.com/collections/mello-serif-font-laroyba-type/?tab=techSpecs
[2026-05-01T08:23:02Z] #19 attempt=1/2 status=200 0.463s url=https://www.myfonts.com/products/cameo-retro-martini-at-joes-1143563
[2026-05-01T08:23:03Z] #20 attempt=1/2 status=200 0.627s url=https://www.myfonts.com/collections/martini-at-joes-font-steve-mehallo/
[2026-05-01T08:23:03Z] #21 attempt=1/2 status=200 0.607s url=https://www.myfonts.com/collections/martini-at-joes-font-steve-mehallo/?tab=techSpecs
[2026-05-01T08:23:05Z] #22 attempt=1/2 status=200 0.482s url=https://www.myfonts.com/products/extra-light-italic-panpan-and-dondot-1143855
[2026-05-01T08:23:06Z] #23 attempt=1/2 status=200 0.551s url=https://www.myfonts.com/collections/panpan-and-dondot-font-mystical-type/
[2026-05-01T08:23:06Z] #24 attempt=1/2 status=200 0.542s url=https://www.myfonts.com/collections/panpan-and-dondot-font-mystical-type/?tab=techSpecs
[2026-05-01T08:23:08Z] #25 attempt=1/2 status=200 0.321s url=https://www.myfonts.com/products/thin-krasar-1131548
[2026-05-01T08:23:08Z] #26 attempt=1/2 status=200 0.397s url=https://www.myfonts.com/collections/krasar-font-anagata-type/
[2026-05-01T08:23:09Z] #27 attempt=1/2 status=200 0.273s url=https://www.myfonts.com/collections/krasar-font-anagata-type/?tab=techSpecs
[2026-05-01T08:23:09Z] #28 attempt=1/2 status=200 0.152s url=https://www.myfonts.com/collections/krasar-font-anagata-type/
[2026-05-01T08:23:10Z] #29 attempt=1/2 status=404 0.220s url=https://www.myfonts.com/collections/thin-krasar-1131548-font-anagata-type
[2026-05-01T08:23:10Z] #30 attempt=1/2 status=200 0.332s url=https://www.myfonts.com/products/semi-bold-italic-clofie-1130202
[2026-05-01T08:23:11Z] #31 attempt=1/2 status=200 0.338s url=https://www.myfonts.com/collections/clofie-font-dealita-studio/
[2026-05-01T08:23:11Z] #32 attempt=1/2 status=200 0.192s url=https://www.myfonts.com/collections/clofie-font-dealita-studio/?tab=techSpecs
[2026-05-01T08:23:12Z] #33 attempt=1/2 status=200 0.503s url=https://www.myfonts.com/collections/clofie-font-dealita-studio/
[2026-05-01T08:23:12Z] #34 attempt=1/2 status=404 0.228s url=https://www.myfonts.com/collections/semi-bold-italic-clofie-1130202-font-dealita-studio
[2026-05-01T08:23:13Z] #35 attempt=1/2 status=200 0.378s url=https://www.myfonts.com/products/extra-bold-expanded-smilant-1143839
[2026-05-01T08:23:15Z] #36 attempt=1/2 status=200 1.403s url=https://www.myfonts.com/collections/smilant-font-rastype-studio/
[2026-05-01T08:23:16Z] #37 attempt=1/2 status=200 0.933s url=https://www.myfonts.com/collections/smilant-font-rastype-studio/?tab=techSpecs
[2026-05-01T08:23:18Z] #38 attempt=1/2 status=200 0.434s url=https://www.myfonts.com/products/regular-crawley-1143708
[2026-05-01T08:23:18Z] #39 attempt=1/2 status=200 0.513s url=https://www.myfonts.com/collections/crawley-font-angin-studio/
[2026-05-01T08:23:19Z] #40 attempt=1/2 status=200 0.167s url=https://www.myfonts.com/collections/crawley-font-angin-studio/?tab=techSpecs
[2026-05-01T08:23:20Z] #41 attempt=1/2 status=200 0.627s url=https://www.myfonts.com/products/extra-bold-oblique-gutriger-1143642
[2026-05-01T08:23:22Z] #42 attempt=1/2 status=200 1.173s url=https://www.myfonts.com/collections/gutriger-font-ridtype/
[2026-05-01T08:23:22Z] #43 attempt=1/2 status=200 0.384s url=https://www.myfonts.com/collections/gutriger-font-ridtype/?tab=techSpecs
[2026-05-01T08:23:24Z] #44 attempt=1/2 status=200 0.736s url=https://www.myfonts.com/products/regular-almenty-carmine-1143737
[2026-05-01T08:23:25Z] #45 attempt=1/2 status=200 0.700s url=https://www.myfonts.com/collections/almenty-carmine-font-tini-fitriani/
[2026-05-01T08:23:26Z] #46 attempt=1/2 status=200 0.653s url=https://www.myfonts.com/collections/almenty-carmine-font-tini-fitriani/?tab=techSpecs
[2026-05-01T08:23:28Z] #47 attempt=1/2 status=200 0.656s url=https://www.myfonts.com/products/black-italic-konstructa-rounded-1143425
[2026-05-01T08:23:28Z] #48 attempt=1/2 status=404 0.277s url=https://www.myfonts.com/collections/black-italic-konstructa-rounded-1143425-font-ghozai-studio
[2026-05-01T08:23:29Z] #49 attempt=1/2 status=200 0.416s url=https://www.myfonts.com/products/italic-vesue-1143387
[2026-05-01T08:23:29Z] #50 attempt=1/2 status=404 0.209s url=https://www.myfonts.com/collections/italic-vesue-1143387-font-artiveko
[2026-05-01T08:23:30Z] #51 attempt=1/2 status=200 0.438s url=https://www.myfonts.com/products/scratch-outline-italic-poppy-otter-1143340
[2026-05-01T08:23:30Z] #52 attempt=1/2 status=200 0.486s url=https://www.myfonts.com/collections/poppy-otter-font-ottertype/
[2026-05-01T08:23:31Z] #53 attempt=1/2 status=200 0.658s url=https://www.myfonts.com/collections/poppy-otter-font-ottertype/?tab=techSpecs
[2026-05-01T08:23:33Z] #54 attempt=1/2 status=200 0.373s url=https://www.myfonts.com/products/whither-display-regular-whither-display-slant-1143393
[2026-05-01T08:23:33Z] #55 attempt=1/2 status=404 0.288s url=https://www.myfonts.com/collections/whither-display-regular-whither-display-slant-1143393-font-ijemrockart
[2026-05-01T08:23:35Z] #56 attempt=1/2 status=200 1.246s url=https://www.myfonts.com/products/italic-quwela-1139869
[2026-05-01T08:23:37Z] #57 attempt=1/2 status=200 1.742s url=https://www.myfonts.com/collections/quwela-font-ragamkata/
[2026-05-01T08:23:38Z] #58 attempt=1/2 status=200 0.498s url=https://www.myfonts.com/collections/quwela-font-ragamkata/?tab=techSpecs
[2026-05-01T08:23:39Z] #59 attempt=1/2 status=200 0.337s url=https://www.myfonts.com/products/bold-ana-diego-rounded-1143380
[2026-05-01T08:23:39Z] #60 attempt=1/2 status=404 0.189s url=https://www.myfonts.com/collections/bold-ana-diego-rounded-1143380-font-tipastype
[2026-05-01T08:23:40Z] #61 attempt=1/2 status=200 0.344s url=https://www.myfonts.com/products/branson-script-bransona-hellings-1143297
[2026-05-01T08:23:41Z] #62 attempt=1/2 status=200 0.553s url=https://www.myfonts.com/collections/bransona-hellings-font-bayuktx/
[2026-05-01T08:23:41Z] #63 attempt=1/2 status=503 0.066s url=https://www.myfonts.com/collections/bransona-hellings-font-bayuktx/?tab=techSpecs
[2026-05-01T08:23:41Z] retryable_503 attempt=1/2 waiting=2s
[2026-05-01T08:23:44Z] #64 attempt=2/2 status=200 0.561s url=https://www.myfonts.com/collections/bransona-hellings-font-bayuktx/?tab=techSpecs
[2026-05-01T08:23:45Z] #65 attempt=1/2 status=200 0.312s url=https://www.myfonts.com/products/bertha-regular-bertha-serif-1143455
[2026-05-01T08:23:46Z] #66 attempt=1/2 status=404 0.384s url=https://www.myfonts.com/collections/bertha-regular-bertha-serif-1143455-font-alphaleonis-std
[2026-05-01T08:23:46Z] #67 attempt=1/2 status=200 0.641s url=https://www.myfonts.com/products/regular-sabiren-1143286
[2026-05-01T08:23:47Z] #68 attempt=1/2 status=404 0.232s url=https://www.myfonts.com/collections/regular-sabiren-1143286-font-sealoung
[2026-05-01T08:23:47Z] #69 attempt=1/2 status=200 0.337s url=https://www.myfonts.com/products/serif-slant-untold-chapter-1143468
[2026-05-01T08:23:48Z] #70 attempt=1/2 status=200 0.619s url=https://www.myfonts.com/collections/untold-chapter-font-letterhend/
[2026-05-01T08:23:49Z] #71 attempt=1/2 status=200 0.539s url=https://www.myfonts.com/collections/untold-chapter-font-letterhend/?tab=techSpecs
[2026-05-01T08:23:51Z] #72 attempt=1/2 status=200 0.633s url=https://www.myfonts.com/products/outline-meat-smith-1143692
[2026-05-01T08:23:51Z] #73 attempt=1/2 status=200 0.430s url=https://www.myfonts.com/collections/meat-smith-font-vozzy/
[2026-05-01T08:23:53Z] #74 attempt=1/2 status=200 1.178s url=https://www.myfonts.com/collections/meat-smith-font-vozzy/?tab=techSpecs
[2026-05-01T08:23:55Z] #75 attempt=1/2 status=200 1.145s url=https://www.myfonts.com/products/regular-reclett-1143793
[2026-05-01T08:23:57Z] #76 attempt=1/2 status=200 1.454s url=https://www.myfonts.com/collections/reclett-font-calderon-estudio-typeffoundry/
[2026-05-01T08:23:57Z] #77 attempt=1/2 status=200 0.494s url=https://www.myfonts.com/collections/reclett-font-calderon-estudio-typeffoundry/?tab=techSpecs
[2026-05-01T08:23:58Z] #78 attempt=1/2 status=200 0.259s url=https://www.myfonts.com/products/regular-fedley-1143693
[2026-05-01T08:23:59Z] #79 attempt=1/2 status=404 0.259s url=https://www.myfonts.com/collections/regular-fedley-1143693-font-maikohatta
[2026-05-01T08:24:00Z] #80 attempt=1/2 status=200 0.874s url=https://www.myfonts.com/products/script-gogo-mumbo-1143585
[2026-05-01T08:24:01Z] #81 attempt=1/2 status=200 0.662s url=https://www.myfonts.com/collections/gogo-mumbo-font-marvadesign/
[2026-05-01T08:24:02Z] #82 attempt=1/2 status=200 0.575s url=https://www.myfonts.com/collections/gogo-mumbo-font-marvadesign/?tab=techSpecs
[2026-05-01T08:24:03Z] #83 attempt=1/2 status=200 0.339s url=https://www.myfonts.com/products/black-bubblio-glaze-1143727
[2026-05-01T08:24:05Z] #84 attempt=1/2 status=200 1.308s url=https://www.myfonts.com/collections/bubblio-glaze-font-rashdrawn/
[2026-05-01T08:24:06Z] #85 attempt=1/2 status=200 0.905s url=https://www.myfonts.com/collections/bubblio-glaze-font-rashdrawn/?tab=techSpecs
[2026-05-01T08:24:07Z] #86 attempt=1/2 status=200 0.295s url=https://www.myfonts.com/products/regular-jelink-1143288
[2026-05-01T08:24:08Z] #87 attempt=1/2 status=200 0.527s url=https://www.myfonts.com/collections/jelink-font-afkari-studio/
[2026-05-01T08:24:09Z] #88 attempt=1/2 status=200 0.432s url=https://www.myfonts.com/collections/jelink-font-afkari-studio/?tab=techSpecs
[2026-05-01T08:24:10Z] #89 attempt=1/2 status=200 0.291s url=https://www.myfonts.com/products/medium-italic-neubricks-1143430
[2026-05-01T08:24:11Z] #90 attempt=1/2 status=404 0.548s url=https://www.myfonts.com/collections/medium-italic-neubricks-1143430-font-snapedsgn
[2026-05-01T08:24:11Z] #91 attempt=1/2 status=200 0.322s url=https://www.myfonts.com/products/regular-bellsshake-1143734
[2026-05-01T08:24:12Z] #92 attempt=1/2 status=200 0.599s url=https://www.myfonts.com/collections/bellsshake-font-stylishtype-studio/
[2026-05-01T08:24:13Z] #93 attempt=1/2 status=200 0.716s url=https://www.myfonts.com/collections/bellsshake-font-stylishtype-studio/?tab=techSpecs
[2026-05-01T08:24:14Z] #94 attempt=1/2 status=200 0.338s url=https://www.myfonts.com/products/extrude-hoptune-1143306
[2026-05-01T08:24:15Z] #95 attempt=1/2 status=200 0.598s url=https://www.myfonts.com/collections/hoptune-font-ahweproject/
[2026-05-01T08:24:16Z] #96 attempt=1/2 status=200 0.526s url=https://www.myfonts.com/collections/hoptune-font-ahweproject/?tab=techSpecs
[2026-05-01T08:24:17Z] #97 attempt=1/2 status=200 0.358s url=https://www.myfonts.com/products/regular-bravibe-1139871
[2026-05-01T08:24:18Z] #98 attempt=1/2 status=200 0.460s url=https://www.myfonts.com/collections/bravibe-font-burntilldead/
[2026-05-01T08:24:19Z] #99 attempt=1/2 status=200 0.421s url=https://www.myfonts.com/collections/bravibe-font-burntilldead/?tab=techSpecs
[2026-05-01T08:24:20Z] #100 attempt=1/2 status=200 0.481s url=https://www.myfonts.com/products/gorkesq-regular-gorkesq-1143730
[2026-05-01T08:24:21Z] #101 attempt=1/2 status=200 0.884s url=https://www.myfonts.com/collections/gorkesq-font-mooneseye-studio/
[2026-05-01T08:24:22Z] #102 attempt=1/2 status=200 0.272s url=https://www.myfonts.com/collections/gorkesq-font-mooneseye-studio/?tab=techSpecs
[2026-05-01T08:24:23Z] #103 attempt=1/2 status=200 0.572s url=https://www.myfonts.com/products/serif-bold-italic-neo-forma-1143400
[2026-05-01T08:24:24Z] #104 attempt=1/2 status=200 0.296s url=https://www.myfonts.com/collections/neo-forma-font-set-sail-studios/
[2026-05-01T08:24:24Z] #105 attempt=1/2 status=200 0.455s url=https://www.myfonts.com/collections/neo-forma-font-set-sail-studios/?tab=techSpecs
[2026-05-01T08:24:25Z] #106 attempt=1/2 status=200 0.147s url=https://www.myfonts.com/collections/neo-forma-font-set-sail-studios/
[2026-05-01T08:24:25Z] #107 attempt=1/2 status=404 0.308s url=https://www.myfonts.com/collections/serif-bold-italic-neo-forma-1143400-font-set-sail-studios
[2026-05-01T08:24:26Z] #108 attempt=1/2 status=200 0.283s url=https://www.myfonts.com/products/regular-eutoria-1143435
[2026-05-01T08:24:26Z] #109 attempt=1/2 status=404 0.192s url=https://www.myfonts.com/collections/regular-eutoria-1143435-font-ikiikowrk
[2026-05-01T08:24:27Z] #110 attempt=1/2 status=200 0.260s url=https://www.myfonts.com/products/regular-capriola-1143434
[2026-05-01T08:24:27Z] #111 attempt=1/2 status=404 0.206s url=https://www.myfonts.com/collections/regular-capriola-1143434-font-hipfonts
[2026-05-01T08:24:28Z] #112 attempt=1/2 status=200 0.348s url=https://www.myfonts.com/products/femic-regular-femic-1143506
[2026-05-01T08:24:28Z] #113 attempt=1/2 status=404 0.182s url=https://www.myfonts.com/collections/femic-regular-femic-1143506-font-syntype
[2026-05-01T08:24:29Z] #114 attempt=1/6 status=200 0.833s url=https://www.myfonts.com/products.json?limit=100&page=2
[2026-05-01T08:24:30Z] #115 attempt=1/2 status=200 0.334s url=https://www.myfonts.com/products/full-iron-ape-1143696
[2026-05-01T08:24:31Z] #116 attempt=1/2 status=200 0.517s url=https://www.myfonts.com/collections/iron-ape-font-vozzy/
[2026-05-01T08:24:31Z] #117 attempt=1/2 status=200 0.163s url=https://www.myfonts.com/collections/iron-ape-font-vozzy/?tab=techSpecs
[2026-05-01T08:24:33Z] #118 attempt=1/2 status=200 0.362s url=https://www.myfonts.com/products/italic-blackveilo-1143315
[2026-05-01T08:24:33Z] #119 attempt=1/2 status=200 0.423s url=https://www.myfonts.com/collections/blackveilo-font-faristaputra/
[2026-05-01T08:24:34Z] #120 attempt=1/2 status=200 0.423s url=https://www.myfonts.com/collections/blackveilo-font-faristaputra/?tab=techSpecs
[2026-05-01T08:24:35Z] #121 attempt=1/2 status=200 0.280s url=https://www.myfonts.com/products/oblique-lovine-1143362
[2026-05-01T08:24:36Z] #122 attempt=1/2 status=404 0.252s url=https://www.myfonts.com/collections/oblique-lovine-1143362-font-zeenesia-studio
[2026-05-01T08:24:36Z] #123 attempt=1/2 status=200 0.279s url=https://www.myfonts.com/products/italic-holany-calira-1143384
[2026-05-01T08:24:37Z] #124 attempt=1/2 status=404 0.205s url=https://www.myfonts.com/collections/italic-holany-calira-1143384-font-tini-fitriani
[2026-05-01T08:24:37Z] #125 attempt=1/2 status=200 0.334s url=https://www.myfonts.com/products/regular-delighton-script-1143722
[2026-05-01T08:24:38Z] #126 attempt=1/2 status=404 0.211s url=https://www.myfonts.com/collections/regular-delighton-script-1143722-font-hrz-studio
[2026-05-01T08:24:38Z] #127 attempt=1/2 status=200 0.541s url=https://www.myfonts.com/products/script-regular-atelier-blossom-1138144
[2026-05-01T08:24:39Z] #128 attempt=1/2 status=200 0.647s url=https://www.myfonts.com/collections/atelier-blossom-font-get-studio/
[2026-05-01T08:24:40Z] #129 attempt=1/2 status=200 0.214s url=https://www.myfonts.com/collections/atelier-blossom-font-get-studio/?tab=techSpecs
[2026-05-01T08:24:41Z] #130 attempt=1/2 status=200 0.402s url=https://www.myfonts.com/products/regular-always-classy-1143280
[2026-05-01T08:24:42Z] #131 attempt=1/2 status=200 0.606s url=https://www.myfonts.com/collections/always-classy-font-blankids/
[2026-05-01T08:24:43Z] #132 attempt=1/2 status=200 0.151s url=https://www.myfonts.com/collections/always-classy-font-blankids/?tab=techSpecs
[2026-05-01T08:24:44Z] #133 attempt=1/2 status=200 0.535s url=https://www.myfonts.com/products/offset-asteron-1143671
[2026-05-01T08:24:45Z] #134 attempt=1/2 status=200 0.434s url=https://www.myfonts.com/collections/asteron-font-vozzy/
[2026-05-01T08:24:45Z] #135 attempt=1/2 status=200 0.484s url=https://www.myfonts.com/collections/asteron-font-vozzy/?tab=techSpecs
[2026-05-01T08:24:47Z] #136 attempt=1/2 status=200 0.317s url=https://www.myfonts.com/products/regular-precille-1138431
[2026-05-01T08:24:47Z] #137 attempt=1/2 status=404 0.199s url=https://www.myfonts.com/collections/regular-precille-1138431-font-sixtype-foundry
[2026-05-01T08:24:48Z] #138 attempt=1/2 status=200 0.416s url=https://www.myfonts.com/products/cleju-bibsha-regular-mc-cleju-bibsha-1143283
[2026-05-01T08:24:48Z] #139 attempt=1/2 status=404 0.211s url=https://www.myfonts.com/collections/cleju-bibsha-regular-mc-cleju-bibsha-1143283-font-maulana-creative
[2026-05-01T08:24:49Z] #140 attempt=1/2 status=200 0.452s url=https://www.myfonts.com/products/regular-arqine-1143847
[2026-05-01T08:24:49Z] #141 attempt=1/2 status=404 0.200s url=https://www.myfonts.com/collections/regular-arqine-1143847-font-only-fonts
[2026-05-01T08:24:50Z] #142 attempt=1/2 status=200 0.299s url=https://www.myfonts.com/products/regular-ongunkan-rosetta-stone-greek-1143312
[2026-05-01T08:24:50Z] #143 attempt=1/2 status=404 0.247s url=https://www.myfonts.com/collections/regular-ongunkan-rosetta-stone-greek-1143312-font-runic-world-tamgaci
[2026-05-01T08:24:51Z] #144 attempt=1/2 status=200 0.724s url=https://www.myfonts.com/products/regular-avena-1143310
[2026-05-01T08:24:51Z] #145 attempt=1/2 status=404 0.182s url=https://www.myfonts.com/collections/regular-avena-1143310-font-owpictures
[2026-05-01T08:24:52Z] #146 attempt=1/2 status=200 0.367s url=https://www.myfonts.com/products/script-mistkin-1143625
[2026-05-01T08:24:53Z] #147 attempt=1/2 status=200 0.503s url=https://www.myfonts.com/collections/mistkin-font-lemonthe/
[2026-05-01T08:24:54Z] #148 attempt=1/2 status=200 0.533s url=https://www.myfonts.com/collections/mistkin-font-lemonthe/?tab=techSpecs
[2026-05-01T08:24:55Z] #149 attempt=1/2 status=200 0.277s url=https://www.myfonts.com/products/regular-school-notes-1143373
[2026-05-01T08:24:55Z] #150 attempt=1/2 status=404 0.185s url=https://www.myfonts.com/collections/regular-school-notes-1143373-font-mvmet
[2026-05-01T08:24:56Z] #151 attempt=1/2 status=200 0.283s url=https://www.myfonts.com/products/regular-sume-1143846
[2026-05-01T08:24:56Z] #152 attempt=1/2 status=404 0.186s url=https://www.myfonts.com/collections/regular-sume-1143846-font-lb-studio
[2026-05-01T08:24:57Z] #153 attempt=1/2 status=200 0.317s url=https://www.myfonts.com/products/helenna-regular-helenna-serif-1143456
[2026-05-01T08:24:57Z] #154 attempt=1/2 status=404 0.187s url=https://www.myfonts.com/collections/helenna-regular-helenna-serif-1143456-font-alphaleonis-std
[2026-05-01T08:24:58Z] #155 attempt=1/2 status=200 0.349s url=https://www.myfonts.com/products/regular-juegas-1143712
[2026-05-01T08:24:59Z] #156 attempt=1/2 status=200 0.714s url=https://www.myfonts.com/collections/juegas-font-tini-fitriani/
[2026-05-01T08:24:59Z] #157 attempt=1/2 status=200 0.174s url=https://www.myfonts.com/collections/juegas-font-tini-fitriani/?tab=techSpecs
[2026-05-01T08:25:00Z] #158 attempt=1/2 status=200 0.299s url=https://www.myfonts.com/products/regular-pizzaroo-1143471
[2026-05-01T08:25:01Z] #159 attempt=1/2 status=404 0.243s url=https://www.myfonts.com/collections/regular-pizzaroo-1143471-font-rasio-studio
[2026-05-01T08:25:01Z] #160 attempt=1/2 status=200 0.384s url=https://www.myfonts.com/products/italic-flowy-psyche-1143465
[2026-05-01T08:25:02Z] #161 attempt=1/2 status=200 0.559s url=https://www.myfonts.com/collections/flowy-psyche-font-wildan-carfont/
[2026-05-01T08:25:03Z] #162 attempt=1/2 status=200 0.524s url=https://www.myfonts.com/collections/flowy-psyche-font-wildan-carfont/?tab=techSpecs
[2026-05-01T08:25:04Z] #163 attempt=1/2 status=200 0.296s url=https://www.myfonts.com/products/regular-night-shades-brush-1130182
[2026-05-01T08:25:05Z] #164 attempt=1/2 status=404 0.185s url=https://www.myfonts.com/collections/regular-night-shades-brush-1130182-font-tebaltipis-studio
[2026-05-01T08:25:05Z] #165 attempt=1/2 status=200 0.543s url=https://www.myfonts.com/products/regular-sketchin-1143516
[2026-05-01T08:25:06Z] #166 attempt=1/2 status=200 0.583s url=https://www.myfonts.com/collections/sketchin-font-design-vault-studio/
[2026-05-01T08:25:06Z] #167 attempt=1/2 status=200 0.164s url=https://www.myfonts.com/collections/sketchin-font-design-vault-studio/?tab=techSpecs
[2026-05-01T08:25:08Z] #168 attempt=1/2 status=200 0.272s url=https://www.myfonts.com/products/regular-cardinel-display-1143718
[2026-05-01T08:25:08Z] #169 attempt=1/2 status=404 0.211s url=https://www.myfonts.com/collections/regular-cardinel-display-1143718-font-limitype
[2026-05-01T08:25:09Z] #170 attempt=1/2 status=200 0.455s url=https://www.myfonts.com/products/regular-elisabetha-1143514
[2026-05-01T08:25:10Z] #171 attempt=1/2 status=200 0.497s url=https://www.myfonts.com/collections/elisabetha-font-unitype-studio/
[2026-05-01T08:25:10Z] #172 attempt=1/2 status=200 0.285s url=https://www.myfonts.com/collections/elisabetha-font-unitype-studio/?tab=techSpecs
[2026-05-01T08:25:10Z] #173 attempt=1/2 status=200 0.147s url=https://www.myfonts.com/collections/elisabetha-font-unitype-studio/
[2026-05-01T08:25:11Z] #174 attempt=1/2 status=404 0.345s url=https://www.myfonts.com/collections/regular-elisabetha-1143514-font-unitype-studio
[2026-05-01T08:25:12Z] #175 attempt=1/2 status=200 0.368s url=https://www.myfonts.com/products/italic-kinetica-scribble-1143745
[2026-05-01T08:25:12Z] #176 attempt=1/2 status=200 0.450s url=https://www.myfonts.com/collections/kinetica-scribble-font-stylishtype-studio/
[2026-05-01T08:25:13Z] #177 attempt=1/2 status=200 0.648s url=https://www.myfonts.com/collections/kinetica-scribble-font-stylishtype-studio/?tab=techSpecs
[2026-05-01T08:25:15Z] #178 attempt=1/2 status=200 0.646s url=https://www.myfonts.com/products/regular-fordaline-signature-1130184
[2026-05-01T08:25:16Z] #179 attempt=1/2 status=404 0.194s url=https://www.myfonts.com/collections/regular-fordaline-signature-1130184-font-tebaltipis-studio
[2026-05-01T08:25:17Z] #180 attempt=1/6 status=200 1.083s url=https://www.myfonts.com/products.json?limit=100&page=3
[2026-05-01T08:25:18Z] #181 attempt=1/2 status=200 0.348s url=https://www.myfonts.com/products/regular-bad-rabbit-1143668
[2026-05-01T08:25:18Z] #182 attempt=1/2 status=200 0.492s url=https://www.myfonts.com/collections/bad-rabbit-font-vozzy/
[2026-05-01T08:25:19Z] #183 attempt=1/2 status=200 0.470s url=https://www.myfonts.com/collections/bad-rabbit-font-vozzy/?tab=techSpecs
[2026-05-01T08:25:20Z] #184 attempt=1/2 status=200 0.351s url=https://www.myfonts.com/products/bold-some-notes-1143303
[2026-05-01T08:25:21Z] #185 attempt=1/2 status=200 0.560s url=https://www.myfonts.com/collections/some-notes-font-afkari-studio/
[2026-05-01T08:25:22Z] #186 attempt=1/2 status=200 0.819s url=https://www.myfonts.com/collections/some-notes-font-afkari-studio/?tab=techSpecs
[2026-05-01T08:25:24Z] #187 attempt=1/2 status=200 0.420s url=https://www.myfonts.com/products/regular-serafiona-maleri-1143720
[2026-05-01T08:25:24Z] #188 attempt=1/2 status=200 0.583s url=https://www.myfonts.com/collections/serafiona-maleri-font-letterena-studios/
[2026-05-01T08:25:25Z] #189 attempt=1/2 status=200 0.494s url=https://www.myfonts.com/collections/serafiona-maleri-font-letterena-studios/?tab=techSpecs
[2026-05-01T08:25:27Z] #190 attempt=1/2 status=200 0.489s url=https://www.myfonts.com/products/texture-harvest-time-1143702
[2026-05-01T08:25:28Z] #191 attempt=1/2 status=200 0.682s url=https://www.myfonts.com/collections/harvest-time-font-vozzy/
[2026-05-01T08:25:28Z] #192 attempt=1/2 status=200 0.217s url=https://www.myfonts.com/collections/harvest-time-font-vozzy/?tab=techSpecs
[2026-05-01T08:25:30Z] #193 attempt=1/2 status=200 0.327s url=https://www.myfonts.com/products/east-bound-regular-east-bound-1137804
[2026-05-01T08:25:30Z] #194 attempt=1/2 status=404 0.215s url=https://www.myfonts.com/collections/east-bound-regular-east-bound-1137804-font-modikstype
[2026-05-01T08:25:31Z] #195 attempt=1/2 status=200 0.597s url=https://www.myfonts.com/products/quin-forte-regular-mc-quin-forte-1143367
[2026-05-01T08:25:31Z] #196 attempt=1/2 status=404 0.179s url=https://www.myfonts.com/collections/quin-forte-regular-mc-quin-forte-1143367-font-maulana-creative
[2026-05-01T08:25:32Z] #197 attempt=1/2 status=200 0.301s url=https://www.myfonts.com/products/regular-yodia-mangesti-1143282
[2026-05-01T08:25:32Z] #198 attempt=1/2 status=404 0.207s url=https://www.myfonts.com/collections/regular-yodia-mangesti-1143282-font-letterhanna-studio
[2026-05-01T08:25:33Z] #199 attempt=1/2 status=200 0.306s url=https://www.myfonts.com/products/regular-brushed-1143740
[2026-05-01T08:25:34Z] #200 attempt=1/2 status=200 0.697s url=https://www.myfonts.com/collections/brushed-font-sensatype-studio/
[2026-05-01T08:25:35Z] #201 attempt=1/2 status=200 0.731s url=https://www.myfonts.com/collections/brushed-font-sensatype-studio/?tab=techSpecs
[2026-05-01T08:25:36Z] #202 attempt=1/2 status=200 0.327s url=https://www.myfonts.com/products/regular-bungkus-1131305
[2026-05-01T08:25:37Z] #203 attempt=1/2 status=200 0.362s url=https://www.myfonts.com/collections/bungkus-font-letternesia-studio/
[2026-05-01T08:25:37Z] #204 attempt=1/2 status=200 0.373s url=https://www.myfonts.com/collections/bungkus-font-letternesia-studio/?tab=techSpecs
[2026-05-01T08:25:38Z] #205 attempt=1/2 status=200 0.514s url=https://www.myfonts.com/collections/bungkus-font-letternesia-studio/
[2026-05-01T08:25:39Z] #206 attempt=1/2 status=404 0.300s url=https://www.myfonts.com/collections/regular-bungkus-1131305-font-letternesia-studio
[2026-05-01T08:25:39Z] #207 attempt=1/2 status=200 0.317s url=https://www.myfonts.com/products/regular-calvigan-1143390
[2026-05-01T08:25:40Z] #208 attempt=1/2 status=404 0.243s url=https://www.myfonts.com/collections/regular-calvigan-1143390-font-qweera-studio
[2026-05-01T08:25:40Z] #209 attempt=1/2 status=200 0.284s url=https://www.myfonts.com/products/regular-biketank-1142963
[2026-05-01T08:25:40Z] #210 attempt=1/2 status=404 0.202s url=https://www.myfonts.com/collections/regular-biketank-1142963-font-gatype
[2026-05-01T08:25:41Z] #211 attempt=1/2 status=200 0.407s url=https://www.myfonts.com/products/regular-betgal-1143460
[2026-05-01T08:25:42Z] #212 attempt=1/2 status=200 0.725s url=https://www.myfonts.com/collections/betgal-font-pandeka-studio/
[2026-05-01T08:25:43Z] #213 attempt=1/2 status=200 0.442s url=https://www.myfonts.com/collections/betgal-font-pandeka-studio/?tab=techSpecs
[2026-05-01T08:25:44Z] #214 attempt=1/2 status=200 0.731s url=https://www.myfonts.com/products/cs-danse-liberte-regular-cs-danse-liberte-1143433
[2026-05-01T08:25:45Z] #215 attempt=1/2 status=404 0.276s url=https://www.myfonts.com/collections/cs-danse-liberte-regular-cs-danse-liberte-1143433-font-calamar
[2026-05-01T08:25:46Z] #216 attempt=1/2 status=200 0.351s url=https://www.myfonts.com/products/regular-glimolle-1143870
[2026-05-01T08:25:46Z] #217 attempt=1/2 status=404 0.211s url=https://www.myfonts.com/collections/regular-glimolle-1143870-font-qiubare-studio
[2026-05-01T08:25:47Z] #218 attempt=1/2 status=200 0.602s url=https://www.myfonts.com/products/variable-khaos-1143285
[2026-05-01T08:25:48Z] #219 attempt=1/2 status=200 0.622s url=https://www.myfonts.com/collections/khaos-font-fontbilisi/
[2026-05-01T08:25:48Z] #220 attempt=1/2 status=200 0.232s url=https://www.myfonts.com/collections/khaos-font-fontbilisi/?tab=techSpecs
[2026-05-01T08:25:51Z] #221 attempt=1/6 status=200 0.842s url=https://www.myfonts.com/products.json?limit=100&page=4
[2026-05-01T08:25:51Z] #222 attempt=1/2 status=200 0.385s url=https://www.myfonts.com/products/regular-orlan-1143408
[2026-05-01T08:25:52Z] #223 attempt=1/2 status=404 1.134s url=https://www.myfonts.com/collections/regular-orlan-1143408-font-vadova-std
[2026-05-01T08:25:53Z] #224 attempt=1/2 status=200 0.296s url=https://www.myfonts.com/products/bestam-pren-regular-mc-bestam-pren-1143368
[2026-05-01T08:25:53Z] #225 attempt=1/2 status=404 0.171s url=https://www.myfonts.com/collections/bestam-pren-regular-mc-bestam-pren-1143368-font-maulana-creative
[2026-05-01T08:25:54Z] #226 attempt=1/2 status=200 0.309s url=https://www.myfonts.com/products/nerolinia-regular-nerolinia-1143848
[2026-05-01T08:25:54Z] #227 attempt=1/2 status=404 0.277s url=https://www.myfonts.com/collections/nerolinia-regular-nerolinia-1143848-font-hyperfluro
[2026-05-01T08:25:55Z] #228 attempt=1/2 status=200 0.291s url=https://www.myfonts.com/products/regular-ogalio-1143462
[2026-05-01T08:25:55Z] #229 attempt=1/2 status=404 0.271s url=https://www.myfonts.com/collections/regular-ogalio-1143462-font-pandeka-studio
[2026-05-01T08:25:56Z] #230 attempt=1/2 status=200 0.263s url=https://www.myfonts.com/products/bold-woris-1143371
[2026-05-01T08:25:56Z] #231 attempt=1/2 status=404 0.213s url=https://www.myfonts.com/collections/bold-woris-1143371-font-afkari-studio
[2026-05-01T08:25:57Z] #232 attempt=1/2 status=200 0.287s url=https://www.myfonts.com/products/regular-raphity-1143458
[2026-05-01T08:25:57Z] #233 attempt=1/2 status=404 0.218s url=https://www.myfonts.com/collections/regular-raphity-1143458-font-chatype-studio
[2026-05-01T08:25:58Z] #234 attempt=1/2 status=200 0.857s url=https://www.myfonts.com/products/regular-tepinar-1143388
[2026-05-01T08:25:59Z] #235 attempt=1/2 status=404 0.207s url=https://www.myfonts.com/collections/regular-tepinar-1143388-font-bilahstudio
[2026-05-01T08:25:59Z] #236 attempt=1/2 status=200 0.499s url=https://www.myfonts.com/products/regular-heavy-palm-1143850
[2026-05-01T08:26:00Z] #237 attempt=1/2 status=404 0.199s url=https://www.myfonts.com/collections/regular-heavy-palm-1143850-font-ethylene
[2026-05-01T08:26:01Z] #238 attempt=1/2 status=200 0.363s url=https://www.myfonts.com/products/regular-willmora-1143728
[2026-05-01T08:26:01Z] #239 attempt=1/2 status=404 0.219s url=https://www.myfonts.com/collections/regular-willmora-1143728-font-ikiikowrk
[2026-05-01T08:26:02Z] #240 attempt=1/2 status=200 0.336s url=https://www.myfonts.com/products/regular-bageba-1143742
[2026-05-01T08:26:02Z] #241 attempt=1/2 status=404 0.205s url=https://www.myfonts.com/collections/regular-bageba-1143742-font-pandeka-studio
[2026-05-01T08:26:03Z] #242 attempt=1/2 status=200 0.458s url=https://www.myfonts.com/products/regular-splash-chrome-1143470
[2026-05-01T08:26:03Z] #243 attempt=1/2 status=404 0.182s url=https://www.myfonts.com/collections/regular-splash-chrome-1143470-font-alit-design
[2026-05-01T08:26:04Z] #244 attempt=1/6 status=200 0.790s url=https://www.myfonts.com/products.json?limit=100&page=5
[2026-05-01T08:26:05Z] #245 attempt=1/2 status=200 0.346s url=https://www.myfonts.com/products/haqutian-regular-mc-haqutian-1140124
[2026-05-01T08:26:05Z] #246 attempt=1/2 status=404 0.168s url=https://www.myfonts.com/collections/haqutian-regular-mc-haqutian-1140124-font-maulana-creative
[2026-05-01T08:26:06Z] #247 attempt=1/2 status=200 0.611s url=https://www.myfonts.com/products/medium-italic-sintesi-semi-510943
[2026-05-01T08:26:08Z] #248 attempt=1/2 status=200 1.886s url=https://www.myfonts.com/collections/sintesi-semi-font-fsdesign-salmina/
[2026-05-01T08:26:09Z] #249 attempt=1/2 status=200 0.155s url=https://www.myfonts.com/collections/sintesi-semi-font-fsdesign-salmina/?tab=techSpecs
[2026-05-01T08:26:10Z] #250 attempt=1/2 status=200 0.597s url=https://www.myfonts.com/products/italic-sintesi-semi-510941
[2026-05-01T08:26:12Z] #251 attempt=1/2 status=200 1.122s url=https://www.myfonts.com/collections/sintesi-semi-font-fsdesign-salmina/
[2026-05-01T08:26:12Z] #252 attempt=1/2 status=200 0.171s url=https://www.myfonts.com/collections/sintesi-semi-font-fsdesign-salmina/?tab=techSpecs
[2026-05-01T08:26:13Z] #253 attempt=1/2 status=200 0.347s url=https://www.myfonts.com/products/light-charminette-130182
[2026-05-01T08:26:14Z] #254 attempt=1/2 status=200 0.309s url=https://www.myfonts.com/collections/charminette-font-vanderfont/
[2026-05-01T08:26:15Z] #255 attempt=1/2 status=200 0.304s url=https://www.myfonts.com/collections/charminette-font-vanderfont/?tab=techSpecs
[2026-05-01T08:26:16Z] #256 attempt=1/2 status=200 0.434s url=https://www.myfonts.com/products/snapshock-complete-family-package-974553
[2026-05-01T08:26:16Z] #257 attempt=1/2 status=200 0.497s url=https://www.myfonts.com/collections/snapshock-font-putracetol/
[2026-05-01T08:26:17Z] #258 attempt=1/2 status=200 0.292s url=https://www.myfonts.com/collections/snapshock-font-putracetol/?tab=techSpecs
[2026-05-01T08:26:18Z] #259 attempt=1/2 status=200 0.331s url=https://www.myfonts.com/products/intrade-complete-family-package-1143656
[2026-05-01T08:26:19Z] #260 attempt=1/2 status=200 0.882s url=https://www.myfonts.com/collections/intrade-font-ragamkata/
[2026-05-01T08:26:20Z] #261 attempt=1/2 status=200 0.457s url=https://www.myfonts.com/collections/intrade-font-ragamkata/?tab=techSpecs
[2026-05-01T08:26:21Z] #262 attempt=1/2 status=200 0.305s url=https://www.myfonts.com/products/varhen-karisha-complete-family-package-1144028
[2026-05-01T08:26:22Z] #263 attempt=1/2 status=200 0.400s url=https://www.myfonts.com/collections/varhen-karisha-font-letterena-studios/
[2026-05-01T08:26:23Z] #264 attempt=1/2 status=200 0.780s url=https://www.myfonts.com/collections/varhen-karisha-font-letterena-studios/?tab=techSpecs
[2026-05-01T08:26:25Z] #265 attempt=1/2 status=200 0.371s url=https://www.myfonts.com/products/carole-sans-variable-complete-family-package-1143290
[2026-05-01T08:26:25Z] #266 attempt=1/2 status=200 0.428s url=https://www.myfonts.com/collections/carole-sans-variable-font-schriftlabor/
[2026-05-01T08:26:26Z] #267 attempt=1/2 status=200 0.162s url=https://www.myfonts.com/collections/carole-sans-variable-font-schriftlabor/?tab=techSpecs
[2026-05-01T08:26:27Z] #268 attempt=1/2 status=200 0.522s url=https://www.myfonts.com/products/mixera-complete-family-package-1143890
[2026-05-01T08:26:29Z] #269 attempt=1/2 status=200 1.244s url=https://www.myfonts.com/collections/mixera-font-seniors-studio/
[2026-05-01T08:26:30Z] #270 attempt=1/2 status=200 0.217s url=https://www.myfonts.com/collections/mixera-font-seniors-studio/?tab=techSpecs
[2026-05-01T08:26:31Z] #271 attempt=1/2 status=200 0.342s url=https://www.myfonts.com/products/seibi-akabane-complete-family-package-1144216
[2026-05-01T08:26:32Z] #272 attempt=1/2 status=200 0.526s url=https://www.myfonts.com/collections/seibi-akabane-sbd-bold-font-nihon-literal/
[2026-05-01T08:26:33Z] #273 attempt=1/2 status=200 0.407s url=https://www.myfonts.com/collections/seibi-akabane-sbd-bold-font-nihon-literal/?tab=techSpecs
[2026-05-01T08:26:36Z] #274 attempt=1/2 status=200 0.396s url=https://www.myfonts.com/collections/seibi-akabane-sbd-bold-font-nihon-literal/
[2026-05-01T08:26:37Z] #275 attempt=1/2 status=200 0.396s url=https://www.myfonts.com/products/simple-notes-complete-family-package-1144114
[2026-05-01T08:26:38Z] #276 attempt=1/2 status=200 0.451s url=https://www.myfonts.com/collections/simple-notes-font-vp-creative-shop/
[2026-05-01T08:26:39Z] #277 attempt=1/2 status=200 0.412s url=https://www.myfonts.com/collections/simple-notes-font-vp-creative-shop/?tab=techSpecs
[2026-05-01T08:26:40Z] #278 attempt=1/2 status=200 0.354s url=https://www.myfonts.com/products/seibi-isarago-complete-family-package-1144212
[2026-05-01T08:26:40Z] #279 attempt=1/2 status=200 0.343s url=https://www.myfonts.com/collections/seibi-isarago-font-nihon-literal/
[2026-05-01T08:26:41Z] #280 attempt=1/2 status=200 0.480s url=https://www.myfonts.com/collections/seibi-isarago-font-nihon-literal/?tab=techSpecs
[2026-05-01T08:26:44Z] #281 attempt=1/2 status=200 0.293s url=https://www.myfonts.com/products/autumn-in-philadelphia-complete-family-package-1144032
[2026-05-01T08:26:45Z] #282 attempt=1/2 status=200 0.721s url=https://www.myfonts.com/collections/autumn-in-philadelphia-font-agny-hasya-studio/
[2026-05-01T08:26:46Z] #283 attempt=1/2 status=200 0.497s url=https://www.myfonts.com/collections/autumn-in-philadelphia-font-agny-hasya-studio/?tab=techSpecs
[2026-05-01T08:26:47Z] #284 attempt=1/2 status=200 0.344s url=https://www.myfonts.com/products/annagia-complete-family-package-1143877
[2026-05-01T08:26:48Z] #285 attempt=1/2 status=200 0.548s url=https://www.myfonts.com/collections/annagia-font-qweera-studio/
[2026-05-01T08:26:48Z] #286 attempt=1/2 status=200 0.218s url=https://www.myfonts.com/collections/annagia-font-qweera-studio/?tab=techSpecs
[2026-05-01T08:26:50Z] #287 attempt=1/2 status=200 0.575s url=https://www.myfonts.com/products/regante-complete-family-package-1144132
[2026-05-01T08:26:51Z] #288 attempt=1/2 status=200 0.793s url=https://www.myfonts.com/collections/regante-font-lettersams/
[2026-05-01T08:26:52Z] #289 attempt=1/2 status=200 1.006s url=https://www.myfonts.com/collections/regante-font-lettersams/?tab=techSpecs
[2026-05-01T08:26:55Z] #290 attempt=1/2 status=200 0.458s url=https://www.myfonts.com/products/seibi-minato-complete-family-package-1144237
[2026-05-01T08:26:55Z] #291 attempt=1/2 status=200 0.426s url=https://www.myfonts.com/collections/seibi-minato-font-nihon-literal/
[2026-05-01T08:26:56Z] #292 attempt=1/2 status=200 0.385s url=https://www.myfonts.com/collections/seibi-minato-font-nihon-literal/?tab=techSpecs
[2026-05-01T08:27:00Z] #293 attempt=1/2 status=200 0.417s url=https://www.myfonts.com/products/distyan-stovilky-complete-family-package-1144046
[2026-05-01T08:27:01Z] #294 attempt=1/2 status=200 0.525s url=https://www.myfonts.com/collections/distyan-stovilky-font-stylishtype-studio/
[2026-05-01T08:27:01Z] #295 attempt=1/2 status=200 0.421s url=https://www.myfonts.com/collections/distyan-stovilky-font-stylishtype-studio/?tab=techSpecs
[2026-05-01T08:27:03Z] #296 attempt=1/2 status=200 0.390s url=https://www.myfonts.com/products/larfioda-complete-family-package-1144122
[2026-05-01T08:27:03Z] #297 attempt=1/2 status=200 0.553s url=https://www.myfonts.com/collections/larfioda-font-tini-fitriani/
[2026-05-01T08:27:04Z] #298 attempt=1/2 status=200 0.421s url=https://www.myfonts.com/collections/larfioda-font-tini-fitriani/?tab=techSpecs
[2026-05-01T08:27:05Z] #299 attempt=1/2 status=200 0.455s url=https://www.myfonts.com/products/carole-serif-variable-complete-family-package-1143294
[2026-05-01T08:27:06Z] #300 attempt=1/2 status=200 0.595s url=https://www.myfonts.com/collections/carole-serif-variable-font-schriftlabor/
[2026-05-01T08:27:07Z] #301 attempt=1/2 status=200 0.154s url=https://www.myfonts.com/collections/carole-serif-variable-font-schriftlabor/?tab=techSpecs
[2026-05-01T08:27:08Z] #302 attempt=1/2 status=200 0.401s url=https://www.myfonts.com/products/seibi-shiba-complete-family-package-1144243
[2026-05-01T08:27:09Z] #303 attempt=1/2 status=200 0.585s url=https://www.myfonts.com/collections/seibi-shiba-font-nihon-literal/
[2026-05-01T08:27:10Z] #304 attempt=1/2 status=200 0.448s url=https://www.myfonts.com/collections/seibi-shiba-font-nihon-literal/?tab=techSpecs
[2026-05-01T08:27:13Z] #305 attempt=1/2 status=200 0.300s url=https://www.myfonts.com/products/seibi-seireisho-complete-family-package-1144209
[2026-05-01T08:27:14Z] #306 attempt=1/2 status=200 0.540s url=https://www.myfonts.com/collections/seibi-seireisho-font-nihon-literal/
[2026-05-01T08:27:15Z] #307 attempt=1/2 status=200 0.399s url=https://www.myfonts.com/collections/seibi-seireisho-font-nihon-literal/?tab=techSpecs
[2026-05-01T08:27:18Z] #308 attempt=1/2 status=200 0.324s url=https://www.myfonts.com/products/superantia-complete-family-package-1144072
[2026-05-01T08:27:19Z] #309 attempt=1/2 status=200 0.695s url=https://www.myfonts.com/collections/superantia-font-artisticandunique/
[2026-05-01T08:27:20Z] #310 attempt=1/2 status=200 0.528s url=https://www.myfonts.com/collections/superantia-font-artisticandunique/?tab=techSpecs
[2026-05-01T08:27:21Z] #311 attempt=1/2 status=200 0.479s url=https://www.myfonts.com/products/mogace-complete-family-package-1144043
[2026-05-01T08:27:22Z] #312 attempt=1/2 status=200 0.414s url=https://www.myfonts.com/collections/mogace-font-jafar07/
[2026-05-01T08:27:23Z] #313 attempt=1/2 status=200 0.449s url=https://www.myfonts.com/collections/mogace-font-jafar07/?tab=techSpecs
[2026-05-01T08:27:24Z] #314 attempt=1/2 status=200 0.289s url=https://www.myfonts.com/products/seibi-shiomi-complete-family-package-1144240
[2026-05-01T08:27:25Z] #315 attempt=1/2 status=200 0.632s url=https://www.myfonts.com/collections/seibi-shiomi-sbd-bold-font-nihon-literal/
[2026-05-01T08:27:25Z] #316 attempt=1/2 status=200 0.398s url=https://www.myfonts.com/collections/seibi-shiomi-sbd-bold-font-nihon-literal/?tab=techSpecs
[2026-05-01T08:27:29Z] #317 attempt=1/2 status=200 0.141s url=https://www.myfonts.com/collections/seibi-shiomi-sbd-bold-font-nihon-literal/
[2026-05-01T08:27:29Z] #318 attempt=1/2 status=200 0.370s url=https://www.myfonts.com/products/lahuddin-complete-family-package-1144037
[2026-05-01T08:27:30Z] #319 attempt=1/2 status=200 0.462s url=https://www.myfonts.com/collections/lahuddin-font-ahweproject/
[2026-05-01T08:27:31Z] #320 attempt=1/2 status=200 0.519s url=https://www.myfonts.com/collections/lahuddin-font-ahweproject/?tab=techSpecs
[2026-05-01T08:27:32Z] #321 attempt=1/2 status=200 0.334s url=https://www.myfonts.com/products/quervia-complete-family-package-1144060
[2026-05-01T08:27:33Z] #322 attempt=1/2 status=200 0.740s url=https://www.myfonts.com/collections/quervia-font-shanaf/
[2026-05-01T08:27:34Z] #323 attempt=1/2 status=200 0.567s url=https://www.myfonts.com/collections/quervia-font-shanaf/?tab=techSpecs
[2026-05-01T08:27:35Z] #324 attempt=1/2 status=200 0.302s url=https://www.myfonts.com/products/nebies-retro-complete-family-package-1143887
[2026-05-01T08:27:36Z] #325 attempt=1/2 status=200 0.496s url=https://www.myfonts.com/collections/nebies-retro-font-nirmana-visual/
[2026-05-01T08:27:36Z] #326 attempt=1/2 status=200 0.143s url=https://www.myfonts.com/collections/nebies-retro-font-nirmana-visual/?tab=techSpecs
[2026-05-01T08:27:37Z] #327 attempt=1/2 status=200 0.288s url=https://www.myfonts.com/products/seibi-takanawa-complete-family-package-1144220
[2026-05-01T08:27:38Z] #328 attempt=1/2 status=200 0.475s url=https://www.myfonts.com/collections/seibi-takanawa-font-nihon-literal/
[2026-05-01T08:27:39Z] #329 attempt=1/2 status=200 0.387s url=https://www.myfonts.com/collections/seibi-takanawa-font-nihon-literal/?tab=techSpecs
[2026-05-01T08:27:42Z] #330 attempt=1/2 status=200 0.459s url=https://www.myfonts.com/products/moreira-complete-family-package-1143653
[2026-05-01T08:27:43Z] #331 attempt=1/2 status=200 0.429s url=https://www.myfonts.com/collections/moreira-font-agung-sudirman/
[2026-05-01T08:27:44Z] #332 attempt=1/2 status=200 0.319s url=https://www.myfonts.com/collections/moreira-font-agung-sudirman/?tab=techSpecs
[2026-05-01T08:27:45Z] #333 attempt=1/2 status=200 0.343s url=https://www.myfonts.com/products/seibi-ai-complete-family-package-1144206
[2026-05-01T08:27:45Z] #334 attempt=1/2 status=200 0.343s url=https://www.myfonts.com/collections/seibi-ai-font-nihon-literal/
[2026-05-01T08:27:46Z] #335 attempt=1/2 status=200 0.601s url=https://www.myfonts.com/collections/seibi-ai-font-nihon-literal/?tab=techSpecs
[2026-05-01T08:27:50Z] #336 attempt=1/2 status=200 0.302s url=https://www.myfonts.com/products/zenic-complete-family-package-1143650
[2026-05-01T08:27:51Z] #337 attempt=1/2 status=200 0.404s url=https://www.myfonts.com/collections/zenic-font-font-liner/
[2026-05-01T08:27:52Z] #338 attempt=1/2 status=200 0.498s url=https://www.myfonts.com/collections/zenic-font-font-liner/?tab=techSpecs
[2026-05-01T08:27:53Z] #339 attempt=1/2 status=200 0.355s url=https://www.myfonts.com/products/strikies-sports-complete-family-package-1143884
[2026-05-01T08:27:54Z] #340 attempt=1/2 status=200 0.680s url=https://www.myfonts.com/collections/strikies-sports-font-nirmana-visual/
[2026-05-01T08:27:54Z] #341 attempt=1/2 status=200 0.173s url=https://www.myfonts.com/collections/strikies-sports-font-nirmana-visual/?tab=techSpecs
[2026-05-01T08:27:55Z] #342 attempt=1/2 status=200 0.316s url=https://www.myfonts.com/products/crust-cream-complete-family-package-1144054
[2026-05-01T08:27:56Z] #343 attempt=1/2 status=200 0.519s url=https://www.myfonts.com/collections/crust-cream-font-shanaf/
[2026-05-01T08:27:57Z] #344 attempt=1/2 status=200 0.781s url=https://www.myfonts.com/collections/crust-cream-font-shanaf/?tab=techSpecs
[2026-05-01T08:27:58Z] #345 attempt=1/2 status=200 0.423s url=https://www.myfonts.com/products/melto-gofer-complete-family-package-1144129
[2026-05-01T08:27:59Z] #346 attempt=1/2 status=200 0.717s url=https://www.myfonts.com/collections/melto-gofer-font-sipanji21/
[2026-05-01T08:28:00Z] #347 attempt=1/2 status=200 0.745s url=https://www.myfonts.com/collections/melto-gofer-font-sipanji21/?tab=techSpecs
[2026-05-01T08:28:02Z] #348 attempt=1/2 status=200 0.339s url=https://www.myfonts.com/products/qosta-complete-family-package-1144126
[2026-05-01T08:28:02Z] #349 attempt=1/2 status=200 0.514s url=https://www.myfonts.com/collections/qosta-font-artiveko/
[2026-05-01T08:28:03Z] #350 attempt=1/2 status=200 0.480s url=https://www.myfonts.com/collections/qosta-font-artiveko/?tab=techSpecs
[2026-05-01T08:28:05Z] #351 attempt=1/2 status=200 0.490s url=https://www.myfonts.com/products/seibi-kakupop-complete-family-package-1144226
[2026-05-01T08:28:05Z] #352 attempt=1/2 status=200 0.552s url=https://www.myfonts.com/collections/seibi-kakupop-sbd-extrabold-font-nihon-literal/
[2026-05-01T08:28:06Z] #353 attempt=1/2 status=200 0.431s url=https://www.myfonts.com/collections/seibi-kakupop-sbd-extrabold-font-nihon-literal/?tab=techSpecs
[2026-05-01T08:28:10Z] #354 attempt=1/2 status=200 0.529s url=https://www.myfonts.com/collections/seibi-kakupop-sbd-extrabold-font-nihon-literal/
[2026-05-01T08:28:12Z] #355 attempt=1/6 status=200 1.070s url=https://www.myfonts.com/products.json?limit=100&page=6
[2026-05-01T08:28:12Z] #356 attempt=1/2 status=200 0.434s url=https://www.myfonts.com/products/scribe-tales-complete-family-package-1144083
[2026-05-01T08:28:13Z] #357 attempt=1/2 status=200 0.476s url=https://www.myfonts.com/collections/scribe-tales-font-vp-creative-shop/
[2026-05-01T08:28:14Z] #358 attempt=1/2 status=200 0.169s url=https://www.myfonts.com/collections/scribe-tales-font-vp-creative-shop/?tab=techSpecs
[2026-05-01T08:28:15Z] #359 attempt=1/2 status=200 0.344s url=https://www.myfonts.com/products/rumble-block-complete-family-package-1144069
[2026-05-01T08:28:16Z] #360 attempt=1/2 status=200 0.434s url=https://www.myfonts.com/collections/rumble-block-font-authentype/
[2026-05-01T08:28:17Z] #361 attempt=1/2 status=200 0.630s url=https://www.myfonts.com/collections/rumble-block-font-authentype/?tab=techSpecs
[2026-05-01T08:28:18Z] #362 attempt=1/2 status=200 0.629s url=https://www.myfonts.com/products/salom-sans-office-package-1143366
[2026-05-01T08:28:19Z] #363 attempt=1/2 status=200 1.180s url=https://www.myfonts.com/collections/salom-font-schriftlabor/
[2026-05-01T08:28:20Z] #364 attempt=1/2 status=200 0.170s url=https://www.myfonts.com/collections/salom-font-schriftlabor/?tab=techSpecs
[2026-05-01T08:28:21Z] #365 attempt=1/2 status=200 0.448s url=https://www.myfonts.com/products/fusiform-complete-family-package-1144247
[2026-05-01T08:28:22Z] #366 attempt=1/2 status=200 0.483s url=https://www.myfonts.com/collections/fusiform-font-hanken-design-co/
[2026-05-01T08:28:23Z] #367 attempt=1/2 status=200 0.141s url=https://www.myfonts.com/collections/fusiform-font-hanken-design-co/?tab=techSpecs
[2026-05-01T08:28:24Z] #368 attempt=1/2 status=200 0.343s url=https://www.myfonts.com/products/patugo-complete-family-package-1143647
[2026-05-01T08:28:25Z] #369 attempt=1/2 status=200 0.436s url=https://www.myfonts.com/collections/patugo-font-vermilione/
[2026-05-01T08:28:25Z] #370 attempt=1/2 status=200 0.144s url=https://www.myfonts.com/collections/patugo-font-vermilione/?tab=techSpecs
[2026-05-01T08:28:26Z] #371 attempt=1/2 status=200 0.533s url=https://www.myfonts.com/products/june-pro-office-package-1143300
[2026-05-01T08:28:28Z] #372 attempt=1/2 status=200 0.994s url=https://www.myfonts.com/collections/june-pro-font-schriftlabor/
[2026-05-01T08:28:29Z] #373 attempt=1/2 status=200 0.946s url=https://www.myfonts.com/collections/june-pro-font-schriftlabor/?tab=techSpecs
[2026-05-01T08:28:31Z] #374 attempt=1/2 status=200 0.590s url=https://www.myfonts.com/products/modal-office-package-1143311
[2026-05-01T08:28:32Z] #375 attempt=1/2 status=200 0.860s url=https://www.myfonts.com/collections/modal-font-schriftlabor/
[2026-05-01T08:28:33Z] #376 attempt=1/2 status=200 1.087s url=https://www.myfonts.com/collections/modal-font-schriftlabor/?tab=techSpecs
[2026-05-01T08:28:35Z] #377 attempt=1/2 status=200 0.485s url=https://www.myfonts.com/products/margit-office-package-1143309
[2026-05-01T08:28:36Z] #378 attempt=1/2 status=200 0.954s url=https://www.myfonts.com/collections/margit-font-schriftlabor/
[2026-05-01T08:28:37Z] #379 attempt=1/2 status=200 1.158s url=https://www.myfonts.com/collections/margit-font-schriftlabor/?tab=techSpecs
[2026-05-01T08:28:39Z] #380 attempt=1/2 status=200 0.678s url=https://www.myfonts.com/products/gallensis-office-package-1143298
[2026-05-01T08:28:41Z] #381 attempt=1/2 status=200 1.522s url=https://www.myfonts.com/collections/gallensis-font-schriftlabor/
[2026-05-01T08:28:43Z] #382 attempt=1/2 status=200 1.517s url=https://www.myfonts.com/collections/gallensis-font-schriftlabor/?tab=techSpecs
[2026-05-01T08:28:44Z] #383 attempt=1/2 status=200 0.388s url=https://www.myfonts.com/products/grimmig-office-package-1143299
[2026-05-01T08:28:45Z] #384 attempt=1/2 status=200 0.814s url=https://www.myfonts.com/collections/grimmig-font-schriftlabor/
[2026-05-01T08:28:46Z] #385 attempt=1/2 status=200 0.783s url=https://www.myfonts.com/collections/grimmig-font-schriftlabor/?tab=techSpecs
[2026-05-01T08:28:48Z] #386 attempt=1/2 status=200 0.353s url=https://www.myfonts.com/products/barata-display-family-package-319922
[2026-05-01T08:28:48Z] #387 attempt=1/2 status=200 0.366s url=https://www.myfonts.com/collections/barata-display-font-estudio-arellano-type-foundry/
[2026-05-01T08:28:49Z] #388 attempt=1/2 status=200 0.385s url=https://www.myfonts.com/collections/barata-display-font-estudio-arellano-type-foundry/?tab=techSpecs
[2026-05-01T08:28:50Z] #389 attempt=1/2 status=200 0.366s url=https://www.myfonts.com/products/shadow-barata-display-319927
[2026-05-01T08:28:50Z] #390 attempt=1/2 status=200 0.138s url=https://www.myfonts.com/collections/barata-display-font-estudio-arellano-type-foundry/
[2026-05-01T08:28:51Z] #391 attempt=1/2 status=200 0.440s url=https://www.myfonts.com/collections/barata-display-font-estudio-arellano-type-foundry/?tab=techSpecs
[2026-05-01T08:28:52Z] #392 attempt=1/2 status=200 0.289s url=https://www.myfonts.com/products/regular-barata-display-319917
[2026-05-01T08:28:53Z] #393 attempt=1/2 status=200 0.166s url=https://www.myfonts.com/collections/barata-display-font-estudio-arellano-type-foundry/
[2026-05-01T08:28:53Z] #394 attempt=1/2 status=200 0.183s url=https://www.myfonts.com/collections/barata-display-font-estudio-arellano-type-foundry/?tab=techSpecs
[2026-05-01T08:28:55Z] #395 attempt=1/2 status=200 0.408s url=https://www.myfonts.com/products/sans-barata-display-319911
[2026-05-01T08:28:55Z] #396 attempt=1/2 status=200 0.150s url=https://www.myfonts.com/collections/barata-display-font-estudio-arellano-type-foundry/
[2026-05-01T08:28:55Z] #397 attempt=1/2 status=200 0.161s url=https://www.myfonts.com/collections/barata-display-font-estudio-arellano-type-foundry/?tab=techSpecs
[2026-05-01T08:28:57Z] #398 attempt=1/2 status=200 0.446s url=https://www.myfonts.com/products/mistur-sleuth-complete-family-package-976891
[2026-05-01T08:28:58Z] #399 attempt=1/2 status=200 0.598s url=https://www.myfonts.com/collections/mistur-sleuth-font-timelesstype-studio/
[2026-05-01T08:28:58Z] #400 attempt=1/2 status=200 0.509s url=https://www.myfonts.com/collections/mistur-sleuth-font-timelesstype-studio/?tab=techSpecs
[2026-05-01T08:29:01Z] #401 attempt=1/2 status=200 0.455s url=https://www.myfonts.com/products/palatino-linotype-complete-family-package-1143547
[2026-05-01T08:29:01Z] #402 attempt=1/2 status=200 0.721s url=https://www.myfonts.com/collections/palatino-linotype-font-zapf-alphabets/
[2026-05-01T08:29:02Z] #403 attempt=1/2 status=200 0.178s url=https://www.myfonts.com/collections/palatino-linotype-font-zapf-alphabets/?tab=techSpecs
[2026-05-01T08:29:03Z] #404 attempt=1/2 status=200 0.397s url=https://www.myfonts.com/products/gramatika-complete-family-package-1143529
[2026-05-01T08:29:04Z] #405 attempt=1/2 status=200 0.746s url=https://www.myfonts.com/collections/gramatika-font-tokotype/
[2026-05-01T08:29:06Z] #406 attempt=1/2 status=200 0.870s url=https://www.myfonts.com/collections/gramatika-font-tokotype/?tab=techSpecs
[2026-05-01T08:29:08Z] #407 attempt=1/2 status=200 1.379s url=https://www.myfonts.com/products/treasure-font-bundle-package-999247
[2026-05-01T08:29:08Z] #408 attempt=1/2 status=404 0.176s url=https://www.myfonts.com/collections/treasure-font-bundle-font-viaction-typeco
[2026-05-01T08:29:10Z] #409 attempt=1/2 status=200 1.244s url=https://www.myfonts.com/products/modern-calligraphy-font-bundle-package-727245
[2026-05-01T08:29:10Z] #410 attempt=1/2 status=404 0.257s url=https://www.myfonts.com/collections/modern-calligraphy-font-bundle-font-slex-studio
[2026-05-01T08:29:11Z] #411 attempt=1/2 status=200 0.431s url=https://www.myfonts.com/products/delsya-script-complete-family-package-1143245
[2026-05-01T08:29:12Z] #412 attempt=1/2 status=200 0.641s url=https://www.myfonts.com/collections/delsya-script-font-tini-fitriani/
[2026-05-01T08:29:12Z] #413 attempt=1/2 status=200 0.434s url=https://www.myfonts.com/collections/delsya-script-font-tini-fitriani/?tab=techSpecs
[2026-05-01T08:29:14Z] #414 attempt=1/2 status=200 0.391s url=https://www.myfonts.com/products/desire-press-complete-family-package-1142808
[2026-05-01T08:29:15Z] #415 attempt=1/2 status=200 0.651s url=https://www.myfonts.com/collections/desire-press-font-sloulyfe-studio/
[2026-05-01T08:29:15Z] #416 attempt=1/2 status=200 0.552s url=https://www.myfonts.com/collections/desire-press-font-sloulyfe-studio/?tab=techSpecs
[2026-05-01T08:29:17Z] #417 attempt=1/2 status=200 0.436s url=https://www.myfonts.com/products/sparon-complete-family-package-1142878
[2026-05-01T08:29:17Z] #418 attempt=1/2 status=200 0.512s url=https://www.myfonts.com/collections/sparon-font-artisan-themes/
[2026-05-01T08:29:18Z] #419 attempt=1/2 status=200 0.416s url=https://www.myfonts.com/collections/sparon-font-artisan-themes/?tab=techSpecs
[2026-05-01T08:29:20Z] #420 attempt=1/2 status=200 0.384s url=https://www.myfonts.com/products/neogrid-complete-family-package-1143269
[2026-05-01T08:29:20Z] #421 attempt=1/2 status=200 0.526s url=https://www.myfonts.com/collections/neogrid-font-din-studio/
[2026-05-01T08:29:21Z] #422 attempt=1/2 status=200 0.150s url=https://www.myfonts.com/collections/neogrid-font-din-studio/?tab=techSpecs
[2026-05-01T08:29:22Z] #423 attempt=1/2 status=200 0.340s url=https://www.myfonts.com/products/nateen-display-complete-family-package-1142863
[2026-05-01T08:29:23Z] #424 attempt=1/2 status=200 0.445s url=https://www.myfonts.com/collections/nateen-display-font-ijemrockart/
[2026-05-01T08:29:23Z] #425 attempt=1/2 status=200 0.468s url=https://www.myfonts.com/collections/nateen-display-font-ijemrockart/?tab=techSpecs
[2026-05-01T08:29:25Z] #426 attempt=1/2 status=200 0.515s url=https://www.myfonts.com/products/ratch-complete-family-package-1142945
[2026-05-01T08:29:26Z] #427 attempt=1/2 status=200 0.544s url=https://www.myfonts.com/collections/ratch-font-roman-melikhov/
[2026-05-01T08:29:26Z] #428 attempt=1/2 status=200 0.157s url=https://www.myfonts.com/collections/ratch-font-roman-melikhov/?tab=techSpecs
[2026-05-01T08:29:27Z] #429 attempt=1/2 status=200 0.360s url=https://www.myfonts.com/products/delorian-display-complete-family-package-1143254
[2026-05-01T08:29:28Z] #430 attempt=1/2 status=200 0.621s url=https://www.myfonts.com/collections/delorian-display-font-tebaltipis-studio/
[2026-05-01T08:29:29Z] #431 attempt=1/2 status=200 0.541s url=https://www.myfonts.com/collections/delorian-display-font-tebaltipis-studio/?tab=techSpecs
[2026-05-01T08:29:30Z] #432 attempt=1/2 status=200 0.387s url=https://www.myfonts.com/products/bulldach-lettra-complete-family-package-1142866
[2026-05-01T08:29:31Z] #433 attempt=1/2 status=200 0.480s url=https://www.myfonts.com/collections/bulldach-lettra-font-jolicia-type/
[2026-05-01T08:29:32Z] #434 attempt=1/2 status=200 0.153s url=https://www.myfonts.com/collections/bulldach-lettra-font-jolicia-type/?tab=techSpecs
[2026-05-01T08:29:34Z] #435 attempt=1/2 status=200 1.509s url=https://www.myfonts.com/products/galnery-complete-family-package-1142983
[2026-05-01T08:29:37Z] #436 attempt=1/2 status=200 2.654s url=https://www.myfonts.com/collections/galnery-font-suza-studio/
[2026-05-01T08:29:40Z] #437 attempt=1/2 status=200 2.276s url=https://www.myfonts.com/collections/galnery-font-suza-studio/?tab=techSpecs
[2026-05-01T08:29:42Z] #438 attempt=1/2 status=200 0.346s url=https://www.myfonts.com/products/funky-culture-complete-family-package-1143239
[2026-05-01T08:29:42Z] #439 attempt=1/2 status=200 0.668s url=https://www.myfonts.com/collections/funky-culture-font-sipanji21/
[2026-05-01T08:29:43Z] #440 attempt=1/2 status=200 0.141s url=https://www.myfonts.com/collections/funky-culture-font-sipanji21/?tab=techSpecs
[2026-05-01T08:29:44Z] #441 attempt=1/2 status=200 0.394s url=https://www.myfonts.com/products/monino-pro-complete-family-package-1142975
[2026-05-01T08:29:45Z] #442 attempt=1/2 status=200 0.424s url=https://www.myfonts.com/collections/monino-pro-font-thinkdust/
[2026-05-01T08:29:46Z] #443 attempt=1/2 status=200 0.587s url=https://www.myfonts.com/collections/monino-pro-font-thinkdust/?tab=techSpecs
[2026-05-01T08:29:47Z] #444 attempt=1/2 status=200 0.373s url=https://www.myfonts.com/products/blonkra-complete-family-package-1142903
[2026-05-01T08:29:48Z] #445 attempt=1/2 status=200 0.447s url=https://www.myfonts.com/collections/blonkra-font-muksal-creatives/
[2026-05-01T08:29:49Z] #446 attempt=1/2 status=200 0.676s url=https://www.myfonts.com/collections/blonkra-font-muksal-creatives/?tab=techSpecs
[2026-05-01T08:29:50Z] #447 attempt=1/2 status=200 0.390s url=https://www.myfonts.com/products/highmade-esportas-complete-family-package-1142708
[2026-05-01T08:29:51Z] #448 attempt=1/2 status=200 0.513s url=https://www.myfonts.com/collections/highmade-esportas-font-multype-studio/
[2026-05-01T08:29:51Z] #449 attempt=1/2 status=200 0.163s url=https://www.myfonts.com/collections/highmade-esportas-font-multype-studio/?tab=techSpecs
[2026-05-01T08:29:52Z] #450 attempt=1/2 status=200 0.392s url=https://www.myfonts.com/products/maileya-vintage-complete-family-package-1143242
[2026-05-01T08:29:53Z] #451 attempt=1/2 status=200 0.570s url=https://www.myfonts.com/collections/maileya-vintage-font-tini-fitriani/
[2026-05-01T08:29:54Z] #452 attempt=1/2 status=200 0.449s url=https://www.myfonts.com/collections/maileya-vintage-font-tini-fitriani/?tab=techSpecs
[2026-05-01T08:29:55Z] #453 attempt=1/2 status=200 0.348s url=https://www.myfonts.com/products/rifton-staycation-complete-family-package-1142955
[2026-05-01T08:29:56Z] #454 attempt=1/2 status=200 0.401s url=https://www.myfonts.com/collections/rifton-staycation-font-haksen/
[2026-05-01T08:29:56Z] #455 attempt=1/2 status=200 0.160s url=https://www.myfonts.com/collections/rifton-staycation-font-haksen/?tab=techSpecs
[2026-05-01T08:29:58Z] #456 attempt=1/2 status=200 0.421s url=https://www.myfonts.com/products/agta-complete-family-package-1142811
[2026-05-01T08:29:58Z] #457 attempt=1/2 status=200 0.526s url=https://www.myfonts.com/collections/agta-font-artiveko/
[2026-05-01T08:29:59Z] #458 attempt=1/2 status=200 0.464s url=https://www.myfonts.com/collections/agta-font-artiveko/?tab=techSpecs
[2026-05-01T08:30:01Z] #459 attempt=1/2 status=200 0.348s url=https://www.myfonts.com/products/granix-complete-family-package-1143261
[2026-05-01T08:30:01Z] #460 attempt=1/2 status=200 0.453s url=https://www.myfonts.com/collections/granix-font-artisan-themes/
[2026-05-01T08:30:02Z] #461 attempt=1/2 status=200 0.682s url=https://www.myfonts.com/collections/granix-font-artisan-themes/?tab=techSpecs
[2026-05-01T08:30:04Z] #462 attempt=1/2 status=200 0.412s url=https://www.myfonts.com/products/sweet-daisy-complete-family-package-1142898
[2026-05-01T08:30:04Z] #463 attempt=1/2 status=200 0.513s url=https://www.myfonts.com/collections/sweet-daisy-font-cocodesign/
[2026-05-01T08:30:05Z] #464 attempt=1/2 status=200 0.143s url=https://www.myfonts.com/collections/sweet-daisy-font-cocodesign/?tab=techSpecs
[2026-05-01T08:30:06Z] #465 attempt=1/2 status=200 0.717s url=https://www.myfonts.com/products/regular-style-package-1142796
[2026-05-01T08:30:08Z] #466 attempt=1/2 status=200 1.087s url=https://www.myfonts.com/collections/galdertine-charetam-semi-serif-font-logic-type/
[2026-05-01T08:30:09Z] #467 attempt=1/2 status=200 1.111s url=https://www.myfonts.com/collections/galdertine-charetam-semi-serif-font-logic-type/?tab=techSpecs
[2026-05-01T08:30:11Z] #468 attempt=1/2 status=200 0.527s url=https://www.myfonts.com/products/cranch-complete-family-package-1142847
[2026-05-01T08:30:12Z] #469 attempt=1/2 status=200 0.847s url=https://www.myfonts.com/collections/cranch-font-roman-melikhov/
[2026-05-01T08:30:12Z] #470 attempt=1/2 status=200 0.161s url=https://www.myfonts.com/collections/cranch-font-roman-melikhov/?tab=techSpecs
[2026-05-01T08:30:14Z] #471 attempt=1/2 status=200 0.379s url=https://www.myfonts.com/products/lev-type-repyakh-complete-family-package-1142916
[2026-05-01T08:30:14Z] #472 attempt=1/2 status=200 0.592s url=https://www.myfonts.com/collections/lev-type-repyakh-font-lev-type/
[2026-05-01T08:30:15Z] #473 attempt=1/2 status=200 0.624s url=https://www.myfonts.com/collections/lev-type-repyakh-font-lev-type/?tab=techSpecs
[2026-05-01T08:30:17Z] #474 attempt=1/2 status=200 0.770s url=https://www.myfonts.com/products/expanded-family-package-1142703
[2026-05-01T08:30:19Z] #475 attempt=1/2 status=200 1.417s url=https://www.myfonts.com/collections/sinar-grotesk-font-tokotype/
[2026-05-01T08:30:21Z] #476 attempt=1/2 status=200 1.610s url=https://www.myfonts.com/collections/sinar-grotesk-font-tokotype/?tab=techSpecs
[2026-05-01T08:30:22Z] #477 attempt=1/2 status=200 0.348s url=https://www.myfonts.com/products/andale-mono-complete-family-pack-package-548330
[2026-05-01T08:30:23Z] #478 attempt=1/2 status=200 0.472s url=https://www.myfonts.com/collections/andale-mono-font-monotype-imaging/
[2026-05-01T08:30:24Z] #479 attempt=1/2 status=200 0.526s url=https://www.myfonts.com/collections/andale-mono-font-monotype-imaging/?tab=techSpecs
[2026-05-01T08:30:25Z] #480 attempt=1/2 status=200 0.186s url=https://www.myfonts.com/collections/andale-mono-font-monotype-imaging/
[2026-05-01T08:30:25Z] #481 attempt=1/2 status=200 0.440s url=https://www.myfonts.com/products/coastaline-balibo-complete-family-package-1142980
[2026-05-01T08:30:26Z] #482 attempt=1/2 status=200 0.595s url=https://www.myfonts.com/collections/coastaline-balibo-font-monolimes/
[2026-05-01T08:30:27Z] #483 attempt=1/2 status=200 0.477s url=https://www.myfonts.com/collections/coastaline-balibo-font-monolimes/?tab=techSpecs
[2026-05-01T08:30:28Z] #484 attempt=1/2 status=200 0.430s url=https://www.myfonts.com/products/the-heistha-editorial-font-duo-complete-family-package-1142912
[2026-05-01T08:30:29Z] #485 attempt=1/2 status=200 0.499s url=https://www.myfonts.com/collections/the-heistha-editorial-font-duo-font-sigit-nurcholis/
[2026-05-01T08:30:30Z] #486 attempt=1/2 status=200 0.481s url=https://www.myfonts.com/collections/the-heistha-editorial-font-duo-font-sigit-nurcholis/?tab=techSpecs
[2026-05-01T08:30:32Z] #487 attempt=1/2 status=200 1.080s url=https://www.myfonts.com/products/expanded-package-1142890
[2026-05-01T08:30:35Z] #488 attempt=1/2 status=200 2.676s url=https://www.myfonts.com/collections/natharie-font-nia-typework/
[2026-05-01T08:30:38Z] #489 attempt=1/2 status=200 2.285s url=https://www.myfonts.com/collections/natharie-font-nia-typework/?tab=techSpecs
[2026-05-01T08:30:39Z] #490 attempt=1/2 status=200 0.463s url=https://www.myfonts.com/products/zenfix-complete-family-package-1143264
[2026-05-01T08:30:40Z] #491 attempt=1/2 status=200 0.576s url=https://www.myfonts.com/collections/zenfix-font-artisan-themes/
[2026-05-01T08:30:41Z] #492 attempt=1/2 status=200 0.628s url=https://www.myfonts.com/collections/zenfix-font-artisan-themes/?tab=techSpecs
[2026-05-01T08:30:43Z] #493 attempt=1/2 status=200 0.440s url=https://www.myfonts.com/products/avathor-type-complete-family-package-1142964
[2026-05-01T08:30:44Z] #494 attempt=1/2 status=200 0.771s url=https://www.myfonts.com/collections/avathor-type-font-canden-meutuah/
[2026-05-01T08:30:45Z] #495 attempt=1/2 status=200 0.890s url=https://www.myfonts.com/collections/avathor-type-font-canden-meutuah/?tab=techSpecs
[2026-05-01T08:30:46Z] #496 attempt=1/2 status=200 0.368s url=https://www.myfonts.com/products/goldray-club-complete-family-package-1142875
[2026-05-01T08:30:47Z] #497 attempt=1/2 status=200 0.595s url=https://www.myfonts.com/collections/goldray-club-font-letterhend/
[2026-05-01T08:30:47Z] #498 attempt=1/2 status=200 0.172s url=https://www.myfonts.com/collections/goldray-club-font-letterhend/?tab=techSpecs
[2026-05-01T08:30:49Z] #499 attempt=1/2 status=200 0.473s url=https://www.myfonts.com/products/brendast-grande-complete-family-package-1142698
[2026-05-01T08:30:49Z] #500 attempt=1/2 status=200 0.424s url=https://www.myfonts.com/collections/brendast-grande-font-suza-studio/
[2026-05-01T08:30:50Z] #501 attempt=1/2 status=200 0.175s url=https://www.myfonts.com/collections/brendast-grande-font-suza-studio/?tab=techSpecs
[2026-05-01T08:30:52Z] #502 attempt=1/2 status=200 0.956s url=https://www.myfonts.com/products/bajazzo-complete-family-package-1142911
[2026-05-01T08:30:54Z] #503 attempt=1/2 status=200 1.733s url=https://www.myfonts.com/collections/bajazzo-font-schriftlabor/
[2026-05-01T08:30:56Z] #504 attempt=1/2 status=200 1.668s url=https://www.myfonts.com/collections/bajazzo-font-schriftlabor/?tab=techSpecs
[2026-05-01T08:30:57Z] #505 attempt=1/2 status=200 0.348s url=https://www.myfonts.com/products/klopfzeichen-complete-family-package-1142914
[2026-05-01T08:30:58Z] #506 attempt=1/2 status=200 0.545s url=https://www.myfonts.com/collections/klopfzeichen-font-mysterian/
[2026-05-01T08:30:59Z] #507 attempt=1/2 status=200 0.458s url=https://www.myfonts.com/collections/klopfzeichen-font-mysterian/?tab=techSpecs
[2026-05-01T08:31:00Z] #508 attempt=1/2 status=200 0.452s url=https://www.myfonts.com/products/tallmark-complete-family-package-1143248
[2026-05-01T08:31:01Z] #509 attempt=1/2 status=200 0.651s url=https://www.myfonts.com/collections/tallmark-font-nathatype/
[2026-05-01T08:31:02Z] #510 attempt=1/2 status=200 0.354s url=https://www.myfonts.com/collections/tallmark-font-nathatype/?tab=techSpecs
[2026-05-01T08:31:03Z] #511 attempt=1/2 status=200 0.483s url=https://www.myfonts.com/products/ahkara-complete-family-package-1142800
[2026-05-01T08:31:04Z] #512 attempt=1/2 status=200 0.655s url=https://www.myfonts.com/collections/ahkara-font-agung-sudirman/
[2026-05-01T08:31:05Z] #513 attempt=1/2 status=200 0.478s url=https://www.myfonts.com/collections/ahkara-font-agung-sudirman/?tab=techSpecs
[2026-05-01T08:31:06Z] #514 attempt=1/2 status=200 0.376s url=https://www.myfonts.com/products/play-sticz-complete-family-package-1142893
[2026-05-01T08:31:07Z] #515 attempt=1/2 status=200 0.645s url=https://www.myfonts.com/collections/play-sticz-font-pandeka-studio/
[2026-05-01T08:31:08Z] #516 attempt=1/2 status=200 0.568s url=https://www.myfonts.com/collections/play-sticz-font-pandeka-studio/?tab=techSpecs
[2026-05-01T08:31:10Z] #517 attempt=1/2 status=200 0.951s url=https://www.myfonts.com/products/stagger-complete-family-package-1142997
[2026-05-01T08:31:11Z] #518 attempt=1/2 status=200 1.419s url=https://www.myfonts.com/collections/stagger-font-nia-typework/
[2026-05-01T08:31:14Z] #519 attempt=1/2 status=200 2.006s url=https://www.myfonts.com/collections/stagger-font-nia-typework/?tab=techSpecs
[2026-05-01T08:31:16Z] #520 attempt=1/2 status=200 1.357s url=https://www.myfonts.com/products/eckhart-complete-family-package-1142695
[2026-05-01T08:31:18Z] #521 attempt=1/2 status=200 1.891s url=https://www.myfonts.com/collections/eckhart-font-rohh/
[2026-05-01T08:31:20Z] #522 attempt=1/2 status=200 1.309s url=https://www.myfonts.com/collections/eckhart-font-rohh/?tab=techSpecs
[2026-05-01T08:31:22Z] #523 attempt=1/6 status=200 0.633s url=https://www.myfonts.com/products.json?limit=100&page=7
[2026-05-01T08:31:23Z] #524 attempt=1/2 status=200 0.620s url=https://www.myfonts.com/products/s-thin-goorkit-1140055
[2026-05-01T08:31:25Z] #525 attempt=1/2 status=200 1.331s url=https://www.myfonts.com/collections/goorkit-font-vlad-b/
[2026-05-01T08:31:26Z] #526 attempt=1/2 status=200 1.022s url=https://www.myfonts.com/collections/goorkit-font-vlad-b/?tab=techSpecs
[2026-05-01T08:31:28Z] #527 attempt=1/2 status=200 0.688s url=https://www.myfonts.com/products/semi-bold-furonto-1141187
[2026-05-01T08:31:29Z] #528 attempt=1/2 status=200 0.984s url=https://www.myfonts.com/collections/furonto-font-simpletype-studios/
[2026-05-01T08:31:30Z] #529 attempt=1/2 status=200 0.611s url=https://www.myfonts.com/collections/furonto-font-simpletype-studios/?tab=techSpecs
[2026-05-01T08:31:31Z] #530 attempt=1/2 status=200 0.414s url=https://www.myfonts.com/products/regular-cleamylo-1142897
[2026-05-01T08:31:32Z] #531 attempt=1/2 status=200 0.343s url=https://www.myfonts.com/collections/cleamylo-font-brandearth/
[2026-05-01T08:31:33Z] #532 attempt=1/2 status=200 0.541s url=https://www.myfonts.com/collections/cleamylo-font-brandearth/?tab=techSpecs
[2026-05-01T08:31:34Z] #533 attempt=1/2 status=200 0.317s url=https://www.myfonts.com/products/regular-better-gold-brush-1142874
[2026-05-01T08:31:34Z] #534 attempt=1/2 status=200 0.353s url=https://www.myfonts.com/collections/better-gold-brush-font-tebaltipis-studio/
[2026-05-01T08:31:35Z] #535 attempt=1/2 status=200 0.154s url=https://www.myfonts.com/collections/better-gold-brush-font-tebaltipis-studio/?tab=techSpecs
[2026-05-01T08:31:35Z] #536 attempt=1/2 status=200 0.301s url=https://www.myfonts.com/products/regular-boos-spod-1142858
[2026-05-01T08:31:36Z] #537 attempt=1/2 status=200 0.335s url=https://www.myfonts.com/collections/boos-spod-font-bayuktx/
[2026-05-01T08:31:37Z] #538 attempt=1/2 status=200 0.612s url=https://www.myfonts.com/collections/boos-spod-font-bayuktx/?tab=techSpecs
[2026-05-01T08:31:38Z] #539 attempt=1/2 status=200 0.622s url=https://www.myfonts.com/products/regular-collen-1142959
[2026-05-01T08:31:39Z] #540 attempt=1/2 status=200 0.444s url=https://www.myfonts.com/collections/collen-font-only-fonts/
[2026-05-01T08:31:39Z] #541 attempt=1/2 status=200 0.408s url=https://www.myfonts.com/collections/collen-font-only-fonts/?tab=techSpecs
[2026-05-01T08:31:40Z] #542 attempt=1/2 status=200 0.402s url=https://www.myfonts.com/products/regular-3x5-1142706
[2026-05-01T08:31:41Z] #543 attempt=1/2 status=200 0.312s url=https://www.myfonts.com/collections/3x5-font-k-type/
[2026-05-01T08:31:42Z] #544 attempt=1/2 status=200 0.408s url=https://www.myfonts.com/collections/3x5-font-k-type/?tab=techSpecs
[2026-05-01T08:31:43Z] #545 attempt=1/2 status=200 0.293s url=https://www.myfonts.com/products/regular-cregmils-1142961
[2026-05-01T08:31:44Z] #546 attempt=1/2 status=200 0.484s url=https://www.myfonts.com/collections/cregmils-font-only-fonts/
[2026-05-01T08:31:44Z] #547 attempt=1/2 status=200 0.342s url=https://www.myfonts.com/collections/cregmils-font-only-fonts/?tab=techSpecs
[2026-05-01T08:31:45Z] #548 attempt=1/2 status=200 0.316s url=https://www.myfonts.com/products/regular-ronamuda-1143251
[2026-05-01T08:31:46Z] #549 attempt=1/2 status=200 0.554s url=https://www.myfonts.com/collections/ronamuda-font-jetsmax-studio/
[2026-05-01T08:31:47Z] #550 attempt=1/2 status=200 0.442s url=https://www.myfonts.com/collections/ronamuda-font-jetsmax-studio/?tab=techSpecs
[2026-05-01T08:31:48Z] #551 attempt=1/2 status=200 0.384s url=https://www.myfonts.com/products/ludane-regular-ludane-condensed-1141212
[2026-05-01T08:31:49Z] #552 attempt=1/2 status=200 0.788s url=https://www.myfonts.com/collections/ludane-condensed-font-fernande/
[2026-05-01T08:31:49Z] #553 attempt=1/2 status=200 0.466s url=https://www.myfonts.com/collections/ludane-condensed-font-fernande/?tab=techSpecs
[2026-05-01T08:31:51Z] #554 attempt=1/2 status=200 0.429s url=https://www.myfonts.com/products/regular-glistare-brush-1142873
[2026-05-01T08:31:51Z] #555 attempt=1/2 status=200 0.328s url=https://www.myfonts.com/collections/glistare-brush-font-tebaltipis-studio/
[2026-05-01T08:31:52Z] #556 attempt=1/2 status=200 0.331s url=https://www.myfonts.com/collections/glistare-brush-font-tebaltipis-studio/?tab=techSpecs
[2026-05-01T08:31:53Z] #557 attempt=1/6 status=200 0.674s url=https://www.myfonts.com/products.json?limit=100&page=8
[2026-05-01T08:31:54Z] #558 attempt=1/2 status=200 0.314s url=https://www.myfonts.com/products/regular-horsy-moon-1142859
[2026-05-01T08:31:54Z] #559 attempt=1/2 status=200 0.327s url=https://www.myfonts.com/collections/horsy-moon-font-bayuktx/
[2026-05-01T08:31:55Z] #560 attempt=1/2 status=200 0.425s url=https://www.myfonts.com/collections/horsy-moon-font-bayuktx/?tab=techSpecs
[2026-05-01T08:31:56Z] #561 attempt=1/2 status=200 0.331s url=https://www.myfonts.com/products/regular-rivella-1142960
[2026-05-01T08:31:56Z] #562 attempt=1/2 status=200 0.250s url=https://www.myfonts.com/collections/rivella-font-only-fonts/
[2026-05-01T08:31:57Z] #563 attempt=1/2 status=200 0.171s url=https://www.myfonts.com/collections/rivella-font-only-fonts/?tab=techSpecs
[2026-05-01T08:31:58Z] #564 attempt=1/2 status=200 0.428s url=https://www.myfonts.com/products/regular-hetalhya-scriptly-1142860
[2026-05-01T08:31:58Z] #565 attempt=1/2 status=200 0.241s url=https://www.myfonts.com/collections/hetalhya-scriptly-font-bayuktx/
[2026-05-01T08:32:00Z] #566 attempt=1/2 status=200 0.773s url=https://www.myfonts.com/collections/hetalhya-scriptly-font-bayuktx/?tab=techSpecs
[2026-05-01T08:32:01Z] #567 attempt=1/2 status=200 0.358s url=https://www.myfonts.com/products/regular-black-graffiti-1142803
[2026-05-01T08:32:02Z] #568 attempt=1/2 status=200 0.430s url=https://www.myfonts.com/collections/black-graffiti-font-yoga-letter/
[2026-05-01T08:32:02Z] #569 attempt=1/2 status=200 0.165s url=https://www.myfonts.com/collections/black-graffiti-font-yoga-letter/?tab=techSpecs
[2026-05-01T08:32:03Z] #570 attempt=1/2 status=200 0.349s url=https://www.myfonts.com/products/regular-sevenity-1142892
[2026-05-01T08:32:04Z] #571 attempt=1/2 status=200 0.451s url=https://www.myfonts.com/collections/sevenity-font-din-studio/
[2026-05-01T08:32:04Z] #572 attempt=1/2 status=200 0.458s url=https://www.myfonts.com/collections/sevenity-font-din-studio/?tab=techSpecs
[2026-05-01T08:32:05Z] #573 attempt=1/2 status=200 0.359s url=https://www.myfonts.com/products/regular-dextive-display-1142862
[2026-05-01T08:32:06Z] #574 attempt=1/2 status=200 0.302s url=https://www.myfonts.com/collections/dextive-display-font-ijemrockart/
[2026-05-01T08:32:07Z] #575 attempt=1/2 status=200 0.313s url=https://www.myfonts.com/collections/dextive-display-font-ijemrockart/?tab=techSpecs
[2026-05-01T08:32:08Z] #576 attempt=1/2 status=200 0.975s url=https://www.myfonts.com/products/thrilas-morsil-regular-mc-thrilas-morsil-1142871
[2026-05-01T08:32:10Z] #577 attempt=1/2 status=200 1.089s url=https://www.myfonts.com/collections/mc-thrilas-morsil-font-maulana-creative/
[2026-05-01T08:32:10Z] #578 attempt=1/2 status=200 0.266s url=https://www.myfonts.com/collections/mc-thrilas-morsil-font-maulana-creative/?tab=techSpecs
[2026-05-01T08:32:12Z] #579 attempt=1/6 status=200 1.071s url=https://www.myfonts.com/products.json?limit=100&page=9
[2026-05-01T08:32:13Z] #580 attempt=1/2 status=200 0.400s url=https://www.myfonts.com/products/regular-chimo-kids-1142806
[2026-05-01T08:32:13Z] #581 attempt=1/2 status=200 0.613s url=https://www.myfonts.com/collections/chimo-kids-font-sipanji21/
[2026-05-01T08:32:14Z] #582 attempt=1/2 status=200 0.529s url=https://www.myfonts.com/products/regular-gastovali-signature-brush-1143258
[2026-05-01T08:32:15Z] #583 attempt=1/2 status=200 0.272s url=https://www.myfonts.com/collections/gastovali-signature-brush-font-tebaltipis-studio/
[2026-05-01T08:32:16Z] #584 attempt=1/2 status=200 0.639s url=https://www.myfonts.com/products/italic-ludane-1141225
[2026-05-01T08:32:16Z] #585 attempt=1/2 status=200 0.527s url=https://www.myfonts.com/collections/ludane-font-fernande/
[2026-05-01T08:32:17Z] #586 attempt=1/2 status=200 0.603s url=https://www.myfonts.com/products/regular-rembara-1142910
[2026-05-01T08:32:19Z] #587 attempt=1/2 status=200 0.940s url=https://www.myfonts.com/collections/rembara-font-vadova-std/
[2026-05-01T08:32:20Z] #588 attempt=1/2 status=200 0.827s url=https://www.myfonts.com/products/regular-thorne-1142861
[2026-05-01T08:32:20Z] #589 attempt=1/2 status=200 0.308s url=https://www.myfonts.com/collections/thorne-font-imoodev/
[2026-05-01T08:32:21Z] #590 attempt=1/2 status=200 0.378s url=https://www.myfonts.com/products/regular-summer-rovera-1142816
[2026-05-01T08:32:21Z] #591 attempt=1/2 status=200 0.350s url=https://www.myfonts.com/collections/summer-rovera-font-yoga-letter/
[2026-05-01T08:32:22Z] #592 attempt=1/2 status=200 0.813s url=https://www.myfonts.com/products/regular-canefo-1143274
[2026-05-01T08:32:23Z] #593 attempt=1/2 status=200 0.305s url=https://www.myfonts.com/collections/canefo-font-brandearth/
[2026-05-01T08:32:24Z] #594 attempt=1/2 status=200 0.322s url=https://www.myfonts.com/products/regular-rilletone-brush-1143257
[2026-05-01T08:32:24Z] #595 attempt=1/2 status=200 0.636s url=https://www.myfonts.com/collections/rilletone-brush-font-tebaltipis-studio/
[2026-05-01T08:32:25Z] #596 attempt=1/2 status=200 0.315s url=https://www.myfonts.com/products/regular-jubela-1143275
[2026-05-01T08:32:26Z] #597 attempt=1/2 status=200 0.284s url=https://www.myfonts.com/collections/jubela-font-brandearth/
[2026-05-01T08:32:27Z] #598 attempt=1/6 status=200 1.211s url=https://www.myfonts.com/products.json?limit=100&page=10
[2026-05-01T08:32:28Z] #599 attempt=1/2 status=200 0.380s url=https://www.myfonts.com/products/rayed-regular-rayed-1142962
[2026-05-01T08:32:29Z] #600 attempt=1/2 status=200 0.547s url=https://www.myfonts.com/collections/rayed-font-marvadesign/
[2026-05-01T08:32:30Z] #601 attempt=1/2 status=200 0.546s url=https://www.myfonts.com/products/regular-glojean-1142908
[2026-05-01T08:32:30Z] #602 attempt=1/2 status=200 0.280s url=https://www.myfonts.com/collections/glojean-font-vadova-std/
[2026-05-01T08:32:31Z] #603 attempt=1/2 status=200 0.643s url=https://www.myfonts.com/products/regular-biteyums-1142896
[2026-05-01T08:32:32Z] #604 attempt=1/2 status=200 0.401s url=https://www.myfonts.com/collections/biteyums-font-brandearth/
[2026-05-01T08:32:33Z] #605 attempt=1/2 status=200 1.034s url=https://www.myfonts.com/products/regular-mommy-emylina-1142954
[2026-05-01T08:32:34Z] #606 attempt=1/2 status=200 0.416s url=https://www.myfonts.com/collections/mommy-emylina-font-yoga-letter/
[2026-05-01T08:32:34Z] #607 attempt=1/2 status=503 0.075s url=https://www.myfonts.com/products/brothenz-regular-brothenz-1142798
[2026-05-01T08:32:34Z] retryable_503 attempt=1/2 waiting=2s
[2026-05-01T08:32:37Z] #608 attempt=2/2 status=200 0.866s url=https://www.myfonts.com/products/brothenz-regular-brothenz-1142798
[2026-05-01T08:32:38Z] #609 attempt=1/2 status=200 0.512s url=https://www.myfonts.com/collections/brothenz-font-eza-studio/
[2026-05-01T08:32:39Z] #610 attempt=1/2 status=200 0.523s url=https://www.myfonts.com/products/negen-regular-negen-1142815
[2026-05-01T08:32:39Z] #611 attempt=1/2 status=200 0.307s url=https://www.myfonts.com/collections/negen-font-marvadesign/
[2026-05-01T08:32:41Z] #612 attempt=1/2 status=200 1.455s url=https://www.myfonts.com/products/regular-devanra-1142906
[2026-05-01T08:32:42Z] #613 attempt=1/2 status=200 0.895s url=https://www.myfonts.com/collections/devanra-font-vadova-std/
[2026-05-01T08:32:43Z] #614 attempt=1/2 status=200 0.309s url=https://www.myfonts.com/products/regular-griskay-1142869
[2026-05-01T08:32:43Z] #615 attempt=1/2 status=200 0.651s url=https://www.myfonts.com/collections/griskay-font-imoodev/
[2026-05-01T08:32:44Z] #616 attempt=1/2 status=200 0.533s url=https://www.myfonts.com/products/regular-brooch-1142814
[2026-05-01T08:32:45Z] #617 attempt=1/2 status=200 0.835s url=https://www.myfonts.com/collections/brooch-font-marvadesign/
[2026-05-01T08:32:46Z] #618 attempt=1/2 status=200 0.336s url=https://www.myfonts.com/products/regular-orlynia-1142846
[2026-05-01T08:32:47Z] #619 attempt=1/2 status=200 1.018s url=https://www.myfonts.com/collections/orlynia-font-only-fonts/
[2026-05-01T08:32:49Z] #620 attempt=1/2 status=200 1.198s url=https://www.myfonts.com/products/regular-sakoira-1142837
[2026-05-01T08:32:49Z] #621 attempt=1/2 status=200 0.306s url=https://www.myfonts.com/collections/sakoira-font-only-fonts/
[2026-05-01T08:32:50Z] #622 attempt=1/2 status=200 0.424s url=https://www.myfonts.com/products/regular-ethdown-1142804
[2026-05-01T08:32:50Z] #623 attempt=1/2 status=200 0.317s url=https://www.myfonts.com/collections/ethdown-font-imoodev/
[2026-05-01T08:32:51Z] #624 attempt=1/2 status=200 0.344s url=https://www.myfonts.com/products/regular-norvane-1142907
[2026-05-01T08:32:53Z] #625 attempt=1/2 status=200 1.207s url=https://www.myfonts.com/collections/norvane-font-vadova-std/
[2026-05-01T08:32:55Z] #626 attempt=1/6 status=200 1.750s url=https://www.myfonts.com/products.json?limit=100&page=11
[2026-05-01T08:32:56Z] #627 attempt=1/2 status=200 0.482s url=https://www.myfonts.com/products/regular-edomisse-signature-1143260
[2026-05-01T08:32:57Z] #628 attempt=1/2 status=200 0.740s url=https://www.myfonts.com/collections/edomisse-signature-font-tebaltipis-studio/
[2026-05-01T08:32:57Z] #629 attempt=1/2 status=503 0.071s url=https://www.myfonts.com/products/regular-light-brown-display-1143252
[2026-05-01T08:32:57Z] retryable_503 attempt=1/2 waiting=2s
[2026-05-01T08:32:59Z] #630 attempt=2/2 status=503 0.069s url=https://www.myfonts.com/products/regular-light-brown-display-1143252
[2026-05-01T08:32:59Z] retryable_503 attempt=2/2 waiting=2s
[2026-05-01T08:33:01Z] max_retries_exhausted url=https://www.myfonts.com/products/regular-light-brown-display-1143252
[2026-05-01T08:33:02Z] #631 attempt=1/2 status=404 0.449s url=https://www.myfonts.com/collections/regular-light-brown-display-1143252-font-tebaltipis-studio
[2026-05-01T08:33:02Z] #632 attempt=1/2 status=200 0.339s url=https://www.myfonts.com/products/regular-bartersay-signature-1143253
[2026-05-01T08:33:03Z] #633 attempt=1/2 status=200 0.388s url=https://www.myfonts.com/collections/bartersay-signature-font-tebaltipis-studio/
[2026-05-01T08:33:04Z] #634 attempt=1/2 status=200 0.320s url=https://www.myfonts.com/products/regular-torquon-1142909
[2026-05-01T08:33:04Z] #635 attempt=1/2 status=200 0.282s url=https://www.myfonts.com/collections/torquon-font-vadova-std/
[2026-05-01T08:33:05Z] #636 attempt=1/2 status=200 0.806s url=https://www.myfonts.com/products/regular-amistarline-signature-1143259
[2026-05-01T08:33:06Z] #637 attempt=1/2 status=200 0.340s url=https://www.myfonts.com/collections/amistarline-signature-font-tebaltipis-studio/
[2026-05-01T08:33:06Z] #638 attempt=1/2 status=200 0.278s url=https://www.myfonts.com/products/regular-summer-delano-1142891
[2026-05-01T08:33:07Z] #639 attempt=1/2 status=200 0.340s url=https://www.myfonts.com/collections/summer-delano-font-yoga-letter/
[2026-05-01T08:33:08Z] #640 attempt=1/2 status=200 0.501s url=https://www.myfonts.com/products/regular-little-dino-1142870
[2026-05-01T08:33:08Z] #641 attempt=1/2 status=200 0.393s url=https://www.myfonts.com/collections/little-dino-font-imoodev/
[2026-05-01T08:33:09Z] #642 attempt=1/2 status=200 0.340s url=https://www.myfonts.com/products/glitcher-regular-glitcher-1142805
[2026-05-01T08:33:10Z] #643 attempt=1/2 status=200 0.528s url=https://www.myfonts.com/collections/glitcher-font-imoodev/
[2026-05-01T08:33:11Z] #644 attempt=1/6 status=200 0.976s url=https://www.myfonts.com/products.json?limit=100&page=12
[2026-05-01T08:33:12Z] #645 attempt=1/2 status=200 0.345s url=https://www.myfonts.com/products/regular-gofannon-1142872
[2026-05-01T08:33:12Z] #646 attempt=1/2 status=200 0.254s url=https://www.myfonts.com/collections/gofannon-font-imoodev/
[2026-05-01T08:33:13Z] #647 attempt=1/2 status=200 0.372s url=https://www.myfonts.com/products/regular-park-the-bus-1142799
[2026-05-01T08:33:14Z] #648 attempt=1/2 status=200 0.593s url=https://www.myfonts.com/collections/park-the-bus-font-olivetype/
[2026-05-01T08:33:15Z] #649 attempt=1/2 status=200 0.658s url=https://www.myfonts.com/products/regular-slyvarox-1142836
[2026-05-01T08:33:15Z] #650 attempt=1/2 status=200 0.340s url=https://www.myfonts.com/collections/slyvarox-font-valorix-studio/
[2026-05-01T08:33:16Z] #651 attempt=1/2 status=200 0.549s url=https://www.myfonts.com/products/wasteland-efquake-complete-family-package-1143276
[2026-05-01T08:33:17Z] #652 attempt=1/2 status=200 0.803s url=https://www.myfonts.com/collections/wasteland-bold-font-hellroglyphs/
[2026-05-01T08:33:18Z] #653 attempt=1/2 status=200 0.486s url=https://www.myfonts.com/products/regular-shree-bangali-1558-1047700
[2026-05-01T08:33:18Z] #654 attempt=1/2 status=200 0.306s url=https://www.myfonts.com/collections/shree-bangali-1558-font-modularinfotech/
[2026-05-01T08:33:19Z] #655 attempt=1/2 status=200 0.413s url=https://www.myfonts.com/collections/shree-bangali-1558-font-modularinfotech/
[2026-05-01T08:33:22Z] #656 attempt=1/2 status=200 2.170s url=https://www.myfonts.com/products/circular-sketchy-italic-caviara-1142675
[2026-05-01T08:33:24Z] #657 attempt=1/2 status=200 2.064s url=https://www.myfonts.com/collections/caviara-font-alpercakici/
[2026-05-01T08:33:26Z] #658 attempt=1/2 status=200 1.921s url=https://www.myfonts.com/products/serif-extra-condensed-gentano-athiroen-1141854
[2026-05-01T08:33:28Z] #659 attempt=1/2 status=200 1.425s url=https://www.myfonts.com/collections/gentano-athiroen-font-logic-type/
[2026-05-01T08:33:31Z] #660 attempt=1/2 status=200 1.921s url=https://www.myfonts.com/products/circular-old-squario-1142234
[2026-05-01T08:33:33Z] #661 attempt=1/2 status=200 2.217s url=https://www.myfonts.com/collections/squario-font-alpercakici/
[2026-05-01T08:33:36Z] #662 attempt=1/2 status=200 2.426s url=https://www.myfonts.com/products/light-expanded-slant-magerist-1141529
[2026-05-01T08:33:37Z] #663 attempt=1/2 status=503 0.064s url=https://www.myfonts.com/collections/magerist-font-rcky-studio/
[2026-05-01T08:33:37Z] retryable_503 attempt=1/2 waiting=2s
[2026-05-01T08:33:42Z] #664 attempt=2/2 status=200 2.736s url=https://www.myfonts.com/collections/magerist-font-rcky-studio/
[2026-05-01T08:33:43Z] #665 attempt=1/2 status=200 0.759s url=https://www.myfonts.com/products/heavy-hackensack-1142549
[2026-05-01T08:33:44Z] #666 attempt=1/2 status=200 0.947s url=https://www.myfonts.com/collections/hackensack-font-typodermic/
[2026-05-01T08:33:45Z] #667 attempt=1/2 status=200 0.387s url=https://www.myfonts.com/products/renito-regular-renito-1141752
[2026-05-01T08:33:46Z] #668 attempt=1/2 status=200 0.367s url=https://www.myfonts.com/collections/renito-font-taznix-creative/
[2026-05-01T08:33:48Z] #669 attempt=1/2 status=200 1.780s url=https://www.myfonts.com/products/extra-light-expanded-l-t-bleshil-1140341
[2026-05-01T08:33:51Z] #670 attempt=1/2 status=500 3.194s url=https://www.myfonts.com/collections/bleshil-font-rotterlab-studio/
[2026-05-01T08:33:52Z] #671 attempt=1/2 status=404 0.175s url=https://www.myfonts.com/collections/extra-light-expanded-l-t-bleshil-1140341-font-rotterlab-studio
[2026-05-01T08:33:53Z] #672 attempt=1/2 status=200 0.693s url=https://www.myfonts.com/products/eroded-outline-ot-strada-1142136
[2026-05-01T08:33:54Z] #673 attempt=1/2 status=200 0.832s url=https://www.myfonts.com/collections/ot-strada-font-ottertype/
[2026-05-01T08:33:55Z] #674 attempt=1/2 status=200 0.725s url=https://www.myfonts.com/products/outline-italic-snova-nova-1142502
[2026-05-01T08:33:56Z] #675 attempt=1/2 status=200 1.068s url=https://www.myfonts.com/collections/snova-nova-font-ottertype/
[2026-05-01T08:33:57Z] #676 attempt=1/2 status=200 0.491s url=https://www.myfonts.com/products/regular-boleuga-1141745
[2026-05-01T08:33:58Z] #677 attempt=1/2 status=200 0.446s url=https://www.myfonts.com/collections/boleuga-font-razetype/
[2026-05-01T08:33:58Z] #678 attempt=1/2 status=200 0.439s url=https://www.myfonts.com/products/semi-bold-gc-blanca-1141402
[2026-05-01T08:33:59Z] #679 attempt=1/2 status=200 0.717s url=https://www.myfonts.com/collections/gc-blanca-font-onyx-studio/
[2026-05-01T08:34:00Z] #680 attempt=1/2 status=200 0.739s url=https://www.myfonts.com/products/regular-doggy-smile-demo-1142117
[2026-05-01T08:34:01Z] #681 attempt=1/2 status=200 0.319s url=https://www.myfonts.com/collections/doggy-smile-demo-font-yoga-letter/
[2026-05-01T08:34:01Z] #682 attempt=1/2 status=503 0.085s url=https://www.myfonts.com/products/extra-bold-haugen-sans-1142311
[2026-05-01T08:34:01Z] retryable_503 attempt=1/2 waiting=2s
[2026-05-01T08:34:05Z] #683 attempt=2/2 status=200 1.305s url=https://www.myfonts.com/products/extra-bold-haugen-sans-1142311
[2026-05-01T08:34:06Z] #684 attempt=1/2 status=200 1.467s url=https://www.myfonts.com/collections/haugen-sans-font-ghozai-studio/
[2026-05-01T08:34:07Z] #685 attempt=1/2 status=200 0.392s url=https://www.myfonts.com/products/italic-texture-carpenter-1141739
[2026-05-01T08:34:08Z] #686 attempt=1/2 status=200 0.425s url=https://www.myfonts.com/collections/carpenter-font-vozzy/
[2026-05-01T08:34:09Z] #687 attempt=1/6 status=200 0.869s url=https://www.myfonts.com/products.json?limit=100&page=13
[2026-05-01T08:34:10Z] #688 attempt=1/2 status=200 0.771s url=https://www.myfonts.com/products/medium-gc-dooze-1139336
[2026-05-01T08:34:11Z] #689 attempt=1/2 status=200 0.783s url=https://www.myfonts.com/collections/gc-dooze-font-onyx-studio/
[2026-05-01T08:34:12Z] #690 attempt=1/2 status=200 0.321s url=https://www.myfonts.com/products/regular-almantra-signature-1141713
[2026-05-01T08:34:12Z] #691 attempt=1/2 status=200 0.276s url=https://www.myfonts.com/collections/almantra-signature-font-tebaltipis-studio/
[2026-05-01T08:34:14Z] #692 attempt=1/2 status=200 1.162s url=https://www.myfonts.com/products/rangled-regular-rangled-1142501
[2026-05-01T08:34:15Z] #693 attempt=1/2 status=200 0.548s url=https://www.myfonts.com/collections/rangled-font-moontiontype/
[2026-05-01T08:34:15Z] #694 attempt=1/2 status=200 0.354s url=https://www.myfonts.com/products/black-deco-notes-1141751
[2026-05-01T08:34:17Z] #695 attempt=1/2 status=200 1.435s url=https://www.myfonts.com/collections/deco-notes-font-heypentype/
[2026-05-01T08:34:18Z] #696 attempt=1/2 status=200 0.283s url=https://www.myfonts.com/products/regular-hanseply-brush-1141711
[2026-05-01T08:34:18Z] #697 attempt=1/2 status=200 0.461s url=https://www.myfonts.com/collections/hanseply-brush-font-tebaltipis-studio/
[2026-05-01T08:34:19Z] #698 attempt=1/2 status=200 0.661s url=https://www.myfonts.com/products/outline-italic-amazing-pearl-1142459
[2026-05-01T08:34:20Z] #699 attempt=1/2 status=503 0.076s url=https://www.myfonts.com/collections/amazing-pearl-font-ottertype/
[2026-05-01T08:34:20Z] retryable_503 attempt=1/2 waiting=2s
[2026-05-01T08:34:24Z] #700 attempt=2/2 status=200 1.900s url=https://www.myfonts.com/collections/amazing-pearl-font-ottertype/
[2026-05-01T08:34:25Z] #701 attempt=1/2 status=200 0.789s url=https://www.myfonts.com/products/outline-hambo-1141208
[2026-05-01T08:34:26Z] #702 attempt=1/2 status=200 0.541s url=https://www.myfonts.com/collections/hambo-font-kaidosan/
[2026-05-01T08:34:27Z] #703 attempt=1/2 status=200 0.764s url=https://www.myfonts.com/products/medium-beround-1142522
[2026-05-01T08:34:28Z] #704 attempt=1/2 status=200 1.166s url=https://www.myfonts.com/collections/beround-font-nicolass-fonts/
[2026-05-01T08:34:29Z] #705 attempt=1/2 status=200 0.782s url=https://www.myfonts.com/products/bold-semi-expanded-oblique-thalore-1142402
[2026-05-01T08:34:32Z] #706 attempt=1/2 status=200 2.134s url=https://www.myfonts.com/collections/thalore-font-slex-studio/
[2026-05-01T08:34:33Z] #707 attempt=1/2 status=200 0.496s url=https://www.myfonts.com/products/extra-bold-bunke-1141602
[2026-05-01T08:34:34Z] #708 attempt=1/2 status=200 1.281s url=https://www.myfonts.com/collections/bunke-font-nexaline-type/
[2026-05-01T08:34:35Z] #709 attempt=1/2 status=200 0.350s url=https://www.myfonts.com/products/bold-draco-1141614
[2026-05-01T08:34:35Z] #710 attempt=1/2 status=200 0.377s url=https://www.myfonts.com/collections/draco-font-cocijotype/
[2026-05-01T08:34:38Z] #711 attempt=1/6 status=200 1.753s url=https://www.myfonts.com/products.json?limit=100&page=14
[2026-05-01T08:34:38Z] #712 attempt=1/2 status=503 0.066s url=https://www.myfonts.com/products/regular-kitty-meow-1142323
[2026-05-01T08:34:38Z] retryable_503 attempt=1/2 waiting=2s
[2026-05-01T08:34:41Z] #713 attempt=2/2 status=200 0.441s url=https://www.myfonts.com/products/regular-kitty-meow-1142323
[2026-05-01T08:34:41Z] #714 attempt=1/2 status=200 0.485s url=https://www.myfonts.com/collections/kitty-meow-font-yoga-letter/
[2026-05-01T08:34:42Z] #715 attempt=1/2 status=200 0.337s url=https://www.myfonts.com/products/italic-silkigfined-1141550
[2026-05-01T08:34:43Z] #716 attempt=1/2 status=200 0.618s url=https://www.myfonts.com/collections/silkigfined-font-timelesstype-studio/
[2026-05-01T08:34:44Z] #717 attempt=1/2 status=200 0.399s url=https://www.myfonts.com/products/texture-disintegrator-1141741
[2026-05-01T08:34:44Z] #718 attempt=1/2 status=200 0.468s url=https://www.myfonts.com/collections/disintegrator-font-vozzy/
[2026-05-01T08:34:45Z] #719 attempt=1/2 status=200 0.418s url=https://www.myfonts.com/products/thin-astravictus-1141355
[2026-05-01T08:34:46Z] #720 attempt=1/2 status=200 0.739s url=https://www.myfonts.com/collections/astravictus-font-ghozai-studio/
[2026-05-01T08:34:47Z] #721 attempt=1/2 status=200 0.592s url=https://www.myfonts.com/products/italic-vekota-realies-1141367
[2026-05-01T08:34:48Z] #722 attempt=1/2 status=200 0.464s url=https://www.myfonts.com/collections/vekota-realies-font-nexaline-type/
[2026-05-01T08:34:48Z] #723 attempt=1/2 status=200 0.361s url=https://www.myfonts.com/products/two-texture-battle-royale-1141730
[2026-05-01T08:34:49Z] #724 attempt=1/2 status=200 0.570s url=https://www.myfonts.com/collections/battle-royale-font-vozzy/
[2026-05-01T08:34:50Z] #725 attempt=1/2 status=200 0.661s url=https://www.myfonts.com/products/regular-montora-1141585
[2026-05-01T08:34:51Z] #726 attempt=1/2 status=200 1.026s url=https://www.myfonts.com/collections/montora-font-artiveko/
[2026-05-01T08:34:52Z] #727 attempt=1/2 status=200 0.945s url=https://www.myfonts.com/products/outline-bitsand-1141583
[2026-05-01T08:34:53Z] #728 attempt=1/2 status=200 0.422s url=https://www.myfonts.com/collections/bitsand-font-jafar07/
[2026-05-01T08:34:55Z] #729 attempt=1/6 status=200 1.230s url=https://www.myfonts.com/products.json?limit=100&page=15
[2026-05-01T08:34:56Z] #730 attempt=1/2 status=200 0.492s url=https://www.myfonts.com/products/medium-xtriox-1141721
[2026-05-01T08:34:57Z] #731 attempt=1/2 status=200 1.334s url=https://www.myfonts.com/collections/xtriox-font-outerend/
[2026-05-01T08:34:58Z] #732 attempt=1/2 status=200 0.449s url=https://www.myfonts.com/products/medium-tbj-ultra-centric-1141570
[2026-05-01T08:35:00Z] #733 attempt=1/2 status=200 1.281s url=https://www.myfonts.com/collections/tbj-ultra-centric-font-taboja-studio/
[2026-05-01T08:35:01Z] #734 attempt=1/2 status=200 0.721s url=https://www.myfonts.com/products/black-popper-sparkle-1141626
[2026-05-01T08:35:02Z] #735 attempt=1/2 status=200 0.928s url=https://www.myfonts.com/collections/popper-sparkle-font-rashdrawn/
[2026-05-01T08:35:03Z] #736 attempt=1/2 status=200 0.663s url=https://www.myfonts.com/products/90-s-italic-regular-tuesday-display-classic-italic-1141710
[2026-05-01T08:35:03Z] #737 attempt=1/2 status=200 0.452s url=https://www.myfonts.com/collections/tuesday-display-classic-italic-font-eryn-rose-design/
[2026-05-01T08:35:04Z] #738 attempt=1/2 status=200 0.343s url=https://www.myfonts.com/products/regular-bragona-1141579
[2026-05-01T08:35:05Z] #739 attempt=1/2 status=200 0.734s url=https://www.myfonts.com/collections/bragona-font-sensatype-studio/
[2026-05-01T08:35:06Z] #740 attempt=1/2 status=200 0.308s url=https://www.myfonts.com/products/regular-bigger-chuby-1141580
[2026-05-01T08:35:06Z] #741 attempt=1/2 status=200 0.513s url=https://www.myfonts.com/collections/bigger-chuby-font-sensatype-studio/
[2026-05-01T08:35:07Z] #742 attempt=1/2 status=200 0.517s url=https://www.myfonts.com/products/cafelia-doppio-ouline2-oblique-cafelia-doppio-font-duo-1141565
[2026-05-01T08:35:09Z] #743 attempt=1/2 status=200 1.198s url=https://www.myfonts.com/collections/cafelia-doppio-font-duo-font-tanon-design/
[2026-05-01T08:35:10Z] #744 attempt=1/6 status=200 1.312s url=https://www.myfonts.com/products.json?limit=100&page=16
[2026-05-01T08:35:12Z] #745 attempt=1/2 status=200 1.662s url=https://www.myfonts.com/products/bold-oblique-sketch-tags-1142516
[2026-05-01T08:35:13Z] #746 attempt=1/2 status=200 0.700s url=https://www.myfonts.com/collections/sketch-tags-font-ghozai-studio/
[2026-05-01T08:35:16Z] #747 attempt=1/2 status=200 1.991s url=https://www.myfonts.com/products/rough-funzo-1142468
[2026-05-01T08:35:18Z] #748 attempt=1/2 status=200 1.762s url=https://www.myfonts.com/collections/funzo-font-sekyra-lab/
[2026-05-01T08:35:18Z] #749 attempt=1/2 status=200 0.331s url=https://www.myfonts.com/products/regular-cherish-moment-1142116
[2026-05-01T08:35:19Z] #750 attempt=1/2 status=200 0.901s url=https://www.myfonts.com/collections/cherish-moment-font-orenari/
[2026-05-01T08:35:20Z] #751 attempt=1/2 status=200 0.335s url=https://www.myfonts.com/products/regular-reglia-1142328
[2026-05-01T08:35:20Z] #752 attempt=1/2 status=200 0.333s url=https://www.myfonts.com/collections/reglia-font-suhadidesign/
[2026-05-01T08:35:21Z] #753 attempt=1/2 status=200 0.673s url=https://www.myfonts.com/products/heavy-italic-new-deco-1141707
[2026-05-01T08:35:23Z] #754 attempt=1/2 status=200 0.956s url=https://www.myfonts.com/collections/new-deco-font-k-type/
[2026-05-01T08:35:24Z] #755 attempt=1/6 status=200 0.877s url=https://www.myfonts.com/products.json?limit=100&page=17
[2026-05-01T08:35:25Z] #756 attempt=1/2 status=200 0.471s url=https://www.myfonts.com/products/ride-the-wave-ride-the-wave-1141700
[2026-05-01T08:35:25Z] #757 attempt=1/2 status=503 0.065s url=https://www.myfonts.com/collections/ride-the-wave-font-eryn-rose-design/
[2026-05-01T08:35:25Z] retryable_503 attempt=1/2 waiting=2s
[2026-05-01T08:35:27Z] #758 attempt=2/2 status=503 0.062s url=https://www.myfonts.com/collections/ride-the-wave-font-eryn-rose-design/
[2026-05-01T08:35:27Z] retryable_503 attempt=2/2 waiting=2s
[2026-05-01T08:35:29Z] max_retries_exhausted url=https://www.myfonts.com/collections/ride-the-wave-font-eryn-rose-design/
[2026-05-01T08:35:30Z] #759 attempt=1/2 status=404 0.244s url=https://www.myfonts.com/collections/ride-the-wave-ride-the-wave-1141700-font-eryn-rose-design
[2026-05-01T08:35:30Z] #760 attempt=1/2 status=200 0.368s url=https://www.myfonts.com/products/italic-kloe-1142332
[2026-05-01T08:35:31Z] #761 attempt=1/2 status=200 0.839s url=https://www.myfonts.com/collections/kloe-font-artiveko/
[2026-05-01T08:35:32Z] #762 attempt=1/2 status=200 0.318s url=https://www.myfonts.com/products/regular-summer-brown-1142325
[2026-05-01T08:35:33Z] #763 attempt=1/2 status=200 0.330s url=https://www.myfonts.com/collections/summer-brown-font-yoga-letter/
[2026-05-01T08:35:33Z] #764 attempt=1/2 status=200 0.286s url=https://www.myfonts.com/products/regular-boldybear-1142329
[2026-05-01T08:35:34Z] #765 attempt=1/2 status=200 0.417s url=https://www.myfonts.com/collections/boldybear-font-sesa-grafika/
[2026-05-01T08:35:34Z] #766 attempt=1/2 status=200 0.378s url=https://www.myfonts.com/products/regular-orlithe-1142511
[2026-05-01T08:35:35Z] #767 attempt=1/2 status=200 0.300s url=https://www.myfonts.com/collections/orlithe-font-moontiontype/
[2026-05-01T08:35:36Z] #768 attempt=1/2 status=200 0.354s url=https://www.myfonts.com/products/regular-korelasi-signature-1141714
[2026-05-01T08:35:37Z] #769 attempt=1/2 status=200 0.841s url=https://www.myfonts.com/collections/korelasi-signature-font-tebaltipis-studio/
[2026-05-01T08:35:39Z] #770 attempt=1/6 status=200 2.103s url=https://www.myfonts.com/products.json?limit=100&page=18
[2026-05-01T08:35:40Z] #771 attempt=1/2 status=200 0.336s url=https://www.myfonts.com/products/light-aetheria-1141646
[2026-05-01T08:35:41Z] #772 attempt=1/2 status=200 0.549s url=https://www.myfonts.com/collections/aetheria-font-m10-type/
[2026-05-01T08:35:41Z] #773 attempt=1/2 status=200 0.425s url=https://www.myfonts.com/products/regular-lorvex-1142322
[2026-05-01T08:35:42Z] #774 attempt=1/2 status=200 0.542s url=https://www.myfonts.com/collections/lorvex-font-only-fonts/
[2026-05-01T08:35:43Z] #775 attempt=1/2 status=200 0.353s url=https://www.myfonts.com/products/slant-234-sec-1141578
[2026-05-01T08:35:44Z] #776 attempt=1/2 status=200 0.537s url=https://www.myfonts.com/collections/234-sec-font-casloop-studio/
[2026-05-01T08:35:45Z] #777 attempt=1/6 status=200 1.130s url=https://www.myfonts.com/products.json?limit=100&page=19
[2026-05-01T08:35:47Z] #778 attempt=1/2 status=200 1.453s url=https://www.myfonts.com/products/light-extra-expanded-granvia-ultra-1139993
[2026-05-01T08:35:47Z] #779 attempt=1/2 status=503 0.066s url=https://www.myfonts.com/collections/granvia-ultra-font-kaidosan/
[2026-05-01T08:35:47Z] retryable_503 attempt=1/2 waiting=2s
[2026-05-01T08:35:51Z] #780 attempt=2/2 status=200 1.808s url=https://www.myfonts.com/collections/granvia-ultra-font-kaidosan/
[2026-05-01T08:35:52Z] #781 attempt=1/2 status=200 0.335s url=https://www.myfonts.com/products/onarki-regular-onarki-1141747
[2026-05-01T08:35:53Z] #782 attempt=1/2 status=200 0.423s url=https://www.myfonts.com/collections/onarki-font-razetype/
[2026-05-01T08:35:54Z] #783 attempt=1/6 status=200 0.683s url=https://www.myfonts.com/products.json?limit=100&page=20
[2026-05-01T08:35:55Z] #784 attempt=1/2 status=200 0.429s url=https://www.myfonts.com/products/regular-silent-diary-1141727
[2026-05-01T08:35:56Z] #785 attempt=1/2 status=200 0.298s url=https://www.myfonts.com/collections/silent-diary-font-timurtype/
[2026-05-01T08:35:57Z] #786 attempt=1/2 status=200 1.125s url=https://www.myfonts.com/products/regular-grey-slate-1141618
[2026-05-01T08:35:58Z] #787 attempt=1/2 status=200 0.450s url=https://www.myfonts.com/collections/grey-slate-font-epiclinez/
[2026-05-01T08:35:58Z] #788 attempt=1/2 status=200 0.335s url=https://www.myfonts.com/products/regular-sunbloom-1141726
[2026-05-01T08:35:59Z] #789 attempt=1/2 status=200 0.562s url=https://www.myfonts.com/collections/sunbloom-font-nathatype/
[2026-05-01T08:36:00Z] #790 attempt=1/2 status=200 0.608s url=https://www.myfonts.com/products/italic-formgraphia-1139773
[2026-05-01T08:36:01Z] #791 attempt=1/2 status=200 1.102s url=https://www.myfonts.com/collections/formgraphia-font-ghozai-studio/
[2026-05-01T08:36:03Z] #792 attempt=1/2 status=200 1.164s url=https://www.myfonts.com/products/oblique-sfc-solanora-1139593
[2026-05-01T08:36:04Z] #793 attempt=1/2 status=200 0.530s url=https://www.myfonts.com/collections/sfc-solanora-font-skilline-fonts-co/
[2026-05-01T08:36:05Z] #794 attempt=1/2 status=200 0.766s url=https://www.myfonts.com/products/semi-bold-avenyx-serif-1140441
[2026-05-01T08:36:07Z] #795 attempt=1/2 status=200 1.720s url=https://www.myfonts.com/collections/avenyx-serif-font-aronetiv/
[2026-05-01T08:36:08Z] #796 attempt=1/6 status=200 1.132s url=https://www.myfonts.com/products.json?limit=100&page=21
[2026-05-01T08:36:09Z] #797 attempt=1/2 status=200 0.321s url=https://www.myfonts.com/products/regular-hicheta-1141575
[2026-05-01T08:36:10Z] #798 attempt=1/2 status=200 0.614s url=https://www.myfonts.com/collections/hicheta-font-blankids/
[2026-05-01T08:36:10Z] #799 attempt=1/2 status=200 0.432s url=https://www.myfonts.com/products/regular-silent-autograph-1141347
[2026-05-01T08:36:12Z] #800 attempt=1/2 status=200 1.310s url=https://www.myfonts.com/collections/silent-autograph-font-timurtype/
[2026-05-01T08:36:14Z] #801 attempt=1/2 status=200 1.522s url=https://www.myfonts.com/products/regular-aergun-1142324
[2026-05-01T08:36:14Z] #802 attempt=1/2 status=200 0.349s url=https://www.myfonts.com/collections/aergun-font-only-fonts/
[2026-05-01T08:36:15Z] #803 attempt=1/6 status=503 0.069s url=https://www.myfonts.com/products.json?limit=100&page=22
[2026-05-01T08:36:15Z] retryable_503 attempt=1/6 waiting=5s
[2026-05-01T08:36:21Z] #804 attempt=2/6 status=200 0.922s url=https://www.myfonts.com/products.json?limit=100&page=22
[2026-05-01T08:36:22Z] #805 attempt=1/2 status=200 0.324s url=https://www.myfonts.com/products/regular-camarali-1141342
[2026-05-01T08:36:23Z] #806 attempt=1/2 status=200 0.834s url=https://www.myfonts.com/collections/camarali-font-hishand-studio/
[2026-05-01T08:36:24Z] #807 attempt=1/2 status=200 0.324s url=https://www.myfonts.com/products/bold-vinetra-1141715
[2026-05-01T08:36:24Z] #808 attempt=1/2 status=200 0.424s url=https://www.myfonts.com/collections/vinetra-font-limitype/
[2026-05-01T08:36:26Z] #809 attempt=1/6 status=200 0.837s url=https://www.myfonts.com/products.json?limit=100&page=23
[2026-05-01T08:36:26Z] #810 attempt=1/2 status=200 0.468s url=https://www.myfonts.com/products/regular-farthing-signature-1141712
[2026-05-01T08:36:27Z] #811 attempt=1/2 status=200 0.311s url=https://www.myfonts.com/collections/farthing-signature-font-tebaltipis-studio/
[2026-05-01T08:36:28Z] #812 attempt=1/2 status=200 0.355s url=https://www.myfonts.com/products/regular-caveline-1141753
[2026-05-01T08:36:28Z] #813 attempt=1/2 status=200 0.389s url=https://www.myfonts.com/collections/caveline-font-moontiontype/
[2026-05-01T08:36:29Z] #814 attempt=1/2 status=200 0.291s url=https://www.myfonts.com/products/regular-doggy-smile-1142326
[2026-05-01T08:36:29Z] #815 attempt=1/2 status=200 0.453s url=https://www.myfonts.com/collections/doggy-smile-font-yoga-letter/
[2026-05-01T08:36:31Z] #816 attempt=1/6 status=200 1.134s url=https://www.myfonts.com/products.json?limit=100&page=24
[2026-05-01T08:36:32Z] #817 attempt=1/2 status=200 0.351s url=https://www.myfonts.com/products/regular-grovara-1141619
[2026-05-01T08:36:32Z] #818 attempt=1/2 status=200 0.410s url=https://www.myfonts.com/collections/grovara-font-maghrib-type/
[2026-05-01T08:36:33Z] #819 attempt=1/2 status=200 0.446s url=https://www.myfonts.com/products/regular-marlyn-land-1141566
[2026-05-01T08:36:34Z] #820 attempt=1/2 status=200 0.332s url=https://www.myfonts.com/collections/marlyn-land-font-fikryal/
[2026-05-01T08:36:34Z] #821 attempt=1/2 status=200 0.411s url=https://www.myfonts.com/products/thin-gc-bager-1139472
[2026-05-01T08:36:36Z] #822 attempt=1/2 status=200 1.030s url=https://www.myfonts.com/collections/gc-bager-font-onyx-studio/
[2026-05-01T08:36:37Z] #823 attempt=1/2 status=200 1.032s url=https://www.myfonts.com/products/semi-bold-griga-1141301
[2026-05-01T08:36:38Z] #824 attempt=1/2 status=200 0.779s url=https://www.myfonts.com/collections/griga-font-graptail/
[2026-05-01T08:36:41Z] #825 attempt=1/2 status=200 2.570s url=https://www.myfonts.com/products/extra-black-condensed-sl-aukim-ii-circled-1140635
[2026-05-01T08:36:44Z] #826 attempt=1/2 status=500 3.245s url=https://www.myfonts.com/collections/aukim-ii-circled-font-aukimvisuel/
[2026-05-01T08:36:45Z] #827 attempt=1/2 status=404 0.185s url=https://www.myfonts.com/collections/extra-black-condensed-sl-aukim-ii-circled-1140635-font-aukimvisuel
[2026-05-01T08:36:46Z] #828 attempt=1/2 status=200 0.832s url=https://www.myfonts.com/products/slant-6-regular-theron-enroma-1141286
[2026-05-01T08:36:47Z] #829 attempt=1/2 status=200 0.678s url=https://www.myfonts.com/collections/theron-enroma-font-logic-type/
[2026-05-01T08:36:47Z] #830 attempt=1/2 status=200 0.358s url=https://www.myfonts.com/products/regular-cottem-1141271
[2026-05-01T08:36:48Z] #831 attempt=1/2 status=200 0.518s url=https://www.myfonts.com/collections/cottem-font-marvadesign/
[2026-05-01T08:36:49Z] #832 attempt=1/2 status=200 0.470s url=https://www.myfonts.com/products/extralight-italic-plakad-1141252
[2026-05-01T08:36:50Z] #833 attempt=1/2 status=200 0.644s url=https://www.myfonts.com/collections/plakad-font-mabutype/
[2026-05-01T08:36:51Z] #834 attempt=1/2 status=200 0.527s url=https://www.myfonts.com/products/extra-bold-savera-editorial-1141141
[2026-05-01T08:36:52Z] #835 attempt=1/2 status=200 0.839s url=https://www.myfonts.com/collections/savera-editorial-font-vermilione/
[2026-05-01T08:36:53Z] #836 attempt=1/2 status=200 0.870s url=https://www.myfonts.com/products/black-avisa-jm-1140521
[2026-05-01T08:36:54Z] #837 attempt=1/2 status=200 1.188s url=https://www.myfonts.com/collections/avisa-jm-font-joelmaker/
[2026-05-01T08:36:55Z] #838 attempt=1/2 status=200 0.397s url=https://www.myfonts.com/products/regular-dispay-micko-1141179
[2026-05-01T08:36:56Z] #839 attempt=1/2 status=200 0.495s url=https://www.myfonts.com/collections/dispay-micko-font-maikohatta/
[2026-05-01T08:36:57Z] #840 attempt=1/2 status=200 0.501s url=https://www.myfonts.com/products/norm-regular-hop-expanded-1140481
[2026-05-01T08:36:58Z] #841 attempt=1/2 status=200 0.904s url=https://www.myfonts.com/collections/hop-expanded-font-pizzatypefaces/
[2026-05-01T08:36:58Z] #842 attempt=1/2 status=200 0.448s url=https://www.myfonts.com/products/thin-italic-calore-serif-1141164
[2026-05-01T08:37:00Z] #843 attempt=1/2 status=200 1.255s url=https://www.myfonts.com/collections/calore-serif-font-typoraith-co/
[2026-05-01T08:37:01Z] #844 attempt=1/2 status=200 0.734s url=https://www.myfonts.com/products/italic-rcl-slicer-1141108
[2026-05-01T08:37:02Z] #845 attempt=1/2 status=200 0.623s url=https://www.myfonts.com/collections/rcl-slicer-font-jafar07/
[2026-05-01T08:37:03Z] #846 attempt=1/2 status=200 0.615s url=https://www.myfonts.com/products/norm-black-hop-compressed-1140467
[2026-05-01T08:37:04Z] #847 attempt=1/2 status=200 0.990s url=https://www.myfonts.com/collections/hop-compressed-font-pizzatypefaces/
[2026-05-01T08:37:05Z] #848 attempt=1/2 status=200 0.402s url=https://www.myfonts.com/products/shadow-shadow-fox-glima-1140420
[2026-05-01T08:37:06Z] #849 attempt=1/2 status=200 0.667s url=https://www.myfonts.com/collections/fox-glima-font-fox7/
[2026-05-01T08:37:07Z] #850 attempt=1/2 status=200 0.691s url=https://www.myfonts.com/products/galina-reany-regular-mc-galina-reany-1140495
[2026-05-01T08:37:07Z] #851 attempt=1/2 status=200 0.312s url=https://www.myfonts.com/collections/mc-galina-reany-font-maulana-creative/
[2026-05-01T08:37:08Z] #852 attempt=1/2 status=200 0.350s url=https://www.myfonts.com/products/regular-manhika-neddac-1140450
[2026-05-01T08:37:09Z] #853 attempt=1/2 status=200 0.683s url=https://www.myfonts.com/collections/manhika-neddac-font-letterena-studios/
[2026-05-01T08:37:09Z] #854 attempt=1/2 status=200 0.279s url=https://www.myfonts.com/products/mo-t-sandman-retrogram-mot-sandman-1140434
[2026-05-01T08:37:10Z] #855 attempt=1/2 status=200 0.257s url=https://www.myfonts.com/collections/mot-sandman-font-monsters-of-type/
[2026-05-01T08:37:11Z] #856 attempt=1/2 status=200 0.430s url=https://www.myfonts.com/products/regular-sunday-atelier-1141095
[2026-05-01T08:37:12Z] #857 attempt=1/2 status=200 1.398s url=https://www.myfonts.com/collections/sunday-atelier-font-cocodesign/
[2026-05-01T08:37:13Z] #858 attempt=1/2 status=200 0.368s url=https://www.myfonts.com/products/oblique-regular-neuev-juanto-1140427
[2026-05-01T08:37:14Z] #859 attempt=1/2 status=200 0.597s url=https://www.myfonts.com/collections/neuev-juanto-font-black-junst/
[2026-05-01T08:37:15Z] #860 attempt=1/2 status=200 0.627s url=https://www.myfonts.com/products/strong-ingos-marker-hand-1140398
[2026-05-01T08:37:16Z] #861 attempt=1/2 status=200 1.582s url=https://www.myfonts.com/collections/ingos-marker-hand-font-ingo/
[2026-05-01T08:37:17Z] #862 attempt=1/2 status=200 0.408s url=https://www.myfonts.com/products/regular-lt-verola-1140405
[2026-05-01T08:37:18Z] #863 attempt=1/2 status=200 0.307s url=https://www.myfonts.com/collections/lt-verola-font-sigit-nurcholis/
[2026-05-01T08:37:19Z] #864 attempt=1/6 status=200 0.999s url=https://www.myfonts.com/products.json?limit=100&page=25
[2026-05-01T08:37:21Z] #865 attempt=1/2 status=200 1.666s url=https://www.myfonts.com/products/lutschine-bold-con-x3-lutschine-1139485
[2026-05-01T08:37:23Z] #866 attempt=1/2 status=200 1.739s url=https://www.myfonts.com/collections/lutschine-font-rohh/
[2026-05-01T08:37:25Z] #867 attempt=1/2 status=200 0.942s url=https://www.myfonts.com/products/formelo-sketchy-solid-regular-formelo-sketchy-double-1141087
[2026-05-01T08:37:26Z] #868 attempt=1/2 status=200 0.702s url=https://www.myfonts.com/collections/formelo-sketchy-double-font-tini-fitriani/
[2026-05-01T08:37:26Z] #869 attempt=1/2 status=200 0.441s url=https://www.myfonts.com/products/regular-ophelia-story-1140384
[2026-05-01T08:37:28Z] #870 attempt=1/2 status=200 1.035s url=https://www.myfonts.com/collections/ophelia-story-font-sarid-ezra/
[2026-05-01T08:37:28Z] #871 attempt=1/2 status=200 0.344s url=https://www.myfonts.com/products/regular-luxento-1140179
[2026-05-01T08:37:29Z] #872 attempt=1/2 status=200 0.335s url=https://www.myfonts.com/collections/luxento-font-twinletter/
[2026-05-01T08:37:30Z] #873 attempt=1/2 status=200 0.454s url=https://www.myfonts.com/products/regular-pixelota-1140193
[2026-05-01T08:37:30Z] #874 attempt=1/2 status=200 0.655s url=https://www.myfonts.com/collections/pixelota-font-gleb-guralnyk/
[2026-05-01T08:37:33Z] #875 attempt=1/2 status=200 1.816s url=https://www.myfonts.com/products/mogranx-bold-semi-expanded-mogranx-variable-1141034
[2026-05-01T08:37:36Z] #876 attempt=1/2 status=200 2.758s url=https://www.myfonts.com/collections/mogranx-variable-font-aqeela-studio/
[2026-05-01T08:37:37Z] #877 attempt=1/2 status=200 0.580s url=https://www.myfonts.com/products/thin-italic-balikan-1140106
[2026-05-01T08:37:38Z] #878 attempt=1/2 status=200 0.711s url=https://www.myfonts.com/collections/balikan-font-laroyba-type/
[2026-05-01T08:37:38Z] #879 attempt=1/2 status=200 0.288s url=https://www.myfonts.com/products/regular-honeyline-1140178
[2026-05-01T08:37:39Z] #880 attempt=1/2 status=200 0.354s url=https://www.myfonts.com/collections/honeyline-font-hipfonts/
[2026-05-01T08:37:40Z] #881 attempt=1/2 status=200 0.608s url=https://www.myfonts.com/products/regular-larovie-1140096
[2026-05-01T08:37:41Z] #882 attempt=1/2 status=200 0.642s url=https://www.myfonts.com/collections/larovie-font-qweera-studio/
[2026-05-01T08:37:42Z] #883 attempt=1/2 status=200 0.535s url=https://www.myfonts.com/products/extra-bold-italic-catalize-1139377
[2026-05-01T08:37:43Z] #884 attempt=1/2 status=200 1.059s url=https://www.myfonts.com/collections/catalize-font-degarism-studio/
[2026-05-01T08:37:44Z] #885 attempt=1/2 status=200 0.575s url=https://www.myfonts.com/products/bold-italic-laviossa-nova-1140089
[2026-05-01T08:37:46Z] #886 attempt=1/2 status=200 1.949s url=https://www.myfonts.com/collections/laviossa-nova-font-jehoo-creative/
[2026-05-01T08:37:46Z] #887 attempt=1/2 status=503 0.062s url=https://www.myfonts.com/products/caps-oblique-herodevil-1140046
[2026-05-01T08:37:46Z] retryable_503 attempt=1/2 waiting=2s
[2026-05-01T08:37:49Z] #888 attempt=2/2 status=503 0.137s url=https://www.myfonts.com/products/caps-oblique-herodevil-1140046
[2026-05-01T08:37:49Z] retryable_503 attempt=2/2 waiting=2s
[2026-05-01T08:37:51Z] max_retries_exhausted url=https://www.myfonts.com/products/caps-oblique-herodevil-1140046
[2026-05-01T08:37:51Z] #889 attempt=1/2 status=404 0.393s url=https://www.myfonts.com/collections/caps-oblique-herodevil-1140046-font-jk-typeface
[2026-05-01T08:37:52Z] #890 attempt=1/2 status=200 0.604s url=https://www.myfonts.com/products/italic-stellaviva-1139327
[2026-05-01T08:37:53Z] #891 attempt=1/2 status=200 0.875s url=https://www.myfonts.com/collections/stellaviva-font-ghozai-studio/
[2026-05-01T08:37:54Z] #892 attempt=1/2 status=200 0.704s url=https://www.myfonts.com/products/regular-handling-baltens-1140039
[2026-05-01T08:37:55Z] #893 attempt=1/2 status=200 0.836s url=https://www.myfonts.com/collections/handling-baltens-font-letterena-studios/
[2026-05-01T08:37:56Z] #894 attempt=1/2 status=200 0.784s url=https://www.myfonts.com/products/regular-kifah-1139850
[2026-05-01T08:37:58Z] #895 attempt=1/2 status=200 0.918s url=https://www.myfonts.com/collections/kifah-font-namela/
[2026-05-01T08:37:59Z] #896 attempt=1/2 status=200 0.944s url=https://www.myfonts.com/products/regular-komata-1141350
[2026-05-01T08:38:00Z] #897 attempt=1/2 status=200 0.896s url=https://www.myfonts.com/collections/komata-font-artiveko/
[2026-05-01T08:38:01Z] #898 attempt=1/2 status=200 1.009s url=https://www.myfonts.com/products/outline-italic-kibtah-1139843
[2026-05-01T08:38:02Z] #899 attempt=1/2 status=200 0.879s url=https://www.myfonts.com/collections/kibtah-font-namela/
[2026-05-01T08:38:03Z] #900 attempt=1/2 status=200 0.359s url=https://www.myfonts.com/products/regular-cavario-1139302
[2026-05-01T08:38:04Z] #901 attempt=1/2 status=200 0.447s url=https://www.myfonts.com/collections/cavario-font-divora-type/
[2026-05-01T08:38:05Z] #902 attempt=1/2 status=200 0.685s url=https://www.myfonts.com/products/regular-milk-pie-1140177
[2026-05-01T08:38:05Z] #903 attempt=1/2 status=200 0.455s url=https://www.myfonts.com/collections/milk-pie-font-epiclinez/
[2026-05-01T08:38:07Z] #904 attempt=1/2 status=200 1.189s url=https://www.myfonts.com/products/italic-gremont-arquela-1139267
[2026-05-01T08:38:08Z] #905 attempt=1/2 status=200 0.588s url=https://www.myfonts.com/collections/gremont-arquela-font-qweera-studio/
[2026-05-01T08:38:08Z] #906 attempt=1/2 status=200 0.364s url=https://www.myfonts.com/products/regular-velmorai-1139971
[2026-05-01T08:38:09Z] #907 attempt=1/2 status=200 0.449s url=https://www.myfonts.com/collections/velmorai-font-agung-sudirman/
[2026-05-01T08:38:10Z] #908 attempt=1/2 status=200 0.591s url=https://www.myfonts.com/products/regular-sunny-chunk-1140920
[2026-05-01T08:38:11Z] #909 attempt=1/2 status=200 0.601s url=https://www.myfonts.com/collections/sunny-chunk-font-cocodesign/
[2026-05-01T08:38:12Z] #910 attempt=1/2 status=200 0.887s url=https://www.myfonts.com/products/stamp-italic-rosebite-1141313
[2026-05-01T08:38:13Z] #911 attempt=1/2 status=200 0.821s url=https://www.myfonts.com/collections/rosebite-font-graphicfresh/
[2026-05-01T08:38:14Z] #912 attempt=1/2 status=200 0.405s url=https://www.myfonts.com/products/libston-ornament-regular-fd-libston-1139786
[2026-05-01T08:38:15Z] #913 attempt=1/2 status=200 0.634s url=https://www.myfonts.com/collections/fd-libston-font-fortunes-co/
[2026-05-01T08:38:15Z] #914 attempt=1/2 status=200 0.357s url=https://www.myfonts.com/products/regular-cheery-buds-1140793
[2026-05-01T08:38:16Z] #915 attempt=1/2 status=200 0.326s url=https://www.myfonts.com/collections/cheery-buds-font-unicode-studio/
[2026-05-01T08:38:17Z] #916 attempt=1/2 status=200 0.466s url=https://www.myfonts.com/products/bold-leslie-crayon-1139721
[2026-05-01T08:38:18Z] #917 attempt=1/2 status=200 1.173s url=https://www.myfonts.com/collections/leslie-crayon-font-sipanji21/
[2026-05-01T08:38:19Z] #918 attempt=1/2 status=200 0.703s url=https://www.myfonts.com/products/light-italic-lineon-sans-1139252
[2026-05-01T08:38:20Z] #919 attempt=1/2 status=200 1.122s url=https://www.myfonts.com/collections/lineon-sans-font-ghozai-studio/
[2026-05-01T08:38:21Z] #920 attempt=1/2 status=200 0.630s url=https://www.myfonts.com/products/italic-qontra-1139818
[2026-05-01T08:38:22Z] #921 attempt=1/2 status=200 0.530s url=https://www.myfonts.com/collections/qontra-font-qweera-studio/
[2026-05-01T08:38:23Z] #922 attempt=1/2 status=200 0.356s url=https://www.myfonts.com/products/italic-montriva-1139636
[2026-05-01T08:38:23Z] #923 attempt=1/2 status=200 0.423s url=https://www.myfonts.com/collections/montriva-font-muksal-creatives/
[2026-05-01T08:38:24Z] #924 attempt=1/2 status=200 0.508s url=https://www.myfonts.com/products/blue-knockwork-1139714
[2026-05-01T08:38:25Z] #925 attempt=1/2 status=200 0.546s url=https://www.myfonts.com/collections/knockwork-font-rashdrawn/
[2026-05-01T08:38:26Z] #926 attempt=1/2 status=200 0.571s url=https://www.myfonts.com/products/extra-light-craville-1139692
[2026-05-01T08:38:27Z] #927 attempt=1/2 status=200 0.804s url=https://www.myfonts.com/collections/craville-font-glyphminds-studios/
[2026-05-01T08:38:27Z] #928 attempt=1/2 status=200 0.373s url=https://www.myfonts.com/products/italic-absolute-glows-1140069
[2026-05-01T08:38:28Z] #929 attempt=1/2 status=200 0.523s url=https://www.myfonts.com/collections/absolute-glows-font-shakira-studio/
[2026-05-01T08:38:29Z] #930 attempt=1/2 status=200 0.391s url=https://www.myfonts.com/products/regular-valtine-1139236
[2026-05-01T08:38:30Z] #931 attempt=1/2 status=200 0.713s url=https://www.myfonts.com/collections/valtine-font-craft-supply-co/
[2026-05-01T08:38:31Z] #932 attempt=1/2 status=200 0.557s url=https://www.myfonts.com/products/regular-shelvia-montanila-sans-1140536
[2026-05-01T08:38:32Z] #933 attempt=1/2 status=200 0.704s url=https://www.myfonts.com/collections/shelvia-montanila-sans-font-arterfak-project/
[2026-05-01T08:38:32Z] #934 attempt=1/2 status=200 0.339s url=https://www.myfonts.com/products/italic-stupid-thing-1140033
[2026-05-01T08:38:33Z] #935 attempt=1/2 status=200 0.899s url=https://www.myfonts.com/collections/stupid-thing-font-pizzadudedk/
[2026-05-01T08:38:34Z] #936 attempt=1/2 status=200 0.670s url=https://www.myfonts.com/products/black-actuarius-1139685
[2026-05-01T08:38:35Z] #937 attempt=1/2 status=200 0.872s url=https://www.myfonts.com/collections/actuarius-font-eurotypo/
[2026-05-01T08:38:36Z] #938 attempt=1/2 status=200 0.317s url=https://www.myfonts.com/products/gatefor-regular-gatefor-1139283
[2026-05-01T08:38:37Z] #939 attempt=1/2 status=200 0.494s url=https://www.myfonts.com/collections/gatefor-font-razetype/
[2026-05-01T08:38:38Z] #940 attempt=1/2 status=200 0.379s url=https://www.myfonts.com/products/regular-street-legends-1140037
[2026-05-01T08:38:38Z] #941 attempt=1/2 status=200 0.304s url=https://www.myfonts.com/collections/street-legends-font-yoga-letter/
[2026-05-01T08:38:39Z] #942 attempt=1/2 status=200 0.403s url=https://www.myfonts.com/products/italic-oldpen-sunday-1139555
[2026-05-01T08:38:39Z] #943 attempt=1/2 status=200 0.434s url=https://www.myfonts.com/collections/oldpen-sunday-font-letterena-studios/
[2026-05-01T08:38:40Z] summary releases=126 first_429=None log_file=state/myfonts_run_20260501_082245.log
[2026-05-01T08:38:40Z] saved_success_profile path=state/myfonts_success_profile.json
[2026-05-01T08:38:40Z] === MyFonts crawl end ===
