[2026-06-09T09:58:47Z] checkpoint fresh next_page=1 path=state/myfonts_crawl_checkpoint.json
[2026-06-09T09:58:47Z] === MyFonts crawl start source=myfonts ===
[2026-06-09T09:58:47Z] config max_pages=25 page_size=100 start_date=2026-06-08 end_date=2026-06-09 api_delay=0.5s detail_delay=0.2s max_debut_checks=400 max_tech_specs_checks=200 reuse_success_profile=False always_enrich_packages=True language_script_signal_mode=strong force_fresh_run=False start_page=1 browser_mode=False browser_headless=True browser_storage_state_path=state/myfonts_storage_state.json
[2026-06-09T09:58:49Z] #1 attempt=1/6 status=200 0.903s url=https://www.myfonts.com/products.json?limit=100&page=1
[2026-06-09T09:58:50Z] #2 attempt=1/2 status=200 0.462s url=https://www.myfonts.com/products/fuqua-complete-family-package-1163719
[2026-06-09T09:58:50Z] #3 attempt=1/2 status=200 0.478s url=https://www.myfonts.com/collections/fuqua-font-garagefonts/
[2026-06-09T09:58:51Z] #4 attempt=1/2 status=200 0.153s url=https://www.myfonts.com/collections/fuqua-font-garagefonts/?tab=techSpecs
[2026-06-09T09:58:52Z] #5 attempt=1/2 status=200 0.312s url=https://www.myfonts.com/products/fuqua-variable-complete-family-package-1163716
[2026-06-09T09:58:52Z] #6 attempt=1/2 status=200 0.338s url=https://www.myfonts.com/collections/fuqua-variable-font-garagefonts/
[2026-06-09T09:58:53Z] #7 attempt=1/2 status=200 0.189s url=https://www.myfonts.com/collections/fuqua-variable-font-garagefonts/?tab=techSpecs
[2026-06-09T09:58:54Z] #8 attempt=1/2 status=200 0.414s url=https://www.myfonts.com/products/cajueira-family-package-1163715
[2026-06-09T09:58:55Z] #9 attempt=1/2 status=200 0.641s url=https://www.myfonts.com/collections/cajueira-font-sofiamohr/
[2026-06-09T09:58:56Z] #10 attempt=1/2 status=200 0.156s url=https://www.myfonts.com/collections/cajueira-font-sofiamohr/?tab=techSpecs
[2026-06-09T09:58:57Z] #11 attempt=1/2 status=200 0.451s url=https://www.myfonts.com/products/gradine-complete-family-package-1161584
[2026-06-09T09:58:58Z] #12 attempt=1/2 status=200 0.597s url=https://www.myfonts.com/collections/gradine-font-dstype/
[2026-06-09T09:58:58Z] #13 attempt=1/2 status=200 0.154s url=https://www.myfonts.com/collections/gradine-font-dstype/?tab=techSpecs
[2026-06-09T09:59:00Z] #14 attempt=1/2 status=200 0.466s url=https://www.myfonts.com/products/black-semi-condensed-santhor-1162602
[2026-06-09T09:59:00Z] #15 attempt=1/2 status=200 0.285s url=https://www.myfonts.com/collections/santhor-font-propertype/
[2026-06-09T09:59:00Z] #16 attempt=1/2 status=200 0.151s url=https://www.myfonts.com/collections/santhor-font-propertype/?tab=techSpecs
[2026-06-09T09:59:02Z] #17 attempt=1/2 status=200 0.459s url=https://www.myfonts.com/products/smooth-bold-extracondensed-italic-noveris-forma-1164771
[2026-06-09T09:59:03Z] #18 attempt=1/2 status=200 0.579s url=https://www.myfonts.com/collections/noveris-forma-font-slex-studio/
[2026-06-09T09:59:03Z] #19 attempt=1/2 status=200 0.156s url=https://www.myfonts.com/collections/noveris-forma-font-slex-studio/?tab=techSpecs
[2026-06-09T09:59:05Z] #20 attempt=1/2 status=200 1.034s url=https://www.myfonts.com/products/50-font-bundle-package-1046439
[2026-06-09T09:59:06Z] #21 attempt=1/2 status=404 0.284s url=https://www.myfonts.com/collections/50-font-bundle-font-dream-font
[2026-06-09T09:59:07Z] #22 attempt=1/2 status=200 0.581s url=https://www.myfonts.com/products/signature-bundle-package-1046440
[2026-06-09T09:59:07Z] #23 attempt=1/2 status=404 0.210s url=https://www.myfonts.com/collections/signature-bundle-font-dream-font
[2026-06-09T09:59:08Z] #24 attempt=1/2 status=200 0.554s url=https://www.myfonts.com/products/infinity-font-bundle-package-1004854
[2026-06-09T09:59:08Z] #25 attempt=1/2 status=404 0.176s url=https://www.myfonts.com/collections/infinity-font-bundle-font-dream-font
[2026-06-09T09:59:09Z] #26 attempt=1/2 status=200 0.422s url=https://www.myfonts.com/products/challenger-font-bundle-package-1004855
[2026-06-09T09:59:09Z] #27 attempt=1/2 status=404 0.303s url=https://www.myfonts.com/collections/challenger-font-bundle-font-dream-font
[2026-06-09T09:59:10Z] #28 attempt=1/2 status=200 0.416s url=https://www.myfonts.com/products/bekor-extra-bundle-package-1004853
[2026-06-09T09:59:10Z] #29 attempt=1/2 status=404 0.219s url=https://www.myfonts.com/collections/bekor-extra-bundle-font-dream-font
[2026-06-09T09:59:11Z] #30 attempt=1/2 status=200 0.358s url=https://www.myfonts.com/products/tipo-movin-cdmx-complete-family-package-1164680
[2026-06-09T09:59:12Z] #31 attempt=1/2 status=200 0.456s url=https://www.myfonts.com/collections/tipo-movin-cdmx-font-ixipcalli/
[2026-06-09T09:59:12Z] #32 attempt=1/2 status=200 0.144s url=https://www.myfonts.com/collections/tipo-movin-cdmx-font-ixipcalli/?tab=techSpecs
[2026-06-09T09:59:13Z] #33 attempt=1/2 status=200 0.324s url=https://www.myfonts.com/products/tipo-metro-cdmx-complete-family-package-1164673
[2026-06-09T09:59:14Z] #34 attempt=1/2 status=200 0.432s url=https://www.myfonts.com/collections/tipo-metro-cdmx-font-ixipcalli/
[2026-06-09T09:59:14Z] #35 attempt=1/2 status=200 0.148s url=https://www.myfonts.com/collections/tipo-metro-cdmx-font-ixipcalli/?tab=techSpecs
[2026-06-09T09:59:16Z] #36 attempt=1/2 status=200 0.343s url=https://www.myfonts.com/products/limit-micro-variable-concept-complete-family-package-1164652
[2026-06-09T09:59:16Z] #37 attempt=1/2 status=200 0.369s url=https://www.myfonts.com/collections/limit-micro-variable-concept-font-bold-guys/
[2026-06-09T09:59:17Z] #38 attempt=1/2 status=200 0.209s url=https://www.myfonts.com/collections/limit-micro-variable-concept-font-bold-guys/?tab=techSpecs
[2026-06-09T09:59:18Z] #39 attempt=1/2 status=200 0.440s url=https://www.myfonts.com/products/blumir-complete-family-package-1164569
[2026-06-09T09:59:19Z] #40 attempt=1/2 status=200 0.604s url=https://www.myfonts.com/collections/blumir-font-ridtype/
[2026-06-09T09:59:19Z] #41 attempt=1/2 status=200 0.156s url=https://www.myfonts.com/collections/blumir-font-ridtype/?tab=techSpecs
[2026-06-09T09:59:21Z] #42 attempt=1/2 status=200 0.287s url=https://www.myfonts.com/products/limit-text-variable-concept-complete-family-package-1164656
[2026-06-09T09:59:21Z] #43 attempt=1/2 status=200 0.367s url=https://www.myfonts.com/collections/limit-text-variable-concept-font-bold-guys/
[2026-06-09T09:59:22Z] #44 attempt=1/2 status=200 0.142s url=https://www.myfonts.com/collections/limit-text-variable-concept-font-bold-guys/?tab=techSpecs
[2026-06-09T09:59:23Z] #45 attempt=1/2 status=200 0.363s url=https://www.myfonts.com/products/gutriger-complete-family-package-1164597
[2026-06-09T09:59:24Z] #46 attempt=1/2 status=200 0.797s url=https://www.myfonts.com/collections/gutriger-font-ridtype/
[2026-06-09T09:59:24Z] #47 attempt=1/2 status=200 0.183s url=https://www.myfonts.com/collections/gutriger-font-ridtype/?tab=techSpecs
[2026-06-09T09:59:26Z] #48 attempt=1/2 status=200 0.327s url=https://www.myfonts.com/products/limit-variable-concept-full-complete-family-package-1164664
[2026-06-09T09:59:26Z] #49 attempt=1/2 status=200 0.484s url=https://www.myfonts.com/collections/limit-variable-concept-full-font-bold-guys/
[2026-06-09T09:59:27Z] #50 attempt=1/2 status=200 0.145s url=https://www.myfonts.com/collections/limit-variable-concept-full-font-bold-guys/?tab=techSpecs
[2026-06-09T09:59:28Z] #51 attempt=1/2 status=200 0.470s url=https://www.myfonts.com/products/ghivenic-complete-family-package-1164571
[2026-06-09T09:59:29Z] #52 attempt=1/2 status=200 0.578s url=https://www.myfonts.com/collections/ghivenic-font-ridtype/
[2026-06-09T09:59:29Z] #53 attempt=1/2 status=200 0.158s url=https://www.myfonts.com/collections/ghivenic-font-ridtype/?tab=techSpecs
[2026-06-09T09:59:31Z] #54 attempt=1/2 status=200 0.373s url=https://www.myfonts.com/products/limit-display-variable-concept-complete-family-package-1164660
[2026-06-09T09:59:31Z] #55 attempt=1/2 status=200 0.504s url=https://www.myfonts.com/collections/limit-display-variable-concept-font-bold-guys/
[2026-06-09T09:59:32Z] #56 attempt=1/2 status=200 0.156s url=https://www.myfonts.com/collections/limit-display-variable-concept-font-bold-guys/?tab=techSpecs
[2026-06-09T09:59:33Z] #57 attempt=1/2 status=200 0.532s url=https://www.myfonts.com/products/sansceina-complete-family-package-1164574
[2026-06-09T09:59:34Z] #58 attempt=1/2 status=200 0.607s url=https://www.myfonts.com/collections/sansceina-font-ridtype/
[2026-06-09T09:59:34Z] #59 attempt=1/2 status=200 0.152s url=https://www.myfonts.com/collections/sansceina-font-ridtype/?tab=techSpecs
[2026-06-09T09:59:36Z] #60 attempt=1/2 status=200 0.334s url=https://www.myfonts.com/products/basis-grotesque-arabic-complete-family-package-1164634
[2026-06-09T09:59:36Z] #61 attempt=1/2 status=200 0.383s url=https://www.myfonts.com/collections/basis-grotesque-arabic-font-colophon-foundry/
[2026-06-09T09:59:37Z] #62 attempt=1/2 status=200 0.151s url=https://www.myfonts.com/collections/basis-grotesque-arabic-font-colophon-foundry/?tab=techSpecs
[2026-06-09T09:59:38Z] #63 attempt=1/2 status=200 0.291s url=https://www.myfonts.com/products/regular-loving-de-rome-1164596
[2026-06-09T09:59:38Z] #64 attempt=1/2 status=200 0.383s url=https://www.myfonts.com/collections/loving-de-rome-font-tanon-design/
[2026-06-09T09:59:39Z] #65 attempt=1/2 status=200 0.203s url=https://www.myfonts.com/collections/loving-de-rome-font-tanon-design/?tab=techSpecs
[2026-06-09T09:59:41Z] #66 attempt=1/6 status=200 0.884s url=https://www.myfonts.com/products.json?limit=100&page=2
[2026-06-09T09:59:41Z] #67 attempt=1/2 status=200 0.273s url=https://www.myfonts.com/products/regular-aigos-1164599
[2026-06-09T09:59:42Z] #68 attempt=1/2 status=200 0.232s url=https://www.myfonts.com/collections/aigos-font-pekotype/
[2026-06-09T09:59:42Z] #69 attempt=1/2 status=200 0.153s url=https://www.myfonts.com/collections/aigos-font-pekotype/?tab=techSpecs
[2026-06-09T09:59:43Z] #70 attempt=1/2 status=200 0.289s url=https://www.myfonts.com/products/regular-the-grateful-party-1164573
[2026-06-09T09:59:43Z] #71 attempt=1/2 status=429 0.032s url=https://www.myfonts.com/collections/the-grateful-party-font-sloulyfe-studio/
[2026-06-09T09:59:43Z] first_429 req=71 url=https://www.myfonts.com/collections/the-grateful-party-font-sloulyfe-studio/
[2026-06-09T09:59:45Z] #72 attempt=2/2 status=429 0.090s url=https://www.myfonts.com/collections/the-grateful-party-font-sloulyfe-studio/
[2026-06-09T09:59:50Z] max_retries_exhausted url=https://www.myfonts.com/collections/the-grateful-party-font-sloulyfe-studio/
[2026-06-09T09:59:51Z] #73 attempt=1/2 status=404 0.235s url=https://www.myfonts.com/collections/regular-the-grateful-party-1164573-font-sloulyfe-studio
[2026-06-09T09:59:51Z] #74 attempt=1/2 status=200 0.282s url=https://www.myfonts.com/products/regular-koralline-1164605
[2026-06-09T09:59:51Z] #75 attempt=1/2 status=429 0.032s url=https://www.myfonts.com/collections/koralline-font-vadova-std/
[2026-06-09T09:59:54Z] #76 attempt=2/2 status=429 0.085s url=https://www.myfonts.com/collections/koralline-font-vadova-std/
[2026-06-09T09:59:59Z] max_retries_exhausted url=https://www.myfonts.com/collections/koralline-font-vadova-std/
[2026-06-09T09:59:59Z] #77 attempt=1/2 status=404 0.217s url=https://www.myfonts.com/collections/regular-koralline-1164605-font-vadova-std
[2026-06-09T09:59:59Z] #78 attempt=1/2 status=429 0.053s url=https://www.myfonts.com/products/regular-suerda-1164602
[2026-06-09T10:00:02Z] #79 attempt=2/2 status=200 0.372s url=https://www.myfonts.com/products/regular-suerda-1164602
[2026-06-09T10:00:03Z] #80 attempt=1/2 status=200 0.319s url=https://www.myfonts.com/collections/suerda-font-olivetype/
[2026-06-09T10:00:03Z] #81 attempt=1/2 status=200 0.291s url=https://www.myfonts.com/products/regular-monside-1164600
[2026-06-09T10:00:04Z] #82 attempt=1/2 status=200 0.328s url=https://www.myfonts.com/collections/monside-font-jaruka-creative/
[2026-06-09T10:00:04Z] #83 attempt=1/2 status=200 0.337s url=https://www.myfonts.com/products/regular-tzuyuha-1164606
[2026-06-09T10:00:05Z] #84 attempt=1/2 status=200 0.283s url=https://www.myfonts.com/collections/tzuyuha-font-vadova-std/
[2026-06-09T10:00:05Z] #85 attempt=1/2 status=429 0.031s url=https://www.myfonts.com/products/regular-xeonic-1164601
[2026-06-09T10:00:08Z] #86 attempt=2/2 status=200 0.302s url=https://www.myfonts.com/products/regular-xeonic-1164601
[2026-06-09T10:00:08Z] #87 attempt=1/2 status=200 0.276s url=https://www.myfonts.com/collections/xeonic-font-pekotype/
[2026-06-09T10:00:09Z] #88 attempt=1/2 status=200 0.282s url=https://www.myfonts.com/products/regular-manhaj-1164603
[2026-06-09T10:00:09Z] #89 attempt=1/2 status=200 0.311s url=https://www.myfonts.com/collections/manhaj-font-jaruka-creative/
[2026-06-09T10:00:10Z] #90 attempt=1/2 status=200 0.298s url=https://www.myfonts.com/products/regular-deadbone-1164612
[2026-06-09T10:00:10Z] #91 attempt=1/2 status=429 0.037s url=https://www.myfonts.com/collections/deadbone-font-vadova-std/
[2026-06-09T10:00:13Z] #92 attempt=2/2 status=200 0.274s url=https://www.myfonts.com/collections/deadbone-font-vadova-std/
[2026-06-09T10:00:13Z] #93 attempt=1/2 status=200 0.276s url=https://www.myfonts.com/products/regular-rosemeu-1164604
[2026-06-09T10:00:14Z] #94 attempt=1/2 status=200 0.306s url=https://www.myfonts.com/collections/rosemeu-font-vadova-std/
[2026-06-09T10:00:14Z] #95 attempt=1/2 status=200 0.286s url=https://www.myfonts.com/products/regular-cybernex-1164611
[2026-06-09T10:00:14Z] #96 attempt=1/2 status=429 0.031s url=https://www.myfonts.com/collections/cybernex-font-vadova-std/
[2026-06-09T10:00:17Z] #97 attempt=2/2 status=200 0.303s url=https://www.myfonts.com/collections/cybernex-font-vadova-std/
[2026-06-09T10:00:18Z] #98 attempt=1/2 status=200 0.374s url=https://www.myfonts.com/products/regular-arcade-byte-1164614
[2026-06-09T10:00:18Z] #99 attempt=1/2 status=200 0.364s url=https://www.myfonts.com/collections/arcade-byte-font-shanaf/
[2026-06-09T10:00:19Z] #100 attempt=1/2 status=200 0.341s url=https://www.myfonts.com/products/variable-easy-flex-1104925
[2026-06-09T10:00:19Z] #101 attempt=1/2 status=200 0.260s url=https://www.myfonts.com/collections/easy-flex-font-lhs-yg/
[2026-06-09T10:00:20Z] #102 attempt=1/2 status=200 0.339s url=https://www.myfonts.com/products/regular-belorient-1164609
[2026-06-09T10:00:20Z] #103 attempt=1/2 status=429 0.035s url=https://www.myfonts.com/collections/belorient-font-vadova-std/
[2026-06-09T10:00:23Z] #104 attempt=2/2 status=200 0.310s url=https://www.myfonts.com/collections/belorient-font-vadova-std/
[2026-06-09T10:00:23Z] #105 attempt=1/2 status=200 0.293s url=https://www.myfonts.com/products/regular-broken-rivet-1164615
[2026-06-09T10:00:24Z] #106 attempt=1/2 status=200 0.296s url=https://www.myfonts.com/collections/broken-rivet-font-shanaf/
[2026-06-09T10:00:24Z] #107 attempt=1/2 status=200 0.304s url=https://www.myfonts.com/products/regular-hanggara-1164608
[2026-06-09T10:00:25Z] #108 attempt=1/2 status=200 0.292s url=https://www.myfonts.com/collections/hanggara-font-vadova-std/
[2026-06-09T10:00:25Z] #109 attempt=1/2 status=429 0.048s url=https://www.myfonts.com/products/regular-azlamirza-1164613
[2026-06-09T10:00:28Z] #110 attempt=2/2 status=200 0.324s url=https://www.myfonts.com/products/regular-azlamirza-1164613
[2026-06-09T10:00:28Z] #111 attempt=1/2 status=200 0.260s url=https://www.myfonts.com/collections/azlamirza-font-flawlessandco/
[2026-06-09T10:00:29Z] #112 attempt=1/2 status=200 0.246s url=https://www.myfonts.com/products/regular-dahaga-1164607
[2026-06-09T10:00:29Z] #113 attempt=1/2 status=200 0.254s url=https://www.myfonts.com/collections/dahaga-font-vadova-std/
[2026-06-09T10:00:30Z] #114 attempt=1/2 status=200 0.263s url=https://www.myfonts.com/products/regular-fugazi-1164595
[2026-06-09T10:00:30Z] #115 attempt=1/2 status=429 0.035s url=https://www.myfonts.com/collections/fugazi-font-karajan-type-foundry/
[2026-06-09T10:00:33Z] #116 attempt=2/2 status=200 0.312s url=https://www.myfonts.com/collections/fugazi-font-karajan-type-foundry/
[2026-06-09T10:00:33Z] #117 attempt=1/2 status=200 0.413s url=https://www.myfonts.com/products/regular-danyelle-1164610
[2026-06-09T10:00:34Z] #118 attempt=1/2 status=200 0.313s url=https://www.myfonts.com/collections/danyelle-font-vadova-std/
[2026-06-09T10:00:34Z] #119 attempt=1/2 status=200 0.325s url=https://www.myfonts.com/products/personal-vogue-complete-family-package-1164482
[2026-06-09T10:00:35Z] #120 attempt=1/2 status=200 0.447s url=https://www.myfonts.com/collections/personal-vogue-font-auliart-studio/
[2026-06-09T10:00:35Z] #121 attempt=1/2 status=429 0.029s url=https://www.myfonts.com/products/crote-complete-family-package-1164507
[2026-06-09T10:00:38Z] #122 attempt=2/2 status=200 0.418s url=https://www.myfonts.com/products/crote-complete-family-package-1164507
[2026-06-09T10:00:39Z] #123 attempt=1/2 status=200 0.350s url=https://www.myfonts.com/collections/crote-font-ragamkata/
[2026-06-09T10:00:39Z] #124 attempt=1/2 status=200 0.367s url=https://www.myfonts.com/products/regular-and-bold-package-1164025
[2026-06-09T10:00:40Z] #125 attempt=1/2 status=200 0.812s url=https://www.myfonts.com/collections/textaus-font-anfound-type/
[2026-06-09T10:00:41Z] #126 attempt=1/2 status=200 0.286s url=https://www.myfonts.com/products/hajikah-complete-family-package-1164496
[2026-06-09T10:00:41Z] #127 attempt=1/2 status=200 0.378s url=https://www.myfonts.com/collections/hajikah-font-margi-studio/
[2026-06-09T10:00:42Z] #128 attempt=1/2 status=200 0.307s url=https://www.myfonts.com/products/monar-complete-family-package-1164225
[2026-06-09T10:00:42Z] #129 attempt=1/2 status=429 0.029s url=https://www.myfonts.com/collections/monar-font-afkari-studio/
[2026-06-09T10:00:45Z] #130 attempt=2/2 status=200 0.603s url=https://www.myfonts.com/collections/monar-font-afkari-studio/
[2026-06-09T10:00:46Z] #131 attempt=1/2 status=200 0.464s url=https://www.myfonts.com/products/dargon-complete-family-package-1164050
[2026-06-09T10:00:47Z] #132 attempt=1/2 status=200 0.396s url=https://www.myfonts.com/collections/dargon-font-type-together/
[2026-06-09T10:00:47Z] #133 attempt=1/2 status=200 0.315s url=https://www.myfonts.com/products/amaia-complete-family-package-1164479
[2026-06-09T10:00:48Z] #134 attempt=1/2 status=200 0.402s url=https://www.myfonts.com/collections/amaia-font-divora-type/
[2026-06-09T10:00:48Z] #135 attempt=1/2 status=200 0.319s url=https://www.myfonts.com/products/the-velmira-serif-simple-complete-family-package-1164448
[2026-06-09T10:00:49Z] #136 attempt=1/2 status=200 0.742s url=https://www.myfonts.com/collections/the-velmira-serif-simple-font-slex-studio/
[2026-06-09T10:00:50Z] #137 attempt=1/2 status=200 0.368s url=https://www.myfonts.com/products/ragonte-complete-family-package-1164239
[2026-06-09T10:00:50Z] #138 attempt=1/2 status=429 0.041s url=https://www.myfonts.com/collections/ragonte-font-vermilione/
[2026-06-09T10:00:53Z] #139 attempt=2/2 status=200 0.396s url=https://www.myfonts.com/collections/ragonte-font-vermilione/
[2026-06-09T10:00:54Z] #140 attempt=1/2 status=200 0.613s url=https://www.myfonts.com/products/cornella-complete-family-package-1164196
[2026-06-09T10:00:55Z] #141 attempt=1/2 status=200 0.763s url=https://www.myfonts.com/collections/cornella-font-slex-studio/
[2026-06-09T10:00:56Z] #142 attempt=1/2 status=200 0.341s url=https://www.myfonts.com/products/whip-crema-complete-family-package-1164266
[2026-06-09T10:00:56Z] #143 attempt=1/2 status=200 0.427s url=https://www.myfonts.com/collections/whip-crema-font-letterytz/
[2026-06-09T10:00:57Z] #144 attempt=1/2 status=200 0.448s url=https://www.myfonts.com/products/runzoe-complete-family-package-1164489
[2026-06-09T10:00:58Z] #145 attempt=1/2 status=200 0.529s url=https://www.myfonts.com/collections/runzoe-font-afkari-studio/
[2026-06-09T10:00:58Z] #146 attempt=1/2 status=200 0.330s url=https://www.myfonts.com/products/cheeser-complete-family-package-1164492
[2026-06-09T10:00:59Z] #147 attempt=1/2 status=200 0.399s url=https://www.myfonts.com/collections/cheeser-font-casloop-studio/
[2026-06-09T10:00:59Z] #148 attempt=1/2 status=429 0.032s url=https://www.myfonts.com/products/regular-bold-and-black-package-1164551
[2026-06-09T10:01:02Z] #149 attempt=2/2 status=200 0.358s url=https://www.myfonts.com/products/regular-bold-and-black-package-1164551
[2026-06-09T10:01:03Z] #150 attempt=1/2 status=200 0.471s url=https://www.myfonts.com/collections/glique-font-fitrah-type/
[2026-06-09T10:01:03Z] #151 attempt=1/2 status=200 0.464s url=https://www.myfonts.com/products/athelya-complete-family-package-1164511
[2026-06-09T10:01:04Z] #152 attempt=1/2 status=200 0.369s url=https://www.myfonts.com/collections/athelya-font-ragamkata/
[2026-06-09T10:01:05Z] #153 attempt=1/2 status=200 0.312s url=https://www.myfonts.com/products/void-stamp-complete-family-package-1164261
[2026-06-09T10:01:05Z] #154 attempt=1/2 status=200 0.420s url=https://www.myfonts.com/collections/void-stamp-font-atom/
[2026-06-09T10:01:05Z] #155 attempt=1/2 status=429 0.036s url=https://www.myfonts.com/products/netizen-complete-family-package-1164485
[2026-06-09T10:01:08Z] #156 attempt=2/2 status=200 0.443s url=https://www.myfonts.com/products/netizen-complete-family-package-1164485
[2026-06-09T10:01:09Z] #157 attempt=1/2 status=200 0.445s url=https://www.myfonts.com/collections/netizen-font-cocodesign/
[2026-06-09T10:01:09Z] #158 attempt=1/2 status=200 0.315s url=https://www.myfonts.com/products/velmora-sketch-complete-family-package-1164476
[2026-06-09T10:01:10Z] #159 attempt=1/2 status=200 0.381s url=https://www.myfonts.com/collections/velmora-sketch-font-mei-suseno/
[2026-06-09T10:01:12Z] #160 attempt=1/2 status=200 1.445s url=https://www.myfonts.com/products/soft-package-1163936
[2026-06-09T10:01:14Z] #161 attempt=1/2 status=200 2.322s url=https://www.myfonts.com/collections/obigart-font-rastype-studio/
[2026-06-09T10:01:16Z] #162 attempt=1/2 status=200 0.398s url=https://www.myfonts.com/products/brahma-complete-family-package-1164515
[2026-06-09T10:01:17Z] #163 attempt=1/2 status=200 0.940s url=https://www.myfonts.com/collections/brahma-font-tall-chai/
[2026-06-09T10:01:18Z] #164 attempt=1/2 status=200 0.396s url=https://www.myfonts.com/products/chunky-chaos-complete-family-package-1164233
[2026-06-09T10:01:18Z] #165 attempt=1/2 status=200 0.451s url=https://www.myfonts.com/collections/chunky-chaos-font-cocodesign/
[2026-06-09T10:01:20Z] #166 attempt=1/2 status=200 1.091s url=https://www.myfonts.com/products/essential-script-font-bundle-package-1163690
[2026-06-09T10:01:20Z] #167 attempt=1/2 status=404 0.279s url=https://www.myfonts.com/collections/essential-script-font-bundle-font-gilar-studio
[2026-06-09T10:01:22Z] #168 attempt=1/2 status=200 1.639s url=https://www.myfonts.com/products/evoritha-complete-family-package-1164269
[2026-06-09T10:01:24Z] #169 attempt=1/2 status=200 1.677s url=https://www.myfonts.com/collections/evoritha-font-propertype/
[2026-06-09T10:01:25Z] #170 attempt=1/2 status=200 0.504s url=https://www.myfonts.com/products/mn-caviere-complete-family-package-1164228
[2026-06-09T10:01:26Z] #171 attempt=1/2 status=200 0.490s url=https://www.myfonts.com/collections/mn-caviere-font-mantra-naga-studio/
[2026-06-09T10:01:27Z] #172 attempt=1/2 status=200 0.410s url=https://www.myfonts.com/products/lakhu-complete-family-package-1164501
[2026-06-09T10:01:28Z] #173 attempt=1/2 status=200 0.506s url=https://www.myfonts.com/collections/lakhu-font-fernande/
[2026-06-09T10:01:29Z] #174 attempt=1/2 status=200 1.118s url=https://www.myfonts.com/products/hattrick-complete-family-package-1164085
[2026-06-09T10:01:30Z] #175 attempt=1/2 status=200 1.177s url=https://www.myfonts.com/collections/hattrick-font-without-foundry/
[2026-06-09T10:01:31Z] #176 attempt=1/2 status=200 0.346s url=https://www.myfonts.com/products/yordola-complete-family-package-1164249
[2026-06-09T10:01:32Z] #177 attempt=1/2 status=200 0.438s url=https://www.myfonts.com/collections/yordola-font-outerend/
[2026-06-09T10:01:33Z] #178 attempt=1/2 status=200 0.322s url=https://www.myfonts.com/products/funker-complete-family-package-1164242
[2026-06-09T10:01:33Z] #179 attempt=1/2 status=200 0.494s url=https://www.myfonts.com/collections/funker-font-goodwheel-studio/
[2026-06-09T10:01:34Z] #180 attempt=1/2 status=200 0.326s url=https://www.myfonts.com/products/regular-belfrage-1164500
[2026-06-09T10:01:34Z] #181 attempt=1/2 status=200 0.300s url=https://www.myfonts.com/collections/belfrage-font-limitype/
[2026-06-09T10:01:35Z] #182 attempt=1/2 status=200 0.348s url=https://www.myfonts.com/products/regular-navilon-1164475
[2026-06-09T10:01:36Z] #183 attempt=1/2 status=200 0.260s url=https://www.myfonts.com/collections/navilon-font-rahagita-type/
[2026-06-09T10:01:37Z] #184 attempt=1/6 status=200 0.836s url=https://www.myfonts.com/products.json?limit=100&page=3
[2026-06-09T10:01:38Z] #185 attempt=1/2 status=200 0.245s url=https://www.myfonts.com/products/tharwatemara-regular-te-seravera2-1164224
[2026-06-09T10:01:38Z] #186 attempt=1/2 status=200 0.265s url=https://www.myfonts.com/collections/te-seravera2-font-tharwat-emara/
[2026-06-09T10:01:39Z] #187 attempt=1/2 status=200 0.310s url=https://www.myfonts.com/products/regular-summer-dreamer-1164446
[2026-06-09T10:01:39Z] #188 attempt=1/2 status=200 0.272s url=https://www.myfonts.com/collections/summer-dreamer-font-seemly-fonts/
[2026-06-09T10:01:40Z] #189 attempt=1/2 status=200 0.315s url=https://www.myfonts.com/products/sizek-pro-stencil-variable-sizek-pro-stencil-variable-1164049
[2026-06-09T10:01:40Z] #190 attempt=1/2 status=200 0.244s url=https://www.myfonts.com/collections/sizek-pro-stencil-variable-font-blaze-type/
[2026-06-09T10:01:40Z] #191 attempt=1/2 status=429 0.036s url=https://www.myfonts.com/products/regular-medieval-1164017
[2026-06-09T10:01:43Z] #192 attempt=2/2 status=200 0.308s url=https://www.myfonts.com/products/regular-medieval-1164017
[2026-06-09T10:01:43Z] #193 attempt=1/2 status=200 0.243s url=https://www.myfonts.com/collections/medieval-font-blaze-type/
[2026-06-09T10:01:44Z] #194 attempt=1/2 status=200 0.272s url=https://www.myfonts.com/products/regular-gablues-1164505
[2026-06-09T10:01:44Z] #195 attempt=1/2 status=200 0.247s url=https://www.myfonts.com/collections/gablues-font-hasnat-studio/
[2026-06-09T10:01:46Z] #196 attempt=1/6 status=200 0.742s url=https://www.myfonts.com/products.json?limit=100&page=4
[2026-06-09T10:01:46Z] #197 attempt=1/2 status=200 0.276s url=https://www.myfonts.com/products/regular-dreince-1164232
[2026-06-09T10:01:47Z] #198 attempt=1/2 status=200 0.280s url=https://www.myfonts.com/collections/dreince-font-bentype/
[2026-06-09T10:01:47Z] #199 attempt=1/2 status=429 0.032s url=https://www.myfonts.com/products/lemert-morlet-regular-mc-lemert-morlet-1164223
[2026-06-09T10:01:50Z] #200 attempt=2/2 status=200 0.290s url=https://www.myfonts.com/products/lemert-morlet-regular-mc-lemert-morlet-1164223
[2026-06-09T10:01:50Z] #201 attempt=1/2 status=200 0.308s url=https://www.myfonts.com/collections/mc-lemert-morlet-font-maulana-creative/
[2026-06-09T10:01:51Z] #202 attempt=1/2 status=200 0.365s url=https://www.myfonts.com/products/regular-kabdop-1164510
[2026-06-09T10:01:51Z] #203 attempt=1/2 status=200 0.249s url=https://www.myfonts.com/collections/kabdop-font-hasnat-studio/
[2026-06-09T10:01:53Z] #204 attempt=1/6 status=200 0.726s url=https://www.myfonts.com/products.json?limit=100&page=5
[2026-06-09T10:01:53Z] #205 attempt=1/2 status=200 0.273s url=https://www.myfonts.com/products/regular-almuerzo-1164248
[2026-06-09T10:01:53Z] #206 attempt=1/2 status=429 0.028s url=https://www.myfonts.com/collections/almuerzo-font-dirty-bandits/
[2026-06-09T10:01:56Z] #207 attempt=2/2 status=200 0.440s url=https://www.myfonts.com/collections/almuerzo-font-dirty-bandits/
[2026-06-09T10:01:57Z] #208 attempt=1/2 status=200 0.352s url=https://www.myfonts.com/products/bisked-regular-bisked-1164238
[2026-06-09T10:01:57Z] #209 attempt=1/2 status=200 0.285s url=https://www.myfonts.com/collections/bisked-font-marvadesign/
[2026-06-09T10:01:58Z] #210 attempt=1/2 status=200 0.331s url=https://www.myfonts.com/products/regular-bagle-1164265
[2026-06-09T10:01:58Z] #211 attempt=1/2 status=200 0.258s url=https://www.myfonts.com/collections/bagle-font-goodwheel-studio/
[2026-06-09T10:01:59Z] #212 attempt=1/2 status=200 0.268s url=https://www.myfonts.com/products/regular-gyatho-1164237
[2026-06-09T10:01:59Z] #213 attempt=1/2 status=429 0.036s url=https://www.myfonts.com/collections/gyatho-font-bentype/
[2026-06-09T10:02:02Z] #214 attempt=2/2 status=200 0.340s url=https://www.myfonts.com/collections/gyatho-font-bentype/
[2026-06-09T10:02:02Z] #215 attempt=1/2 status=200 0.275s url=https://www.myfonts.com/products/minthy-thelex-minthy-1164251
[2026-06-09T10:02:03Z] #216 attempt=1/2 status=200 0.252s url=https://www.myfonts.com/collections/thelex-minthy-font-rivian/
[2026-06-09T10:02:03Z] #217 attempt=1/2 status=200 0.310s url=https://www.myfonts.com/products/regular-portalismo-1164499
[2026-06-09T10:02:04Z] #218 attempt=1/2 status=429 0.114s url=https://www.myfonts.com/collections/portalismo-font-yeen-studio/
[2026-06-09T10:02:06Z] #219 attempt=2/2 status=200 0.330s url=https://www.myfonts.com/collections/portalismo-font-yeen-studio/
[2026-06-09T10:02:07Z] #220 attempt=1/2 status=200 0.314s url=https://www.myfonts.com/products/regular-gensiva-1164495
[2026-06-09T10:02:07Z] #221 attempt=1/2 status=200 0.240s url=https://www.myfonts.com/collections/gensiva-font-solutype/
[2026-06-09T10:02:08Z] #222 attempt=1/2 status=200 0.268s url=https://www.myfonts.com/products/regular-dough-nougat-1164504
[2026-06-09T10:02:08Z] #223 attempt=1/2 status=200 0.242s url=https://www.myfonts.com/collections/dough-nougat-font-modikstype/
[2026-06-09T10:02:10Z] #224 attempt=1/6 status=200 0.844s url=https://www.myfonts.com/products.json?limit=100&page=6
[2026-06-09T10:02:10Z] #225 attempt=1/2 status=200 0.373s url=https://www.myfonts.com/products/regular-raquam-1164514
[2026-06-09T10:02:10Z] #226 attempt=1/2 status=429 0.029s url=https://www.myfonts.com/collections/raquam-font-hasnat-studio/
[2026-06-09T10:02:13Z] #227 attempt=2/2 status=200 0.334s url=https://www.myfonts.com/collections/raquam-font-hasnat-studio/
[2026-06-09T10:02:14Z] #228 attempt=1/2 status=200 0.296s url=https://www.myfonts.com/products/regular-ironspur-guild-1164247
[2026-06-09T10:02:14Z] #229 attempt=1/2 status=200 0.282s url=https://www.myfonts.com/collections/ironspur-guild-font-mei-suseno/
[2026-06-09T10:02:15Z] #230 attempt=1/2 status=200 0.299s url=https://www.myfonts.com/products/regular-moxluq-1164506
[2026-06-09T10:02:15Z] #231 attempt=1/2 status=200 0.330s url=https://www.myfonts.com/collections/moxluq-font-hasnat-studio/
[2026-06-09T10:02:15Z] #232 attempt=1/2 status=429 0.030s url=https://www.myfonts.com/products/regular-bumgreks-signature-1164447
[2026-06-09T10:02:18Z] #233 attempt=2/2 status=200 0.345s url=https://www.myfonts.com/products/regular-bumgreks-signature-1164447
[2026-06-09T10:02:19Z] #234 attempt=1/2 status=200 0.346s url=https://www.myfonts.com/collections/bumgreks-signature-font-sealoung/
[2026-06-09T10:02:20Z] #235 attempt=1/6 status=200 0.855s url=https://www.myfonts.com/products.json?limit=100&page=7
[2026-06-09T10:02:21Z] #236 attempt=1/2 status=200 0.312s url=https://www.myfonts.com/products/simple-brushted-complete-family-package-1156661
[2026-06-09T10:02:21Z] #237 attempt=1/2 status=200 0.401s url=https://www.myfonts.com/collections/simple-brushted-font-tertoecreative/
[2026-06-09T10:02:22Z] #238 attempt=1/2 status=200 0.444s url=https://www.myfonts.com/products/aurisma-complete-family-package-1160447
[2026-06-09T10:02:23Z] #239 attempt=1/2 status=200 0.472s url=https://www.myfonts.com/collections/aurisma-font-artisticandunique/
[2026-06-09T10:02:23Z] #240 attempt=1/2 status=200 0.429s url=https://www.myfonts.com/products/jenaka-complete-family-package-1157572
[2026-06-09T10:02:24Z] #241 attempt=1/2 status=200 0.375s url=https://www.myfonts.com/collections/jenaka-font-tini-fitriani/
[2026-06-09T10:02:24Z] #242 attempt=1/2 status=429 0.113s url=https://www.myfonts.com/products/regular-charite-atelier-1148904
[2026-06-09T10:02:27Z] #243 attempt=2/2 status=200 0.312s url=https://www.myfonts.com/products/regular-charite-atelier-1148904
[2026-06-09T10:02:27Z] #244 attempt=1/2 status=200 0.248s url=https://www.myfonts.com/collections/charite-atelier-font-heinzel-std/
[2026-06-09T10:02:28Z] #245 attempt=1/2 status=200 0.358s url=https://www.myfonts.com/products/regular-snettisham-1156628
[2026-06-09T10:02:29Z] #246 attempt=1/2 status=200 0.341s url=https://www.myfonts.com/collections/snettisham-font-four-lines-std/
[2026-06-09T10:02:29Z] #247 attempt=1/2 status=200 0.333s url=https://www.myfonts.com/products/regular-analog-flow-1156627
[2026-06-09T10:02:29Z] #248 attempt=1/2 status=429 0.036s url=https://www.myfonts.com/collections/analog-flow-font-inviline/
[2026-06-09T10:02:32Z] #249 attempt=2/2 status=200 0.299s url=https://www.myfonts.com/collections/analog-flow-font-inviline/
[2026-06-09T10:02:33Z] #250 attempt=1/2 status=200 0.243s url=https://www.myfonts.com/products/regular-te-hafs2-tharwat-emara2-1012045
[2026-06-09T10:02:33Z] #251 attempt=1/2 status=200 0.289s url=https://www.myfonts.com/collections/te-hafs2-tharwat-emara2-font-tharwat-emara/
[2026-06-09T10:02:35Z] #252 attempt=1/2 status=200 1.660s url=https://www.myfonts.com/products/sharp-package-1163937
[2026-06-09T10:02:37Z] #253 attempt=1/2 status=200 2.157s url=https://www.myfonts.com/collections/brigife-font-rastype-studio/
[2026-06-09T10:02:39Z] #254 attempt=1/2 status=200 0.403s url=https://www.myfonts.com/products/thin-italic-ingrida-1125785
[2026-06-09T10:02:39Z] #255 attempt=1/2 status=200 0.375s url=https://www.myfonts.com/collections/ingrida-font-fontastica/
[2026-06-09T10:02:40Z] #256 attempt=1/2 status=200 0.270s url=https://www.myfonts.com/products/regular-hektos-1122769
[2026-06-09T10:02:41Z] #257 attempt=1/2 status=200 0.294s url=https://www.myfonts.com/collections/hektos-font-typogama/
[2026-06-09T10:02:42Z] #258 attempt=1/2 status=200 0.947s url=https://www.myfonts.com/products/anzone-glyph-ultimate-creative-and-corporate-bundle-package-1164016
[2026-06-09T10:02:42Z] #259 attempt=1/2 status=404 0.178s url=https://www.myfonts.com/collections/anzone-glyph-ultimate-creative-and-corporate-bundle-font-anzone-glyph
[2026-06-09T10:02:43Z] #260 attempt=1/2 status=200 0.326s url=https://www.myfonts.com/products/tailyona-complete-family-package-1163641
[2026-06-09T10:02:43Z] #261 attempt=1/2 status=200 0.336s url=https://www.myfonts.com/collections/tailyona-font-burntilldead/
[2026-06-09T10:02:44Z] #262 attempt=1/2 status=200 0.412s url=https://www.myfonts.com/products/barkins-complete-family-package-1163546
[2026-06-09T10:02:45Z] #263 attempt=1/2 status=200 0.639s url=https://www.myfonts.com/collections/barkins-font-typeberry/
[2026-06-09T10:02:46Z] #264 attempt=1/2 status=200 0.522s url=https://www.myfonts.com/products/contrast-package-1163600
[2026-06-09T10:02:47Z] #265 attempt=1/2 status=200 0.707s url=https://www.myfonts.com/collections/flame-tower-font-panakotype/
[2026-06-09T10:02:47Z] #266 attempt=1/2 status=200 0.331s url=https://www.myfonts.com/products/chimera-paradiso-complete-family-package-1163617
[2026-06-09T10:02:48Z] #267 attempt=1/2 status=200 0.413s url=https://www.myfonts.com/collections/chimera-paradiso-font-letterytz/
[2026-06-09T10:02:48Z] #268 attempt=1/2 status=429 0.032s url=https://www.myfonts.com/products/saigon-the-basics-package-1163510
[2026-06-09T10:02:51Z] #269 attempt=2/2 status=200 0.447s url=https://www.myfonts.com/products/saigon-the-basics-package-1163510
[2026-06-09T10:02:52Z] #270 attempt=1/2 status=200 0.566s url=https://www.myfonts.com/collections/saigon-font-the-paper-town/
[2026-06-09T10:02:52Z] #271 attempt=1/2 status=200 0.404s url=https://www.myfonts.com/products/havenite-complete-family-package-1163616
[2026-06-09T10:02:53Z] #272 attempt=1/2 status=200 0.491s url=https://www.myfonts.com/collections/havenite-font-din-studio/
[2026-06-09T10:02:54Z] #273 attempt=1/2 status=200 0.329s url=https://www.myfonts.com/products/calm-complete-family-package-1163567
[2026-06-09T10:02:55Z] #274 attempt=1/2 status=200 0.436s url=https://www.myfonts.com/collections/calm-font-krismagraph/
[2026-06-09T10:02:55Z] #275 attempt=1/2 status=200 0.556s url=https://www.myfonts.com/products/beth-alt-family-package-1161583
[2026-06-09T10:02:56Z] #276 attempt=1/2 status=200 0.413s url=https://www.myfonts.com/collections/beth-font-latinotype/
[2026-06-09T10:02:56Z] #277 attempt=1/2 status=429 0.030s url=https://www.myfonts.com/products/goudy-modern-now-variable-complete-family-package-1163662
[2026-06-09T10:02:59Z] #278 attempt=2/2 status=200 0.409s url=https://www.myfonts.com/products/goudy-modern-now-variable-complete-family-package-1163662
[2026-06-09T10:03:00Z] #279 attempt=1/2 status=200 0.327s url=https://www.myfonts.com/collections/goudy-modern-now-variable-font-monotype-imaging/
[2026-06-09T10:03:00Z] #280 attempt=1/2 status=200 0.344s url=https://www.myfonts.com/products/fundatio-complete-family-package-1163559
[2026-06-09T10:03:01Z] #281 attempt=1/2 status=200 0.391s url=https://www.myfonts.com/collections/fundatio-font-fidan-fonts/
[2026-06-09T10:03:01Z] #282 attempt=1/2 status=200 0.334s url=https://www.myfonts.com/products/goudy-modern-now-open-complete-family-package-1163649
[2026-06-09T10:03:02Z] #283 attempt=1/2 status=200 0.792s url=https://www.myfonts.com/collections/goudy-modern-now-open-font-monotype-imaging/
[2026-06-09T10:03:03Z] #284 attempt=1/2 status=200 0.448s url=https://www.myfonts.com/products/floreon-complete-family-package-1163605
[2026-06-09T10:03:03Z] #285 attempt=1/2 status=429 0.032s url=https://www.myfonts.com/collections/floreon-font-sensatype-studio/
[2026-06-09T10:03:06Z] #286 attempt=2/2 status=200 0.434s url=https://www.myfonts.com/collections/floreon-font-sensatype-studio/
[2026-06-09T10:03:07Z] #287 attempt=1/2 status=200 0.376s url=https://www.myfonts.com/products/mocktails-sunday-complete-family-package-1163646
[2026-06-09T10:03:07Z] #288 attempt=1/2 status=200 0.419s url=https://www.myfonts.com/collections/mocktails-sunday-font-agny-hasya-studio/
[2026-06-09T10:03:08Z] #289 attempt=1/2 status=200 0.392s url=https://www.myfonts.com/products/sanita-yughi-complete-family-package-1163602
[2026-06-09T10:03:09Z] #290 attempt=1/2 status=200 0.406s url=https://www.myfonts.com/collections/sanita-yughi-font-letterena-studios/
[2026-06-09T10:03:10Z] #291 attempt=1/6 status=200 0.881s url=https://www.myfonts.com/products.json?limit=100&page=8
[2026-06-09T10:03:11Z] #292 attempt=1/2 status=200 0.319s url=https://www.myfonts.com/products/regular-bedbag-1163580
[2026-06-09T10:03:11Z] #293 attempt=1/2 status=200 0.334s url=https://www.myfonts.com/collections/bedbag-font-rasio-studio/
[2026-06-09T10:03:12Z] #294 attempt=1/2 status=429 0.035s url=https://www.myfonts.com/products/regular-roslane-1163578
[2026-06-09T10:03:14Z] #295 attempt=2/2 status=200 0.282s url=https://www.myfonts.com/products/regular-roslane-1163578
[2026-06-09T10:03:15Z] #296 attempt=1/2 status=200 0.359s url=https://www.myfonts.com/collections/roslane-font-krismagraph/
[2026-06-09T10:03:16Z] #297 attempt=1/2 status=200 0.613s url=https://www.myfonts.com/products/regular-gary-1163601
[2026-06-09T10:03:16Z] #298 attempt=1/2 status=200 0.228s url=https://www.myfonts.com/collections/gary-font-zaain-type/
[2026-06-09T10:03:17Z] #299 attempt=1/2 status=200 0.412s url=https://www.myfonts.com/products/regular-stroomy-1163545
[2026-06-09T10:03:17Z] #300 attempt=1/2 status=429 0.030s url=https://www.myfonts.com/collections/stroomy-font-sensatype-studio/
[2026-06-09T10:03:20Z] #301 attempt=2/2 status=200 0.269s url=https://www.myfonts.com/collections/stroomy-font-sensatype-studio/
[2026-06-09T10:03:20Z] #302 attempt=1/2 status=200 0.368s url=https://www.myfonts.com/products/regular-asgraph-1163644
[2026-06-09T10:03:21Z] #303 attempt=1/2 status=200 0.278s url=https://www.myfonts.com/collections/asgraph-font-syntype/
[2026-06-09T10:03:21Z] #304 attempt=1/2 status=200 0.426s url=https://www.myfonts.com/products/regular-birthday-calligraphy-1163645
[2026-06-09T10:03:22Z] #305 attempt=1/2 status=200 0.304s url=https://www.myfonts.com/collections/birthday-calligraphy-font-tertoecreative/
[2026-06-09T10:03:22Z] #306 attempt=1/2 status=429 0.029s url=https://www.myfonts.com/products/temur-amorak-regular-mc-temur-amorak-1163566
[2026-06-09T10:03:25Z] #307 attempt=2/2 status=200 0.349s url=https://www.myfonts.com/products/temur-amorak-regular-mc-temur-amorak-1163566
[2026-06-09T10:03:25Z] #308 attempt=1/2 status=200 0.245s url=https://www.myfonts.com/collections/mc-temur-amorak-font-maulana-creative/
[2026-06-09T10:03:26Z] #309 attempt=1/2 status=200 0.313s url=https://www.myfonts.com/products/bold-barkins-variable-1163565
[2026-06-09T10:03:26Z] #310 attempt=1/2 status=200 0.284s url=https://www.myfonts.com/collections/barkins-variable-font-typeberry/
[2026-06-09T10:03:27Z] #311 attempt=1/2 status=200 0.314s url=https://www.myfonts.com/products/regular-myten-years-1163640
[2026-06-09T10:03:27Z] #312 attempt=1/2 status=429 0.041s url=https://www.myfonts.com/collections/myten-years-font-tini-fitriani/
[2026-06-09T10:03:30Z] #313 attempt=2/2 status=200 0.286s url=https://www.myfonts.com/collections/myten-years-font-tini-fitriani/
[2026-06-09T10:03:30Z] #314 attempt=1/2 status=200 0.248s url=https://www.myfonts.com/products/decorative-sellmalpen-1163615
[2026-06-09T10:03:31Z] #315 attempt=1/2 status=200 0.229s url=https://www.myfonts.com/collections/sellmalpen-font-mei-suseno/
[2026-06-09T10:03:31Z] #316 attempt=1/2 status=200 0.289s url=https://www.myfonts.com/products/regular-beatina-1163614
[2026-06-09T10:03:31Z] #317 attempt=1/2 status=429 0.031s url=https://www.myfonts.com/collections/beatina-font-basnistudio/
[2026-06-09T10:03:34Z] #318 attempt=2/2 status=200 0.317s url=https://www.myfonts.com/collections/beatina-font-basnistudio/
[2026-06-09T10:03:35Z] #319 attempt=1/2 status=200 0.353s url=https://www.myfonts.com/products/regular-gragle-1163613
[2026-06-09T10:03:35Z] #320 attempt=1/2 status=200 0.444s url=https://www.myfonts.com/collections/gragle-font-pandeka-studio/
[2026-06-09T10:03:37Z] #321 attempt=1/6 status=200 0.758s url=https://www.myfonts.com/products.json?limit=100&page=9
[2026-06-09T10:03:37Z] #322 attempt=1/2 status=200 0.397s url=https://www.myfonts.com/products/back-beat-skinny-and-wide-complete-family-package-1163004
[2026-06-09T10:03:38Z] #323 attempt=1/2 status=200 0.507s url=https://www.myfonts.com/collections/back-beat-skinny-and-wide-font-comicraft/
[2026-06-09T10:03:40Z] #324 attempt=1/2 status=200 1.417s url=https://www.myfonts.com/products/stencil-package-1162906
[2026-06-09T10:03:42Z] #325 attempt=1/2 status=200 2.299s url=https://www.myfonts.com/collections/glagter-font-rastype-studio/
[2026-06-09T10:03:44Z] #326 attempt=1/2 status=200 0.361s url=https://www.myfonts.com/products/peachy-weekend-complete-family-package-1163035
[2026-06-09T10:03:44Z] #327 attempt=1/2 status=200 0.417s url=https://www.myfonts.com/collections/peachy-weekend-font-medialabco/
[2026-06-09T10:03:45Z] #328 attempt=1/2 status=200 0.429s url=https://www.myfonts.com/products/quebit-family-package-1162947
[2026-06-09T10:03:46Z] #329 attempt=1/2 status=200 0.681s url=https://www.myfonts.com/collections/quebit-font-wahyu-sani-co/
[2026-06-09T10:03:47Z] #330 attempt=1/2 status=200 0.322s url=https://www.myfonts.com/products/taste-juicy-scribbles-complete-family-package-1163345
[2026-06-09T10:03:47Z] #331 attempt=1/2 status=200 0.378s url=https://www.myfonts.com/collections/taste-juicy-scribbles-font-stylishtype-studio/
[2026-06-09T10:03:48Z] #332 attempt=1/2 status=200 0.332s url=https://www.myfonts.com/products/dear-puppets-complete-family-package-1163358
[2026-06-09T10:03:48Z] #333 attempt=1/2 status=200 0.370s url=https://www.myfonts.com/collections/dear-puppets-font-heinzel-std/
[2026-06-09T10:03:49Z] #334 attempt=1/2 status=200 0.296s url=https://www.myfonts.com/products/beamo-complete-family-package-1162920
[2026-06-09T10:03:50Z] #335 attempt=1/2 status=200 0.380s url=https://www.myfonts.com/collections/beamo-font-pandeka-studio/
[2026-06-09T10:03:50Z] #336 attempt=1/2 status=429 0.029s url=https://www.myfonts.com/products/expanded-package-1163313
[2026-06-09T10:03:53Z] #337 attempt=2/2 status=200 0.648s url=https://www.myfonts.com/products/expanded-package-1163313
[2026-06-09T10:03:54Z] #338 attempt=1/2 status=200 1.097s url=https://www.myfonts.com/collections/monqest-font-groenstudio/
[2026-06-09T10:03:55Z] #339 attempt=1/2 status=200 0.314s url=https://www.myfonts.com/products/bropie-complete-family-package-1163026
[2026-06-09T10:03:56Z] #340 attempt=1/2 status=200 0.493s url=https://www.myfonts.com/collections/bropie-font-font-liner/
[2026-06-09T10:03:56Z] #341 attempt=1/2 status=200 0.334s url=https://www.myfonts.com/products/bronley-complete-family-package-1163453
[2026-06-09T10:03:57Z] #342 attempt=1/2 status=200 0.412s url=https://www.myfonts.com/collections/bronley-font-ahweproject/
[2026-06-09T10:03:58Z] #343 attempt=1/2 status=200 0.316s url=https://www.myfonts.com/products/aconit-variable-complete-family-package-1163065
[2026-06-09T10:03:58Z] #344 attempt=1/2 status=200 0.361s url=https://www.myfonts.com/collections/aconit-variable-font-octotypo/
[2026-06-09T10:03:59Z] #345 attempt=1/2 status=200 0.386s url=https://www.myfonts.com/products/designer-stuff-package-1162978
[2026-06-09T10:03:59Z] #346 attempt=1/2 status=429 0.027s url=https://www.myfonts.com/collections/gc-volumn-font-onyx-studio/
[2026-06-09T10:04:02Z] #347 attempt=2/2 status=200 0.520s url=https://www.myfonts.com/collections/gc-volumn-font-onyx-studio/
[2026-06-09T10:04:03Z] #348 attempt=1/2 status=200 0.797s url=https://www.myfonts.com/products/vexora-variable-complete-family-package-1163361
[2026-06-09T10:04:04Z] #349 attempt=1/2 status=200 1.017s url=https://www.myfonts.com/collections/vexora-variable-font-donyadesign/
[2026-06-09T10:04:05Z] #350 attempt=1/2 status=200 0.577s url=https://www.myfonts.com/products/canto-complete-family-package-1163326
[2026-06-09T10:04:06Z] #351 attempt=1/2 status=200 0.488s url=https://www.myfonts.com/collections/canto-font-gian-studio/
[2026-06-09T10:04:07Z] #352 attempt=1/2 status=200 0.316s url=https://www.myfonts.com/products/little-supply-complete-family-package-1162994
[2026-06-09T10:04:07Z] #353 attempt=1/2 status=200 0.434s url=https://www.myfonts.com/collections/little-supply-font-artiveko/
[2026-06-09T10:04:08Z] #354 attempt=1/2 status=200 0.444s url=https://www.myfonts.com/products/avedoria-complete-family-package-1163350
[2026-06-09T10:04:09Z] #355 attempt=1/2 status=200 0.342s url=https://www.myfonts.com/collections/avedoria-font-heinzel-std/
[2026-06-09T10:04:09Z] #356 attempt=1/2 status=200 0.332s url=https://www.myfonts.com/products/parceh-complete-family-package-1163022
[2026-06-09T10:04:10Z] #357 attempt=1/2 status=200 0.360s url=https://www.myfonts.com/collections/parceh-font-hishand-studio/
[2026-06-09T10:04:10Z] #358 attempt=1/2 status=429 0.030s url=https://www.myfonts.com/products/kairy-elegant-complete-family-package-1163032
[2026-06-09T10:04:13Z] #359 attempt=2/2 status=200 0.364s url=https://www.myfonts.com/products/kairy-elegant-complete-family-package-1163032
[2026-06-09T10:04:13Z] #360 attempt=1/2 status=200 0.369s url=https://www.myfonts.com/collections/kairy-elegant-font-agung-sudirman/
[2026-06-09T10:04:14Z] #361 attempt=1/2 status=200 0.357s url=https://www.myfonts.com/products/urema-complete-family-package-1162984
[2026-06-09T10:04:15Z] #362 attempt=1/2 status=200 0.401s url=https://www.myfonts.com/collections/urema-font-zafira-type/
[2026-06-09T10:04:15Z] #363 attempt=1/2 status=200 0.316s url=https://www.myfonts.com/products/beckman-variable-complete-family-package-1162915
[2026-06-09T10:04:16Z] #364 attempt=1/2 status=200 0.441s url=https://www.myfonts.com/collections/beckman-variable-font-factory738/
[2026-06-09T10:04:16Z] #365 attempt=1/2 status=429 0.031s url=https://www.myfonts.com/products/asulvoya-complete-family-package-1162997
[2026-06-09T10:04:19Z] #366 attempt=2/2 status=200 0.388s url=https://www.myfonts.com/products/asulvoya-complete-family-package-1162997
[2026-06-09T10:04:20Z] #367 attempt=1/2 status=200 0.402s url=https://www.myfonts.com/collections/asulvoya-font-typeclassheroes/
[2026-06-09T10:04:20Z] #368 attempt=1/2 status=200 0.337s url=https://www.myfonts.com/products/caliro-complete-family-package-1163062
[2026-06-09T10:04:21Z] #369 attempt=1/2 status=200 0.348s url=https://www.myfonts.com/collections/caliro-font-vermilione/
[2026-06-09T10:04:21Z] #370 attempt=1/2 status=200 0.293s url=https://www.myfonts.com/products/gravex-massive-complete-family-package-1163029
[2026-06-09T10:04:22Z] #371 attempt=1/2 status=200 0.400s url=https://www.myfonts.com/collections/gravex-massive-font-lettertype-studio/
[2026-06-09T10:04:22Z] #372 attempt=1/2 status=429 0.036s url=https://www.myfonts.com/products/ramile-complete-family-package-1163053
[2026-06-09T10:04:25Z] #373 attempt=2/2 status=200 0.402s url=https://www.myfonts.com/products/ramile-complete-family-package-1163053
[2026-06-09T10:04:26Z] #374 attempt=1/2 status=200 0.469s url=https://www.myfonts.com/collections/ramile-font-ragamkata/
[2026-06-09T10:04:26Z] #375 attempt=1/2 status=200 0.402s url=https://www.myfonts.com/products/softly-written-complete-family-package-1162930
[2026-06-09T10:04:27Z] #376 attempt=1/2 status=200 0.374s url=https://www.myfonts.com/collections/softly-written-font-littlehand/
[2026-06-09T10:04:28Z] #377 attempt=1/2 status=200 0.320s url=https://www.myfonts.com/products/morgel-eentrialy-complete-family-package-1163355
[2026-06-09T10:04:28Z] #378 attempt=1/2 status=200 0.455s url=https://www.myfonts.com/collections/morgel-eentrialy-font-maikohatta/
[2026-06-09T10:04:29Z] #379 attempt=1/2 status=200 0.336s url=https://www.myfonts.com/products/manjawi-complete-family-package-1163000
[2026-06-09T10:04:29Z] #380 attempt=1/2 status=429 0.026s url=https://www.myfonts.com/collections/manjawi-font-agung-sudirman/
[2026-06-09T10:04:32Z] #381 attempt=2/2 status=200 0.376s url=https://www.myfonts.com/collections/manjawi-font-agung-sudirman/
[2026-06-09T10:04:32Z] #382 attempt=1/2 status=200 0.363s url=https://www.myfonts.com/products/zorvex-complete-family-package-1162949
[2026-06-09T10:04:33Z] #383 attempt=1/2 status=200 0.611s url=https://www.myfonts.com/collections/zorvex-font-letterara/
[2026-06-09T10:04:34Z] #384 attempt=1/2 status=200 0.598s url=https://www.myfonts.com/products/watchkraft-complete-family-package-1163040
[2026-06-09T10:04:35Z] #385 attempt=1/2 status=200 0.651s url=https://www.myfonts.com/collections/watchkraft-font-ghozai-studio/
[2026-06-09T10:04:36Z] #386 attempt=1/2 status=200 0.357s url=https://www.myfonts.com/products/astralis-complete-family-package-1163260
[2026-06-09T10:04:36Z] #387 attempt=1/2 status=200 0.436s url=https://www.myfonts.com/collections/astralis-font-vampstudio/
[2026-06-09T10:04:37Z] #388 attempt=1/2 status=200 0.521s url=https://www.myfonts.com/products/thing-complete-family-package-1163458
[2026-06-09T10:04:37Z] #389 attempt=1/2 status=429 0.036s url=https://www.myfonts.com/collections/thing-font-alpercakici/
[2026-06-09T10:04:40Z] #390 attempt=2/2 status=200 0.768s url=https://www.myfonts.com/collections/thing-font-alpercakici/
[2026-06-09T10:04:41Z] #391 attempt=1/2 status=200 0.407s url=https://www.myfonts.com/products/regular-hapsoon-1162918
[2026-06-09T10:04:42Z] #392 attempt=1/2 status=200 0.249s url=https://www.myfonts.com/collections/hapsoon-font-flawlessandco/
[2026-06-09T10:04:42Z] #393 attempt=1/2 status=200 0.281s url=https://www.myfonts.com/products/regular-enda-danila-1162923
[2026-06-09T10:04:43Z] #394 attempt=1/2 status=200 0.284s url=https://www.myfonts.com/collections/enda-danila-font-denustudio/
[2026-06-09T10:04:43Z] #395 attempt=1/2 status=200 0.398s url=https://www.myfonts.com/products/regular-seramonde-1163315
[2026-06-09T10:04:44Z] #396 attempt=1/2 status=200 0.256s url=https://www.myfonts.com/collections/seramonde-font-eko-bimantara/
[2026-06-09T10:04:45Z] #397 attempt=1/6 status=200 0.758s url=https://www.myfonts.com/products.json?limit=100&page=10
[2026-06-09T10:04:46Z] #398 attempt=1/2 status=200 0.320s url=https://www.myfonts.com/products/regular-cafeno-1163319
[2026-06-09T10:04:46Z] #399 attempt=1/2 status=429 0.051s url=https://www.myfonts.com/collections/cafeno-font-eko-bimantara/
[2026-06-09T10:04:49Z] #400 attempt=2/2 status=200 0.368s url=https://www.myfonts.com/collections/cafeno-font-eko-bimantara/
[2026-06-09T10:04:49Z] #401 attempt=1/2 status=200 0.255s url=https://www.myfonts.com/products/regular-qetara-1162913
[2026-06-09T10:04:50Z] #402 attempt=1/2 status=200 0.327s url=https://www.myfonts.com/collections/qetara-font-vadova-std/
[2026-06-09T10:04:50Z] #403 attempt=1/2 status=200 0.369s url=https://www.myfonts.com/products/regular-inktera-1162979
[2026-06-09T10:04:51Z] #404 attempt=1/2 status=200 0.262s url=https://www.myfonts.com/collections/inktera-font-limitype/
[2026-06-09T10:04:51Z] #405 attempt=1/2 status=429 0.035s url=https://www.myfonts.com/products/regular-welice-1162917
[2026-06-09T10:04:54Z] #406 attempt=2/2 status=200 0.295s url=https://www.myfonts.com/products/regular-welice-1162917
[2026-06-09T10:04:54Z] #407 attempt=1/2 status=200 0.312s url=https://www.myfonts.com/collections/welice-font-vadova-std/
[2026-06-09T10:04:55Z] #408 attempt=1/2 status=200 0.323s url=https://www.myfonts.com/products/regular-simple-journey-1163354
[2026-06-09T10:04:55Z] #409 attempt=1/2 status=200 0.236s url=https://www.myfonts.com/collections/simple-journey-font-tini-fitriani/
[2026-06-09T10:04:56Z] #410 attempt=1/2 status=200 0.411s url=https://www.myfonts.com/products/alveron-regular-alveron-1163324
[2026-06-09T10:04:56Z] #411 attempt=1/2 status=429 0.034s url=https://www.myfonts.com/collections/alveron-font-flawlessandco/
[2026-06-09T10:04:59Z] #412 attempt=2/2 status=200 0.259s url=https://www.myfonts.com/collections/alveron-font-flawlessandco/
[2026-06-09T10:04:59Z] #413 attempt=1/2 status=200 0.282s url=https://www.myfonts.com/products/regular-austerlane-1163317
[2026-06-09T10:05:00Z] #414 attempt=1/2 status=200 0.255s url=https://www.myfonts.com/collections/austerlane-font-eko-bimantara/
[2026-06-09T10:05:00Z] #415 attempt=1/2 status=200 0.267s url=https://www.myfonts.com/products/regular-wisteriano-1162909
[2026-06-09T10:05:01Z] #416 attempt=1/2 status=200 0.290s url=https://www.myfonts.com/collections/wisteriano-font-flawlessandco/
[2026-06-09T10:05:01Z] #417 attempt=1/2 status=429 0.050s url=https://www.myfonts.com/products/regular-serathon-1162912
[2026-06-09T10:05:04Z] #418 attempt=2/2 status=200 0.302s url=https://www.myfonts.com/products/regular-serathon-1162912
[2026-06-09T10:05:04Z] #419 attempt=1/2 status=200 0.253s url=https://www.myfonts.com/collections/serathon-font-letterluck/
[2026-06-09T10:05:06Z] #420 attempt=1/6 status=200 0.989s url=https://www.myfonts.com/products.json?limit=100&page=11
[2026-06-09T10:05:06Z] #421 attempt=1/2 status=200 0.263s url=https://www.myfonts.com/products/script-handies-1163310
[2026-06-09T10:05:07Z] #422 attempt=1/2 status=200 0.309s url=https://www.myfonts.com/collections/handies-font-eko-bimantara/
[2026-06-09T10:05:07Z] #423 attempt=1/2 status=200 0.286s url=https://www.myfonts.com/products/regular-yokotha-1162919
[2026-06-09T10:05:08Z] #424 attempt=1/2 status=429 0.038s url=https://www.myfonts.com/collections/yokotha-font-vadova-std/
[2026-06-09T10:05:10Z] #425 attempt=2/2 status=200 0.278s url=https://www.myfonts.com/collections/yokotha-font-vadova-std/
[2026-06-09T10:05:11Z] #426 attempt=1/2 status=200 0.277s url=https://www.myfonts.com/products/regular-rt-the-matcha-club-1163325
[2026-06-09T10:05:11Z] #427 attempt=1/2 status=200 0.264s url=https://www.myfonts.com/collections/rt-the-matcha-club-font-rillatype/
[2026-06-09T10:05:12Z] #428 attempt=1/2 status=200 0.330s url=https://www.myfonts.com/products/regular-chermant-1162983
[2026-06-09T10:05:12Z] #429 attempt=1/2 status=200 0.321s url=https://www.myfonts.com/collections/chermant-font-monolimes/
[2026-06-09T10:05:14Z] #430 attempt=1/6 status=200 0.716s url=https://www.myfonts.com/products.json?limit=100&page=12
[2026-06-09T10:05:14Z] #431 attempt=1/2 status=200 0.285s url=https://www.myfonts.com/products/regular-ravente-1162911
[2026-06-09T10:05:14Z] #432 attempt=1/2 status=429 0.029s url=https://www.myfonts.com/collections/ravente-font-flawlessandco/
[2026-06-09T10:05:17Z] #433 attempt=2/2 status=200 0.296s url=https://www.myfonts.com/collections/ravente-font-flawlessandco/
[2026-06-09T10:05:17Z] #434 attempt=1/2 status=200 0.285s url=https://www.myfonts.com/products/regular-nouilia-1163003
[2026-06-09T10:05:18Z] #435 attempt=1/2 status=200 0.253s url=https://www.myfonts.com/collections/nouilia-font-typogama/
[2026-06-09T10:05:18Z] #436 attempt=1/2 status=200 0.311s url=https://www.myfonts.com/products/valentos-mulder-regular-mc-valentos-mulder-1163348
[2026-06-09T10:05:19Z] #437 attempt=1/2 status=429 0.037s url=https://www.myfonts.com/collections/mc-valentos-mulder-font-maulana-creative/
[2026-06-09T10:05:21Z] #438 attempt=2/2 status=200 0.472s url=https://www.myfonts.com/collections/mc-valentos-mulder-font-maulana-creative/
[2026-06-09T10:05:22Z] #439 attempt=1/2 status=200 0.274s url=https://www.myfonts.com/products/regular-yj-dishplay-1163021
[2026-06-09T10:05:22Z] #440 attempt=1/2 status=200 0.230s url=https://www.myfonts.com/collections/yj-dishplay-font-yenty-jap-co/
[2026-06-09T10:05:23Z] #441 attempt=1/2 status=200 0.262s url=https://www.myfonts.com/products/regular-zipzap-marker-1163316
[2026-06-09T10:05:23Z] #442 attempt=1/2 status=200 0.274s url=https://www.myfonts.com/collections/zipzap-marker-font-eko-bimantara/
[2026-06-09T10:05:24Z] #443 attempt=1/2 status=429 0.035s url=https://www.myfonts.com/products/regular-clance-1163353
[2026-06-09T10:05:26Z] #444 attempt=2/2 status=200 0.310s url=https://www.myfonts.com/products/regular-clance-1163353
[2026-06-09T10:05:27Z] #445 attempt=1/2 status=200 0.284s url=https://www.myfonts.com/collections/clance-font-maikohatta/
[2026-06-09T10:05:27Z] #446 attempt=1/2 status=200 0.284s url=https://www.myfonts.com/products/regular-antiink-1162980
[2026-06-09T10:05:28Z] #447 attempt=1/2 status=200 0.278s url=https://www.myfonts.com/collections/antiink-font-sipanji21/
[2026-06-09T10:05:28Z] #448 attempt=1/2 status=200 0.255s url=https://www.myfonts.com/products/landeur-peufios-regular-mc-landeur-peufios-1163349
[2026-06-09T10:05:29Z] #449 attempt=1/2 status=429 0.037s url=https://www.myfonts.com/collections/mc-landeur-peufios-font-maulana-creative/
[2026-06-09T10:05:31Z] #450 attempt=2/2 status=200 0.289s url=https://www.myfonts.com/collections/mc-landeur-peufios-font-maulana-creative/
[2026-06-09T10:05:32Z] #451 attempt=1/2 status=200 0.262s url=https://www.myfonts.com/products/regular-blaperoom-1162914
[2026-06-09T10:05:32Z] #452 attempt=1/2 status=200 0.251s url=https://www.myfonts.com/collections/blaperoom-font-flawlessandco/
[2026-06-09T10:05:33Z] #453 attempt=1/2 status=200 0.264s url=https://www.myfonts.com/products/regular-manow-1163323
[2026-06-09T10:05:33Z] #454 attempt=1/2 status=429 0.039s url=https://www.myfonts.com/collections/manow-font-sensatype-studio/
[2026-06-09T10:05:36Z] #455 attempt=2/2 status=200 0.355s url=https://www.myfonts.com/collections/manow-font-sensatype-studio/
[2026-06-09T10:05:36Z] #456 attempt=1/2 status=200 0.315s url=https://www.myfonts.com/products/regular-mushbie-1163318
[2026-06-09T10:05:37Z] #457 attempt=1/2 status=200 0.237s url=https://www.myfonts.com/collections/mushbie-font-eko-bimantara/
[2026-06-09T10:05:38Z] #458 attempt=1/6 status=200 0.777s url=https://www.myfonts.com/products.json?limit=100&page=13
[2026-06-09T10:05:39Z] #459 attempt=1/2 status=200 0.273s url=https://www.myfonts.com/products/regular-sublane-1163314
[2026-06-09T10:05:39Z] #460 attempt=1/2 status=200 0.241s url=https://www.myfonts.com/collections/sublane-font-eko-bimantara/
[2026-06-09T10:05:40Z] #461 attempt=1/2 status=200 0.299s url=https://www.myfonts.com/products/regular-bitram-1162981
[2026-06-09T10:05:40Z] #462 attempt=1/2 status=429 0.040s url=https://www.myfonts.com/collections/bitram-font-drizy-font/
[2026-06-09T10:05:42Z] #463 attempt=2/2 status=200 0.297s url=https://www.myfonts.com/collections/bitram-font-drizy-font/
[2026-06-09T10:05:43Z] #464 attempt=1/2 status=200 0.286s url=https://www.myfonts.com/products/local-diamond-regular-local-diamond-1163068
[2026-06-09T10:05:43Z] #465 attempt=1/2 status=200 0.279s url=https://www.myfonts.com/collections/local-diamond-font-moontiontype/
[2026-06-09T10:05:44Z] #466 attempt=1/2 status=200 0.296s url=https://www.myfonts.com/products/regular-zerx-1163321
[2026-06-09T10:05:44Z] #467 attempt=1/2 status=200 0.238s url=https://www.myfonts.com/collections/zerx-font-maenjari-std/
[2026-06-09T10:05:45Z] #468 attempt=1/2 status=429 0.033s url=https://www.myfonts.com/products/avaleia-script-regular-avaleia-script-1163322
[2026-06-09T10:05:47Z] #469 attempt=2/2 status=200 0.360s url=https://www.myfonts.com/products/avaleia-script-regular-avaleia-script-1163322
[2026-06-09T10:05:48Z] #470 attempt=1/2 status=200 0.280s url=https://www.myfonts.com/collections/avaleia-script-font-sototive/
[2026-06-09T10:05:49Z] #471 attempt=1/6 status=200 0.786s url=https://www.myfonts.com/products.json?limit=100&page=14
[2026-06-09T10:05:50Z] #472 attempt=1/2 status=200 0.312s url=https://www.myfonts.com/products/regular-soneburg-1163320
[2026-06-09T10:05:50Z] #473 attempt=1/2 status=200 0.240s url=https://www.myfonts.com/collections/soneburg-font-eko-bimantara/
[2026-06-09T10:05:51Z] #474 attempt=1/2 status=200 0.294s url=https://www.myfonts.com/products/regular-korneto-1162910
[2026-06-09T10:05:51Z] #475 attempt=1/2 status=429 0.030s url=https://www.myfonts.com/collections/korneto-font-vadova-std/
[2026-06-09T10:05:54Z] #476 attempt=2/2 status=200 0.292s url=https://www.myfonts.com/collections/korneto-font-vadova-std/
[2026-06-09T10:05:54Z] #477 attempt=1/2 status=200 0.262s url=https://www.myfonts.com/products/regular-rahagi-1162982
[2026-06-09T10:05:55Z] #478 attempt=1/2 status=200 0.241s url=https://www.myfonts.com/collections/rahagi-font-bondangail/
[2026-06-09T10:05:55Z] #479 attempt=1/2 status=200 0.329s url=https://www.myfonts.com/products/regular-heilstoria-1162908
[2026-06-09T10:05:56Z] #480 attempt=1/2 status=200 0.296s url=https://www.myfonts.com/collections/heilstoria-font-flawlessandco/
[2026-06-09T10:05:56Z] #481 attempt=1/2 status=429 0.034s url=https://www.myfonts.com/products/condensed-brisck-1163257
[2026-06-09T10:05:59Z] #482 attempt=2/2 status=200 0.332s url=https://www.myfonts.com/products/condensed-brisck-1163257
[2026-06-09T10:05:59Z] #483 attempt=1/2 status=200 0.357s url=https://www.myfonts.com/collections/brisck-font-erifqizefont/
[2026-06-09T10:06:00Z] #484 attempt=1/2 status=200 0.305s url=https://www.myfonts.com/products/regular-angelina-malika-1163258
[2026-06-09T10:06:00Z] #485 attempt=1/2 status=200 0.267s url=https://www.myfonts.com/collections/angelina-malika-font-letterhanna-studio/
[2026-06-09T10:06:01Z] #486 attempt=1/2 status=200 0.262s url=https://www.myfonts.com/products/regular-sparkling-moment-1163254
[2026-06-09T10:06:01Z] #487 attempt=1/2 status=429 0.043s url=https://www.myfonts.com/collections/sparkling-moment-font-agny-hasya-studio/
[2026-06-09T10:06:04Z] #488 attempt=2/2 status=200 0.280s url=https://www.myfonts.com/collections/sparkling-moment-font-agny-hasya-studio/
[2026-06-09T10:06:04Z] #489 attempt=1/2 status=200 0.526s url=https://www.myfonts.com/products/ancestri-slab-complete-family-package-1160296
[2026-06-09T10:06:05Z] #490 attempt=1/2 status=200 0.740s url=https://www.myfonts.com/collections/ancestri-slab-font-nollev/
[2026-06-09T10:06:06Z] #491 attempt=1/2 status=200 0.388s url=https://www.myfonts.com/products/buam-complete-family-package-1151858
[2026-06-09T10:06:07Z] #492 attempt=1/2 status=200 0.525s url=https://www.myfonts.com/collections/buam-font-stawix/
[2026-06-09T10:06:08Z] #493 attempt=1/2 status=200 0.673s url=https://www.myfonts.com/products/raskolnikov-complete-family-package-1162856
[2026-06-09T10:06:09Z] #494 attempt=1/2 status=200 0.904s url=https://www.myfonts.com/collections/raskolnikov-font-alpercakici/
[2026-06-09T10:06:11Z] #495 attempt=1/6 status=200 0.822s url=https://www.myfonts.com/products.json?limit=100&page=15
[2026-06-09T10:06:12Z] #496 attempt=1/2 status=200 1.041s url=https://www.myfonts.com/products/blanco-complete-family-package-1162743
[2026-06-09T10:06:13Z] #497 attempt=1/2 status=200 1.404s url=https://www.myfonts.com/collections/blanco-font-alpercakici/
[2026-06-09T10:06:15Z] #498 attempt=1/6 status=200 0.901s url=https://www.myfonts.com/products.json?limit=100&page=16
[2026-06-09T10:06:16Z] #499 attempt=1/2 status=200 0.339s url=https://www.myfonts.com/products/regular-aktivist-1156670
[2026-06-09T10:06:16Z] #500 attempt=1/2 status=200 0.286s url=https://www.myfonts.com/collections/aktivist-font-fontanatype/
[2026-06-09T10:06:17Z] #501 attempt=1/2 status=200 0.324s url=https://www.myfonts.com/products/pramat-complete-family-package-1134223
[2026-06-09T10:06:18Z] #502 attempt=1/2 status=200 0.363s url=https://www.myfonts.com/collections/pramat-font-bale-type/
[2026-06-09T10:06:18Z] #503 attempt=1/2 status=200 0.312s url=https://www.myfonts.com/products/glaytons-complete-family-package-1162690
[2026-06-09T10:06:19Z] #504 attempt=1/2 status=200 0.362s url=https://www.myfonts.com/collections/glaytons-font-letterena-studios/
[2026-06-09T10:06:19Z] #505 attempt=1/2 status=200 0.375s url=https://www.myfonts.com/products/badilna-complete-family-package-1162687
[2026-06-09T10:06:20Z] #506 attempt=1/2 status=429 0.032s url=https://www.myfonts.com/collections/badilna-font-letterena-studios/
[2026-06-09T10:06:22Z] #507 attempt=2/2 status=200 0.407s url=https://www.myfonts.com/collections/badilna-font-letterena-studios/
[2026-06-09T10:06:23Z] #508 attempt=1/2 status=200 0.330s url=https://www.myfonts.com/products/rhumb-variable-complete-family-package-1162731
[2026-06-09T10:06:23Z] #509 attempt=1/2 status=200 0.309s url=https://www.myfonts.com/collections/rhumb-variable-font-octotypo/
[2026-06-09T10:06:24Z] #510 attempt=1/2 status=200 0.542s url=https://www.myfonts.com/products/zentaro-complete-family-package-1162717
[2026-06-09T10:06:25Z] #511 attempt=1/2 status=200 0.680s url=https://www.myfonts.com/collections/zentaro-font-qiubare-studio/
[2026-06-09T10:06:26Z] #512 attempt=1/2 status=200 0.403s url=https://www.myfonts.com/products/montegar-complete-family-package-1162711
[2026-06-09T10:06:27Z] #513 attempt=1/2 status=200 0.514s url=https://www.myfonts.com/collections/montegar-font-lettertype-studio/
[2026-06-09T10:06:28Z] #514 attempt=1/2 status=200 0.690s url=https://www.myfonts.com/products/novel-display-complete-family-package-1162446
[2026-06-09T10:06:28Z] #515 attempt=1/2 status=429 0.033s url=https://www.myfonts.com/collections/novel-display-font-atlasfontfoundry/
[2026-06-09T10:06:32Z] #516 attempt=2/2 status=200 1.392s url=https://www.myfonts.com/collections/novel-display-font-atlasfontfoundry/
[2026-06-09T10:06:33Z] #517 attempt=1/2 status=200 0.517s url=https://www.myfonts.com/products/carnival-lights-complete-family-package-1162547
[2026-06-09T10:06:33Z] #518 attempt=1/2 status=200 0.507s url=https://www.myfonts.com/collections/carnival-lights-font-bale-type/
[2026-06-09T10:06:34Z] #519 attempt=1/2 status=200 0.290s url=https://www.myfonts.com/products/back-tactical-complete-family-package-1162739
[2026-06-09T10:06:34Z] #520 attempt=1/2 status=200 0.329s url=https://www.myfonts.com/collections/back-tactical-font-letterena-studios/
[2026-06-09T10:06:35Z] #521 attempt=1/2 status=200 0.446s url=https://www.myfonts.com/products/caldris-complete-family-package-1162701
[2026-06-09T10:06:36Z] #522 attempt=1/2 status=200 0.601s url=https://www.myfonts.com/collections/caldris-font-rafis-type/
[2026-06-09T10:06:37Z] #523 attempt=1/2 status=200 0.409s url=https://www.myfonts.com/products/cotford-complete-family-package-1162225
[2026-06-09T10:06:38Z] #524 attempt=1/2 status=200 0.696s url=https://www.myfonts.com/collections/cotford-font-monotype-imaging/
[2026-06-09T10:06:39Z] #525 attempt=1/2 status=200 0.500s url=https://www.myfonts.com/products/primaxis-variable-complete-family-package-1162727
[2026-06-09T10:06:39Z] #526 attempt=1/2 status=200 0.355s url=https://www.myfonts.com/collections/primaxis-variable-font-octotypo/
[2026-06-09T10:06:40Z] #527 attempt=1/2 status=200 0.344s url=https://www.myfonts.com/products/cotford-variable-complete-family-package-1162242
[2026-06-09T10:06:40Z] #528 attempt=1/2 status=429 0.037s url=https://www.myfonts.com/collections/cotford-variable-font-monotype-imaging/
[2026-06-09T10:06:43Z] #529 attempt=2/2 status=200 0.382s url=https://www.myfonts.com/collections/cotford-variable-font-monotype-imaging/
[2026-06-09T10:06:43Z] #530 attempt=1/2 status=200 0.375s url=https://www.myfonts.com/products/de-rough-belmonty-complete-family-package-1162708
[2026-06-09T10:06:44Z] #531 attempt=1/2 status=200 0.407s url=https://www.myfonts.com/collections/de-rough-belmonty-font-letterena-studios/
[2026-06-09T10:06:45Z] #532 attempt=1/2 status=200 0.334s url=https://www.myfonts.com/products/shavile-complete-family-package-1162705
[2026-06-09T10:06:45Z] #533 attempt=1/2 status=200 0.376s url=https://www.myfonts.com/collections/shavile-font-ragamkata/
[2026-06-09T10:06:46Z] #534 attempt=1/2 status=200 0.289s url=https://www.myfonts.com/products/janhira-complete-family-package-1162714
[2026-06-09T10:06:46Z] #535 attempt=1/2 status=429 0.030s url=https://www.myfonts.com/collections/janhira-font-letterena-studios/
[2026-06-09T10:06:49Z] #536 attempt=2/2 status=200 0.455s url=https://www.myfonts.com/collections/janhira-font-letterena-studios/
[2026-06-09T10:06:49Z] #537 attempt=1/2 status=200 0.347s url=https://www.myfonts.com/products/spheris-complete-family-package-1162693
[2026-06-09T10:06:50Z] #538 attempt=1/2 status=200 0.414s url=https://www.myfonts.com/collections/spheris-font-defharo/
[2026-06-09T10:06:51Z] #539 attempt=1/2 status=200 0.697s url=https://www.myfonts.com/products/dry-ita-tachos-1161974
[2026-06-09T10:06:52Z] #540 attempt=1/2 status=200 0.783s url=https://www.myfonts.com/collections/tachos-font-alpercakici/
[2026-06-09T10:06:53Z] #541 attempt=1/6 status=200 0.682s url=https://www.myfonts.com/products.json?limit=100&page=17
[2026-06-09T10:06:54Z] #542 attempt=1/2 status=200 0.394s url=https://www.myfonts.com/products/regular-olline-1162737
[2026-06-09T10:06:55Z] #543 attempt=1/2 status=200 0.251s url=https://www.myfonts.com/collections/olline-font-rasio-studio/
[2026-06-09T10:06:55Z] #544 attempt=1/2 status=200 0.467s url=https://www.myfonts.com/products/bold-core-gothic-d-1084247
[2026-06-09T10:06:56Z] #545 attempt=1/2 status=200 0.489s url=https://www.myfonts.com/collections/core-gothic-d-font-s-core/
[2026-06-09T10:06:56Z] #546 attempt=1/2 status=429 0.039s url=https://www.myfonts.com/products/regular-nabiboy-1162734
[2026-06-09T10:06:59Z] #547 attempt=2/2 status=200 0.343s url=https://www.myfonts.com/products/regular-nabiboy-1162734
[2026-06-09T10:06:59Z] #548 attempt=1/2 status=200 0.279s url=https://www.myfonts.com/collections/nabiboy-font-sarcastic-raven-workshop/
[2026-06-09T10:07:00Z] #549 attempt=1/2 status=200 0.381s url=https://www.myfonts.com/products/regular-bingko-1162546
[2026-06-09T10:07:01Z] #550 attempt=1/2 status=200 0.339s url=https://www.myfonts.com/collections/bingko-font-sensatype-studio/
[2026-06-09T10:07:01Z] #551 attempt=1/2 status=200 0.385s url=https://www.myfonts.com/products/regular-virga-1162738
[2026-06-09T10:07:02Z] #552 attempt=1/2 status=200 0.330s url=https://www.myfonts.com/collections/virga-font-sensatype-studio/
[2026-06-09T10:07:02Z] #553 attempt=1/2 status=429 0.036s url=https://www.myfonts.com/products/regular-sweetbliss-1162704
[2026-06-09T10:07:05Z] #554 attempt=2/2 status=200 0.457s url=https://www.myfonts.com/products/regular-sweetbliss-1162704
[2026-06-09T10:07:05Z] #555 attempt=1/2 status=200 0.278s url=https://www.myfonts.com/collections/sweetbliss-font-letterhanna-studio/
[2026-06-09T10:07:06Z] #556 attempt=1/2 status=200 0.278s url=https://www.myfonts.com/products/regular-bagine-1162686
[2026-06-09T10:07:07Z] #557 attempt=1/2 status=200 0.323s url=https://www.myfonts.com/collections/bagine-font-pandeka-studio/
[2026-06-09T10:07:07Z] #558 attempt=1/2 status=200 0.306s url=https://www.myfonts.com/products/regular-muzzaro-1162735
[2026-06-09T10:07:07Z] #559 attempt=1/2 status=429 0.031s url=https://www.myfonts.com/collections/muzzaro-font-rasio-studio/
[2026-06-09T10:07:10Z] #560 attempt=2/2 status=200 0.304s url=https://www.myfonts.com/collections/muzzaro-font-rasio-studio/
[2026-06-09T10:07:11Z] #561 attempt=1/6 status=200 0.612s url=https://www.myfonts.com/products.json?limit=100&page=18
[2026-06-09T10:07:12Z] #562 attempt=1/2 status=200 0.279s url=https://www.myfonts.com/products/regular-klyne-1162736
[2026-06-09T10:07:12Z] #563 attempt=1/2 status=200 0.272s url=https://www.myfonts.com/collections/klyne-font-rasio-studio/
[2026-06-09T10:07:13Z] #564 attempt=1/2 status=200 0.492s url=https://www.myfonts.com/products/glathor-regular-glathor-1162742
[2026-06-09T10:07:13Z] #565 attempt=1/2 status=200 0.250s url=https://www.myfonts.com/collections/glathor-font-flawlessandco/
[2026-06-09T10:07:15Z] #566 attempt=1/6 status=200 0.781s url=https://www.myfonts.com/products.json?limit=100&page=19
[2026-06-09T10:07:15Z] #567 attempt=1/2 status=200 0.316s url=https://www.myfonts.com/products/tharwatemara-regular-te-monvera-1162194
[2026-06-09T10:07:16Z] #568 attempt=1/2 status=429 0.033s url=https://www.myfonts.com/collections/te-monvera-font-tharwat-emara/
[2026-06-09T10:07:18Z] #569 attempt=2/2 status=200 0.306s url=https://www.myfonts.com/collections/te-monvera-font-tharwat-emara/
[2026-06-09T10:07:19Z] #570 attempt=1/2 status=200 0.294s url=https://www.myfonts.com/products/tharwatemara-regular-te-monvera-2-1162195
[2026-06-09T10:07:19Z] #571 attempt=1/2 status=200 0.289s url=https://www.myfonts.com/collections/te-monvera-2-font-tharwat-emara/
[2026-06-09T10:07:20Z] #572 attempt=1/2 status=200 0.276s url=https://www.myfonts.com/products/tharwatemara-regular-te-seravera1-1162196
[2026-06-09T10:07:20Z] #573 attempt=1/2 status=200 0.311s url=https://www.myfonts.com/collections/te-seravera1-font-tharwat-emara/
[2026-06-09T10:07:21Z] #574 attempt=1/2 status=429 0.036s url=https://www.myfonts.com/products/anoma-complete-family-package-1162014
[2026-06-09T10:07:23Z] #575 attempt=2/2 status=200 0.356s url=https://www.myfonts.com/products/anoma-complete-family-package-1162014
[2026-06-09T10:07:24Z] #576 attempt=1/2 status=200 0.353s url=https://www.myfonts.com/collections/anoma-font-grontype/
[2026-06-09T10:07:24Z] #577 attempt=1/2 status=200 0.365s url=https://www.myfonts.com/products/garden-stories-complete-family-package-1161982
[2026-06-09T10:07:25Z] #578 attempt=1/2 status=200 0.463s url=https://www.myfonts.com/collections/garden-stories-font-sloulyfe-studio/
[2026-06-09T10:07:26Z] #579 attempt=1/2 status=200 0.307s url=https://www.myfonts.com/products/qasrina-arabic-complete-family-package-1161991
[2026-06-09T10:07:26Z] #580 attempt=1/2 status=429 0.029s url=https://www.myfonts.com/collections/qasrina-arabic-font-yoga-letter/
[2026-06-09T10:07:29Z] #581 attempt=2/2 status=200 0.418s url=https://www.myfonts.com/collections/qasrina-arabic-font-yoga-letter/
[2026-06-09T10:07:29Z] #582 attempt=1/2 status=200 0.313s url=https://www.myfonts.com/products/dk-griduo-complete-family-package-1162138
[2026-06-09T10:07:30Z] #583 attempt=1/2 status=200 0.372s url=https://www.myfonts.com/collections/dk-griduo-font-dutype-foundry/
[2026-06-09T10:07:30Z] #584 attempt=1/2 status=200 0.375s url=https://www.myfonts.com/products/ft-hexapix-complete-family-package-1162008
[2026-06-09T10:07:31Z] #585 attempt=1/2 status=200 0.367s url=https://www.myfonts.com/collections/ft-hexapix-font-firstype-studio/
[2026-06-09T10:07:32Z] #586 attempt=1/2 status=200 0.625s url=https://www.myfonts.com/products/pavona-alta-complete-family-package-1162099
[2026-06-09T10:07:33Z] #587 attempt=1/2 status=200 0.600s url=https://www.myfonts.com/collections/pavona-alta-font-twinletter/
[2026-06-09T10:07:34Z] #588 attempt=1/2 status=200 0.521s url=https://www.myfonts.com/products/megabot-complete-family-package-1161994
[2026-06-09T10:07:34Z] #589 attempt=1/2 status=429 0.041s url=https://www.myfonts.com/collections/megabot-font-sulthan-studio/
[2026-06-09T10:07:37Z] #590 attempt=2/2 status=200 0.709s url=https://www.myfonts.com/collections/megabot-font-sulthan-studio/
[2026-06-09T10:07:38Z] #591 attempt=1/2 status=200 0.431s url=https://www.myfonts.com/products/cartio-complete-family-package-1162127
[2026-06-09T10:07:38Z] #592 attempt=1/2 status=200 0.551s url=https://www.myfonts.com/collections/cartio-font-product-type/
[2026-06-09T10:07:39Z] #593 attempt=1/2 status=200 0.331s url=https://www.myfonts.com/products/brasen-complete-family-package-1162029
[2026-06-09T10:07:40Z] #594 attempt=1/2 status=200 0.355s url=https://www.myfonts.com/collections/brasen-font-mevstory-studio/
[2026-06-09T10:07:40Z] #595 attempt=1/2 status=200 0.426s url=https://www.myfonts.com/products/onlaweng-complete-family-package-1162060
[2026-06-09T10:07:41Z] #596 attempt=1/2 status=200 0.550s url=https://www.myfonts.com/collections/onlaweng-font-jipatype/
[2026-06-09T10:07:42Z] #597 attempt=1/2 status=200 0.370s url=https://www.myfonts.com/products/get-it-right-complete-family-package-1162037
[2026-06-09T10:07:42Z] #598 attempt=1/2 status=429 0.030s url=https://www.myfonts.com/collections/get-it-right-font-pizzadudedk/
[2026-06-09T10:07:45Z] #599 attempt=2/2 status=200 0.456s url=https://www.myfonts.com/collections/get-it-right-font-pizzadudedk/
[2026-06-09T10:07:45Z] #600 attempt=1/2 status=200 0.348s url=https://www.myfonts.com/products/tagzilla-complete-family-package-1162032
[2026-06-09T10:07:46Z] #601 attempt=1/2 status=200 0.340s url=https://www.myfonts.com/collections/tagzilla-font-atasi-studio/
[2026-06-09T10:07:47Z] #602 attempt=1/2 status=200 0.308s url=https://www.myfonts.com/products/nickota-complete-family-package-1162150
[2026-06-09T10:07:47Z] #603 attempt=1/2 status=200 0.365s url=https://www.myfonts.com/collections/nickota-font-vermilione/
[2026-06-09T10:07:48Z] #604 attempt=1/2 status=200 0.368s url=https://www.myfonts.com/products/zalewsky-script-complete-family-package-1161988
[2026-06-09T10:07:48Z] #605 attempt=1/2 status=429 0.030s url=https://www.myfonts.com/collections/zalewsky-script-font-letterytz/
[2026-06-09T10:07:51Z] #606 attempt=2/2 status=200 0.332s url=https://www.myfonts.com/collections/zalewsky-script-font-letterytz/
[2026-06-09T10:07:51Z] #607 attempt=1/2 status=200 0.283s url=https://www.myfonts.com/products/honey-la-joy-complete-family-package-1162179
[2026-06-09T10:07:52Z] #608 attempt=1/2 status=200 0.510s url=https://www.myfonts.com/collections/honey-la-joy-font-letterena-studios/
[2026-06-09T10:07:53Z] #609 attempt=1/2 status=200 0.298s url=https://www.myfonts.com/products/station-urban-gate-complete-family-package-1162175
[2026-06-09T10:07:53Z] #610 attempt=1/2 status=200 0.380s url=https://www.myfonts.com/collections/station-urban-gate-font-amorfa-type/
[2026-06-09T10:07:54Z] #611 attempt=1/2 status=200 0.364s url=https://www.myfonts.com/products/nolton-vintage-complete-family-package-1162118
[2026-06-09T10:07:54Z] #612 attempt=1/2 status=429 0.027s url=https://www.myfonts.com/collections/nolton-vintage-font-grezline-studio/
[2026-06-09T10:07:57Z] #613 attempt=2/2 status=200 0.462s url=https://www.myfonts.com/collections/nolton-vintage-font-grezline-studio/
[2026-06-09T10:07:57Z] #614 attempt=1/2 status=200 0.344s url=https://www.myfonts.com/products/carfield-complete-family-package-1162087
[2026-06-09T10:07:58Z] #615 attempt=1/2 status=200 0.547s url=https://www.myfonts.com/collections/carfield-font-din-studio/
[2026-06-09T10:07:59Z] #616 attempt=1/2 status=200 0.343s url=https://www.myfonts.com/products/dary-complete-family-package-1161985
[2026-06-09T10:07:59Z] #617 attempt=1/2 status=200 0.360s url=https://www.myfonts.com/collections/dary-font-zaain-type/
[2026-06-09T10:08:00Z] #618 attempt=1/2 status=200 0.387s url=https://www.myfonts.com/products/stay-humble-complete-family-package-1162083
[2026-06-09T10:08:01Z] #619 attempt=1/2 status=200 0.345s url=https://www.myfonts.com/collections/stay-humble-font-sensatype-studio/
[2026-06-09T10:08:01Z] #620 attempt=1/2 status=200 0.353s url=https://www.myfonts.com/products/yusiel-duo-complete-family-package-1162079
[2026-06-09T10:08:02Z] #621 attempt=1/2 status=200 0.326s url=https://www.myfonts.com/collections/yusiel-duo-font-abo-daniel/
[2026-06-09T10:08:02Z] #622 attempt=1/2 status=200 0.339s url=https://www.myfonts.com/products/refiost-complete-family-package-1162018
[2026-06-09T10:08:03Z] #623 attempt=1/2 status=200 0.479s url=https://www.myfonts.com/collections/refiost-font-gian-studio/
[2026-06-09T10:08:04Z] #624 attempt=1/2 status=200 0.318s url=https://www.myfonts.com/products/exos-complete-family-package-1162011
[2026-06-09T10:08:04Z] #625 attempt=1/2 status=200 0.408s url=https://www.myfonts.com/collections/exos-font-grontype/
[2026-06-09T10:08:05Z] #626 attempt=1/2 status=200 0.322s url=https://www.myfonts.com/products/ferdinos-complete-family-package-1162153
[2026-06-09T10:08:06Z] #627 attempt=1/2 status=200 0.520s url=https://www.myfonts.com/collections/ferdinos-font-dora-typefoundry/
[2026-06-09T10:08:06Z] #628 attempt=1/2 status=200 0.353s url=https://www.myfonts.com/products/jumbo-complete-family-package-1162171
[2026-06-09T10:08:07Z] #629 attempt=1/2 status=200 0.375s url=https://www.myfonts.com/collections/jumbo-font-sensatype-studio/
[2026-06-09T10:08:08Z] #630 attempt=1/2 status=200 0.434s url=https://www.myfonts.com/products/mishoto-complete-family-package-1162040
[2026-06-09T10:08:09Z] #631 attempt=1/2 status=200 0.528s url=https://www.myfonts.com/collections/mishoto-font-owl-king-project/
[2026-06-09T10:08:09Z] #632 attempt=1/2 status=200 0.261s url=https://www.myfonts.com/products/regular-padle-candy-1162178
[2026-06-09T10:08:10Z] #633 attempt=1/2 status=200 0.340s url=https://www.myfonts.com/collections/padle-candy-font-jolicia-type/
[2026-06-09T10:08:10Z] #634 attempt=1/2 status=200 0.280s url=https://www.myfonts.com/products/regular-conya-1162174
[2026-06-09T10:08:11Z] #635 attempt=1/2 status=200 0.306s url=https://www.myfonts.com/collections/conya-font-sensatype-studio/
[2026-06-09T10:08:11Z] #636 attempt=1/2 status=200 0.322s url=https://www.myfonts.com/products/regular-weird-radio-1162007
[2026-06-09T10:08:12Z] #637 attempt=1/2 status=200 0.258s url=https://www.myfonts.com/collections/weird-radio-font-epiclinez/
[2026-06-09T10:08:12Z] #638 attempt=1/2 status=200 0.257s url=https://www.myfonts.com/products/regular-jasendira-1162059
[2026-06-09T10:08:13Z] #639 attempt=1/2 status=200 0.294s url=https://www.myfonts.com/collections/jasendira-font-sealoung/
[2026-06-09T10:08:14Z] #640 attempt=1/2 status=200 0.298s url=https://www.myfonts.com/products/regular-kufication-root-1162035
[2026-06-09T10:08:14Z] #641 attempt=1/2 status=200 0.243s url=https://www.myfonts.com/collections/kufication-root-font-letterhanna-studio/
[2026-06-09T10:08:15Z] #642 attempt=1/6 status=200 0.754s url=https://www.myfonts.com/products.json?limit=100&page=20
[2026-06-09T10:08:16Z] #643 attempt=1/2 status=200 0.354s url=https://www.myfonts.com/products/regular-stolier-1162088
[2026-06-09T10:08:16Z] #644 attempt=1/2 status=200 0.335s url=https://www.myfonts.com/collections/stolier-font-letterhend/
[2026-06-09T10:08:17Z] #645 attempt=1/2 status=200 0.262s url=https://www.myfonts.com/products/regular-geliga-1162082
[2026-06-09T10:08:17Z] #646 attempt=1/2 status=200 0.249s url=https://www.myfonts.com/collections/geliga-font-sensatype-studio/
[2026-06-09T10:08:18Z] #647 attempt=1/2 status=200 0.313s url=https://www.myfonts.com/products/regular-vocentra-1162036
[2026-06-09T10:08:19Z] #648 attempt=1/2 status=200 0.253s url=https://www.myfonts.com/collections/vocentra-font-margi-studio/
[2026-06-09T10:08:19Z] #649 attempt=1/2 status=200 0.305s url=https://www.myfonts.com/products/pinky-girl-regular-pinky-girl-1162017
[2026-06-09T10:08:20Z] #650 attempt=1/2 status=200 0.296s url=https://www.myfonts.com/collections/pinky-girl-font-tertoecreative/
[2026-06-09T10:08:20Z] #651 attempt=1/2 status=200 0.242s url=https://www.myfonts.com/products/regular-norriex-1162126
[2026-06-09T10:08:21Z] #652 attempt=1/2 status=200 0.309s url=https://www.myfonts.com/collections/norriex-font-trabas-kriya/
[2026-06-09T10:08:22Z] #653 attempt=1/6 status=200 0.866s url=https://www.myfonts.com/products.json?limit=100&page=21
[2026-06-09T10:08:23Z] #654 attempt=1/2 status=200 0.415s url=https://www.myfonts.com/products/regular-akward-silly-1162098
[2026-06-09T10:08:23Z] #655 attempt=1/2 status=200 0.279s url=https://www.myfonts.com/collections/akward-silly-font-tini-fitriani/
[2026-06-09T10:08:24Z] #656 attempt=1/2 status=200 0.333s url=https://www.myfonts.com/products/giacomo-complete-family-package-1161700
[2026-06-09T10:08:25Z] #657 attempt=1/2 status=200 0.337s url=https://www.myfonts.com/collections/giacomo-font-struggle-studio/
[2026-06-09T10:08:25Z] #658 attempt=1/2 status=200 0.348s url=https://www.myfonts.com/products/victoriq-squad-complete-family-package-1161684
[2026-06-09T10:08:26Z] #659 attempt=1/2 status=200 0.492s url=https://www.myfonts.com/collections/victoriq-squad-font-maxart/
[2026-06-09T10:08:27Z] #660 attempt=1/2 status=200 0.429s url=https://www.myfonts.com/products/micher-complete-family-package-1161673
[2026-06-09T10:08:27Z] #661 attempt=1/2 status=200 0.356s url=https://www.myfonts.com/collections/micher-font-waftype/
[2026-06-09T10:08:28Z] #662 attempt=1/2 status=200 0.320s url=https://www.myfonts.com/products/solance-lite-package-1161671
[2026-06-09T10:08:29Z] #663 attempt=1/2 status=200 0.500s url=https://www.myfonts.com/collections/solance-serif-font-sans-and-sons/
[2026-06-09T10:08:29Z] #664 attempt=1/2 status=200 0.311s url=https://www.myfonts.com/products/awalunaki-complete-family-package-1161649
[2026-06-09T10:08:30Z] #665 attempt=1/2 status=200 0.359s url=https://www.myfonts.com/collections/awalunaki-font-unaki/
[2026-06-09T10:08:30Z] #666 attempt=1/2 status=200 0.393s url=https://www.myfonts.com/products/lokoxi-pro-package-1161647
[2026-06-09T10:08:31Z] #667 attempt=1/2 status=200 0.625s url=https://www.myfonts.com/collections/lokoxi-pro-font-anfound-type/
[2026-06-09T10:08:32Z] #668 attempt=1/2 status=200 0.323s url=https://www.myfonts.com/products/lazy-frogs-complete-family-package-1161654
[2026-06-09T10:08:33Z] #669 attempt=1/2 status=200 0.330s url=https://www.myfonts.com/collections/lazy-frogs-font-koplexs-studio/
[2026-06-09T10:08:33Z] #670 attempt=1/2 status=200 0.329s url=https://www.myfonts.com/products/murisa-yokata-complete-family-package-1161706
[2026-06-09T10:08:34Z] #671 attempt=1/2 status=200 0.398s url=https://www.myfonts.com/collections/murisa-yokata-font-murisa-studio/
[2026-06-09T10:08:35Z] #672 attempt=1/2 status=200 0.435s url=https://www.myfonts.com/products/back-beat-tight-and-loose-complete-family-package-1161610
[2026-06-09T10:08:35Z] #673 attempt=1/2 status=200 0.628s url=https://www.myfonts.com/collections/back-beat-tight-and-loose-font-comicraft/
[2026-06-09T10:08:36Z] #674 attempt=1/2 status=200 0.317s url=https://www.myfonts.com/products/mltp-fromgk-expanded-complete-family-package-1161611
[2026-06-09T10:08:37Z] #675 attempt=1/2 status=200 0.344s url=https://www.myfonts.com/collections/mltp-fromgk-expanded-font-multype-studio/
[2026-06-09T10:08:37Z] #676 attempt=1/2 status=200 0.295s url=https://www.myfonts.com/products/dennya-complete-family-package-1161657
[2026-06-09T10:08:37Z] #677 attempt=1/2 status=429 0.048s url=https://www.myfonts.com/collections/dennya-font-tini-fitriani/
[2026-06-09T10:08:40Z] #678 attempt=2/2 status=429 0.061s url=https://www.myfonts.com/collections/dennya-font-tini-fitriani/
[2026-06-09T10:08:45Z] max_retries_exhausted url=https://www.myfonts.com/collections/dennya-font-tini-fitriani/
[2026-06-09T10:08:45Z] #679 attempt=1/2 status=429 0.064s url=https://www.myfonts.com/products/anger-complete-family-package-1161692
[2026-06-09T10:08:47Z] #680 attempt=2/2 status=429 0.087s url=https://www.myfonts.com/products/anger-complete-family-package-1161692
[2026-06-09T10:08:52Z] max_retries_exhausted url=https://www.myfonts.com/products/anger-complete-family-package-1161692
[2026-06-09T10:08:53Z] #681 attempt=1/2 status=429 0.079s url=https://www.myfonts.com/collections/anger-font-vampstudio
[2026-06-09T10:08:55Z] #682 attempt=2/2 status=200 0.633s url=https://www.myfonts.com/collections/anger-font-vampstudio
[2026-06-09T10:08:56Z] #683 attempt=1/2 status=429 0.027s url=https://www.myfonts.com/products/subway-berlin-complete-family-package-1161697
[2026-06-09T10:08:58Z] #684 attempt=2/2 status=429 0.073s url=https://www.myfonts.com/products/subway-berlin-complete-family-package-1161697
[2026-06-09T10:09:03Z] max_retries_exhausted url=https://www.myfonts.com/products/subway-berlin-complete-family-package-1161697
[2026-06-09T10:09:04Z] #685 attempt=1/2 status=200 0.554s url=https://www.myfonts.com/collections/subway-berlin-font-mei-suseno
[2026-06-09T10:09:04Z] #686 attempt=1/2 status=200 0.408s url=https://www.myfonts.com/products/ft-monogrid-complete-family-package-1161660
[2026-06-09T10:09:05Z] #687 attempt=1/2 status=200 0.356s url=https://www.myfonts.com/collections/ft-monogrid-font-firstype-studio/
[2026-06-09T10:09:06Z] #688 attempt=1/2 status=200 0.315s url=https://www.myfonts.com/products/regular-cindervale-1161683
[2026-06-09T10:09:06Z] #689 attempt=1/2 status=200 0.307s url=https://www.myfonts.com/collections/cindervale-font-letterhanna-studio/
[2026-06-09T10:09:07Z] #690 attempt=1/2 status=200 0.319s url=https://www.myfonts.com/products/regular-lemon-chomp-1161711
[2026-06-09T10:09:07Z] #691 attempt=1/2 status=200 0.386s url=https://www.myfonts.com/collections/lemon-chomp-font-sipanji21/
[2026-06-09T10:09:08Z] #692 attempt=1/2 status=200 0.343s url=https://www.myfonts.com/products/regular-amsahoney-1161652
[2026-06-09T10:09:09Z] #693 attempt=1/2 status=200 0.265s url=https://www.myfonts.com/collections/amsahoney-font-sealoung/
[2026-06-09T10:09:09Z] #694 attempt=1/2 status=200 0.294s url=https://www.myfonts.com/products/regular-melgank-1161681
[2026-06-09T10:09:09Z] #695 attempt=1/2 status=429 0.043s url=https://www.myfonts.com/collections/melgank-font-only-fonts/
[2026-06-09T10:09:12Z] #696 attempt=2/2 status=200 0.270s url=https://www.myfonts.com/collections/melgank-font-only-fonts/
[2026-06-09T10:09:12Z] #697 attempt=1/2 status=200 0.289s url=https://www.myfonts.com/products/regular-romantis-1161680
[2026-06-09T10:09:13Z] #698 attempt=1/2 status=200 0.354s url=https://www.myfonts.com/collections/romantis-font-jaruka-creative/
[2026-06-09T10:09:14Z] #699 attempt=1/2 status=200 0.294s url=https://www.myfonts.com/products/regular-zfhalcyon-1161632
[2026-06-09T10:09:14Z] #700 attempt=1/2 status=200 0.253s url=https://www.myfonts.com/collections/zfhalcyon-font-zoofont/
[2026-06-09T10:09:14Z] #701 attempt=1/2 status=429 0.030s url=https://www.myfonts.com/products/regular-jamoa-script-1161691
[2026-06-09T10:09:17Z] #702 attempt=2/2 status=200 0.332s url=https://www.myfonts.com/products/regular-jamoa-script-1161691
[2026-06-09T10:09:17Z] #703 attempt=1/2 status=200 0.247s url=https://www.myfonts.com/collections/jamoa-script-font-four-lines-std/
[2026-06-09T10:09:18Z] #704 attempt=1/2 status=200 0.293s url=https://www.myfonts.com/products/regular-elmarn-1161634
[2026-06-09T10:09:19Z] #705 attempt=1/2 status=200 0.357s url=https://www.myfonts.com/collections/elmarn-font-only-fonts/
[2026-06-09T10:09:19Z] #706 attempt=1/2 status=200 0.317s url=https://www.myfonts.com/products/regular-holfont-1161682
[2026-06-09T10:09:19Z] #707 attempt=1/2 status=429 0.027s url=https://www.myfonts.com/collections/holfont-font-only-fonts/
[2026-06-09T10:09:22Z] #708 attempt=2/2 status=200 0.359s url=https://www.myfonts.com/collections/holfont-font-only-fonts/
[2026-06-09T10:09:23Z] #709 attempt=1/2 status=200 0.332s url=https://www.myfonts.com/products/regular-mat-cho-1161690
[2026-06-09T10:09:23Z] #710 attempt=1/2 status=200 0.266s url=https://www.myfonts.com/collections/mat-cho-font-canden-meutuah/
[2026-06-09T10:09:24Z] #711 attempt=1/2 status=200 0.269s url=https://www.myfonts.com/products/regular-father-punker-1161712
[2026-06-09T10:09:24Z] #712 attempt=1/2 status=200 0.330s url=https://www.myfonts.com/collections/father-punker-font-sipanji21/
[2026-06-09T10:09:25Z] #713 attempt=1/2 status=429 0.078s url=https://www.myfonts.com/products/regular-mozathia-1161705
[2026-06-09T10:09:27Z] #714 attempt=2/2 status=200 0.328s url=https://www.myfonts.com/products/regular-mozathia-1161705
[2026-06-09T10:09:28Z] #715 attempt=1/2 status=200 0.251s url=https://www.myfonts.com/collections/mozathia-font-denustudio/
[2026-06-09T10:09:29Z] #716 attempt=1/6 status=200 0.827s url=https://www.myfonts.com/products.json?limit=100&page=22
[2026-06-09T10:09:30Z] #717 attempt=1/2 status=200 0.337s url=https://www.myfonts.com/products/regular-feral-glyph-1161704
[2026-06-09T10:09:30Z] #718 attempt=1/2 status=200 0.252s url=https://www.myfonts.com/collections/feral-glyph-font-atom/
[2026-06-09T10:09:31Z] #719 attempt=1/2 status=200 0.266s url=https://www.myfonts.com/products/regular-minggo-plays-1161653
[2026-06-09T10:09:31Z] #720 attempt=1/2 status=200 0.252s url=https://www.myfonts.com/collections/minggo-plays-font-tini-fitriani/
[2026-06-09T10:09:31Z] #721 attempt=1/2 status=429 0.042s url=https://www.myfonts.com/products/bublo-complete-family-package-1161607
[2026-06-09T10:09:34Z] #722 attempt=2/2 status=200 0.394s url=https://www.myfonts.com/products/bublo-complete-family-package-1161607
[2026-06-09T10:09:35Z] #723 attempt=1/2 status=200 0.394s url=https://www.myfonts.com/collections/bublo-font-divora-type/
[2026-06-09T10:09:35Z] #724 attempt=1/2 status=200 0.420s url=https://www.myfonts.com/products/magic-target-complete-family-package-1160901
[2026-06-09T10:09:36Z] #725 attempt=1/2 status=200 0.451s url=https://www.myfonts.com/collections/magic-target-font-timelesstype-studio/
[2026-06-09T10:09:36Z] #726 attempt=1/2 status=200 0.275s url=https://www.myfonts.com/products/wildwords-complete-family-package-1161494
[2026-06-09T10:09:37Z] #727 attempt=1/2 status=200 0.367s url=https://www.myfonts.com/collections/wild-words-font-comicraft/
[2026-06-09T10:09:37Z] #728 attempt=1/2 status=429 0.036s url=https://www.myfonts.com/products/foermality-rounded-outline-complete-family-package-1160985
[2026-06-09T10:09:40Z] #729 attempt=2/2 status=200 0.394s url=https://www.myfonts.com/products/foermality-rounded-outline-complete-family-package-1160985
[2026-06-09T10:09:41Z] #730 attempt=1/2 status=200 0.434s url=https://www.myfonts.com/collections/foermality-rounded-outline-font-laroyba-type/
[2026-06-09T10:09:41Z] #731 attempt=1/2 status=200 0.332s url=https://www.myfonts.com/products/hush-hush-complete-family-package-1161489
[2026-06-09T10:09:42Z] #732 attempt=1/2 status=200 0.430s url=https://www.myfonts.com/collections/hush-hush-font-comicraft/
[2026-06-09T10:09:43Z] #733 attempt=1/2 status=200 0.343s url=https://www.myfonts.com/products/scarnix-complete-family-package-1160870
[2026-06-09T10:09:43Z] #734 attempt=1/2 status=200 0.333s url=https://www.myfonts.com/collections/scarnix-font-letterara/
[2026-06-09T10:09:43Z] #735 attempt=1/2 status=429 0.029s url=https://www.myfonts.com/products/biarty-complete-family-package-1160960
[2026-06-09T10:09:46Z] #736 attempt=2/2 status=200 0.438s url=https://www.myfonts.com/products/biarty-complete-family-package-1160960
[2026-06-09T10:09:47Z] #737 attempt=1/2 status=200 0.497s url=https://www.myfonts.com/collections/biarty-font-nollev/
[2026-06-09T10:09:48Z] #738 attempt=1/2 status=200 0.298s url=https://www.myfonts.com/products/cyber-copix-complete-family-package-1161016
[2026-06-09T10:09:48Z] #739 attempt=1/2 status=200 0.388s url=https://www.myfonts.com/collections/cyber-copix-font-afkari-studio/
[2026-06-09T10:09:49Z] #740 attempt=1/2 status=200 0.325s url=https://www.myfonts.com/products/sunday-radio-complete-family-package-1161007
[2026-06-09T10:09:49Z] #741 attempt=1/2 status=200 0.394s url=https://www.myfonts.com/collections/sunday-radio-font-sixtype-foundry/
[2026-06-09T10:09:50Z] #742 attempt=1/2 status=200 0.468s url=https://www.myfonts.com/products/snocky-complete-family-package-1160908
[2026-06-09T10:09:50Z] #743 attempt=1/2 status=429 0.028s url=https://www.myfonts.com/collections/snocky-font-sensatype-studio/
[2026-06-09T10:09:53Z] #744 attempt=2/2 status=200 0.174s url=https://www.myfonts.com/collections/snocky-font-sensatype-studio/
[2026-06-09T10:09:53Z] #745 attempt=1/2 status=200 0.318s url=https://www.myfonts.com/products/jankora-street-complete-family-package-1160921
[2026-06-09T10:09:54Z] #746 attempt=1/2 status=200 0.477s url=https://www.myfonts.com/collections/jankora-street-font-sipanji21/
[2026-06-09T10:09:55Z] #747 attempt=1/2 status=200 0.308s url=https://www.myfonts.com/products/racole-complete-family-package-1160955
[2026-06-09T10:09:55Z] #748 attempt=1/2 status=200 0.520s url=https://www.myfonts.com/collections/racole-font-artisan-themes/
[2026-06-09T10:09:56Z] #749 attempt=1/2 status=200 0.539s url=https://www.myfonts.com/products/gabriel-bautista-complete-family-package-1161480
[2026-06-09T10:09:57Z] #750 attempt=1/2 status=200 0.711s url=https://www.myfonts.com/collections/gabriel-bautista-font-comicraft/
[2026-06-09T10:09:58Z] #751 attempt=1/2 status=200 0.445s url=https://www.myfonts.com/products/orlive-complete-family-package-1160904
[2026-06-09T10:09:58Z] #752 attempt=1/2 status=429 0.030s url=https://www.myfonts.com/collections/orlive-font-flavortype/
[2026-06-09T10:10:01Z] #753 attempt=2/2 status=200 0.427s url=https://www.myfonts.com/collections/orlive-font-flavortype/
[2026-06-09T10:10:01Z] #754 attempt=1/2 status=200 0.332s url=https://www.myfonts.com/products/istarot-complete-family-package-1160867
[2026-06-09T10:10:02Z] #755 attempt=1/2 status=200 0.509s url=https://www.myfonts.com/collections/istarot-font-letterara/
[2026-06-09T10:10:03Z] #756 attempt=1/2 status=200 0.519s url=https://www.myfonts.com/products/richeks-kosta-complete-family-package-1160913
[2026-06-09T10:10:04Z] #757 attempt=1/2 status=200 0.364s url=https://www.myfonts.com/collections/richeks-kosta-font-timelesstype-studio/
[2026-06-09T10:10:04Z] #758 attempt=1/2 status=200 0.364s url=https://www.myfonts.com/products/ravok-complete-family-package-1160864
[2026-06-09T10:10:05Z] #759 attempt=1/2 status=429 0.029s url=https://www.myfonts.com/collections/ravok-font-letterara/
[2026-06-09T10:10:07Z] #760 attempt=2/2 status=200 0.422s url=https://www.myfonts.com/collections/ravok-font-letterara/
[2026-06-09T10:10:08Z] #761 attempt=1/2 status=200 0.348s url=https://www.myfonts.com/products/arunela-complete-family-package-1160854
[2026-06-09T10:10:08Z] #762 attempt=1/2 status=200 0.468s url=https://www.myfonts.com/collections/arunela-font-letterara/
[2026-06-09T10:10:11Z] #763 attempt=1/2 status=200 1.732s url=https://www.myfonts.com/products/aukim-ii-child-complete-family-package-1161244
[2026-06-09T10:10:13Z] #764 attempt=1/2 status=200 1.906s url=https://www.myfonts.com/collections/aukim-ii-child-font-aukimvisuel/
[2026-06-09T10:10:14Z] #765 attempt=1/2 status=200 0.414s url=https://www.myfonts.com/products/redcliff-campwood-complete-family-package-1161010
[2026-06-09T10:10:15Z] #766 attempt=1/2 status=200 0.581s url=https://www.myfonts.com/collections/redcliff-campwood-font-din-studio/
[2026-06-09T10:10:16Z] #767 attempt=1/2 status=200 0.474s url=https://www.myfonts.com/products/rangers-complete-family-package-1160930
[2026-06-09T10:10:17Z] #768 attempt=1/2 status=200 0.596s url=https://www.myfonts.com/collections/rangers-font-syafbe/
[2026-06-09T10:10:17Z] #769 attempt=1/2 status=200 0.418s url=https://www.myfonts.com/products/sadina-rounded-complete-family-package-1160875
[2026-06-09T10:10:18Z] #770 attempt=1/2 status=200 0.650s url=https://www.myfonts.com/collections/sadina-rounded-font-numidiatype/
[2026-06-09T10:10:19Z] #771 attempt=1/2 status=200 0.350s url=https://www.myfonts.com/products/florevia-complete-family-package-1160916
[2026-06-09T10:10:19Z] #772 attempt=1/2 status=200 0.356s url=https://www.myfonts.com/collections/florevia-font-din-studio/
[2026-06-09T10:10:20Z] #773 attempt=1/2 status=200 0.357s url=https://www.myfonts.com/products/orkaviel-complete-family-package-1160857
[2026-06-09T10:10:21Z] #774 attempt=1/2 status=200 0.333s url=https://www.myfonts.com/collections/orkaviel-font-letterara/
[2026-06-09T10:10:21Z] #775 attempt=1/2 status=200 0.314s url=https://www.myfonts.com/products/vion-modern-complete-family-package-1160898
[2026-06-09T10:10:22Z] #776 attempt=1/2 status=200 0.397s url=https://www.myfonts.com/collections/vion-modern-font-illushvara/
[2026-06-09T10:10:23Z] #777 attempt=1/2 status=200 0.382s url=https://www.myfonts.com/products/mechabloq-complete-family-package-1160980
[2026-06-09T10:10:23Z] #778 attempt=1/2 status=429 0.035s url=https://www.myfonts.com/collections/mechabloq-font-mystical-type/
[2026-06-09T10:10:26Z] #779 attempt=2/2 status=200 0.689s url=https://www.myfonts.com/collections/mechabloq-font-mystical-type/
[2026-06-09T10:10:26Z] #780 attempt=1/2 status=200 0.372s url=https://www.myfonts.com/products/maisonelle-complete-family-package-1160860
[2026-06-09T10:10:27Z] #781 attempt=1/2 status=200 0.325s url=https://www.myfonts.com/collections/maisonelle-font-letterara/
[2026-06-09T10:10:28Z] #782 attempt=1/2 status=200 0.517s url=https://www.myfonts.com/products/mexcup-complete-family-package-1160891
[2026-06-09T10:10:28Z] #783 attempt=1/2 status=200 0.387s url=https://www.myfonts.com/collections/mexcup-font-ixipcalli/
[2026-06-09T10:10:29Z] #784 attempt=1/2 status=200 0.425s url=https://www.myfonts.com/products/regular-carmelio-1160927
[2026-06-09T10:10:30Z] #785 attempt=1/2 status=200 0.304s url=https://www.myfonts.com/collections/carmelio-font-clevus/
[2026-06-09T10:10:31Z] #786 attempt=1/2 status=200 0.535s url=https://www.myfonts.com/products/regular-mignova-1160912
[2026-06-09T10:10:31Z] #787 attempt=1/2 status=429 0.093s url=https://www.myfonts.com/collections/mignova-font-sipanji21/
[2026-06-09T10:10:33Z] #788 attempt=2/2 status=200 0.285s url=https://www.myfonts.com/collections/mignova-font-sipanji21/
[2026-06-09T10:10:34Z] #789 attempt=1/2 status=200 0.295s url=https://www.myfonts.com/products/regular-monari-1160863
[2026-06-09T10:10:34Z] #790 attempt=1/2 status=200 0.246s url=https://www.myfonts.com/collections/monari-font-bentype/
[2026-06-09T10:10:35Z] #791 attempt=1/2 status=200 0.296s url=https://www.myfonts.com/products/regular-florea-1160920
[2026-06-09T10:10:35Z] #792 attempt=1/2 status=200 0.303s url=https://www.myfonts.com/collections/florea-font-sixtype-foundry/
[2026-06-09T10:10:36Z] #793 attempt=1/2 status=429 0.028s url=https://www.myfonts.com/products/regular-desdemona-1160919
[2026-06-09T10:10:38Z] #794 attempt=2/2 status=200 0.320s url=https://www.myfonts.com/products/regular-desdemona-1160919
[2026-06-09T10:10:39Z] #795 attempt=1/2 status=200 0.368s url=https://www.myfonts.com/collections/desdemona-font-sixtype-foundry/
[2026-06-09T10:10:40Z] #796 attempt=1/6 status=200 0.784s url=https://www.myfonts.com/products.json?limit=100&page=23
[2026-06-09T10:10:42Z] #797 attempt=1/6 status=200 0.803s url=https://www.myfonts.com/products.json?limit=100&page=24
[2026-06-09T10:10:42Z] #798 attempt=1/2 status=200 0.262s url=https://www.myfonts.com/products/regular-bravco-1160907
[2026-06-09T10:10:43Z] #799 attempt=1/2 status=200 0.232s url=https://www.myfonts.com/collections/bravco-font-sensatype-studio/
[2026-06-09T10:10:43Z] #800 attempt=1/2 status=200 0.279s url=https://www.myfonts.com/products/regular-celrune-1161006
[2026-06-09T10:10:44Z] #801 attempt=1/2 status=200 0.241s url=https://www.myfonts.com/collections/celrune-font-only-fonts/
[2026-06-09T10:10:44Z] #802 attempt=1/2 status=429 0.033s url=https://www.myfonts.com/products/standard-busta-1160874
[2026-06-09T10:10:46Z] #803 attempt=2/2 status=200 0.321s url=https://www.myfonts.com/products/standard-busta-1160874
[2026-06-09T10:10:47Z] #804 attempt=1/2 status=200 0.269s url=https://www.myfonts.com/collections/busta-font-bentype/
[2026-06-09T10:10:48Z] #805 attempt=1/6 status=200 0.789s url=https://www.myfonts.com/products.json?limit=100&page=25
[2026-06-09T10:10:49Z] #806 attempt=1/2 status=200 0.301s url=https://www.myfonts.com/products/regular-regotta-1160928
[2026-06-09T10:10:49Z] #807 attempt=1/2 status=200 0.280s url=https://www.myfonts.com/collections/regotta-font-rasio-studio/
[2026-06-09T10:10:50Z] #808 attempt=1/2 status=200 0.370s url=https://www.myfonts.com/products/regular-panicmode-1160979
[2026-06-09T10:10:50Z] #809 attempt=1/2 status=429 0.029s url=https://www.myfonts.com/collections/panicmode-font-inviline/
[2026-06-09T10:10:53Z] #810 attempt=2/2 status=200 0.342s url=https://www.myfonts.com/collections/panicmode-font-inviline/
[2026-06-09T10:10:53Z] #811 attempt=1/2 status=200 0.302s url=https://www.myfonts.com/products/regular-starley-1160929
[2026-06-09T10:10:54Z] #812 attempt=1/2 status=200 0.223s url=https://www.myfonts.com/collections/starley-font-sensatype-studio/
[2026-06-09T10:10:54Z] #813 attempt=1/2 status=200 0.290s url=https://www.myfonts.com/products/italic-rmu-trifels-1161479
[2026-06-09T10:10:55Z] #814 attempt=1/2 status=200 0.275s url=https://www.myfonts.com/collections/rmu-trifels-font-rmu/
[2026-06-09T10:10:55Z] #815 attempt=1/2 status=429 0.028s url=https://www.myfonts.com/products/regular-rekova-marove-1160873
[2026-06-09T10:10:58Z] #816 attempt=2/2 status=200 0.299s url=https://www.myfonts.com/products/regular-rekova-marove-1160873
[2026-06-09T10:10:58Z] #817 attempt=1/2 status=200 0.277s url=https://www.myfonts.com/collections/rekova-marove-font-sototive/
[2026-06-09T10:11:00Z] #818 attempt=1/2 status=200 1.283s url=https://www.myfonts.com/products/circular-sketchy-orionus-1161077
[2026-06-09T10:11:01Z] #819 attempt=1/2 status=200 1.152s url=https://www.myfonts.com/collections/orionus-font-alpercakici/
[2026-06-09T10:11:02Z] summary releases=0 first_429=(71, 'https://www.myfonts.com/collections/the-grateful-party-font-sloulyfe-studio/', 0.03200984001159668) log_file=state/myfonts_run_20260609_095847.log
[2026-06-09T10:11:02Z] === MyFonts crawl end ===
